{"type":"FeatureCollection","features":[{"type":"Feature","geometry":{"type":"Polygon","coordinates":[[[78.310146,17.487668],[78.310024,17.487671],[78.310022,17.487586],[78.310143,17.487583],[78.310146,17.487668]]]},"properties":{"id":"9c93f9022fae","height":null,"num_floors":null,"render_height_m":9.6,"height_label":"assumed"}},{"type":"Feature","geometry":{"type":"Polygon","coordinates":[[[78.311004,17.485529],[78.310887,17.48552],[78.310895,17.48543],[78.311012,17.485439],[78.311004,17.485529]]]},"properties":{"id":"2cbc8a77c2ed","height":null,"num_floors":null,"render_height_m":9.6,"height_label":"assumed"}},{"type":"Feature","geometry":{"type":"Polygon","coordinates":[[[78.311014,17.48542],[78.310896,17.485411],[78.310904,17.485321],[78.311021,17.48533],[78.311014,17.48542]]]},"properties":{"id":"cc5fefed17ca","height":null,"num_floors":null,"render_height_m":9.6,"height_label":"assumed"}},{"type":"Feature","geometry":{"type":"Polygon","coordinates":[[[78.310784,17.485483],[78.310666,17.485474],[78.310674,17.485385],[78.310791,17.485394],[78.310784,17.485483]]]},"properties":{"id":"42975c42639a","height":null,"num_floors":null,"render_height_m":9.6,"height_label":"assumed"}},{"type":"Feature","geometry":{"type":"Polygon","coordinates":[[[78.310637,17.485475],[78.310519,17.485466],[78.310527,17.485377],[78.310644,17.485386],[78.310637,17.485475]]]},"properties":{"id":"e478ea03e58c","height":null,"num_floors":null,"render_height_m":9.6,"height_label":"assumed"}},{"type":"Feature","geometry":{"type":"Polygon","coordinates":[[[78.310056,17.485427],[78.309952,17.485419],[78.309965,17.485276],[78.310069,17.485285],[78.310056,17.485427]]]},"properties":{"id":"1b851edf49a6","height":null,"num_floors":null,"render_height_m":9.6,"height_label":"assumed"}},{"type":"Feature","geometry":{"type":"Polygon","coordinates":[[[78.31017,17.485436],[78.310066,17.48543],[78.310075,17.485287],[78.310179,17.485294],[78.31017,17.485436]]]},"properties":{"id":"39f9ef4f86b6","height":null,"num_floors":null,"render_height_m":9.6,"height_label":"assumed"}},{"type":"Feature","geometry":{"type":"Polygon","coordinates":[[[78.310285,17.485448],[78.310181,17.485441],[78.310191,17.485299],[78.310295,17.485305],[78.310285,17.485448]]]},"properties":{"id":"a5d80729d4b9","height":null,"num_floors":null,"render_height_m":9.6,"height_label":"assumed"}},{"type":"Feature","geometry":{"type":"Polygon","coordinates":[[[78.310397,17.485463],[78.310296,17.485456],[78.310306,17.485314],[78.310407,17.48532],[78.310397,17.485463]]]},"properties":{"id":"a1b31e958aeb","height":null,"num_floors":null,"render_height_m":9.6,"height_label":"assumed"}},{"type":"Feature","geometry":{"type":"Polygon","coordinates":[[[78.310409,17.485232],[78.310291,17.485222],[78.310299,17.485133],[78.310416,17.485142],[78.310409,17.485232]]]},"properties":{"id":"ae04d2156393","height":null,"num_floors":null,"render_height_m":9.6,"height_label":"assumed"}},{"type":"Feature","geometry":{"type":"Polygon","coordinates":[[[78.310418,17.485122],[78.3103,17.485113],[78.310308,17.485024],[78.310425,17.485033],[78.310418,17.485122]]]},"properties":{"id":"6b8d5bc0bebe","height":null,"num_floors":null,"render_height_m":9.6,"height_label":"assumed"}},{"type":"Feature","geometry":{"type":"Polygon","coordinates":[[[78.310262,17.485224],[78.310145,17.485215],[78.310152,17.485125],[78.310269,17.485134],[78.310262,17.485224]]]},"properties":{"id":"ca21580025eb","height":null,"num_floors":null,"render_height_m":9.6,"height_label":"assumed"}},{"type":"Feature","geometry":{"type":"Polygon","coordinates":[[[78.310271,17.485115],[78.310154,17.485105],[78.310161,17.485016],[78.310278,17.485025],[78.310271,17.485115]]]},"properties":{"id":"fd5e394c1c35","height":null,"num_floors":null,"render_height_m":9.6,"height_label":"assumed"}},{"type":"Feature","geometry":{"type":"Polygon","coordinates":[[[78.310055,17.485198],[78.309937,17.485192],[78.309943,17.485094],[78.31006,17.4851],[78.310055,17.485198]]]},"properties":{"id":"6416644cb056","height":null,"num_floors":null,"render_height_m":9.6,"height_label":"assumed"}},{"type":"Feature","geometry":{"type":"Polygon","coordinates":[[[78.310063,17.485087],[78.309945,17.485084],[78.309949,17.484987],[78.310066,17.48499],[78.310063,17.485087]]]},"properties":{"id":"833d1b6010ee","height":null,"num_floors":null,"render_height_m":9.6,"height_label":"assumed"}},{"type":"Feature","geometry":{"type":"Polygon","coordinates":[[[78.31007,17.484981],[78.309952,17.484977],[78.309956,17.484873],[78.310074,17.484877],[78.31007,17.484981]]]},"properties":{"id":"800166232efc","height":null,"num_floors":null,"render_height_m":9.6,"height_label":"assumed"}},{"type":"Feature","geometry":{"type":"Polygon","coordinates":[[[78.310081,17.484862],[78.309963,17.484859],[78.309967,17.48476],[78.310084,17.484764],[78.310081,17.484862]]]},"properties":{"id":"03e6730b10ac","height":null,"num_floors":null,"render_height_m":9.6,"height_label":"assumed"}},{"type":"Feature","geometry":{"type":"Polygon","coordinates":[[[78.310283,17.485009],[78.310166,17.485],[78.310173,17.48491],[78.310291,17.484919],[78.310283,17.485009]]]},"properties":{"id":"96cb716b5718","height":null,"num_floors":null,"render_height_m":9.6,"height_label":"assumed"}},{"type":"Feature","geometry":{"type":"Polygon","coordinates":[[[78.310288,17.484898],[78.31017,17.484889],[78.310178,17.4848],[78.310295,17.484809],[78.310288,17.484898]]]},"properties":{"id":"eb151aeb4b74","height":null,"num_floors":null,"render_height_m":9.6,"height_label":"assumed"}},{"type":"Feature","geometry":{"type":"Polygon","coordinates":[[[78.310434,17.484906],[78.310317,17.484897],[78.310325,17.484807],[78.310442,17.484817],[78.310434,17.484906]]]},"properties":{"id":"07c6f9a17785","height":null,"num_floors":null,"render_height_m":9.6,"height_label":"assumed"}},{"type":"Feature","geometry":{"type":"Polygon","coordinates":[[[78.310673,17.484899],[78.310572,17.484891],[78.310581,17.484781],[78.310682,17.484789],[78.310673,17.484899]]]},"properties":{"id":"924ca56e4264","height":null,"num_floors":null,"render_height_m":9.6,"height_label":"assumed"}},{"type":"Feature","geometry":{"type":"Polygon","coordinates":[[[78.31043,17.485017],[78.310313,17.485008],[78.31032,17.484918],[78.310438,17.484927],[78.31043,17.485017]]]},"properties":{"id":"09f747c5c7f3","height":null,"num_floors":null,"render_height_m":9.6,"height_label":"assumed"}},{"type":"Feature","geometry":{"type":"Polygon","coordinates":[[[78.310646,17.485366],[78.310529,17.485357],[78.310536,17.485268],[78.310654,17.485277],[78.310646,17.485366]]]},"properties":{"id":"77a6c390a8b8","height":null,"num_floors":null,"render_height_m":9.6,"height_label":"assumed"}},{"type":"Feature","geometry":{"type":"Polygon","coordinates":[[[78.310658,17.48526],[78.310541,17.485251],[78.310548,17.485162],[78.310666,17.485171],[78.310658,17.48526]]]},"properties":{"id":"708d0f70b56b","height":null,"num_floors":null,"render_height_m":9.6,"height_label":"assumed"}},{"type":"Feature","geometry":{"type":"Polygon","coordinates":[[[78.310611,17.485135],[78.31055,17.485129],[78.31056,17.485014],[78.310622,17.485019],[78.310611,17.485135]]]},"properties":{"id":"25d9f7156534","height":null,"num_floors":null,"render_height_m":9.6,"height_label":"assumed"}},{"type":"Feature","geometry":{"type":"Polygon","coordinates":[[[78.310692,17.485137],[78.31063,17.485132],[78.310641,17.485017],[78.310702,17.485022],[78.310692,17.485137]]]},"properties":{"id":"e2e233e4a881","height":null,"num_floors":null,"render_height_m":9.6,"height_label":"assumed"}},{"type":"Feature","geometry":{"type":"Polygon","coordinates":[[[78.310777,17.485145],[78.310716,17.48514],[78.310727,17.485024],[78.310788,17.48503],[78.310777,17.485145]]]},"properties":{"id":"f89d587f8a9e","height":null,"num_floors":null,"render_height_m":9.6,"height_label":"assumed"}},{"type":"Feature","geometry":{"type":"Polygon","coordinates":[[[78.310805,17.485268],[78.310688,17.485259],[78.310695,17.48517],[78.310813,17.485179],[78.310805,17.485268]]]},"properties":{"id":"984b6dd93440","height":null,"num_floors":null,"render_height_m":9.6,"height_label":"assumed"}},{"type":"Feature","geometry":{"type":"Polygon","coordinates":[[[78.310793,17.485374],[78.310676,17.485365],[78.310683,17.485276],[78.3108,17.485285],[78.310793,17.485374]]]},"properties":{"id":"807e0498e73c","height":null,"num_floors":null,"render_height_m":9.6,"height_label":"assumed"}},{"type":"Feature","geometry":{"type":"Polygon","coordinates":[[[78.311026,17.485314],[78.310908,17.485305],[78.310916,17.485215],[78.311033,17.485225],[78.311026,17.485314]]]},"properties":{"id":"d74062ebb82a","height":null,"num_floors":null,"render_height_m":9.6,"height_label":"assumed"}},{"type":"Feature","geometry":{"type":"Polygon","coordinates":[[[78.310784,17.484906],[78.310683,17.484898],[78.310692,17.484789],[78.310793,17.484796],[78.310784,17.484906]]]},"properties":{"id":"5e7c934f84cf","height":null,"num_floors":null,"render_height_m":9.6,"height_label":"assumed"}},{"type":"Feature","geometry":{"type":"Polygon","coordinates":[[[78.310891,17.48492],[78.31079,17.484912],[78.310799,17.484802],[78.3109,17.48481],[78.310891,17.48492]]]},"properties":{"id":"131d5ffbc776","height":null,"num_floors":null,"render_height_m":9.6,"height_label":"assumed"}},{"type":"Feature","geometry":{"type":"Polygon","coordinates":[[[78.311003,17.484932],[78.310902,17.484924],[78.310911,17.484814],[78.311012,17.484822],[78.311003,17.484932]]]},"properties":{"id":"c429e9d281c9","height":null,"num_floors":null,"render_height_m":9.6,"height_label":"assumed"}},{"type":"Feature","geometry":{"type":"Polygon","coordinates":[[[78.311114,17.484939],[78.311013,17.484931],[78.311022,17.484822],[78.311123,17.48483],[78.311114,17.484939]]]},"properties":{"id":"fb6ce3e8b17b","height":null,"num_floors":null,"render_height_m":9.6,"height_label":"assumed"}},{"type":"Feature","geometry":{"type":"Polygon","coordinates":[[[78.311221,17.484953],[78.31112,17.484945],[78.311129,17.484835],[78.31123,17.484843],[78.311221,17.484953]]]},"properties":{"id":"13ffdde58658","height":null,"num_floors":null,"render_height_m":9.6,"height_label":"assumed"}},{"type":"Feature","geometry":{"type":"Polygon","coordinates":[[[78.311229,17.484815],[78.311129,17.484807],[78.311138,17.484698],[78.311239,17.484705],[78.311229,17.484815]]]},"properties":{"id":"732dc1c81ab2","height":null,"num_floors":null,"render_height_m":9.6,"height_label":"assumed"}},{"type":"Feature","geometry":{"type":"Polygon","coordinates":[[[78.311454,17.48493],[78.311299,17.484923],[78.311303,17.484834],[78.311458,17.484841],[78.311454,17.48493]]]},"properties":{"id":"38fb9df3e3a4","height":null,"num_floors":null,"render_height_m":9.6,"height_label":"assumed"}},{"type":"Feature","geometry":{"type":"Polygon","coordinates":[[[78.311616,17.484826],[78.311499,17.484819],[78.311505,17.484715],[78.311623,17.484722],[78.311616,17.484826]]]},"properties":{"id":"39b042fa32a8","height":null,"num_floors":null,"render_height_m":9.6,"height_label":"assumed"}},{"type":"Feature","geometry":{"type":"Polygon","coordinates":[[[78.311614,17.484936],[78.311478,17.484928],[78.311485,17.484826],[78.311621,17.484834],[78.311614,17.484936]]]},"properties":{"id":"1d482a4148f2","height":null,"num_floors":null,"render_height_m":9.6,"height_label":"assumed"}},{"type":"Feature","geometry":{"type":"Polygon","coordinates":[[[78.311602,17.485035],[78.311477,17.485026],[78.311483,17.484937],[78.311609,17.484945],[78.311602,17.485035]]]},"properties":{"id":"06574779e73c","height":null,"num_floors":null,"render_height_m":9.6,"height_label":"assumed"}},{"type":"Feature","geometry":{"type":"Polygon","coordinates":[[[78.311425,17.485061],[78.311285,17.485052],[78.31129,17.484972],[78.311431,17.48498],[78.311425,17.485061]]]},"properties":{"id":"88fe1aac11f1","height":null,"num_floors":null,"render_height_m":9.6,"height_label":"assumed"}},{"type":"Feature","geometry":{"type":"Polygon","coordinates":[[[78.311422,17.48513],[78.311283,17.485123],[78.311286,17.48506],[78.311425,17.485066],[78.311422,17.48513]]]},"properties":{"id":"1c5f01d68db0","height":null,"num_floors":null,"render_height_m":9.6,"height_label":"assumed"}},{"type":"Feature","geometry":{"type":"Polygon","coordinates":[[[78.311408,17.48523],[78.311271,17.485221],[78.311278,17.485132],[78.311415,17.485141],[78.311408,17.48523]]]},"properties":{"id":"46394c685816","height":null,"num_floors":null,"render_height_m":9.6,"height_label":"assumed"}},{"type":"Feature","geometry":{"type":"Polygon","coordinates":[[[78.311588,17.485149],[78.311466,17.48514],[78.311474,17.485042],[78.311596,17.485051],[78.311588,17.485149]]]},"properties":{"id":"ecb5ec99c925","height":null,"num_floors":null,"render_height_m":9.6,"height_label":"assumed"}},{"type":"Feature","geometry":{"type":"Polygon","coordinates":[[[78.311579,17.485246],[78.311461,17.485238],[78.311469,17.485148],[78.311586,17.485157],[78.311579,17.485246]]]},"properties":{"id":"1e2eb4144e1f","height":null,"num_floors":null,"render_height_m":9.6,"height_label":"assumed"}},{"type":"Feature","geometry":{"type":"Polygon","coordinates":[[[78.311567,17.485357],[78.31145,17.485348],[78.311457,17.485259],[78.311575,17.485268],[78.311567,17.485357]]]},"properties":{"id":"342741287b78","height":null,"num_floors":null,"render_height_m":9.6,"height_label":"assumed"}},{"type":"Feature","geometry":{"type":"Polygon","coordinates":[[[78.311407,17.485353],[78.311266,17.485345],[78.311272,17.485255],[78.311413,17.485264],[78.311407,17.485353]]]},"properties":{"id":"0b11188f4642","height":null,"num_floors":null,"render_height_m":9.6,"height_label":"assumed"}},{"type":"Feature","geometry":{"type":"Polygon","coordinates":[[[78.311177,17.485198],[78.311115,17.485193],[78.311126,17.485078],[78.311188,17.485083],[78.311177,17.485198]]]},"properties":{"id":"0cd0ed61f479","height":null,"num_floors":null,"render_height_m":9.6,"height_label":"assumed"}},{"type":"Feature","geometry":{"type":"Polygon","coordinates":[[[78.311091,17.485191],[78.31103,17.485186],[78.31104,17.48507],[78.311102,17.485075],[78.311091,17.485191]]]},"properties":{"id":"17d44993e111","height":null,"num_floors":null,"render_height_m":9.6,"height_label":"assumed"}},{"type":"Feature","geometry":{"type":"Polygon","coordinates":[[[78.311011,17.485188],[78.310949,17.485183],[78.31096,17.485068],[78.311021,17.485073],[78.311011,17.485188]]]},"properties":{"id":"682c97b5119d","height":null,"num_floors":null,"render_height_m":9.6,"height_label":"assumed"}},{"type":"Feature","geometry":{"type":"Polygon","coordinates":[[[78.311173,17.485322],[78.311055,17.485313],[78.311063,17.485223],[78.31118,17.485232],[78.311173,17.485322]]]},"properties":{"id":"c8e95934e10b","height":null,"num_floors":null,"render_height_m":9.6,"height_label":"assumed"}},{"type":"Feature","geometry":{"type":"Polygon","coordinates":[[[78.31116,17.485428],[78.311043,17.485419],[78.31105,17.485329],[78.311168,17.485338],[78.31116,17.485428]]]},"properties":{"id":"dc02cfb4557b","height":null,"num_floors":null,"render_height_m":9.6,"height_label":"assumed"}},{"type":"Feature","geometry":{"type":"Polygon","coordinates":[[[78.311151,17.485537],[78.311034,17.485528],[78.311041,17.485438],[78.311159,17.485447],[78.311151,17.485537]]]},"properties":{"id":"d3e625c50243","height":null,"num_floors":null,"render_height_m":9.6,"height_label":"assumed"}},{"type":"Feature","geometry":{"type":"Polygon","coordinates":[[[78.311521,17.485571],[78.311403,17.485565],[78.311408,17.485475],[78.311526,17.485481],[78.311521,17.485571]]]},"properties":{"id":"48924a5d6efa","height":null,"num_floors":null,"render_height_m":9.6,"height_label":"assumed"}},{"type":"Feature","geometry":{"type":"Polygon","coordinates":[[[78.311379,17.485565],[78.311261,17.485556],[78.311269,17.485467],[78.311386,17.485476],[78.311379,17.485565]]]},"properties":{"id":"25dd94299e80","height":null,"num_floors":null,"render_height_m":9.6,"height_label":"assumed"}},{"type":"Feature","geometry":{"type":"Polygon","coordinates":[[[78.311384,17.485453],[78.311258,17.485444],[78.311266,17.485354],[78.311392,17.485364],[78.311384,17.485453]]]},"properties":{"id":"fc6ca1293d0b","height":null,"num_floors":null,"render_height_m":9.6,"height_label":"assumed"}},{"type":"Feature","geometry":{"type":"Polygon","coordinates":[[[78.311557,17.485474],[78.311439,17.485464],[78.311447,17.485375],[78.311564,17.485384],[78.311557,17.485474]]]},"properties":{"id":"869448fff42c","height":null,"num_floors":null,"render_height_m":9.6,"height_label":"assumed"}},{"type":"Feature","geometry":{"type":"Polygon","coordinates":[[[78.312129,17.485622],[78.312199,17.485625],[78.312198,17.485644],[78.312128,17.485641],[78.312129,17.485622]]]},"properties":{"id":"17d914b46a57","height":null,"num_floors":null,"render_height_m":6.4,"height_label":"assumed"}},{"type":"Feature","geometry":{"type":"Polygon","coordinates":[[[78.311669,17.484489],[78.311553,17.484482],[78.311562,17.484349],[78.311678,17.484357],[78.311669,17.484489]]]},"properties":{"id":"5d87d50d0877","height":null,"num_floors":null,"render_height_m":9.6,"height_label":"assumed"}},{"type":"Feature","geometry":{"type":"Polygon","coordinates":[[[78.31163,17.484624],[78.311529,17.484616],[78.311539,17.484506],[78.311639,17.484514],[78.31163,17.484624]]]},"properties":{"id":"94547917569a","height":null,"num_floors":null,"render_height_m":9.6,"height_label":"assumed"}},{"type":"Feature","geometry":{"type":"Polygon","coordinates":[[[78.311523,17.48461],[78.311422,17.484603],[78.311431,17.484493],[78.311532,17.484501],[78.311523,17.48461]]]},"properties":{"id":"74da388b86d5","height":null,"num_floors":null,"render_height_m":9.6,"height_label":"assumed"}},{"type":"Feature","geometry":{"type":"Polygon","coordinates":[[[78.311412,17.484603],[78.311311,17.484595],[78.31132,17.484485],[78.311421,17.484493],[78.311412,17.484603]]]},"properties":{"id":"43acaaaf3e48","height":null,"num_floors":null,"render_height_m":9.6,"height_label":"assumed"}},{"type":"Feature","geometry":{"type":"Polygon","coordinates":[[[78.311466,17.484799],[78.311325,17.484793],[78.31133,17.484693],[78.31147,17.484699],[78.311466,17.484799]]]},"properties":{"id":"62329ead2a26","height":null,"num_floors":null,"render_height_m":9.6,"height_label":"assumed"}},{"type":"Feature","geometry":{"type":"Polygon","coordinates":[[[78.311122,17.484802],[78.311021,17.484794],[78.311031,17.484684],[78.311132,17.484692],[78.311122,17.484802]]]},"properties":{"id":"b4cfe2677e0c","height":null,"num_floors":null,"render_height_m":9.6,"height_label":"assumed"}},{"type":"Feature","geometry":{"type":"Polygon","coordinates":[[[78.311082,17.48457],[78.310981,17.484562],[78.310991,17.484452],[78.311091,17.48446],[78.311082,17.48457]]]},"properties":{"id":"44284f3073bb","height":null,"num_floors":null,"render_height_m":9.6,"height_label":"assumed"}},{"type":"Feature","geometry":{"type":"Polygon","coordinates":[[[78.311193,17.484577],[78.311092,17.484569],[78.311102,17.48446],[78.311202,17.484467],[78.311193,17.484577]]]},"properties":{"id":"0a20a194eff9","height":null,"num_floors":null,"render_height_m":9.6,"height_label":"assumed"}},{"type":"Feature","geometry":{"type":"Polygon","coordinates":[[[78.3113,17.484591],[78.311199,17.484583],[78.311209,17.484473],[78.311309,17.484481],[78.3113,17.484591]]]},"properties":{"id":"57fb2f5cc5ba","height":null,"num_floors":null,"render_height_m":9.6,"height_label":"assumed"}},{"type":"Feature","geometry":{"type":"Polygon","coordinates":[[[78.311306,17.484436],[78.311205,17.484429],[78.311215,17.484295],[78.311316,17.484302],[78.311314,17.484327],[78.311306,17.484436]]]},"properties":{"id":"ac75f819f7fe","height":null,"num_floors":null,"render_height_m":9.6,"height_label":"assumed"}},{"type":"Feature","geometry":{"type":"Polygon","coordinates":[[[78.311067,17.4844],[78.310967,17.484394],[78.310975,17.484271],[78.311076,17.484277],[78.311067,17.4844]]]},"properties":{"id":"8fb2d736d8bd","height":null,"num_floors":null,"render_height_m":9.6,"height_label":"assumed"}},{"type":"Feature","geometry":{"type":"Polygon","coordinates":[[[78.31118,17.484412],[78.311079,17.484406],[78.311087,17.484283],[78.311203,17.48429],[78.311194,17.484413],[78.31118,17.484412]]]},"properties":{"id":"0f187077c0fe","height":null,"num_floors":null,"render_height_m":9.6,"height_label":"assumed"}},{"type":"Feature","geometry":{"type":"Polygon","coordinates":[[[78.311413,17.484439],[78.311312,17.48443],[78.311323,17.484307],[78.311424,17.484315],[78.311413,17.484439]]]},"properties":{"id":"59fd74724bfb","height":null,"num_floors":null,"render_height_m":9.6,"height_label":"assumed"}},{"type":"Feature","geometry":{"type":"Polygon","coordinates":[[[78.311543,17.484477],[78.311439,17.484471],[78.311447,17.484339],[78.311551,17.484345],[78.311543,17.484477]]]},"properties":{"id":"a9f4152f2d15","height":null,"num_floors":null,"render_height_m":9.6,"height_label":"assumed"}},{"type":"Feature","geometry":{"type":"Polygon","coordinates":[[[78.311524,17.48431],[78.311585,17.484316],[78.311582,17.484347],[78.311521,17.484342],[78.311524,17.48431]]]},"properties":{"id":"7a2ab83fed81","height":null,"num_floors":null,"render_height_m":6.4,"height_label":"assumed"}},{"type":"Feature","geometry":{"type":"Polygon","coordinates":[[[78.311311,17.484127],[78.311366,17.484132],[78.311361,17.484181],[78.311306,17.484177],[78.311311,17.484127]]]},"properties":{"id":"ab2a1a714d4b","height":null,"num_floors":null,"render_height_m":6.4,"height_label":"assumed"}},{"type":"Feature","geometry":{"type":"Polygon","coordinates":[[[78.311192,17.484121],[78.31129,17.48413],[78.311286,17.484173],[78.311188,17.484164],[78.311192,17.484121]]]},"properties":{"id":"4d2d302a08b3","height":null,"num_floors":null,"render_height_m":6.4,"height_label":"assumed"}},{"type":"Feature","geometry":{"type":"Polygon","coordinates":[[[78.311314,17.484089],[78.311307,17.484129],[78.311262,17.484122],[78.311269,17.484081],[78.311314,17.484089]]]},"properties":{"id":"8e2d9a467a66","height":null,"num_floors":null,"render_height_m":6.4,"height_label":"assumed"}},{"type":"Feature","geometry":{"type":"Polygon","coordinates":[[[78.311076,17.483721],[78.311104,17.483723],[78.3111,17.483772],[78.311072,17.48377],[78.311076,17.483721]]]},"properties":{"id":"11284126624a","height":null,"num_floors":null,"render_height_m":6.4,"height_label":"assumed"}},{"type":"Feature","geometry":{"type":"Polygon","coordinates":[[[78.312279,17.484061],[78.312168,17.484117],[78.312125,17.48404],[78.312236,17.483984],[78.312279,17.484061]]]},"properties":{"id":"cb3b34e9dc61","height":null,"num_floors":null,"render_height_m":9.6,"height_label":"assumed"}},{"type":"Feature","geometry":{"type":"Polygon","coordinates":[[[78.312225,17.483982],[78.312116,17.484036],[78.312077,17.483965],[78.312185,17.48391],[78.312225,17.483982]]]},"properties":{"id":"48d6b7807d13","height":null,"num_floors":null,"render_height_m":9.6,"height_label":"assumed"}},{"type":"Feature","geometry":{"type":"Polygon","coordinates":[[[78.312251,17.483772],[78.312151,17.483822],[78.312112,17.483754],[78.312213,17.483703],[78.312251,17.483772]]]},"properties":{"id":"e1650cd0a2d9","height":null,"num_floors":null,"render_height_m":9.6,"height_label":"assumed"}},{"type":"Feature","geometry":{"type":"Polygon","coordinates":[[[78.312145,17.483837],[78.31203,17.483895],[78.311987,17.483818],[78.312102,17.483759],[78.312145,17.483837]]]},"properties":{"id":"9413189de169","height":null,"num_floors":null,"render_height_m":9.6,"height_label":"assumed"}},{"type":"Feature","geometry":{"type":"Polygon","coordinates":[[[78.312095,17.483754],[78.31199,17.483807],[78.311951,17.483736],[78.312055,17.483684],[78.312095,17.483754]]]},"properties":{"id":"9ec59a9164b3","height":null,"num_floors":null,"render_height_m":9.6,"height_label":"assumed"}},{"type":"Feature","geometry":{"type":"Polygon","coordinates":[[[78.310093,17.483943],[78.309979,17.483937],[78.309986,17.483817],[78.3101,17.483823],[78.310093,17.483943]]]},"properties":{"id":"671337536a19","height":null,"num_floors":null,"render_height_m":9.6,"height_label":"assumed"}},{"type":"Feature","geometry":{"type":"Polygon","coordinates":[[[78.30996,17.484114],[78.30996,17.484104],[78.309967,17.483988],[78.310083,17.483995],[78.310073,17.484117],[78.30996,17.484114]]]},"properties":{"id":"355d47030bdb","height":null,"num_floors":null,"render_height_m":9.6,"height_label":"assumed"}},{"type":"Feature","geometry":{"type":"Polygon","coordinates":[[[78.310192,17.484138],[78.310081,17.484133],[78.310087,17.484001],[78.310199,17.484006],[78.310192,17.484138]]]},"properties":{"id":"74938a0d7ce4","height":null,"num_floors":null,"render_height_m":9.6,"height_label":"assumed"}},{"type":"Feature","geometry":{"type":"Polygon","coordinates":[[[78.310308,17.484143],[78.310202,17.484138],[78.310209,17.484006],[78.310315,17.484011],[78.310308,17.484143]]]},"properties":{"id":"4592cf630ac8","height":null,"num_floors":null,"render_height_m":9.6,"height_label":"assumed"}},{"type":"Feature","geometry":{"type":"Polygon","coordinates":[[[78.310295,17.483962],[78.310219,17.483958],[78.310226,17.483841],[78.310302,17.483845],[78.310295,17.483962]]]},"properties":{"id":"2324815db318","height":null,"num_floors":null,"render_height_m":9.6,"height_label":"assumed"}},{"type":"Feature","geometry":{"type":"Polygon","coordinates":[[[78.310217,17.483947],[78.310109,17.483943],[78.310113,17.48383],[78.310222,17.483834],[78.310217,17.483947]]]},"properties":{"id":"5003941fd430","height":null,"num_floors":null,"render_height_m":9.6,"height_label":"assumed"}},{"type":"Feature","geometry":{"type":"Polygon","coordinates":[[[78.310915,17.483789],[78.310815,17.483782],[78.310824,17.483672],[78.310925,17.48368],[78.310915,17.483789]]]},"properties":{"id":"a5453e7bdbbf","height":null,"num_floors":null,"render_height_m":9.6,"height_label":"assumed"}},{"type":"Feature","geometry":{"type":"Polygon","coordinates":[[[78.310742,17.483786],[78.310813,17.483791],[78.310811,17.483818],[78.31074,17.483813],[78.310742,17.483786]]]},"properties":{"id":"e3bf1784fc90","height":null,"num_floors":null,"render_height_m":6.4,"height_label":"assumed"}},{"type":"Feature","geometry":{"type":"Polygon","coordinates":[[[78.310795,17.483994],[78.310694,17.483987],[78.310703,17.483851],[78.310804,17.483857],[78.310795,17.483994]]]},"properties":{"id":"f52d80e5bc89","height":null,"num_floors":null,"render_height_m":9.6,"height_label":"assumed"}},{"type":"Feature","geometry":{"type":"Polygon","coordinates":[[[78.310936,17.484008],[78.310809,17.484001],[78.310818,17.483863],[78.310945,17.483871],[78.310936,17.484008]]]},"properties":{"id":"629f408ed508","height":null,"num_floors":null,"render_height_m":9.6,"height_label":"assumed"}},{"type":"Feature","geometry":{"type":"Polygon","coordinates":[[[78.310901,17.484201],[78.3108,17.484196],[78.310808,17.484054],[78.310909,17.484059],[78.310901,17.484201]]]},"properties":{"id":"57782f859a1b","height":null,"num_floors":null,"render_height_m":9.6,"height_label":"assumed"}},{"type":"Feature","geometry":{"type":"Polygon","coordinates":[[[78.310787,17.484196],[78.310686,17.48419],[78.310694,17.484056],[78.310795,17.484062],[78.310787,17.484196]]]},"properties":{"id":"5f2e3853297d","height":null,"num_floors":null,"render_height_m":9.6,"height_label":"assumed"}},{"type":"Feature","geometry":{"type":"Polygon","coordinates":[[[78.310663,17.484186],[78.31055,17.48418],[78.310558,17.484045],[78.310671,17.484051],[78.310663,17.484186]]]},"properties":{"id":"d3474de0cb3f","height":null,"num_floors":null,"render_height_m":9.6,"height_label":"assumed"}},{"type":"Feature","geometry":{"type":"Polygon","coordinates":[[[78.310679,17.483999],[78.310578,17.483994],[78.310585,17.483845],[78.310686,17.48385],[78.310679,17.483999]]]},"properties":{"id":"0980ed7741ee","height":null,"num_floors":null,"render_height_m":9.6,"height_label":"assumed"}},{"type":"Feature","geometry":{"type":"Polygon","coordinates":[[[78.310557,17.483988],[78.310456,17.483983],[78.310464,17.483839],[78.310565,17.483844],[78.310557,17.483988]]]},"properties":{"id":"137d870d43a0","height":null,"num_floors":null,"render_height_m":9.6,"height_label":"assumed"}},{"type":"Feature","geometry":{"type":"Polygon","coordinates":[[[78.310446,17.483986],[78.310355,17.483984],[78.310359,17.48384],[78.31045,17.483842],[78.310446,17.483986]]]},"properties":{"id":"0569fd29d5e6","height":null,"num_floors":null,"render_height_m":9.6,"height_label":"assumed"}},{"type":"Feature","geometry":{"type":"Polygon","coordinates":[[[78.310434,17.484154],[78.310317,17.484149],[78.310322,17.484039],[78.310439,17.484044],[78.310434,17.484154]]]},"properties":{"id":"8ea4d0eafd8a","height":null,"num_floors":null,"render_height_m":9.6,"height_label":"assumed"}},{"type":"Feature","geometry":{"type":"Polygon","coordinates":[[[78.310544,17.484164],[78.310443,17.484159],[78.310449,17.484032],[78.31055,17.484037],[78.310545,17.484147],[78.310544,17.484164]]]},"properties":{"id":"ce2037ba30a0","height":null,"num_floors":null,"render_height_m":9.6,"height_label":"assumed"}},{"type":"Feature","geometry":{"type":"Polygon","coordinates":[[[78.310494,17.484359],[78.310377,17.48435],[78.310384,17.484261],[78.310502,17.48427],[78.310494,17.484359]]]},"properties":{"id":"9a025563d4e8","height":null,"num_floors":null,"render_height_m":9.6,"height_label":"assumed"}},{"type":"Feature","geometry":{"type":"Polygon","coordinates":[[[78.31049,17.48447],[78.310373,17.484461],[78.31038,17.484372],[78.310497,17.484381],[78.31049,17.48447]]]},"properties":{"id":"a89c583fc64c","height":null,"num_floors":null,"render_height_m":9.6,"height_label":"assumed"}},{"type":"Feature","geometry":{"type":"Polygon","coordinates":[[[78.310715,17.48438],[78.310595,17.484372],[78.310604,17.484237],[78.310724,17.484244],[78.310715,17.48438]]]},"properties":{"id":"5881cfb80f4b","height":null,"num_floors":null,"render_height_m":9.6,"height_label":"assumed"}},{"type":"Feature","geometry":{"type":"Polygon","coordinates":[[[78.310839,17.484381],[78.310738,17.484378],[78.310742,17.484243],[78.310847,17.484246],[78.310843,17.484381],[78.310839,17.484381]]]},"properties":{"id":"16984088b0f9","height":null,"num_floors":null,"render_height_m":9.6,"height_label":"assumed"}},{"type":"Feature","geometry":{"type":"Polygon","coordinates":[[[78.310962,17.484393],[78.31085,17.484389],[78.310855,17.484261],[78.310967,17.484266],[78.310962,17.484393]]]},"properties":{"id":"2b4db1001eb7","height":null,"num_floors":null,"render_height_m":9.6,"height_label":"assumed"}},{"type":"Feature","geometry":{"type":"Polygon","coordinates":[[[78.310825,17.484535],[78.310724,17.484527],[78.310733,17.484417],[78.310834,17.484425],[78.310825,17.484535]]]},"properties":{"id":"bdaa39208596","height":null,"num_floors":null,"render_height_m":9.6,"height_label":"assumed"}},{"type":"Feature","geometry":{"type":"Polygon","coordinates":[[[78.310932,17.484549],[78.310831,17.484541],[78.310841,17.484431],[78.310941,17.484439],[78.310932,17.484549]]]},"properties":{"id":"03e14bdf5865","height":null,"num_floors":null,"render_height_m":9.6,"height_label":"assumed"}},{"type":"Feature","geometry":{"type":"Polygon","coordinates":[[[78.311011,17.484794],[78.310911,17.484786],[78.31092,17.484676],[78.311021,17.484684],[78.311011,17.484794]]]},"properties":{"id":"097404588afa","height":null,"num_floors":null,"render_height_m":9.6,"height_label":"assumed"}},{"type":"Feature","geometry":{"type":"Polygon","coordinates":[[[78.3109,17.484782],[78.310799,17.484774],[78.310808,17.484664],[78.310909,17.484672],[78.3109,17.484782]]]},"properties":{"id":"c76d34cfd579","height":null,"num_floors":null,"render_height_m":9.6,"height_label":"assumed"}},{"type":"Feature","geometry":{"type":"Polygon","coordinates":[[[78.310792,17.484768],[78.310692,17.484761],[78.310701,17.484651],[78.310802,17.484658],[78.310792,17.484768]]]},"properties":{"id":"5937e813100d","height":null,"num_floors":null,"render_height_m":9.6,"height_label":"assumed"}},{"type":"Feature","geometry":{"type":"Polygon","coordinates":[[[78.310681,17.484761],[78.310581,17.484753],[78.31059,17.484643],[78.310691,17.484651],[78.310681,17.484761]]]},"properties":{"id":"54e3179f4ea1","height":null,"num_floors":null,"render_height_m":9.6,"height_label":"assumed"}},{"type":"Feature","geometry":{"type":"Polygon","coordinates":[[[78.310714,17.484528],[78.310613,17.48452],[78.310622,17.48441],[78.310723,17.484418],[78.310714,17.484528]]]},"properties":{"id":"5be0de7a9274","height":null,"num_floors":null,"render_height_m":9.6,"height_label":"assumed"}},{"type":"Feature","geometry":{"type":"Polygon","coordinates":[[[78.310478,17.484576],[78.31036,17.484567],[78.310368,17.484478],[78.310485,17.484486],[78.310478,17.484576]]]},"properties":{"id":"168d074bd1c5","height":null,"num_floors":null,"render_height_m":9.6,"height_label":"assumed"}},{"type":"Feature","geometry":{"type":"Polygon","coordinates":[[[78.310469,17.484685],[78.310351,17.484676],[78.310359,17.484587],[78.310476,17.484596],[78.310469,17.484685]]]},"properties":{"id":"aa838b3e122a","height":null,"num_floors":null,"render_height_m":9.6,"height_label":"assumed"}},{"type":"Feature","geometry":{"type":"Polygon","coordinates":[[[78.310456,17.484791],[78.310339,17.484782],[78.310346,17.484692],[78.310464,17.484701],[78.310456,17.484791]]]},"properties":{"id":"8e30c1e5bef7","height":null,"num_floors":null,"render_height_m":9.6,"height_label":"assumed"}},{"type":"Feature","geometry":{"type":"Polygon","coordinates":[[[78.310322,17.484677],[78.310204,17.484668],[78.310212,17.484579],[78.310329,17.484588],[78.310322,17.484677]]]},"properties":{"id":"d536e18049fa","height":null,"num_floors":null,"render_height_m":9.6,"height_label":"assumed"}},{"type":"Feature","geometry":{"type":"Polygon","coordinates":[[[78.310309,17.484783],[78.310192,17.484774],[78.310199,17.484685],[78.310317,17.484693],[78.310309,17.484783]]]},"properties":{"id":"42e83bd9e690","height":null,"num_floors":null,"render_height_m":9.6,"height_label":"assumed"}},{"type":"Feature","geometry":{"type":"Polygon","coordinates":[[[78.310331,17.484568],[78.310213,17.484559],[78.310221,17.48447],[78.310338,17.484479],[78.310331,17.484568]]]},"properties":{"id":"fda6713f8bcf","height":null,"num_floors":null,"render_height_m":9.6,"height_label":"assumed"}},{"type":"Feature","geometry":{"type":"Polygon","coordinates":[[[78.310343,17.484462],[78.310226,17.484453],[78.310233,17.484364],[78.310351,17.484373],[78.310343,17.484462]]]},"properties":{"id":"3b9c26c150e8","height":null,"num_floors":null,"render_height_m":9.6,"height_label":"assumed"}},{"type":"Feature","geometry":{"type":"Polygon","coordinates":[[[78.310347,17.484351],[78.31023,17.484342],[78.310237,17.484253],[78.310355,17.484262],[78.310347,17.484351]]]},"properties":{"id":"459f696a77ba","height":null,"num_floors":null,"render_height_m":9.6,"height_label":"assumed"}},{"type":"Feature","geometry":{"type":"Polygon","coordinates":[[[78.310151,17.484321],[78.310011,17.484314],[78.310017,17.484209],[78.310157,17.484216],[78.310151,17.484321]]]},"properties":{"id":"5cd6feed0a92","height":null,"num_floors":null,"render_height_m":9.6,"height_label":"assumed"}},{"type":"Feature","geometry":{"type":"Polygon","coordinates":[[[78.310135,17.484445],[78.309996,17.484439],[78.31,17.48435],[78.310139,17.484355],[78.310135,17.484445]]]},"properties":{"id":"170a68f9cc50","height":null,"num_floors":null,"render_height_m":9.6,"height_label":"assumed"}},{"type":"Feature","geometry":{"type":"Polygon","coordinates":[[[78.310117,17.484543],[78.31,17.484534],[78.310007,17.484445],[78.310125,17.484454],[78.310117,17.484543]]]},"properties":{"id":"238ccf23cbe0","height":null,"num_floors":null,"render_height_m":9.6,"height_label":"assumed"}},{"type":"Feature","geometry":{"type":"Polygon","coordinates":[[[78.310107,17.484649],[78.309989,17.48464],[78.309997,17.484551],[78.310114,17.48456],[78.310107,17.484649]]]},"properties":{"id":"021b20277e19","height":null,"num_floors":null,"render_height_m":9.6,"height_label":"assumed"}},{"type":"Feature","geometry":{"type":"Polygon","coordinates":[[[78.310093,17.484755],[78.309975,17.484748],[78.309982,17.48465],[78.3101,17.484657],[78.310093,17.484755]]]},"properties":{"id":"bad0ec994e59","height":null,"num_floors":null,"render_height_m":9.6,"height_label":"assumed"}},{"type":"Feature","geometry":{"type":"Polygon","coordinates":[[[78.316171,17.48393],[78.316077,17.4839],[78.316153,17.483682],[78.316247,17.483712],[78.316171,17.48393]]]},"properties":{"id":"b8329eb78e39","height":null,"num_floors":null,"render_height_m":12.8,"height_label":"assumed"}},{"type":"Feature","geometry":{"type":"Polygon","coordinates":[[[78.315932,17.484084],[78.315881,17.484078],[78.315885,17.484039],[78.315937,17.484045],[78.315932,17.484084]]]},"properties":{"id":"5f26dfe13e7e","height":null,"num_floors":null,"render_height_m":6.4,"height_label":"assumed"}},{"type":"Feature","geometry":{"type":"Polygon","coordinates":[[[78.315921,17.484155],[78.315865,17.48415],[78.31587,17.484104],[78.315926,17.484109],[78.315921,17.484155]]]},"properties":{"id":"1b6b2cfd9030","height":null,"num_floors":null,"render_height_m":6.4,"height_label":"assumed"}},{"type":"Feature","geometry":{"type":"Polygon","coordinates":[[[78.316123,17.484162],[78.315981,17.484138],[78.316001,17.484028],[78.316143,17.484052],[78.316123,17.484162]]]},"properties":{"id":"e14482f6fade","height":null,"num_floors":null,"render_height_m":9.6,"height_label":"assumed"}},{"type":"Feature","geometry":{"type":"Polygon","coordinates":[[[78.316332,17.48406],[78.316251,17.484051],[78.316261,17.483966],[78.316342,17.483975],[78.316332,17.48406]]]},"properties":{"id":"8388e160efee","height":null,"num_floors":null,"render_height_m":9.6,"height_label":"assumed"}},{"type":"Feature","geometry":{"type":"Polygon","coordinates":[[[78.316344,17.484202],[78.316231,17.484191],[78.316243,17.484076],[78.316356,17.484087],[78.316344,17.484202]]]},"properties":{"id":"c6a3fbc98234","height":null,"num_floors":null,"render_height_m":9.6,"height_label":"assumed"}},{"type":"Feature","geometry":{"type":"Polygon","coordinates":[[[78.316369,17.483763],[78.316412,17.483768],[78.316408,17.483799],[78.316365,17.483793],[78.316369,17.483763]]]},"properties":{"id":"b0c300af23ef","height":null,"num_floors":null,"render_height_m":6.4,"height_label":"assumed"}},{"type":"Feature","geometry":{"type":"Polygon","coordinates":[[[78.316362,17.483789],[78.316312,17.483781],[78.316328,17.483696],[78.316467,17.483718],[78.316458,17.483768],[78.316369,17.483754],[78.316362,17.483789]]]},"properties":{"id":"fc5ffb890744","height":null,"num_floors":null,"render_height_m":9.6,"height_label":"assumed"}},{"type":"Feature","geometry":{"type":"Polygon","coordinates":[[[78.316571,17.483813],[78.31662,17.483814],[78.31662,17.48384],[78.316571,17.48384],[78.316571,17.483813]]]},"properties":{"id":"d5f1ba9b6ee7","height":null,"num_floors":null,"render_height_m":6.4,"height_label":"assumed"}},{"type":"Feature","geometry":{"type":"Polygon","coordinates":[[[78.316555,17.48379],[78.316607,17.483791],[78.316606,17.483818],[78.316554,17.483818],[78.316555,17.48379]]]},"properties":{"id":"3ed832cec602","height":null,"num_floors":null,"render_height_m":6.4,"height_label":"assumed"}},{"type":"Feature","geometry":{"type":"Polygon","coordinates":[[[78.316818,17.483855],[78.316721,17.483857],[78.316718,17.483764],[78.316815,17.483761],[78.316818,17.483855]]]},"properties":{"id":"c4e6279e9ed2","height":null,"num_floors":null,"render_height_m":9.6,"height_label":"assumed"}},{"type":"Feature","geometry":{"type":"Polygon","coordinates":[[[78.316937,17.483822],[78.316862,17.483843],[78.316844,17.483785],[78.31692,17.483764],[78.316937,17.483822]]]},"properties":{"id":"63ad6c147b98","height":null,"num_floors":null,"render_height_m":6.4,"height_label":"assumed"}},{"type":"Feature","geometry":{"type":"Polygon","coordinates":[[[78.316864,17.484004],[78.31636,17.484035],[78.316351,17.483861],[78.316532,17.483859],[78.316802,17.483894],[78.316811,17.483902],[78.316858,17.483895],[78.316864,17.484004]]]},"properties":{"id":"065093a193e6","height":null,"num_floors":null,"render_height_m":19.2,"height_label":"assumed"}},{"type":"Feature","geometry":{"type":"Polygon","coordinates":[[[78.316956,17.484755],[78.316843,17.48477],[78.316829,17.484672],[78.316941,17.484657],[78.316956,17.484755]]]},"properties":{"id":"71211a7aa6a6","height":null,"num_floors":null,"render_height_m":9.6,"height_label":"assumed"}},{"type":"Feature","geometry":{"type":"Polygon","coordinates":[[[78.316724,17.484942],[78.31664,17.484954],[78.316586,17.484615],[78.316622,17.48461],[78.316619,17.48459],[78.316568,17.484597],[78.316559,17.484454],[78.316527,17.48447],[78.316514,17.484321],[78.316597,17.484303],[78.316603,17.484268],[78.316519,17.484275],[78.316515,17.484223],[78.31648,17.484228],[78.316478,17.484132],[78.317009,17.484088],[78.317018,17.484195],[78.31698,17.484198],[78.316981,17.484214],[78.317002,17.484213],[78.317007,17.484267],[78.317051,17.484264],[78.31707,17.484466],[78.316833,17.484486],[78.316811,17.484239],[78.316747,17.484245],[78.316787,17.484685],[78.316741,17.484689],[78.316741,17.484693],[78.31676,17.484691],[78.316767,17.484751],[78.316789,17.484887],[78.316717,17.484898],[78.316724,17.484942]]]},"properties":{"id":"08c488ff782a","height":null,"num_floors":null,"render_height_m":19.2,"height_label":"assumed"}},{"type":"Feature","geometry":{"type":"Polygon","coordinates":[[[78.316473,17.484651],[78.316519,17.484654],[78.316515,17.484697],[78.31647,17.484694],[78.316473,17.484651]]]},"properties":{"id":"52ef10f4d380","height":null,"num_floors":null,"render_height_m":6.4,"height_label":"assumed"}},{"type":"Feature","geometry":{"type":"Polygon","coordinates":[[[78.316441,17.484716],[78.31656,17.48473],[78.316554,17.484784],[78.316434,17.48477],[78.316441,17.484716]]]},"properties":{"id":"44f61146cbab","height":null,"num_floors":null,"render_height_m":6.4,"height_label":"assumed"}},{"type":"Feature","geometry":{"type":"Polygon","coordinates":[[[78.316352,17.484759],[78.316238,17.484742],[78.316258,17.484622],[78.316372,17.484639],[78.316352,17.484759]]]},"properties":{"id":"ce6519bc1bd0","height":null,"num_floors":null,"render_height_m":9.6,"height_label":"assumed"}},{"type":"Feature","geometry":{"type":"Polygon","coordinates":[[[78.316415,17.484556],[78.31616,17.484514],[78.316171,17.484453],[78.316205,17.484459],[78.316208,17.484443],[78.316233,17.484447],[78.316235,17.484435],[78.316246,17.484437],[78.316249,17.484423],[78.31627,17.484426],[78.316271,17.484418],[78.316361,17.484432],[78.316358,17.484451],[78.316386,17.484456],[78.316402,17.484499],[78.316399,17.484519],[78.316421,17.484522],[78.316415,17.484556]]]},"properties":{"id":"824a92696e49","height":null,"num_floors":null,"render_height_m":12.8,"height_label":"assumed"}},{"type":"Feature","geometry":{"type":"Polygon","coordinates":[[[78.316373,17.484314],[78.316213,17.484296],[78.316223,17.484208],[78.316384,17.484226],[78.316373,17.484314]]]},"properties":{"id":"f9fa9e9f8094","height":null,"num_floors":null,"render_height_m":9.6,"height_label":"assumed"}},{"type":"Feature","geometry":{"type":"Polygon","coordinates":[[[78.316275,17.484417],[78.31618,17.484405],[78.31619,17.484332],[78.316285,17.484344],[78.316275,17.484417]]]},"properties":{"id":"f575397db3ff","height":null,"num_floors":null,"render_height_m":9.6,"height_label":"assumed"}},{"type":"Feature","geometry":{"type":"Polygon","coordinates":[[[78.316135,17.484278],[78.316078,17.484272],[78.316089,17.484166],[78.316146,17.484172],[78.316135,17.484278]]]},"properties":{"id":"92ede6daaa29","height":null,"num_floors":null,"render_height_m":6.4,"height_label":"assumed"}},{"type":"Feature","geometry":{"type":"Polygon","coordinates":[[[78.316071,17.484275],[78.315994,17.484267],[78.316007,17.484148],[78.316085,17.484156],[78.316071,17.484275]]]},"properties":{"id":"adf384f47017","height":null,"num_floors":null,"render_height_m":9.6,"height_label":"assumed"}},{"type":"Feature","geometry":{"type":"Polygon","coordinates":[[[78.315924,17.484211],[78.315877,17.484206],[78.315881,17.484166],[78.315928,17.484171],[78.315924,17.484211]]]},"properties":{"id":"086d6a008ea5","height":null,"num_floors":null,"render_height_m":6.4,"height_label":"assumed"}},{"type":"Feature","geometry":{"type":"Polygon","coordinates":[[[78.316023,17.484487],[78.315825,17.484453],[78.315848,17.484333],[78.316045,17.484367],[78.316023,17.484487]]]},"properties":{"id":"c9a5ac7cf486","height":null,"num_floors":null,"render_height_m":12.8,"height_label":"assumed"}},{"type":"Feature","geometry":{"type":"Polygon","coordinates":[[[78.316107,17.484735],[78.31605,17.484724],[78.316074,17.484601],[78.316131,17.484612],[78.316107,17.484735]]]},"properties":{"id":"d96ac3d7ce6c","height":null,"num_floors":null,"render_height_m":9.6,"height_label":"assumed"}},{"type":"Feature","geometry":{"type":"Polygon","coordinates":[[[78.315996,17.484711],[78.315893,17.484696],[78.315914,17.484567],[78.316018,17.484583],[78.315996,17.484711]]]},"properties":{"id":"6c9eac71ca41","height":null,"num_floors":null,"render_height_m":9.6,"height_label":"assumed"}},{"type":"Feature","geometry":{"type":"Polygon","coordinates":[[[78.315868,17.484823],[78.315758,17.484806],[78.31578,17.484678],[78.31589,17.484695],[78.315868,17.484823]]]},"properties":{"id":"44223d62e0de","height":null,"num_floors":null,"render_height_m":9.6,"height_label":"assumed"}},{"type":"Feature","geometry":{"type":"Polygon","coordinates":[[[78.315776,17.48467],[78.315667,17.484651],[78.315692,17.484526],[78.3158,17.484546],[78.315776,17.48467]]]},"properties":{"id":"1da7f6aee5eb","height":null,"num_floors":null,"render_height_m":9.6,"height_label":"assumed"}},{"type":"Feature","geometry":{"type":"Polygon","coordinates":[[[78.315654,17.484644],[78.315551,17.484626],[78.315574,17.484508],[78.315678,17.484526],[78.315654,17.484644]]]},"properties":{"id":"b89cba0cf383","height":null,"num_floors":null,"render_height_m":9.6,"height_label":"assumed"}},{"type":"Feature","geometry":{"type":"Polygon","coordinates":[[[78.315743,17.484808],[78.31565,17.484794],[78.315671,17.484669],[78.315764,17.484684],[78.315743,17.484808]]]},"properties":{"id":"c678aafaf70c","height":null,"num_floors":null,"render_height_m":9.6,"height_label":"assumed"}},{"type":"Feature","geometry":{"type":"Polygon","coordinates":[[[78.315631,17.484776],[78.315545,17.484763],[78.315566,17.484637],[78.315652,17.48465],[78.315631,17.484776]]]},"properties":{"id":"ef7249f8c676","height":null,"num_floors":null,"render_height_m":9.6,"height_label":"assumed"}},{"type":"Feature","geometry":{"type":"Polygon","coordinates":[[[78.315505,17.484771],[78.315328,17.484746],[78.315347,17.484624],[78.315524,17.484649],[78.315505,17.484771]]]},"properties":{"id":"8b521ec7dc6c","height":null,"num_floors":null,"render_height_m":12.8,"height_label":"assumed"}},{"type":"Feature","geometry":{"type":"Polygon","coordinates":[[[78.315421,17.484618],[78.315312,17.4846],[78.315338,17.484459],[78.315446,17.484477],[78.315421,17.484618]]]},"properties":{"id":"c582b1e77560","height":null,"num_floors":null,"render_height_m":9.6,"height_label":"assumed"}},{"type":"Feature","geometry":{"type":"Polygon","coordinates":[[[78.315299,17.484598],[78.3152,17.484581],[78.315226,17.484441],[78.315326,17.484458],[78.315299,17.484598]]]},"properties":{"id":"6178762d0b5d","height":null,"num_floors":null,"render_height_m":9.6,"height_label":"assumed"}},{"type":"Feature","geometry":{"type":"Polygon","coordinates":[[[78.315541,17.484628],[78.315437,17.484608],[78.315465,17.484477],[78.315569,17.484497],[78.315541,17.484628]]]},"properties":{"id":"da19b24d3672","height":null,"num_floors":null,"render_height_m":9.6,"height_label":"assumed"}},{"type":"Feature","geometry":{"type":"Polygon","coordinates":[[[78.315275,17.484263],[78.315579,17.48432],[78.315561,17.484408],[78.315257,17.48435],[78.315275,17.484263]]]},"properties":{"id":"b65de1bb3b27","height":null,"num_floors":null,"render_height_m":12.8,"height_label":"assumed"}},{"type":"Feature","geometry":{"type":"Polygon","coordinates":[[[78.315476,17.484252],[78.31528,17.48422],[78.315297,17.484127],[78.315492,17.484159],[78.315476,17.484252]]]},"properties":{"id":"3a0c78dba58f","height":null,"num_floors":null,"render_height_m":9.6,"height_label":"assumed"}},{"type":"Feature","geometry":{"type":"Polygon","coordinates":[[[78.315795,17.484313],[78.315501,17.484255],[78.31552,17.484149],[78.315813,17.484196],[78.315795,17.484313]]]},"properties":{"id":"1ae294791cef","height":null,"num_floors":null,"render_height_m":12.8,"height_label":"assumed"}},{"type":"Feature","geometry":{"type":"Polygon","coordinates":[[[78.315588,17.48431],[78.315637,17.48432],[78.315614,17.484429],[78.315565,17.48442],[78.315588,17.48431]]]},"properties":{"id":"50f9f8f26d9c","height":null,"num_floors":null,"render_height_m":6.4,"height_label":"assumed"}},{"type":"Feature","geometry":{"type":"Polygon","coordinates":[[[78.315709,17.484332],[78.31576,17.48434],[78.315741,17.484461],[78.315689,17.484454],[78.315709,17.484332]]]},"properties":{"id":"ddf803b0d08c","height":null,"num_floors":null,"render_height_m":6.4,"height_label":"assumed"}},{"type":"Feature","geometry":{"type":"Polygon","coordinates":[[[78.315846,17.484117],[78.315793,17.48411],[78.315809,17.483988],[78.315862,17.483995],[78.315846,17.484117]]]},"properties":{"id":"5891ed25a120","height":null,"num_floors":null,"render_height_m":6.4,"height_label":"assumed"}},{"type":"Feature","geometry":{"type":"Polygon","coordinates":[[[78.31566,17.484087],[78.315668,17.484018],[78.315773,17.48403],[78.315765,17.484099],[78.31566,17.484087]]]},"properties":{"id":"61c9932b3230","height":null,"num_floors":null,"render_height_m":9.6,"height_label":"assumed"}},{"type":"Feature","geometry":{"type":"Polygon","coordinates":[[[78.315787,17.484018],[78.315674,17.484001],[78.315683,17.483949],[78.315795,17.483967],[78.315787,17.484018]]]},"properties":{"id":"45e3dda52a55","height":null,"num_floors":null,"render_height_m":6.4,"height_label":"assumed"}},{"type":"Feature","geometry":{"type":"Polygon","coordinates":[[[78.315778,17.483861],[78.315703,17.48385],[78.315711,17.483805],[78.315786,17.483817],[78.315778,17.483861]]]},"properties":{"id":"6237737343ee","height":null,"num_floors":null,"render_height_m":6.4,"height_label":"assumed"}},{"type":"Feature","geometry":{"type":"Polygon","coordinates":[[[78.315529,17.484031],[78.315302,17.483988],[78.315372,17.483645],[78.315599,17.483687],[78.315529,17.484031]]]},"properties":{"id":"d2de5caac9ee","height":null,"num_floors":null,"render_height_m":19.2,"height_label":"assumed"}},{"type":"Feature","geometry":{"type":"Polygon","coordinates":[[[78.315269,17.48421],[78.315166,17.484191],[78.31519,17.484072],[78.315293,17.484091],[78.315269,17.48421]]]},"properties":{"id":"3fdce55978ce","height":null,"num_floors":null,"render_height_m":9.6,"height_label":"assumed"}},{"type":"Feature","geometry":{"type":"Polygon","coordinates":[[[78.315145,17.484196],[78.315038,17.484177],[78.31506,17.484058],[78.315168,17.484077],[78.315145,17.484196]]]},"properties":{"id":"3f6d2df2c802","height":null,"num_floors":null,"render_height_m":9.6,"height_label":"assumed"}},{"type":"Feature","geometry":{"type":"Polygon","coordinates":[[[78.315263,17.48386],[78.31514,17.483841],[78.315155,17.483756],[78.315277,17.483774],[78.315263,17.48386]]]},"properties":{"id":"4457a5572a9e","height":null,"num_floors":null,"render_height_m":9.6,"height_label":"assumed"}},{"type":"Feature","geometry":{"type":"Polygon","coordinates":[[[78.314751,17.484103],[78.314638,17.484086],[78.314665,17.483927],[78.314778,17.483944],[78.314751,17.484103]]]},"properties":{"id":"990f78c71cc8","height":null,"num_floors":null,"render_height_m":9.6,"height_label":"assumed"}},{"type":"Feature","geometry":{"type":"Polygon","coordinates":[[[78.314989,17.484],[78.31488,17.483981],[78.314909,17.483835],[78.315017,17.483854],[78.314989,17.484]]]},"properties":{"id":"6ca21fb20c8f","height":null,"num_floors":null,"render_height_m":9.6,"height_label":"assumed"}},{"type":"Feature","geometry":{"type":"Polygon","coordinates":[[[78.314979,17.484089],[78.314867,17.48407],[78.314882,17.483993],[78.314994,17.484013],[78.314979,17.484089]]]},"properties":{"id":"381a6fb971e6","height":null,"num_floors":null,"render_height_m":9.6,"height_label":"assumed"}},{"type":"Feature","geometry":{"type":"Polygon","coordinates":[[[78.314964,17.484167],[78.314856,17.484149],[78.314869,17.484073],[78.314977,17.484091],[78.314964,17.484167]]]},"properties":{"id":"7361f00fd20f","height":null,"num_floors":null,"render_height_m":9.6,"height_label":"assumed"}},{"type":"Feature","geometry":{"type":"Polygon","coordinates":[[[78.314685,17.484262],[78.31462,17.484252],[78.314634,17.484171],[78.314699,17.484181],[78.314685,17.484262]]]},"properties":{"id":"dcc3b396cba1","height":null,"num_floors":null,"render_height_m":6.4,"height_label":"assumed"}},{"type":"Feature","geometry":{"type":"Polygon","coordinates":[[[78.314753,17.484195],[78.314731,17.484325],[78.314677,17.484317],[78.314699,17.484187],[78.314753,17.484195]]]},"properties":{"id":"5284dcf99051","height":null,"num_floors":null,"render_height_m":9.6,"height_label":"assumed"}},{"type":"Feature","geometry":{"type":"Polygon","coordinates":[[[78.31491,17.484416],[78.314771,17.484392],[78.314785,17.484321],[78.314924,17.484345],[78.31491,17.484416]]]},"properties":{"id":"a501836af865","height":null,"num_floors":null,"render_height_m":9.6,"height_label":"assumed"}},{"type":"Feature","geometry":{"type":"Polygon","coordinates":[[[78.314899,17.484456],[78.314805,17.484439],[78.314812,17.484404],[78.314906,17.484421],[78.314899,17.484456]]]},"properties":{"id":"26775af00c2e","height":null,"num_floors":null,"render_height_m":6.4,"height_label":"assumed"}},{"type":"Feature","geometry":{"type":"Polygon","coordinates":[[[78.314939,17.484327],[78.314794,17.484305],[78.314812,17.484198],[78.314957,17.48422],[78.314939,17.484327]]]},"properties":{"id":"5f6957a1e256","height":null,"num_floors":null,"render_height_m":9.6,"height_label":"assumed"}},{"type":"Feature","geometry":{"type":"Polygon","coordinates":[[[78.315091,17.484577],[78.314972,17.484559],[78.315001,17.484388],[78.31512,17.484406],[78.315091,17.484577]]]},"properties":{"id":"69fc50b8f352","height":null,"num_floors":null,"render_height_m":9.6,"height_label":"assumed"}},{"type":"Feature","geometry":{"type":"Polygon","coordinates":[[[78.315192,17.48459],[78.315097,17.484576],[78.315121,17.48443],[78.315216,17.484443],[78.315192,17.48459]]]},"properties":{"id":"b13c246148ed","height":null,"num_floors":null,"render_height_m":9.6,"height_label":"assumed"}},{"type":"Feature","geometry":{"type":"Polygon","coordinates":[[[78.315172,17.484703],[78.315099,17.484692],[78.315117,17.484591],[78.315189,17.484602],[78.315172,17.484703]]]},"properties":{"id":"80b2fa34d30a","height":null,"num_floors":null,"render_height_m":9.6,"height_label":"assumed"}},{"type":"Feature","geometry":{"type":"Polygon","coordinates":[[[78.315245,17.484732],[78.315174,17.484718],[78.3152,17.484595],[78.315271,17.484609],[78.315245,17.484732]]]},"properties":{"id":"5e1779c8362d","height":null,"num_floors":null,"render_height_m":9.6,"height_label":"assumed"}},{"type":"Feature","geometry":{"type":"Polygon","coordinates":[[[78.314923,17.484743],[78.314884,17.484747],[78.314878,17.484693],[78.314916,17.484689],[78.314923,17.484743]]]},"properties":{"id":"6117d6e740ca","height":null,"num_floors":null,"render_height_m":6.4,"height_label":"assumed"}},{"type":"Feature","geometry":{"type":"Polygon","coordinates":[[[78.31485,17.48448],[78.314844,17.484459],[78.314894,17.484465],[78.314892,17.484485],[78.31485,17.48448]]]},"properties":{"id":"678bcd2ebc3b","height":null,"num_floors":null,"render_height_m":6.4,"height_label":"assumed"}},{"type":"Feature","geometry":{"type":"Polygon","coordinates":[[[78.31476,17.484788],[78.314681,17.484792],[78.314676,17.484711],[78.314755,17.484707],[78.31476,17.484788]]]},"properties":{"id":"3c2ba9894289","height":null,"num_floors":null,"render_height_m":6.4,"height_label":"assumed"}},{"type":"Feature","geometry":{"type":"Polygon","coordinates":[[[78.314627,17.484768],[78.314454,17.484846],[78.314389,17.484717],[78.314562,17.484638],[78.314627,17.484768]]]},"properties":{"id":"ca3967992251","height":null,"num_floors":null,"render_height_m":12.8,"height_label":"assumed"}},{"type":"Feature","geometry":{"type":"Polygon","coordinates":[[[78.314662,17.484496],[78.314697,17.484576],[78.314632,17.484602],[78.314598,17.484521],[78.314662,17.484496]]]},"properties":{"id":"68b288c70393","height":null,"num_floors":null,"render_height_m":6.4,"height_label":"assumed"}},{"type":"Feature","geometry":{"type":"Polygon","coordinates":[[[78.314475,17.484448],[78.314298,17.48453],[78.314232,17.4844],[78.314408,17.484318],[78.314475,17.484448]]]},"properties":{"id":"1c277f9aee28","height":null,"num_floors":null,"render_height_m":12.8,"height_label":"assumed"}},{"type":"Feature","geometry":{"type":"Polygon","coordinates":[[[78.314385,17.484287],[78.314216,17.484364],[78.31415,17.484231],[78.314318,17.484154],[78.314385,17.484287]]]},"properties":{"id":"79eaf7a21c54","height":null,"num_floors":null,"render_height_m":12.8,"height_label":"assumed"}},{"type":"Feature","geometry":{"type":"Polygon","coordinates":[[[78.31415,17.484679],[78.314038,17.48473],[78.314002,17.484659],[78.314115,17.484608],[78.31415,17.484679]]]},"properties":{"id":"60ce265d7c41","height":null,"num_floors":null,"render_height_m":9.6,"height_label":"assumed"}},{"type":"Feature","geometry":{"type":"Polygon","coordinates":[[[78.314027,17.484731],[78.31391,17.484784],[78.313875,17.484713],[78.313992,17.48466],[78.314027,17.484731]]]},"properties":{"id":"77bef1ced3b2","height":null,"num_floors":null,"render_height_m":9.6,"height_label":"assumed"}},{"type":"Feature","geometry":{"type":"Polygon","coordinates":[[[78.313979,17.484636],[78.313865,17.484688],[78.313846,17.484648],[78.31396,17.484597],[78.313979,17.484636]]]},"properties":{"id":"4415f02e228d","height":null,"num_floors":null,"render_height_m":6.4,"height_label":"assumed"}},{"type":"Feature","geometry":{"type":"Polygon","coordinates":[[[78.313942,17.484573],[78.313834,17.484622],[78.313799,17.484551],[78.313906,17.484502],[78.313942,17.484573]]]},"properties":{"id":"a62ca6e52f48","height":null,"num_floors":null,"render_height_m":9.6,"height_label":"assumed"}},{"type":"Feature","geometry":{"type":"Polygon","coordinates":[[[78.313895,17.484484],[78.313786,17.484533],[78.313758,17.484477],[78.313867,17.484427],[78.313895,17.484484]]]},"properties":{"id":"69b72d879612","height":null,"num_floors":null,"render_height_m":9.6,"height_label":"assumed"}},{"type":"Feature","geometry":{"type":"Polygon","coordinates":[[[78.313768,17.484696],[78.313646,17.484751],[78.313604,17.484667],[78.313726,17.484611],[78.313768,17.484696]]]},"properties":{"id":"a59b8bf0c027","height":null,"num_floors":null,"render_height_m":9.6,"height_label":"assumed"}},{"type":"Feature","geometry":{"type":"Polygon","coordinates":[[[78.313698,17.48459],[78.313589,17.484635],[78.313558,17.484565],[78.313666,17.48452],[78.313698,17.48459]]]},"properties":{"id":"472755d6996b","height":null,"num_floors":null,"render_height_m":9.6,"height_label":"assumed"}},{"type":"Feature","geometry":{"type":"Polygon","coordinates":[[[78.313861,17.484059],[78.314007,17.48436],[78.313638,17.484524],[78.313493,17.484223],[78.313591,17.484179],[78.313582,17.48416],[78.313706,17.484105],[78.313715,17.484124],[78.313757,17.484105],[78.313777,17.484145],[78.313795,17.484137],[78.313776,17.484097],[78.313861,17.484059]]]},"properties":{"id":"cde5d931e74f","height":null,"num_floors":null,"render_height_m":19.2,"height_label":"assumed"}},{"type":"Feature","geometry":{"type":"Polygon","coordinates":[[[78.313738,17.483837],[78.313303,17.484036],[78.313194,17.483821],[78.313629,17.483622],[78.313738,17.483837]]]},"properties":{"id":"421e989a12ea","height":null,"num_floors":null,"render_height_m":19.2,"height_label":"assumed"}},{"type":"Feature","geometry":{"type":"Polygon","coordinates":[[[78.314179,17.483998],[78.314048,17.484064],[78.314002,17.483981],[78.314133,17.483915],[78.314179,17.483998]]]},"properties":{"id":"b0e6b3f94b82","height":null,"num_floors":null,"render_height_m":9.6,"height_label":"assumed"}},{"type":"Feature","geometry":{"type":"Polygon","coordinates":[[[78.314569,17.484069],[78.31434,17.484025],[78.314397,17.483756],[78.314627,17.4838],[78.314569,17.484069]]]},"properties":{"id":"eee3a68960a9","height":null,"num_floors":null,"render_height_m":12.8,"height_label":"assumed"}},{"type":"Feature","geometry":{"type":"Polygon","coordinates":[[[78.312312,17.483947],[78.312249,17.483979],[78.312211,17.48391],[78.312273,17.483878],[78.312312,17.483947]]]},"properties":{"id":"0ff556e4f79f","height":null,"num_floors":null,"render_height_m":6.4,"height_label":"assumed"}},{"type":"Feature","geometry":{"type":"Polygon","coordinates":[[[78.312397,17.483996],[78.31229,17.48405],[78.312257,17.483989],[78.312363,17.483936],[78.312397,17.483996]]]},"properties":{"id":"519af1de51a3","height":null,"num_floors":null,"render_height_m":9.6,"height_label":"assumed"}},{"type":"Feature","geometry":{"type":"Polygon","coordinates":[[[78.312367,17.484213],[78.312284,17.484256],[78.312206,17.48412],[78.312289,17.484077],[78.312367,17.484213]]]},"properties":{"id":"27f555ed8783","height":null,"num_floors":null,"render_height_m":9.6,"height_label":"assumed"}},{"type":"Feature","geometry":{"type":"Polygon","coordinates":[[[78.312455,17.484086],[78.312345,17.484142],[78.3123,17.484061],[78.312411,17.484006],[78.312455,17.484086]]]},"properties":{"id":"5d785f9e8474","height":null,"num_floors":null,"render_height_m":9.6,"height_label":"assumed"}},{"type":"Feature","geometry":{"type":"Polygon","coordinates":[[[78.312392,17.484211],[78.312357,17.484148],[78.312455,17.484099],[78.312489,17.484162],[78.312392,17.484211]]]},"properties":{"id":"aabd5169a092","height":null,"num_floors":null,"render_height_m":9.6,"height_label":"assumed"}},{"type":"Feature","geometry":{"type":"Polygon","coordinates":[[[78.312529,17.483954],[78.31246,17.483906],[78.312495,17.483861],[78.312563,17.483909],[78.312529,17.483954]]]},"properties":{"id":"e0eadb118963","height":null,"num_floors":null,"render_height_m":6.4,"height_label":"assumed"}},{"type":"Feature","geometry":{"type":"Polygon","coordinates":[[[78.312617,17.484193],[78.312528,17.484131],[78.312564,17.484083],[78.312653,17.484145],[78.312617,17.484193]]]},"properties":{"id":"0219a86d8233","height":null,"num_floors":null,"render_height_m":6.4,"height_label":"assumed"}},{"type":"Feature","geometry":{"type":"Polygon","coordinates":[[[78.312658,17.484135],[78.312568,17.484072],[78.312599,17.484032],[78.312689,17.484095],[78.312658,17.484135]]]},"properties":{"id":"4cc1465fb92c","height":null,"num_floors":null,"render_height_m":6.4,"height_label":"assumed"}},{"type":"Feature","geometry":{"type":"Polygon","coordinates":[[[78.312695,17.484088],[78.312605,17.484025],[78.31264,17.483979],[78.31273,17.484043],[78.312695,17.484088]]]},"properties":{"id":"2aaf01aa7a7a","height":null,"num_floors":null,"render_height_m":6.4,"height_label":"assumed"}},{"type":"Feature","geometry":{"type":"Polygon","coordinates":[[[78.31272,17.484029],[78.31265,17.48398],[78.312726,17.483882],[78.312795,17.483931],[78.31272,17.484029]]]},"properties":{"id":"028f48c4950c","height":null,"num_floors":null,"render_height_m":9.6,"height_label":"assumed"}},{"type":"Feature","geometry":{"type":"Polygon","coordinates":[[[78.312838,17.483901],[78.312743,17.483834],[78.312776,17.483791],[78.312871,17.483858],[78.312838,17.483901]]]},"properties":{"id":"f447b1868fd7","height":null,"num_floors":null,"render_height_m":6.4,"height_label":"assumed"}},{"type":"Feature","geometry":{"type":"Polygon","coordinates":[[[78.312632,17.483871],[78.312543,17.483809],[78.312576,17.483766],[78.312665,17.483829],[78.312632,17.483871]]]},"properties":{"id":"8bbd15d882a7","height":null,"num_floors":null,"render_height_m":6.4,"height_label":"assumed"}},{"type":"Feature","geometry":{"type":"Polygon","coordinates":[[[78.312573,17.483904],[78.312505,17.483856],[78.312536,17.483816],[78.312604,17.483864],[78.312573,17.483904]]]},"properties":{"id":"7d6af25b95ff","height":null,"num_floors":null,"render_height_m":6.4,"height_label":"assumed"}},{"type":"Feature","geometry":{"type":"Polygon","coordinates":[[[78.312894,17.483794],[78.312813,17.483737],[78.312847,17.483693],[78.312928,17.48375],[78.312894,17.483794]]]},"properties":{"id":"d15537631d69","height":null,"num_floors":null,"render_height_m":6.4,"height_label":"assumed"}},{"type":"Feature","geometry":{"type":"Polygon","coordinates":[[[78.312867,17.483847],[78.312775,17.483782],[78.312808,17.483739],[78.3129,17.483804],[78.312867,17.483847]]]},"properties":{"id":"4eb08ff0db59","height":null,"num_floors":null,"render_height_m":6.4,"height_label":"assumed"}},{"type":"Feature","geometry":{"type":"Polygon","coordinates":[[[78.312849,17.484052],[78.31287,17.484102],[78.312827,17.484118],[78.312806,17.484069],[78.312849,17.484052]]]},"properties":{"id":"3dfb758aebdb","height":null,"num_floors":null,"render_height_m":6.4,"height_label":"assumed"}},{"type":"Feature","geometry":{"type":"Polygon","coordinates":[[[78.313483,17.484538],[78.313069,17.484733],[78.312902,17.48441],[78.313316,17.484215],[78.313483,17.484538]],[[78.313236,17.484402],[78.313219,17.484371],[78.313036,17.484463],[78.313099,17.484577],[78.31313,17.484562],[78.313143,17.484584],[78.313319,17.484495],[78.313261,17.484389],[78.313236,17.484402]]]},"properties":{"id":"d082379de1de","height":null,"num_floors":null,"render_height_m":19.2,"height_label":"assumed"}},{"type":"Feature","geometry":{"type":"Polygon","coordinates":[[[78.312923,17.484486],[78.313,17.484632],[78.312693,17.48478],[78.312617,17.484633],[78.312923,17.484486]]]},"properties":{"id":"aca376fd5ed6","height":null,"num_floors":null,"render_height_m":12.8,"height_label":"assumed"}},{"type":"Feature","geometry":{"type":"Polygon","coordinates":[[[78.312781,17.484281],[78.312665,17.484255],[78.312694,17.484136],[78.31281,17.484162],[78.312781,17.484281]]]},"properties":{"id":"f8a19315d6bf","height":null,"num_floors":null,"render_height_m":9.6,"height_label":"assumed"}},{"type":"Feature","geometry":{"type":"Polygon","coordinates":[[[78.312582,17.484251],[78.312488,17.484185],[78.312526,17.484136],[78.31262,17.484202],[78.312582,17.484251]]]},"properties":{"id":"bd36bc94812c","height":null,"num_floors":null,"render_height_m":9.6,"height_label":"assumed"}},{"type":"Feature","geometry":{"type":"Polygon","coordinates":[[[78.312535,17.484293],[78.312466,17.484244],[78.312498,17.484201],[78.312568,17.48425],[78.312535,17.484293]]]},"properties":{"id":"bb73d03700e0","height":null,"num_floors":null,"render_height_m":6.4,"height_label":"assumed"}},{"type":"Feature","geometry":{"type":"Polygon","coordinates":[[[78.312387,17.484514],[78.312349,17.484449],[78.312465,17.484388],[78.312503,17.484453],[78.312387,17.484514]]]},"properties":{"id":"65991220de14","height":null,"num_floors":null,"render_height_m":9.6,"height_label":"assumed"}},{"type":"Feature","geometry":{"type":"Polygon","coordinates":[[[78.312477,17.484373],[78.312355,17.484435],[78.312313,17.48436],[78.312435,17.484298],[78.312477,17.484373]]]},"properties":{"id":"079bd2c15b76","height":null,"num_floors":null,"render_height_m":9.6,"height_label":"assumed"}},{"type":"Feature","geometry":{"type":"Polygon","coordinates":[[[78.312417,17.484289],[78.312327,17.484337],[78.312291,17.484276],[78.312382,17.484228],[78.312417,17.484289]]]},"properties":{"id":"72b7d77263ae","height":null,"num_floors":null,"render_height_m":9.6,"height_label":"assumed"}},{"type":"Feature","geometry":{"type":"Polygon","coordinates":[[[78.312231,17.485745],[78.312278,17.485748],[78.312275,17.485792],[78.312229,17.48579],[78.312231,17.485745]]]},"properties":{"id":"9a324fc14c4f","height":null,"num_floors":null,"render_height_m":6.4,"height_label":"assumed"}},{"type":"Feature","geometry":{"type":"Polygon","coordinates":[[[78.312332,17.485828],[78.312384,17.48583],[78.312382,17.485879],[78.312331,17.485878],[78.312332,17.485828]]]},"properties":{"id":"d21b39ccb3ce","height":null,"num_floors":null,"render_height_m":6.4,"height_label":"assumed"}},{"type":"Feature","geometry":{"type":"Polygon","coordinates":[[[78.312349,17.485779],[78.312353,17.485828],[78.312298,17.485832],[78.312294,17.485783],[78.312349,17.485779]]]},"properties":{"id":"e94f06607e4e","height":null,"num_floors":null,"render_height_m":6.4,"height_label":"assumed"}},{"type":"Feature","geometry":{"type":"Polygon","coordinates":[[[78.312447,17.485604],[78.312477,17.485606],[78.312476,17.485637],[78.312445,17.485635],[78.312447,17.485604]]]},"properties":{"id":"753c7d7e518e","height":null,"num_floors":null,"render_height_m":6.4,"height_label":"assumed"}},{"type":"Feature","geometry":{"type":"Polygon","coordinates":[[[78.312969,17.485571],[78.313005,17.485556],[78.313089,17.485745],[78.313053,17.48576],[78.312969,17.485571]]]},"properties":{"id":"18c722152967","height":null,"num_floors":null,"render_height_m":9.6,"height_label":"assumed"}},{"type":"Feature","geometry":{"type":"Polygon","coordinates":[[[78.313085,17.485628],[78.313138,17.485612],[78.313163,17.48569],[78.31311,17.485705],[78.313085,17.485628]]]},"properties":{"id":"6f040bdc905b","height":null,"num_floors":null,"render_height_m":6.4,"height_label":"assumed"}},{"type":"Feature","geometry":{"type":"Polygon","coordinates":[[[78.313185,17.485145],[78.312819,17.485313],[78.312663,17.485004],[78.313029,17.484836],[78.313185,17.485145]]]},"properties":{"id":"5a63ede5d77c","height":null,"num_floors":null,"render_height_m":19.2,"height_label":"assumed"}},{"type":"Feature","geometry":{"type":"Polygon","coordinates":[[[78.313073,17.484849],[78.313116,17.484931],[78.313089,17.484944],[78.313046,17.484862],[78.313073,17.484849]]]},"properties":{"id":"20b20b64d8e9","height":null,"num_floors":null,"render_height_m":6.4,"height_label":"assumed"}},{"type":"Feature","geometry":{"type":"Polygon","coordinates":[[[78.313569,17.484753],[78.313166,17.48494],[78.313101,17.484814],[78.313504,17.484627],[78.313569,17.484753]]]},"properties":{"id":"045adb4d8ae2","height":null,"num_floors":null,"render_height_m":12.8,"height_label":"assumed"}},{"type":"Feature","geometry":{"type":"Polygon","coordinates":[[[78.313745,17.485005],[78.313761,17.485048],[78.313694,17.48507],[78.313679,17.485027],[78.313745,17.485005]]]},"properties":{"id":"62e103a334f7","height":null,"num_floors":null,"render_height_m":6.4,"height_label":"assumed"}},{"type":"Feature","geometry":{"type":"Polygon","coordinates":[[[78.313279,17.485129],[78.313198,17.484983],[78.313581,17.48479],[78.313662,17.484935],[78.313279,17.485129]]]},"properties":{"id":"9d3042be5194","height":null,"num_floors":null,"render_height_m":19.2,"height_label":"assumed"}},{"type":"Feature","geometry":{"type":"Polygon","coordinates":[[[78.313654,17.48533],[78.313572,17.48534],[78.313564,17.485278],[78.313645,17.485268],[78.313654,17.48533]]]},"properties":{"id":"28096aaebe99","height":null,"num_floors":null,"render_height_m":6.4,"height_label":"assumed"}},{"type":"Feature","geometry":{"type":"Polygon","coordinates":[[[78.313904,17.484896],[78.313984,17.485073],[78.313869,17.48512],[78.31379,17.484943],[78.313904,17.484896]]]},"properties":{"id":"92f739c7185a","height":null,"num_floors":null,"render_height_m":12.8,"height_label":"assumed"}},{"type":"Feature","geometry":{"type":"Polygon","coordinates":[[[78.31381,17.484715],[78.31384,17.484785],[78.313721,17.484831],[78.313691,17.484762],[78.31381,17.484715]]]},"properties":{"id":"53ff6e565703","height":null,"num_floors":null,"render_height_m":9.6,"height_label":"assumed"}},{"type":"Feature","geometry":{"type":"Polygon","coordinates":[[[78.314086,17.485062],[78.313957,17.484803],[78.31414,17.48472],[78.314289,17.48502],[78.314194,17.485063],[78.314182,17.485039],[78.314138,17.485059],[78.31413,17.485042],[78.314086,17.485062]]]},"properties":{"id":"8df4f84b33c8","height":null,"num_floors":null,"render_height_m":12.8,"height_label":"assumed"}},{"type":"Feature","geometry":{"type":"Polygon","coordinates":[[[78.314566,17.485039],[78.314499,17.484904],[78.314618,17.48485],[78.314712,17.485038],[78.314667,17.485058],[78.31465,17.485022],[78.314601,17.485044],[78.314593,17.485027],[78.314566,17.485039]]]},"properties":{"id":"b9a72d01eb43","height":null,"num_floors":null,"render_height_m":12.8,"height_label":"assumed"}},{"type":"Feature","geometry":{"type":"Polygon","coordinates":[[[78.314019,17.485569],[78.314067,17.485563],[78.314073,17.485608],[78.314025,17.485614],[78.314019,17.485569]]]},"properties":{"id":"dcb8eb7bf16b","height":null,"num_floors":null,"render_height_m":6.4,"height_label":"assumed"}},{"type":"Feature","geometry":{"type":"Polygon","coordinates":[[[78.313737,17.486202],[78.31361,17.486238],[78.31359,17.486174],[78.313717,17.486138],[78.313737,17.486202]]]},"properties":{"id":"cdbde8da35ff","height":null,"num_floors":null,"render_height_m":9.6,"height_label":"assumed"}},{"type":"Feature","geometry":{"type":"Polygon","coordinates":[[[78.313586,17.486233],[78.313321,17.48631],[78.313287,17.486207],[78.313552,17.486129],[78.313586,17.486233]]]},"properties":{"id":"f7a833c2de92","height":null,"num_floors":null,"render_height_m":12.8,"height_label":"assumed"}},{"type":"Feature","geometry":{"type":"Polygon","coordinates":[[[78.314576,17.486156],[78.314465,17.48618],[78.314416,17.485982],[78.314526,17.485957],[78.314576,17.486156]]]},"properties":{"id":"8d663895e06c","height":null,"num_floors":null,"render_height_m":12.8,"height_label":"assumed"}},{"type":"Feature","geometry":{"type":"Polygon","coordinates":[[[78.314426,17.486312],[78.314013,17.486443],[78.3139,17.486145],[78.314347,17.486029],[78.314426,17.486312]]]},"properties":{"id":"2359383d5bd1","height":null,"num_floors":null,"render_height_m":19.2,"height_label":"assumed"}},{"type":"Feature","geometry":{"type":"Polygon","coordinates":[[[78.314246,17.486814],[78.314175,17.486828],[78.314163,17.486773],[78.314143,17.486777],[78.314135,17.486741],[78.31415,17.486739],[78.314144,17.486711],[78.314225,17.486695],[78.314218,17.486664],[78.314133,17.48668],[78.314126,17.486647],[78.314113,17.48665],[78.314101,17.486605],[78.314116,17.486602],[78.314105,17.48655],[78.314195,17.486533],[78.314215,17.486625],[78.314241,17.486619],[78.314222,17.486529],[78.314324,17.486509],[78.314341,17.48659],[78.314355,17.486587],[78.314335,17.486494],[78.314464,17.486469],[78.314481,17.486545],[78.314487,17.486544],[78.314472,17.486476],[78.314598,17.48645],[78.314616,17.486529],[78.314634,17.486525],[78.314617,17.486453],[78.314724,17.486431],[78.314743,17.486513],[78.314758,17.48651],[78.314738,17.486424],[78.314837,17.486403],[78.314849,17.486451],[78.314858,17.486449],[78.314868,17.486494],[78.314858,17.486497],[78.314865,17.486529],[78.314786,17.486546],[78.314793,17.486575],[78.314863,17.486559],[78.314871,17.486592],[78.314893,17.486587],[78.314903,17.486627],[78.314874,17.486633],[78.314886,17.486681],[78.31469,17.486724],[78.314678,17.486678],[78.314664,17.486681],[78.314658,17.486656],[78.314681,17.48665],[78.314676,17.486628],[78.314759,17.48661],[78.31475,17.486571],[78.314692,17.486584],[78.314686,17.486556],[78.314517,17.486592],[78.314524,17.486621],[78.314473,17.486632],[78.314466,17.486602],[78.314322,17.486632],[78.314329,17.486663],[78.314277,17.486674],[78.314283,17.486699],[78.314351,17.486685],[78.314357,17.486713],[78.314374,17.48671],[78.314382,17.486749],[78.314366,17.486752],[78.314375,17.486792],[78.314281,17.486811],[78.31427,17.486763],[78.314237,17.48677],[78.314246,17.486814]]]},"properties":{"id":"319add18e1b2","height":null,"num_floors":null,"render_height_m":19.2,"height_label":"assumed"}},{"type":"Feature","geometry":{"type":"Polygon","coordinates":[[[78.314608,17.486664],[78.314631,17.486663],[78.314632,17.48668],[78.314654,17.486679],[78.314657,17.486726],[78.314613,17.486729],[78.314608,17.486664]]]},"properties":{"id":"1de3da5b8a91","height":null,"num_floors":null,"render_height_m":6.4,"height_label":"assumed"}},{"type":"Feature","geometry":{"type":"Polygon","coordinates":[[[78.31455,17.487077],[78.314171,17.487156],[78.314121,17.486942],[78.3145,17.486862],[78.31455,17.487077]]]},"properties":{"id":"326b8172bfa0","height":null,"num_floors":null,"render_height_m":19.2,"height_label":"assumed"}},{"type":"Feature","geometry":{"type":"Polygon","coordinates":[[[78.313821,17.486611],[78.313439,17.486694],[78.313406,17.486554],[78.313787,17.48647],[78.313821,17.486611]]]},"properties":{"id":"f51f1e1956a0","height":null,"num_floors":null,"render_height_m":12.8,"height_label":"assumed"}},{"type":"Feature","geometry":{"type":"Polygon","coordinates":[[[78.313864,17.48681],[78.313506,17.486889],[78.313471,17.486743],[78.313829,17.486664],[78.313864,17.48681]]]},"properties":{"id":"f932ad468936","height":null,"num_floors":null,"render_height_m":12.8,"height_label":"assumed"}},{"type":"Feature","geometry":{"type":"Polygon","coordinates":[[[78.313922,17.487107],[78.313556,17.487191],[78.313493,17.48696],[78.313874,17.48688],[78.313922,17.487107]]]},"properties":{"id":"8ffcdf1ac664","height":null,"num_floors":null,"render_height_m":19.2,"height_label":"assumed"}},{"type":"Feature","geometry":{"type":"Polygon","coordinates":[[[78.313257,17.486173],[78.313135,17.485897],[78.313496,17.485751],[78.313624,17.486041],[78.313512,17.486086],[78.313506,17.486073],[78.31337,17.486128],[78.313257,17.486173]]]},"properties":{"id":"3f30f9b42e6e","height":null,"num_floors":null,"render_height_m":19.2,"height_label":"assumed"}},{"type":"Feature","geometry":{"type":"Polygon","coordinates":[[[78.312685,17.488372],[78.312599,17.488376],[78.312593,17.488244],[78.312678,17.48824],[78.312685,17.488372]]]},"properties":{"id":"31a93a1bc045","height":null,"num_floors":null,"render_height_m":9.6,"height_label":"assumed"}},{"type":"Feature","geometry":{"type":"Polygon","coordinates":[[[78.313553,17.488458],[78.313588,17.488453],[78.313595,17.488505],[78.313561,17.48851],[78.313553,17.488458]]]},"properties":{"id":"5207594bd76a","height":null,"num_floors":null,"render_height_m":6.4,"height_label":"assumed"}},{"type":"Feature","geometry":{"type":"Polygon","coordinates":[[[78.313549,17.488663],[78.313609,17.488655],[78.313612,17.488674],[78.313652,17.488669],[78.313673,17.488833],[78.313573,17.488845],[78.313549,17.488663]]]},"properties":{"id":"e797b9f7885c","height":null,"num_floors":null,"render_height_m":9.6,"height_label":"assumed"}},{"type":"Feature","geometry":{"type":"Polygon","coordinates":[[[78.313625,17.488514],[78.31363,17.488549],[78.313551,17.488561],[78.313545,17.488526],[78.313625,17.488514]]]},"properties":{"id":"6f66e88e62c9","height":null,"num_floors":null,"render_height_m":6.4,"height_label":"assumed"}},{"type":"Feature","geometry":{"type":"Polygon","coordinates":[[[78.314393,17.489251],[78.314029,17.489326],[78.313963,17.489034],[78.314328,17.48896],[78.314393,17.489251]]]},"properties":{"id":"fdfcd3dbea3b","height":null,"num_floors":null,"render_height_m":19.2,"height_label":"assumed"}},{"type":"Feature","geometry":{"type":"Polygon","coordinates":[[[78.314644,17.488433],[78.314676,17.488585],[78.314568,17.488605],[78.314536,17.488453],[78.314644,17.488433]]]},"properties":{"id":"b62cce9dd8cb","height":null,"num_floors":null,"render_height_m":9.6,"height_label":"assumed"}},{"type":"Feature","geometry":{"type":"Polygon","coordinates":[[[78.313952,17.488946],[78.313893,17.488681],[78.314244,17.488609],[78.314304,17.488874],[78.314207,17.488893],[78.314187,17.488804],[78.314132,17.488816],[78.314152,17.488905],[78.313952,17.488946]]]},"properties":{"id":"4fef1d76e51a","height":null,"num_floors":null,"render_height_m":19.2,"height_label":"assumed"}},{"type":"Feature","geometry":{"type":"Polygon","coordinates":[[[78.314151,17.488534],[78.314168,17.488621],[78.313986,17.488654],[78.313968,17.488567],[78.314151,17.488534]]]},"properties":{"id":"7996e1bf478c","height":null,"num_floors":null,"render_height_m":9.6,"height_label":"assumed"}},{"type":"Feature","geometry":{"type":"Polygon","coordinates":[[[78.314305,17.488505],[78.314323,17.488592],[78.314167,17.488621],[78.314149,17.488534],[78.314305,17.488505]]]},"properties":{"id":"6e8c6494e273","height":null,"num_floors":null,"render_height_m":9.6,"height_label":"assumed"}},{"type":"Feature","geometry":{"type":"Polygon","coordinates":[[[78.314253,17.488341],[78.314281,17.488482],[78.313902,17.488553],[78.313873,17.488412],[78.314253,17.488341]]]},"properties":{"id":"1c68a7a886f0","height":null,"num_floors":null,"render_height_m":12.8,"height_label":"assumed"}},{"type":"Feature","geometry":{"type":"Polygon","coordinates":[[[78.314433,17.487834],[78.314438,17.487866],[78.314352,17.487879],[78.314347,17.487847],[78.314433,17.487834]]]},"properties":{"id":"c01a94ac7fb6","height":null,"num_floors":null,"render_height_m":6.4,"height_label":"assumed"}},{"type":"Feature","geometry":{"type":"Polygon","coordinates":[[[78.314155,17.487948],[78.314224,17.488272],[78.313846,17.488346],[78.313811,17.488181],[78.313777,17.488022],[78.314155,17.487948]]]},"properties":{"id":"a7e267b177c4","height":null,"num_floors":null,"render_height_m":19.2,"height_label":"assumed"}},{"type":"Feature","geometry":{"type":"Polygon","coordinates":[[[78.313871,17.487786],[78.313676,17.487827],[78.313613,17.487553],[78.313807,17.487512],[78.313871,17.487786]]]},"properties":{"id":"021c35cf709a","height":null,"num_floors":null,"render_height_m":12.8,"height_label":"assumed"}},{"type":"Feature","geometry":{"type":"Polygon","coordinates":[[[78.314099,17.487753],[78.3139,17.487794],[78.313835,17.487512],[78.314034,17.48747],[78.314099,17.487753]]]},"properties":{"id":"f7ba48ad2b0d","height":null,"num_floors":null,"render_height_m":12.8,"height_label":"assumed"}},{"type":"Feature","geometry":{"type":"Polygon","coordinates":[[[78.313614,17.487481],[78.313572,17.487301],[78.313942,17.487223],[78.313984,17.487403],[78.313614,17.487481]]]},"properties":{"id":"6450fa00a15b","height":null,"num_floors":null,"render_height_m":19.2,"height_label":"assumed"}},{"type":"Feature","geometry":{"type":"Polygon","coordinates":[[[78.314464,17.487651],[78.314295,17.487686],[78.314261,17.487539],[78.31443,17.487504],[78.314464,17.487651]]]},"properties":{"id":"77e54c9b0b06","height":null,"num_floors":null,"render_height_m":12.8,"height_label":"assumed"}},{"type":"Feature","geometry":{"type":"Polygon","coordinates":[[[78.314706,17.487618],[78.314521,17.487656],[78.314482,17.487486],[78.314667,17.487447],[78.314706,17.487618]]]},"properties":{"id":"d93d4010018e","height":null,"num_floors":null,"render_height_m":12.8,"height_label":"assumed"}},{"type":"Feature","geometry":{"type":"Polygon","coordinates":[[[78.315078,17.487133],[78.314675,17.487217],[78.31464,17.487067],[78.315043,17.486982],[78.315078,17.487133]]]},"properties":{"id":"303dc4dd189f","height":null,"num_floors":null,"render_height_m":12.8,"height_label":"assumed"}},{"type":"Feature","geometry":{"type":"Polygon","coordinates":[[[78.315117,17.487302],[78.314714,17.487386],[78.314679,17.487235],[78.315082,17.487151],[78.315117,17.487302]]]},"properties":{"id":"7b960ba86f08","height":null,"num_floors":null,"render_height_m":12.8,"height_label":"assumed"}},{"type":"Feature","geometry":{"type":"Polygon","coordinates":[[[78.314882,17.487571],[78.314762,17.487596],[78.314729,17.487453],[78.314849,17.487428],[78.314882,17.487571]]]},"properties":{"id":"5bfa896d38ae","height":null,"num_floors":null,"render_height_m":9.6,"height_label":"assumed"}},{"type":"Feature","geometry":{"type":"Polygon","coordinates":[[[78.315164,17.487522],[78.314917,17.487574],[78.314883,17.487426],[78.31513,17.487374],[78.315164,17.487522]]]},"properties":{"id":"b264a6013f9e","height":null,"num_floors":null,"render_height_m":12.8,"height_label":"assumed"}},{"type":"Feature","geometry":{"type":"Polygon","coordinates":[[[78.315362,17.487302],[78.315416,17.48729],[78.315426,17.487333],[78.315372,17.487344],[78.315362,17.487302]]]},"properties":{"id":"2bee696c33a4","height":null,"num_floors":null,"render_height_m":6.4,"height_label":"assumed"}},{"type":"Feature","geometry":{"type":"Polygon","coordinates":[[[78.315564,17.487056],[78.315608,17.487237],[78.315311,17.487302],[78.315268,17.487121],[78.315564,17.487056]]]},"properties":{"id":"1745b1e9ff34","height":null,"num_floors":null,"render_height_m":12.8,"height_label":"assumed"}},{"type":"Feature","geometry":{"type":"Polygon","coordinates":[[[78.315843,17.487247],[78.315796,17.487245],[78.315797,17.487224],[78.315784,17.487223],[78.315792,17.487058],[78.315904,17.487063],[78.315903,17.48709],[78.315927,17.487091],[78.315925,17.487134],[78.3159,17.487133],[78.315897,17.487206],[78.315845,17.487204],[78.315843,17.487247]]]},"properties":{"id":"a4453d6db120","height":null,"num_floors":null,"render_height_m":9.6,"height_label":"assumed"}},{"type":"Feature","geometry":{"type":"Polygon","coordinates":[[[78.315481,17.487342],[78.315487,17.487372],[78.315409,17.487388],[78.315403,17.487357],[78.315481,17.487342]]]},"properties":{"id":"a3dbf7b12974","height":null,"num_floors":null,"render_height_m":6.4,"height_label":"assumed"}},{"type":"Feature","geometry":{"type":"Polygon","coordinates":[[[78.315551,17.487807],[78.315462,17.487825],[78.31543,17.487686],[78.315519,17.487667],[78.315551,17.487807]]]},"properties":{"id":"876922bd3946","height":null,"num_floors":null,"render_height_m":9.6,"height_label":"assumed"}},{"type":"Feature","geometry":{"type":"Polygon","coordinates":[[[78.315557,17.487626],[78.315591,17.487623],[78.315595,17.487659],[78.315561,17.487662],[78.315557,17.487626]]]},"properties":{"id":"9344ac13ebd2","height":null,"num_floors":null,"render_height_m":6.4,"height_label":"assumed"}},{"type":"Feature","geometry":{"type":"Polygon","coordinates":[[[78.315794,17.487709],[78.3158,17.487814],[78.315756,17.487816],[78.31575,17.487711],[78.315794,17.487709]]]},"properties":{"id":"e3ae24d1d13b","height":null,"num_floors":null,"render_height_m":6.4,"height_label":"assumed"}},{"type":"Feature","geometry":{"type":"Polygon","coordinates":[[[78.315628,17.487733],[78.315686,17.487979],[78.315616,17.487994],[78.315558,17.487748],[78.315628,17.487733]]]},"properties":{"id":"caf655ae9683","height":null,"num_floors":null,"render_height_m":9.6,"height_label":"assumed"}},{"type":"Feature","geometry":{"type":"Polygon","coordinates":[[[78.315577,17.488156],[78.31561,17.48815],[78.315616,17.488184],[78.315583,17.48819],[78.315577,17.488156]]]},"properties":{"id":"24fa2dc9231c","height":null,"num_floors":null,"render_height_m":6.4,"height_label":"assumed"}},{"type":"Feature","geometry":{"type":"Polygon","coordinates":[[[78.3156,17.488023],[78.315503,17.488043],[78.315464,17.487874],[78.315561,17.487853],[78.3156,17.488023]]]},"properties":{"id":"054dc523e915","height":null,"num_floors":null,"render_height_m":9.6,"height_label":"assumed"}},{"type":"Feature","geometry":{"type":"Polygon","coordinates":[[[78.315287,17.488119],[78.314938,17.488193],[78.314852,17.487816],[78.3152,17.487743],[78.315287,17.488119]]]},"properties":{"id":"4f945f9b7085","height":null,"num_floors":null,"render_height_m":19.2,"height_label":"assumed"}},{"type":"Feature","geometry":{"type":"Polygon","coordinates":[[[78.314852,17.488183],[78.314752,17.488204],[78.314672,17.487854],[78.314771,17.487833],[78.314852,17.488183]]]},"properties":{"id":"987c57f046b8","height":null,"num_floors":null,"render_height_m":12.8,"height_label":"assumed"}},{"type":"Feature","geometry":{"type":"Polygon","coordinates":[[[78.315229,17.488496],[78.315269,17.488496],[78.315269,17.488527],[78.315229,17.488526],[78.315229,17.488496]]]},"properties":{"id":"f8c94b41b650","height":null,"num_floors":null,"render_height_m":6.4,"height_label":"assumed"}},{"type":"Feature","geometry":{"type":"Polygon","coordinates":[[[78.315217,17.48856],[78.315274,17.488553],[78.315279,17.488587],[78.315222,17.488594],[78.315217,17.48856]]]},"properties":{"id":"630545c91515","height":null,"num_floors":null,"render_height_m":6.4,"height_label":"assumed"}},{"type":"Feature","geometry":{"type":"Polygon","coordinates":[[[78.314949,17.488698],[78.314723,17.488741],[78.314644,17.488368],[78.314871,17.488325],[78.314949,17.488698]]]},"properties":{"id":"a7baa68922ae","height":null,"num_floors":null,"render_height_m":19.2,"height_label":"assumed"}},{"type":"Feature","geometry":{"type":"Polygon","coordinates":[[[78.314676,17.488586],[78.314719,17.488797],[78.314611,17.488817],[78.314578,17.488655],[78.314628,17.488646],[78.314618,17.488597],[78.314676,17.488586]]]},"properties":{"id":"9ea273322687","height":null,"num_floors":null,"render_height_m":9.6,"height_label":"assumed"}},{"type":"Feature","geometry":{"type":"Polygon","coordinates":[[[78.314918,17.489154],[78.314819,17.489173],[78.3148,17.489082],[78.314684,17.489105],[78.314663,17.489009],[78.314877,17.488966],[78.314898,17.489062],[78.314918,17.489154]]]},"properties":{"id":"9cb3fbf20453","height":null,"num_floors":null,"render_height_m":12.8,"height_label":"assumed"}},{"type":"Feature","geometry":{"type":"Polygon","coordinates":[[[78.315145,17.489109],[78.315162,17.489187],[78.314998,17.48922],[78.314986,17.489164],[78.315038,17.489153],[78.315033,17.489131],[78.315145,17.489109]]]},"properties":{"id":"3a9e2374f63c","height":null,"num_floors":null,"render_height_m":9.6,"height_label":"assumed"}},{"type":"Feature","geometry":{"type":"Polygon","coordinates":[[[78.315165,17.489203],[78.315203,17.489379],[78.314989,17.489422],[78.314951,17.489245],[78.315165,17.489203]]]},"properties":{"id":"cebe39ba7fde","height":null,"num_floors":null,"render_height_m":12.8,"height_label":"assumed"}},{"type":"Feature","geometry":{"type":"Polygon","coordinates":[[[78.314992,17.488943],[78.315023,17.489085],[78.31492,17.489105],[78.31489,17.488963],[78.314992,17.488943]]]},"properties":{"id":"a7baf0162db5","height":null,"num_floors":null,"render_height_m":9.6,"height_label":"assumed"}},{"type":"Feature","geometry":{"type":"Polygon","coordinates":[[[78.315104,17.488921],[78.315125,17.489017],[78.315013,17.489039],[78.314992,17.488943],[78.315104,17.488921]]]},"properties":{"id":"cf755188cdaa","height":null,"num_floors":null,"render_height_m":9.6,"height_label":"assumed"}},{"type":"Feature","geometry":{"type":"Polygon","coordinates":[[[78.315577,17.489349],[78.315365,17.48931],[78.315381,17.489231],[78.315593,17.489269],[78.315577,17.489349]]]},"properties":{"id":"27a5aa7e705c","height":null,"num_floors":null,"render_height_m":9.6,"height_label":"assumed"}},{"type":"Feature","geometry":{"type":"Polygon","coordinates":[[[78.315564,17.489026],[78.315526,17.489191],[78.31549,17.489184],[78.315528,17.489019],[78.315564,17.489026]]]},"properties":{"id":"ad36e78d64fd","height":null,"num_floors":null,"render_height_m":6.4,"height_label":"assumed"}},{"type":"Feature","geometry":{"type":"Polygon","coordinates":[[[78.315602,17.489173],[78.315545,17.489161],[78.315554,17.489121],[78.315612,17.489134],[78.315602,17.489173]]]},"properties":{"id":"14dac194fb60","height":null,"num_floors":null,"render_height_m":6.4,"height_label":"assumed"}},{"type":"Feature","geometry":{"type":"Polygon","coordinates":[[[78.315843,17.489346],[78.315697,17.489332],[78.315704,17.489263],[78.315851,17.489277],[78.315843,17.489346]]]},"properties":{"id":"9ad9be0cc7dd","height":null,"num_floors":null,"render_height_m":9.6,"height_label":"assumed"}},{"type":"Feature","geometry":{"type":"Polygon","coordinates":[[[78.315816,17.489131],[78.31575,17.489127],[78.315755,17.489055],[78.315821,17.48906],[78.315816,17.489131]]]},"properties":{"id":"c16b6393b238","height":null,"num_floors":null,"render_height_m":6.4,"height_label":"assumed"}},{"type":"Feature","geometry":{"type":"Polygon","coordinates":[[[78.315879,17.489124],[78.315829,17.48912],[78.315836,17.489047],[78.315888,17.489052],[78.315879,17.489124]]]},"properties":{"id":"4987d3c87da1","height":null,"num_floors":null,"render_height_m":6.4,"height_label":"assumed"}},{"type":"Feature","geometry":{"type":"Polygon","coordinates":[[[78.315839,17.489042],[78.315784,17.489035],[78.315797,17.488942],[78.315852,17.488949],[78.315839,17.489042]]]},"properties":{"id":"f7e6bad9b0f6","height":null,"num_floors":null,"render_height_m":6.4,"height_label":"assumed"}},{"type":"Feature","geometry":{"type":"Polygon","coordinates":[[[78.315649,17.488998],[78.3156,17.488987],[78.315618,17.488914],[78.315668,17.488925],[78.315649,17.488998]]]},"properties":{"id":"7ecfabf9903b","height":null,"num_floors":null,"render_height_m":6.4,"height_label":"assumed"}},{"type":"Feature","geometry":{"type":"Polygon","coordinates":[[[78.315585,17.488779],[78.315771,17.48882],[78.315752,17.488902],[78.315566,17.488861],[78.315585,17.488779]]]},"properties":{"id":"281840df99c6","height":null,"num_floors":null,"render_height_m":9.6,"height_label":"assumed"}},{"type":"Feature","geometry":{"type":"Polygon","coordinates":[[[78.315882,17.488921],[78.315825,17.488916],[78.31584,17.488764],[78.315897,17.488769],[78.315882,17.488921]]]},"properties":{"id":"208ae64a312d","height":null,"num_floors":null,"render_height_m":9.6,"height_label":"assumed"}},{"type":"Feature","geometry":{"type":"Polygon","coordinates":[[[78.315741,17.488808],[78.315681,17.488791],[78.315714,17.488683],[78.315774,17.4887],[78.315741,17.488808]]]},"properties":{"id":"2ee4f1bfcf50","height":null,"num_floors":null,"render_height_m":9.6,"height_label":"assumed"}},{"type":"Feature","geometry":{"type":"Polygon","coordinates":[[[78.315721,17.488605],[78.315817,17.48861],[78.315815,17.488647],[78.315719,17.488643],[78.315721,17.488605]]]},"properties":{"id":"48dfb372aa67","height":null,"num_floors":null,"render_height_m":6.4,"height_label":"assumed"}},{"type":"Feature","geometry":{"type":"Polygon","coordinates":[[[78.315678,17.488612],[78.315715,17.488615],[78.315711,17.488653],[78.315674,17.488649],[78.315678,17.488612]]]},"properties":{"id":"a9eb8115f484","height":null,"num_floors":null,"render_height_m":6.4,"height_label":"assumed"}},{"type":"Feature","geometry":{"type":"Polygon","coordinates":[[[78.315671,17.488498],[78.315738,17.488504],[78.315734,17.488539],[78.315667,17.488533],[78.315671,17.488498]]]},"properties":{"id":"b914b30cde91","height":null,"num_floors":null,"render_height_m":6.4,"height_label":"assumed"}},{"type":"Feature","geometry":{"type":"Polygon","coordinates":[[[78.315654,17.488481],[78.315688,17.488477],[78.315691,17.488504],[78.315658,17.488508],[78.315654,17.488481]]]},"properties":{"id":"704d34718c9b","height":null,"num_floors":null,"render_height_m":6.4,"height_label":"assumed"}},{"type":"Feature","geometry":{"type":"Polygon","coordinates":[[[78.315341,17.488529],[78.315348,17.488578],[78.315305,17.488584],[78.315298,17.488534],[78.315341,17.488529]]]},"properties":{"id":"47cb70be1b8b","height":null,"num_floors":null,"render_height_m":6.4,"height_label":"assumed"}},{"type":"Feature","geometry":{"type":"Polygon","coordinates":[[[78.315414,17.4885],[78.315418,17.488536],[78.315392,17.488539],[78.315388,17.488503],[78.315414,17.4885]]]},"properties":{"id":"72c81b56ef8c","height":null,"num_floors":null,"render_height_m":6.4,"height_label":"assumed"}},{"type":"Feature","geometry":{"type":"Polygon","coordinates":[[[78.315418,17.488536],[78.315453,17.488532],[78.315457,17.488564],[78.315421,17.488567],[78.315418,17.488536]]]},"properties":{"id":"6279080465aa","height":null,"num_floors":null,"render_height_m":6.4,"height_label":"assumed"}},{"type":"Feature","geometry":{"type":"Polygon","coordinates":[[[78.315406,17.488436],[78.315441,17.488432],[78.315445,17.488462],[78.315409,17.488465],[78.315406,17.488436]]]},"properties":{"id":"09a98bd29111","height":null,"num_floors":null,"render_height_m":6.4,"height_label":"assumed"}},{"type":"Feature","geometry":{"type":"Polygon","coordinates":[[[78.315354,17.488471],[78.315409,17.488465],[78.315414,17.4885],[78.315358,17.488506],[78.315354,17.488471]]]},"properties":{"id":"9102c39ab58d","height":null,"num_floors":null,"render_height_m":6.4,"height_label":"assumed"}},{"type":"Feature","geometry":{"type":"Polygon","coordinates":[[[78.31535,17.488442],[78.315381,17.488438],[78.315384,17.488468],[78.315354,17.488471],[78.31535,17.488442]]]},"properties":{"id":"aa54cfb2e2cd","height":null,"num_floors":null,"render_height_m":6.4,"height_label":"assumed"}},{"type":"Feature","geometry":{"type":"Polygon","coordinates":[[[78.315685,17.488302],[78.315689,17.488336],[78.315617,17.488345],[78.315613,17.48831],[78.315685,17.488302]]]},"properties":{"id":"c7b2204e8c1e","height":null,"num_floors":null,"render_height_m":6.4,"height_label":"assumed"}},{"type":"Feature","geometry":{"type":"Polygon","coordinates":[[[78.315585,17.488313],[78.315613,17.48831],[78.315617,17.488345],[78.315589,17.488348],[78.315585,17.488313]]]},"properties":{"id":"44af16730325","height":null,"num_floors":null,"render_height_m":6.4,"height_label":"assumed"}},{"type":"Feature","geometry":{"type":"Polygon","coordinates":[[[78.315632,17.488276],[78.315636,17.488313],[78.315585,17.488317],[78.315582,17.48828],[78.315632,17.488276]]]},"properties":{"id":"2e4f0ca52155","height":null,"num_floors":null,"render_height_m":6.4,"height_label":"assumed"}},{"type":"Feature","geometry":{"type":"Polygon","coordinates":[[[78.315742,17.488418],[78.315744,17.48844],[78.315688,17.488444],[78.315686,17.488422],[78.315742,17.488418]]]},"properties":{"id":"4c9bd7aec812","height":null,"num_floors":null,"render_height_m":6.4,"height_label":"assumed"}},{"type":"Feature","geometry":{"type":"Polygon","coordinates":[[[78.315759,17.488438],[78.31576,17.488457],[78.315692,17.48846],[78.315692,17.48844],[78.315759,17.488438]]]},"properties":{"id":"fbfb19c15537","height":null,"num_floors":null,"render_height_m":6.4,"height_label":"assumed"}},{"type":"Feature","geometry":{"type":"Polygon","coordinates":[[[78.315931,17.488329],[78.315861,17.488346],[78.315834,17.488246],[78.315904,17.488229],[78.315931,17.488329]]]},"properties":{"id":"d31b5c362602","height":null,"num_floors":null,"render_height_m":9.6,"height_label":"assumed"}},{"type":"Feature","geometry":{"type":"Polygon","coordinates":[[[78.316109,17.488516],[78.316003,17.488516],[78.316004,17.488423],[78.31611,17.488423],[78.316109,17.488516]]]},"properties":{"id":"c6cb8561e554","height":null,"num_floors":null,"render_height_m":9.6,"height_label":"assumed"}},{"type":"Feature","geometry":{"type":"Polygon","coordinates":[[[78.31604,17.488148],[78.3161,17.488314],[78.316031,17.488337],[78.315971,17.48817],[78.31604,17.488148]]]},"properties":{"id":"f4e7f9570698","height":null,"num_floors":null,"render_height_m":9.6,"height_label":"assumed"}},{"type":"Feature","geometry":{"type":"Polygon","coordinates":[[[78.316208,17.488307],[78.316136,17.488323],[78.316113,17.488227],[78.316185,17.488211],[78.316208,17.488307]]]},"properties":{"id":"f81d64fd630b","height":null,"num_floors":null,"render_height_m":9.6,"height_label":"assumed"}},{"type":"Feature","geometry":{"type":"Polygon","coordinates":[[[78.31632,17.48831],[78.316213,17.488317],[78.316205,17.488205],[78.316287,17.4882],[78.316288,17.488225],[78.316314,17.488224],[78.31632,17.48831]]]},"properties":{"id":"28963f7b7faf","height":null,"num_floors":null,"render_height_m":9.6,"height_label":"assumed"}},{"type":"Feature","geometry":{"type":"Polygon","coordinates":[[[78.316438,17.488301],[78.316342,17.488305],[78.316338,17.488218],[78.316434,17.488214],[78.316438,17.488301]]]},"properties":{"id":"42beac80d41c","height":null,"num_floors":null,"render_height_m":9.6,"height_label":"assumed"}},{"type":"Feature","geometry":{"type":"Polygon","coordinates":[[[78.316511,17.488296],[78.316447,17.4883],[78.316442,17.48822],[78.316507,17.488217],[78.316511,17.488296]]]},"properties":{"id":"8b3fd463b4fb","height":null,"num_floors":null,"render_height_m":6.4,"height_label":"assumed"}},{"type":"Feature","geometry":{"type":"Polygon","coordinates":[[[78.316487,17.488477],[78.316402,17.488479],[78.316399,17.488382],[78.316484,17.48838],[78.316487,17.488477]]]},"properties":{"id":"8a08910f1b7b","height":null,"num_floors":null,"render_height_m":9.6,"height_label":"assumed"}},{"type":"Feature","geometry":{"type":"Polygon","coordinates":[[[78.316309,17.488507],[78.316173,17.488504],[78.316176,17.488396],[78.316312,17.4884],[78.316309,17.488507]]]},"properties":{"id":"62f930b91456","height":null,"num_floors":null,"render_height_m":9.6,"height_label":"assumed"}},{"type":"Feature","geometry":{"type":"Polygon","coordinates":[[[78.316283,17.488628],[78.316157,17.488628],[78.316158,17.488519],[78.316284,17.48852],[78.316283,17.488628]]]},"properties":{"id":"90db98072423","height":null,"num_floors":null,"render_height_m":9.6,"height_label":"assumed"}},{"type":"Feature","geometry":{"type":"Polygon","coordinates":[[[78.316549,17.488644],[78.316399,17.488646],[78.316398,17.488572],[78.316547,17.48857],[78.316549,17.488644]]]},"properties":{"id":"148118cf56ee","height":null,"num_floors":null,"render_height_m":9.6,"height_label":"assumed"}},{"type":"Feature","geometry":{"type":"Polygon","coordinates":[[[78.316536,17.488766],[78.31638,17.488762],[78.316383,17.488656],[78.316539,17.48866],[78.316536,17.488766]]]},"properties":{"id":"577a9c12c38d","height":null,"num_floors":null,"render_height_m":9.6,"height_label":"assumed"}},{"type":"Feature","geometry":{"type":"Polygon","coordinates":[[[78.316286,17.488763],[78.316153,17.488752],[78.31616,17.488675],[78.316292,17.488685],[78.316286,17.488763]]]},"properties":{"id":"04ff00286893","height":null,"num_floors":null,"render_height_m":9.6,"height_label":"assumed"}},{"type":"Feature","geometry":{"type":"Polygon","coordinates":[[[78.316104,17.488635],[78.315998,17.488637],[78.315996,17.488534],[78.316102,17.488532],[78.316104,17.488635]]]},"properties":{"id":"70b3e9a3676a","height":null,"num_floors":null,"render_height_m":9.6,"height_label":"assumed"}},{"type":"Feature","geometry":{"type":"Polygon","coordinates":[[[78.316025,17.488806],[78.315911,17.488796],[78.315918,17.488733],[78.316031,17.488743],[78.316025,17.488806]]]},"properties":{"id":"f3bede9afd99","height":null,"num_floors":null,"render_height_m":9.6,"height_label":"assumed"}},{"type":"Feature","geometry":{"type":"Polygon","coordinates":[[[78.315997,17.488936],[78.315897,17.488926],[78.315909,17.488815],[78.316009,17.488824],[78.315997,17.488936]]]},"properties":{"id":"2c7d5048794c","height":null,"num_floors":null,"render_height_m":9.6,"height_label":"assumed"}},{"type":"Feature","geometry":{"type":"Polygon","coordinates":[[[78.316267,17.488968],[78.316029,17.488947],[78.316049,17.488748],[78.316287,17.48877],[78.316267,17.488968]]]},"properties":{"id":"b89ed1a27002","height":null,"num_floors":null,"render_height_m":12.8,"height_label":"assumed"}},{"type":"Feature","geometry":{"type":"Polygon","coordinates":[[[78.315928,17.488988],[78.316036,17.488998],[78.316029,17.489068],[78.315922,17.489058],[78.315928,17.488988]]]},"properties":{"id":"f98e89d98b77","height":null,"num_floors":null,"render_height_m":9.6,"height_label":"assumed"}},{"type":"Feature","geometry":{"type":"Polygon","coordinates":[[[78.315969,17.489189],[78.315889,17.489184],[78.315896,17.489094],[78.315975,17.489099],[78.315969,17.489189]]]},"properties":{"id":"7080b5fecb0d","height":null,"num_floors":null,"render_height_m":9.6,"height_label":"assumed"}},{"type":"Feature","geometry":{"type":"Polygon","coordinates":[[[78.31595,17.489376],[78.315861,17.489368],[78.315879,17.489195],[78.315967,17.489203],[78.31595,17.489376]]]},"properties":{"id":"b6713264e4c6","height":null,"num_floors":null,"render_height_m":9.6,"height_label":"assumed"}},{"type":"Feature","geometry":{"type":"Polygon","coordinates":[[[78.316078,17.489386],[78.315978,17.48938],[78.31599,17.489209],[78.316091,17.489215],[78.316078,17.489386]]]},"properties":{"id":"400cf82167a5","height":null,"num_floors":null,"render_height_m":9.6,"height_label":"assumed"}},{"type":"Feature","geometry":{"type":"Polygon","coordinates":[[[78.316202,17.489373],[78.316094,17.489366],[78.316102,17.489261],[78.316209,17.489268],[78.316202,17.489373]]]},"properties":{"id":"1dd0951a4d2a","height":null,"num_floors":null,"render_height_m":9.6,"height_label":"assumed"}},{"type":"Feature","geometry":{"type":"Polygon","coordinates":[[[78.316094,17.489199],[78.316005,17.489193],[78.316013,17.48908],[78.316102,17.489086],[78.316094,17.489199]]]},"properties":{"id":"ee643555c25b","height":null,"num_floors":null,"render_height_m":9.6,"height_label":"assumed"}},{"type":"Feature","geometry":{"type":"Polygon","coordinates":[[[78.316212,17.489197],[78.316114,17.489191],[78.316126,17.489025],[78.316224,17.489032],[78.316212,17.489197]]]},"properties":{"id":"ca0ea17372e6","height":null,"num_floors":null,"render_height_m":9.6,"height_label":"assumed"}},{"type":"Feature","geometry":{"type":"Polygon","coordinates":[[[78.31648,17.489234],[78.316317,17.489226],[78.316321,17.489168],[78.316483,17.489176],[78.31648,17.489234]]]},"properties":{"id":"7b0e22d0d2c8","height":null,"num_floors":null,"render_height_m":9.6,"height_label":"assumed"}},{"type":"Feature","geometry":{"type":"Polygon","coordinates":[[[78.316307,17.489117],[78.316313,17.489035],[78.316473,17.489045],[78.316467,17.489127],[78.316307,17.489117]]]},"properties":{"id":"4680f7315951","height":null,"num_floors":null,"render_height_m":9.6,"height_label":"assumed"}},{"type":"Feature","geometry":{"type":"Polygon","coordinates":[[[78.316482,17.48901],[78.316333,17.488993],[78.316342,17.488924],[78.31649,17.488941],[78.316482,17.48901]]]},"properties":{"id":"352b45c8dcbb","height":null,"num_floors":null,"render_height_m":9.6,"height_label":"assumed"}},{"type":"Feature","geometry":{"type":"Polygon","coordinates":[[[78.316499,17.488928],[78.316346,17.488912],[78.316355,17.488836],[78.316508,17.488852],[78.316499,17.488928]]]},"properties":{"id":"a3e347e67a81","height":null,"num_floors":null,"render_height_m":9.6,"height_label":"assumed"}},{"type":"Feature","geometry":{"type":"Polygon","coordinates":[[[78.316487,17.488839],[78.316362,17.488829],[78.316367,17.488772],[78.316491,17.488782],[78.316487,17.488839]]]},"properties":{"id":"97ebfbd64f36","height":null,"num_floors":null,"render_height_m":9.6,"height_label":"assumed"}},{"type":"Feature","geometry":{"type":"Polygon","coordinates":[[[78.316703,17.48895],[78.316524,17.488932],[78.316533,17.488847],[78.316712,17.488865],[78.316703,17.48895]]]},"properties":{"id":"70d2f57c1c5c","height":null,"num_floors":null,"render_height_m":9.6,"height_label":"assumed"}},{"type":"Feature","geometry":{"type":"Polygon","coordinates":[[[78.316593,17.488793],[78.316592,17.488817],[78.316541,17.488815],[78.316542,17.488791],[78.316593,17.488793]]]},"properties":{"id":"d94ff7e51ca6","height":null,"num_floors":null,"render_height_m":6.4,"height_label":"assumed"}},{"type":"Feature","geometry":{"type":"Polygon","coordinates":[[[78.316497,17.489154],[78.316503,17.489062],[78.316666,17.489072],[78.31666,17.489164],[78.316497,17.489154]]]},"properties":{"id":"516550d6335e","height":null,"num_floors":null,"render_height_m":9.6,"height_label":"assumed"}},{"type":"Feature","geometry":{"type":"Polygon","coordinates":[[[78.316631,17.489326],[78.316474,17.489313],[78.31648,17.489239],[78.316638,17.489251],[78.316631,17.489326]]]},"properties":{"id":"8bff97aae74b","height":null,"num_floors":null,"render_height_m":9.6,"height_label":"assumed"}},{"type":"Feature","geometry":{"type":"Polygon","coordinates":[[[78.316844,17.489358],[78.316711,17.489351],[78.316717,17.489265],[78.31685,17.489273],[78.316844,17.489358]]]},"properties":{"id":"f5ceb2499fa9","height":null,"num_floors":null,"render_height_m":9.6,"height_label":"assumed"}},{"type":"Feature","geometry":{"type":"Polygon","coordinates":[[[78.3169,17.489254],[78.316738,17.489245],[78.316743,17.489176],[78.316904,17.489185],[78.3169,17.489254]]]},"properties":{"id":"e347f08af78b","height":null,"num_floors":null,"render_height_m":9.6,"height_label":"assumed"}},{"type":"Feature","geometry":{"type":"Polygon","coordinates":[[[78.317028,17.489394],[78.316912,17.489387],[78.31692,17.489269],[78.317035,17.489276],[78.317028,17.489394]]]},"properties":{"id":"48d107987a36","height":null,"num_floors":null,"render_height_m":9.6,"height_label":"assumed"}},{"type":"Feature","geometry":{"type":"Polygon","coordinates":[[[78.317049,17.489265],[78.316922,17.489258],[78.31693,17.489141],[78.317056,17.489148],[78.317049,17.489265]]]},"properties":{"id":"7d68f7ab25c6","height":null,"num_floors":null,"render_height_m":9.6,"height_label":"assumed"}},{"type":"Feature","geometry":{"type":"Polygon","coordinates":[[[78.317054,17.489132],[78.316943,17.489126],[78.316949,17.48903],[78.31706,17.489036],[78.317054,17.489132]]]},"properties":{"id":"5fee57ecf2d5","height":null,"num_floors":null,"render_height_m":9.6,"height_label":"assumed"}},{"type":"Feature","geometry":{"type":"Polygon","coordinates":[[[78.317075,17.489021],[78.31695,17.489014],[78.316957,17.488901],[78.317082,17.488908],[78.317075,17.489021]]]},"properties":{"id":"8221f57c829f","height":null,"num_floors":null,"render_height_m":9.6,"height_label":"assumed"}},{"type":"Feature","geometry":{"type":"Polygon","coordinates":[[[78.316932,17.489116],[78.316761,17.489106],[78.316768,17.488992],[78.316939,17.489002],[78.316932,17.489116]]]},"properties":{"id":"cf5ac3697276","height":null,"num_floors":null,"render_height_m":9.6,"height_label":"assumed"}},{"type":"Feature","geometry":{"type":"Polygon","coordinates":[[[78.31693,17.488978],[78.316778,17.48897],[78.316784,17.488867],[78.316937,17.488876],[78.31693,17.488978]]]},"properties":{"id":"351b736f658c","height":null,"num_floors":null,"render_height_m":9.6,"height_label":"assumed"}},{"type":"Feature","geometry":{"type":"Polygon","coordinates":[[[78.316935,17.488851],[78.316795,17.488843],[78.316802,17.488744],[78.316941,17.488752],[78.316935,17.488851]]]},"properties":{"id":"16f035b36926","height":null,"num_floors":null,"render_height_m":9.6,"height_label":"assumed"}},{"type":"Feature","geometry":{"type":"Polygon","coordinates":[[[78.317088,17.488894],[78.316975,17.488888],[78.316983,17.488774],[78.317095,17.488781],[78.317088,17.488894]]]},"properties":{"id":"80828cce093c","height":null,"num_floors":null,"render_height_m":9.6,"height_label":"assumed"}},{"type":"Feature","geometry":{"type":"Polygon","coordinates":[[[78.317104,17.488754],[78.316981,17.488747],[78.316988,17.488639],[78.317111,17.488646],[78.317104,17.488754]]]},"properties":{"id":"445c80feff5e","height":null,"num_floors":null,"render_height_m":9.6,"height_label":"assumed"}},{"type":"Feature","geometry":{"type":"Polygon","coordinates":[[[78.317044,17.488579],[78.316994,17.488574],[78.317005,17.488465],[78.317055,17.48847],[78.317044,17.488579]]]},"properties":{"id":"fc7dc8bb3c97","height":null,"num_floors":null,"render_height_m":6.4,"height_label":"assumed"}},{"type":"Feature","geometry":{"type":"Polygon","coordinates":[[[78.316979,17.488577],[78.316828,17.488563],[78.316841,17.488441],[78.316992,17.488455],[78.316979,17.488577]]]},"properties":{"id":"79c159dc6435","height":null,"num_floors":null,"render_height_m":9.6,"height_label":"assumed"}},{"type":"Feature","geometry":{"type":"Polygon","coordinates":[[[78.316949,17.488735],[78.316817,17.488727],[78.316823,17.48863],[78.316955,17.488637],[78.316949,17.488735]]]},"properties":{"id":"d499ed074bb6","height":null,"num_floors":null,"render_height_m":9.6,"height_label":"assumed"}},{"type":"Feature","geometry":{"type":"Polygon","coordinates":[[[78.316726,17.488786],[78.316563,17.488787],[78.316563,17.488674],[78.316726,17.488674],[78.316726,17.488786]]]},"properties":{"id":"599048846f2f","height":null,"num_floors":null,"render_height_m":9.6,"height_label":"assumed"}},{"type":"Feature","geometry":{"type":"Polygon","coordinates":[[[78.316555,17.488558],[78.316439,17.488564],[78.316435,17.488498],[78.316551,17.488492],[78.316555,17.488558]]]},"properties":{"id":"c5e5cb74755c","height":null,"num_floors":null,"render_height_m":9.6,"height_label":"assumed"}},{"type":"Feature","geometry":{"type":"Polygon","coordinates":[[[78.316588,17.488594],[78.316586,17.488531],[78.316751,17.488527],[78.316753,17.488589],[78.316588,17.488594]]]},"properties":{"id":"471d4f995de9","height":null,"num_floors":null,"render_height_m":9.6,"height_label":"assumed"}},{"type":"Feature","geometry":{"type":"Polygon","coordinates":[[[78.316733,17.488662],[78.316605,17.488663],[78.316605,17.488602],[78.316733,17.488602],[78.316733,17.488662]]]},"properties":{"id":"607be6b22b7e","height":null,"num_floors":null,"render_height_m":9.6,"height_label":"assumed"}},{"type":"Feature","geometry":{"type":"Polygon","coordinates":[[[78.316665,17.488507],[78.316577,17.488507],[78.316577,17.488368],[78.316666,17.488368],[78.316665,17.488507]]]},"properties":{"id":"a3c743dd7537","height":null,"num_floors":null,"render_height_m":9.6,"height_label":"assumed"}},{"type":"Feature","geometry":{"type":"Polygon","coordinates":[[[78.316726,17.488263],[78.316649,17.488262],[78.316649,17.488203],[78.316727,17.488204],[78.316726,17.488263]]]},"properties":{"id":"8d0465fb3f6b","height":null,"num_floors":null,"render_height_m":6.4,"height_label":"assumed"}},{"type":"Feature","geometry":{"type":"Polygon","coordinates":[[[78.316805,17.488279],[78.316735,17.488278],[78.316736,17.488205],[78.316806,17.488206],[78.316805,17.488279]]]},"properties":{"id":"e4b87ed2d549","height":null,"num_floors":null,"render_height_m":6.4,"height_label":"assumed"}},{"type":"Feature","geometry":{"type":"Polygon","coordinates":[[[78.316985,17.488446],[78.316858,17.488431],[78.316872,17.488328],[78.316998,17.488343],[78.316985,17.488446]]]},"properties":{"id":"453bfbfbe4cd","height":null,"num_floors":null,"render_height_m":9.6,"height_label":"assumed"}},{"type":"Feature","geometry":{"type":"Polygon","coordinates":[[[78.31713,17.488427],[78.317022,17.488441],[78.317009,17.488352],[78.317117,17.488338],[78.31713,17.488427]]]},"properties":{"id":"9c8a9ef440c5","height":null,"num_floors":null,"render_height_m":9.6,"height_label":"assumed"}},{"type":"Feature","geometry":{"type":"Polygon","coordinates":[[[78.317092,17.488202],[78.316911,17.488209],[78.316907,17.488118],[78.317088,17.488111],[78.317092,17.488202]]]},"properties":{"id":"0e8a7c3411e2","height":null,"num_floors":null,"render_height_m":9.6,"height_label":"assumed"}},{"type":"Feature","geometry":{"type":"Polygon","coordinates":[[[78.316758,17.48804],[78.316762,17.487989],[78.316819,17.487993],[78.316815,17.488044],[78.316758,17.48804]]]},"properties":{"id":"e689316b9057","height":null,"num_floors":null,"render_height_m":6.4,"height_label":"assumed"}},{"type":"Feature","geometry":{"type":"Polygon","coordinates":[[[78.316826,17.487979],[78.316873,17.487982],[78.316871,17.488021],[78.316824,17.488018],[78.316826,17.487979]]]},"properties":{"id":"daec2fc6e4a0","height":null,"num_floors":null,"render_height_m":6.4,"height_label":"assumed"}},{"type":"Feature","geometry":{"type":"Polygon","coordinates":[[[78.317001,17.487997],[78.316937,17.487999],[78.316934,17.487938],[78.316998,17.487936],[78.317001,17.487997]]]},"properties":{"id":"66c7e23b0ab4","height":null,"num_floors":null,"render_height_m":6.4,"height_label":"assumed"}},{"type":"Feature","geometry":{"type":"Polygon","coordinates":[[[78.317171,17.488092],[78.316942,17.488101],[78.316939,17.48802],[78.317167,17.488011],[78.317171,17.488092]]]},"properties":{"id":"c56632fc4eea","height":null,"num_floors":null,"render_height_m":9.6,"height_label":"assumed"}},{"type":"Feature","geometry":{"type":"Polygon","coordinates":[[[78.317129,17.487914],[78.317015,17.487921],[78.31701,17.487851],[78.317125,17.487844],[78.317129,17.487914]]]},"properties":{"id":"6b364205d073","height":null,"num_floors":null,"render_height_m":9.6,"height_label":"assumed"}},{"type":"Feature","geometry":{"type":"Polygon","coordinates":[[[78.31709,17.48781],[78.317032,17.487814],[78.317027,17.487749],[78.317085,17.487745],[78.31709,17.48781]]]},"properties":{"id":"beee332961f4","height":null,"num_floors":null,"render_height_m":6.4,"height_label":"assumed"}},{"type":"Feature","geometry":{"type":"Polygon","coordinates":[[[78.317084,17.48773],[78.317021,17.487734],[78.317014,17.487651],[78.317078,17.487646],[78.317084,17.48773]]]},"properties":{"id":"c9ff81cbc14f","height":null,"num_floors":null,"render_height_m":6.4,"height_label":"assumed"}},{"type":"Feature","geometry":{"type":"Polygon","coordinates":[[[78.317001,17.487651],[78.317009,17.487739],[78.316965,17.487743],[78.316956,17.487655],[78.317001,17.487651]]]},"properties":{"id":"70a98d0c52b2","height":null,"num_floors":null,"render_height_m":6.4,"height_label":"assumed"}},{"type":"Feature","geometry":{"type":"Polygon","coordinates":[[[78.316849,17.487955],[78.316587,17.487944],[78.316592,17.487852],[78.316854,17.487864],[78.316849,17.487955]]]},"properties":{"id":"f692581b2c77","height":null,"num_floors":null,"render_height_m":12.8,"height_label":"assumed"}},{"type":"Feature","geometry":{"type":"Polygon","coordinates":[[[78.31687,17.487832],[78.316616,17.487828],[78.316617,17.48776],[78.316872,17.487764],[78.31687,17.487832]]]},"properties":{"id":"0621a3ed78e2","height":null,"num_floors":null,"render_height_m":9.6,"height_label":"assumed"}},{"type":"Feature","geometry":{"type":"Polygon","coordinates":[[[78.316879,17.487756],[78.316636,17.487749],[78.316637,17.487706],[78.31688,17.487713],[78.316879,17.487756]]]},"properties":{"id":"e9682178178c","height":null,"num_floors":null,"render_height_m":9.6,"height_label":"assumed"}},{"type":"Feature","geometry":{"type":"Polygon","coordinates":[[[78.316885,17.4877],[78.316678,17.487701],[78.316678,17.487656],[78.316884,17.487654],[78.316885,17.4877]]]},"properties":{"id":"f4dee7606953","height":null,"num_floors":null,"render_height_m":9.6,"height_label":"assumed"}},{"type":"Feature","geometry":{"type":"Polygon","coordinates":[[[78.316546,17.48771],[78.316497,17.487697],[78.316521,17.48762],[78.31657,17.487634],[78.316546,17.48771]]]},"properties":{"id":"3d7783dee68d","height":null,"num_floors":null,"render_height_m":6.4,"height_label":"assumed"}},{"type":"Feature","geometry":{"type":"Polygon","coordinates":[[[78.316532,17.487937],[78.316441,17.487916],[78.316462,17.487833],[78.316553,17.487854],[78.316532,17.487937]]]},"properties":{"id":"0660e25bdae6","height":null,"num_floors":null,"render_height_m":9.6,"height_label":"assumed"}},{"type":"Feature","geometry":{"type":"Polygon","coordinates":[[[78.316603,17.487982],[78.316647,17.487985],[78.316641,17.488064],[78.316597,17.488061],[78.316603,17.487982]]]},"properties":{"id":"f64f523ffad6","height":null,"num_floors":null,"render_height_m":6.4,"height_label":"assumed"}},{"type":"Feature","geometry":{"type":"Polygon","coordinates":[[[78.316728,17.488179],[78.316665,17.488179],[78.316666,17.488069],[78.31673,17.48807],[78.316728,17.488179]]]},"properties":{"id":"5219f06d62fc","height":null,"num_floors":null,"render_height_m":9.6,"height_label":"assumed"}},{"type":"Feature","geometry":{"type":"Polygon","coordinates":[[[78.316811,17.488194],[78.316742,17.488191],[78.316748,17.488077],[78.316816,17.48808],[78.316811,17.488194]]]},"properties":{"id":"aa3298ad0199","height":null,"num_floors":null,"render_height_m":9.6,"height_label":"assumed"}},{"type":"Feature","geometry":{"type":"Polygon","coordinates":[[[78.316535,17.488117],[78.316592,17.488123],[78.316583,17.488211],[78.316526,17.488206],[78.316535,17.488117]]]},"properties":{"id":"ebf89fd363df","height":null,"num_floors":null,"render_height_m":6.4,"height_label":"assumed"}},{"type":"Feature","geometry":{"type":"Polygon","coordinates":[[[78.316453,17.488204],[78.316389,17.488206],[78.316388,17.488127],[78.316451,17.488126],[78.316453,17.488204]]]},"properties":{"id":"ef639fc22940","height":null,"num_floors":null,"render_height_m":6.4,"height_label":"assumed"}},{"type":"Feature","geometry":{"type":"Polygon","coordinates":[[[78.31638,17.488065],[78.31638,17.488197],[78.316305,17.488197],[78.316305,17.488065],[78.31638,17.488065]]]},"properties":{"id":"b62b0ca4da00","height":null,"num_floors":null,"render_height_m":9.6,"height_label":"assumed"}},{"type":"Feature","geometry":{"type":"Polygon","coordinates":[[[78.316496,17.488106],[78.316401,17.488097],[78.316406,17.488041],[78.316502,17.488049],[78.316496,17.488106]]]},"properties":{"id":"65efc379a6b1","height":null,"num_floors":null,"render_height_m":6.4,"height_label":"assumed"}},{"type":"Feature","geometry":{"type":"Polygon","coordinates":[[[78.316505,17.488041],[78.316411,17.488028],[78.316426,17.487927],[78.316521,17.487941],[78.316505,17.488041]]]},"properties":{"id":"0657c32a8734","height":null,"num_floors":null,"render_height_m":9.6,"height_label":"assumed"}},{"type":"Feature","geometry":{"type":"Polygon","coordinates":[[[78.316383,17.487876],[78.316419,17.487889],[78.316391,17.487961],[78.316355,17.487948],[78.316383,17.487876]]]},"properties":{"id":"c2af37b8913a","height":null,"num_floors":null,"render_height_m":6.4,"height_label":"assumed"}},{"type":"Feature","geometry":{"type":"Polygon","coordinates":[[[78.316338,17.488052],[78.316279,17.488039],[78.316297,17.487963],[78.316356,17.487976],[78.316338,17.488052]]]},"properties":{"id":"8c88e2548852","height":null,"num_floors":null,"render_height_m":6.4,"height_label":"assumed"}},{"type":"Feature","geometry":{"type":"Polygon","coordinates":[[[78.31621,17.488135],[78.31614,17.48811],[78.316163,17.488051],[78.316233,17.488076],[78.31621,17.488135]]]},"properties":{"id":"f2cd5829b370","height":null,"num_floors":null,"render_height_m":6.4,"height_label":"assumed"}},{"type":"Feature","geometry":{"type":"Polygon","coordinates":[[[78.315822,17.488223],[78.315764,17.488021],[78.315928,17.487952],[78.31599,17.487987],[78.316022,17.488032],[78.316052,17.488081],[78.316072,17.488137],[78.315863,17.488166],[78.315873,17.488214],[78.315822,17.488223]]]},"properties":{"id":"f6961e211e75","height":null,"num_floors":null,"render_height_m":12.8,"height_label":"assumed"}},{"type":"Feature","geometry":{"type":"Polygon","coordinates":[[[78.316028,17.487844],[78.316052,17.487784],[78.316121,17.487809],[78.316097,17.487869],[78.316028,17.487844]]]},"properties":{"id":"fe62634d8a91","height":null,"num_floors":null,"render_height_m":6.4,"height_label":"assumed"}},{"type":"Feature","geometry":{"type":"Polygon","coordinates":[[[78.316046,17.487925],[78.316002,17.48791],[78.31602,17.48786],[78.316065,17.487875],[78.316046,17.487925]]]},"properties":{"id":"e5ddf3f20116","height":null,"num_floors":null,"render_height_m":6.4,"height_label":"assumed"}},{"type":"Feature","geometry":{"type":"Polygon","coordinates":[[[78.315943,17.487802],[78.31593,17.487772],[78.315976,17.487753],[78.31599,17.487784],[78.315943,17.487802]]]},"properties":{"id":"a9c96d88b100","height":null,"num_floors":null,"render_height_m":6.4,"height_label":"assumed"}},{"type":"Feature","geometry":{"type":"Polygon","coordinates":[[[78.316022,17.48784],[78.315985,17.487829],[78.316009,17.48776],[78.316045,17.487771],[78.316022,17.48784]]]},"properties":{"id":"049f91635563","height":null,"num_floors":null,"render_height_m":6.4,"height_label":"assumed"}},{"type":"Feature","geometry":{"type":"Polygon","coordinates":[[[78.315962,17.487718],[78.315862,17.487739],[78.315852,17.487697],[78.315952,17.487676],[78.315962,17.487718]]]},"properties":{"id":"3c9c2e8db821","height":null,"num_floors":null,"render_height_m":6.4,"height_label":"assumed"}},{"type":"Feature","geometry":{"type":"Polygon","coordinates":[[[78.316051,17.487767],[78.31599,17.487744],[78.316014,17.487686],[78.316075,17.487709],[78.316051,17.487767]]]},"properties":{"id":"fbaf762006bd","height":null,"num_floors":null,"render_height_m":6.4,"height_label":"assumed"}},{"type":"Feature","geometry":{"type":"Polygon","coordinates":[[[78.316126,17.487798],[78.316056,17.487775],[78.31608,17.487706],[78.316151,17.487729],[78.316126,17.487798]]]},"properties":{"id":"3f9305127d33","height":null,"num_floors":null,"render_height_m":6.4,"height_label":"assumed"}},{"type":"Feature","geometry":{"type":"Polygon","coordinates":[[[78.31615,17.487709],[78.316062,17.48769],[78.316078,17.487622],[78.316165,17.48764],[78.31615,17.487709]]]},"properties":{"id":"1454c15f1e1d","height":null,"num_floors":null,"render_height_m":6.4,"height_label":"assumed"}},{"type":"Feature","geometry":{"type":"Polygon","coordinates":[[[78.316284,17.48776],[78.316183,17.487724],[78.316217,17.487638],[78.316318,17.487675],[78.316284,17.48776]]]},"properties":{"id":"498cc1d41a42","height":null,"num_floors":null,"render_height_m":9.6,"height_label":"assumed"}},{"type":"Feature","geometry":{"type":"Polygon","coordinates":[[[78.316313,17.487792],[78.31629,17.487838],[78.316262,17.487825],[78.316285,17.487779],[78.316313,17.487792]]]},"properties":{"id":"0989b7d92e8e","height":null,"num_floors":null,"render_height_m":6.4,"height_label":"assumed"}},{"type":"Feature","geometry":{"type":"Polygon","coordinates":[[[78.316389,17.487868],[78.316354,17.487855],[78.316377,17.487797],[78.316412,17.48781],[78.316389,17.487868]]]},"properties":{"id":"3a073b007f4a","height":null,"num_floors":null,"render_height_m":6.4,"height_label":"assumed"}},{"type":"Feature","geometry":{"type":"Polygon","coordinates":[[[78.31636,17.487811],[78.316335,17.487861],[78.3163,17.487845],[78.316325,17.487795],[78.31636,17.487811]]]},"properties":{"id":"9b89957c58d0","height":null,"num_floors":null,"render_height_m":6.4,"height_label":"assumed"}},{"type":"Feature","geometry":{"type":"Polygon","coordinates":[[[78.316349,17.487962],[78.316311,17.48795],[78.316342,17.487865],[78.31638,17.487878],[78.316349,17.487962]]]},"properties":{"id":"30775fd3be23","height":null,"num_floors":null,"render_height_m":6.4,"height_label":"assumed"}},{"type":"Feature","geometry":{"type":"Polygon","coordinates":[[[78.316391,17.487663],[78.316467,17.487679],[78.316454,17.487734],[78.316378,17.487718],[78.316391,17.487663]]]},"properties":{"id":"ba40322f473d","height":null,"num_floors":null,"render_height_m":6.4,"height_label":"assumed"}},{"type":"Feature","geometry":{"type":"Polygon","coordinates":[[[78.316415,17.487656],[78.316365,17.487645],[78.316384,17.487568],[78.316435,17.48758],[78.316415,17.487656]]]},"properties":{"id":"5b1a0bafc1ec","height":null,"num_floors":null,"render_height_m":6.4,"height_label":"assumed"}},{"type":"Feature","geometry":{"type":"Polygon","coordinates":[[[78.316338,17.487541],[78.316368,17.487546],[78.316361,17.487583],[78.316331,17.487578],[78.316338,17.487541]]]},"properties":{"id":"937c1cf352f1","height":null,"num_floors":null,"render_height_m":6.4,"height_label":"assumed"}},{"type":"Feature","geometry":{"type":"Polygon","coordinates":[[[78.316429,17.487556],[78.316381,17.487546],[78.316391,17.487503],[78.316439,17.487513],[78.316429,17.487556]]]},"properties":{"id":"f4d8d031ee97","height":null,"num_floors":null,"render_height_m":6.4,"height_label":"assumed"}},{"type":"Feature","geometry":{"type":"Polygon","coordinates":[[[78.316439,17.487504],[78.316386,17.487495],[78.316403,17.487407],[78.316456,17.487417],[78.316439,17.487504]]]},"properties":{"id":"f7456dbe08e7","height":null,"num_floors":null,"render_height_m":6.4,"height_label":"assumed"}},{"type":"Feature","geometry":{"type":"Polygon","coordinates":[[[78.316456,17.487401],[78.31642,17.487394],[78.316429,17.487348],[78.316466,17.487355],[78.316456,17.487401]]]},"properties":{"id":"0742300241a1","height":null,"num_floors":null,"render_height_m":6.4,"height_label":"assumed"}},{"type":"Feature","geometry":{"type":"Polygon","coordinates":[[[78.316389,17.487434],[78.316324,17.487419],[78.316336,17.487375],[78.316401,17.487391],[78.316389,17.487434]]]},"properties":{"id":"a4882139eeec","height":null,"num_floors":null,"render_height_m":6.4,"height_label":"assumed"}},{"type":"Feature","geometry":{"type":"Polygon","coordinates":[[[78.316417,17.487378],[78.316367,17.48737],[78.316374,17.487333],[78.316423,17.487341],[78.316417,17.487378]]]},"properties":{"id":"536a6a758c4c","height":null,"num_floors":null,"render_height_m":6.4,"height_label":"assumed"}},{"type":"Feature","geometry":{"type":"Polygon","coordinates":[[[78.31637,17.487513],[78.316305,17.4875],[78.316319,17.48743],[78.316385,17.487442],[78.31637,17.487513]]]},"properties":{"id":"cb2e2227b2f5","height":null,"num_floors":null,"render_height_m":6.4,"height_label":"assumed"}},{"type":"Feature","geometry":{"type":"Polygon","coordinates":[[[78.316283,17.487513],[78.316219,17.487515],[78.316216,17.487444],[78.316281,17.487442],[78.316283,17.487513]]]},"properties":{"id":"7c1ca3b586b5","height":null,"num_floors":null,"render_height_m":6.4,"height_label":"assumed"}},{"type":"Feature","geometry":{"type":"Polygon","coordinates":[[[78.316291,17.487427],[78.316213,17.48743],[78.316209,17.487348],[78.316287,17.487345],[78.316291,17.487427]]]},"properties":{"id":"0e594f4e8e1b","height":null,"num_floors":null,"render_height_m":6.4,"height_label":"assumed"}},{"type":"Feature","geometry":{"type":"Polygon","coordinates":[[[78.316282,17.487621],[78.316205,17.48762],[78.316208,17.487528],[78.316284,17.487529],[78.316282,17.487621]]]},"properties":{"id":"b61f3f85106b","height":null,"num_floors":null,"render_height_m":9.6,"height_label":"assumed"}},{"type":"Feature","geometry":{"type":"Polygon","coordinates":[[[78.316192,17.487605],[78.316087,17.487605],[78.316087,17.48752],[78.316192,17.48752],[78.316192,17.487605]]]},"properties":{"id":"046a36c1aa36","height":null,"num_floors":null,"render_height_m":9.6,"height_label":"assumed"}},{"type":"Feature","geometry":{"type":"Polygon","coordinates":[[[78.316081,17.487585],[78.315989,17.487585],[78.315989,17.487524],[78.316081,17.487524],[78.316081,17.487585]]]},"properties":{"id":"42a43429a52f","height":null,"num_floors":null,"render_height_m":6.4,"height_label":"assumed"}},{"type":"Feature","geometry":{"type":"Polygon","coordinates":[[[78.315973,17.487589],[78.315917,17.48759],[78.315915,17.487517],[78.315971,17.487516],[78.315973,17.487589]]]},"properties":{"id":"b424625b545f","height":null,"num_floors":null,"render_height_m":6.4,"height_label":"assumed"}},{"type":"Feature","geometry":{"type":"Polygon","coordinates":[[[78.316007,17.48751],[78.315962,17.48751],[78.315962,17.487428],[78.316008,17.487428],[78.316007,17.48751]]]},"properties":{"id":"85f728cf61a3","height":null,"num_floors":null,"render_height_m":6.4,"height_label":"assumed"}},{"type":"Feature","geometry":{"type":"Polygon","coordinates":[[[78.315953,17.487506],[78.3159,17.487508],[78.315897,17.487427],[78.315951,17.487426],[78.315953,17.487506]]]},"properties":{"id":"1984682fe5fb","height":null,"num_floors":null,"render_height_m":6.4,"height_label":"assumed"}},{"type":"Feature","geometry":{"type":"Polygon","coordinates":[[[78.316062,17.487403],[78.316008,17.487423],[78.31599,17.487379],[78.316043,17.487359],[78.316062,17.487403]]]},"properties":{"id":"24692a6537ba","height":null,"num_floors":null,"render_height_m":6.4,"height_label":"assumed"}},{"type":"Feature","geometry":{"type":"Polygon","coordinates":[[[78.316092,17.48751],[78.316018,17.487509],[78.316019,17.487425],[78.316093,17.487426],[78.316092,17.48751]]]},"properties":{"id":"d936fd922cb2","height":null,"num_floors":null,"render_height_m":6.4,"height_label":"assumed"}},{"type":"Feature","geometry":{"type":"Polygon","coordinates":[[[78.316075,17.487396],[78.316059,17.48736],[78.316117,17.487337],[78.316132,17.487373],[78.316075,17.487396]]]},"properties":{"id":"6b7846391616","height":null,"num_floors":null,"render_height_m":6.4,"height_label":"assumed"}},{"type":"Feature","geometry":{"type":"Polygon","coordinates":[[[78.31619,17.487294],[78.316124,17.487315],[78.316094,17.48723],[78.316161,17.487209],[78.31619,17.487294]]]},"properties":{"id":"05f25270a25b","height":null,"num_floors":null,"render_height_m":6.4,"height_label":"assumed"}},{"type":"Feature","geometry":{"type":"Polygon","coordinates":[[[78.31608,17.487337],[78.316037,17.487351],[78.316005,17.487261],[78.316048,17.487247],[78.31608,17.487337]]]},"properties":{"id":"48ed5d577e15","height":null,"num_floors":null,"render_height_m":6.4,"height_label":"assumed"}},{"type":"Feature","geometry":{"type":"Polygon","coordinates":[[[78.316119,17.487323],[78.316084,17.487333],[78.316056,17.487247],[78.316091,17.487237],[78.316119,17.487323]]]},"properties":{"id":"c380e08c93e5","height":null,"num_floors":null,"render_height_m":6.4,"height_label":"assumed"}},{"type":"Feature","geometry":{"type":"Polygon","coordinates":[[[78.316288,17.487098],[78.316176,17.487102],[78.316172,17.487015],[78.316285,17.487011],[78.316288,17.487098]]]},"properties":{"id":"c33c39ef44dc","height":null,"num_floors":null,"render_height_m":9.6,"height_label":"assumed"}},{"type":"Feature","geometry":{"type":"Polygon","coordinates":[[[78.316304,17.487275],[78.316197,17.487304],[78.31617,17.48721],[78.316277,17.487181],[78.316304,17.487275]]]},"properties":{"id":"523ab8a8d008","height":null,"num_floors":null,"render_height_m":9.6,"height_label":"assumed"}},{"type":"Feature","geometry":{"type":"Polygon","coordinates":[[[78.316356,17.487298],[78.31636,17.487328],[78.316271,17.487337],[78.316267,17.487307],[78.316356,17.487298]]]},"properties":{"id":"318ed898020e","height":null,"num_floors":null,"render_height_m":6.4,"height_label":"assumed"}},{"type":"Feature","geometry":{"type":"Polygon","coordinates":[[[78.316442,17.487324],[78.316381,17.487325],[78.316381,17.487285],[78.316442,17.487285],[78.316442,17.487324]]]},"properties":{"id":"5832072efa62","height":null,"num_floors":null,"render_height_m":6.4,"height_label":"assumed"}},{"type":"Feature","geometry":{"type":"Polygon","coordinates":[[[78.316483,17.487276],[78.316406,17.48728],[78.3164,17.487176],[78.316477,17.487171],[78.316483,17.487276]]]},"properties":{"id":"1cfa5e2b3d6c","height":null,"num_floors":null,"render_height_m":9.6,"height_label":"assumed"}},{"type":"Feature","geometry":{"type":"Polygon","coordinates":[[[78.316411,17.487135],[78.316297,17.487136],[78.316296,17.487],[78.31641,17.486999],[78.316411,17.487135]]]},"properties":{"id":"5053f0b2f1f3","height":null,"num_floors":null,"render_height_m":9.6,"height_label":"assumed"}},{"type":"Feature","geometry":{"type":"Polygon","coordinates":[[[78.316537,17.487123],[78.316431,17.487132],[78.316418,17.486996],[78.316523,17.486987],[78.316537,17.487123]]]},"properties":{"id":"2bea95f423c0","height":null,"num_floors":null,"render_height_m":9.6,"height_label":"assumed"}},{"type":"Feature","geometry":{"type":"Polygon","coordinates":[[[78.316662,17.487104],[78.316552,17.487116],[78.31654,17.487018],[78.31665,17.487006],[78.316662,17.487104]]]},"properties":{"id":"9a600a5e5d00","height":null,"num_floors":null,"render_height_m":9.6,"height_label":"assumed"}},{"type":"Feature","geometry":{"type":"Polygon","coordinates":[[[78.316769,17.487111],[78.316692,17.487115],[78.316688,17.48703],[78.316764,17.487026],[78.316769,17.487111]]]},"properties":{"id":"7d8346f589f4","height":null,"num_floors":null,"render_height_m":6.4,"height_label":"assumed"}},{"type":"Feature","geometry":{"type":"Polygon","coordinates":[[[78.316838,17.487227],[78.31672,17.487234],[78.316714,17.487135],[78.316832,17.487128],[78.316838,17.487227]]]},"properties":{"id":"460d2b324d87","height":null,"num_floors":null,"render_height_m":9.6,"height_label":"assumed"}},{"type":"Feature","geometry":{"type":"Polygon","coordinates":[[[78.316714,17.487309],[78.316647,17.487312],[78.316643,17.48723],[78.31671,17.487228],[78.316714,17.487309]]]},"properties":{"id":"47a94fd4e7bc","height":null,"num_floors":null,"render_height_m":6.4,"height_label":"assumed"}},{"type":"Feature","geometry":{"type":"Polygon","coordinates":[[[78.316641,17.487316],[78.316534,17.487327],[78.316528,17.487275],[78.316635,17.487264],[78.316641,17.487316]]]},"properties":{"id":"53a251c371d5","height":null,"num_floors":null,"render_height_m":6.4,"height_label":"assumed"}},{"type":"Feature","geometry":{"type":"Polygon","coordinates":[[[78.316622,17.487257],[78.316496,17.487268],[78.316486,17.487164],[78.316613,17.487153],[78.316622,17.487257]]]},"properties":{"id":"d0f376aa72c9","height":null,"num_floors":null,"render_height_m":9.6,"height_label":"assumed"}},{"type":"Feature","geometry":{"type":"Polygon","coordinates":[[[78.316527,17.487325],[78.31645,17.487331],[78.316446,17.487287],[78.316523,17.487281],[78.316527,17.487325]]]},"properties":{"id":"bc3b081d1803","height":null,"num_floors":null,"render_height_m":6.4,"height_label":"assumed"}},{"type":"Feature","geometry":{"type":"Polygon","coordinates":[[[78.31647,17.487348],[78.316517,17.487359],[78.316504,17.487409],[78.316457,17.487399],[78.31647,17.487348]]]},"properties":{"id":"710a0d73add5","height":null,"num_floors":null,"render_height_m":6.4,"height_label":"assumed"}},{"type":"Feature","geometry":{"type":"Polygon","coordinates":[[[78.316654,17.48739],[78.316591,17.487397],[78.316585,17.487342],[78.316648,17.487335],[78.316654,17.48739]]]},"properties":{"id":"99598367b2de","height":null,"num_floors":null,"render_height_m":6.4,"height_label":"assumed"}},{"type":"Feature","geometry":{"type":"Polygon","coordinates":[[[78.316579,17.487449],[78.316536,17.487449],[78.316534,17.487354],[78.316577,17.487353],[78.316579,17.487449]]]},"properties":{"id":"d0cfff4fbe5f","height":null,"num_floors":null,"render_height_m":6.4,"height_label":"assumed"}},{"type":"Feature","geometry":{"type":"Polygon","coordinates":[[[78.316662,17.487445],[78.316598,17.487452],[78.316592,17.487403],[78.316657,17.487396],[78.316662,17.487445]]]},"properties":{"id":"081f547217e3","height":null,"num_floors":null,"render_height_m":6.4,"height_label":"assumed"}},{"type":"Feature","geometry":{"type":"Polygon","coordinates":[[[78.316588,17.487547],[78.316628,17.487558],[78.316606,17.487636],[78.316566,17.487626],[78.316588,17.487547]]]},"properties":{"id":"d79c17cd1fc6","height":null,"num_floors":null,"render_height_m":6.4,"height_label":"assumed"}},{"type":"Feature","geometry":{"type":"Polygon","coordinates":[[[78.316594,17.487527],[78.316556,17.487519],[78.31657,17.487457],[78.316609,17.487465],[78.316594,17.487527]]]},"properties":{"id":"8664966f0903","height":null,"num_floors":null,"render_height_m":6.4,"height_label":"assumed"}},{"type":"Feature","geometry":{"type":"Polygon","coordinates":[[[78.316868,17.487552],[78.316707,17.48757],[78.316694,17.487467],[78.316854,17.487448],[78.316868,17.487552]]]},"properties":{"id":"e57535ce00ed","height":null,"num_floors":null,"render_height_m":9.6,"height_label":"assumed"}},{"type":"Feature","geometry":{"type":"Polygon","coordinates":[[[78.316726,17.487441],[78.316673,17.487446],[78.316662,17.487335],[78.316714,17.48733],[78.316726,17.487441]]]},"properties":{"id":"433484a0b979","height":null,"num_floors":null,"render_height_m":6.4,"height_label":"assumed"}},{"type":"Feature","geometry":{"type":"Polygon","coordinates":[[[78.316852,17.487424],[78.316735,17.487438],[78.316721,17.487323],[78.316838,17.48731],[78.316852,17.487424]]]},"properties":{"id":"28e63d8c5be1","height":null,"num_floors":null,"render_height_m":9.6,"height_label":"assumed"}},{"type":"Feature","geometry":{"type":"Polygon","coordinates":[[[78.316874,17.487645],[78.316695,17.48765],[78.316693,17.48758],[78.316872,17.487575],[78.316874,17.487645]]]},"properties":{"id":"a453e67f9a1a","height":null,"num_floors":null,"render_height_m":9.6,"height_label":"assumed"}},{"type":"Feature","geometry":{"type":"Polygon","coordinates":[[[78.317055,17.487532],[78.31694,17.48754],[78.316935,17.487479],[78.31705,17.487471],[78.317055,17.487532]]]},"properties":{"id":"a0f1e3f34c7a","height":null,"num_floors":null,"render_height_m":9.6,"height_label":"assumed"}},{"type":"Feature","geometry":{"type":"Polygon","coordinates":[[[78.317054,17.487605],[78.316956,17.487614],[78.31695,17.487558],[78.317047,17.487548],[78.317054,17.487605]]]},"properties":{"id":"3ef8e9879a00","height":null,"num_floors":null,"render_height_m":6.4,"height_label":"assumed"}},{"type":"Feature","geometry":{"type":"Polygon","coordinates":[[[78.317044,17.487464],[78.316929,17.487469],[78.316926,17.487396],[78.31704,17.487391],[78.317044,17.487464]]]},"properties":{"id":"8ec1f1aeb9d9","height":null,"num_floors":null,"render_height_m":9.6,"height_label":"assumed"}},{"type":"Feature","geometry":{"type":"Polygon","coordinates":[[[78.317037,17.487382],[78.31692,17.487387],[78.316917,17.487314],[78.317034,17.48731],[78.317037,17.487382]]]},"properties":{"id":"c9179106caa3","height":null,"num_floors":null,"render_height_m":9.6,"height_label":"assumed"}},{"type":"Feature","geometry":{"type":"Polygon","coordinates":[[[78.317036,17.487303],[78.316908,17.487308],[78.316906,17.487254],[78.317034,17.487249],[78.317036,17.487303]]]},"properties":{"id":"1dfb2af35113","height":null,"num_floors":null,"render_height_m":9.6,"height_label":"assumed"}},{"type":"Feature","geometry":{"type":"Polygon","coordinates":[[[78.316851,17.487305],[78.316727,17.487315],[78.316721,17.487243],[78.316845,17.487233],[78.316851,17.487305]]]},"properties":{"id":"a81169c3019b","height":null,"num_floors":null,"render_height_m":9.6,"height_label":"assumed"}},{"type":"Feature","geometry":{"type":"Polygon","coordinates":[[[78.317024,17.487221],[78.316908,17.487227],[78.316902,17.487137],[78.317018,17.487131],[78.317024,17.487221]]]},"properties":{"id":"cada843fe71a","height":null,"num_floors":null,"render_height_m":9.6,"height_label":"assumed"}},{"type":"Feature","geometry":{"type":"Polygon","coordinates":[[[78.317027,17.48704],[78.316892,17.487045],[78.316889,17.486974],[78.317025,17.486969],[78.317027,17.48704]]]},"properties":{"id":"56fd6240cf63","height":null,"num_floors":null,"render_height_m":9.6,"height_label":"assumed"}},{"type":"Feature","geometry":{"type":"Polygon","coordinates":[[[78.317113,17.486953],[78.317018,17.486956],[78.317014,17.486858],[78.317109,17.486855],[78.317113,17.486953]]]},"properties":{"id":"75a70cda798f","height":null,"num_floors":null,"render_height_m":9.6,"height_label":"assumed"}},{"type":"Feature","geometry":{"type":"Polygon","coordinates":[[[78.317109,17.486836],[78.317024,17.486839],[78.317022,17.486779],[78.317106,17.486776],[78.317109,17.486836]]]},"properties":{"id":"f2833d93e884","height":null,"num_floors":null,"render_height_m":6.4,"height_label":"assumed"}},{"type":"Feature","geometry":{"type":"Polygon","coordinates":[[[78.31702,17.486837],[78.316949,17.486839],[78.316948,17.486795],[78.317018,17.486793],[78.31702,17.486837]]]},"properties":{"id":"8a90afa0e80b","height":null,"num_floors":null,"render_height_m":6.4,"height_label":"assumed"}},{"type":"Feature","geometry":{"type":"Polygon","coordinates":[[[78.316935,17.486837],[78.316857,17.48684],[78.316852,17.486723],[78.31693,17.48672],[78.316935,17.486837]]]},"properties":{"id":"82e55bb51c19","height":null,"num_floors":null,"render_height_m":9.6,"height_label":"assumed"}},{"type":"Feature","geometry":{"type":"Polygon","coordinates":[[[78.316995,17.486962],[78.316856,17.486967],[78.316852,17.486869],[78.316991,17.486864],[78.316995,17.486962]]]},"properties":{"id":"874e88cf15b9","height":null,"num_floors":null,"render_height_m":9.6,"height_label":"assumed"}},{"type":"Feature","geometry":{"type":"Polygon","coordinates":[[[78.316808,17.487008],[78.316722,17.487009],[78.316722,17.486908],[78.316807,17.486908],[78.316808,17.487008]]]},"properties":{"id":"909ba5514ce9","height":null,"num_floors":null,"render_height_m":9.6,"height_label":"assumed"}},{"type":"Feature","geometry":{"type":"Polygon","coordinates":[[[78.31665,17.486935],[78.316667,17.486933],[78.316672,17.486986],[78.316655,17.486987],[78.31665,17.486935]]]},"properties":{"id":"d286797b02e2","height":null,"num_floors":null,"render_height_m":6.4,"height_label":"assumed"}},{"type":"Feature","geometry":{"type":"Polygon","coordinates":[[[78.316629,17.487002],[78.316544,17.487013],[78.316535,17.486944],[78.316619,17.486933],[78.316629,17.487002]]]},"properties":{"id":"cd4d3d08f333","height":null,"num_floors":null,"render_height_m":6.4,"height_label":"assumed"}},{"type":"Feature","geometry":{"type":"Polygon","coordinates":[[[78.316618,17.486923],[78.316533,17.486934],[78.31652,17.486849],[78.316606,17.486838],[78.316618,17.486923]]]},"properties":{"id":"282dfd0a8c3c","height":null,"num_floors":null,"render_height_m":9.6,"height_label":"assumed"}},{"type":"Feature","geometry":{"type":"Polygon","coordinates":[[[78.316794,17.486885],[78.316701,17.486889],[78.316697,17.48682],[78.31679,17.486816],[78.316794,17.486885]]]},"properties":{"id":"744f06fb9fda","height":null,"num_floors":null,"render_height_m":6.4,"height_label":"assumed"}},{"type":"Feature","geometry":{"type":"Polygon","coordinates":[[[78.316662,17.486706],[78.316646,17.486569],[78.316778,17.486555],[78.316794,17.486692],[78.316662,17.486706]]]},"properties":{"id":"9750819c927e","height":null,"num_floors":null,"render_height_m":9.6,"height_label":"assumed"}},{"type":"Feature","geometry":{"type":"Polygon","coordinates":[[[78.316608,17.486659],[78.316626,17.486725],[78.31656,17.486741],[78.316547,17.486693],[78.316543,17.486675],[78.316608,17.486659]]]},"properties":{"id":"681adf8e68b6","height":null,"num_floors":null,"render_height_m":6.4,"height_label":"assumed"}},{"type":"Feature","geometry":{"type":"Polygon","coordinates":[[[78.316604,17.486632],[78.316608,17.486665],[78.316553,17.486671],[78.31655,17.486637],[78.316604,17.486632]]]},"properties":{"id":"2ddbc3382306","height":null,"num_floors":null,"render_height_m":6.4,"height_label":"assumed"}},{"type":"Feature","geometry":{"type":"Polygon","coordinates":[[[78.316535,17.486524],[78.31647,17.486537],[78.316454,17.486466],[78.316518,17.486452],[78.316535,17.486524]]]},"properties":{"id":"56f3a0238c8c","height":null,"num_floors":null,"render_height_m":6.4,"height_label":"assumed"}},{"type":"Feature","geometry":{"type":"Polygon","coordinates":[[[78.316669,17.486549],[78.316556,17.48656],[78.316545,17.486464],[78.316658,17.486452],[78.316669,17.486549]]]},"properties":{"id":"991162247298","height":null,"num_floors":null,"render_height_m":9.6,"height_label":"assumed"}},{"type":"Feature","geometry":{"type":"Polygon","coordinates":[[[78.316694,17.486534],[78.31669,17.486506],[78.316795,17.486489],[78.316797,17.486518],[78.316694,17.486534]]]},"properties":{"id":"a45ec4b8bdd7","height":null,"num_floors":null,"render_height_m":6.4,"height_label":"assumed"}},{"type":"Feature","geometry":{"type":"Polygon","coordinates":[[[78.316875,17.486596],[78.316821,17.486601],[78.316815,17.486535],[78.316869,17.48653],[78.316875,17.486596]]]},"properties":{"id":"4631dd19d783","height":null,"num_floors":null,"render_height_m":6.4,"height_label":"assumed"}},{"type":"Feature","geometry":{"type":"Polygon","coordinates":[[[78.316988,17.486702],[78.316837,17.486709],[78.316834,17.486656],[78.316985,17.486649],[78.316988,17.486702]]]},"properties":{"id":"17374c5f1f28","height":null,"num_floors":null,"render_height_m":9.6,"height_label":"assumed"}},{"type":"Feature","geometry":{"type":"Polygon","coordinates":[[[78.31683,17.486654],[78.316826,17.486608],[78.3169,17.486602],[78.316903,17.486648],[78.31683,17.486654]]]},"properties":{"id":"853572a2da5e","height":null,"num_floors":null,"render_height_m":6.4,"height_label":"assumed"}},{"type":"Feature","geometry":{"type":"Polygon","coordinates":[[[78.317011,17.486776],[78.316944,17.486778],[78.316942,17.486716],[78.317008,17.486713],[78.317011,17.486776]]]},"properties":{"id":"e5159521e26a","height":null,"num_floors":null,"render_height_m":6.4,"height_label":"assumed"}},{"type":"Feature","geometry":{"type":"Polygon","coordinates":[[[78.317129,17.486762],[78.317028,17.486765],[78.317023,17.486631],[78.317124,17.486627],[78.317129,17.486762]]]},"properties":{"id":"992cad72e309","height":null,"num_floors":null,"render_height_m":9.6,"height_label":"assumed"}},{"type":"Feature","geometry":{"type":"Polygon","coordinates":[[[78.316906,17.486584],[78.316902,17.486548],[78.316992,17.486539],[78.316996,17.486575],[78.316906,17.486584]]]},"properties":{"id":"99efe988d462","height":null,"num_floors":null,"render_height_m":6.4,"height_label":"assumed"}},{"type":"Feature","geometry":{"type":"Polygon","coordinates":[[[78.316995,17.486524],[78.316884,17.486534],[78.316879,17.486481],[78.31699,17.486471],[78.316995,17.486524]]]},"properties":{"id":"aae6287d3a54","height":null,"num_floors":null,"render_height_m":6.4,"height_label":"assumed"}},{"type":"Feature","geometry":{"type":"Polygon","coordinates":[[[78.317005,17.486508],[78.317,17.486437],[78.317082,17.486431],[78.317087,17.486502],[78.317005,17.486508]]]},"properties":{"id":"0483ccfe4da9","height":null,"num_floors":null,"render_height_m":6.4,"height_label":"assumed"}},{"type":"Feature","geometry":{"type":"Polygon","coordinates":[[[78.317103,17.486406],[78.316987,17.486412],[78.316983,17.486341],[78.317098,17.486334],[78.317103,17.486406]]]},"properties":{"id":"7acecc31a9de","height":null,"num_floors":null,"render_height_m":9.6,"height_label":"assumed"}},{"type":"Feature","geometry":{"type":"Polygon","coordinates":[[[78.316981,17.486463],[78.3169,17.486469],[78.316893,17.486381],[78.316974,17.486375],[78.316981,17.486463]]]},"properties":{"id":"14bd5ab59397","height":null,"num_floors":null,"render_height_m":9.6,"height_label":"assumed"}},{"type":"Feature","geometry":{"type":"Polygon","coordinates":[[[78.316884,17.486349],[78.316795,17.486355],[78.316794,17.486252],[78.316877,17.486242],[78.316884,17.486349]]]},"properties":{"id":"5f45a7ed1860","height":null,"num_floors":null,"render_height_m":9.6,"height_label":"assumed"}},{"type":"Feature","geometry":{"type":"Polygon","coordinates":[[[78.317046,17.486328],[78.316971,17.486333],[78.316964,17.486249],[78.31704,17.486244],[78.317046,17.486328]]]},"properties":{"id":"485759d5aa95","height":null,"num_floors":null,"render_height_m":6.4,"height_label":"assumed"}},{"type":"Feature","geometry":{"type":"Polygon","coordinates":[[[78.317019,17.486179],[78.316944,17.486178],[78.316945,17.486055],[78.317021,17.486056],[78.317019,17.486179]]]},"properties":{"id":"20c51f45f955","height":null,"num_floors":null,"render_height_m":9.6,"height_label":"assumed"}},{"type":"Feature","geometry":{"type":"Polygon","coordinates":[[[78.317028,17.486055],[78.316946,17.486054],[78.316947,17.48594],[78.31703,17.485941],[78.317028,17.486055]]]},"properties":{"id":"7261c62c4501","height":null,"num_floors":null,"render_height_m":9.6,"height_label":"assumed"}},{"type":"Feature","geometry":{"type":"Polygon","coordinates":[[[78.316893,17.486022],[78.316815,17.486022],[78.316815,17.485952],[78.316893,17.485952],[78.316893,17.486022]]]},"properties":{"id":"248dd1819736","height":null,"num_floors":null,"render_height_m":6.4,"height_label":"assumed"}},{"type":"Feature","geometry":{"type":"Polygon","coordinates":[[[78.316924,17.486211],[78.316827,17.486213],[78.316822,17.486031],[78.316918,17.486029],[78.316924,17.486211]]]},"properties":{"id":"639e5a8f4b50","height":null,"num_floors":null,"render_height_m":9.6,"height_label":"assumed"}},{"type":"Feature","geometry":{"type":"Polygon","coordinates":[[[78.316817,17.486208],[78.316725,17.486216],[78.31671,17.486053],[78.316801,17.486045],[78.316817,17.486208]]]},"properties":{"id":"93a8ce3ec04a","height":null,"num_floors":null,"render_height_m":9.6,"height_label":"assumed"}},{"type":"Feature","geometry":{"type":"Polygon","coordinates":[[[78.316693,17.486101],[78.316587,17.486104],[78.316584,17.485999],[78.316689,17.485995],[78.316693,17.486101]]]},"properties":{"id":"dce37817f23f","height":null,"num_floors":null,"render_height_m":9.6,"height_label":"assumed"}},{"type":"Feature","geometry":{"type":"Polygon","coordinates":[[[78.316812,17.486024],[78.316735,17.486028],[78.316728,17.48593],[78.316805,17.485926],[78.316812,17.486024]]]},"properties":{"id":"66d36c6b8d37","height":null,"num_floors":null,"render_height_m":9.6,"height_label":"assumed"}},{"type":"Feature","geometry":{"type":"Polygon","coordinates":[[[78.316689,17.485974],[78.316573,17.485978],[78.31657,17.485884],[78.316686,17.48588],[78.316689,17.485974]]]},"properties":{"id":"a31ea1e870d1","height":null,"num_floors":null,"render_height_m":9.6,"height_label":"assumed"}},{"type":"Feature","geometry":{"type":"Polygon","coordinates":[[[78.316483,17.485983],[78.316485,17.485901],[78.316556,17.485903],[78.316554,17.485985],[78.316483,17.485983]]]},"properties":{"id":"5361f2e0e865","height":null,"num_floors":null,"render_height_m":6.4,"height_label":"assumed"}},{"type":"Feature","geometry":{"type":"Polygon","coordinates":[[[78.316562,17.48604],[78.316484,17.486039],[78.316484,17.485989],[78.316563,17.48599],[78.316562,17.48604]]]},"properties":{"id":"8bd3a8923995","height":null,"num_floors":null,"render_height_m":6.4,"height_label":"assumed"}},{"type":"Feature","geometry":{"type":"Polygon","coordinates":[[[78.316548,17.486124],[78.316473,17.486125],[78.316471,17.486059],[78.316546,17.486057],[78.316548,17.486124]]]},"properties":{"id":"a940d6555d94","height":null,"num_floors":null,"render_height_m":6.4,"height_label":"assumed"}},{"type":"Feature","geometry":{"type":"Polygon","coordinates":[[[78.316489,17.486175],[78.316488,17.486133],[78.316564,17.486131],[78.316566,17.486173],[78.316489,17.486175]]]},"properties":{"id":"187a30e1bb26","height":null,"num_floors":null,"render_height_m":6.4,"height_label":"assumed"}},{"type":"Feature","geometry":{"type":"Polygon","coordinates":[[[78.31658,17.486258],[78.316495,17.486274],[78.316494,17.486229],[78.316571,17.486216],[78.31658,17.486258]]]},"properties":{"id":"6f55639fe679","height":null,"num_floors":null,"render_height_m":6.4,"height_label":"assumed"}},{"type":"Feature","geometry":{"type":"Polygon","coordinates":[[[78.316658,17.486354],[78.316599,17.486364],[78.316586,17.486287],[78.316643,17.486272],[78.316658,17.486354]]]},"properties":{"id":"7e5a93b625d3","height":null,"num_floors":null,"render_height_m":6.4,"height_label":"assumed"}},{"type":"Feature","geometry":{"type":"Polygon","coordinates":[[[78.316691,17.486247],[78.316607,17.486256],[78.316598,17.486178],[78.316682,17.486169],[78.316691,17.486247]]]},"properties":{"id":"98385607a8c0","height":null,"num_floors":null,"render_height_m":6.4,"height_label":"assumed"}},{"type":"Feature","geometry":{"type":"Polygon","coordinates":[[[78.316787,17.486348],[78.316739,17.486352],[78.316732,17.486256],[78.316779,17.486253],[78.316787,17.486348]]]},"properties":{"id":"1aedf2907827","height":null,"num_floors":null,"render_height_m":6.4,"height_label":"assumed"}},{"type":"Feature","geometry":{"type":"Polygon","coordinates":[[[78.316735,17.486363],[78.316671,17.48637],[78.316662,17.486293],[78.316726,17.486286],[78.316735,17.486363]]]},"properties":{"id":"1e3e6b696a0c","height":null,"num_floors":null,"render_height_m":6.4,"height_label":"assumed"}},{"type":"Feature","geometry":{"type":"Polygon","coordinates":[[[78.316795,17.486481],[78.316694,17.486497],[78.31668,17.486395],[78.316759,17.486386],[78.316763,17.486427],[78.316789,17.486424],[78.316795,17.486481]]]},"properties":{"id":"b1a3650df1f8","height":null,"num_floors":null,"render_height_m":9.6,"height_label":"assumed"}},{"type":"Feature","geometry":{"type":"Polygon","coordinates":[[[78.316653,17.486424],[78.316603,17.486427],[78.316593,17.48638],[78.316649,17.486379],[78.316653,17.486424]]]},"properties":{"id":"e12bf63a5f0c","height":null,"num_floors":null,"render_height_m":6.4,"height_label":"assumed"}},{"type":"Feature","geometry":{"type":"Polygon","coordinates":[[[78.316589,17.486414],[78.316519,17.486427],[78.316502,17.486346],[78.316573,17.486333],[78.316589,17.486414]]]},"properties":{"id":"96a56f921bd1","height":null,"num_floors":null,"render_height_m":6.4,"height_label":"assumed"}},{"type":"Feature","geometry":{"type":"Polygon","coordinates":[[[78.316363,17.486461],[78.316358,17.486393],[78.31646,17.486386],[78.316466,17.486453],[78.316363,17.486461]]]},"properties":{"id":"97693a16df5d","height":null,"num_floors":null,"render_height_m":9.6,"height_label":"assumed"}},{"type":"Feature","geometry":{"type":"Polygon","coordinates":[[[78.316458,17.48637],[78.316365,17.486377],[78.316359,17.486305],[78.316452,17.486298],[78.316458,17.48637]]]},"properties":{"id":"a87b135838d1","height":null,"num_floors":null,"render_height_m":6.4,"height_label":"assumed"}},{"type":"Feature","geometry":{"type":"Polygon","coordinates":[[[78.316353,17.486458],[78.316207,17.486462],[78.316204,17.486369],[78.31635,17.486365],[78.316353,17.486458]]]},"properties":{"id":"98ab10b7d843","height":null,"num_floors":null,"render_height_m":9.6,"height_label":"assumed"}},{"type":"Feature","geometry":{"type":"Polygon","coordinates":[[[78.316309,17.486317],[78.316206,17.486314],[78.316208,17.486234],[78.316311,17.486237],[78.316309,17.486317]]]},"properties":{"id":"b0cd41c6706f","height":null,"num_floors":null,"render_height_m":9.6,"height_label":"assumed"}},{"type":"Feature","geometry":{"type":"Polygon","coordinates":[[[78.316317,17.486232],[78.316208,17.48623],[78.31621,17.486154],[78.316319,17.486156],[78.316317,17.486232]]]},"properties":{"id":"69d76ee54fb1","height":null,"num_floors":null,"render_height_m":9.6,"height_label":"assumed"}},{"type":"Feature","geometry":{"type":"Polygon","coordinates":[[[78.31646,17.486285],[78.316372,17.486291],[78.316366,17.48621],[78.316454,17.486204],[78.31646,17.486285]]]},"properties":{"id":"96a283806839","height":null,"num_floors":null,"render_height_m":9.6,"height_label":"assumed"}},{"type":"Feature","geometry":{"type":"Polygon","coordinates":[[[78.316462,17.486198],[78.316379,17.486202],[78.316377,17.486156],[78.316459,17.486152],[78.316462,17.486198]]]},"properties":{"id":"4b92b609519b","height":null,"num_floors":null,"render_height_m":6.4,"height_label":"assumed"}},{"type":"Feature","geometry":{"type":"Polygon","coordinates":[[[78.31646,17.486143],[78.316371,17.486143],[78.31637,17.486075],[78.316459,17.486075],[78.31646,17.486143]]]},"properties":{"id":"72019d42ca37","height":null,"num_floors":null,"render_height_m":6.4,"height_label":"assumed"}},{"type":"Feature","geometry":{"type":"Polygon","coordinates":[[[78.316463,17.48604],[78.316358,17.486038],[78.31636,17.485959],[78.316464,17.485961],[78.316463,17.48604]]]},"properties":{"id":"da7df61066f6","height":null,"num_floors":null,"render_height_m":9.6,"height_label":"assumed"}},{"type":"Feature","geometry":{"type":"Polygon","coordinates":[[[78.316465,17.485958],[78.316359,17.485957],[78.31636,17.485899],[78.316466,17.4859],[78.316465,17.485958]]]},"properties":{"id":"5fa23c72b87e","height":null,"num_floors":null,"render_height_m":6.4,"height_label":"assumed"}},{"type":"Feature","geometry":{"type":"Polygon","coordinates":[[[78.316349,17.486032],[78.31626,17.486034],[78.316257,17.48591],[78.316346,17.485909],[78.316349,17.486032]]]},"properties":{"id":"d428e1cd04c7","height":null,"num_floors":null,"render_height_m":9.6,"height_label":"assumed"}},{"type":"Feature","geometry":{"type":"Polygon","coordinates":[[[78.316238,17.486022],[78.316134,17.486016],[78.316144,17.485865],[78.316248,17.485871],[78.316238,17.486022]]]},"properties":{"id":"faad30cb2ee1","height":null,"num_floors":null,"render_height_m":9.6,"height_label":"assumed"}},{"type":"Feature","geometry":{"type":"Polygon","coordinates":[[[78.316331,17.486151],[78.316239,17.48615],[78.316239,17.486053],[78.316332,17.486054],[78.316331,17.486151]]]},"properties":{"id":"056ae5f4b107","height":null,"num_floors":null,"render_height_m":9.6,"height_label":"assumed"}},{"type":"Feature","geometry":{"type":"Polygon","coordinates":[[[78.316186,17.486182],[78.316105,17.486175],[78.316116,17.486064],[78.316197,17.486071],[78.316186,17.486182]]]},"properties":{"id":"bbd45f1505ca","height":null,"num_floors":null,"render_height_m":9.6,"height_label":"assumed"}},{"type":"Feature","geometry":{"type":"Polygon","coordinates":[[[78.31609,17.486179],[78.31601,17.486173],[78.316019,17.486062],[78.316099,17.486068],[78.31609,17.486179]]]},"properties":{"id":"372cac496bc0","height":null,"num_floors":null,"render_height_m":9.6,"height_label":"assumed"}},{"type":"Feature","geometry":{"type":"Polygon","coordinates":[[[78.316115,17.486003],[78.316014,17.485989],[78.316028,17.485897],[78.316129,17.48591],[78.316115,17.486003]]]},"properties":{"id":"34a35a4136f2","height":null,"num_floors":null,"render_height_m":9.6,"height_label":"assumed"}},{"type":"Feature","geometry":{"type":"Polygon","coordinates":[[[78.315998,17.485991],[78.31587,17.48597],[78.315888,17.485873],[78.316016,17.485894],[78.315998,17.485991]]]},"properties":{"id":"6ae59de08595","height":null,"num_floors":null,"render_height_m":9.6,"height_label":"assumed"}},{"type":"Feature","geometry":{"type":"Polygon","coordinates":[[[78.315923,17.486148],[78.315871,17.486142],[78.315882,17.486043],[78.315934,17.486048],[78.315923,17.486148]]]},"properties":{"id":"4bf27a94dde9","height":null,"num_floors":null,"render_height_m":6.4,"height_label":"assumed"}},{"type":"Feature","geometry":{"type":"Polygon","coordinates":[[[78.316074,17.486345],[78.315811,17.486303],[78.315836,17.486164],[78.316098,17.486206],[78.316074,17.486345]]]},"properties":{"id":"85eaff80e8c1","height":null,"num_floors":null,"render_height_m":12.8,"height_label":"assumed"}},{"type":"Feature","geometry":{"type":"Polygon","coordinates":[[[78.316184,17.486312],[78.316101,17.486307],[78.316108,17.486193],[78.316109,17.486181],[78.316192,17.486186],[78.316184,17.486312]]]},"properties":{"id":"d749702abb46","height":null,"num_floors":null,"render_height_m":9.6,"height_label":"assumed"}},{"type":"Feature","geometry":{"type":"Polygon","coordinates":[[[78.3159,17.486492],[78.315937,17.486495],[78.315935,17.486524],[78.315898,17.486521],[78.3159,17.486492]]]},"properties":{"id":"f59dc3d726fd","height":null,"num_floors":null,"render_height_m":6.4,"height_label":"assumed"}},{"type":"Feature","geometry":{"type":"Polygon","coordinates":[[[78.315994,17.486483],[78.31604,17.486484],[78.31604,17.486515],[78.315993,17.486515],[78.315994,17.486483]]]},"properties":{"id":"e3f5e272e270","height":null,"num_floors":null,"render_height_m":6.4,"height_label":"assumed"}},{"type":"Feature","geometry":{"type":"Polygon","coordinates":[[[78.315989,17.486507],[78.31604,17.48651],[78.316038,17.486548],[78.315987,17.486545],[78.315989,17.486507]]]},"properties":{"id":"97b5190c99d5","height":null,"num_floors":null,"render_height_m":6.4,"height_label":"assumed"}},{"type":"Feature","geometry":{"type":"Polygon","coordinates":[[[78.3159,17.486726],[78.315938,17.486727],[78.315937,17.486767],[78.315899,17.486766],[78.3159,17.486726]]]},"properties":{"id":"94a03a36dd28","height":null,"num_floors":null,"render_height_m":6.4,"height_label":"assumed"}},{"type":"Feature","geometry":{"type":"Polygon","coordinates":[[[78.315981,17.486714],[78.316027,17.486716],[78.316025,17.486751],[78.315979,17.486748],[78.315981,17.486714]]]},"properties":{"id":"7ec4b70d5385","height":null,"num_floors":null,"render_height_m":6.4,"height_label":"assumed"}},{"type":"Feature","geometry":{"type":"Polygon","coordinates":[[[78.316285,17.486635],[78.316196,17.486643],[78.316191,17.486601],[78.316281,17.486593],[78.316285,17.486635]]]},"properties":{"id":"c0881825eec4","height":null,"num_floors":null,"render_height_m":6.4,"height_label":"assumed"}},{"type":"Feature","geometry":{"type":"Polygon","coordinates":[[[78.316283,17.486506],[78.3163,17.486563],[78.316162,17.4866],[78.316145,17.486543],[78.316283,17.486506]]]},"properties":{"id":"8871ec0031e8","height":null,"num_floors":null,"render_height_m":9.6,"height_label":"assumed"}},{"type":"Feature","geometry":{"type":"Polygon","coordinates":[[[78.316355,17.486553],[78.316342,17.486489],[78.316428,17.486472],[78.316442,17.486536],[78.316355,17.486553]]]},"properties":{"id":"0aaf993e8d18","height":null,"num_floors":null,"render_height_m":6.4,"height_label":"assumed"}},{"type":"Feature","geometry":{"type":"Polygon","coordinates":[[[78.316529,17.486625],[78.316431,17.486645],[78.316412,17.48656],[78.31651,17.486541],[78.316529,17.486625]]]},"properties":{"id":"2e25d1fd2683","height":null,"num_floors":null,"render_height_m":9.6,"height_label":"assumed"}},{"type":"Feature","geometry":{"type":"Polygon","coordinates":[[[78.316406,17.486612],[78.316306,17.48663],[78.316297,17.486582],[78.316396,17.486564],[78.316406,17.486612]]]},"properties":{"id":"a8c5fbe8312b","height":null,"num_floors":null,"render_height_m":6.4,"height_label":"assumed"}},{"type":"Feature","geometry":{"type":"Polygon","coordinates":[[[78.316549,17.48672],[78.316296,17.486769],[78.316278,17.486683],[78.31653,17.486635],[78.316549,17.48672]]]},"properties":{"id":"9e9776e2d5e8","height":null,"num_floors":null,"render_height_m":12.8,"height_label":"assumed"}},{"type":"Feature","geometry":{"type":"Polygon","coordinates":[[[78.3164,17.486853],[78.316291,17.48687],[78.316277,17.486783],[78.316385,17.486766],[78.3164,17.486853]]]},"properties":{"id":"1eef70766c09","height":null,"num_floors":null,"render_height_m":9.6,"height_label":"assumed"}},{"type":"Feature","geometry":{"type":"Polygon","coordinates":[[[78.316518,17.48684],[78.316412,17.486855],[78.316396,17.486752],[78.316502,17.486737],[78.316518,17.48684]]]},"properties":{"id":"8597a34858fa","height":null,"num_floors":null,"render_height_m":9.6,"height_label":"assumed"}},{"type":"Feature","geometry":{"type":"Polygon","coordinates":[[[78.316322,17.486906],[78.316423,17.486901],[78.316425,17.48694],[78.316325,17.486945],[78.316322,17.486906]]]},"properties":{"id":"ca91373526cc","height":null,"num_floors":null,"render_height_m":6.4,"height_label":"assumed"}},{"type":"Feature","geometry":{"type":"Polygon","coordinates":[[[78.315936,17.486886],[78.315971,17.486883],[78.315973,17.48691],[78.315939,17.486912],[78.315936,17.486886]]]},"properties":{"id":"cecec4060ad2","height":null,"num_floors":null,"render_height_m":6.4,"height_label":"assumed"}},{"type":"Feature","geometry":{"type":"Polygon","coordinates":[[[78.315885,17.486784],[78.315937,17.486785],[78.315936,17.486812],[78.315885,17.486811],[78.315885,17.486784]]]},"properties":{"id":"011feca16186","height":null,"num_floors":null,"render_height_m":6.4,"height_label":"assumed"}},{"type":"Feature","geometry":{"type":"Polygon","coordinates":[[[78.315959,17.486978],[78.316001,17.486981],[78.315998,17.487019],[78.315956,17.487015],[78.315959,17.486978]]]},"properties":{"id":"46b782dbf5d8","height":null,"num_floors":null,"render_height_m":6.4,"height_label":"assumed"}},{"type":"Feature","geometry":{"type":"Polygon","coordinates":[[[78.315766,17.486727],[78.315768,17.486789],[78.315611,17.486793],[78.315609,17.486732],[78.315766,17.486727]]]},"properties":{"id":"bfd0c63a2e94","height":null,"num_floors":null,"render_height_m":9.6,"height_label":"assumed"}},{"type":"Feature","geometry":{"type":"Polygon","coordinates":[[[78.315527,17.486676],[78.315399,17.486677],[78.315385,17.486527],[78.315667,17.486536],[78.315655,17.48668],[78.315527,17.486676]]]},"properties":{"id":"eac9df5793e1","height":null,"num_floors":null,"render_height_m":12.8,"height_label":"assumed"}},{"type":"Feature","geometry":{"type":"Polygon","coordinates":[[[78.315369,17.486604],[78.315389,17.48669],[78.315322,17.486704],[78.315303,17.486618],[78.315369,17.486604]]]},"properties":{"id":"6a3f80affab8","height":null,"num_floors":null,"render_height_m":6.4,"height_label":"assumed"}},{"type":"Feature","geometry":{"type":"Polygon","coordinates":[[[78.315345,17.48694],[78.315267,17.486956],[78.315235,17.486816],[78.315313,17.4868],[78.315345,17.48694]]]},"properties":{"id":"9ed73a7f0b90","height":null,"num_floors":null,"render_height_m":9.6,"height_label":"assumed"}},{"type":"Feature","geometry":{"type":"Polygon","coordinates":[[[78.315385,17.48684],[78.315337,17.486843],[78.315334,17.486787],[78.315382,17.486784],[78.315385,17.48684]]]},"properties":{"id":"e29e42df9bfd","height":null,"num_floors":null,"render_height_m":6.4,"height_label":"assumed"}},{"type":"Feature","geometry":{"type":"Polygon","coordinates":[[[78.315628,17.486819],[78.315638,17.486978],[78.31541,17.486991],[78.3154,17.486832],[78.315628,17.486819]]]},"properties":{"id":"fa4651904dc6","height":null,"num_floors":null,"render_height_m":12.8,"height_label":"assumed"}},{"type":"Feature","geometry":{"type":"Polygon","coordinates":[[[78.315467,17.486996],[78.315482,17.487065],[78.315427,17.487076],[78.315412,17.487007],[78.315467,17.486996]]]},"properties":{"id":"54585f9e8d66","height":null,"num_floors":null,"render_height_m":6.4,"height_label":"assumed"}},{"type":"Feature","geometry":{"type":"Polygon","coordinates":[[[78.315393,17.487038],[78.31525,17.487066],[78.315232,17.486982],[78.315375,17.486954],[78.315393,17.487038]]]},"properties":{"id":"05fe85b571ee","height":null,"num_floors":null,"render_height_m":9.6,"height_label":"assumed"}},{"type":"Feature","geometry":{"type":"Polygon","coordinates":[[[78.315026,17.486918],[78.314624,17.487002],[78.314589,17.486851],[78.314992,17.486767],[78.315026,17.486918]]]},"properties":{"id":"f454c8fa54ba","height":null,"num_floors":null,"render_height_m":12.8,"height_label":"assumed"}},{"type":"Feature","geometry":{"type":"Polygon","coordinates":[[[78.315302,17.486772],[78.315225,17.486788],[78.315191,17.486637],[78.315267,17.486621],[78.315302,17.486772]]]},"properties":{"id":"e7cd2d5eceeb","height":null,"num_floors":null,"render_height_m":9.6,"height_label":"assumed"}},{"type":"Feature","geometry":{"type":"Polygon","coordinates":[[[78.31527,17.486592],[78.315192,17.486608],[78.315161,17.486472],[78.315239,17.486456],[78.31527,17.486592]]]},"properties":{"id":"9869fd17a765","height":null,"num_floors":null,"render_height_m":9.6,"height_label":"assumed"}},{"type":"Feature","geometry":{"type":"Polygon","coordinates":[[[78.315236,17.486408],[78.315154,17.486426],[78.315119,17.486272],[78.315201,17.486255],[78.315236,17.486408]]]},"properties":{"id":"93d94fed6ee4","height":null,"num_floors":null,"render_height_m":9.6,"height_label":"assumed"}},{"type":"Feature","geometry":{"type":"Polygon","coordinates":[[[78.315203,17.486168],[78.315278,17.486153],[78.315294,17.486229],[78.315219,17.486244],[78.315203,17.486168]]]},"properties":{"id":"d5615918827a","height":null,"num_floors":null,"render_height_m":6.4,"height_label":"assumed"}},{"type":"Feature","geometry":{"type":"Polygon","coordinates":[[[78.314829,17.486287],[78.314551,17.486352],[78.314513,17.486206],[78.314791,17.48614],[78.314829,17.486287]]]},"properties":{"id":"b2408149cf62","height":null,"num_floors":null,"render_height_m":12.8,"height_label":"assumed"}},{"type":"Feature","geometry":{"type":"Polygon","coordinates":[[[78.315145,17.486058],[78.315069,17.486074],[78.315039,17.485943],[78.315115,17.485927],[78.315145,17.486058]]]},"properties":{"id":"2c3e387f3571","height":null,"num_floors":null,"render_height_m":9.6,"height_label":"assumed"}},{"type":"Feature","geometry":{"type":"Polygon","coordinates":[[[78.315178,17.486222],[78.3151,17.486238],[78.315066,17.48609],[78.315144,17.486074],[78.315178,17.486222]]]},"properties":{"id":"ac8e8971da29","height":null,"num_floors":null,"render_height_m":9.6,"height_label":"assumed"}},{"type":"Feature","geometry":{"type":"Polygon","coordinates":[[[78.315195,17.486082],[78.315243,17.486073],[78.315259,17.486155],[78.31521,17.486164],[78.315195,17.486082]]]},"properties":{"id":"8ffd047e9c2a","height":null,"num_floors":null,"render_height_m":6.4,"height_label":"assumed"}},{"type":"Feature","geometry":{"type":"Polygon","coordinates":[[[78.31558,17.486199],[78.315464,17.48618],[78.315482,17.486078],[78.315598,17.486097],[78.31558,17.486199]]]},"properties":{"id":"bd87b897d5d5","height":null,"num_floors":null,"render_height_m":9.6,"height_label":"assumed"}},{"type":"Feature","geometry":{"type":"Polygon","coordinates":[[[78.315465,17.48602],[78.315455,17.486097],[78.315315,17.486082],[78.315324,17.486004],[78.315465,17.48602]]]},"properties":{"id":"57af275ba946","height":null,"num_floors":null,"render_height_m":9.6,"height_label":"assumed"}},{"type":"Feature","geometry":{"type":"Polygon","coordinates":[[[78.315321,17.486333],[78.31534,17.486432],[78.315264,17.486446],[78.315257,17.486408],[78.315245,17.486347],[78.315321,17.486333]]]},"properties":{"id":"abf4ccf8d342","height":null,"num_floors":null,"render_height_m":9.6,"height_label":"assumed"}},{"type":"Feature","geometry":{"type":"Polygon","coordinates":[[[78.315643,17.486204],[78.315774,17.486233],[78.31576,17.486289],[78.315629,17.486259],[78.315643,17.486204]]]},"properties":{"id":"bee73bba3a97","height":null,"num_floors":null,"render_height_m":9.6,"height_label":"assumed"}},{"type":"Feature","geometry":{"type":"Polygon","coordinates":[[[78.315635,17.486314],[78.315754,17.486345],[78.315743,17.486386],[78.315623,17.486355],[78.315635,17.486314]]]},"properties":{"id":"9b0cb1a432dc","height":null,"num_floors":null,"render_height_m":6.4,"height_label":"assumed"}},{"type":"Feature","geometry":{"type":"Polygon","coordinates":[[[78.315703,17.486276],[78.315762,17.486284],[78.315756,17.486321],[78.315697,17.486313],[78.315703,17.486276]]]},"properties":{"id":"6f4395864323","height":null,"num_floors":null,"render_height_m":6.4,"height_label":"assumed"}},{"type":"Feature","geometry":{"type":"Polygon","coordinates":[[[78.315761,17.486117],[78.315608,17.486092],[78.315627,17.485987],[78.31578,17.486012],[78.315761,17.486117]]]},"properties":{"id":"4e515dd7a33a","height":null,"num_floors":null,"render_height_m":9.6,"height_label":"assumed"}},{"type":"Feature","geometry":{"type":"Polygon","coordinates":[[[78.31554,17.485949],[78.315598,17.485954],[78.315595,17.485983],[78.315537,17.485978],[78.31554,17.485949]]]},"properties":{"id":"cd3e42a5e1d2","height":null,"num_floors":null,"render_height_m":6.4,"height_label":"assumed"}},{"type":"Feature","geometry":{"type":"Polygon","coordinates":[[[78.315786,17.485967],[78.315653,17.48594],[78.315676,17.48584],[78.315809,17.485868],[78.315786,17.485967]]]},"properties":{"id":"7e28011dc82a","height":null,"num_floors":null,"render_height_m":9.6,"height_label":"assumed"}},{"type":"Feature","geometry":{"type":"Polygon","coordinates":[[[78.315792,17.485857],[78.315673,17.485836],[78.315693,17.485734],[78.315812,17.485755],[78.315792,17.485857]]]},"properties":{"id":"59e05528c1a2","height":null,"num_floors":null,"render_height_m":9.6,"height_label":"assumed"}},{"type":"Feature","geometry":{"type":"Polygon","coordinates":[[[78.315833,17.485737],[78.315714,17.485716],[78.315726,17.485653],[78.315845,17.485673],[78.315833,17.485737]]]},"properties":{"id":"1b8bbd4b01e7","height":null,"num_floors":null,"render_height_m":9.6,"height_label":"assumed"}},{"type":"Feature","geometry":{"type":"Polygon","coordinates":[[[78.315024,17.485598],[78.315081,17.485588],[78.315107,17.485721],[78.315254,17.485695],[78.315267,17.485761],[78.315028,17.485803],[78.31502,17.485764],[78.315055,17.485758],[78.315042,17.485692],[78.315008,17.485698],[78.315001,17.485664],[78.315035,17.485658],[78.315024,17.485598]]]},"properties":{"id":"282844c06999","height":null,"num_floors":null,"render_height_m":12.8,"height_label":"assumed"}},{"type":"Feature","geometry":{"type":"Polygon","coordinates":[[[78.3151,17.485882],[78.315021,17.485899],[78.315004,17.485826],[78.315084,17.48581],[78.3151,17.485882]]]},"properties":{"id":"0b134f7023f7","height":null,"num_floors":null,"render_height_m":6.4,"height_label":"assumed"}},{"type":"Feature","geometry":{"type":"Polygon","coordinates":[[[78.314954,17.485335],[78.314958,17.485381],[78.314987,17.485379],[78.315016,17.485666],[78.314898,17.485677],[78.314865,17.485342],[78.314954,17.485335]]]},"properties":{"id":"8b63d05a287e","height":null,"num_floors":null,"render_height_m":12.8,"height_label":"assumed"}},{"type":"Feature","geometry":{"type":"Polygon","coordinates":[[[78.314881,17.485499],[78.314898,17.485677],[78.314733,17.485692],[78.314718,17.48554],[78.31478,17.485534],[78.314777,17.485509],[78.314881,17.485499]]]},"properties":{"id":"db0f8de0f004","height":null,"num_floors":null,"render_height_m":12.8,"height_label":"assumed"}},{"type":"Feature","geometry":{"type":"Polygon","coordinates":[[[78.314867,17.48535],[78.314874,17.485413],[78.31477,17.485423],[78.314763,17.48536],[78.314867,17.48535]]]},"properties":{"id":"8c590d201541","height":null,"num_floors":null,"render_height_m":6.4,"height_label":"assumed"}},{"type":"Feature","geometry":{"type":"Polygon","coordinates":[[[78.314989,17.485395],[78.315082,17.485386],[78.315094,17.485506],[78.315001,17.485515],[78.314989,17.485395]]]},"properties":{"id":"29fbb68b59f4","height":null,"num_floors":null,"render_height_m":9.6,"height_label":"assumed"}},{"type":"Feature","geometry":{"type":"Polygon","coordinates":[[[78.315094,17.485506],[78.315102,17.485584],[78.315008,17.485592],[78.315001,17.485515],[78.315094,17.485506]]]},"properties":{"id":"60ef68f13696","height":null,"num_floors":null,"render_height_m":9.6,"height_label":"assumed"}},{"type":"Feature","geometry":{"type":"Polygon","coordinates":[[[78.315232,17.485373],[78.315264,17.485696],[78.315114,17.485709],[78.315082,17.485386],[78.315232,17.485373]]]},"properties":{"id":"e1384a55dfcd","height":null,"num_floors":null,"render_height_m":12.8,"height_label":"assumed"}},{"type":"Feature","geometry":{"type":"Polygon","coordinates":[[[78.315158,17.485028],[78.315186,17.485028],[78.315185,17.485068],[78.315157,17.485067],[78.315158,17.485028]]]},"properties":{"id":"5e29fa711292","height":null,"num_floors":null,"render_height_m":6.4,"height_label":"assumed"}},{"type":"Feature","geometry":{"type":"Polygon","coordinates":[[[78.315193,17.485256],[78.315205,17.485368],[78.314987,17.485389],[78.314975,17.485277],[78.315193,17.485256]]]},"properties":{"id":"e9e7a12f3df6","height":null,"num_floors":null,"render_height_m":12.8,"height_label":"assumed"}},{"type":"Feature","geometry":{"type":"Polygon","coordinates":[[[78.314857,17.485274],[78.314892,17.485268],[78.314899,17.485303],[78.314864,17.485309],[78.314857,17.485274]]]},"properties":{"id":"118959481f9d","height":null,"num_floors":null,"render_height_m":6.4,"height_label":"assumed"}},{"type":"Feature","geometry":{"type":"Polygon","coordinates":[[[78.314846,17.485265],[78.314863,17.485332],[78.314684,17.485376],[78.314666,17.485309],[78.314846,17.485265]]]},"properties":{"id":"1b2e41fc2622","height":null,"num_floors":null,"render_height_m":9.6,"height_label":"assumed"}},{"type":"Feature","geometry":{"type":"Polygon","coordinates":[[[78.314847,17.485009],[78.314908,17.485004],[78.314914,17.485077],[78.314854,17.485081],[78.314847,17.485009]]]},"properties":{"id":"8a11cb06e86f","height":null,"num_floors":null,"render_height_m":6.4,"height_label":"assumed"}},{"type":"Feature","geometry":{"type":"Polygon","coordinates":[[[78.314772,17.484822],[78.314776,17.484911],[78.314731,17.484913],[78.314727,17.484824],[78.314772,17.484822]]]},"properties":{"id":"85c436e2cd2e","height":null,"num_floors":null,"render_height_m":6.4,"height_label":"assumed"}},{"type":"Feature","geometry":{"type":"Polygon","coordinates":[[[78.315153,17.484979],[78.315177,17.484976],[78.315182,17.485022],[78.315158,17.485024],[78.315153,17.484979]]]},"properties":{"id":"8f6af6555c7e","height":null,"num_floors":null,"render_height_m":6.4,"height_label":"assumed"}},{"type":"Feature","geometry":{"type":"Polygon","coordinates":[[[78.315183,17.484784],[78.315188,17.484823],[78.315251,17.484816],[78.315257,17.484857],[78.31519,17.484865],[78.315188,17.484846],[78.315133,17.484852],[78.315135,17.484873],[78.315072,17.484881],[78.315063,17.484811],[78.315125,17.484804],[78.315124,17.48479],[78.315183,17.484784]]]},"properties":{"id":"fc232e6933d3","height":null,"num_floors":null,"render_height_m":9.6,"height_label":"assumed"}},{"type":"Feature","geometry":{"type":"Polygon","coordinates":[[[78.315366,17.484812],[78.315402,17.484814],[78.315399,17.484854],[78.315364,17.484852],[78.315366,17.484812]]]},"properties":{"id":"f4b37b81d1ef","height":null,"num_floors":null,"render_height_m":6.4,"height_label":"assumed"}},{"type":"Feature","geometry":{"type":"Polygon","coordinates":[[[78.315431,17.484832],[78.315514,17.484838],[78.315508,17.484914],[78.315426,17.484908],[78.315431,17.484832]]]},"properties":{"id":"6ff96bc13f4f","height":null,"num_floors":null,"render_height_m":6.4,"height_label":"assumed"}},{"type":"Feature","geometry":{"type":"Polygon","coordinates":[[[78.315807,17.484882],[78.315911,17.484902],[78.315896,17.484976],[78.315792,17.484956],[78.315807,17.484882]]]},"properties":{"id":"b64d10688d4e","height":null,"num_floors":null,"render_height_m":9.6,"height_label":"assumed"}},{"type":"Feature","geometry":{"type":"Polygon","coordinates":[[[78.315688,17.484867],[78.315799,17.484877],[78.315794,17.484929],[78.315771,17.484927],[78.315768,17.484952],[78.31568,17.484944],[78.315688,17.484867]]]},"properties":{"id":"cd77b017e825","height":null,"num_floors":null,"render_height_m":9.6,"height_label":"assumed"}},{"type":"Feature","geometry":{"type":"Polygon","coordinates":[[[78.315652,17.485072],[78.31549,17.485072],[78.31549,17.484921],[78.315652,17.484921],[78.315652,17.485072]]]},"properties":{"id":"fbf83434489e","height":null,"num_floors":null,"render_height_m":12.8,"height_label":"assumed"}},{"type":"Feature","geometry":{"type":"Polygon","coordinates":[[[78.315628,17.484862],[78.315688,17.484867],[78.315683,17.484919],[78.315623,17.484913],[78.315628,17.484862]]]},"properties":{"id":"e08f63fdb01d","height":null,"num_floors":null,"render_height_m":6.4,"height_label":"assumed"}},{"type":"Feature","geometry":{"type":"Polygon","coordinates":[[[78.315961,17.484848],[78.315867,17.484832],[78.315892,17.484701],[78.315984,17.484718],[78.315961,17.484848]]]},"properties":{"id":"52b722d7f943","height":null,"num_floors":null,"render_height_m":9.6,"height_label":"assumed"}},{"type":"Feature","geometry":{"type":"Polygon","coordinates":[[[78.315923,17.484917],[78.315995,17.484923],[78.315988,17.485005],[78.315945,17.485001],[78.315946,17.484988],[78.315917,17.484985],[78.315923,17.484917]]]},"properties":{"id":"870d9bca2cf9","height":null,"num_floors":null,"render_height_m":6.4,"height_label":"assumed"}},{"type":"Feature","geometry":{"type":"Polygon","coordinates":[[[78.315995,17.484923],[78.31609,17.484931],[78.316083,17.485],[78.315989,17.484991],[78.315995,17.484923]]]},"properties":{"id":"1414df15e72f","height":null,"num_floors":null,"render_height_m":6.4,"height_label":"assumed"}},{"type":"Feature","geometry":{"type":"Polygon","coordinates":[[[78.316082,17.484876],[78.316027,17.484867],[78.316052,17.484733],[78.316101,17.484742],[78.316082,17.484876]]]},"properties":{"id":"6a7719943c98","height":null,"num_floors":null,"render_height_m":9.6,"height_label":"assumed"}},{"type":"Feature","geometry":{"type":"Polygon","coordinates":[[[78.316194,17.484891],[78.316093,17.484875],[78.316116,17.484743],[78.316216,17.484758],[78.316194,17.484891]]]},"properties":{"id":"6326f941f1e1","height":null,"num_floors":null,"render_height_m":9.6,"height_label":"assumed"}},{"type":"Feature","geometry":{"type":"Polygon","coordinates":[[[78.31632,17.48485],[78.316206,17.484835],[78.316216,17.484764],[78.316348,17.484782],[78.316343,17.484816],[78.316326,17.484814],[78.31632,17.48485]]]},"properties":{"id":"2025cd71e849","height":null,"num_floors":null,"render_height_m":9.6,"height_label":"assumed"}},{"type":"Feature","geometry":{"type":"Polygon","coordinates":[[[78.316514,17.484938],[78.316395,17.48492],[78.316413,17.484812],[78.316532,17.484831],[78.316514,17.484938]]]},"properties":{"id":"a9b18e55f8c0","height":null,"num_floors":null,"render_height_m":9.6,"height_label":"assumed"}},{"type":"Feature","geometry":{"type":"Polygon","coordinates":[[[78.31628,17.485031],[78.31615,17.485011],[78.316162,17.484937],[78.316293,17.484957],[78.31628,17.485031]]]},"properties":{"id":"aa636f672218","height":null,"num_floors":null,"render_height_m":9.6,"height_label":"assumed"}},{"type":"Feature","geometry":{"type":"Polygon","coordinates":[[[78.316364,17.485096],[78.316296,17.485106],[78.316285,17.48504],[78.316353,17.48503],[78.316364,17.485096]]]},"properties":{"id":"f39411d3d49e","height":null,"num_floors":null,"render_height_m":6.4,"height_label":"assumed"}},{"type":"Feature","geometry":{"type":"Polygon","coordinates":[[[78.316318,17.485164],[78.316313,17.485115],[78.316386,17.485108],[78.316391,17.485158],[78.316318,17.485164]]]},"properties":{"id":"510418b80939","height":null,"num_floors":null,"render_height_m":6.4,"height_label":"assumed"}},{"type":"Feature","geometry":{"type":"Polygon","coordinates":[[[78.316364,17.48533],[78.316333,17.485199],[78.316417,17.485181],[78.316447,17.485312],[78.316364,17.48533]]]},"properties":{"id":"0849e9346fe4","height":null,"num_floors":null,"render_height_m":9.6,"height_label":"assumed"}},{"type":"Feature","geometry":{"type":"Polygon","coordinates":[[[78.316006,17.485878],[78.315899,17.485861],[78.315915,17.485768],[78.316022,17.485785],[78.316006,17.485878]]]},"properties":{"id":"ff10bac78a0a","height":null,"num_floors":null,"render_height_m":9.6,"height_label":"assumed"}},{"type":"Feature","geometry":{"type":"Polygon","coordinates":[[[78.316158,17.485796],[78.316118,17.485796],[78.316118,17.485734],[78.316158,17.485734],[78.316158,17.485796]]]},"properties":{"id":"3139686461fc","height":null,"num_floors":null,"render_height_m":6.4,"height_label":"assumed"}},{"type":"Feature","geometry":{"type":"Polygon","coordinates":[[[78.31601,17.485704],[78.316066,17.485707],[78.316064,17.485753],[78.316008,17.485751],[78.31601,17.485704]]]},"properties":{"id":"3b3de2353c39","height":null,"num_floors":null,"render_height_m":6.4,"height_label":"assumed"}},{"type":"Feature","geometry":{"type":"Polygon","coordinates":[[[78.316149,17.485646],[78.316153,17.485706],[78.316098,17.485709],[78.316094,17.485649],[78.316149,17.485646]]]},"properties":{"id":"dc861fceb85f","height":null,"num_floors":null,"render_height_m":6.4,"height_label":"assumed"}},{"type":"Feature","geometry":{"type":"Polygon","coordinates":[[[78.316293,17.485683],[78.316192,17.485685],[78.316191,17.485618],[78.316292,17.485617],[78.316293,17.485683]]]},"properties":{"id":"da2402f387e5","height":null,"num_floors":null,"render_height_m":6.4,"height_label":"assumed"}},{"type":"Feature","geometry":{"type":"Polygon","coordinates":[[[78.316302,17.485749],[78.316221,17.485765],[78.316212,17.485725],[78.316293,17.485709],[78.316302,17.485749]]]},"properties":{"id":"5d039213424e","height":null,"num_floors":null,"render_height_m":6.4,"height_label":"assumed"}},{"type":"Feature","geometry":{"type":"Polygon","coordinates":[[[78.316193,17.485686],[78.316226,17.485687],[78.316225,17.485717],[78.316192,17.485717],[78.316193,17.485686]]]},"properties":{"id":"05844174248c","height":null,"num_floors":null,"render_height_m":6.4,"height_label":"assumed"}},{"type":"Feature","geometry":{"type":"Polygon","coordinates":[[[78.316187,17.485847],[78.316173,17.485792],[78.316308,17.485759],[78.316323,17.485813],[78.316187,17.485847]]]},"properties":{"id":"9f53b7f8e36e","height":null,"num_floors":null,"render_height_m":9.6,"height_label":"assumed"}},{"type":"Feature","geometry":{"type":"Polygon","coordinates":[[[78.316463,17.485894],[78.31635,17.485894],[78.31635,17.485826],[78.316463,17.485826],[78.316463,17.485894]]]},"properties":{"id":"1ca0e901c73a","height":null,"num_floors":null,"render_height_m":9.6,"height_label":"assumed"}},{"type":"Feature","geometry":{"type":"Polygon","coordinates":[[[78.316321,17.48577],[78.316317,17.485709],[78.316383,17.485705],[78.316386,17.485767],[78.316321,17.48577]]]},"properties":{"id":"87f329d8659d","height":null,"num_floors":null,"render_height_m":6.4,"height_label":"assumed"}},{"type":"Feature","geometry":{"type":"Polygon","coordinates":[[[78.316432,17.485696],[78.316318,17.485695],[78.31632,17.485618],[78.316433,17.485619],[78.316432,17.485696]]]},"properties":{"id":"b27311ac184a","height":null,"num_floors":null,"render_height_m":9.6,"height_label":"assumed"}},{"type":"Feature","geometry":{"type":"Polygon","coordinates":[[[78.316464,17.485514],[78.316414,17.485521],[78.316396,17.485413],[78.316446,17.485406],[78.316464,17.485514]]]},"properties":{"id":"0de6a7eda99b","height":null,"num_floors":null,"render_height_m":6.4,"height_label":"assumed"}},{"type":"Feature","geometry":{"type":"Polygon","coordinates":[[[78.316535,17.4855],[78.316501,17.485502],[78.316494,17.485399],[78.316527,17.485397],[78.316535,17.4855]]]},"properties":{"id":"7fa589c2c71e","height":null,"num_floors":null,"render_height_m":6.4,"height_label":"assumed"}},{"type":"Feature","geometry":{"type":"Polygon","coordinates":[[[78.316632,17.485439],[78.316546,17.485443],[78.316542,17.485394],[78.316629,17.485389],[78.316632,17.485439]]]},"properties":{"id":"6ff5c885b208","height":null,"num_floors":null,"render_height_m":6.4,"height_label":"assumed"}},{"type":"Feature","geometry":{"type":"Polygon","coordinates":[[[78.316755,17.485563],[78.316655,17.485575],[78.316642,17.485477],[78.316743,17.485465],[78.316755,17.485563]]]},"properties":{"id":"9f6d6baf777d","height":null,"num_floors":null,"render_height_m":9.6,"height_label":"assumed"}},{"type":"Feature","geometry":{"type":"Polygon","coordinates":[[[78.316594,17.485784],[78.316475,17.485788],[78.316471,17.485663],[78.316589,17.485659],[78.316594,17.485784]]]},"properties":{"id":"44727f6e7dfa","height":null,"num_floors":null,"render_height_m":9.6,"height_label":"assumed"}},{"type":"Feature","geometry":{"type":"Polygon","coordinates":[[[78.316562,17.485887],[78.316483,17.485887],[78.316483,17.485796],[78.316562,17.485796],[78.316562,17.485887]]]},"properties":{"id":"995fbbcab88b","height":null,"num_floors":null,"render_height_m":9.6,"height_label":"assumed"}},{"type":"Feature","geometry":{"type":"Polygon","coordinates":[[[78.316699,17.485873],[78.316578,17.485877],[78.316575,17.485788],[78.316697,17.485785],[78.316699,17.485873]]]},"properties":{"id":"3c570fbdfc7d","height":null,"num_floors":null,"render_height_m":9.6,"height_label":"assumed"}},{"type":"Feature","geometry":{"type":"Polygon","coordinates":[[[78.316796,17.485923],[78.316739,17.485922],[78.31674,17.485824],[78.316798,17.485825],[78.316796,17.485923]]]},"properties":{"id":"43f5e0b84d4f","height":null,"num_floors":null,"render_height_m":6.4,"height_label":"assumed"}},{"type":"Feature","geometry":{"type":"Polygon","coordinates":[[[78.316705,17.485754],[78.316626,17.485761],[78.316614,17.485642],[78.316694,17.485635],[78.316705,17.485754]]]},"properties":{"id":"63fc0bd3e554","height":null,"num_floors":null,"render_height_m":9.6,"height_label":"assumed"}},{"type":"Feature","geometry":{"type":"Polygon","coordinates":[[[78.316777,17.48574],[78.316728,17.485744],[78.316716,17.485612],[78.316765,17.485608],[78.316777,17.48574]]]},"properties":{"id":"c00c580aa2fa","height":null,"num_floors":null,"render_height_m":6.4,"height_label":"assumed"}},{"type":"Feature","geometry":{"type":"Polygon","coordinates":[[[78.316922,17.485682],[78.316877,17.485683],[78.316875,17.485615],[78.31692,17.485614],[78.316922,17.485682]]]},"properties":{"id":"c477a90e9a78","height":null,"num_floors":null,"render_height_m":6.4,"height_label":"assumed"}},{"type":"Feature","geometry":{"type":"Polygon","coordinates":[[[78.316844,17.485804],[78.316834,17.485726],[78.316981,17.485723],[78.316984,17.485802],[78.316844,17.485804]]]},"properties":{"id":"24af9961e890","height":null,"num_floors":null,"render_height_m":9.6,"height_label":"assumed"}},{"type":"Feature","geometry":{"type":"Polygon","coordinates":[[[78.316937,17.485824],[78.316984,17.485822],[78.316987,17.48587],[78.31694,17.485873],[78.316937,17.485824]]]},"properties":{"id":"312cc842fa51","height":null,"num_floors":null,"render_height_m":6.4,"height_label":"assumed"}},{"type":"Feature","geometry":{"type":"Polygon","coordinates":[[[78.317067,17.485915],[78.316989,17.485914],[78.31699,17.485807],[78.317069,17.485808],[78.317067,17.485915]]]},"properties":{"id":"97b327f2f9ee","height":null,"num_floors":null,"render_height_m":9.6,"height_label":"assumed"}},{"type":"Feature","geometry":{"type":"Polygon","coordinates":[[[78.316986,17.485676],[78.31693,17.485677],[78.316928,17.485615],[78.316984,17.485613],[78.316986,17.485676]]]},"properties":{"id":"54f3479050cc","height":null,"num_floors":null,"render_height_m":6.4,"height_label":"assumed"}},{"type":"Feature","geometry":{"type":"Polygon","coordinates":[[[78.317044,17.485663],[78.317002,17.485668],[78.316994,17.485598],[78.317035,17.485593],[78.317044,17.485663]]]},"properties":{"id":"ade46ee97aab","height":null,"num_floors":null,"render_height_m":6.4,"height_label":"assumed"}},{"type":"Feature","geometry":{"type":"Polygon","coordinates":[[[78.317073,17.48557],[78.316992,17.485582],[78.316979,17.485501],[78.317059,17.485489],[78.317073,17.48557]]]},"properties":{"id":"5f126c34bfc8","height":null,"num_floors":null,"render_height_m":6.4,"height_label":"assumed"}},{"type":"Feature","geometry":{"type":"Polygon","coordinates":[[[78.316853,17.485549],[78.316809,17.485554],[78.316798,17.485475],[78.316842,17.48547],[78.316853,17.485549]]]},"properties":{"id":"eb72c6d5ca51","height":null,"num_floors":null,"render_height_m":6.4,"height_label":"assumed"}},{"type":"Feature","geometry":{"type":"Polygon","coordinates":[[[78.316963,17.485564],[78.316885,17.485574],[78.316867,17.485445],[78.316944,17.485435],[78.316963,17.485564]]]},"properties":{"id":"6c2aec2ecbd9","height":null,"num_floors":null,"render_height_m":9.6,"height_label":"assumed"}},{"type":"Feature","geometry":{"type":"Polygon","coordinates":[[[78.31685,17.485459],[78.316797,17.485465],[78.316786,17.485378],[78.316838,17.485371],[78.31685,17.485459]]]},"properties":{"id":"ebf362c97ffd","height":null,"num_floors":null,"render_height_m":6.4,"height_label":"assumed"}},{"type":"Feature","geometry":{"type":"Polygon","coordinates":[[[78.316922,17.48533],[78.316932,17.485423],[78.316874,17.485429],[78.316864,17.485336],[78.316922,17.48533]]]},"properties":{"id":"9cb3c336b113","height":null,"num_floors":null,"render_height_m":6.4,"height_label":"assumed"}},{"type":"Feature","geometry":{"type":"Polygon","coordinates":[[[78.317013,17.485382],[78.316946,17.485396],[78.316927,17.48531],[78.316994,17.485296],[78.317013,17.485382]]]},"properties":{"id":"8c05f1e7dfed","height":null,"num_floors":null,"render_height_m":6.4,"height_label":"assumed"}},{"type":"Feature","geometry":{"type":"Polygon","coordinates":[[[78.317057,17.485474],[78.316971,17.485495],[78.316948,17.485409],[78.317034,17.485388],[78.317057,17.485474]]]},"properties":{"id":"a4be208bdb7c","height":null,"num_floors":null,"render_height_m":9.6,"height_label":"assumed"}},{"type":"Feature","geometry":{"type":"Polygon","coordinates":[[[78.317129,17.485342],[78.317055,17.485352],[78.317043,17.485266],[78.317116,17.485256],[78.317129,17.485342]]]},"properties":{"id":"63400fc0e30a","height":null,"num_floors":null,"render_height_m":6.4,"height_label":"assumed"}},{"type":"Feature","geometry":{"type":"Polygon","coordinates":[[[78.317024,17.485194],[78.316975,17.485199],[78.316965,17.485112],[78.317014,17.485107],[78.317024,17.485194]]]},"properties":{"id":"7fa918a5d259","height":null,"num_floors":null,"render_height_m":6.4,"height_label":"assumed"}},{"type":"Feature","geometry":{"type":"Polygon","coordinates":[[[78.316931,17.485111],[78.316965,17.48521],[78.316861,17.485243],[78.316827,17.485144],[78.316931,17.485111]]]},"properties":{"id":"6a7449438835","height":null,"num_floors":null,"render_height_m":9.6,"height_label":"assumed"}},{"type":"Feature","geometry":{"type":"Polygon","coordinates":[[[78.316905,17.485099],[78.316827,17.48513],[78.316797,17.485063],[78.316875,17.485032],[78.316905,17.485099]]]},"properties":{"id":"f64c400daeaa","height":null,"num_floors":null,"render_height_m":6.4,"height_label":"assumed"}},{"type":"Feature","geometry":{"type":"Polygon","coordinates":[[[78.316781,17.485324],[78.316724,17.485189],[78.316814,17.485154],[78.316871,17.485289],[78.316781,17.485324]]]},"properties":{"id":"303eddfc0592","height":null,"num_floors":null,"render_height_m":9.6,"height_label":"assumed"}},{"type":"Feature","geometry":{"type":"Polygon","coordinates":[[[78.31665,17.48533],[78.316567,17.485339],[78.316555,17.485239],[78.316639,17.485231],[78.31665,17.48533]]]},"properties":{"id":"87f0707b5e04","height":null,"num_floors":null,"render_height_m":9.6,"height_label":"assumed"}},{"type":"Feature","geometry":{"type":"Polygon","coordinates":[[[78.316538,17.48524],[78.316461,17.485252],[78.316447,17.485176],[78.316525,17.485163],[78.316538,17.48524]]]},"properties":{"id":"f56ad8e90ad0","height":null,"num_floors":null,"render_height_m":6.4,"height_label":"assumed"}},{"type":"Feature","geometry":{"type":"Polygon","coordinates":[[[78.316628,17.485205],[78.316547,17.485228],[78.316515,17.485124],[78.316596,17.485101],[78.316628,17.485205]]]},"properties":{"id":"655f5bf79e29","height":null,"num_floors":null,"render_height_m":9.6,"height_label":"assumed"}},{"type":"Feature","geometry":{"type":"Polygon","coordinates":[[[78.316717,17.485184],[78.316647,17.485205],[78.316613,17.4851],[78.316684,17.485079],[78.316717,17.485184]]]},"properties":{"id":"acdc69fac799","height":null,"num_floors":null,"render_height_m":9.6,"height_label":"assumed"}},{"type":"Feature","geometry":{"type":"Polygon","coordinates":[[[78.316815,17.485141],[78.316735,17.48517],[78.316697,17.485077],[78.316777,17.485048],[78.316815,17.485141]]]},"properties":{"id":"3b25aba84177","height":null,"num_floors":null,"render_height_m":9.6,"height_label":"assumed"}},{"type":"Feature","geometry":{"type":"Polygon","coordinates":[[[78.316566,17.485073],[78.316403,17.485048],[78.316419,17.484953],[78.316582,17.484978],[78.316566,17.485073]]]},"properties":{"id":"f0a19d2ba88b","height":null,"num_floors":null,"render_height_m":9.6,"height_label":"assumed"}},{"type":"Feature","geometry":{"type":"Polygon","coordinates":[[[78.316955,17.484849],[78.316865,17.484857],[78.316856,17.484774],[78.316947,17.484766],[78.316955,17.484849]]]},"properties":{"id":"f4fb920e7677","height":null,"num_floors":null,"render_height_m":9.6,"height_label":"assumed"}},{"type":"Feature","geometry":{"type":"Polygon","coordinates":[[[78.31688,17.484931],[78.316914,17.484927],[78.31692,17.48497],[78.316886,17.484974],[78.31688,17.484931]]]},"properties":{"id":"e593ef37f4db","height":null,"num_floors":null,"render_height_m":6.4,"height_label":"assumed"}},{"type":"Feature","geometry":{"type":"Polygon","coordinates":[[[78.317018,17.485065],[78.316933,17.485095],[78.316892,17.48499],[78.316977,17.48496],[78.317018,17.485065]]]},"properties":{"id":"29976cdbe638","height":null,"num_floors":null,"render_height_m":9.6,"height_label":"assumed"}},{"type":"Feature","geometry":{"type":"Polygon","coordinates":[[[78.31711,17.48505],[78.317033,17.485056],[78.317023,17.484947],[78.3171,17.484941],[78.31711,17.48505]]]},"properties":{"id":"4769bf2b2672","height":null,"num_floors":null,"render_height_m":9.6,"height_label":"assumed"}},{"type":"Feature","geometry":{"type":"Polygon","coordinates":[[[78.317295,17.484795],[78.317125,17.484796],[78.317124,17.484744],[78.317295,17.484744],[78.317295,17.484795]]]},"properties":{"id":"4ad29ff53ec0","height":null,"num_floors":null,"render_height_m":9.6,"height_label":"assumed"}},{"type":"Feature","geometry":{"type":"Polygon","coordinates":[[[78.317236,17.484854],[78.317123,17.484855],[78.317123,17.484814],[78.317236,17.484814],[78.317236,17.484854]]]},"properties":{"id":"9ac0d7bae5f6","height":null,"num_floors":null,"render_height_m":6.4,"height_label":"assumed"}},{"type":"Feature","geometry":{"type":"Polygon","coordinates":[[[78.317196,17.484976],[78.317111,17.48498],[78.317108,17.484905],[78.317193,17.484902],[78.317196,17.484976]]]},"properties":{"id":"eaf74cbac207","height":null,"num_floors":null,"render_height_m":6.4,"height_label":"assumed"}},{"type":"Feature","geometry":{"type":"Polygon","coordinates":[[[78.317324,17.485009],[78.317208,17.485013],[78.317203,17.484893],[78.317318,17.484889],[78.317324,17.485009]]]},"properties":{"id":"cd755d102ad2","height":null,"num_floors":null,"render_height_m":9.6,"height_label":"assumed"}},{"type":"Feature","geometry":{"type":"Polygon","coordinates":[[[78.31744,17.484848],[78.317337,17.484849],[78.317336,17.484795],[78.31744,17.484795],[78.31744,17.484848]]]},"properties":{"id":"185788b9b3f6","height":null,"num_floors":null,"render_height_m":6.4,"height_label":"assumed"}},{"type":"Feature","geometry":{"type":"Polygon","coordinates":[[[78.317449,17.484788],[78.31733,17.484789],[78.31733,17.484746],[78.317449,17.484746],[78.317449,17.484788]]]},"properties":{"id":"e4720ea0f89d","height":null,"num_floors":null,"render_height_m":6.4,"height_label":"assumed"}},{"type":"Feature","geometry":{"type":"Polygon","coordinates":[[[78.317605,17.484794],[78.317489,17.48479],[78.317491,17.484724],[78.317608,17.484728],[78.317605,17.484794]]]},"properties":{"id":"17264fb16bb5","height":null,"num_floors":null,"render_height_m":9.6,"height_label":"assumed"}},{"type":"Feature","geometry":{"type":"Polygon","coordinates":[[[78.317646,17.484873],[78.317499,17.484868],[78.317501,17.484801],[78.317648,17.484806],[78.317646,17.484873]]]},"properties":{"id":"114cfa32f205","height":null,"num_floors":null,"render_height_m":9.6,"height_label":"assumed"}},{"type":"Feature","geometry":{"type":"Polygon","coordinates":[[[78.317643,17.484972],[78.317501,17.484968],[78.317504,17.484887],[78.317646,17.484892],[78.317643,17.484972]]]},"properties":{"id":"04ca95625f9b","height":null,"num_floors":null,"render_height_m":9.6,"height_label":"assumed"}},{"type":"Feature","geometry":{"type":"Polygon","coordinates":[[[78.317643,17.485065],[78.317524,17.485061],[78.317527,17.484976],[78.317646,17.48498],[78.317643,17.485065]]]},"properties":{"id":"3009b2ab5d48","height":null,"num_floors":null,"render_height_m":9.6,"height_label":"assumed"}},{"type":"Feature","geometry":{"type":"Polygon","coordinates":[[[78.317463,17.485016],[78.317352,17.485025],[78.317342,17.484902],[78.317453,17.484893],[78.317463,17.485016]]]},"properties":{"id":"90861d79e888","height":null,"num_floors":null,"render_height_m":9.6,"height_label":"assumed"}},{"type":"Feature","geometry":{"type":"Polygon","coordinates":[[[78.31747,17.485072],[78.317346,17.485081],[78.317341,17.485031],[78.317465,17.485022],[78.31747,17.485072]]]},"properties":{"id":"10633e2a9d7c","height":null,"num_floors":null,"render_height_m":6.4,"height_label":"assumed"}},{"type":"Feature","geometry":{"type":"Polygon","coordinates":[[[78.317475,17.485186],[78.317352,17.485196],[78.317344,17.485092],[78.317466,17.485083],[78.317475,17.485186]]]},"properties":{"id":"564e36cc85a7","height":null,"num_floors":null,"render_height_m":9.6,"height_label":"assumed"}},{"type":"Feature","geometry":{"type":"Polygon","coordinates":[[[78.317469,17.485307],[78.317294,17.485313],[78.317291,17.485229],[78.317465,17.485223],[78.317469,17.485307]]]},"properties":{"id":"d1552f0932d0","height":null,"num_floors":null,"render_height_m":9.6,"height_label":"assumed"}},{"type":"Feature","geometry":{"type":"Polygon","coordinates":[[[78.317268,17.485319],[78.317211,17.485321],[78.317209,17.485247],[78.317266,17.485246],[78.317268,17.485319]]]},"properties":{"id":"966d4cdbbdd9","height":null,"num_floors":null,"render_height_m":6.4,"height_label":"assumed"}},{"type":"Feature","geometry":{"type":"Polygon","coordinates":[[[78.31733,17.485113],[78.317222,17.485117],[78.317218,17.485018],[78.317326,17.485014],[78.31733,17.485113]]]},"properties":{"id":"e90898405fef","height":null,"num_floors":null,"render_height_m":9.6,"height_label":"assumed"}},{"type":"Feature","geometry":{"type":"Polygon","coordinates":[[[78.317336,17.485206],[78.317234,17.48521],[78.31723,17.485121],[78.317332,17.485117],[78.317336,17.485206]]]},"properties":{"id":"81e03ddd8070","height":null,"num_floors":null,"render_height_m":9.6,"height_label":"assumed"}},{"type":"Feature","geometry":{"type":"Polygon","coordinates":[[[78.317222,17.485177],[78.317147,17.485181],[78.317144,17.485137],[78.317219,17.485132],[78.317222,17.485177]]]},"properties":{"id":"d11768d89352","height":null,"num_floors":null,"render_height_m":6.4,"height_label":"assumed"}},{"type":"Feature","geometry":{"type":"Polygon","coordinates":[[[78.317213,17.485123],[78.317138,17.485131],[78.317122,17.484995],[78.317197,17.484987],[78.317213,17.485123]]]},"properties":{"id":"63b3622a76e7","height":null,"num_floors":null,"render_height_m":9.6,"height_label":"assumed"}},{"type":"Feature","geometry":{"type":"Polygon","coordinates":[[[78.317122,17.48506],[78.317135,17.485184],[78.317054,17.485192],[78.317041,17.485067],[78.317122,17.48506]]]},"properties":{"id":"5f29c43c5f1e","height":null,"num_floors":null,"render_height_m":9.6,"height_label":"assumed"}},{"type":"Feature","geometry":{"type":"Polygon","coordinates":[[[78.317203,17.485276],[78.317124,17.485282],[78.317117,17.485213],[78.317197,17.485207],[78.317203,17.485276]]]},"properties":{"id":"a8a7a9daf290","height":null,"num_floors":null,"render_height_m":6.4,"height_label":"assumed"}},{"type":"Feature","geometry":{"type":"Polygon","coordinates":[[[78.317198,17.485341],[78.317133,17.485347],[78.317127,17.485288],[78.317193,17.485282],[78.317198,17.485341]]]},"properties":{"id":"71377f571dcc","height":null,"num_floors":null,"render_height_m":6.4,"height_label":"assumed"}},{"type":"Feature","geometry":{"type":"Polygon","coordinates":[[[78.317145,17.485444],[78.317088,17.485456],[78.31707,17.485376],[78.317127,17.485364],[78.317145,17.485444]]]},"properties":{"id":"6e9364531181","height":null,"num_floors":null,"render_height_m":6.4,"height_label":"assumed"}},{"type":"Feature","geometry":{"type":"Polygon","coordinates":[[[78.317276,17.485486],[78.317206,17.485488],[78.317204,17.485432],[78.317274,17.48543],[78.317276,17.485486]]]},"properties":{"id":"dfb4feced3cf","height":null,"num_floors":null,"render_height_m":6.4,"height_label":"assumed"}},{"type":"Feature","geometry":{"type":"Polygon","coordinates":[[[78.317213,17.485416],[78.317141,17.48542],[78.317137,17.485353],[78.317209,17.485349],[78.317213,17.485416]]]},"properties":{"id":"6d6763ef0729","height":null,"num_floors":null,"render_height_m":6.4,"height_label":"assumed"}},{"type":"Feature","geometry":{"type":"Polygon","coordinates":[[[78.31729,17.485408],[78.317225,17.485414],[78.317217,17.485332],[78.317282,17.485327],[78.31729,17.485408]]]},"properties":{"id":"79173aead6c4","height":null,"num_floors":null,"render_height_m":6.4,"height_label":"assumed"}},{"type":"Feature","geometry":{"type":"Polygon","coordinates":[[[78.317471,17.48541],[78.317315,17.485414],[78.317313,17.485332],[78.317469,17.485327],[78.317471,17.48541]]]},"properties":{"id":"db696affbdd1","height":null,"num_floors":null,"render_height_m":9.6,"height_label":"assumed"}},{"type":"Feature","geometry":{"type":"Polygon","coordinates":[[[78.317254,17.485507],[78.317335,17.485508],[78.317335,17.485544],[78.317253,17.485543],[78.317254,17.485507]]]},"properties":{"id":"8c72a23b1846","height":null,"num_floors":null,"render_height_m":6.4,"height_label":"assumed"}},{"type":"Feature","geometry":{"type":"Polygon","coordinates":[[[78.317364,17.485639],[78.31728,17.485642],[78.317277,17.485557],[78.317362,17.485555],[78.317364,17.485639]]]},"properties":{"id":"fcdbf6ca3c0e","height":null,"num_floors":null,"render_height_m":9.6,"height_label":"assumed"}},{"type":"Feature","geometry":{"type":"Polygon","coordinates":[[[78.317223,17.485548],[78.317167,17.485551],[78.317164,17.485507],[78.31722,17.485504],[78.317223,17.485548]]]},"properties":{"id":"1ea00ac5efc9","height":null,"num_floors":null,"render_height_m":6.4,"height_label":"assumed"}},{"type":"Feature","geometry":{"type":"Polygon","coordinates":[[[78.317138,17.485606],[78.317093,17.485607],[78.317089,17.485495],[78.317134,17.485494],[78.317138,17.485606]]]},"properties":{"id":"f8359b5afce5","height":null,"num_floors":null,"render_height_m":6.4,"height_label":"assumed"}},{"type":"Feature","geometry":{"type":"Polygon","coordinates":[[[78.317205,17.485675],[78.317143,17.485676],[78.31714,17.485584],[78.317202,17.485583],[78.317205,17.485675]]]},"properties":{"id":"0f76be3d8343","height":null,"num_floors":null,"render_height_m":6.4,"height_label":"assumed"}},{"type":"Feature","geometry":{"type":"Polygon","coordinates":[[[78.317225,17.485744],[78.31714,17.485746],[78.317138,17.485693],[78.317224,17.485691],[78.317225,17.485744]]]},"properties":{"id":"10e12acfb73d","height":null,"num_floors":null,"render_height_m":6.4,"height_label":"assumed"}},{"type":"Feature","geometry":{"type":"Polygon","coordinates":[[[78.317169,17.485888],[78.317089,17.485887],[78.31709,17.485784],[78.317171,17.485785],[78.317169,17.485888]]]},"properties":{"id":"f9de6c0b8d11","height":null,"num_floors":null,"render_height_m":9.6,"height_label":"assumed"}},{"type":"Feature","geometry":{"type":"Polygon","coordinates":[[[78.317358,17.485858],[78.317183,17.485863],[78.317181,17.485773],[78.317355,17.485768],[78.317358,17.485858]]]},"properties":{"id":"2fb9811731e7","height":null,"num_floors":null,"render_height_m":9.6,"height_label":"assumed"}},{"type":"Feature","geometry":{"type":"Polygon","coordinates":[[[78.317365,17.485756],[78.317276,17.485758],[78.317273,17.485658],[78.317362,17.485656],[78.317365,17.485756]]]},"properties":{"id":"04ee3d377a4c","height":null,"num_floors":null,"render_height_m":9.6,"height_label":"assumed"}},{"type":"Feature","geometry":{"type":"Polygon","coordinates":[[[78.317472,17.485679],[78.317387,17.485681],[78.317385,17.485609],[78.31747,17.485606],[78.317472,17.485679]]]},"properties":{"id":"e8cfb87d6207","height":null,"num_floors":null,"render_height_m":6.4,"height_label":"assumed"}},{"type":"Feature","geometry":{"type":"Polygon","coordinates":[[[78.317507,17.485908],[78.31739,17.485911],[78.317386,17.485776],[78.317503,17.485773],[78.317507,17.485908]]]},"properties":{"id":"17f36f26edc8","height":null,"num_floors":null,"render_height_m":9.6,"height_label":"assumed"}},{"type":"Feature","geometry":{"type":"Polygon","coordinates":[[[78.31763,17.485752],[78.317558,17.485751],[78.317559,17.485641],[78.317631,17.485641],[78.31763,17.485752]]]},"properties":{"id":"11b0de475fb8","height":null,"num_floors":null,"render_height_m":9.6,"height_label":"assumed"}},{"type":"Feature","geometry":{"type":"Polygon","coordinates":[[[78.317603,17.485627],[78.317499,17.48563],[78.317496,17.48555],[78.317601,17.485547],[78.317603,17.485627]]]},"properties":{"id":"8e1793f15169","height":null,"num_floors":null,"render_height_m":9.6,"height_label":"assumed"}},{"type":"Feature","geometry":{"type":"Polygon","coordinates":[[[78.317777,17.485486],[78.317709,17.485487],[78.317708,17.485439],[78.317776,17.485438],[78.317777,17.485486]]]},"properties":{"id":"b8a6ba97e8da","height":null,"num_floors":null,"render_height_m":6.4,"height_label":"assumed"}},{"type":"Feature","geometry":{"type":"Polygon","coordinates":[[[78.31789,17.485609],[78.317856,17.485608],[78.317859,17.485536],[78.317893,17.485538],[78.31789,17.485609]]]},"properties":{"id":"e423be47d5b2","height":null,"num_floors":null,"render_height_m":6.4,"height_label":"assumed"}},{"type":"Feature","geometry":{"type":"Polygon","coordinates":[[[78.317668,17.485491],[78.317704,17.485483],[78.317734,17.485592],[78.317699,17.485601],[78.317668,17.485491]]]},"properties":{"id":"ca9c2228bf2a","height":null,"num_floors":null,"render_height_m":6.4,"height_label":"assumed"}},{"type":"Feature","geometry":{"type":"Polygon","coordinates":[[[78.317871,17.485728],[78.317733,17.485726],[78.317734,17.485659],[78.317872,17.485661],[78.317871,17.485728]]]},"properties":{"id":"727a3ad20364","height":null,"num_floors":null,"render_height_m":9.6,"height_label":"assumed"}},{"type":"Feature","geometry":{"type":"Polygon","coordinates":[[[78.317886,17.485841],[78.317781,17.48584],[78.317782,17.485766],[78.317887,17.485768],[78.317886,17.485841]]]},"properties":{"id":"83ac3cf3a6c0","height":null,"num_floors":null,"render_height_m":9.6,"height_label":"assumed"}},{"type":"Feature","geometry":{"type":"Polygon","coordinates":[[[78.317902,17.485584],[78.317936,17.485587],[78.31793,17.485665],[78.317896,17.485663],[78.317902,17.485584]]]},"properties":{"id":"8433f928d6c3","height":null,"num_floors":null,"render_height_m":6.4,"height_label":"assumed"}},{"type":"Feature","geometry":{"type":"Polygon","coordinates":[[[78.318215,17.485986],[78.318031,17.485983],[78.318033,17.485816],[78.318217,17.485818],[78.318215,17.485986]]]},"properties":{"id":"638d62bfd867","height":null,"num_floors":null,"render_height_m":12.8,"height_label":"assumed"}},{"type":"Feature","geometry":{"type":"Polygon","coordinates":[[[78.317953,17.485448],[78.318002,17.485419],[78.318061,17.485512],[78.318012,17.48554],[78.317953,17.485448]]]},"properties":{"id":"34644c30bc0f","height":null,"num_floors":null,"render_height_m":6.4,"height_label":"assumed"}},{"type":"Feature","geometry":{"type":"Polygon","coordinates":[[[78.317805,17.485064],[78.317659,17.485059],[78.317662,17.484991],[78.317807,17.484997],[78.317805,17.485064]]]},"properties":{"id":"cbfc89d81d07","height":null,"num_floors":null,"render_height_m":9.6,"height_label":"assumed"}},{"type":"Feature","geometry":{"type":"Polygon","coordinates":[[[78.317817,17.484991],[78.317665,17.484986],[78.317668,17.484905],[78.31782,17.48491],[78.317817,17.484991]]]},"properties":{"id":"d4ab9aebcfec","height":null,"num_floors":null,"render_height_m":9.6,"height_label":"assumed"}},{"type":"Feature","geometry":{"type":"Polygon","coordinates":[[[78.317825,17.484901],[78.317669,17.484896],[78.317672,17.484824],[78.317828,17.484829],[78.317825,17.484901]]]},"properties":{"id":"822e3157d149","height":null,"num_floors":null,"render_height_m":9.6,"height_label":"assumed"}},{"type":"Feature","geometry":{"type":"Polygon","coordinates":[[[78.317841,17.484813],[78.317685,17.484808],[78.317687,17.484743],[78.317843,17.484748],[78.317841,17.484813]]]},"properties":{"id":"1f473d78684e","height":null,"num_floors":null,"render_height_m":9.6,"height_label":"assumed"}},{"type":"Feature","geometry":{"type":"Polygon","coordinates":[[[78.318477,17.486601],[78.318394,17.486603],[78.318392,17.486511],[78.318475,17.486509],[78.318477,17.486601]]]},"properties":{"id":"63ebf5dc7d27","height":null,"num_floors":null,"render_height_m":9.6,"height_label":"assumed"}},{"type":"Feature","geometry":{"type":"Polygon","coordinates":[[[78.318436,17.486792],[78.318254,17.4868],[78.318249,17.486703],[78.318432,17.486695],[78.318436,17.486792]]]},"properties":{"id":"3d70593332a8","height":null,"num_floors":null,"render_height_m":9.6,"height_label":"assumed"}},{"type":"Feature","geometry":{"type":"Polygon","coordinates":[[[78.318333,17.486955],[78.318244,17.486959],[78.318241,17.486907],[78.31833,17.486902],[78.318333,17.486955]]]},"properties":{"id":"a914ffdae341","height":null,"num_floors":null,"render_height_m":6.4,"height_label":"assumed"}},{"type":"Feature","geometry":{"type":"Polygon","coordinates":[[[78.318332,17.486887],[78.318234,17.486893],[78.318231,17.486842],[78.318329,17.486837],[78.318332,17.486887]]]},"properties":{"id":"4bcfd3044d67","height":null,"num_floors":null,"render_height_m":6.4,"height_label":"assumed"}},{"type":"Feature","geometry":{"type":"Polygon","coordinates":[[[78.318161,17.486892],[78.318045,17.486896],[78.318039,17.486753],[78.318154,17.486748],[78.318161,17.486892]]]},"properties":{"id":"866febad30f3","height":null,"num_floors":null,"render_height_m":9.6,"height_label":"assumed"}},{"type":"Feature","geometry":{"type":"Polygon","coordinates":[[[78.317996,17.486965],[78.317893,17.486971],[78.317887,17.486876],[78.31799,17.48687],[78.317996,17.486965]]]},"properties":{"id":"fb42a7bb0a35","height":null,"num_floors":null,"render_height_m":9.6,"height_label":"assumed"}},{"type":"Feature","geometry":{"type":"Polygon","coordinates":[[[78.317814,17.486967],[78.317699,17.486971],[78.317695,17.486884],[78.317811,17.48688],[78.317814,17.486967]]]},"properties":{"id":"0c98570b0897","height":null,"num_floors":null,"render_height_m":9.6,"height_label":"assumed"}},{"type":"Feature","geometry":{"type":"Polygon","coordinates":[[[78.317823,17.486861],[78.317738,17.486864],[78.317734,17.48677],[78.317819,17.486767],[78.317823,17.486861]]]},"properties":{"id":"80cd61fb12e6","height":null,"num_floors":null,"render_height_m":9.6,"height_label":"assumed"}},{"type":"Feature","geometry":{"type":"Polygon","coordinates":[[[78.318012,17.486848],[78.317884,17.486854],[78.317877,17.486717],[78.318006,17.486711],[78.318012,17.486848]]]},"properties":{"id":"283069e54e10","height":null,"num_floors":null,"render_height_m":9.6,"height_label":"assumed"}},{"type":"Feature","geometry":{"type":"Polygon","coordinates":[[[78.317966,17.486694],[78.317909,17.486684],[78.317922,17.486613],[78.31798,17.486623],[78.317966,17.486694]]]},"properties":{"id":"1fbd80111a55","height":null,"num_floors":null,"render_height_m":6.4,"height_label":"assumed"}},{"type":"Feature","geometry":{"type":"Polygon","coordinates":[[[78.317903,17.486685],[78.317869,17.48668],[78.31788,17.486613],[78.317914,17.486618],[78.317903,17.486685]]]},"properties":{"id":"83168134fc03","height":null,"num_floors":null,"render_height_m":6.4,"height_label":"assumed"}},{"type":"Feature","geometry":{"type":"Polygon","coordinates":[[[78.317825,17.486751],[78.317744,17.486754],[78.317739,17.486642],[78.31782,17.486639],[78.317825,17.486751]]]},"properties":{"id":"9f6ee32c4d68","height":null,"num_floors":null,"render_height_m":9.6,"height_label":"assumed"}},{"type":"Feature","geometry":{"type":"Polygon","coordinates":[[[78.317866,17.486665],[78.317829,17.48666],[78.317839,17.486592],[78.317875,17.486597],[78.317866,17.486665]]]},"properties":{"id":"69fc68eaf558","height":null,"num_floors":null,"render_height_m":6.4,"height_label":"assumed"}},{"type":"Feature","geometry":{"type":"Polygon","coordinates":[[[78.317825,17.486628],[78.317761,17.486618],[78.317775,17.486545],[78.317838,17.486556],[78.317825,17.486628]]]},"properties":{"id":"de9fba806303","height":null,"num_floors":null,"render_height_m":6.4,"height_label":"assumed"}},{"type":"Feature","geometry":{"type":"Polygon","coordinates":[[[78.317742,17.486612],[78.317677,17.486603],[78.317689,17.486521],[78.317754,17.48653],[78.317742,17.486612]]]},"properties":{"id":"9e6ea464c4a8","height":null,"num_floors":null,"render_height_m":6.4,"height_label":"assumed"}},{"type":"Feature","geometry":{"type":"Polygon","coordinates":[[[78.318044,17.486548],[78.317947,17.486537],[78.317961,17.486423],[78.318058,17.486434],[78.318044,17.486548]]]},"properties":{"id":"0e5f46579143","height":null,"num_floors":null,"render_height_m":9.6,"height_label":"assumed"}},{"type":"Feature","geometry":{"type":"Polygon","coordinates":[[[78.317977,17.486088],[78.317866,17.486087],[78.317866,17.486027],[78.317978,17.486028],[78.317977,17.486088]]]},"properties":{"id":"e4b4ca0569c4","height":null,"num_floors":null,"render_height_m":6.4,"height_label":"assumed"}},{"type":"Feature","geometry":{"type":"Polygon","coordinates":[[[78.318019,17.485959],[78.317854,17.485957],[78.317855,17.485889],[78.31802,17.485891],[78.318019,17.485959]]]},"properties":{"id":"2eb02ea28817","height":null,"num_floors":null,"render_height_m":9.6,"height_label":"assumed"}},{"type":"Feature","geometry":{"type":"Polygon","coordinates":[[[78.317851,17.485967],[78.317772,17.485966],[78.317773,17.485855],[78.317852,17.485856],[78.317851,17.485967]]]},"properties":{"id":"3d303f35037f","height":null,"num_floors":null,"render_height_m":9.6,"height_label":"assumed"}},{"type":"Feature","geometry":{"type":"Polygon","coordinates":[[[78.317711,17.485956],[78.31775,17.485959],[78.317746,17.486011],[78.317707,17.486008],[78.317711,17.485956]]]},"properties":{"id":"735d5b697fe5","height":null,"num_floors":null,"render_height_m":6.4,"height_label":"assumed"}},{"type":"Feature","geometry":{"type":"Polygon","coordinates":[[[78.317721,17.486214],[78.317641,17.486207],[78.317664,17.486003],[78.317808,17.486027],[78.317804,17.486103],[78.317742,17.486104],[78.317721,17.486214]]]},"properties":{"id":"300c748862cc","height":null,"num_floors":null,"render_height_m":12.8,"height_label":"assumed"}},{"type":"Feature","geometry":{"type":"Polygon","coordinates":[[[78.317854,17.486256],[78.317783,17.486255],[78.317785,17.486127],[78.317856,17.486128],[78.317854,17.486256]]]},"properties":{"id":"fd394065a203","height":null,"num_floors":null,"render_height_m":9.6,"height_label":"assumed"}},{"type":"Feature","geometry":{"type":"Polygon","coordinates":[[[78.317938,17.486321],[78.317867,17.48632],[78.317868,17.486192],[78.317939,17.486193],[78.317938,17.486321]]]},"properties":{"id":"fe2e15ad9dd3","height":null,"num_floors":null,"render_height_m":9.6,"height_label":"assumed"}},{"type":"Feature","geometry":{"type":"Polygon","coordinates":[[[78.317919,17.486512],[78.317842,17.486506],[78.317853,17.486387],[78.317929,17.486393],[78.317919,17.486512]]]},"properties":{"id":"891a65919bbb","height":null,"num_floors":null,"render_height_m":9.6,"height_label":"assumed"}},{"type":"Feature","geometry":{"type":"Polygon","coordinates":[[[78.317549,17.486466],[78.3175,17.486467],[78.317498,17.486415],[78.317547,17.486413],[78.317549,17.486466]]]},"properties":{"id":"da6fdd8c0afc","height":null,"num_floors":null,"render_height_m":6.4,"height_label":"assumed"}},{"type":"Feature","geometry":{"type":"Polygon","coordinates":[[[78.31749,17.486461],[78.317407,17.486464],[78.317405,17.486425],[78.317489,17.486422],[78.31749,17.486461]]]},"properties":{"id":"45bad6ea804f","height":null,"num_floors":null,"render_height_m":6.4,"height_label":"assumed"}},{"type":"Feature","geometry":{"type":"Polygon","coordinates":[[[78.317441,17.486413],[78.317394,17.486415],[78.317389,17.486301],[78.317436,17.486299],[78.317441,17.486413]]]},"properties":{"id":"42f382209f24","height":null,"num_floors":null,"render_height_m":6.4,"height_label":"assumed"}},{"type":"Feature","geometry":{"type":"Polygon","coordinates":[[[78.317497,17.486407],[78.31745,17.486409],[78.317447,17.486338],[78.317494,17.486336],[78.317497,17.486407]]]},"properties":{"id":"8f413e8ba997","height":null,"num_floors":null,"render_height_m":6.4,"height_label":"assumed"}},{"type":"Feature","geometry":{"type":"Polygon","coordinates":[[[78.317582,17.486309],[78.317526,17.486308],[78.317527,17.486247],[78.317582,17.486247],[78.317582,17.486309]]]},"properties":{"id":"7b2808d4e04e","height":null,"num_floors":null,"render_height_m":6.4,"height_label":"assumed"}},{"type":"Feature","geometry":{"type":"Polygon","coordinates":[[[78.317719,17.486359],[78.317644,17.486358],[78.317646,17.486222],[78.317721,17.486223],[78.317719,17.486359]]]},"properties":{"id":"b048e78033a6","height":null,"num_floors":null,"render_height_m":9.6,"height_label":"assumed"}},{"type":"Feature","geometry":{"type":"Polygon","coordinates":[[[78.317596,17.486233],[78.317537,17.486232],[78.317539,17.486129],[78.317598,17.48613],[78.317596,17.486233]]]},"properties":{"id":"d694def4d177","height":null,"num_floors":null,"render_height_m":6.4,"height_label":"assumed"}},{"type":"Feature","geometry":{"type":"Polygon","coordinates":[[[78.317598,17.48609],[78.317519,17.486089],[78.31752,17.486017],[78.317599,17.486018],[78.317598,17.48609]]]},"properties":{"id":"4855a7e8aed9","height":null,"num_floors":null,"render_height_m":6.4,"height_label":"assumed"}},{"type":"Feature","geometry":{"type":"Polygon","coordinates":[[[78.317627,17.485986],[78.317522,17.485989],[78.31752,17.485933],[78.317626,17.485931],[78.317627,17.485986]]]},"properties":{"id":"5479ca0b7de2","height":null,"num_floors":null,"render_height_m":6.4,"height_label":"assumed"}},{"type":"Feature","geometry":{"type":"Polygon","coordinates":[[[78.317487,17.486094],[78.31738,17.486097],[78.317377,17.485994],[78.317484,17.485991],[78.317487,17.486094]]]},"properties":{"id":"e3b6a21717b2","height":null,"num_floors":null,"render_height_m":9.6,"height_label":"assumed"}},{"type":"Feature","geometry":{"type":"Polygon","coordinates":[[[78.317527,17.48623],[78.317423,17.486228],[78.317424,17.486124],[78.317528,17.486125],[78.317527,17.48623]]]},"properties":{"id":"753a3b8b8fbe","height":null,"num_floors":null,"render_height_m":9.6,"height_label":"assumed"}},{"type":"Feature","geometry":{"type":"Polygon","coordinates":[[[78.317331,17.486152],[78.317266,17.486151],[78.317267,17.486058],[78.317332,17.486059],[78.317331,17.486152]]]},"properties":{"id":"0dbd947d23e5","height":null,"num_floors":null,"render_height_m":6.4,"height_label":"assumed"}},{"type":"Feature","geometry":{"type":"Polygon","coordinates":[[[78.317354,17.486032],[78.317235,17.486035],[78.317231,17.485894],[78.31735,17.485891],[78.317354,17.486032]]]},"properties":{"id":"cc808000838c","height":null,"num_floors":null,"render_height_m":9.6,"height_label":"assumed"}},{"type":"Feature","geometry":{"type":"Polygon","coordinates":[[[78.317132,17.486066],[78.317042,17.486065],[78.317043,17.485979],[78.317133,17.48598],[78.317132,17.486066]]]},"properties":{"id":"fca51412f0b4","height":null,"num_floors":null,"render_height_m":9.6,"height_label":"assumed"}},{"type":"Feature","geometry":{"type":"Polygon","coordinates":[[[78.317212,17.486179],[78.317153,17.486179],[78.317155,17.486062],[78.317214,17.486063],[78.317212,17.486179]]]},"properties":{"id":"842f45992a98","height":null,"num_floors":null,"render_height_m":9.6,"height_label":"assumed"}},{"type":"Feature","geometry":{"type":"Polygon","coordinates":[[[78.317132,17.486172],[78.317035,17.486171],[78.317036,17.486072],[78.317133,17.486073],[78.317132,17.486172]]]},"properties":{"id":"da77efa4ea23","height":null,"num_floors":null,"render_height_m":9.6,"height_label":"assumed"}},{"type":"Feature","geometry":{"type":"Polygon","coordinates":[[[78.317209,17.486365],[78.317108,17.486369],[78.317103,17.486254],[78.317205,17.48625],[78.317209,17.486365]]]},"properties":{"id":"87258966f29d","height":null,"num_floors":null,"render_height_m":9.6,"height_label":"assumed"}},{"type":"Feature","geometry":{"type":"Polygon","coordinates":[[[78.317374,17.48635],[78.317323,17.486352],[78.317318,17.486244],[78.31737,17.486242],[78.317374,17.48635]]]},"properties":{"id":"6314aaf36c92","height":null,"num_floors":null,"render_height_m":6.4,"height_label":"assumed"}},{"type":"Feature","geometry":{"type":"Polygon","coordinates":[[[78.31731,17.486345],[78.317228,17.486348],[78.317224,17.486246],[78.317306,17.486243],[78.31731,17.486345]]]},"properties":{"id":"1972e2915ad9","height":null,"num_floors":null,"render_height_m":9.6,"height_label":"assumed"}},{"type":"Feature","geometry":{"type":"Polygon","coordinates":[[[78.317388,17.486446],[78.31733,17.486449],[78.317327,17.486365],[78.317385,17.486363],[78.317388,17.486446]]]},"properties":{"id":"00d6eb2b75de","height":null,"num_floors":null,"render_height_m":6.4,"height_label":"assumed"}},{"type":"Feature","geometry":{"type":"Polygon","coordinates":[[[78.317317,17.486439],[78.317232,17.486442],[78.317229,17.486373],[78.317314,17.48637],[78.317317,17.486439]]]},"properties":{"id":"657fa72ed49c","height":null,"num_floors":null,"render_height_m":6.4,"height_label":"assumed"}},{"type":"Feature","geometry":{"type":"Polygon","coordinates":[[[78.317209,17.486453],[78.317123,17.486456],[78.31712,17.486378],[78.317206,17.486375],[78.317209,17.486453]]]},"properties":{"id":"d7187f3ca47d","height":null,"num_floors":null,"render_height_m":6.4,"height_label":"assumed"}},{"type":"Feature","geometry":{"type":"Polygon","coordinates":[[[78.31729,17.48659],[78.317175,17.486594],[78.31717,17.48646],[78.317285,17.486456],[78.31729,17.48659]]]},"properties":{"id":"748e0588f2e6","height":null,"num_floors":null,"render_height_m":9.6,"height_label":"assumed"}},{"type":"Feature","geometry":{"type":"Polygon","coordinates":[[[78.317162,17.486594],[78.317097,17.486597],[78.317093,17.486518],[78.317159,17.486516],[78.317162,17.486594]]]},"properties":{"id":"9b2736f85a16","height":null,"num_floors":null,"render_height_m":6.4,"height_label":"assumed"}},{"type":"Feature","geometry":{"type":"Polygon","coordinates":[[[78.317279,17.486728],[78.317164,17.486732],[78.31716,17.486636],[78.317276,17.486632],[78.317279,17.486728]]]},"properties":{"id":"b70c386b111d","height":null,"num_floors":null,"render_height_m":9.6,"height_label":"assumed"}},{"type":"Feature","geometry":{"type":"Polygon","coordinates":[[[78.317366,17.486713],[78.317312,17.486715],[78.317308,17.486621],[78.317362,17.486619],[78.317366,17.486713]]]},"properties":{"id":"67edb4615548","height":null,"num_floors":null,"render_height_m":6.4,"height_label":"assumed"}},{"type":"Feature","geometry":{"type":"Polygon","coordinates":[[[78.317363,17.486604],[78.3173,17.486607],[78.317297,17.486544],[78.31736,17.486542],[78.317363,17.486604]]]},"properties":{"id":"5f86dc1fdb44","height":null,"num_floors":null,"render_height_m":6.4,"height_label":"assumed"}},{"type":"Feature","geometry":{"type":"Polygon","coordinates":[[[78.317366,17.486465],[78.317432,17.486469],[78.317426,17.486559],[78.317361,17.486556],[78.317366,17.486465]]]},"properties":{"id":"964dd5c22afa","height":null,"num_floors":null,"render_height_m":6.4,"height_label":"assumed"}},{"type":"Feature","geometry":{"type":"Polygon","coordinates":[[[78.317541,17.486588],[78.317481,17.486591],[78.317478,17.486501],[78.317537,17.486499],[78.317541,17.486588]]]},"properties":{"id":"85ea1c63fc09","height":null,"num_floors":null,"render_height_m":6.4,"height_label":"assumed"}},{"type":"Feature","geometry":{"type":"Polygon","coordinates":[[[78.317672,17.486595],[78.317593,17.486598],[78.31759,17.486509],[78.317668,17.486506],[78.317672,17.486595]]]},"properties":{"id":"4feb49f6f542","height":null,"num_floors":null,"render_height_m":9.6,"height_label":"assumed"}},{"type":"Feature","geometry":{"type":"Polygon","coordinates":[[[78.317581,17.486652],[78.317676,17.486653],[78.317675,17.486713],[78.31758,17.486712],[78.317581,17.486652]]]},"properties":{"id":"f36f0b445ad0","height":null,"num_floors":null,"render_height_m":6.4,"height_label":"assumed"}},{"type":"Feature","geometry":{"type":"Polygon","coordinates":[[[78.317527,17.4867],[78.317441,17.486704],[78.317438,17.486615],[78.317523,17.486612],[78.317527,17.4867]]]},"properties":{"id":"7852b1bf95b1","height":null,"num_floors":null,"render_height_m":9.6,"height_label":"assumed"}},{"type":"Feature","geometry":{"type":"Polygon","coordinates":[[[78.317427,17.486718],[78.317375,17.48672],[78.31737,17.48661],[78.317423,17.486608],[78.317427,17.486718]]]},"properties":{"id":"7825424514dc","height":null,"num_floors":null,"render_height_m":6.4,"height_label":"assumed"}},{"type":"Feature","geometry":{"type":"Polygon","coordinates":[[[78.31747,17.486928],[78.317397,17.48693],[78.317393,17.486831],[78.317466,17.486828],[78.31747,17.486928]]]},"properties":{"id":"b819dc4aca9a","height":null,"num_floors":null,"render_height_m":9.6,"height_label":"assumed"}},{"type":"Feature","geometry":{"type":"Polygon","coordinates":[[[78.317552,17.486923],[78.317486,17.486925],[78.317482,17.486823],[78.317548,17.48682],[78.317552,17.486923]]]},"properties":{"id":"e4fa628c613a","height":null,"num_floors":null,"render_height_m":9.6,"height_label":"assumed"}},{"type":"Feature","geometry":{"type":"Polygon","coordinates":[[[78.317533,17.486809],[78.317423,17.486813],[78.31742,17.486729],[78.31753,17.486725],[78.317533,17.486809]]]},"properties":{"id":"fae2d15957d5","height":null,"num_floors":null,"render_height_m":9.6,"height_label":"assumed"}},{"type":"Feature","geometry":{"type":"Polygon","coordinates":[[[78.317698,17.486881],[78.317618,17.486884],[78.317615,17.486797],[78.317695,17.486794],[78.317698,17.486881]]]},"properties":{"id":"8fb670409538","height":null,"num_floors":null,"render_height_m":9.6,"height_label":"assumed"}},{"type":"Feature","geometry":{"type":"Polygon","coordinates":[[[78.317611,17.486907],[78.317561,17.486908],[78.317557,17.486815],[78.317608,17.486813],[78.317611,17.486907]]]},"properties":{"id":"9bac9dd78e97","height":null,"num_floors":null,"render_height_m":6.4,"height_label":"assumed"}},{"type":"Feature","geometry":{"type":"Polygon","coordinates":[[[78.317661,17.486997],[78.317591,17.486999],[78.317588,17.486917],[78.317657,17.486914],[78.317661,17.486997]]]},"properties":{"id":"0cfc060fdfde","height":null,"num_floors":null,"render_height_m":6.4,"height_label":"assumed"}},{"type":"Feature","geometry":{"type":"Polygon","coordinates":[[[78.317579,17.487011],[78.317492,17.487014],[78.317489,17.48694],[78.317577,17.486937],[78.317579,17.487011]]]},"properties":{"id":"9957f7a53e69","height":null,"num_floors":null,"render_height_m":6.4,"height_label":"assumed"}},{"type":"Feature","geometry":{"type":"Polygon","coordinates":[[[78.317487,17.487018],[78.317393,17.487021],[78.31739,17.486945],[78.317484,17.486942],[78.317487,17.487018]]]},"properties":{"id":"c02738d7308d","height":null,"num_floors":null,"render_height_m":9.6,"height_label":"assumed"}},{"type":"Feature","geometry":{"type":"Polygon","coordinates":[[[78.317384,17.487019],[78.317335,17.487021],[78.317332,17.48695],[78.317381,17.486948],[78.317384,17.487019]]]},"properties":{"id":"a177b0b748ec","height":null,"num_floors":null,"render_height_m":6.4,"height_label":"assumed"}},{"type":"Feature","geometry":{"type":"Polygon","coordinates":[[[78.317329,17.48702],[78.317271,17.487022],[78.317268,17.486956],[78.317326,17.486954],[78.317329,17.48702]]]},"properties":{"id":"ec630c8d39dd","height":null,"num_floors":null,"render_height_m":6.4,"height_label":"assumed"}},{"type":"Feature","geometry":{"type":"Polygon","coordinates":[[[78.317392,17.486935],[78.317352,17.486936],[78.317348,17.486838],[78.317388,17.486836],[78.317392,17.486935]]]},"properties":{"id":"1375fb6a5632","height":null,"num_floors":null,"render_height_m":6.4,"height_label":"assumed"}},{"type":"Feature","geometry":{"type":"Polygon","coordinates":[[[78.317348,17.486932],[78.317291,17.486934],[78.317287,17.486839],[78.317345,17.486836],[78.317348,17.486932]]]},"properties":{"id":"20af3614373a","height":null,"num_floors":null,"render_height_m":6.4,"height_label":"assumed"}},{"type":"Feature","geometry":{"type":"Polygon","coordinates":[[[78.317404,17.486812],[78.317321,17.486815],[78.317318,17.486737],[78.317401,17.486734],[78.317404,17.486812]]]},"properties":{"id":"278a5fe158f5","height":null,"num_floors":null,"render_height_m":6.4,"height_label":"assumed"}},{"type":"Feature","geometry":{"type":"Polygon","coordinates":[[[78.317281,17.486938],[78.317227,17.48694],[78.317223,17.486844],[78.317277,17.486842],[78.317281,17.486938]]]},"properties":{"id":"20af4eeaf124","height":null,"num_floors":null,"render_height_m":6.4,"height_label":"assumed"}},{"type":"Feature","geometry":{"type":"Polygon","coordinates":[[[78.31722,17.486945],[78.317119,17.486949],[78.317115,17.486854],[78.317217,17.48685],[78.31722,17.486945]]]},"properties":{"id":"464aae316528","height":null,"num_floors":null,"render_height_m":9.6,"height_label":"assumed"}},{"type":"Feature","geometry":{"type":"Polygon","coordinates":[[[78.317271,17.486799],[78.317147,17.486803],[78.317145,17.486755],[78.31731,17.486749],[78.317313,17.486827],[78.317272,17.486828],[78.317271,17.486799]]]},"properties":{"id":"b013ab538607","height":null,"num_floors":null,"render_height_m":9.6,"height_label":"assumed"}},{"type":"Feature","geometry":{"type":"Polygon","coordinates":[[[78.317256,17.487026],[78.317192,17.487028],[78.317189,17.486958],[78.317253,17.486956],[78.317256,17.487026]]]},"properties":{"id":"75c604f1b727","height":null,"num_floors":null,"render_height_m":6.4,"height_label":"assumed"}},{"type":"Feature","geometry":{"type":"Polygon","coordinates":[[[78.317171,17.487036],[78.317042,17.48704],[78.31704,17.486971],[78.317168,17.486966],[78.317171,17.487036]]]},"properties":{"id":"da3899d33c9f","height":null,"num_floors":null,"render_height_m":9.6,"height_label":"assumed"}},{"type":"Feature","geometry":{"type":"Polygon","coordinates":[[[78.317161,17.487218],[78.317031,17.487224],[78.317025,17.48713],[78.317155,17.487124],[78.317161,17.487218]]]},"properties":{"id":"f71fb4cb8f53","height":null,"num_floors":null,"render_height_m":9.6,"height_label":"assumed"}},{"type":"Feature","geometry":{"type":"Polygon","coordinates":[[[78.317372,17.487187],[78.317302,17.48719],[78.317296,17.487087],[78.317366,17.487083],[78.317372,17.487187]]]},"properties":{"id":"10a1abfd13e2","height":null,"num_floors":null,"render_height_m":9.6,"height_label":"assumed"}},{"type":"Feature","geometry":{"type":"Polygon","coordinates":[[[78.317289,17.487193],[78.317215,17.487197],[78.317209,17.487081],[78.317283,17.487077],[78.317289,17.487193]]]},"properties":{"id":"d1d24c051fcd","height":null,"num_floors":null,"render_height_m":9.6,"height_label":"assumed"}},{"type":"Feature","geometry":{"type":"Polygon","coordinates":[[[78.317354,17.4873],[78.317224,17.487306],[78.317218,17.487211],[78.317348,17.487204],[78.317354,17.4873]]]},"properties":{"id":"18982702166c","height":null,"num_floors":null,"render_height_m":9.6,"height_label":"assumed"}},{"type":"Feature","geometry":{"type":"Polygon","coordinates":[[[78.317159,17.487374],[78.317054,17.48738],[78.317048,17.487299],[78.317153,17.487292],[78.317159,17.487374]]]},"properties":{"id":"65e859e8d5fd","height":null,"num_floors":null,"render_height_m":9.6,"height_label":"assumed"}},{"type":"Feature","geometry":{"type":"Polygon","coordinates":[[[78.317161,17.487451],[78.317063,17.487461],[78.317055,17.487389],[78.317154,17.48738],[78.317161,17.487451]]]},"properties":{"id":"e7f9f11da7b6","height":null,"num_floors":null,"render_height_m":9.6,"height_label":"assumed"}},{"type":"Feature","geometry":{"type":"Polygon","coordinates":[[[78.317182,17.487536],[78.317073,17.487546],[78.317065,17.487475],[78.317174,17.487465],[78.317182,17.487536]]]},"properties":{"id":"d012ce19826a","height":null,"num_floors":null,"render_height_m":9.6,"height_label":"assumed"}},{"type":"Feature","geometry":{"type":"Polygon","coordinates":[[[78.317193,17.487617],[78.317078,17.487628],[78.31707,17.48756],[78.317186,17.487549],[78.317193,17.487617]]]},"properties":{"id":"96d0caed80f1","height":null,"num_floors":null,"render_height_m":9.6,"height_label":"assumed"}},{"type":"Feature","geometry":{"type":"Polygon","coordinates":[[[78.317361,17.487543],[78.317246,17.487551],[78.317237,17.487438],[78.317352,17.48743],[78.317361,17.487543]]]},"properties":{"id":"ac2914fda38b","height":null,"num_floors":null,"render_height_m":9.6,"height_label":"assumed"}},{"type":"Feature","geometry":{"type":"Polygon","coordinates":[[[78.317358,17.487397],[78.317239,17.487403],[78.317235,17.487334],[78.317355,17.487328],[78.317358,17.487397]]]},"properties":{"id":"e9cf1d969050","height":null,"num_floors":null,"render_height_m":9.6,"height_label":"assumed"}},{"type":"Feature","geometry":{"type":"Polygon","coordinates":[[[78.317484,17.48742],[78.317376,17.487426],[78.317371,17.48733],[78.317479,17.487324],[78.317484,17.48742]]]},"properties":{"id":"2f4ef9b6142e","height":null,"num_floors":null,"render_height_m":9.6,"height_label":"assumed"}},{"type":"Feature","geometry":{"type":"Polygon","coordinates":[[[78.317503,17.487556],[78.317394,17.487562],[78.317389,17.487459],[78.317497,17.487454],[78.317503,17.487556]]]},"properties":{"id":"3ebf8a6fad10","height":null,"num_floors":null,"render_height_m":9.6,"height_label":"assumed"}},{"type":"Feature","geometry":{"type":"Polygon","coordinates":[[[78.317437,17.487571],[78.317507,17.487566],[78.317509,17.487603],[78.317439,17.487607],[78.317437,17.487571]]]},"properties":{"id":"4433f333fed7","height":null,"num_floors":null,"render_height_m":6.4,"height_label":"assumed"}},{"type":"Feature","geometry":{"type":"Polygon","coordinates":[[[78.317709,17.487603],[78.317609,17.487608],[78.317603,17.487514],[78.317703,17.487509],[78.317709,17.487603]]]},"properties":{"id":"c8277ba036c6","height":null,"num_floors":null,"render_height_m":9.6,"height_label":"assumed"}},{"type":"Feature","geometry":{"type":"Polygon","coordinates":[[[78.317715,17.487435],[78.317592,17.487441],[78.317585,17.487315],[78.317707,17.487309],[78.317715,17.487435]]]},"properties":{"id":"b50c7e10428e","height":null,"num_floors":null,"render_height_m":9.6,"height_label":"assumed"}},{"type":"Feature","geometry":{"type":"Polygon","coordinates":[[[78.317712,17.487274],[78.317576,17.487281],[78.317571,17.487184],[78.317706,17.487177],[78.317712,17.487274]]]},"properties":{"id":"e6a7a4c243ac","height":null,"num_floors":null,"render_height_m":9.6,"height_label":"assumed"}},{"type":"Feature","geometry":{"type":"Polygon","coordinates":[[[78.317476,17.487302],[78.317376,17.487307],[78.317371,17.48721],[78.31747,17.487205],[78.317476,17.487302]]]},"properties":{"id":"fd35f71df844","height":null,"num_floors":null,"render_height_m":9.6,"height_label":"assumed"}},{"type":"Feature","geometry":{"type":"Polygon","coordinates":[[[78.31749,17.48718],[78.317382,17.487185],[78.317376,17.487078],[78.317484,17.487072],[78.31749,17.48718]]]},"properties":{"id":"550f14006967","height":null,"num_floors":null,"render_height_m":9.6,"height_label":"assumed"}},{"type":"Feature","geometry":{"type":"Polygon","coordinates":[[[78.317682,17.487159],[78.317557,17.487165],[78.317551,17.48706],[78.317676,17.487053],[78.317682,17.487159]]]},"properties":{"id":"70f24db40f18","height":null,"num_floors":null,"render_height_m":9.6,"height_label":"assumed"}},{"type":"Feature","geometry":{"type":"Polygon","coordinates":[[[78.317822,17.487144],[78.317712,17.48715],[78.317707,17.487059],[78.317817,17.487053],[78.317822,17.487144]]]},"properties":{"id":"84080844ce08","height":null,"num_floors":null,"render_height_m":9.6,"height_label":"assumed"}},{"type":"Feature","geometry":{"type":"Polygon","coordinates":[[[78.317872,17.487392],[78.317746,17.487398],[78.31774,17.487283],[78.317866,17.487276],[78.317872,17.487392]]]},"properties":{"id":"192f5f644364","height":null,"num_floors":null,"render_height_m":9.6,"height_label":"assumed"}},{"type":"Feature","geometry":{"type":"Polygon","coordinates":[[[78.318051,17.487369],[78.317924,17.487375],[78.317919,17.487289],[78.318046,17.487283],[78.318051,17.487369]]]},"properties":{"id":"7bbaf34600ec","height":null,"num_floors":null,"render_height_m":9.6,"height_label":"assumed"}},{"type":"Feature","geometry":{"type":"Polygon","coordinates":[[[78.318013,17.487254],[78.317914,17.487259],[78.317909,17.487175],[78.318008,17.48717],[78.318013,17.487254]]]},"properties":{"id":"61050688c5bc","height":null,"num_floors":null,"render_height_m":9.6,"height_label":"assumed"}},{"type":"Feature","geometry":{"type":"Polygon","coordinates":[[[78.31797,17.487141],[78.317897,17.487145],[78.31789,17.487033],[78.317964,17.487029],[78.31797,17.487141]]]},"properties":{"id":"af0b0cd67465","height":null,"num_floors":null,"render_height_m":9.6,"height_label":"assumed"}},{"type":"Feature","geometry":{"type":"Polygon","coordinates":[[[78.318102,17.48712],[78.317984,17.487126],[78.317979,17.487036],[78.318097,17.48703],[78.318102,17.48712]]]},"properties":{"id":"627b1b29563c","height":null,"num_floors":null,"render_height_m":9.6,"height_label":"assumed"}},{"type":"Feature","geometry":{"type":"Polygon","coordinates":[[[78.318184,17.487135],[78.318109,17.487139],[78.318102,17.48702],[78.318177,17.487016],[78.318184,17.487135]]]},"properties":{"id":"b5a3c2c2f4ba","height":null,"num_floors":null,"render_height_m":9.6,"height_label":"assumed"}},{"type":"Feature","geometry":{"type":"Polygon","coordinates":[[[78.31833,17.487112],[78.318246,17.487115],[78.318242,17.48702],[78.318326,17.487017],[78.31833,17.487112]]]},"properties":{"id":"24847b9c19a8","height":null,"num_floors":null,"render_height_m":9.6,"height_label":"assumed"}},{"type":"Feature","geometry":{"type":"Polygon","coordinates":[[[78.318179,17.487369],[78.318083,17.487375],[78.318078,17.487292],[78.318174,17.487287],[78.318179,17.487369]]]},"properties":{"id":"33d4a0216f4b","height":null,"num_floors":null,"render_height_m":9.6,"height_label":"assumed"}},{"type":"Feature","geometry":{"type":"Polygon","coordinates":[[[78.318192,17.487252],[78.31807,17.487258],[78.318064,17.487152],[78.318186,17.487145],[78.318192,17.487252]]]},"properties":{"id":"b9391b91f966","height":null,"num_floors":null,"render_height_m":9.6,"height_label":"assumed"}},{"type":"Feature","geometry":{"type":"Polygon","coordinates":[[[78.318223,17.487602],[78.318093,17.487608],[78.318088,17.487524],[78.318218,17.487518],[78.318223,17.487602]]]},"properties":{"id":"d75a2d630c93","height":null,"num_floors":null,"render_height_m":9.6,"height_label":"assumed"}},{"type":"Feature","geometry":{"type":"Polygon","coordinates":[[[78.318064,17.487608],[78.317946,17.487614],[78.317942,17.487528],[78.318059,17.487522],[78.318064,17.487608]]]},"properties":{"id":"b86dd38b6a71","height":null,"num_floors":null,"render_height_m":9.6,"height_label":"assumed"}},{"type":"Feature","geometry":{"type":"Polygon","coordinates":[[[78.317904,17.487497],[78.317927,17.487499],[78.317925,17.487538],[78.317902,17.487537],[78.317904,17.487497]]]},"properties":{"id":"8f92cbae2daf","height":null,"num_floors":null,"render_height_m":6.4,"height_label":"assumed"}},{"type":"Feature","geometry":{"type":"Polygon","coordinates":[[[78.317971,17.487417],[78.318004,17.487418],[78.318004,17.487457],[78.317971,17.487457],[78.317971,17.487417]]]},"properties":{"id":"92a61ef03ba7","height":null,"num_floors":null,"render_height_m":6.4,"height_label":"assumed"}},{"type":"Feature","geometry":{"type":"Polygon","coordinates":[[[78.317752,17.487598],[78.317743,17.487435],[78.31788,17.487428],[78.317889,17.487591],[78.317752,17.487598]]]},"properties":{"id":"0c793ad4cbb9","height":null,"num_floors":null,"render_height_m":12.8,"height_label":"assumed"}},{"type":"Feature","geometry":{"type":"Polygon","coordinates":[[[78.317886,17.487792],[78.317782,17.487797],[78.317776,17.487695],[78.31788,17.48769],[78.317886,17.487792]]]},"properties":{"id":"b169ae740ae7","height":null,"num_floors":null,"render_height_m":9.6,"height_label":"assumed"}},{"type":"Feature","geometry":{"type":"Polygon","coordinates":[[[78.318079,17.487785],[78.317955,17.487791],[78.317947,17.487644],[78.31807,17.487638],[78.318079,17.487785]]]},"properties":{"id":"dacf0a3fdb21","height":null,"num_floors":null,"render_height_m":9.6,"height_label":"assumed"}},{"type":"Feature","geometry":{"type":"Polygon","coordinates":[[[78.318228,17.487773],[78.318142,17.487777],[78.318133,17.487628],[78.31822,17.487623],[78.318228,17.487773]]]},"properties":{"id":"22671324a2d3","height":null,"num_floors":null,"render_height_m":9.6,"height_label":"assumed"}},{"type":"Feature","geometry":{"type":"Polygon","coordinates":[[[78.318235,17.487895],[78.318076,17.487925],[78.318057,17.487838],[78.318216,17.487807],[78.318235,17.487895]]]},"properties":{"id":"a934faa66a51","height":null,"num_floors":null,"render_height_m":9.6,"height_label":"assumed"}},{"type":"Feature","geometry":{"type":"Polygon","coordinates":[[[78.318251,17.488075],[78.318176,17.48808],[78.31817,17.487997],[78.318246,17.487992],[78.318251,17.488075]]]},"properties":{"id":"c24594024068","height":null,"num_floors":null,"render_height_m":6.4,"height_label":"assumed"}},{"type":"Feature","geometry":{"type":"Polygon","coordinates":[[[78.31817,17.488113],[78.318215,17.488116],[78.318213,17.488153],[78.318167,17.48815],[78.31817,17.488113]]]},"properties":{"id":"a112e3ea7dec","height":null,"num_floors":null,"render_height_m":6.4,"height_label":"assumed"}},{"type":"Feature","geometry":{"type":"Polygon","coordinates":[[[78.318095,17.488171],[78.318134,17.488189],[78.318117,17.488223],[78.318078,17.488205],[78.318095,17.488171]]]},"properties":{"id":"5c4a1088860e","height":null,"num_floors":null,"render_height_m":6.4,"height_label":"assumed"}},{"type":"Feature","geometry":{"type":"Polygon","coordinates":[[[78.318109,17.488117],[78.318151,17.488131],[78.318134,17.488177],[78.318092,17.488163],[78.318109,17.488117]]]},"properties":{"id":"bb064be2b5a6","height":null,"num_floors":null,"render_height_m":6.4,"height_label":"assumed"}},{"type":"Feature","geometry":{"type":"Polygon","coordinates":[[[78.318167,17.488107],[78.318129,17.488102],[78.318135,17.488052],[78.318173,17.488056],[78.318167,17.488107]]]},"properties":{"id":"4baeb7aad28d","height":null,"num_floors":null,"render_height_m":6.4,"height_label":"assumed"}},{"type":"Feature","geometry":{"type":"Polygon","coordinates":[[[78.317521,17.487703],[78.317408,17.487709],[78.317403,17.487617],[78.317515,17.487611],[78.317521,17.487703]]]},"properties":{"id":"9c01cb5eff8d","height":null,"num_floors":null,"render_height_m":9.6,"height_label":"assumed"}},{"type":"Feature","geometry":{"type":"Polygon","coordinates":[[[78.317389,17.487838],[78.317274,17.487844],[78.317266,17.487701],[78.317381,17.487695],[78.317389,17.487838]]]},"properties":{"id":"28e59339eb98","height":null,"num_floors":null,"render_height_m":9.6,"height_label":"assumed"}},{"type":"Feature","geometry":{"type":"Polygon","coordinates":[[[78.31737,17.487678],[78.317264,17.487684],[78.317258,17.487584],[78.317364,17.487578],[78.31737,17.487678]]]},"properties":{"id":"0bf8a4162716","height":null,"num_floors":null,"render_height_m":9.6,"height_label":"assumed"}},{"type":"Feature","geometry":{"type":"Polygon","coordinates":[[[78.317174,17.487706],[78.317094,17.487714],[78.317086,17.487639],[78.317166,17.487631],[78.317174,17.487706]]]},"properties":{"id":"7bc6ee2a6e39","height":null,"num_floors":null,"render_height_m":6.4,"height_label":"assumed"}},{"type":"Feature","geometry":{"type":"Polygon","coordinates":[[[78.317224,17.487796],[78.317106,17.487807],[78.317097,17.487722],[78.317215,17.48771],[78.317224,17.487796]]]},"properties":{"id":"4f247faa816f","height":null,"num_floors":null,"render_height_m":9.6,"height_label":"assumed"}},{"type":"Feature","geometry":{"type":"Polygon","coordinates":[[[78.317227,17.487936],[78.317144,17.48794],[78.31714,17.487845],[78.317223,17.487842],[78.317227,17.487936]]]},"properties":{"id":"639eabb91cb9","height":null,"num_floors":null,"render_height_m":9.6,"height_label":"assumed"}},{"type":"Feature","geometry":{"type":"Polygon","coordinates":[[[78.317403,17.487975],[78.317292,17.487979],[78.317288,17.487892],[78.3174,17.487887],[78.317403,17.487975]]]},"properties":{"id":"2b00e9ad92b7","height":null,"num_floors":null,"render_height_m":9.6,"height_label":"assumed"}},{"type":"Feature","geometry":{"type":"Polygon","coordinates":[[[78.317204,17.488188],[78.317105,17.48821],[78.317095,17.488169],[78.317194,17.488146],[78.317204,17.488188]]]},"properties":{"id":"3bc74b970498","height":null,"num_floors":null,"render_height_m":6.4,"height_label":"assumed"}},{"type":"Feature","geometry":{"type":"Polygon","coordinates":[[[78.31722,17.488244],[78.317117,17.488266],[78.317106,17.488217],[78.317208,17.488195],[78.31722,17.488244]]]},"properties":{"id":"d23729853049","height":null,"num_floors":null,"render_height_m":6.4,"height_label":"assumed"}},{"type":"Feature","geometry":{"type":"Polygon","coordinates":[[[78.317204,17.488288],[78.317246,17.488282],[78.317252,17.488324],[78.31721,17.48833],[78.317204,17.488288]]]},"properties":{"id":"621c04ef65e7","height":null,"num_floors":null,"render_height_m":6.4,"height_label":"assumed"}},{"type":"Feature","geometry":{"type":"Polygon","coordinates":[[[78.3174,17.488211],[78.317313,17.488232],[78.317303,17.488196],[78.31739,17.488175],[78.3174,17.488211]]]},"properties":{"id":"561532b638de","height":null,"num_floors":null,"render_height_m":6.4,"height_label":"assumed"}},{"type":"Feature","geometry":{"type":"Polygon","coordinates":[[[78.317531,17.48832],[78.317537,17.488348],[78.317493,17.488357],[78.317487,17.488329],[78.317531,17.48832]]]},"properties":{"id":"1e0b54944437","height":null,"num_floors":null,"render_height_m":6.4,"height_label":"assumed"}},{"type":"Feature","geometry":{"type":"Polygon","coordinates":[[[78.317487,17.488329],[78.317493,17.488357],[78.317428,17.48837],[78.317422,17.488342],[78.317487,17.488329]]]},"properties":{"id":"0d95b3174066","height":null,"num_floors":null,"render_height_m":6.4,"height_label":"assumed"}},{"type":"Feature","geometry":{"type":"Polygon","coordinates":[[[78.317454,17.488587],[78.31732,17.488573],[78.317339,17.488397],[78.317474,17.48841],[78.317454,17.488587]]]},"properties":{"id":"f32c68ec9574","height":null,"num_floors":null,"render_height_m":12.8,"height_label":"assumed"}},{"type":"Feature","geometry":{"type":"Polygon","coordinates":[[[78.317586,17.488621],[78.317466,17.488604],[78.317494,17.488421],[78.317614,17.488437],[78.317586,17.488621]]]},"properties":{"id":"9e0fc0b740cd","height":null,"num_floors":null,"render_height_m":12.8,"height_label":"assumed"}},{"type":"Feature","geometry":{"type":"Polygon","coordinates":[[[78.317541,17.488814],[78.317434,17.488801],[78.317448,17.488694],[78.317556,17.488708],[78.317541,17.488814]]]},"properties":{"id":"ad2823583ebe","height":null,"num_floors":null,"render_height_m":9.6,"height_label":"assumed"}},{"type":"Feature","geometry":{"type":"Polygon","coordinates":[[[78.317421,17.488795],[78.317328,17.488786],[78.31734,17.488674],[78.317433,17.488683],[78.317421,17.488795]]]},"properties":{"id":"f4743535bb72","height":null,"num_floors":null,"render_height_m":9.6,"height_label":"assumed"}},{"type":"Feature","geometry":{"type":"Polygon","coordinates":[[[78.317314,17.488805],[78.31725,17.488802],[78.317257,17.488672],[78.31732,17.488675],[78.317314,17.488805]]]},"properties":{"id":"ba8ffcec26d6","height":null,"num_floors":null,"render_height_m":9.6,"height_label":"assumed"}},{"type":"Feature","geometry":{"type":"Polygon","coordinates":[[[78.317129,17.488586],[78.317059,17.488581],[78.317069,17.488456],[78.31714,17.488461],[78.317129,17.488586]]]},"properties":{"id":"3d7b733b02c2","height":null,"num_floors":null,"render_height_m":9.6,"height_label":"assumed"}},{"type":"Feature","geometry":{"type":"Polygon","coordinates":[[[78.317237,17.488656],[78.317234,17.488779],[78.317165,17.488778],[78.317168,17.488654],[78.317237,17.488656]]]},"properties":{"id":"79d26d4c911f","height":null,"num_floors":null,"render_height_m":9.6,"height_label":"assumed"}},{"type":"Feature","geometry":{"type":"Polygon","coordinates":[[[78.317213,17.488806],[78.317205,17.488906],[78.317141,17.488902],[78.31715,17.488802],[78.317213,17.488806]]]},"properties":{"id":"6046b7b85704","height":null,"num_floors":null,"render_height_m":6.4,"height_label":"assumed"}},{"type":"Feature","geometry":{"type":"Polygon","coordinates":[[[78.317309,17.48892],[78.317222,17.488915],[78.317229,17.48881],[78.317317,17.488816],[78.317309,17.48892]]]},"properties":{"id":"978696d47d27","height":null,"num_floors":null,"render_height_m":9.6,"height_label":"assumed"}},{"type":"Feature","geometry":{"type":"Polygon","coordinates":[[[78.317284,17.489045],[78.31713,17.48903],[78.317137,17.488963],[78.317291,17.488979],[78.317284,17.489045]]]},"properties":{"id":"2e0f75441320","height":null,"num_floors":null,"render_height_m":9.6,"height_label":"assumed"}},{"type":"Feature","geometry":{"type":"Polygon","coordinates":[[[78.317259,17.489134],[78.317122,17.489125],[78.317128,17.489043],[78.317265,17.489052],[78.317259,17.489134]]]},"properties":{"id":"f9ba6e5b4f8f","height":null,"num_floors":null,"render_height_m":9.6,"height_label":"assumed"}},{"type":"Feature","geometry":{"type":"Polygon","coordinates":[[[78.317212,17.489378],[78.317079,17.489371],[78.317086,17.489264],[78.317218,17.48927],[78.317212,17.489378]]]},"properties":{"id":"a33da364b68c","height":null,"num_floors":null,"render_height_m":9.6,"height_label":"assumed"}},{"type":"Feature","geometry":{"type":"Polygon","coordinates":[[[78.317466,17.489228],[78.31732,17.489208],[78.317329,17.489147],[78.317475,17.489166],[78.317466,17.489228]]]},"properties":{"id":"5f3f0ebfe400","height":null,"num_floors":null,"render_height_m":9.6,"height_label":"assumed"}},{"type":"Feature","geometry":{"type":"Polygon","coordinates":[[[78.3177,17.489197],[78.317571,17.489185],[78.317578,17.489111],[78.317707,17.489123],[78.3177,17.489197]]]},"properties":{"id":"c652a00444be","height":null,"num_floors":null,"render_height_m":9.6,"height_label":"assumed"}},{"type":"Feature","geometry":{"type":"Polygon","coordinates":[[[78.317724,17.489115],[78.317595,17.489105],[78.317601,17.48903],[78.317731,17.48904],[78.317724,17.489115]]]},"properties":{"id":"e83878e3a6ca","height":null,"num_floors":null,"render_height_m":9.6,"height_label":"assumed"}},{"type":"Feature","geometry":{"type":"Polygon","coordinates":[[[78.317746,17.489015],[78.317613,17.488999],[78.31763,17.488867],[78.317763,17.488883],[78.317746,17.489015]]]},"properties":{"id":"4f1ccb7b7b75","height":null,"num_floors":null,"render_height_m":9.6,"height_label":"assumed"}},{"type":"Feature","geometry":{"type":"Polygon","coordinates":[[[78.317503,17.489055],[78.317322,17.489033],[78.317337,17.488925],[78.317517,17.488947],[78.317503,17.489055]]]},"properties":{"id":"2a633305096e","height":null,"num_floors":null,"render_height_m":9.6,"height_label":"assumed"}},{"type":"Feature","geometry":{"type":"Polygon","coordinates":[[[78.317526,17.488936],[78.317329,17.488904],[78.317346,17.488808],[78.317543,17.488839],[78.317526,17.488936]]]},"properties":{"id":"580e267b8c8f","height":null,"num_floors":null,"render_height_m":9.6,"height_label":"assumed"}},{"type":"Feature","geometry":{"type":"Polygon","coordinates":[[[78.317759,17.488874],[78.317632,17.488859],[78.31764,17.488791],[78.317768,17.488806],[78.317759,17.488874]]]},"properties":{"id":"49282e7e0faa","height":null,"num_floors":null,"render_height_m":9.6,"height_label":"assumed"}},{"type":"Feature","geometry":{"type":"Polygon","coordinates":[[[78.317939,17.4889],[78.317793,17.488838],[78.317859,17.488698],[78.318005,17.488761],[78.317939,17.4889]]]},"properties":{"id":"221d7ac7359c","height":null,"num_floors":null,"render_height_m":12.8,"height_label":"assumed"}},{"type":"Feature","geometry":{"type":"Polygon","coordinates":[[[78.317972,17.489073],[78.317862,17.489025],[78.317888,17.488969],[78.317999,17.489017],[78.317972,17.489073]]]},"properties":{"id":"374cbeb32372","height":null,"num_floors":null,"render_height_m":9.6,"height_label":"assumed"}},{"type":"Feature","geometry":{"type":"Polygon","coordinates":[[[78.317834,17.489051],[78.31776,17.489016],[78.317798,17.488942],[78.317873,17.488977],[78.317834,17.489051]]]},"properties":{"id":"e4dd432edb45","height":null,"num_floors":null,"render_height_m":9.6,"height_label":"assumed"}},{"type":"Feature","geometry":{"type":"Polygon","coordinates":[[[78.317872,17.489373],[78.317665,17.489391],[78.317658,17.489325],[78.317667,17.489324],[78.317713,17.489185],[78.317853,17.489172],[78.317872,17.489373]]]},"properties":{"id":"0e299fc8908e","height":null,"num_floors":null,"render_height_m":12.8,"height_label":"assumed"}},{"type":"Feature","geometry":{"type":"Polygon","coordinates":[[[78.317837,17.489069],[78.317854,17.489034],[78.317955,17.489078],[78.317938,17.489114],[78.317837,17.489069]]]},"properties":{"id":"4b1ffa5b8040","height":null,"num_floors":null,"render_height_m":6.4,"height_label":"assumed"}},{"type":"Feature","geometry":{"type":"Polygon","coordinates":[[[78.318172,17.489155],[78.318058,17.489093],[78.318111,17.489004],[78.318225,17.489066],[78.318172,17.489155]]]},"properties":{"id":"3b30a2deed4a","height":null,"num_floors":null,"render_height_m":9.6,"height_label":"assumed"}},{"type":"Feature","geometry":{"type":"Polygon","coordinates":[[[78.31815,17.489207],[78.318033,17.489144],[78.318059,17.4891],[78.318175,17.489164],[78.31815,17.489207]]]},"properties":{"id":"98aebdcd5bb8","height":null,"num_floors":null,"render_height_m":6.4,"height_label":"assumed"}},{"type":"Feature","geometry":{"type":"Polygon","coordinates":[[[78.318097,17.489294],[78.317983,17.489232],[78.31803,17.489153],[78.318144,17.489215],[78.318097,17.489294]]]},"properties":{"id":"31244f928821","height":null,"num_floors":null,"render_height_m":9.6,"height_label":"assumed"}},{"type":"Feature","geometry":{"type":"Polygon","coordinates":[[[78.318222,17.489057],[78.318107,17.488995],[78.318158,17.48891],[78.318273,17.488972],[78.318222,17.489057]]]},"properties":{"id":"dae3ee1fe8b6","height":null,"num_floors":null,"render_height_m":9.6,"height_label":"assumed"}},{"type":"Feature","geometry":{"type":"Polygon","coordinates":[[[78.318263,17.488956],[78.318154,17.488898],[78.318203,17.488815],[78.318312,17.488874],[78.318263,17.488956]]]},"properties":{"id":"d8fc44e47925","height":null,"num_floors":null,"render_height_m":9.6,"height_label":"assumed"}},{"type":"Feature","geometry":{"type":"Polygon","coordinates":[[[78.318319,17.488854],[78.318205,17.488793],[78.318265,17.488692],[78.318378,17.488754],[78.318319,17.488854]]]},"properties":{"id":"54edca727a4f","height":null,"num_floors":null,"render_height_m":9.6,"height_label":"assumed"}},{"type":"Feature","geometry":{"type":"Polygon","coordinates":[[[78.318236,17.488592],[78.318137,17.488544],[78.318207,17.488413],[78.318307,17.488462],[78.318236,17.488592]]]},"properties":{"id":"3308b2a64fef","height":null,"num_floors":null,"render_height_m":9.6,"height_label":"assumed"}},{"type":"Feature","geometry":{"type":"Polygon","coordinates":[[[78.318019,17.488707],[78.317944,17.488663],[78.317999,17.488576],[78.318074,17.488619],[78.318019,17.488707]]]},"properties":{"id":"4d89193ba58e","height":null,"num_floors":null,"render_height_m":9.6,"height_label":"assumed"}},{"type":"Feature","geometry":{"type":"Polygon","coordinates":[[[78.318104,17.488811],[78.318012,17.488762],[78.318098,17.488617],[78.318189,17.488666],[78.318104,17.488811]]]},"properties":{"id":"8d7c87ca45d9","height":null,"num_floors":null,"render_height_m":9.6,"height_label":"assumed"}},{"type":"Feature","geometry":{"type":"Polygon","coordinates":[[[78.317787,17.488747],[78.317668,17.488737],[78.317679,17.488614],[78.317798,17.488623],[78.317787,17.488747]]]},"properties":{"id":"211fd500d326","height":null,"num_floors":null,"render_height_m":9.6,"height_label":"assumed"}},{"type":"Feature","geometry":{"type":"Polygon","coordinates":[[[78.317803,17.488589],[78.317683,17.488575],[78.317695,17.488489],[78.317814,17.488504],[78.317803,17.488589]]]},"properties":{"id":"ebbfe4fd41ce","height":null,"num_floors":null,"render_height_m":9.6,"height_label":"assumed"}},{"type":"Feature","geometry":{"type":"Polygon","coordinates":[[[78.31789,17.488623],[78.317813,17.488614],[78.317825,17.488521],[78.317902,17.48853],[78.31789,17.488623]]]},"properties":{"id":"ee43eeb76a7c","height":null,"num_floors":null,"render_height_m":9.6,"height_label":"assumed"}},{"type":"Feature","geometry":{"type":"Polygon","coordinates":[[[78.317994,17.488571],[78.317937,17.488664],[78.317888,17.488637],[78.317945,17.488544],[78.317994,17.488571]]]},"properties":{"id":"dfa3327dd4f6","height":null,"num_floors":null,"render_height_m":6.4,"height_label":"assumed"}},{"type":"Feature","geometry":{"type":"Polygon","coordinates":[[[78.317959,17.488451],[78.317733,17.488406],[78.317767,17.488247],[78.317994,17.488292],[78.317959,17.488451]]]},"properties":{"id":"4e74b38d6f19","height":null,"num_floors":null,"render_height_m":12.8,"height_label":"assumed"}},{"type":"Feature","geometry":{"type":"Polygon","coordinates":[[[78.318068,17.488226],[78.318109,17.488237],[78.318093,17.488291],[78.318052,17.48828],[78.318068,17.488226]]]},"properties":{"id":"7d3872a87782","height":null,"num_floors":null,"render_height_m":6.4,"height_label":"assumed"}},{"type":"Feature","geometry":{"type":"Polygon","coordinates":[[[78.318108,17.488274],[78.318147,17.488287],[78.318127,17.488345],[78.318088,17.488332],[78.318108,17.488274]]]},"properties":{"id":"1e83c6aaa422","height":null,"num_floors":null,"render_height_m":6.4,"height_label":"assumed"}},{"type":"Feature","geometry":{"type":"Polygon","coordinates":[[[78.318086,17.48852],[78.317962,17.48847],[78.318032,17.488316],[78.318156,17.488366],[78.318086,17.48852]]]},"properties":{"id":"22a614111561","height":null,"num_floors":null,"render_height_m":12.8,"height_label":"assumed"}},{"type":"Feature","geometry":{"type":"Polygon","coordinates":[[[78.31832,17.488433],[78.318225,17.488383],[78.318302,17.488248],[78.318397,17.488297],[78.31832,17.488433]]]},"properties":{"id":"d8ab5fecc6d4","height":null,"num_floors":null,"render_height_m":9.6,"height_label":"assumed"}},{"type":"Feature","geometry":{"type":"Polygon","coordinates":[[[78.318433,17.4887],[78.318298,17.488628],[78.318356,17.488531],[78.31849,17.488603],[78.318433,17.4887]]]},"properties":{"id":"4643739c4891","height":null,"num_floors":null,"render_height_m":9.6,"height_label":"assumed"}},{"type":"Feature","geometry":{"type":"Polygon","coordinates":[[[78.318399,17.488157],[78.318456,17.488175],[78.318447,17.488203],[78.31839,17.488185],[78.318399,17.488157]]]},"properties":{"id":"fcaaaa3f42cc","height":null,"num_floors":null,"render_height_m":6.4,"height_label":"assumed"}},{"type":"Feature","geometry":{"type":"Polygon","coordinates":[[[78.31842,17.48805],[78.3183,17.488022],[78.318314,17.487967],[78.318434,17.487995],[78.31842,17.48805]]]},"properties":{"id":"f50f4f3804f7","height":null,"num_floors":null,"render_height_m":9.6,"height_label":"assumed"}},{"type":"Feature","geometry":{"type":"Polygon","coordinates":[[[78.318446,17.487989],[78.318345,17.487962],[78.318361,17.487907],[78.318462,17.487934],[78.318446,17.487989]]]},"properties":{"id":"c9bda0efef25","height":null,"num_floors":null,"render_height_m":6.4,"height_label":"assumed"}},{"type":"Feature","geometry":{"type":"Polygon","coordinates":[[[78.318449,17.487898],[78.318307,17.487896],[78.318309,17.487792],[78.318451,17.487794],[78.318449,17.487898]]]},"properties":{"id":"70d18d0e7f08","height":null,"num_floors":null,"render_height_m":9.6,"height_label":"assumed"}},{"type":"Feature","geometry":{"type":"Polygon","coordinates":[[[78.318525,17.487664],[78.31853,17.487765],[78.31835,17.487773],[78.318345,17.487672],[78.318525,17.487664]]]},"properties":{"id":"fe78794824b4","height":null,"num_floors":null,"render_height_m":9.6,"height_label":"assumed"}},{"type":"Feature","geometry":{"type":"Polygon","coordinates":[[[78.318463,17.487638],[78.318389,17.487642],[78.318384,17.487558],[78.318458,17.487554],[78.318463,17.487638]]]},"properties":{"id":"3b796d2e61d1","height":null,"num_floors":null,"render_height_m":6.4,"height_label":"assumed"}},{"type":"Feature","geometry":{"type":"Polygon","coordinates":[[[78.318376,17.487644],[78.318282,17.487649],[78.318277,17.487554],[78.31837,17.487549],[78.318376,17.487644]]]},"properties":{"id":"a04468dcbeab","height":null,"num_floors":null,"render_height_m":9.6,"height_label":"assumed"}},{"type":"Feature","geometry":{"type":"Polygon","coordinates":[[[78.318466,17.487493],[78.318383,17.487497],[78.318377,17.487388],[78.31846,17.487384],[78.318466,17.487493]]]},"properties":{"id":"4b1e5af94439","height":null,"num_floors":null,"render_height_m":9.6,"height_label":"assumed"}},{"type":"Feature","geometry":{"type":"Polygon","coordinates":[[[78.31837,17.487503],[78.318283,17.487507],[78.318276,17.487392],[78.318363,17.487388],[78.31837,17.487503]]]},"properties":{"id":"5aafc3853289","height":null,"num_floors":null,"render_height_m":9.6,"height_label":"assumed"}},{"type":"Feature","geometry":{"type":"Polygon","coordinates":[[[78.318374,17.487287],[78.31842,17.487282],[78.318425,17.487321],[78.318379,17.487327],[78.318374,17.487287]]]},"properties":{"id":"fd63c8811c2d","height":null,"num_floors":null,"render_height_m":6.4,"height_label":"assumed"}},{"type":"Feature","geometry":{"type":"Polygon","coordinates":[[[78.318405,17.487271],[78.318331,17.487274],[78.318326,17.487154],[78.3184,17.487151],[78.318405,17.487271]]]},"properties":{"id":"a9483c04068f","height":null,"num_floors":null,"render_height_m":9.6,"height_label":"assumed"}},{"type":"Feature","geometry":{"type":"Polygon","coordinates":[[[78.317835,17.484499],[78.317709,17.484495],[78.317712,17.484402],[78.317838,17.484406],[78.317835,17.484499]]]},"properties":{"id":"1e51819435ff","height":null,"num_floors":null,"render_height_m":9.6,"height_label":"assumed"}},{"type":"Feature","geometry":{"type":"Polygon","coordinates":[[[78.317838,17.484578],[78.317705,17.484574],[78.317707,17.484508],[78.31784,17.484513],[78.317838,17.484578]]]},"properties":{"id":"1fdc6fb2237f","height":null,"num_floors":null,"render_height_m":9.6,"height_label":"assumed"}},{"type":"Feature","geometry":{"type":"Polygon","coordinates":[[[78.317832,17.484736],[78.317704,17.484731],[78.317707,17.484643],[78.317836,17.484648],[78.317832,17.484736]]]},"properties":{"id":"9ad1877b4699","height":null,"num_floors":null,"render_height_m":9.6,"height_label":"assumed"}},{"type":"Feature","geometry":{"type":"Polygon","coordinates":[[[78.317615,17.484716],[78.317498,17.484712],[78.317501,17.484619],[78.317618,17.484623],[78.317615,17.484716]]]},"properties":{"id":"c3a3d18ea79a","height":null,"num_floors":null,"render_height_m":9.6,"height_label":"assumed"}},{"type":"Feature","geometry":{"type":"Polygon","coordinates":[[[78.317668,17.48457],[78.317511,17.484565],[78.317513,17.484499],[78.317671,17.484504],[78.317668,17.48457]]]},"properties":{"id":"fc2956be6f0b","height":null,"num_floors":null,"render_height_m":9.6,"height_label":"assumed"}},{"type":"Feature","geometry":{"type":"Polygon","coordinates":[[[78.31745,17.484732],[78.317342,17.484732],[78.317341,17.484672],[78.317449,17.484672],[78.31745,17.484732]]]},"properties":{"id":"48ba888f3905","height":null,"num_floors":null,"render_height_m":6.4,"height_label":"assumed"}},{"type":"Feature","geometry":{"type":"Polygon","coordinates":[[[78.317435,17.484643],[78.317335,17.484643],[78.317335,17.484593],[78.317435,17.484593],[78.317435,17.484643]]]},"properties":{"id":"854fc1b44ace","height":null,"num_floors":null,"render_height_m":6.4,"height_label":"assumed"}},{"type":"Feature","geometry":{"type":"Polygon","coordinates":[[[78.317302,17.484736],[78.317199,17.484736],[78.317198,17.484643],[78.317302,17.484643],[78.317302,17.484736]]]},"properties":{"id":"b4504ac0f5e4","height":null,"num_floors":null,"render_height_m":9.6,"height_label":"assumed"}},{"type":"Feature","geometry":{"type":"Polygon","coordinates":[[[78.317191,17.484731],[78.317125,17.484731],[78.317125,17.484643],[78.31719,17.484643],[78.317191,17.484731]]]},"properties":{"id":"bc979211f84c","height":null,"num_floors":null,"render_height_m":6.4,"height_label":"assumed"}},{"type":"Feature","geometry":{"type":"Polygon","coordinates":[[[78.317183,17.48463],[78.317118,17.48463],[78.317117,17.484536],[78.317182,17.484535],[78.317183,17.48463]]]},"properties":{"id":"356a3963bc69","height":null,"num_floors":null,"render_height_m":6.4,"height_label":"assumed"}},{"type":"Feature","geometry":{"type":"Polygon","coordinates":[[[78.31729,17.484629],[78.317207,17.48463],[78.317207,17.484531],[78.31729,17.48453],[78.31729,17.484629]]]},"properties":{"id":"9412a8ef16df","height":null,"num_floors":null,"render_height_m":9.6,"height_label":"assumed"}},{"type":"Feature","geometry":{"type":"Polygon","coordinates":[[[78.317437,17.484587],[78.317335,17.484588],[78.317335,17.48453],[78.317436,17.48453],[78.317437,17.484587]]]},"properties":{"id":"85231c89c025","height":null,"num_floors":null,"render_height_m":6.4,"height_label":"assumed"}},{"type":"Feature","geometry":{"type":"Polygon","coordinates":[[[78.317452,17.48451],[78.317298,17.484511],[78.317297,17.484436],[78.317452,17.484436],[78.317452,17.48451]]]},"properties":{"id":"11dd62fbfbf0","height":null,"num_floors":null,"render_height_m":9.6,"height_label":"assumed"}},{"type":"Feature","geometry":{"type":"Polygon","coordinates":[[[78.317451,17.484413],[78.317299,17.484414],[78.317299,17.48433],[78.317451,17.484329],[78.317451,17.484413]]]},"properties":{"id":"aa838b5e68f7","height":null,"num_floors":null,"render_height_m":9.6,"height_label":"assumed"}},{"type":"Feature","geometry":{"type":"Polygon","coordinates":[[[78.317242,17.48441],[78.317116,17.484411],[78.317115,17.484335],[78.317242,17.484335],[78.317242,17.48441]]]},"properties":{"id":"2afd680c2839","height":null,"num_floors":null,"render_height_m":9.6,"height_label":"assumed"}},{"type":"Feature","geometry":{"type":"Polygon","coordinates":[[[78.317246,17.484324],[78.317108,17.484324],[78.317108,17.484232],[78.317246,17.484231],[78.317246,17.484324]]]},"properties":{"id":"df69fe633688","height":null,"num_floors":null,"render_height_m":9.6,"height_label":"assumed"}},{"type":"Feature","geometry":{"type":"Polygon","coordinates":[[[78.31768,17.484389],[78.317517,17.484383],[78.31752,17.484311],[78.317683,17.484316],[78.31768,17.484389]]]},"properties":{"id":"328c01be0b0b","height":null,"num_floors":null,"render_height_m":9.6,"height_label":"assumed"}},{"type":"Feature","geometry":{"type":"Polygon","coordinates":[[[78.317676,17.484489],[78.317519,17.484484],[78.317522,17.484395],[78.317679,17.4844],[78.317676,17.484489]]]},"properties":{"id":"111af647de82","height":null,"num_floors":null,"render_height_m":9.6,"height_label":"assumed"}},{"type":"Feature","geometry":{"type":"Polygon","coordinates":[[[78.317698,17.484306],[78.317531,17.4843],[78.317533,17.484232],[78.3177,17.484238],[78.317698,17.484306]]]},"properties":{"id":"33340080c048","height":null,"num_floors":null,"render_height_m":9.6,"height_label":"assumed"}},{"type":"Feature","geometry":{"type":"Polygon","coordinates":[[[78.317706,17.484226],[78.317534,17.48422],[78.317538,17.484119],[78.31771,17.484124],[78.317706,17.484226]]]},"properties":{"id":"85473c094de5","height":null,"num_floors":null,"render_height_m":9.6,"height_label":"assumed"}},{"type":"Feature","geometry":{"type":"Polygon","coordinates":[[[78.31772,17.484048],[78.317643,17.484042],[78.317648,17.483985],[78.317725,17.483991],[78.31772,17.484048]]]},"properties":{"id":"15a2287f7f8c","height":null,"num_floors":null,"render_height_m":6.4,"height_label":"assumed"}},{"type":"Feature","geometry":{"type":"Polygon","coordinates":[[[78.317639,17.48395],[78.317617,17.484043],[78.317551,17.484029],[78.317572,17.483936],[78.317639,17.48395]]]},"properties":{"id":"c668bb4494d4","height":null,"num_floors":null,"render_height_m":6.4,"height_label":"assumed"}},{"type":"Feature","geometry":{"type":"Polygon","coordinates":[[[78.317489,17.48394],[78.317394,17.483937],[78.317396,17.483892],[78.317491,17.483895],[78.317489,17.48394]]]},"properties":{"id":"8c11c0fdc8d7","height":null,"num_floors":null,"render_height_m":6.4,"height_label":"assumed"}},{"type":"Feature","geometry":{"type":"Polygon","coordinates":[[[78.317475,17.484035],[78.317428,17.484033],[78.317431,17.483949],[78.317478,17.483951],[78.317475,17.484035]]]},"properties":{"id":"43bdcfa07cb4","height":null,"num_floors":null,"render_height_m":6.4,"height_label":"assumed"}},{"type":"Feature","geometry":{"type":"Polygon","coordinates":[[[78.317417,17.484033],[78.317374,17.484032],[78.317377,17.483963],[78.31742,17.483965],[78.317417,17.484033]]]},"properties":{"id":"132ab390691b","height":null,"num_floors":null,"render_height_m":6.4,"height_label":"assumed"}},{"type":"Feature","geometry":{"type":"Polygon","coordinates":[[[78.317444,17.484159],[78.31729,17.484153],[78.317294,17.484054],[78.317448,17.48406],[78.317444,17.484159]]]},"properties":{"id":"3ec57678fd78","height":null,"num_floors":null,"render_height_m":9.6,"height_label":"assumed"}},{"type":"Feature","geometry":{"type":"Polygon","coordinates":[[[78.317156,17.48416],[78.317155,17.48409],[78.317245,17.48409],[78.317246,17.484159],[78.317156,17.48416]]]},"properties":{"id":"d46a35e0cb16","height":null,"num_floors":null,"render_height_m":6.4,"height_label":"assumed"}},{"type":"Feature","geometry":{"type":"Polygon","coordinates":[[[78.317161,17.484085],[78.317158,17.484004],[78.317256,17.484],[78.317259,17.484081],[78.317161,17.484085]]]},"properties":{"id":"3f958904e9b7","height":null,"num_floors":null,"render_height_m":9.6,"height_label":"assumed"}},{"type":"Feature","geometry":{"type":"Polygon","coordinates":[[[78.317262,17.483922],[78.317229,17.48392],[78.317231,17.483866],[78.317264,17.483867],[78.317262,17.483922]]]},"properties":{"id":"7616c137b188","height":null,"num_floors":null,"render_height_m":6.4,"height_label":"assumed"}},{"type":"Feature","geometry":{"type":"Polygon","coordinates":[[[78.317379,17.483954],[78.317309,17.483952],[78.317313,17.483849],[78.317383,17.483852],[78.317379,17.483954]]]},"properties":{"id":"9e5f7197886e","height":null,"num_floors":null,"render_height_m":9.6,"height_label":"assumed"}},{"type":"Feature","geometry":{"type":"Polygon","coordinates":[[[78.317229,17.483835],[78.317189,17.48387],[78.317159,17.483839],[78.317199,17.483804],[78.317229,17.483835]]]},"properties":{"id":"5748813bcc35","height":null,"num_floors":null,"render_height_m":6.4,"height_label":"assumed"}},{"type":"Feature","geometry":{"type":"Polygon","coordinates":[[[78.3175,17.483885],[78.317407,17.483882],[78.317408,17.48385],[78.317501,17.483854],[78.3175,17.483885]]]},"properties":{"id":"e7fd3712f2bc","height":null,"num_floors":null,"render_height_m":6.4,"height_label":"assumed"}},{"type":"Feature","geometry":{"type":"Polygon","coordinates":[[[78.317752,17.483983],[78.317659,17.483976],[78.317666,17.483899],[78.317758,17.483906],[78.317752,17.483983]]]},"properties":{"id":"3c86990e0a74","height":null,"num_floors":null,"render_height_m":9.6,"height_label":"assumed"}},{"type":"Feature","geometry":{"type":"Polygon","coordinates":[[[78.31788,17.484004],[78.317763,17.483994],[78.31777,17.483924],[78.317887,17.483934],[78.31788,17.484004]]]},"properties":{"id":"6044abb04b93","height":null,"num_floors":null,"render_height_m":9.6,"height_label":"assumed"}},{"type":"Feature","geometry":{"type":"Polygon","coordinates":[[[78.317864,17.484232],[78.317717,17.484226],[78.317722,17.484119],[78.317869,17.484125],[78.317864,17.484232]]]},"properties":{"id":"28f80b6a30cb","height":null,"num_floors":null,"render_height_m":9.6,"height_label":"assumed"}},{"type":"Feature","geometry":{"type":"Polygon","coordinates":[[[78.318068,17.483939],[78.318113,17.483945],[78.318105,17.483998],[78.31806,17.483991],[78.318068,17.483939]]]},"properties":{"id":"ec32656a8fa9","height":null,"num_floors":null,"render_height_m":6.4,"height_label":"assumed"}},{"type":"Feature","geometry":{"type":"Polygon","coordinates":[[[78.310743,17.491206],[78.310623,17.49121],[78.310617,17.491019],[78.310737,17.491015],[78.310743,17.491206]]]},"properties":{"id":"fd385a6cb6b1","height":null,"num_floors":null,"render_height_m":12.8,"height_label":"assumed"}},{"type":"Feature","geometry":{"type":"Polygon","coordinates":[[[78.310746,17.490932],[78.310649,17.49093],[78.310653,17.490722],[78.31075,17.490723],[78.310746,17.490932]]]},"properties":{"id":"13e9db3c9ffe","height":null,"num_floors":null,"render_height_m":9.6,"height_label":"assumed"}},{"type":"Feature","geometry":{"type":"Polygon","coordinates":[[[78.310443,17.490953],[78.310512,17.490955],[78.31051,17.491013],[78.310441,17.491011],[78.310443,17.490953]]]},"properties":{"id":"b9f0a253c5f2","height":null,"num_floors":null,"render_height_m":6.4,"height_label":"assumed"}},{"type":"Feature","geometry":{"type":"Polygon","coordinates":[[[78.310298,17.491859],[78.310096,17.491774],[78.310139,17.491681],[78.310341,17.491767],[78.310298,17.491859]]]},"properties":{"id":"fd967eb804eb","height":null,"num_floors":null,"render_height_m":12.8,"height_label":"assumed"}},{"type":"Feature","geometry":{"type":"Polygon","coordinates":[[[78.310452,17.491141],[78.310297,17.491143],[78.310295,17.491036],[78.31045,17.491034],[78.310452,17.491141]]]},"properties":{"id":"925a305192f1","height":null,"num_floors":null,"render_height_m":9.6,"height_label":"assumed"}},{"type":"Feature","geometry":{"type":"Polygon","coordinates":[[[78.310078,17.4912],[78.310075,17.490992],[78.310165,17.490991],[78.310168,17.491199],[78.310078,17.4912]]]},"properties":{"id":"9307113c37b5","height":null,"num_floors":null,"render_height_m":9.6,"height_label":"assumed"}},{"type":"Feature","geometry":{"type":"Polygon","coordinates":[[[78.310449,17.490914],[78.310357,17.490914],[78.310357,17.490708],[78.310449,17.490708],[78.310449,17.490914]]]},"properties":{"id":"7c79e879c66c","height":null,"num_floors":null,"render_height_m":9.6,"height_label":"assumed"}},{"type":"Feature","geometry":{"type":"Polygon","coordinates":[[[78.310175,17.490901],[78.310079,17.490903],[78.310076,17.490711],[78.310172,17.49071],[78.310175,17.490901]]]},"properties":{"id":"fa0f16a62de3","height":null,"num_floors":null,"render_height_m":9.6,"height_label":"assumed"}},{"type":"Feature","geometry":{"type":"Polygon","coordinates":[[[78.310199,17.490634],[78.310094,17.490635],[78.310093,17.490431],[78.310197,17.49043],[78.310199,17.490634]]]},"properties":{"id":"aaa911e529c9","height":null,"num_floors":null,"render_height_m":9.6,"height_label":"assumed"}},{"type":"Feature","geometry":{"type":"Polygon","coordinates":[[[78.310293,17.490522],[78.310357,17.490526],[78.310355,17.490579],[78.31029,17.490576],[78.310293,17.490522]]]},"properties":{"id":"170be8a2d427","height":null,"num_floors":null,"render_height_m":6.4,"height_label":"assumed"}},{"type":"Feature","geometry":{"type":"Polygon","coordinates":[[[78.31037,17.490455],[78.310466,17.490456],[78.310465,17.490652],[78.310369,17.490652],[78.31037,17.490455]]]},"properties":{"id":"d7c96e986115","height":null,"num_floors":null,"render_height_m":9.6,"height_label":"assumed"}},{"type":"Feature","geometry":{"type":"Polygon","coordinates":[[[78.310488,17.490764],[78.31053,17.490768],[78.310524,17.49083],[78.310482,17.490827],[78.310488,17.490764]]]},"properties":{"id":"8c8c65e20e4d","height":null,"num_floors":null,"render_height_m":6.4,"height_label":"assumed"}},{"type":"Feature","geometry":{"type":"Polygon","coordinates":[[[78.31065,17.490659],[78.310653,17.49046],[78.310758,17.490461],[78.310756,17.49066],[78.31065,17.490659]]]},"properties":{"id":"a7f440e9a0bb","height":null,"num_floors":null,"render_height_m":9.6,"height_label":"assumed"}},{"type":"Feature","geometry":{"type":"Polygon","coordinates":[[[78.31092,17.490704],[78.310967,17.490705],[78.310966,17.490732],[78.310919,17.490731],[78.31092,17.490704]]]},"properties":{"id":"b16c8a4977ac","height":null,"num_floors":null,"render_height_m":6.4,"height_label":"assumed"}},{"type":"Feature","geometry":{"type":"Polygon","coordinates":[[[78.311451,17.490613],[78.311489,17.490629],[78.311467,17.490673],[78.31143,17.490657],[78.311451,17.490613]]]},"properties":{"id":"cb875ca001e7","height":null,"num_floors":null,"render_height_m":6.4,"height_label":"assumed"}},{"type":"Feature","geometry":{"type":"Polygon","coordinates":[[[78.312836,17.491706],[78.312883,17.491726],[78.31285,17.491799],[78.312803,17.49178],[78.312836,17.491706]]]},"properties":{"id":"eab1bcd79969","height":null,"num_floors":null,"render_height_m":6.4,"height_label":"assumed"}},{"type":"Feature","geometry":{"type":"Polygon","coordinates":[[[78.313196,17.491607],[78.313043,17.491532],[78.313076,17.491471],[78.313229,17.491547],[78.313196,17.491607]]]},"properties":{"id":"4c4604427547","height":null,"num_floors":null,"render_height_m":9.6,"height_label":"assumed"}},{"type":"Feature","geometry":{"type":"Polygon","coordinates":[[[78.312535,17.491321],[78.312256,17.491182],[78.312293,17.491114],[78.312338,17.491137],[78.312349,17.491118],[78.312609,17.491248],[78.312626,17.491216],[78.312697,17.491251],[78.312679,17.491283],[78.313012,17.49145],[78.312965,17.491536],[78.312667,17.491388],[78.312643,17.491433],[78.31251,17.491366],[78.312535,17.491321]]]},"properties":{"id":"fe3a7588d623","height":null,"num_floors":null,"render_height_m":19.2,"height_label":"assumed"}},{"type":"Feature","geometry":{"type":"Polygon","coordinates":[[[78.31471,17.491611],[78.314669,17.491618],[78.314603,17.491296],[78.314644,17.491288],[78.31471,17.491611]]]},"properties":{"id":"9f5760b2787f","height":null,"num_floors":null,"render_height_m":9.6,"height_label":"assumed"}},{"type":"Feature","geometry":{"type":"Polygon","coordinates":[[[78.314577,17.491261],[78.314613,17.491259],[78.314615,17.491285],[78.314579,17.491288],[78.314577,17.491261]]]},"properties":{"id":"f13f69d1f042","height":null,"num_floors":null,"render_height_m":6.4,"height_label":"assumed"}},{"type":"Feature","geometry":{"type":"Polygon","coordinates":[[[78.31458,17.491249],[78.314504,17.491249],[78.314503,17.491185],[78.31458,17.491184],[78.31458,17.491249]]]},"properties":{"id":"f8a5852a32eb","height":null,"num_floors":null,"render_height_m":6.4,"height_label":"assumed"}},{"type":"Feature","geometry":{"type":"Polygon","coordinates":[[[78.314535,17.491077],[78.314545,17.491125],[78.314491,17.491135],[78.314481,17.491088],[78.314535,17.491077]]]},"properties":{"id":"0517867a1d1a","height":null,"num_floors":null,"render_height_m":6.4,"height_label":"assumed"}},{"type":"Feature","geometry":{"type":"Polygon","coordinates":[[[78.314427,17.491062],[78.314479,17.491059],[78.314482,17.491106],[78.314431,17.49111],[78.314427,17.491062]]]},"properties":{"id":"e5c8703f2afc","height":null,"num_floors":null,"render_height_m":6.4,"height_label":"assumed"}},{"type":"Feature","geometry":{"type":"Polygon","coordinates":[[[78.314515,17.490943],[78.31457,17.490937],[78.314573,17.490965],[78.314519,17.490971],[78.314515,17.490943]]]},"properties":{"id":"91fa6ae8299b","height":null,"num_floors":null,"render_height_m":6.4,"height_label":"assumed"}},{"type":"Feature","geometry":{"type":"Polygon","coordinates":[[[78.314636,17.490777],[78.314661,17.490771],[78.314674,17.490824],[78.314649,17.49083],[78.314636,17.490777]]]},"properties":{"id":"26f3edb408ff","height":null,"num_floors":null,"render_height_m":6.4,"height_label":"assumed"}},{"type":"Feature","geometry":{"type":"Polygon","coordinates":[[[78.314661,17.490718],[78.314687,17.490719],[78.314686,17.490761],[78.314659,17.49076],[78.314661,17.490718]]]},"properties":{"id":"3fe66ac95991","height":null,"num_floors":null,"render_height_m":6.4,"height_label":"assumed"}},{"type":"Feature","geometry":{"type":"Polygon","coordinates":[[[78.314615,17.490855],[78.31453,17.490872],[78.31447,17.490609],[78.314555,17.490592],[78.314615,17.490855]]]},"properties":{"id":"3dbb8a0ee15a","height":null,"num_floors":null,"render_height_m":12.8,"height_label":"assumed"}},{"type":"Feature","geometry":{"type":"Polygon","coordinates":[[[78.314484,17.490886],[78.31443,17.490896],[78.314373,17.490623],[78.314427,17.490613],[78.314484,17.490886]]]},"properties":{"id":"3854b77f8563","height":null,"num_floors":null,"render_height_m":9.6,"height_label":"assumed"}},{"type":"Feature","geometry":{"type":"Polygon","coordinates":[[[78.314686,17.490563],[78.314689,17.490589],[78.314648,17.490592],[78.314645,17.490566],[78.314686,17.490563]]]},"properties":{"id":"cb6330c895dd","height":null,"num_floors":null,"render_height_m":6.4,"height_label":"assumed"}},{"type":"Feature","geometry":{"type":"Polygon","coordinates":[[[78.314283,17.490743],[78.314306,17.490739],[78.314316,17.490801],[78.314293,17.490804],[78.314283,17.490743]]]},"properties":{"id":"096fdd1c2ad4","height":null,"num_floors":null,"render_height_m":6.4,"height_label":"assumed"}},{"type":"Feature","geometry":{"type":"Polygon","coordinates":[[[78.31459,17.490035],[78.314197,17.490116],[78.314135,17.489842],[78.314528,17.489761],[78.31459,17.490035]]]},"properties":{"id":"2f1994ad0dc6","height":null,"num_floors":null,"render_height_m":19.2,"height_label":"assumed"}},{"type":"Feature","geometry":{"type":"Polygon","coordinates":[[[78.314512,17.489515],[78.314533,17.48961],[78.314207,17.489676],[78.314186,17.489581],[78.314512,17.489515]]]},"properties":{"id":"8ed64f195117","height":null,"num_floors":null,"render_height_m":12.8,"height_label":"assumed"}},{"type":"Feature","geometry":{"type":"Polygon","coordinates":[[[78.314514,17.489411],[78.314523,17.489452],[78.314499,17.489457],[78.314512,17.489515],[78.314345,17.489549],[78.314323,17.489451],[78.314514,17.489411]]]},"properties":{"id":"7014bea0dbc6","height":null,"num_floors":null,"render_height_m":9.6,"height_label":"assumed"}},{"type":"Feature","geometry":{"type":"Polygon","coordinates":[[[78.314772,17.489375],[78.314654,17.489399],[78.314639,17.489334],[78.314758,17.48931],[78.314772,17.489375]]]},"properties":{"id":"b09c47f07cec","height":null,"num_floors":null,"render_height_m":9.6,"height_label":"assumed"}},{"type":"Feature","geometry":{"type":"Polygon","coordinates":[[[78.31481,17.489458],[78.314673,17.489486],[78.314656,17.489413],[78.314692,17.489405],[78.314794,17.489384],[78.31481,17.489458]]]},"properties":{"id":"05b9139b4abf","height":null,"num_floors":null,"render_height_m":9.6,"height_label":"assumed"}},{"type":"Feature","geometry":{"type":"Polygon","coordinates":[[[78.315158,17.490206],[78.314859,17.490268],[78.314808,17.490036],[78.315106,17.489975],[78.315158,17.490206]]]},"properties":{"id":"c04279737365","height":null,"num_floors":null,"render_height_m":19.2,"height_label":"assumed"}},{"type":"Feature","geometry":{"type":"Polygon","coordinates":[[[78.315056,17.490229],[78.315071,17.4903],[78.314949,17.490323],[78.314934,17.490253],[78.315056,17.490229]]]},"properties":{"id":"f392dfd53550","height":null,"num_floors":null,"render_height_m":9.6,"height_label":"assumed"}},{"type":"Feature","geometry":{"type":"Polygon","coordinates":[[[78.314833,17.490499],[78.314838,17.490541],[78.314779,17.490547],[78.314774,17.490506],[78.314833,17.490499]]]},"properties":{"id":"f02f31a8e452","height":null,"num_floors":null,"render_height_m":6.4,"height_label":"assumed"}},{"type":"Feature","geometry":{"type":"Polygon","coordinates":[[[78.314838,17.490585],[78.314875,17.49058],[78.314882,17.490631],[78.314845,17.490636],[78.314838,17.490585]]]},"properties":{"id":"2866c2460541","height":null,"num_floors":null,"render_height_m":6.4,"height_label":"assumed"}},{"type":"Feature","geometry":{"type":"Polygon","coordinates":[[[78.315044,17.49052],[78.315059,17.490589],[78.315002,17.4906],[78.314988,17.490531],[78.315044,17.49052]]]},"properties":{"id":"abfa12bb7a0c","height":null,"num_floors":null,"render_height_m":6.4,"height_label":"assumed"}},{"type":"Feature","geometry":{"type":"Polygon","coordinates":[[[78.314871,17.490555],[78.31492,17.490548],[78.314931,17.490625],[78.314882,17.490631],[78.314871,17.490555]]]},"properties":{"id":"413d0a16df1c","height":null,"num_floors":null,"render_height_m":6.4,"height_label":"assumed"}},{"type":"Feature","geometry":{"type":"Polygon","coordinates":[[[78.315024,17.490456],[78.315028,17.490484],[78.314986,17.490489],[78.314982,17.490461],[78.315024,17.490456]]]},"properties":{"id":"123db7be238e","height":null,"num_floors":null,"render_height_m":6.4,"height_label":"assumed"}},{"type":"Feature","geometry":{"type":"Polygon","coordinates":[[[78.315382,17.490864],[78.31526,17.490833],[78.315296,17.490702],[78.315419,17.490733],[78.315382,17.490864]]]},"properties":{"id":"b86cb78346e3","height":null,"num_floors":null,"render_height_m":9.6,"height_label":"assumed"}},{"type":"Feature","geometry":{"type":"Polygon","coordinates":[[[78.315132,17.490404],[78.315135,17.490431],[78.315095,17.490436],[78.315092,17.490409],[78.315132,17.490404]]]},"properties":{"id":"c254b3615858","height":null,"num_floors":null,"render_height_m":6.4,"height_label":"assumed"}},{"type":"Feature","geometry":{"type":"Polygon","coordinates":[[[78.315184,17.490204],[78.315199,17.490275],[78.315071,17.4903],[78.315056,17.490229],[78.315184,17.490204]]]},"properties":{"id":"a9402a861145","height":null,"num_floors":null,"render_height_m":9.6,"height_label":"assumed"}},{"type":"Feature","geometry":{"type":"Polygon","coordinates":[[[78.315566,17.490124],[78.315569,17.490168],[78.315486,17.490175],[78.315482,17.49013],[78.315566,17.490124]]]},"properties":{"id":"3f542ca08a3a","height":null,"num_floors":null,"render_height_m":6.4,"height_label":"assumed"}},{"type":"Feature","geometry":{"type":"Polygon","coordinates":[[[78.315794,17.490209],[78.315646,17.490206],[78.315647,17.490121],[78.315796,17.490124],[78.315794,17.490209]]]},"properties":{"id":"e1a49dc05395","height":null,"num_floors":null,"render_height_m":9.6,"height_label":"assumed"}},{"type":"Feature","geometry":{"type":"Polygon","coordinates":[[[78.315796,17.490332],[78.315633,17.490328],[78.315636,17.490217],[78.315799,17.49022],[78.315796,17.490332]]]},"properties":{"id":"28edfe285b8b","height":null,"num_floors":null,"render_height_m":9.6,"height_label":"assumed"}},{"type":"Feature","geometry":{"type":"Polygon","coordinates":[[[78.315782,17.490428],[78.315655,17.490428],[78.315655,17.490346],[78.315782,17.490346],[78.315782,17.490428]]]},"properties":{"id":"9a3bcfd923c4","height":null,"num_floors":null,"render_height_m":9.6,"height_label":"assumed"}},{"type":"Feature","geometry":{"type":"Polygon","coordinates":[[[78.315587,17.490632],[78.315449,17.490594],[78.315553,17.490488],[78.315616,17.490506],[78.315587,17.490632]]]},"properties":{"id":"f0a4d45ca60e","height":null,"num_floors":null,"render_height_m":9.6,"height_label":"assumed"}},{"type":"Feature","geometry":{"type":"Polygon","coordinates":[[[78.315484,17.490632],[78.31554,17.490644],[78.315532,17.490678],[78.31555,17.490682],[78.31553,17.490768],[78.315425,17.490746],[78.315444,17.49066],[78.315476,17.490666],[78.315484,17.490632]]]},"properties":{"id":"6f10c282ce22","height":null,"num_floors":null,"render_height_m":9.6,"height_label":"assumed"}},{"type":"Feature","geometry":{"type":"Polygon","coordinates":[[[78.315697,17.490865],[78.315575,17.490835],[78.315595,17.490762],[78.315717,17.490792],[78.315697,17.490865]]]},"properties":{"id":"782cd0ac91be","height":null,"num_floors":null,"render_height_m":9.6,"height_label":"assumed"}},{"type":"Feature","geometry":{"type":"Polygon","coordinates":[[[78.315743,17.490736],[78.315612,17.490704],[78.31563,17.490639],[78.31576,17.49067],[78.315743,17.490736]]]},"properties":{"id":"044207add1eb","height":null,"num_floors":null,"render_height_m":9.6,"height_label":"assumed"}},{"type":"Feature","geometry":{"type":"Polygon","coordinates":[[[78.315748,17.490658],[78.315634,17.490635],[78.315664,17.490503],[78.315778,17.490527],[78.315748,17.490658]]]},"properties":{"id":"b747b8b1c30d","height":null,"num_floors":null,"render_height_m":9.6,"height_label":"assumed"}},{"type":"Feature","geometry":{"type":"Polygon","coordinates":[[[78.31596,17.490513],[78.315869,17.49051],[78.315874,17.490398],[78.315965,17.490402],[78.31596,17.490513]]]},"properties":{"id":"961a1b647a4c","height":null,"num_floors":null,"render_height_m":9.6,"height_label":"assumed"}},{"type":"Feature","geometry":{"type":"Polygon","coordinates":[[[78.315939,17.490785],[78.315783,17.490738],[78.315828,17.490605],[78.315984,17.490653],[78.315939,17.490785]]]},"properties":{"id":"56acc404aefa","height":null,"num_floors":null,"render_height_m":12.8,"height_label":"assumed"}},{"type":"Feature","geometry":{"type":"Polygon","coordinates":[[[78.316047,17.490872],[78.315969,17.490822],[78.315986,17.490797],[78.31598,17.490793],[78.316032,17.49072],[78.316117,17.490775],[78.316047,17.490872]]]},"properties":{"id":"77dcb2eeacab","height":null,"num_floors":null,"render_height_m":9.6,"height_label":"assumed"}},{"type":"Feature","geometry":{"type":"Polygon","coordinates":[[[78.316127,17.490723],[78.316035,17.490668],[78.316112,17.490552],[78.316204,17.490608],[78.316127,17.490723]]]},"properties":{"id":"5a1d1eb4daa3","height":null,"num_floors":null,"render_height_m":9.6,"height_label":"assumed"}},{"type":"Feature","geometry":{"type":"Polygon","coordinates":[[[78.316059,17.490562],[78.315964,17.490559],[78.315967,17.490485],[78.316062,17.490488],[78.316059,17.490562]]]},"properties":{"id":"dacb56609a88","height":null,"num_floors":null,"render_height_m":9.6,"height_label":"assumed"}},{"type":"Feature","geometry":{"type":"Polygon","coordinates":[[[78.3161,17.490421],[78.315989,17.490414],[78.315994,17.490334],[78.316105,17.490341],[78.3161,17.490421]]]},"properties":{"id":"9c8c2c4e8abd","height":null,"num_floors":null,"render_height_m":9.6,"height_label":"assumed"}},{"type":"Feature","geometry":{"type":"Polygon","coordinates":[[[78.316108,17.490327],[78.315995,17.490321],[78.316,17.490249],[78.316112,17.490256],[78.316108,17.490327]]]},"properties":{"id":"2b645ac9f930","height":null,"num_floors":null,"render_height_m":9.6,"height_label":"assumed"}},{"type":"Feature","geometry":{"type":"Polygon","coordinates":[[[78.315978,17.490394],[78.315869,17.490392],[78.315873,17.49025],[78.315981,17.490252],[78.315978,17.490394]]]},"properties":{"id":"6acc24da8401","height":null,"num_floors":null,"render_height_m":9.6,"height_label":"assumed"}},{"type":"Feature","geometry":{"type":"Polygon","coordinates":[[[78.315987,17.490158],[78.315904,17.490154],[78.315908,17.490075],[78.315991,17.490079],[78.315987,17.490158]]]},"properties":{"id":"24fae6765543","height":null,"num_floors":null,"render_height_m":6.4,"height_label":"assumed"}},{"type":"Feature","geometry":{"type":"Polygon","coordinates":[[[78.316114,17.490242],[78.316,17.490232],[78.316007,17.490158],[78.316122,17.490168],[78.316114,17.490242]]]},"properties":{"id":"be4795e85493","height":null,"num_floors":null,"render_height_m":9.6,"height_label":"assumed"}},{"type":"Feature","geometry":{"type":"Polygon","coordinates":[[[78.316117,17.490157],[78.31601,17.490152],[78.316014,17.490074],[78.316121,17.490079],[78.316117,17.490157]]]},"properties":{"id":"53d39efb3122","height":null,"num_floors":null,"render_height_m":9.6,"height_label":"assumed"}},{"type":"Feature","geometry":{"type":"Polygon","coordinates":[[[78.316114,17.49007],[78.316017,17.490066],[78.316019,17.490015],[78.316117,17.490019],[78.316114,17.49007]]]},"properties":{"id":"955a9c15b884","height":null,"num_floors":null,"render_height_m":6.4,"height_label":"assumed"}},{"type":"Feature","geometry":{"type":"Polygon","coordinates":[[[78.316009,17.490053],[78.315909,17.490051],[78.315911,17.48995],[78.316012,17.489953],[78.316009,17.490053]]]},"properties":{"id":"0327e46347a1","height":null,"num_floors":null,"render_height_m":9.6,"height_label":"assumed"}},{"type":"Feature","geometry":{"type":"Polygon","coordinates":[[[78.316116,17.489997],[78.316037,17.489997],[78.316038,17.489916],[78.316117,17.489917],[78.316116,17.489997]]]},"properties":{"id":"185f674dd89d","height":null,"num_floors":null,"render_height_m":6.4,"height_label":"assumed"}},{"type":"Feature","geometry":{"type":"Polygon","coordinates":[[[78.316146,17.489896],[78.316036,17.489892],[78.31604,17.489784],[78.316149,17.489788],[78.316146,17.489896]]]},"properties":{"id":"c6d7653cd2f8","height":null,"num_floors":null,"render_height_m":9.6,"height_label":"assumed"}},{"type":"Feature","geometry":{"type":"Polygon","coordinates":[[[78.316028,17.489848],[78.315916,17.489843],[78.315919,17.489771],[78.316031,17.489776],[78.316028,17.489848]]]},"properties":{"id":"bc4a171e13e0","height":null,"num_floors":null,"render_height_m":9.6,"height_label":"assumed"}},{"type":"Feature","geometry":{"type":"Polygon","coordinates":[[[78.31601,17.489943],[78.315898,17.489938],[78.315902,17.489856],[78.316014,17.489861],[78.31601,17.489943]]]},"properties":{"id":"a84141544552","height":null,"num_floors":null,"render_height_m":9.6,"height_label":"assumed"}},{"type":"Feature","geometry":{"type":"Polygon","coordinates":[[[78.315832,17.489871],[78.315728,17.48987],[78.315729,17.489764],[78.315832,17.489765],[78.315832,17.489871]]]},"properties":{"id":"ace34cb3a9d9","height":null,"num_floors":null,"render_height_m":9.6,"height_label":"assumed"}},{"type":"Feature","geometry":{"type":"Polygon","coordinates":[[[78.315798,17.490101],[78.315633,17.49009],[78.315641,17.489983],[78.315807,17.489994],[78.315798,17.490101]]]},"properties":{"id":"debe521c9050","height":null,"num_floors":null,"render_height_m":9.6,"height_label":"assumed"}},{"type":"Feature","geometry":{"type":"Polygon","coordinates":[[[78.315827,17.489967],[78.315702,17.489967],[78.315703,17.489881],[78.315828,17.489881],[78.315827,17.489967]]]},"properties":{"id":"c695e2e2e8d4","height":null,"num_floors":null,"render_height_m":9.6,"height_label":"assumed"}},{"type":"Feature","geometry":{"type":"Polygon","coordinates":[[[78.315691,17.489968],[78.315628,17.489968],[78.315628,17.48988],[78.315691,17.48988],[78.315691,17.489968]]]},"properties":{"id":"4f75e4d1f0af","height":null,"num_floors":null,"render_height_m":6.4,"height_label":"assumed"}},{"type":"Feature","geometry":{"type":"Polygon","coordinates":[[[78.315545,17.490103],[78.315401,17.490109],[78.315392,17.489935],[78.315536,17.489928],[78.315545,17.490103]]]},"properties":{"id":"82ef2560530d","height":null,"num_floors":null,"render_height_m":12.8,"height_label":"assumed"}},{"type":"Feature","geometry":{"type":"Polygon","coordinates":[[[78.315516,17.489787],[78.31546,17.48979],[78.315455,17.489714],[78.315511,17.489711],[78.315516,17.489787]]]},"properties":{"id":"c55f9c9d203a","height":null,"num_floors":null,"render_height_m":6.4,"height_label":"assumed"}},{"type":"Feature","geometry":{"type":"Polygon","coordinates":[[[78.31572,17.489764],[78.315716,17.489872],[78.315648,17.489869],[78.315653,17.489761],[78.31572,17.489764]]]},"properties":{"id":"e6417ae37598","height":null,"num_floors":null,"render_height_m":9.6,"height_label":"assumed"}},{"type":"Feature","geometry":{"type":"Polygon","coordinates":[[[78.315651,17.489673],[78.315655,17.489583],[78.315832,17.48959],[78.315828,17.489681],[78.315651,17.489673]]]},"properties":{"id":"3a4f82d8b9a3","height":null,"num_floors":null,"render_height_m":9.6,"height_label":"assumed"}},{"type":"Feature","geometry":{"type":"Polygon","coordinates":[[[78.315524,17.489707],[78.315359,17.489689],[78.315378,17.489527],[78.315544,17.489545],[78.315524,17.489707]]]},"properties":{"id":"1ea5f93bcfd7","height":null,"num_floors":null,"render_height_m":12.8,"height_label":"assumed"}},{"type":"Feature","geometry":{"type":"Polygon","coordinates":[[[78.315553,17.489506],[78.315467,17.489498],[78.315478,17.489432],[78.315558,17.489444],[78.315553,17.489506]]]},"properties":{"id":"3f8e91a047c4","height":null,"num_floors":null,"render_height_m":6.4,"height_label":"assumed"}},{"type":"Feature","geometry":{"type":"Polygon","coordinates":[[[78.315565,17.489432],[78.31549,17.489424],[78.315499,17.489352],[78.315574,17.48936],[78.315565,17.489432]]]},"properties":{"id":"b02b831e9e59","height":null,"num_floors":null,"render_height_m":6.4,"height_label":"assumed"}},{"type":"Feature","geometry":{"type":"Polygon","coordinates":[[[78.315741,17.489569],[78.315653,17.489569],[78.315652,17.489432],[78.315739,17.489431],[78.315741,17.489569]]]},"properties":{"id":"0f7e3ac13e6e","height":null,"num_floors":null,"render_height_m":9.6,"height_label":"assumed"}},{"type":"Feature","geometry":{"type":"Polygon","coordinates":[[[78.315829,17.489416],[78.315735,17.489408],[78.315743,17.489342],[78.315834,17.489348],[78.315829,17.489416]]]},"properties":{"id":"9d491e4a2ba4","height":null,"num_floors":null,"render_height_m":6.4,"height_label":"assumed"}},{"type":"Feature","geometry":{"type":"Polygon","coordinates":[[[78.315852,17.489549],[78.315754,17.489548],[78.315755,17.489443],[78.315854,17.489444],[78.315852,17.489549]]]},"properties":{"id":"bdbd5eeaff70","height":null,"num_floors":null,"render_height_m":9.6,"height_label":"assumed"}},{"type":"Feature","geometry":{"type":"Polygon","coordinates":[[[78.316036,17.489762],[78.315912,17.489756],[78.315919,17.489618],[78.316043,17.489624],[78.316036,17.489762]]]},"properties":{"id":"aaf28de85622","height":null,"num_floors":null,"render_height_m":9.6,"height_label":"assumed"}},{"type":"Feature","geometry":{"type":"Polygon","coordinates":[[[78.316153,17.489771],[78.316047,17.489766],[78.316055,17.48962],[78.31616,17.489625],[78.316153,17.489771]]]},"properties":{"id":"2eabce28db11","height":null,"num_floors":null,"render_height_m":9.6,"height_label":"assumed"}},{"type":"Feature","geometry":{"type":"Polygon","coordinates":[[[78.316051,17.48953],[78.315954,17.489524],[78.315961,17.489421],[78.316058,17.489428],[78.316051,17.48953]]]},"properties":{"id":"338b0d26ad71","height":null,"num_floors":null,"render_height_m":9.6,"height_label":"assumed"}},{"type":"Feature","geometry":{"type":"Polygon","coordinates":[[[78.31618,17.489538],[78.316079,17.489532],[78.316085,17.489436],[78.316187,17.489442],[78.31618,17.489538]]]},"properties":{"id":"d520138a7abc","height":null,"num_floors":null,"render_height_m":9.6,"height_label":"assumed"}},{"type":"Feature","geometry":{"type":"Polygon","coordinates":[[[78.31639,17.489421],[78.316274,17.489415],[78.31628,17.489307],[78.316396,17.489313],[78.31639,17.489421]]]},"properties":{"id":"58dc75256ec5","height":null,"num_floors":null,"render_height_m":9.6,"height_label":"assumed"}},{"type":"Feature","geometry":{"type":"Polygon","coordinates":[[[78.316429,17.489562],[78.316263,17.489554],[78.316269,17.489436],[78.316435,17.489444],[78.316429,17.489562]]]},"properties":{"id":"5ae0fea6be4f","height":null,"num_floors":null,"render_height_m":9.6,"height_label":"assumed"}},{"type":"Feature","geometry":{"type":"Polygon","coordinates":[[[78.316402,17.489732],[78.316248,17.489724],[78.316253,17.489635],[78.316406,17.489643],[78.316402,17.489732]]]},"properties":{"id":"9f13618849f8","height":null,"num_floors":null,"render_height_m":9.6,"height_label":"assumed"}},{"type":"Feature","geometry":{"type":"Polygon","coordinates":[[[78.316356,17.49005],[78.316206,17.490042],[78.316211,17.489958],[78.316361,17.489966],[78.316356,17.49005]]]},"properties":{"id":"74bc96450ef3","height":null,"num_floors":null,"render_height_m":9.6,"height_label":"assumed"}},{"type":"Feature","geometry":{"type":"Polygon","coordinates":[[[78.316468,17.49003],[78.31641,17.490031],[78.316408,17.489937],[78.316466,17.489936],[78.316468,17.49003]]]},"properties":{"id":"449ec47d93e3","height":null,"num_floors":null,"render_height_m":6.4,"height_label":"assumed"}},{"type":"Feature","geometry":{"type":"Polygon","coordinates":[[[78.316378,17.489866],[78.316429,17.489869],[78.316426,17.489908],[78.316375,17.489905],[78.316378,17.489866]]]},"properties":{"id":"6c4ba90ed389","height":null,"num_floors":null,"render_height_m":6.4,"height_label":"assumed"}},{"type":"Feature","geometry":{"type":"Polygon","coordinates":[[[78.316385,17.489842],[78.316237,17.489834],[78.316243,17.489738],[78.31639,17.489745],[78.316385,17.489842]]]},"properties":{"id":"d78e3fc2762a","height":null,"num_floors":null,"render_height_m":9.6,"height_label":"assumed"}},{"type":"Feature","geometry":{"type":"Polygon","coordinates":[[[78.316549,17.489818],[78.316427,17.489812],[78.31643,17.489758],[78.316552,17.489764],[78.316549,17.489818]]]},"properties":{"id":"4cd3c0c89062","height":null,"num_floors":null,"render_height_m":6.4,"height_label":"assumed"}},{"type":"Feature","geometry":{"type":"Polygon","coordinates":[[[78.316534,17.489929],[78.316445,17.489924],[78.316448,17.489855],[78.316537,17.48986],[78.316534,17.489929]]]},"properties":{"id":"7ad1de13b62e","height":null,"num_floors":null,"render_height_m":6.4,"height_label":"assumed"}},{"type":"Feature","geometry":{"type":"Polygon","coordinates":[[[78.316515,17.489989],[78.316557,17.489977],[78.316569,17.490016],[78.316527,17.490028],[78.316515,17.489989]]]},"properties":{"id":"a502120ddb12","height":null,"num_floors":null,"render_height_m":6.4,"height_label":"assumed"}},{"type":"Feature","geometry":{"type":"Polygon","coordinates":[[[78.31668,17.489974],[78.31662,17.489979],[78.316608,17.489853],[78.316766,17.489839],[78.316773,17.489911],[78.316675,17.48992],[78.31668,17.489974]]]},"properties":{"id":"aaf91093ff67","height":null,"num_floors":null,"render_height_m":9.6,"height_label":"assumed"}},{"type":"Feature","geometry":{"type":"Polygon","coordinates":[[[78.31673,17.490021],[78.31667,17.490054],[78.316643,17.490007],[78.316703,17.489975],[78.31673,17.490021]]]},"properties":{"id":"d9fe3b607f8b","height":null,"num_floors":null,"render_height_m":6.4,"height_label":"assumed"}},{"type":"Feature","geometry":{"type":"Polygon","coordinates":[[[78.316824,17.490087],[78.31672,17.490146],[78.316669,17.490064],[78.316773,17.490005],[78.316824,17.490087]]]},"properties":{"id":"2d16c09c05ee","height":null,"num_floors":null,"render_height_m":9.6,"height_label":"assumed"}},{"type":"Feature","geometry":{"type":"Polygon","coordinates":[[[78.316859,17.489986],[78.3168,17.490007],[78.316773,17.489939],[78.316833,17.489918],[78.316859,17.489986]]]},"properties":{"id":"149e9e93bf91","height":null,"num_floors":null,"render_height_m":6.4,"height_label":"assumed"}},{"type":"Feature","geometry":{"type":"Polygon","coordinates":[[[78.316851,17.489618],[78.316776,17.489614],[78.316782,17.489518],[78.316858,17.489522],[78.316851,17.489618]]]},"properties":{"id":"6793a73fb009","height":null,"num_floors":null,"render_height_m":9.6,"height_label":"assumed"}},{"type":"Feature","geometry":{"type":"Polygon","coordinates":[[[78.316768,17.489597],[78.31667,17.489592],[78.316676,17.4895],[78.316774,17.489506],[78.316768,17.489597]]]},"properties":{"id":"bbfd6e3cfb94","height":null,"num_floors":null,"render_height_m":9.6,"height_label":"assumed"}},{"type":"Feature","geometry":{"type":"Polygon","coordinates":[[[78.316619,17.489763],[78.31663,17.489656],[78.316816,17.489672],[78.316806,17.489779],[78.316619,17.489763]]]},"properties":{"id":"98d57716223c","height":null,"num_floors":null,"render_height_m":9.6,"height_label":"assumed"}},{"type":"Feature","geometry":{"type":"Polygon","coordinates":[[[78.316554,17.489718],[78.316413,17.489711],[78.316417,17.489634],[78.316559,17.489641],[78.316554,17.489718]]]},"properties":{"id":"17cf97e631ae","height":null,"num_floors":null,"render_height_m":9.6,"height_label":"assumed"}},{"type":"Feature","geometry":{"type":"Polygon","coordinates":[[[78.316597,17.489589],[78.316445,17.489582],[78.316449,17.489516],[78.3166,17.489523],[78.316597,17.489589]]]},"properties":{"id":"5a9092a4b3d6","height":null,"num_floors":null,"render_height_m":9.6,"height_label":"assumed"}},{"type":"Feature","geometry":{"type":"Polygon","coordinates":[[[78.316605,17.489504],[78.316456,17.489496],[78.31646,17.48943],[78.316609,17.489438],[78.316605,17.489504]]]},"properties":{"id":"3bf0c94084cb","height":null,"num_floors":null,"render_height_m":9.6,"height_label":"assumed"}},{"type":"Feature","geometry":{"type":"Polygon","coordinates":[[[78.316536,17.489416],[78.316461,17.489413],[78.316464,17.48935],[78.31654,17.489354],[78.316536,17.489416]]]},"properties":{"id":"c37afa7bad24","height":null,"num_floors":null,"render_height_m":6.4,"height_label":"assumed"}},{"type":"Feature","geometry":{"type":"Polygon","coordinates":[[[78.316621,17.489431],[78.316547,17.489427],[78.316551,17.489357],[78.316625,17.489361],[78.316621,17.489431]]]},"properties":{"id":"6e8b08e9432f","height":null,"num_floors":null,"render_height_m":6.4,"height_label":"assumed"}},{"type":"Feature","geometry":{"type":"Polygon","coordinates":[[[78.316869,17.489494],[78.316697,17.489484],[78.316704,17.489365],[78.316876,17.489375],[78.316869,17.489494]]]},"properties":{"id":"85de3c31d955","height":null,"num_floors":null,"render_height_m":9.6,"height_label":"assumed"}},{"type":"Feature","geometry":{"type":"Polygon","coordinates":[[[78.317004,17.489525],[78.316897,17.489519],[78.316905,17.489403],[78.317011,17.489409],[78.317004,17.489525]]]},"properties":{"id":"a4ba6cceb8ec","height":null,"num_floors":null,"render_height_m":9.6,"height_label":"assumed"}},{"type":"Feature","geometry":{"type":"Polygon","coordinates":[[[78.317015,17.489735],[78.316942,17.48974],[78.316939,17.489699],[78.317011,17.489693],[78.317015,17.489735]]]},"properties":{"id":"a49b411b77be","height":null,"num_floors":null,"render_height_m":6.4,"height_label":"assumed"}},{"type":"Feature","geometry":{"type":"Polygon","coordinates":[[[78.316989,17.489602],[78.316889,17.489596],[78.316893,17.489535],[78.316993,17.489541],[78.316989,17.489602]]]},"properties":{"id":"b675d9a7c2ec","height":null,"num_floors":null,"render_height_m":6.4,"height_label":"assumed"}},{"type":"Feature","geometry":{"type":"Polygon","coordinates":[[[78.31718,17.489647],[78.317073,17.489648],[78.317071,17.489521],[78.317178,17.489519],[78.31718,17.489647]]]},"properties":{"id":"0687b703549d","height":null,"num_floors":null,"render_height_m":9.6,"height_label":"assumed"}},{"type":"Feature","geometry":{"type":"Polygon","coordinates":[[[78.31716,17.489515],[78.317072,17.48951],[78.317077,17.48942],[78.317166,17.489425],[78.31716,17.489515]]]},"properties":{"id":"dd23261a240d","height":null,"num_floors":null,"render_height_m":9.6,"height_label":"assumed"}},{"type":"Feature","geometry":{"type":"Polygon","coordinates":[[[78.317439,17.489421],[78.31733,17.489433],[78.31732,17.489353],[78.31743,17.489342],[78.317439,17.489421]]]},"properties":{"id":"4ce7d8522e99","height":null,"num_floors":null,"render_height_m":9.6,"height_label":"assumed"}},{"type":"Feature","geometry":{"type":"Polygon","coordinates":[[[78.317465,17.489609],[78.317326,17.489619],[78.317316,17.489485],[78.317455,17.489476],[78.317465,17.489609]]]},"properties":{"id":"c3978931be85","height":null,"num_floors":null,"render_height_m":9.6,"height_label":"assumed"}},{"type":"Feature","geometry":{"type":"Polygon","coordinates":[[[78.317486,17.489762],[78.31736,17.489769],[78.317355,17.48968],[78.317481,17.489674],[78.317486,17.489762]]]},"properties":{"id":"8117383f4ff1","height":null,"num_floors":null,"render_height_m":9.6,"height_label":"assumed"}},{"type":"Feature","geometry":{"type":"Polygon","coordinates":[[[78.317312,17.489631],[78.317195,17.489636],[78.31719,17.489539],[78.317307,17.489533],[78.317312,17.489631]]]},"properties":{"id":"45bb3b09caa4","height":null,"num_floors":null,"render_height_m":9.6,"height_label":"assumed"}},{"type":"Feature","geometry":{"type":"Polygon","coordinates":[[[78.317262,17.489893],[78.31718,17.489897],[78.317169,17.489718],[78.317251,17.489713],[78.317262,17.489893]]]},"properties":{"id":"706dd814db60","height":null,"num_floors":null,"render_height_m":9.6,"height_label":"assumed"}},{"type":"Feature","geometry":{"type":"Polygon","coordinates":[[[78.317346,17.489847],[78.317281,17.489851],[78.317271,17.489697],[78.317337,17.489694],[78.317346,17.489847]]]},"properties":{"id":"ad6e750ba27a","height":null,"num_floors":null,"render_height_m":9.6,"height_label":"assumed"}},{"type":"Feature","geometry":{"type":"Polygon","coordinates":[[[78.317434,17.49005],[78.317296,17.490058],[78.317286,17.489897],[78.317424,17.489889],[78.317434,17.49005]]]},"properties":{"id":"bcaf40a82d0b","height":null,"num_floors":null,"render_height_m":12.8,"height_label":"assumed"}},{"type":"Feature","geometry":{"type":"Polygon","coordinates":[[[78.317025,17.490058],[78.316995,17.490014],[78.317069,17.48997],[78.317098,17.490015],[78.317025,17.490058]]]},"properties":{"id":"245409940147","height":null,"num_floors":null,"render_height_m":6.4,"height_label":"assumed"}},{"type":"Feature","geometry":{"type":"Polygon","coordinates":[[[78.317153,17.489944],[78.317079,17.489968],[78.317062,17.489922],[78.317137,17.489897],[78.317153,17.489944]]]},"properties":{"id":"b6f3df1a59aa","height":null,"num_floors":null,"render_height_m":6.4,"height_label":"assumed"}},{"type":"Feature","geometry":{"type":"Polygon","coordinates":[[[78.317145,17.489885],[78.317081,17.489907],[78.317067,17.48987],[78.317132,17.489849],[78.317145,17.489885]]]},"properties":{"id":"5ec5aa355d32","height":null,"num_floors":null,"render_height_m":6.4,"height_label":"assumed"}},{"type":"Feature","geometry":{"type":"Polygon","coordinates":[[[78.317169,17.489822],[78.317129,17.489825],[78.31712,17.489717],[78.31716,17.489714],[78.317169,17.489822]]]},"properties":{"id":"b5f907afa9e4","height":null,"num_floors":null,"render_height_m":6.4,"height_label":"assumed"}},{"type":"Feature","geometry":{"type":"Polygon","coordinates":[[[78.31713,17.489845],[78.317057,17.489864],[78.317027,17.489754],[78.3171,17.489736],[78.31713,17.489845]]]},"properties":{"id":"5d1071c85a99","height":null,"num_floors":null,"render_height_m":9.6,"height_label":"assumed"}},{"type":"Feature","geometry":{"type":"Polygon","coordinates":[[[78.317031,17.489874],[78.316924,17.489905],[78.316885,17.489782],[78.316991,17.48975],[78.317031,17.489874]]]},"properties":{"id":"3dfd58645e40","height":null,"num_floors":null,"render_height_m":9.6,"height_label":"assumed"}},{"type":"Feature","geometry":{"type":"Polygon","coordinates":[[[78.316942,17.489755],[78.316858,17.489766],[78.316847,17.489694],[78.316931,17.489683],[78.316942,17.489755]]]},"properties":{"id":"acac0ef9e925","height":null,"num_floors":null,"render_height_m":6.4,"height_label":"assumed"}},{"type":"Feature","geometry":{"type":"Polygon","coordinates":[[[78.316899,17.489964],[78.316909,17.489992],[78.316876,17.490003],[78.316866,17.489974],[78.316899,17.489964]]]},"properties":{"id":"0b9858daf544","height":null,"num_floors":null,"render_height_m":6.4,"height_label":"assumed"}},{"type":"Feature","geometry":{"type":"Polygon","coordinates":[[[78.31705,17.489926],[78.316945,17.489967],[78.316925,17.48992],[78.317029,17.489879],[78.31705,17.489926]]]},"properties":{"id":"d9965397c903","height":null,"num_floors":null,"render_height_m":6.4,"height_label":"assumed"}},{"type":"Feature","geometry":{"type":"Polygon","coordinates":[[[78.317067,17.489961],[78.316978,17.490004],[78.31696,17.489973],[78.31705,17.489929],[78.317067,17.489961]]]},"properties":{"id":"24d2e741602a","height":null,"num_floors":null,"render_height_m":6.4,"height_label":"assumed"}},{"type":"Feature","geometry":{"type":"Polygon","coordinates":[[[78.316984,17.490028],[78.316927,17.490064],[78.316888,17.490007],[78.316945,17.489971],[78.316984,17.490028]]]},"properties":{"id":"052ac7c4bd72","height":null,"num_floors":null,"render_height_m":6.4,"height_label":"assumed"}},{"type":"Feature","geometry":{"type":"Polygon","coordinates":[[[78.316943,17.490104],[78.316927,17.490082],[78.316965,17.490056],[78.316982,17.490078],[78.316943,17.490104]]]},"properties":{"id":"72a2147bcda4","height":null,"num_floors":null,"render_height_m":6.4,"height_label":"assumed"}},{"type":"Feature","geometry":{"type":"Polygon","coordinates":[[[78.316891,17.490051],[78.316831,17.490075],[78.316806,17.490017],[78.316866,17.489993],[78.316891,17.490051]]]},"properties":{"id":"1d282768d189","height":null,"num_floors":null,"render_height_m":6.4,"height_label":"assumed"}},{"type":"Feature","geometry":{"type":"Polygon","coordinates":[[[78.316936,17.490133],[78.316869,17.49018],[78.316812,17.490107],[78.31688,17.49006],[78.316936,17.490133]]]},"properties":{"id":"2367b6b70d62","height":null,"num_floors":null,"render_height_m":9.6,"height_label":"assumed"}},{"type":"Feature","geometry":{"type":"Polygon","coordinates":[[[78.31694,17.490245],[78.316883,17.490182],[78.316949,17.490126],[78.317007,17.490188],[78.31694,17.490245]]]},"properties":{"id":"26a8bc75b786","height":null,"num_floors":null,"render_height_m":9.6,"height_label":"assumed"}},{"type":"Feature","geometry":{"type":"Polygon","coordinates":[[[78.317017,17.490285],[78.316981,17.49031],[78.316934,17.49025],[78.316971,17.490225],[78.317017,17.490285]]]},"properties":{"id":"91732e208a60","height":null,"num_floors":null,"render_height_m":6.4,"height_label":"assumed"}},{"type":"Feature","geometry":{"type":"Polygon","coordinates":[[[78.317102,17.490326],[78.317012,17.490394],[78.316995,17.490373],[78.317085,17.490306],[78.317102,17.490326]]]},"properties":{"id":"42495bfa7aca","height":null,"num_floors":null,"render_height_m":6.4,"height_label":"assumed"}},{"type":"Feature","geometry":{"type":"Polygon","coordinates":[[[78.317122,17.490171],[78.31704,17.490226],[78.316958,17.490114],[78.317039,17.49006],[78.317122,17.490171]]]},"properties":{"id":"ef37d9b611ee","height":null,"num_floors":null,"render_height_m":9.6,"height_label":"assumed"}},{"type":"Feature","geometry":{"type":"Polygon","coordinates":[[[78.317185,17.490135],[78.317128,17.490171],[78.31705,17.490058],[78.317106,17.490022],[78.317185,17.490135]]]},"properties":{"id":"92cb17761fe5","height":null,"num_floors":null,"render_height_m":9.6,"height_label":"assumed"}},{"type":"Feature","geometry":{"type":"Polygon","coordinates":[[[78.317287,17.490292],[78.317217,17.490337],[78.317129,17.490213],[78.317199,17.490168],[78.317287,17.490292]]]},"properties":{"id":"b13b81a5550b","height":null,"num_floors":null,"render_height_m":9.6,"height_label":"assumed"}},{"type":"Feature","geometry":{"type":"Polygon","coordinates":[[[78.31736,17.490257],[78.317301,17.490289],[78.317221,17.490158],[78.317279,17.490125],[78.31736,17.490257]]]},"properties":{"id":"42d74d4154cb","height":null,"num_floors":null,"render_height_m":9.6,"height_label":"assumed"}},{"type":"Feature","geometry":{"type":"Polygon","coordinates":[[[78.317518,17.490202],[78.317344,17.490217],[78.317333,17.490108],[78.317508,17.490092],[78.317518,17.490202]]]},"properties":{"id":"3e962093381c","height":null,"num_floors":null,"render_height_m":9.6,"height_label":"assumed"}},{"type":"Feature","geometry":{"type":"Polygon","coordinates":[[[78.317474,17.490399],[78.317504,17.490444],[78.317435,17.490487],[78.317405,17.490442],[78.317474,17.490399]]]},"properties":{"id":"d2a343471ae5","height":null,"num_floors":null,"render_height_m":6.4,"height_label":"assumed"}},{"type":"Feature","geometry":{"type":"Polygon","coordinates":[[[78.317373,17.490386],[78.317229,17.490474],[78.317193,17.490421],[78.317337,17.490333],[78.317373,17.490386]]]},"properties":{"id":"be3f5a9ff331","height":null,"num_floors":null,"render_height_m":9.6,"height_label":"assumed"}},{"type":"Feature","geometry":{"type":"Polygon","coordinates":[[[78.317293,17.490552],[78.317257,17.490503],[78.317368,17.490429],[78.317403,17.490479],[78.317293,17.490552]]]},"properties":{"id":"d5fe3401eae2","height":null,"num_floors":null,"render_height_m":9.6,"height_label":"assumed"}},{"type":"Feature","geometry":{"type":"Polygon","coordinates":[[[78.317509,17.490543],[78.317433,17.490586],[78.317407,17.490544],[78.317483,17.490501],[78.317509,17.490543]]]},"properties":{"id":"2691ab8cec45","height":null,"num_floors":null,"render_height_m":6.4,"height_label":"assumed"}},{"type":"Feature","geometry":{"type":"Polygon","coordinates":[[[78.317569,17.490866],[78.317504,17.49089],[78.317469,17.490804],[78.317431,17.490708],[78.317496,17.490684],[78.317535,17.490782],[78.317569,17.490866]]]},"properties":{"id":"9fbd26f883b4","height":null,"num_floors":null,"render_height_m":9.6,"height_label":"assumed"}},{"type":"Feature","geometry":{"type":"Polygon","coordinates":[[[78.317183,17.49073],[78.317139,17.490759],[78.317113,17.490724],[78.317157,17.490695],[78.317183,17.49073]]]},"properties":{"id":"6e952ccfcf24","height":null,"num_floors":null,"render_height_m":6.4,"height_label":"assumed"}},{"type":"Feature","geometry":{"type":"Polygon","coordinates":[[[78.317087,17.490788],[78.317012,17.490836],[78.316975,17.490783],[78.31705,17.490735],[78.317087,17.490788]]]},"properties":{"id":"87b22954ff9a","height":null,"num_floors":null,"render_height_m":6.4,"height_label":"assumed"}},{"type":"Feature","geometry":{"type":"Polygon","coordinates":[[[78.317076,17.490649],[78.31709,17.490679],[78.317057,17.490694],[78.317042,17.490663],[78.317076,17.490649]]]},"properties":{"id":"37371df4c368","height":null,"num_floors":null,"render_height_m":6.4,"height_label":"assumed"}},{"type":"Feature","geometry":{"type":"Polygon","coordinates":[[[78.317204,17.490527],[78.317109,17.490596],[78.317054,17.490527],[78.317148,17.490458],[78.317204,17.490527]]]},"properties":{"id":"4202edbb0f56","height":null,"num_floors":null,"render_height_m":9.6,"height_label":"assumed"}},{"type":"Feature","geometry":{"type":"Polygon","coordinates":[[[78.31707,17.490509],[78.317019,17.490544],[78.316996,17.490512],[78.316987,17.490518],[78.316959,17.49048],[78.317019,17.49044],[78.31707,17.490509]]]},"properties":{"id":"c15f21a1abdc","height":null,"num_floors":null,"render_height_m":6.4,"height_label":"assumed"}},{"type":"Feature","geometry":{"type":"Polygon","coordinates":[[[78.31686,17.490526],[78.316915,17.490595],[78.316814,17.490669],[78.316751,17.490592],[78.316779,17.490571],[78.316761,17.490549],[78.316797,17.490522],[78.316823,17.490554],[78.31686,17.490526]]]},"properties":{"id":"72e500632085","height":null,"num_floors":null,"render_height_m":9.6,"height_label":"assumed"}},{"type":"Feature","geometry":{"type":"Polygon","coordinates":[[[78.316803,17.49067],[78.316754,17.490705],[78.316683,17.490613],[78.316733,17.490578],[78.316803,17.49067]]]},"properties":{"id":"3a5e99142f14","height":null,"num_floors":null,"render_height_m":9.6,"height_label":"assumed"}},{"type":"Feature","geometry":{"type":"Polygon","coordinates":[[[78.31675,17.490711],[78.316714,17.490738],[78.316641,17.490645],[78.316677,17.490619],[78.31675,17.490711]]]},"properties":{"id":"d05a005e20bc","height":null,"num_floors":null,"render_height_m":6.4,"height_label":"assumed"}},{"type":"Feature","geometry":{"type":"Polygon","coordinates":[[[78.316656,17.490775],[78.316611,17.490806],[78.316541,17.490714],[78.316586,17.490683],[78.316656,17.490775]]]},"properties":{"id":"e6901e4cb621","height":null,"num_floors":null,"render_height_m":6.4,"height_label":"assumed"}},{"type":"Feature","geometry":{"type":"Polygon","coordinates":[[[78.31671,17.490744],[78.316663,17.490777],[78.316588,17.490681],[78.316635,17.490648],[78.31671,17.490744]]]},"properties":{"id":"6c4a1673e433","height":null,"num_floors":null,"render_height_m":9.6,"height_label":"assumed"}},{"type":"Feature","geometry":{"type":"Polygon","coordinates":[[[78.316861,17.490448],[78.316541,17.490692],[78.316387,17.490508],[78.316706,17.490264],[78.316861,17.490448]]]},"properties":{"id":"99ad6fa5f648","height":null,"num_floors":null,"render_height_m":19.2,"height_label":"assumed"}},{"type":"Feature","geometry":{"type":"Polygon","coordinates":[[[78.316847,17.490192],[78.316783,17.490232],[78.316758,17.490195],[78.316823,17.490155],[78.316847,17.490192]]]},"properties":{"id":"d29c455c2245","height":null,"num_floors":null,"render_height_m":6.4,"height_label":"assumed"}},{"type":"Feature","geometry":{"type":"Polygon","coordinates":[[[78.316823,17.490148],[78.316754,17.490189],[78.316729,17.490151],[78.316797,17.49011],[78.316823,17.490148]]]},"properties":{"id":"a4446a6b7544","height":null,"num_floors":null,"render_height_m":6.4,"height_label":"assumed"}},{"type":"Feature","geometry":{"type":"Polygon","coordinates":[[[78.31673,17.490225],[78.316657,17.490271],[78.316582,17.490161],[78.316654,17.490116],[78.31673,17.490225]]]},"properties":{"id":"7ae6253529f8","height":null,"num_floors":null,"render_height_m":9.6,"height_label":"assumed"}},{"type":"Feature","geometry":{"type":"Polygon","coordinates":[[[78.316649,17.490271],[78.316603,17.490305],[78.316525,17.490207],[78.316572,17.490174],[78.316649,17.490271]]]},"properties":{"id":"d8987d09840d","height":null,"num_floors":null,"render_height_m":9.6,"height_label":"assumed"}},{"type":"Feature","geometry":{"type":"Polygon","coordinates":[[[78.316645,17.490096],[78.316548,17.490166],[78.316484,17.490086],[78.316581,17.490016],[78.316645,17.490096]]]},"properties":{"id":"d0438be21902","height":null,"num_floors":null,"render_height_m":9.6,"height_label":"assumed"}},{"type":"Feature","geometry":{"type":"Polygon","coordinates":[[[78.316531,17.490184],[78.316469,17.490223],[78.316424,17.490159],[78.316486,17.49012],[78.316531,17.490184]]]},"properties":{"id":"0730b635e2b6","height":null,"num_floors":null,"render_height_m":6.4,"height_label":"assumed"}},{"type":"Feature","geometry":{"type":"Polygon","coordinates":[[[78.316565,17.490356],[78.316382,17.490495],[78.316295,17.49039],[78.316478,17.490251],[78.316565,17.490356]]]},"properties":{"id":"635e861ac126","height":null,"num_floors":null,"render_height_m":12.8,"height_label":"assumed"}},{"type":"Feature","geometry":{"type":"Polygon","coordinates":[[[78.316463,17.490231],[78.316427,17.490254],[78.31638,17.490187],[78.316416,17.490164],[78.316463,17.490231]]]},"properties":{"id":"3f23874c9fa0","height":null,"num_floors":null,"render_height_m":6.4,"height_label":"assumed"}},{"type":"Feature","geometry":{"type":"Polygon","coordinates":[[[78.316465,17.490126],[78.316416,17.49015],[78.316385,17.490093],[78.316434,17.490069],[78.316465,17.490126]]]},"properties":{"id":"5bbdf3b61d92","height":null,"num_floors":null,"render_height_m":6.4,"height_label":"assumed"}},{"type":"Feature","geometry":{"type":"Polygon","coordinates":[[[78.316343,17.490296],[78.316177,17.490274],[78.316193,17.490164],[78.31636,17.490187],[78.316343,17.490296]]]},"properties":{"id":"a12a8e5202ff","height":null,"num_floors":null,"render_height_m":9.6,"height_label":"assumed"}},{"type":"Feature","geometry":{"type":"Polygon","coordinates":[[[78.316345,17.490157],[78.316193,17.49015],[78.316198,17.490072],[78.316349,17.49008],[78.316345,17.490157]]]},"properties":{"id":"41993cd0fbbb","height":null,"num_floors":null,"render_height_m":9.6,"height_label":"assumed"}},{"type":"Feature","geometry":{"type":"Polygon","coordinates":[[[78.316224,17.490425],[78.316258,17.490396],[78.31631,17.490451],[78.316276,17.490481],[78.316224,17.490425]]]},"properties":{"id":"260f50e92f2c","height":null,"num_floors":null,"render_height_m":6.4,"height_label":"assumed"}},{"type":"Feature","geometry":{"type":"Polygon","coordinates":[[[78.316406,17.490892],[78.316294,17.49083],[78.316409,17.490642],[78.31652,17.490704],[78.316406,17.490892]]]},"properties":{"id":"5cfdb0263359","height":null,"num_floors":null,"render_height_m":12.8,"height_label":"assumed"}},{"type":"Feature","geometry":{"type":"Polygon","coordinates":[[[78.316274,17.490804],[78.316162,17.490738],[78.316247,17.490607],[78.316359,17.490673],[78.316274,17.490804]]]},"properties":{"id":"fe9c1ba7ef46","height":null,"num_floors":null,"render_height_m":9.6,"height_label":"assumed"}},{"type":"Feature","geometry":{"type":"Polygon","coordinates":[[[78.316179,17.490976],[78.316075,17.49091],[78.31615,17.490804],[78.316253,17.490871],[78.316179,17.490976]]]},"properties":{"id":"43873b48738e","height":null,"num_floors":null,"render_height_m":9.6,"height_label":"assumed"}},{"type":"Feature","geometry":{"type":"Polygon","coordinates":[[[78.316316,17.491031],[78.316208,17.490971],[78.316271,17.490869],[78.316379,17.490929],[78.316316,17.491031]]]},"properties":{"id":"69cb7e936aa7","height":null,"num_floors":null,"render_height_m":9.6,"height_label":"assumed"}},{"type":"Feature","geometry":{"type":"Polygon","coordinates":[[[78.316449,17.491056],[78.316347,17.49099],[78.316391,17.49093],[78.316491,17.490994],[78.316449,17.491056]]]},"properties":{"id":"5bd6dc37b9d3","height":null,"num_floors":null,"render_height_m":9.6,"height_label":"assumed"}},{"type":"Feature","geometry":{"type":"Polygon","coordinates":[[[78.316411,17.491108],[78.316312,17.491046],[78.316344,17.491],[78.316443,17.491062],[78.316411,17.491108]]]},"properties":{"id":"a619220d72a3","height":null,"num_floors":null,"render_height_m":6.4,"height_label":"assumed"}},{"type":"Feature","geometry":{"type":"Polygon","coordinates":[[[78.316351,17.491184],[78.316268,17.491134],[78.316318,17.491059],[78.316401,17.491109],[78.316351,17.491184]]]},"properties":{"id":"05ca569ac6c4","height":null,"num_floors":null,"render_height_m":9.6,"height_label":"assumed"}},{"type":"Feature","geometry":{"type":"Polygon","coordinates":[[[78.316262,17.491124],[78.316153,17.491053],[78.316201,17.490985],[78.31631,17.491057],[78.316262,17.491124]]]},"properties":{"id":"c220724a1b6d","height":null,"num_floors":null,"render_height_m":9.6,"height_label":"assumed"}},{"type":"Feature","geometry":{"type":"Polygon","coordinates":[[[78.316213,17.491195],[78.316106,17.49113],[78.316147,17.491069],[78.316254,17.491133],[78.316213,17.491195]]]},"properties":{"id":"ac4dd0ca000f","height":null,"num_floors":null,"render_height_m":9.6,"height_label":"assumed"}},{"type":"Feature","geometry":{"type":"Polygon","coordinates":[[[78.316213,17.491382],[78.316106,17.491316],[78.316128,17.491284],[78.316236,17.491349],[78.316213,17.491382]]]},"properties":{"id":"16f30bed69cc","height":null,"num_floors":null,"render_height_m":6.4,"height_label":"assumed"}},{"type":"Feature","geometry":{"type":"Polygon","coordinates":[[[78.316167,17.491462],[78.316061,17.491396],[78.316103,17.491335],[78.316209,17.491401],[78.316167,17.491462]]]},"properties":{"id":"a2d2ac01a7a0","height":null,"num_floors":null,"render_height_m":9.6,"height_label":"assumed"}},{"type":"Feature","geometry":{"type":"Polygon","coordinates":[[[78.316328,17.491529],[78.316218,17.491468],[78.316277,17.491371],[78.316387,17.491432],[78.316328,17.491529]]]},"properties":{"id":"557700a1bb86","height":null,"num_floors":null,"render_height_m":9.6,"height_label":"assumed"}},{"type":"Feature","geometry":{"type":"Polygon","coordinates":[[[78.316436,17.49146],[78.316297,17.491328],[78.316363,17.49123],[78.316532,17.491334],[78.316436,17.49146]]]},"properties":{"id":"5a51f892a41b","height":null,"num_floors":null,"render_height_m":12.8,"height_label":"assumed"}},{"type":"Feature","geometry":{"type":"Polygon","coordinates":[[[78.316549,17.491323],[78.31638,17.491218],[78.316423,17.491156],[78.316592,17.491261],[78.316549,17.491323]]]},"properties":{"id":"2411a4e13e8d","height":null,"num_floors":null,"render_height_m":9.6,"height_label":"assumed"}},{"type":"Feature","geometry":{"type":"Polygon","coordinates":[[[78.316469,17.49144],[78.31651,17.491484],[78.316491,17.4915],[78.316451,17.491456],[78.316469,17.49144]]]},"properties":{"id":"0a7d4792f139","height":null,"num_floors":null,"render_height_m":6.4,"height_label":"assumed"}},{"type":"Feature","geometry":{"type":"Polygon","coordinates":[[[78.316787,17.491471],[78.316702,17.491414],[78.316764,17.49133],[78.31685,17.491387],[78.316787,17.491471]]]},"properties":{"id":"93112f676fce","height":null,"num_floors":null,"render_height_m":9.6,"height_label":"assumed"}},{"type":"Feature","geometry":{"type":"Polygon","coordinates":[[[78.316641,17.491192],[78.316473,17.491085],[78.316523,17.491014],[78.316691,17.491121],[78.316641,17.491192]]]},"properties":{"id":"e8bf931d3df6","height":null,"num_floors":null,"render_height_m":9.6,"height_label":"assumed"}},{"type":"Feature","geometry":{"type":"Polygon","coordinates":[[[78.316599,17.491257],[78.316441,17.491149],[78.316476,17.491101],[78.316635,17.491209],[78.316599,17.491257]]]},"properties":{"id":"876d26c72e33","height":null,"num_floors":null,"render_height_m":9.6,"height_label":"assumed"}},{"type":"Feature","geometry":{"type":"Polygon","coordinates":[[[78.316689,17.491055],[78.31654,17.49096],[78.316587,17.490894],[78.316735,17.490989],[78.316689,17.491055]]]},"properties":{"id":"5361c6e39130","height":null,"num_floors":null,"render_height_m":9.6,"height_label":"assumed"}},{"type":"Feature","geometry":{"type":"Polygon","coordinates":[[[78.316826,17.490987],[78.316765,17.491027],[78.316629,17.49084],[78.31669,17.490799],[78.316826,17.490987]]]},"properties":{"id":"e8d8a4815839","height":null,"num_floors":null,"render_height_m":9.6,"height_label":"assumed"}},{"type":"Feature","geometry":{"type":"Polygon","coordinates":[[[78.316748,17.490763],[78.316842,17.490897],[78.316816,17.490913],[78.316722,17.490779],[78.316748,17.490763]]]},"properties":{"id":"34a27b5aa695","height":null,"num_floors":null,"render_height_m":6.4,"height_label":"assumed"}},{"type":"Feature","geometry":{"type":"Polygon","coordinates":[[[78.316975,17.490894],[78.316896,17.490946],[78.316751,17.490749],[78.31683,17.490696],[78.316975,17.490894]]]},"properties":{"id":"8c08ccd58ad4","height":null,"num_floors":null,"render_height_m":12.8,"height_label":"assumed"}},{"type":"Feature","geometry":{"type":"Polygon","coordinates":[[[78.316889,17.490949],[78.316834,17.490983],[78.3168,17.490935],[78.316855,17.4909],[78.316889,17.490949]]]},"properties":{"id":"281e73da044a","height":null,"num_floors":null,"render_height_m":6.4,"height_label":"assumed"}},{"type":"Feature","geometry":{"type":"Polygon","coordinates":[[[78.317286,17.49106],[78.31702,17.491217],[78.316897,17.491095],[78.317139,17.490877],[78.317286,17.49106]]]},"properties":{"id":"28bf7e755b72","height":null,"num_floors":null,"render_height_m":12.8,"height_label":"assumed"}},{"type":"Feature","geometry":{"type":"Polygon","coordinates":[[[78.317307,17.490834],[78.317194,17.490909],[78.317143,17.49084],[78.317256,17.490765],[78.317307,17.490834]]]},"properties":{"id":"d7180d99d637","height":null,"num_floors":null,"render_height_m":9.6,"height_label":"assumed"}},{"type":"Feature","geometry":{"type":"Polygon","coordinates":[[[78.317379,17.490943],[78.317439,17.491044],[78.317369,17.491082],[78.317309,17.490982],[78.317379,17.490943]]]},"properties":{"id":"0469a454737a","height":null,"num_floors":null,"render_height_m":9.6,"height_label":"assumed"}},{"type":"Feature","geometry":{"type":"Polygon","coordinates":[[[78.317454,17.491081],[78.317498,17.491179],[78.317448,17.491199],[78.317404,17.491102],[78.317454,17.491081]]]},"properties":{"id":"9e8688bc47ef","height":null,"num_floors":null,"render_height_m":6.4,"height_label":"assumed"}},{"type":"Feature","geometry":{"type":"Polygon","coordinates":[[[78.31738,17.491231],[78.317162,17.491367],[78.317116,17.491301],[78.317097,17.491313],[78.317034,17.491221],[78.317271,17.491073],[78.31738,17.491231]]]},"properties":{"id":"6e12f435adbe","height":null,"num_floors":null,"render_height_m":12.8,"height_label":"assumed"}},{"type":"Feature","geometry":{"type":"Polygon","coordinates":[[[78.317458,17.491351],[78.317231,17.491479],[78.317163,17.49137],[78.31739,17.491242],[78.317458,17.491351]]]},"properties":{"id":"04a503662a59","height":null,"num_floors":null,"render_height_m":12.8,"height_label":"assumed"}},{"type":"Feature","geometry":{"type":"Polygon","coordinates":[[[78.317496,17.49118],[78.317532,17.49126],[78.317485,17.491279],[78.317449,17.4912],[78.317496,17.49118]]]},"properties":{"id":"4bc73561db45","height":null,"num_floors":null,"render_height_m":6.4,"height_label":"assumed"}},{"type":"Feature","geometry":{"type":"Polygon","coordinates":[[[78.317532,17.49126],[78.31755,17.491299],[78.317503,17.491319],[78.317485,17.491279],[78.317532,17.49126]]]},"properties":{"id":"8ea64cfca228","height":null,"num_floors":null,"render_height_m":6.4,"height_label":"assumed"}},{"type":"Feature","geometry":{"type":"Polygon","coordinates":[[[78.317468,17.491413],[78.317494,17.491467],[78.317448,17.491487],[78.317423,17.491434],[78.317468,17.491413]]]},"properties":{"id":"1a4f62f159cb","height":null,"num_floors":null,"render_height_m":6.4,"height_label":"assumed"}},{"type":"Feature","geometry":{"type":"Polygon","coordinates":[[[78.317462,17.491494],[78.317475,17.491521],[78.317423,17.491544],[78.31741,17.491517],[78.317462,17.491494]]]},"properties":{"id":"a3e11518f7a3","height":null,"num_floors":null,"render_height_m":6.4,"height_label":"assumed"}},{"type":"Feature","geometry":{"type":"Polygon","coordinates":[[[78.317416,17.491439],[78.317442,17.491478],[78.317296,17.491566],[78.31727,17.491527],[78.317416,17.491439]]]},"properties":{"id":"fb2d23ac8701","height":null,"num_floors":null,"render_height_m":9.6,"height_label":"assumed"}},{"type":"Feature","geometry":{"type":"Polygon","coordinates":[[[78.317212,17.491493],[78.317088,17.49159],[78.316946,17.491423],[78.31707,17.491327],[78.317212,17.491493]]]},"properties":{"id":"b479d785e551","height":null,"num_floors":null,"render_height_m":12.8,"height_label":"assumed"}},{"type":"Feature","geometry":{"type":"Polygon","coordinates":[[[78.316969,17.491341],[78.316842,17.491201],[78.316884,17.491166],[78.31701,17.491306],[78.316969,17.491341]]]},"properties":{"id":"9c9f7a165580","height":null,"num_floors":null,"render_height_m":9.6,"height_label":"assumed"}},{"type":"Feature","geometry":{"type":"Polygon","coordinates":[[[78.31687,17.491391],[78.316776,17.491324],[78.316841,17.491241],[78.316935,17.491308],[78.31687,17.491391]]]},"properties":{"id":"54f52b6e353a","height":null,"num_floors":null,"render_height_m":9.6,"height_label":"assumed"}},{"type":"Feature","geometry":{"type":"Polygon","coordinates":[[[78.316993,17.491693],[78.316786,17.491495],[78.316874,17.491411],[78.317081,17.491609],[78.316993,17.491693]]]},"properties":{"id":"91a947cf24c7","height":null,"num_floors":null,"render_height_m":12.8,"height_label":"assumed"}},{"type":"Feature","geometry":{"type":"Polygon","coordinates":[[[78.317024,17.492027],[78.31668,17.491765],[78.316776,17.491661],[78.317082,17.491958],[78.317024,17.492027]]]},"properties":{"id":"d3c8b41d39c6","height":null,"num_floors":null,"render_height_m":12.8,"height_label":"assumed"}},{"type":"Feature","geometry":{"type":"Polygon","coordinates":[[[78.317152,17.492014],[78.316701,17.491556],[78.316761,17.491503],[78.317212,17.491961],[78.317152,17.492014]]]},"properties":{"id":"173fc60de2e7","height":null,"num_floors":null,"render_height_m":12.8,"height_label":"assumed"}},{"type":"Feature","geometry":{"type":"Polygon","coordinates":[[[78.317529,17.49174],[78.317285,17.491863],[78.317204,17.491716],[78.317448,17.491593],[78.317529,17.49174]]]},"properties":{"id":"bdee9862cf04","height":null,"num_floors":null,"render_height_m":12.8,"height_label":"assumed"}},{"type":"Feature","geometry":{"type":"Polygon","coordinates":[[[78.316669,17.491751],[78.316524,17.491664],[78.31661,17.491534],[78.316755,17.491621],[78.316669,17.491751]]]},"properties":{"id":"d051e1f7a8f5","height":null,"num_floors":null,"render_height_m":12.8,"height_label":"assumed"}},{"type":"Feature","geometry":{"type":"Polygon","coordinates":[[[78.316569,17.491902],[78.316428,17.491823],[78.316492,17.49172],[78.316633,17.4918],[78.316569,17.491902]]]},"properties":{"id":"27577ff962a2","height":null,"num_floors":null,"render_height_m":9.6,"height_label":"assumed"}},{"type":"Feature","geometry":{"type":"Polygon","coordinates":[[[78.316316,17.491678],[78.316226,17.491907],[78.316107,17.49184],[78.316385,17.491474],[78.316464,17.491519],[78.316316,17.491678]]]},"properties":{"id":"a970982febd3","height":null,"num_floors":null,"render_height_m":12.8,"height_label":"assumed"}},{"type":"Feature","geometry":{"type":"Polygon","coordinates":[[[78.316234,17.491624],[78.316142,17.49157],[78.316201,17.491479],[78.316293,17.491533],[78.316234,17.491624]]]},"properties":{"id":"378747e1bb6b","height":null,"num_floors":null,"render_height_m":9.6,"height_label":"assumed"}},{"type":"Feature","geometry":{"type":"Polygon","coordinates":[[[78.316155,17.49171],[78.316076,17.491667],[78.316129,17.491579],[78.316208,17.491622],[78.316155,17.49171]]]},"properties":{"id":"59ad170802fd","height":null,"num_floors":null,"render_height_m":9.6,"height_label":"assumed"}},{"type":"Feature","geometry":{"type":"Polygon","coordinates":[[[78.315758,17.491852],[78.315686,17.491815],[78.315713,17.491768],[78.315785,17.491805],[78.315758,17.491852]]]},"properties":{"id":"55fe16af098c","height":null,"num_floors":null,"render_height_m":6.4,"height_label":"assumed"}},{"type":"Feature","geometry":{"type":"Polygon","coordinates":[[[78.315488,17.49168],[78.315369,17.491654],[78.315382,17.491602],[78.3155,17.491628],[78.315488,17.49168]]]},"properties":{"id":"a7d1fcc98412","height":null,"num_floors":null,"render_height_m":6.4,"height_label":"assumed"}},{"type":"Feature","geometry":{"type":"Polygon","coordinates":[[[78.31588,17.491679],[78.315781,17.491617],[78.315826,17.491553],[78.315925,17.491615],[78.31588,17.491679]]]},"properties":{"id":"ea4b3749d10d","height":null,"num_floors":null,"render_height_m":9.6,"height_label":"assumed"}},{"type":"Feature","geometry":{"type":"Polygon","coordinates":[[[78.315795,17.491804],[78.315734,17.49177],[78.31579,17.491678],[78.315851,17.491712],[78.315795,17.491804]]]},"properties":{"id":"a5f820bc1668","height":null,"num_floors":null,"render_height_m":9.6,"height_label":"assumed"}},{"type":"Feature","geometry":{"type":"Polygon","coordinates":[[[78.31588,17.491886],[78.315785,17.491826],[78.315828,17.491763],[78.315923,17.491823],[78.31588,17.491886]]]},"properties":{"id":"88e270fbd296","height":null,"num_floors":null,"render_height_m":9.6,"height_label":"assumed"}},{"type":"Feature","geometry":{"type":"Polygon","coordinates":[[[78.316092,17.491823],[78.316,17.491768],[78.316061,17.491676],[78.316153,17.491732],[78.316092,17.491823]]]},"properties":{"id":"b872213725c8","height":null,"num_floors":null,"render_height_m":9.6,"height_label":"assumed"}},{"type":"Feature","geometry":{"type":"Polygon","coordinates":[[[78.315967,17.49175],[78.31588,17.491695],[78.315967,17.491567],[78.316055,17.491622],[78.315967,17.49175]]]},"properties":{"id":"dd4db684831d","height":null,"num_floors":null,"render_height_m":9.6,"height_label":"assumed"}},{"type":"Feature","geometry":{"type":"Polygon","coordinates":[[[78.316062,17.491612],[78.315974,17.491558],[78.316007,17.49151],[78.316094,17.491564],[78.316062,17.491612]]]},"properties":{"id":"8ade3a49c4f8","height":null,"num_floors":null,"render_height_m":6.4,"height_label":"assumed"}},{"type":"Feature","geometry":{"type":"Polygon","coordinates":[[[78.316104,17.491563],[78.316008,17.491505],[78.316039,17.491458],[78.316136,17.491515],[78.316104,17.491563]]]},"properties":{"id":"65db40662567","height":null,"num_floors":null,"render_height_m":6.4,"height_label":"assumed"}},{"type":"Feature","geometry":{"type":"Polygon","coordinates":[[[78.31614,17.491512],[78.316045,17.491452],[78.316074,17.49141],[78.31617,17.49147],[78.31614,17.491512]]]},"properties":{"id":"7c38f10800c3","height":null,"num_floors":null,"render_height_m":6.4,"height_label":"assumed"}},{"type":"Feature","geometry":{"type":"Polygon","coordinates":[[[78.316064,17.491405],[78.316002,17.491496],[78.315942,17.49146],[78.316004,17.491368],[78.316064,17.491405]]]},"properties":{"id":"bdedbae9f02c","height":null,"num_floors":null,"render_height_m":9.6,"height_label":"assumed"}},{"type":"Feature","geometry":{"type":"Polygon","coordinates":[[[78.315934,17.491607],[78.315835,17.491547],[78.315905,17.491443],[78.316004,17.491502],[78.315934,17.491607]]]},"properties":{"id":"676fddae7cc2","height":null,"num_floors":null,"render_height_m":9.6,"height_label":"assumed"}},{"type":"Feature","geometry":{"type":"Polygon","coordinates":[[[78.315822,17.491486],[78.315759,17.491455],[78.315843,17.491303],[78.315905,17.491334],[78.315822,17.491486]]]},"properties":{"id":"2c2c45948e40","height":null,"num_floors":null,"render_height_m":9.6,"height_label":"assumed"}},{"type":"Feature","geometry":{"type":"Polygon","coordinates":[[[78.315943,17.491317],[78.315866,17.491275],[78.315918,17.49119],[78.315994,17.491232],[78.315943,17.491317]]]},"properties":{"id":"889515cbfc4a","height":null,"num_floors":null,"render_height_m":9.6,"height_label":"assumed"}},{"type":"Feature","geometry":{"type":"Polygon","coordinates":[[[78.316046,17.491382],[78.315967,17.491333],[78.31603,17.491241],[78.316109,17.491289],[78.316046,17.491382]]]},"properties":{"id":"6c530fd71f17","height":null,"num_floors":null,"render_height_m":9.6,"height_label":"assumed"}},{"type":"Feature","geometry":{"type":"Polygon","coordinates":[[[78.316031,17.491181],[78.315914,17.491111],[78.315948,17.491059],[78.316065,17.491128],[78.316031,17.491181]]]},"properties":{"id":"af57e54e8e6a","height":null,"num_floors":null,"render_height_m":9.6,"height_label":"assumed"}},{"type":"Feature","geometry":{"type":"Polygon","coordinates":[[[78.31607,17.491106],[78.31596,17.491033],[78.316016,17.490956],[78.316103,17.491014],[78.316076,17.491051],[78.316099,17.491066],[78.31607,17.491106]]]},"properties":{"id":"fc56920fc059","height":null,"num_floors":null,"render_height_m":9.6,"height_label":"assumed"}},{"type":"Feature","geometry":{"type":"Polygon","coordinates":[[[78.3159,17.4909],[78.315752,17.490864],[78.315783,17.49075],[78.315932,17.490786],[78.3159,17.4909]]]},"properties":{"id":"bfda134b4579","height":null,"num_floors":null,"render_height_m":9.6,"height_label":"assumed"}},{"type":"Feature","geometry":{"type":"Polygon","coordinates":[[[78.315811,17.491171],[78.315677,17.49114],[78.31571,17.491009],[78.315844,17.491039],[78.315811,17.491171]]]},"properties":{"id":"adc9f4d43367","height":null,"num_floors":null,"render_height_m":9.6,"height_label":"assumed"}},{"type":"Feature","geometry":{"type":"Polygon","coordinates":[[[78.315671,17.490939],[78.31556,17.490915],[78.315575,17.490852],[78.315687,17.490877],[78.315671,17.490939]]]},"properties":{"id":"d8256484c542","height":null,"num_floors":null,"render_height_m":9.6,"height_label":"assumed"}},{"type":"Feature","geometry":{"type":"Polygon","coordinates":[[[78.315655,17.491],[78.315543,17.490976],[78.315556,17.490922],[78.315667,17.490946],[78.315655,17.491]]]},"properties":{"id":"27962b7a0236","height":null,"num_floors":null,"render_height_m":6.4,"height_label":"assumed"}},{"type":"Feature","geometry":{"type":"Polygon","coordinates":[[[78.315486,17.490972],[78.315362,17.490941],[78.315381,17.490873],[78.315505,17.490904],[78.315486,17.490972]]]},"properties":{"id":"7727fd008276","height":null,"num_floors":null,"render_height_m":9.6,"height_label":"assumed"}},{"type":"Feature","geometry":{"type":"Polygon","coordinates":[[[78.315459,17.491097],[78.315355,17.491076],[78.315381,17.490956],[78.315485,17.490976],[78.315459,17.491097]]]},"properties":{"id":"ff9b610591be","height":null,"num_floors":null,"render_height_m":9.6,"height_label":"assumed"}},{"type":"Feature","geometry":{"type":"Polygon","coordinates":[[[78.31563,17.491066],[78.315523,17.49104],[78.315538,17.490981],[78.315646,17.491007],[78.31563,17.491066]]]},"properties":{"id":"2461cbd15b10","height":null,"num_floors":null,"render_height_m":6.4,"height_label":"assumed"}},{"type":"Feature","geometry":{"type":"Polygon","coordinates":[[[78.315612,17.491135],[78.315499,17.491107],[78.315517,17.491044],[78.31563,17.491072],[78.315612,17.491135]]]},"properties":{"id":"b6c39f866a44","height":null,"num_floors":null,"render_height_m":9.6,"height_label":"assumed"}},{"type":"Feature","geometry":{"type":"Polygon","coordinates":[[[78.315539,17.491429],[78.315429,17.491402],[78.315461,17.491283],[78.315571,17.49131],[78.315539,17.491429]]]},"properties":{"id":"8b1aeda34ef7","height":null,"num_floors":null,"render_height_m":9.6,"height_label":"assumed"}},{"type":"Feature","geometry":{"type":"Polygon","coordinates":[[[78.315586,17.491295],[78.315474,17.491271],[78.315501,17.491157],[78.315613,17.491181],[78.315586,17.491295]]]},"properties":{"id":"50250160e6bd","height":null,"num_floors":null,"render_height_m":9.6,"height_label":"assumed"}},{"type":"Feature","geometry":{"type":"Polygon","coordinates":[[[78.315761,17.491335],[78.315637,17.49131],[78.315665,17.491187],[78.315789,17.491212],[78.315761,17.491335]]]},"properties":{"id":"c4e681e0359e","height":null,"num_floors":null,"render_height_m":9.6,"height_label":"assumed"}},{"type":"Feature","geometry":{"type":"Polygon","coordinates":[[[78.315729,17.491433],[78.31562,17.491405],[78.315638,17.491342],[78.315747,17.49137],[78.315729,17.491433]]]},"properties":{"id":"68987253a108","height":null,"num_floors":null,"render_height_m":9.6,"height_label":"assumed"}},{"type":"Feature","geometry":{"type":"Polygon","coordinates":[[[78.315686,17.491593],[78.31558,17.49157],[78.315615,17.491426],[78.315721,17.49145],[78.315686,17.491593]]]},"properties":{"id":"f9f8db148e4a","height":null,"num_floors":null,"render_height_m":9.6,"height_label":"assumed"}},{"type":"Feature","geometry":{"type":"Polygon","coordinates":[[[78.315517,17.491581],[78.315394,17.491551],[78.315411,17.49149],[78.315534,17.491521],[78.315517,17.491581]]]},"properties":{"id":"6456809912a4","height":null,"num_floors":null,"render_height_m":9.6,"height_label":"assumed"}},{"type":"Feature","geometry":{"type":"Polygon","coordinates":[[[78.315359,17.491577],[78.315302,17.491576],[78.315306,17.491426],[78.315362,17.491427],[78.315359,17.491577]]]},"properties":{"id":"5365d27c6f71","height":null,"num_floors":null,"render_height_m":9.6,"height_label":"assumed"}},{"type":"Feature","geometry":{"type":"Polygon","coordinates":[[[78.315296,17.491327],[78.315381,17.491347],[78.315365,17.491412],[78.315279,17.491393],[78.315296,17.491327]]]},"properties":{"id":"d17aed8fe82d","height":null,"num_floors":null,"render_height_m":6.4,"height_label":"assumed"}},{"type":"Feature","geometry":{"type":"Polygon","coordinates":[[[78.3154,17.491331],[78.315228,17.491297],[78.31524,17.491243],[78.315411,17.491277],[78.3154,17.491331]]]},"properties":{"id":"332fb888bf8c","height":null,"num_floors":null,"render_height_m":9.6,"height_label":"assumed"}},{"type":"Feature","geometry":{"type":"Polygon","coordinates":[[[78.315372,17.491215],[78.315343,17.491207],[78.31536,17.491147],[78.315441,17.491168],[78.315419,17.491248],[78.315367,17.491234],[78.315372,17.491215]]]},"properties":{"id":"fbcb6548beb4","height":null,"num_floors":null,"render_height_m":6.4,"height_label":"assumed"}},{"type":"Feature","geometry":{"type":"Polygon","coordinates":[[[78.315359,17.490931],[78.315233,17.490896],[78.315251,17.490837],[78.315378,17.490872],[78.315359,17.490931]]]},"properties":{"id":"df61c4b2c4ab","height":null,"num_floors":null,"render_height_m":9.6,"height_label":"assumed"}},{"type":"Feature","geometry":{"type":"Polygon","coordinates":[[[78.315328,17.491052],[78.3152,17.491021],[78.315231,17.490904],[78.315359,17.490934],[78.315328,17.491052]]]},"properties":{"id":"f64817413c48","height":null,"num_floors":null,"render_height_m":9.6,"height_label":"assumed"}},{"type":"Feature","geometry":{"type":"Polygon","coordinates":[[[78.315264,17.491237],[78.315183,17.49122],[78.315212,17.491092],[78.315292,17.491109],[78.315264,17.491237]]]},"properties":{"id":"d6df5c29443b","height":null,"num_floors":null,"render_height_m":9.6,"height_label":"assumed"}},{"type":"Feature","geometry":{"type":"Polygon","coordinates":[[[78.315059,17.491082],[78.314946,17.491104],[78.314899,17.490888],[78.315079,17.490852],[78.315089,17.490896],[78.315021,17.490909],[78.315059,17.491082]]]},"properties":{"id":"e71ea8b18006","height":null,"num_floors":null,"render_height_m":12.8,"height_label":"assumed"}},{"type":"Feature","geometry":{"type":"Polygon","coordinates":[[[78.31489,17.490853],[78.314904,17.490916],[78.314832,17.490931],[78.314818,17.490868],[78.31489,17.490853]]]},"properties":{"id":"c8f614d58036","height":null,"num_floors":null,"render_height_m":6.4,"height_label":"assumed"}},{"type":"Feature","geometry":{"type":"Polygon","coordinates":[[[78.314906,17.491112],[78.314766,17.491136],[78.314733,17.490955],[78.314873,17.490932],[78.314906,17.491112]]]},"properties":{"id":"c69315d3cb36","height":null,"num_floors":null,"render_height_m":12.8,"height_label":"assumed"}},{"type":"Feature","geometry":{"type":"Polygon","coordinates":[[[78.314834,17.491194],[78.314867,17.491197],[78.314865,17.491224],[78.314831,17.491221],[78.314834,17.491194]]]},"properties":{"id":"25969a428302","height":null,"num_floors":null,"render_height_m":6.4,"height_label":"assumed"}},{"type":"Feature","geometry":{"type":"Polygon","coordinates":[[[78.315007,17.491549],[78.314953,17.49156],[78.314879,17.491224],[78.314933,17.491213],[78.315007,17.491549]]]},"properties":{"id":"029abbab44b5","height":null,"num_floors":null,"render_height_m":9.6,"height_label":"assumed"}},{"type":"Feature","geometry":{"type":"Polygon","coordinates":[[[78.315111,17.491529],[78.31505,17.49154],[78.314985,17.491216],[78.315046,17.491205],[78.315111,17.491529]]]},"properties":{"id":"d77a400e33b4","height":null,"num_floors":null,"render_height_m":9.6,"height_label":"assumed"}},{"type":"Feature","geometry":{"type":"Polygon","coordinates":[[[78.3149,17.491572],[78.31485,17.491582],[78.314776,17.491249],[78.314827,17.491238],[78.3149,17.491572]]]},"properties":{"id":"96b438d9c20a","height":null,"num_floors":null,"render_height_m":9.6,"height_label":"assumed"}},{"type":"Feature","geometry":{"type":"Polygon","coordinates":[[[78.314801,17.491594],[78.314753,17.491603],[78.314685,17.491274],[78.314732,17.491265],[78.314801,17.491594]]]},"properties":{"id":"598e67e418d2","height":null,"num_floors":null,"render_height_m":9.6,"height_label":"assumed"}},{"type":"Feature","geometry":{"type":"Polygon","coordinates":[[[78.314693,17.491655],[78.314724,17.491653],[78.314727,17.491681],[78.314695,17.491684],[78.314693,17.491655]]]},"properties":{"id":"107a6f700a89","height":null,"num_floors":null,"render_height_m":6.4,"height_label":"assumed"}},{"type":"Feature","geometry":{"type":"Polygon","coordinates":[[[78.314851,17.491713],[78.314859,17.491744],[78.314807,17.491756],[78.314799,17.491725],[78.314851,17.491713]]]},"properties":{"id":"7889940719ca","height":null,"num_floors":null,"render_height_m":6.4,"height_label":"assumed"}},{"type":"Feature","geometry":{"type":"Polygon","coordinates":[[[78.314963,17.491916],[78.314888,17.491937],[78.31485,17.491819],[78.314925,17.491798],[78.314963,17.491916]]]},"properties":{"id":"4bff98384933","height":null,"num_floors":null,"render_height_m":9.6,"height_label":"assumed"}},{"type":"Feature","geometry":{"type":"Polygon","coordinates":[[[78.315019,17.491643],[78.315024,17.491665],[78.314963,17.491678],[78.314958,17.491655],[78.315019,17.491643]]]},"properties":{"id":"b38f865a45ba","height":null,"num_floors":null,"render_height_m":6.4,"height_label":"assumed"}},{"type":"Feature","geometry":{"type":"Polygon","coordinates":[[[78.315356,17.491698],[78.315419,17.49169],[78.315425,17.491737],[78.315362,17.491745],[78.315356,17.491698]]]},"properties":{"id":"35e952bf4bf5","height":null,"num_floors":null,"render_height_m":6.4,"height_label":"assumed"}},{"type":"Feature","geometry":{"type":"Polygon","coordinates":[[[78.31536,17.491737],[78.315404,17.491735],[78.315406,17.491772],[78.315362,17.491775],[78.31536,17.491737]]]},"properties":{"id":"7c5d46b4f45d","height":null,"num_floors":null,"render_height_m":6.4,"height_label":"assumed"}},{"type":"Feature","geometry":{"type":"Polygon","coordinates":[[[78.315141,17.491749],[78.315198,17.49173],[78.31527,17.491926],[78.315213,17.491945],[78.315141,17.491749]]]},"properties":{"id":"0a0b87bff11b","height":null,"num_floors":null,"render_height_m":9.6,"height_label":"assumed"}},{"type":"Feature","geometry":{"type":"Polygon","coordinates":[[[78.318445,17.491668],[78.318352,17.491678],[78.318339,17.491583],[78.318433,17.491572],[78.318445,17.491668]]]},"properties":{"id":"148a6392d87a","height":null,"num_floors":null,"render_height_m":9.6,"height_label":"assumed"}},{"type":"Feature","geometry":{"type":"Polygon","coordinates":[[[78.318378,17.491709],[78.318389,17.491757],[78.318338,17.491768],[78.318327,17.491719],[78.318378,17.491709]]]},"properties":{"id":"39d363eb75d6","height":null,"num_floors":null,"render_height_m":6.4,"height_label":"assumed"}},{"type":"Feature","geometry":{"type":"Polygon","coordinates":[[[78.318417,17.491783],[78.318421,17.491805],[78.318359,17.491815],[78.318356,17.491793],[78.318417,17.491783]]]},"properties":{"id":"c3d5dd6819eb","height":null,"num_floors":null,"render_height_m":6.4,"height_label":"assumed"}},{"type":"Feature","geometry":{"type":"Polygon","coordinates":[[[78.31846,17.491855],[78.318312,17.491886],[78.318301,17.49184],[78.318449,17.491809],[78.31846,17.491855]]]},"properties":{"id":"5f8b86dd6791","height":null,"num_floors":null,"render_height_m":9.6,"height_label":"assumed"}},{"type":"Feature","geometry":{"type":"Polygon","coordinates":[[[78.317819,17.491806],[78.317794,17.491767],[78.317894,17.491711],[78.317918,17.491747],[78.317819,17.491806]]]},"properties":{"id":"dda924684a3e","height":null,"num_floors":null,"render_height_m":6.4,"height_label":"assumed"}},{"type":"Feature","geometry":{"type":"Polygon","coordinates":[[[78.317817,17.491593],[78.317552,17.491728],[78.317458,17.491561],[78.317723,17.491425],[78.317817,17.491593]]]},"properties":{"id":"66d1c14dab2c","height":null,"num_floors":null,"render_height_m":12.8,"height_label":"assumed"}},{"type":"Feature","geometry":{"type":"Polygon","coordinates":[[[78.317917,17.491713],[78.31784,17.491583],[78.317914,17.491544],[78.31799,17.491674],[78.317917,17.491713]]]},"properties":{"id":"f607834f2974","height":null,"num_floors":null,"render_height_m":9.6,"height_label":"assumed"}},{"type":"Feature","geometry":{"type":"Polygon","coordinates":[[[78.318105,17.491866],[78.318049,17.491889],[78.318016,17.491814],[78.318072,17.491792],[78.318105,17.491866]]]},"properties":{"id":"f247ead5cac8","height":null,"num_floors":null,"render_height_m":6.4,"height_label":"assumed"}},{"type":"Feature","geometry":{"type":"Polygon","coordinates":[[[78.31819,17.491847],[78.318116,17.49186],[78.318088,17.491722],[78.318162,17.491708],[78.31819,17.491847]]]},"properties":{"id":"2e974adbd23e","height":null,"num_floors":null,"render_height_m":9.6,"height_label":"assumed"}},{"type":"Feature","geometry":{"type":"Polygon","coordinates":[[[78.318324,17.491719],[78.318186,17.491751],[78.318168,17.491682],[78.318306,17.49165],[78.318324,17.491719]]]},"properties":{"id":"8b6dc22e9229","height":null,"num_floors":null,"render_height_m":9.6,"height_label":"assumed"}},{"type":"Feature","geometry":{"type":"Polygon","coordinates":[[[78.31808,17.491571],[78.31798,17.4914],[78.318091,17.491341],[78.318191,17.491511],[78.31808,17.491571]]]},"properties":{"id":"8bb9414c0287","height":null,"num_floors":null,"render_height_m":12.8,"height_label":"assumed"}},{"type":"Feature","geometry":{"type":"Polygon","coordinates":[[[78.318154,17.491283],[78.317876,17.491414],[78.317839,17.491342],[78.317782,17.491369],[78.317717,17.491243],[78.318051,17.491086],[78.318154,17.491283]]]},"properties":{"id":"7ce117ed09a6","height":null,"num_floors":null,"render_height_m":19.2,"height_label":"assumed"}},{"type":"Feature","geometry":{"type":"Polygon","coordinates":[[[78.31752,17.491163],[78.317566,17.491157],[78.317577,17.491237],[78.31755,17.49124],[78.31752,17.491163]]]},"properties":{"id":"d927e5c58a64","height":null,"num_floors":null,"render_height_m":6.4,"height_label":"assumed"}},{"type":"Feature","geometry":{"type":"Polygon","coordinates":[[[78.317768,17.491042],[78.3175,17.491152],[78.317417,17.490967],[78.317685,17.490857],[78.317768,17.491042]]]},"properties":{"id":"1d26290defc1","height":null,"num_floors":null,"render_height_m":12.8,"height_label":"assumed"}},{"type":"Feature","geometry":{"type":"Polygon","coordinates":[[[78.31785,17.490969],[78.317868,17.490964],[78.317886,17.49102],[78.317867,17.491025],[78.31785,17.490969]]]},"properties":{"id":"b53e84e4336b","height":null,"num_floors":null,"render_height_m":6.4,"height_label":"assumed"}},{"type":"Feature","geometry":{"type":"Polygon","coordinates":[[[78.317808,17.490833],[78.317828,17.490828],[78.317843,17.490885],[78.317823,17.49089],[78.317808,17.490833]]]},"properties":{"id":"1c77e5db1357","height":null,"num_floors":null,"render_height_m":6.4,"height_label":"assumed"}},{"type":"Feature","geometry":{"type":"Polygon","coordinates":[[[78.317968,17.490941],[78.317877,17.49095],[78.31786,17.490789],[78.317951,17.490781],[78.317968,17.490941]]]},"properties":{"id":"5156cbec9c4f","height":null,"num_floors":null,"render_height_m":9.6,"height_label":"assumed"}},{"type":"Feature","geometry":{"type":"Polygon","coordinates":[[[78.318152,17.490947],[78.317995,17.49096],[78.31798,17.490789],[78.318136,17.490776],[78.318152,17.490947]]]},"properties":{"id":"2257168e755b","height":null,"num_floors":null,"render_height_m":12.8,"height_label":"assumed"}},{"type":"Feature","geometry":{"type":"Polygon","coordinates":[[[78.318444,17.491208],[78.318267,17.49122],[78.318237,17.490836],[78.318415,17.490824],[78.318444,17.491208]]]},"properties":{"id":"f0102debaf0f","height":null,"num_floors":null,"render_height_m":19.2,"height_label":"assumed"}},{"type":"Feature","geometry":{"type":"Polygon","coordinates":[[[78.318411,17.491562],[78.318292,17.491577],[78.318254,17.491308],[78.318374,17.491292],[78.318411,17.491562]]]},"properties":{"id":"129cfd69ef1a","height":null,"num_floors":null,"render_height_m":12.8,"height_label":"assumed"}},{"type":"Feature","geometry":{"type":"Polygon","coordinates":[[[78.318458,17.490373],[78.318333,17.490398],[78.318316,17.490319],[78.318441,17.490294],[78.318458,17.490373]]]},"properties":{"id":"5f000f103cb1","height":null,"num_floors":null,"render_height_m":9.6,"height_label":"assumed"}},{"type":"Feature","geometry":{"type":"Polygon","coordinates":[[[78.318473,17.490456],[78.318356,17.490479],[78.318342,17.490413],[78.318458,17.490389],[78.318473,17.490456]]]},"properties":{"id":"f4427b8bda67","height":null,"num_floors":null,"render_height_m":9.6,"height_label":"assumed"}},{"type":"Feature","geometry":{"type":"Polygon","coordinates":[[[78.318334,17.490485],[78.318226,17.490511],[78.31819,17.490375],[78.318297,17.490348],[78.318334,17.490485]]]},"properties":{"id":"4524a6cd3fcf","height":null,"num_floors":null,"render_height_m":9.6,"height_label":"assumed"}},{"type":"Feature","geometry":{"type":"Polygon","coordinates":[[[78.318376,17.490597],[78.318269,17.490618],[78.318247,17.490517],[78.318355,17.490496],[78.318376,17.490597]]]},"properties":{"id":"8ab1aca95f35","height":null,"num_floors":null,"render_height_m":9.6,"height_label":"assumed"}},{"type":"Feature","geometry":{"type":"Polygon","coordinates":[[[78.318455,17.490585],[78.318386,17.490599],[78.318364,17.490497],[78.318433,17.490483],[78.318455,17.490585]]]},"properties":{"id":"b71b5c679f4b","height":null,"num_floors":null,"render_height_m":9.6,"height_label":"assumed"}},{"type":"Feature","geometry":{"type":"Polygon","coordinates":[[[78.318411,17.490765],[78.318351,17.490771],[78.318333,17.490619],[78.318393,17.490613],[78.318411,17.490765]]]},"properties":{"id":"29cf79c0da64","height":null,"num_floors":null,"render_height_m":9.6,"height_label":"assumed"}},{"type":"Feature","geometry":{"type":"Polygon","coordinates":[[[78.318344,17.490769],[78.318303,17.490776],[78.318274,17.490633],[78.318315,17.490626],[78.318344,17.490769]]]},"properties":{"id":"1609f7d3f9eb","height":null,"num_floors":null,"render_height_m":6.4,"height_label":"assumed"}},{"type":"Feature","geometry":{"type":"Polygon","coordinates":[[[78.318197,17.490535],[78.318091,17.490554],[78.318065,17.490424],[78.31817,17.490405],[78.318197,17.490535]]]},"properties":{"id":"744ba84a1d70","height":null,"num_floors":null,"render_height_m":9.6,"height_label":"assumed"}},{"type":"Feature","geometry":{"type":"Polygon","coordinates":[[[78.318086,17.490612],[78.317994,17.490634],[78.317979,17.490576],[78.318071,17.490554],[78.318086,17.490612]]]},"properties":{"id":"e689ce213376","height":null,"num_floors":null,"render_height_m":6.4,"height_label":"assumed"}},{"type":"Feature","geometry":{"type":"Polygon","coordinates":[[[78.318078,17.490542],[78.317974,17.490561],[78.317952,17.490455],[78.318057,17.490436],[78.318078,17.490542]]]},"properties":{"id":"c77405d1c5aa","height":null,"num_floors":null,"render_height_m":9.6,"height_label":"assumed"}},{"type":"Feature","geometry":{"type":"Polygon","coordinates":[[[78.318116,17.490695],[78.318005,17.490718],[78.317988,17.490643],[78.318099,17.49062],[78.318116,17.490695]]]},"properties":{"id":"8625e12175fe","height":null,"num_floors":null,"render_height_m":9.6,"height_label":"assumed"}},{"type":"Feature","geometry":{"type":"Polygon","coordinates":[[[78.317952,17.490741],[78.317989,17.490734],[78.318,17.490784],[78.317962,17.490792],[78.317952,17.490741]]]},"properties":{"id":"bb5ef0322be7","height":null,"num_floors":null,"render_height_m":6.4,"height_label":"assumed"}},{"type":"Feature","geometry":{"type":"Polygon","coordinates":[[[78.317846,17.490659],[78.317723,17.490691],[78.317678,17.490534],[78.317802,17.490503],[78.317846,17.490659]]]},"properties":{"id":"cb57b71c3b41","height":null,"num_floors":null,"render_height_m":9.6,"height_label":"assumed"}},{"type":"Feature","geometry":{"type":"Polygon","coordinates":[[[78.317964,17.490596],[78.317854,17.490623],[78.317821,17.490503],[78.317932,17.490476],[78.317964,17.490596]]]},"properties":{"id":"e9f64133ee31","height":null,"num_floors":null,"render_height_m":9.6,"height_label":"assumed"}},{"type":"Feature","geometry":{"type":"Polygon","coordinates":[[[78.317836,17.490402],[78.317794,17.490415],[78.317763,17.490319],[78.317805,17.490307],[78.317836,17.490402]]]},"properties":{"id":"bb200aa25529","height":null,"num_floors":null,"render_height_m":6.4,"height_label":"assumed"}},{"type":"Feature","geometry":{"type":"Polygon","coordinates":[[[78.31765,17.490427],[78.317544,17.49047],[78.317474,17.490313],[78.31758,17.49027],[78.31765,17.490427]]]},"properties":{"id":"c8685431a3f8","height":null,"num_floors":null,"render_height_m":9.6,"height_label":"assumed"}},{"type":"Feature","geometry":{"type":"Polygon","coordinates":[[[78.317765,17.490421],[78.317666,17.490451],[78.317598,17.490247],[78.317697,17.490217],[78.317765,17.490421]]]},"properties":{"id":"0b7a3e044ee7","height":null,"num_floors":null,"render_height_m":12.8,"height_label":"assumed"}},{"type":"Feature","geometry":{"type":"Polygon","coordinates":[[[78.31777,17.490146],[78.3177,17.490166],[78.317664,17.490052],[78.317733,17.490032],[78.31777,17.490146]]]},"properties":{"id":"a2b6aaf16f52","height":null,"num_floors":null,"render_height_m":9.6,"height_label":"assumed"}},{"type":"Feature","geometry":{"type":"Polygon","coordinates":[[[78.317809,17.490217],[78.317728,17.49024],[78.317707,17.490176],[78.317788,17.490152],[78.317809,17.490217]]]},"properties":{"id":"9d6c5a41f294","height":null,"num_floors":null,"render_height_m":6.4,"height_label":"assumed"}},{"type":"Feature","geometry":{"type":"Polygon","coordinates":[[[78.317825,17.490288],[78.317755,17.490312],[78.317733,17.490252],[78.317803,17.490228],[78.317825,17.490288]]]},"properties":{"id":"725c29113f4c","height":null,"num_floors":null,"render_height_m":6.4,"height_label":"assumed"}},{"type":"Feature","geometry":{"type":"Polygon","coordinates":[[[78.318022,17.490134],[78.317909,17.490166],[78.317877,17.490065],[78.317989,17.490032],[78.318022,17.490134]]]},"properties":{"id":"cd4d3d559e58","height":null,"num_floors":null,"render_height_m":9.6,"height_label":"assumed"}},{"type":"Feature","geometry":{"type":"Polygon","coordinates":[[[78.31807,17.49016],[78.318081,17.490212],[78.318036,17.490221],[78.318025,17.490169],[78.31807,17.49016]]]},"properties":{"id":"f97c32156e1e","height":null,"num_floors":null,"render_height_m":6.4,"height_label":"assumed"}},{"type":"Feature","geometry":{"type":"Polygon","coordinates":[[[78.317947,17.490303],[78.317885,17.490326],[78.317868,17.490276],[78.317997,17.490232],[78.318018,17.490286],[78.317947,17.490303]]]},"properties":{"id":"5de11a4122ec","height":3.2,"num_floors":1,"render_height_m":3.2,"height_label":"estimated"}},{"type":"Feature","geometry":{"type":"Polygon","coordinates":[[[78.318269,17.490206],[78.318279,17.490237],[78.318185,17.490267],[78.318174,17.490237],[78.318269,17.490206]]]},"properties":{"id":"981bead34cc8","height":null,"num_floors":null,"render_height_m":6.4,"height_label":"assumed"}},{"type":"Feature","geometry":{"type":"Polygon","coordinates":[[[78.318231,17.490199],[78.318122,17.490238],[78.318104,17.490194],[78.318214,17.490154],[78.318231,17.490199]]]},"properties":{"id":"91b0a03f2360","height":null,"num_floors":null,"render_height_m":6.4,"height_label":"assumed"}},{"type":"Feature","geometry":{"type":"Polygon","coordinates":[[[78.318215,17.490135],[78.318104,17.490175],[78.318087,17.49013],[78.318198,17.49009],[78.318215,17.490135]]]},"properties":{"id":"b12762484fd6","height":null,"num_floors":null,"render_height_m":6.4,"height_label":"assumed"}},{"type":"Feature","geometry":{"type":"Polygon","coordinates":[[[78.318205,17.490057],[78.318082,17.490102],[78.318046,17.490012],[78.318169,17.489968],[78.318205,17.490057]]]},"properties":{"id":"6c2bf23d9e55","height":null,"num_floors":null,"render_height_m":9.6,"height_label":"assumed"}},{"type":"Feature","geometry":{"type":"Polygon","coordinates":[[[78.318167,17.489958],[78.318042,17.490003],[78.318024,17.489955],[78.318148,17.489911],[78.318167,17.489958]]]},"properties":{"id":"6bb6033d1f2f","height":null,"num_floors":null,"render_height_m":6.4,"height_label":"assumed"}},{"type":"Feature","geometry":{"type":"Polygon","coordinates":[[[78.318276,17.489926],[78.318177,17.48996],[78.318147,17.489883],[78.318247,17.489849],[78.318276,17.489926]]]},"properties":{"id":"33236cfac91d","height":null,"num_floors":null,"render_height_m":9.6,"height_label":"assumed"}},{"type":"Feature","geometry":{"type":"Polygon","coordinates":[[[78.318139,17.489895],[78.318018,17.489939],[78.318002,17.489898],[78.318123,17.489854],[78.318139,17.489895]]]},"properties":{"id":"a38dff797ccc","height":null,"num_floors":null,"render_height_m":6.4,"height_label":"assumed"}},{"type":"Feature","geometry":{"type":"Polygon","coordinates":[[[78.317994,17.48988],[78.317961,17.489777],[78.31809,17.48974],[78.318122,17.489843],[78.317994,17.48988]]]},"properties":{"id":"b6f820a5d2fc","height":null,"num_floors":null,"render_height_m":9.6,"height_label":"assumed"}},{"type":"Feature","geometry":{"type":"Polygon","coordinates":[[[78.318048,17.48974],[78.317966,17.489767],[78.31795,17.489723],[78.318032,17.489696],[78.318048,17.48974]]]},"properties":{"id":"9d82c5549836","height":null,"num_floors":null,"render_height_m":6.4,"height_label":"assumed"}},{"type":"Feature","geometry":{"type":"Polygon","coordinates":[[[78.317926,17.489858],[78.317888,17.48987],[78.317872,17.489821],[78.31791,17.489809],[78.317926,17.489858]]]},"properties":{"id":"7dbdc69ad5a1","height":null,"num_floors":null,"render_height_m":6.4,"height_label":"assumed"}},{"type":"Feature","geometry":{"type":"Polygon","coordinates":[[[78.317982,17.489923],[78.317926,17.489941],[78.317906,17.489883],[78.317962,17.489865],[78.317982,17.489923]]]},"properties":{"id":"c5a2920f166e","height":null,"num_floors":null,"render_height_m":6.4,"height_label":"assumed"}},{"type":"Feature","geometry":{"type":"Polygon","coordinates":[[[78.317931,17.490035],[78.317761,17.490085],[78.317738,17.490013],[78.317908,17.489963],[78.317931,17.490035]]]},"properties":{"id":"e45ebe50bacb","height":null,"num_floors":null,"render_height_m":9.6,"height_label":"assumed"}},{"type":"Feature","geometry":{"type":"Polygon","coordinates":[[[78.31778,17.489933],[78.317702,17.489961],[78.317682,17.48991],[78.31776,17.489882],[78.31778,17.489933]]]},"properties":{"id":"a8439f2ba90f","height":null,"num_floors":null,"render_height_m":6.4,"height_label":"assumed"}},{"type":"Feature","geometry":{"type":"Polygon","coordinates":[[[78.317679,17.490045],[78.317566,17.490057],[78.317555,17.489964],[78.317668,17.489952],[78.317679,17.490045]]]},"properties":{"id":"97c333fa2484","height":null,"num_floors":null,"render_height_m":9.6,"height_label":"assumed"}},{"type":"Feature","geometry":{"type":"Polygon","coordinates":[[[78.317685,17.489895],[78.317564,17.489906],[78.317558,17.489847],[78.317679,17.489835],[78.317685,17.489895]]]},"properties":{"id":"42062f71b706","height":null,"num_floors":null,"render_height_m":9.6,"height_label":"assumed"}},{"type":"Feature","geometry":{"type":"Polygon","coordinates":[[[78.317566,17.489835],[78.317531,17.489836],[78.317526,17.489693],[78.317562,17.489692],[78.317566,17.489835]]]},"properties":{"id":"a007de3f0845","height":null,"num_floors":null,"render_height_m":6.4,"height_label":"assumed"}},{"type":"Feature","geometry":{"type":"Polygon","coordinates":[[[78.317623,17.489829],[78.317576,17.489832],[78.317567,17.48967],[78.317613,17.489667],[78.317623,17.489829]]]},"properties":{"id":"87560ac38dac","height":null,"num_floors":null,"render_height_m":9.6,"height_label":"assumed"}},{"type":"Feature","geometry":{"type":"Polygon","coordinates":[[[78.317687,17.489828],[78.317638,17.489831],[78.317634,17.489762],[78.317682,17.489759],[78.317687,17.489828]]]},"properties":{"id":"6a791e5faeab","height":null,"num_floors":null,"render_height_m":6.4,"height_label":"assumed"}},{"type":"Feature","geometry":{"type":"Polygon","coordinates":[[[78.317882,17.489911],[78.317807,17.489934],[78.317786,17.489869],[78.31786,17.489847],[78.317882,17.489911]]]},"properties":{"id":"8e8c3d12b796","height":null,"num_floors":null,"render_height_m":6.4,"height_label":"assumed"}},{"type":"Feature","geometry":{"type":"Polygon","coordinates":[[[78.31779,17.489754],[78.317853,17.489755],[78.317852,17.489791],[78.317789,17.489791],[78.31779,17.489754]]]},"properties":{"id":"bc66397cf74a","height":null,"num_floors":null,"render_height_m":6.4,"height_label":"assumed"}},{"type":"Feature","geometry":{"type":"Polygon","coordinates":[[[78.317908,17.489719],[78.317791,17.489729],[78.317787,17.489689],[78.317905,17.489679],[78.317908,17.489719]]]},"properties":{"id":"5f61c5bb4a21","height":null,"num_floors":null,"render_height_m":6.4,"height_label":"assumed"}},{"type":"Feature","geometry":{"type":"Polygon","coordinates":[[[78.317789,17.489599],[78.317836,17.489594],[78.317843,17.489651],[78.317796,17.489657],[78.317789,17.489599]]]},"properties":{"id":"da61da53cc60","height":null,"num_floors":null,"render_height_m":6.4,"height_label":"assumed"}},{"type":"Feature","geometry":{"type":"Polygon","coordinates":[[[78.317728,17.489734],[78.317626,17.489744],[78.317617,17.489664],[78.31772,17.489654],[78.317728,17.489734]]]},"properties":{"id":"0c8124bd08c3","height":null,"num_floors":null,"render_height_m":9.6,"height_label":"assumed"}},{"type":"Feature","geometry":{"type":"Polygon","coordinates":[[[78.317541,17.489588],[78.317531,17.48949],[78.317636,17.48948],[78.317647,17.489577],[78.317541,17.489588]]]},"properties":{"id":"c2f1140b69e0","height":null,"num_floors":null,"render_height_m":9.6,"height_label":"assumed"}},{"type":"Feature","geometry":{"type":"Polygon","coordinates":[[[78.317657,17.489462],[78.317531,17.489476],[78.317515,17.489347],[78.317641,17.489333],[78.317657,17.489462]]]},"properties":{"id":"65d2f71e2550","height":null,"num_floors":null,"render_height_m":9.6,"height_label":"assumed"}},{"type":"Feature","geometry":{"type":"Polygon","coordinates":[[[78.317819,17.489555],[78.317684,17.489563],[78.317676,17.489454],[78.317812,17.489446],[78.317819,17.489555]]]},"properties":{"id":"14436dd817b0","height":null,"num_floors":null,"render_height_m":9.6,"height_label":"assumed"}},{"type":"Feature","geometry":{"type":"Polygon","coordinates":[[[78.318072,17.489415],[78.317926,17.489422],[78.317921,17.489331],[78.318068,17.489325],[78.318072,17.489415]]]},"properties":{"id":"78a740811a08","height":null,"num_floors":null,"render_height_m":9.6,"height_label":"assumed"}},{"type":"Feature","geometry":{"type":"Polygon","coordinates":[[[78.318088,17.489523],[78.317937,17.489535],[78.317928,17.489434],[78.31808,17.489422],[78.318088,17.489523]]]},"properties":{"id":"277e1fcdf08c","height":null,"num_floors":null,"render_height_m":9.6,"height_label":"assumed"}},{"type":"Feature","geometry":{"type":"Polygon","coordinates":[[[78.318025,17.489641],[78.317947,17.489657],[78.317932,17.489591],[78.318011,17.489575],[78.318025,17.489641]]]},"properties":{"id":"cf7680f45923","height":null,"num_floors":null,"render_height_m":6.4,"height_label":"assumed"}},{"type":"Feature","geometry":{"type":"Polygon","coordinates":[[[78.318021,17.489696],[78.317951,17.489714],[78.317938,17.489669],[78.318008,17.489651],[78.318021,17.489696]]]},"properties":{"id":"6577e9ecf1a7","height":null,"num_floors":null,"render_height_m":6.4,"height_label":"assumed"}},{"type":"Feature","geometry":{"type":"Polygon","coordinates":[[[78.318116,17.489626],[78.318042,17.489642],[78.318025,17.489573],[78.318099,17.489556],[78.318116,17.489626]]]},"properties":{"id":"07d59031ed0b","height":null,"num_floors":null,"render_height_m":6.4,"height_label":"assumed"}},{"type":"Feature","geometry":{"type":"Polygon","coordinates":[[[78.318228,17.489608],[78.318136,17.48964],[78.318105,17.489556],[78.318197,17.489525],[78.318228,17.489608]]]},"properties":{"id":"9d02c9ccbf52","height":null,"num_floors":null,"render_height_m":9.6,"height_label":"assumed"}},{"type":"Feature","geometry":{"type":"Polygon","coordinates":[[[78.318139,17.489676],[78.318068,17.489692],[78.318057,17.489647],[78.318129,17.489631],[78.318139,17.489676]]]},"properties":{"id":"e9e06dc0adfc","height":null,"num_floors":null,"render_height_m":6.4,"height_label":"assumed"}},{"type":"Feature","geometry":{"type":"Polygon","coordinates":[[[78.318236,17.489697],[78.318169,17.48972],[78.318145,17.489656],[78.318213,17.489634],[78.318236,17.489697]]]},"properties":{"id":"c75d438a2e2b","height":null,"num_floors":null,"render_height_m":6.4,"height_label":"assumed"}},{"type":"Feature","geometry":{"type":"Polygon","coordinates":[[[78.318386,17.489522],[78.318398,17.489575],[78.318343,17.489587],[78.318331,17.489533],[78.318386,17.489522]]]},"properties":{"id":"5e072fa35474","height":null,"num_floors":null,"render_height_m":6.4,"height_label":"assumed"}},{"type":"Feature","geometry":{"type":"Polygon","coordinates":[[[78.318398,17.489808],[78.318258,17.489856],[78.318215,17.489743],[78.318355,17.489695],[78.318398,17.489808]]]},"properties":{"id":"f211b35281ff","height":null,"num_floors":null,"render_height_m":9.6,"height_label":"assumed"}},{"type":"Feature","geometry":{"type":"Polygon","coordinates":[[[78.318492,17.490046],[78.318246,17.490135],[78.318181,17.489971],[78.318291,17.489931],[78.318269,17.489875],[78.318405,17.489826],[78.318492,17.490046]]]},"properties":{"id":"1d118cb11b9a","height":null,"num_floors":null,"render_height_m":12.8,"height_label":"assumed"}}]}