{"type":"FeatureCollection","features":[{"type":"Feature","geometry":{"type":"Polygon","coordinates":[[[78.460725,17.407816],[78.460597,17.407811],[78.460608,17.407559],[78.460736,17.407564],[78.460725,17.407816]]]},"properties":{"id":"e21154d89ce6","height":null,"num_floors":null,"render_height_m":12.8,"height_label":"assumed"}},{"type":"Feature","geometry":{"type":"Polygon","coordinates":[[[78.460451,17.40607],[78.460481,17.406227],[78.460388,17.406243],[78.460358,17.406086],[78.460451,17.40607]]]},"properties":{"id":"746fc9ab82eb","height":null,"num_floors":null,"render_height_m":9.6,"height_label":"assumed"}},{"type":"Feature","geometry":{"type":"Polygon","coordinates":[[[78.460533,17.406235],[78.460493,17.40624],[78.460462,17.406073],[78.46056,17.406056],[78.460533,17.406235]]]},"properties":{"id":"ba51f44f907d","height":null,"num_floors":null,"render_height_m":9.6,"height_label":"assumed"}},{"type":"Feature","geometry":{"type":"Polygon","coordinates":[[[78.460428,17.406296],[78.46045,17.406293],[78.460458,17.406343],[78.460436,17.406346],[78.460428,17.406296]]]},"properties":{"id":"00667ff17ff5","height":null,"num_floors":null,"render_height_m":6.4,"height_label":"assumed"}},{"type":"Feature","geometry":{"type":"Polygon","coordinates":[[[78.460546,17.406353],[78.460558,17.40643],[78.460473,17.406442],[78.460461,17.406365],[78.460546,17.406353]]]},"properties":{"id":"8427044b7931","height":null,"num_floors":null,"render_height_m":6.4,"height_label":"assumed"}},{"type":"Feature","geometry":{"type":"Polygon","coordinates":[[[78.460543,17.406599],[78.460411,17.406573],[78.460432,17.406473],[78.460565,17.406499],[78.460543,17.406599]]]},"properties":{"id":"15302b7b520c","height":null,"num_floors":null,"render_height_m":9.6,"height_label":"assumed"}},{"type":"Feature","geometry":{"type":"Polygon","coordinates":[[[78.460449,17.407153],[78.460355,17.407135],[78.460383,17.406998],[78.460477,17.407015],[78.460449,17.407153]]]},"properties":{"id":"6344de004bfa","height":null,"num_floors":null,"render_height_m":9.6,"height_label":"assumed"}},{"type":"Feature","geometry":{"type":"Polygon","coordinates":[[[78.460379,17.407255],[78.460479,17.407278],[78.460455,17.407371],[78.460355,17.407347],[78.460379,17.407255]]]},"properties":{"id":"23c6d0f0f8cb","height":null,"num_floors":null,"render_height_m":9.6,"height_label":"assumed"}},{"type":"Feature","geometry":{"type":"Polygon","coordinates":[[[78.460363,17.40714],[78.460506,17.407174],[78.460479,17.407278],[78.460336,17.407244],[78.460363,17.40714]]]},"properties":{"id":"7c5dc994b007","height":null,"num_floors":null,"render_height_m":9.6,"height_label":"assumed"}},{"type":"Feature","geometry":{"type":"Polygon","coordinates":[[[78.460507,17.406985],[78.460397,17.406963],[78.460445,17.406748],[78.460555,17.40677],[78.460507,17.406985]]]},"properties":{"id":"0c88e244e88d","height":null,"num_floors":null,"render_height_m":12.8,"height_label":"assumed"}},{"type":"Feature","geometry":{"type":"Polygon","coordinates":[[[78.460541,17.406717],[78.460428,17.406691],[78.460454,17.406593],[78.460566,17.40662],[78.460541,17.406717]]]},"properties":{"id":"423bcd041535","height":null,"num_floors":null,"render_height_m":9.6,"height_label":"assumed"}},{"type":"Feature","geometry":{"type":"Polygon","coordinates":[[[78.460619,17.406509],[78.46065,17.406514],[78.460638,17.40659],[78.460607,17.406586],[78.460619,17.406509]]]},"properties":{"id":"4566391df5a8","height":null,"num_floors":null,"render_height_m":6.4,"height_label":"assumed"}},{"type":"Feature","geometry":{"type":"Polygon","coordinates":[[[78.46064,17.405475],[78.460474,17.405487],[78.460461,17.40533],[78.460627,17.405317],[78.46064,17.405475]]]},"properties":{"id":"618f1b64fa27","height":null,"num_floors":null,"render_height_m":12.8,"height_label":"assumed"}},{"type":"Feature","geometry":{"type":"Polygon","coordinates":[[[78.46049,17.405644],[78.460478,17.405504],[78.460635,17.405491],[78.460648,17.405631],[78.46049,17.405644]]]},"properties":{"id":"67b8f0b3e1d2","height":null,"num_floors":null,"render_height_m":12.8,"height_label":"assumed"}},{"type":"Feature","geometry":{"type":"Polygon","coordinates":[[[78.460713,17.406039],[78.460507,17.406057],[78.460478,17.405762],[78.460684,17.405743],[78.460713,17.406039]]]},"properties":{"id":"46ba4dcf40cb","height":null,"num_floors":null,"render_height_m":12.8,"height_label":"assumed"}},{"type":"Feature","geometry":{"type":"Polygon","coordinates":[[[78.460493,17.405315],[78.460424,17.405281],[78.460539,17.405071],[78.460607,17.405106],[78.460493,17.405315]]]},"properties":{"id":"d88379aa503b","height":null,"num_floors":null,"render_height_m":9.6,"height_label":"assumed"}},{"type":"Feature","geometry":{"type":"Polygon","coordinates":[[[78.460435,17.404848],[78.460371,17.404816],[78.460489,17.404605],[78.460553,17.404637],[78.460435,17.404848]]]},"properties":{"id":"e0c10a50c638","height":null,"num_floors":null,"render_height_m":9.6,"height_label":"assumed"}},{"type":"Feature","geometry":{"type":"Polygon","coordinates":[[[78.460585,17.404522],[78.460595,17.404566],[78.460522,17.404581],[78.460518,17.40456],[78.460566,17.404526],[78.460585,17.404522]]]},"properties":{"id":"1576f71eb575","height":null,"num_floors":null,"render_height_m":6.4,"height_label":"assumed"}},{"type":"Feature","geometry":{"type":"Polygon","coordinates":[[[78.460592,17.404512],[78.460623,17.404504],[78.460632,17.404536],[78.460601,17.404545],[78.460592,17.404512]]]},"properties":{"id":"d95d50010bb9","height":null,"num_floors":null,"render_height_m":6.4,"height_label":"assumed"}},{"type":"Feature","geometry":{"type":"Polygon","coordinates":[[[78.460637,17.404647],[78.460666,17.404712],[78.460605,17.404737],[78.460576,17.404672],[78.460637,17.404647]]]},"properties":{"id":"a9ed2a6772b8","height":null,"num_floors":null,"render_height_m":6.4,"height_label":"assumed"}},{"type":"Feature","geometry":{"type":"Polygon","coordinates":[[[78.46056,17.40495],[78.46054,17.404921],[78.460532,17.404887],[78.460535,17.404852],[78.460551,17.404819],[78.460576,17.404794],[78.460609,17.404777],[78.460646,17.404772],[78.460683,17.404779],[78.460715,17.404797],[78.460739,17.404824],[78.460753,17.404857],[78.460754,17.404892],[78.460744,17.404926],[78.460723,17.404954],[78.460693,17.404974],[78.460659,17.404985],[78.460622,17.404984],[78.460588,17.404972],[78.46056,17.40495]]]},"properties":{"id":"4904b865e24e","height":null,"num_floors":null,"render_height_m":12.8,"height_label":"assumed"}},{"type":"Feature","geometry":{"type":"Polygon","coordinates":[[[78.460442,17.403821],[78.460476,17.403785],[78.460603,17.403896],[78.460569,17.403932],[78.460442,17.403821]]]},"properties":{"id":"8ce298bb0ed8","height":null,"num_floors":null,"render_height_m":9.6,"height_label":"assumed"}},{"type":"Feature","geometry":{"type":"Polygon","coordinates":[[[78.460694,17.403431],[78.460627,17.40319],[78.460812,17.403143],[78.460879,17.403384],[78.460694,17.403431]]]},"properties":{"id":"78bd2213b835","height":null,"num_floors":null,"render_height_m":12.8,"height_label":"assumed"}},{"type":"Feature","geometry":{"type":"Polygon","coordinates":[[[78.46062,17.403787],[78.460525,17.403684],[78.460698,17.403539],[78.460821,17.403673],[78.460676,17.403794],[78.460648,17.403763],[78.46062,17.403787]]]},"properties":{"id":"0f0d586c496a","height":null,"num_floors":null,"render_height_m":12.8,"height_label":"assumed"}},{"type":"Feature","geometry":{"type":"Polygon","coordinates":[[[78.460649,17.403179],[78.46062,17.403082],[78.460803,17.403032],[78.460832,17.403129],[78.460782,17.403142],[78.460765,17.403086],[78.460669,17.403113],[78.460686,17.403169],[78.460649,17.403179]]]},"properties":{"id":"fd84df1f15d9","height":null,"num_floors":null,"render_height_m":9.6,"height_label":"assumed"}},{"type":"Feature","geometry":{"type":"Polygon","coordinates":[[[78.460761,17.402037],[78.46055,17.401858],[78.460853,17.401533],[78.461062,17.40171],[78.461041,17.401733],[78.461054,17.401761],[78.460814,17.402019],[78.460794,17.402002],[78.460761,17.402037]]]},"properties":{"id":"a47424ec8040","height":null,"num_floors":null,"render_height_m":19.2,"height_label":"assumed"}},{"type":"Feature","geometry":{"type":"Polygon","coordinates":[[[78.460632,17.40131],[78.460794,17.40136],[78.460769,17.401434],[78.460608,17.401384],[78.460632,17.40131]]]},"properties":{"id":"a3bdfc55a1b6","height":null,"num_floors":null,"render_height_m":9.6,"height_label":"assumed"}},{"type":"Feature","geometry":{"type":"Polygon","coordinates":[[[78.460608,17.400697],[78.460777,17.400702],[78.460774,17.400814],[78.460604,17.40081],[78.460608,17.400697]]]},"properties":{"id":"30601d1f0e5a","height":null,"num_floors":null,"render_height_m":9.6,"height_label":"assumed"}},{"type":"Feature","geometry":{"type":"Polygon","coordinates":[[[78.460789,17.408265],[78.460791,17.408305],[78.460646,17.408311],[78.460644,17.408272],[78.460789,17.408265]]]},"properties":{"id":"d5df7a42aa81","height":null,"num_floors":null,"render_height_m":6.4,"height_label":"assumed"}},{"type":"Feature","geometry":{"type":"Polygon","coordinates":[[[78.460894,17.408218],[78.460578,17.40822],[78.460576,17.408014],[78.461015,17.408012],[78.461016,17.408217],[78.460894,17.408218]]]},"properties":{"id":"803aff496d03","height":null,"num_floors":null,"render_height_m":19.2,"height_label":"assumed"}},{"type":"Feature","geometry":{"type":"Polygon","coordinates":[[[78.460813,17.408264],[78.460876,17.408262],[78.460877,17.408301],[78.460815,17.408304],[78.460813,17.408264]]]},"properties":{"id":"19b71611c493","height":null,"num_floors":null,"render_height_m":6.4,"height_label":"assumed"}},{"type":"Feature","geometry":{"type":"Polygon","coordinates":[[[78.460785,17.407721],[78.460825,17.407724],[78.460816,17.407818],[78.460776,17.407814],[78.460785,17.407721]]]},"properties":{"id":"2de29920faf1","height":null,"num_floors":null,"render_height_m":6.4,"height_label":"assumed"}},{"type":"Feature","geometry":{"type":"Polygon","coordinates":[[[78.460647,17.40793],[78.460674,17.407931],[78.460671,17.407981],[78.460644,17.407979],[78.460647,17.40793]]]},"properties":{"id":"51149731e52a","height":null,"num_floors":null,"render_height_m":6.4,"height_label":"assumed"}},{"type":"Feature","geometry":{"type":"Polygon","coordinates":[[[78.460834,17.405642],[78.460669,17.405654],[78.460657,17.405505],[78.460822,17.405493],[78.460834,17.405642]]]},"properties":{"id":"cddc399f3759","height":null,"num_floors":null,"render_height_m":12.8,"height_label":"assumed"}},{"type":"Feature","geometry":{"type":"Polygon","coordinates":[[[78.460845,17.405472],[78.460665,17.405487],[78.46065,17.405333],[78.460831,17.405317],[78.460845,17.405472]]]},"properties":{"id":"076f6e5555dd","height":null,"num_floors":null,"render_height_m":12.8,"height_label":"assumed"}},{"type":"Feature","geometry":{"type":"Polygon","coordinates":[[[78.460863,17.404887],[78.46092,17.404916],[78.460872,17.405005],[78.460814,17.404977],[78.460863,17.404887]]]},"properties":{"id":"031f386a3c7d","height":null,"num_floors":null,"render_height_m":6.4,"height_label":"assumed"}},{"type":"Feature","geometry":{"type":"Polygon","coordinates":[[[78.460716,17.404703],[78.460773,17.40467],[78.460821,17.404747],[78.460765,17.404779],[78.460716,17.404703]]]},"properties":{"id":"dcf284cb8e36","height":null,"num_floors":null,"render_height_m":6.4,"height_label":"assumed"}},{"type":"Feature","geometry":{"type":"Polygon","coordinates":[[[78.461015,17.404484],[78.460925,17.404651],[78.460878,17.404608],[78.460667,17.404288],[78.460818,17.404196],[78.461015,17.404484]]]},"properties":{"id":"36f7316a4a63","height":null,"num_floors":null,"render_height_m":19.2,"height_label":"assumed"}},{"type":"Feature","geometry":{"type":"Polygon","coordinates":[[[78.460782,17.403857],[78.460708,17.403782],[78.46083,17.403674],[78.460903,17.403748],[78.460782,17.403857]]]},"properties":{"id":"7485d81885ae","height":null,"num_floors":null,"render_height_m":9.6,"height_label":"assumed"}},{"type":"Feature","geometry":{"type":"Polygon","coordinates":[[[78.460754,17.402837],[78.460714,17.402725],[78.461002,17.402631],[78.461043,17.402743],[78.460754,17.402837]]]},"properties":{"id":"b70a249af061","height":null,"num_floors":null,"render_height_m":12.8,"height_label":"assumed"}},{"type":"Feature","geometry":{"type":"Polygon","coordinates":[[[78.460962,17.4026],[78.460746,17.402663],[78.460702,17.402524],[78.460918,17.402461],[78.460962,17.4026]]]},"properties":{"id":"93849cf5d0e2","height":null,"num_floors":null,"render_height_m":12.8,"height_label":"assumed"}},{"type":"Feature","geometry":{"type":"Polygon","coordinates":[[[78.46121,17.402223],[78.460685,17.402392],[78.460652,17.402271],[78.461083,17.401811],[78.46121,17.402223]]]},"properties":{"id":"555073b3bb31","height":null,"num_floors":null,"render_height_m":19.2,"height_label":"assumed"}},{"type":"Feature","geometry":{"type":"Polygon","coordinates":[[[78.460888,17.401378],[78.460873,17.401424],[78.460807,17.401405],[78.460822,17.401358],[78.460888,17.401378]]]},"properties":{"id":"f03ef8de30dd","height":null,"num_floors":null,"render_height_m":6.4,"height_label":"assumed"}},{"type":"Feature","geometry":{"type":"Polygon","coordinates":[[[78.460691,17.401272],[78.460634,17.401268],[78.460642,17.401166],[78.4607,17.40117],[78.460691,17.401272]]]},"properties":{"id":"0bbc29503c9f","height":null,"num_floors":null,"render_height_m":6.4,"height_label":"assumed"}},{"type":"Feature","geometry":{"type":"Polygon","coordinates":[[[78.460698,17.400868],[78.460828,17.400874],[78.460818,17.401071],[78.460688,17.401065],[78.460698,17.400868]]]},"properties":{"id":"7c84a28f8b3c","height":null,"num_floors":null,"render_height_m":12.8,"height_label":"assumed"}},{"type":"Feature","geometry":{"type":"Polygon","coordinates":[[[78.460828,17.400874],[78.460941,17.400879],[78.46093,17.401076],[78.460818,17.401071],[78.460828,17.400874]]]},"properties":{"id":"071145e38ccc","height":null,"num_floors":null,"render_height_m":12.8,"height_label":"assumed"}},{"type":"Feature","geometry":{"type":"Polygon","coordinates":[[[78.460777,17.400702],[78.460906,17.400705],[78.460903,17.400817],[78.460774,17.400814],[78.460777,17.400702]]]},"properties":{"id":"246526e9c95b","height":null,"num_floors":null,"render_height_m":9.6,"height_label":"assumed"}},{"type":"Feature","geometry":{"type":"Polygon","coordinates":[[[78.460873,17.400355],[78.460894,17.400356],[78.460892,17.400414],[78.460871,17.400413],[78.460873,17.400355]]]},"properties":{"id":"13fa3bd423d7","height":null,"num_floors":null,"render_height_m":6.4,"height_label":"assumed"}},{"type":"Feature","geometry":{"type":"Polygon","coordinates":[[[78.46066,17.400269],[78.460654,17.40013],[78.460829,17.400123],[78.460835,17.400261],[78.46066,17.400269]]]},"properties":{"id":"2b63edca66f0","height":null,"num_floors":null,"render_height_m":12.8,"height_label":"assumed"}},{"type":"Feature","geometry":{"type":"Polygon","coordinates":[[[78.465579,17.400586],[78.465264,17.400339],[78.465389,17.400194],[78.465704,17.400441],[78.465579,17.400586]]]},"properties":{"id":"a1df527dfe1b","height":null,"num_floors":null,"render_height_m":19.2,"height_label":"assumed"}},{"type":"Feature","geometry":{"type":"Polygon","coordinates":[[[78.465649,17.400284],[78.465684,17.400303],[78.465664,17.400335],[78.46563,17.400316],[78.465649,17.400284]]]},"properties":{"id":"5a8ca6c69388","height":null,"num_floors":null,"render_height_m":6.4,"height_label":"assumed"}},{"type":"Feature","geometry":{"type":"Polygon","coordinates":[[[78.4656,17.400208],[78.465645,17.400244],[78.465631,17.400261],[78.465639,17.400268],[78.465614,17.400297],[78.46556,17.400254],[78.4656,17.400208]]]},"properties":{"id":"2771f7291947","height":null,"num_floors":null,"render_height_m":6.4,"height_label":"assumed"}},{"type":"Feature","geometry":{"type":"Polygon","coordinates":[[[78.465691,17.400309],[78.465735,17.400345],[78.465709,17.400374],[78.465665,17.400339],[78.465691,17.400309]]]},"properties":{"id":"c485e763ec51","height":null,"num_floors":null,"render_height_m":6.4,"height_label":"assumed"}},{"type":"Feature","geometry":{"type":"Polygon","coordinates":[[[78.465851,17.400364],[78.46588,17.400384],[78.465823,17.40046],[78.465794,17.400439],[78.465851,17.400364]]]},"properties":{"id":"d33aed54083d","height":null,"num_floors":null,"render_height_m":6.4,"height_label":"assumed"}},{"type":"Feature","geometry":{"type":"Polygon","coordinates":[[[78.466036,17.40029],[78.465999,17.400332],[78.465976,17.400313],[78.466013,17.400271],[78.466036,17.40029]]]},"properties":{"id":"9bc637f729f7","height":null,"num_floors":null,"render_height_m":6.4,"height_label":"assumed"}},{"type":"Feature","geometry":{"type":"Polygon","coordinates":[[[78.466084,17.400222],[78.466103,17.400243],[78.466046,17.400291],[78.466028,17.400271],[78.466084,17.400222]]]},"properties":{"id":"56eaf6543440","height":null,"num_floors":null,"render_height_m":6.4,"height_label":"assumed"}},{"type":"Feature","geometry":{"type":"Polygon","coordinates":[[[78.466293,17.400497],[78.46634,17.400525],[78.466307,17.400577],[78.46626,17.400549],[78.466293,17.400497]]]},"properties":{"id":"270ce8278733","height":null,"num_floors":null,"render_height_m":6.4,"height_label":"assumed"}},{"type":"Feature","geometry":{"type":"Polygon","coordinates":[[[78.466589,17.400203],[78.466664,17.400433],[78.466573,17.40046],[78.466497,17.40023],[78.466589,17.400203]]]},"properties":{"id":"054b72c13ad4","height":null,"num_floors":null,"render_height_m":12.8,"height_label":"assumed"}},{"type":"Feature","geometry":{"type":"Polygon","coordinates":[[[78.468862,17.400258],[78.468873,17.40031],[78.468912,17.400303],[78.468937,17.400426],[78.468788,17.400455],[78.468751,17.400279],[78.468862,17.400258]]]},"properties":{"id":"843b8d216dbc","height":null,"num_floors":null,"render_height_m":12.8,"height_label":"assumed"}},{"type":"Feature","geometry":{"type":"Polygon","coordinates":[[[78.468712,17.400414],[78.468599,17.400434],[78.468577,17.400323],[78.46869,17.400302],[78.468712,17.400414]]]},"properties":{"id":"e90df6ed8c71","height":null,"num_floors":null,"render_height_m":9.6,"height_label":"assumed"}},{"type":"Feature","geometry":{"type":"Polygon","coordinates":[[[78.467994,17.400289],[78.468015,17.400346],[78.46794,17.400371],[78.467919,17.400314],[78.467994,17.400289]]]},"properties":{"id":"44a181ed047d","height":null,"num_floors":null,"render_height_m":6.4,"height_label":"assumed"}},{"type":"Feature","geometry":{"type":"Polygon","coordinates":[[[78.468048,17.400108],[78.468076,17.400204],[78.467913,17.400247],[78.467886,17.400151],[78.468048,17.400108]]]},"properties":{"id":"66d76918555a","height":null,"num_floors":null,"render_height_m":9.6,"height_label":"assumed"}},{"type":"Feature","geometry":{"type":"Polygon","coordinates":[[[78.467814,17.400243],[78.467855,17.400237],[78.467865,17.400301],[78.467825,17.400307],[78.467814,17.400243]]]},"properties":{"id":"0f47992a0b67","height":null,"num_floors":null,"render_height_m":6.4,"height_label":"assumed"}},{"type":"Feature","geometry":{"type":"Polygon","coordinates":[[[78.467665,17.400372],[78.46768,17.400419],[78.467611,17.400439],[78.467596,17.400392],[78.467665,17.400372]]]},"properties":{"id":"290813efc194","height":null,"num_floors":null,"render_height_m":6.4,"height_label":"assumed"}},{"type":"Feature","geometry":{"type":"Polygon","coordinates":[[[78.467467,17.400455],[78.467484,17.400506],[78.467355,17.400546],[78.467338,17.400495],[78.467467,17.400455]]]},"properties":{"id":"d9869e2043a6","height":null,"num_floors":null,"render_height_m":9.6,"height_label":"assumed"}},{"type":"Feature","geometry":{"type":"Polygon","coordinates":[[[78.467448,17.400139],[78.467518,17.400382],[78.467077,17.400499],[78.467007,17.400255],[78.467448,17.400139]]]},"properties":{"id":"f4b995001c1a","height":null,"num_floors":null,"render_height_m":19.2,"height_label":"assumed"}},{"type":"Feature","geometry":{"type":"Polygon","coordinates":[[[78.466958,17.400391],[78.466994,17.400539],[78.466947,17.40055],[78.466954,17.400579],[78.466897,17.400592],[78.466854,17.400415],[78.466958,17.400391]]]},"properties":{"id":"96c1c3d1a874","height":null,"num_floors":null,"render_height_m":9.6,"height_label":"assumed"}},{"type":"Feature","geometry":{"type":"Polygon","coordinates":[[[78.466938,17.40065],[78.466978,17.40064],[78.467007,17.400751],[78.466967,17.40076],[78.466938,17.40065]]]},"properties":{"id":"b08643626f3e","height":null,"num_floors":null,"render_height_m":6.4,"height_label":"assumed"}},{"type":"Feature","geometry":{"type":"Polygon","coordinates":[[[78.467183,17.400558],[78.46722,17.400555],[78.467225,17.400618],[78.467187,17.400621],[78.467183,17.400558]]]},"properties":{"id":"3b86b84e4b56","height":null,"num_floors":null,"render_height_m":6.4,"height_label":"assumed"}},{"type":"Feature","geometry":{"type":"Polygon","coordinates":[[[78.467219,17.400534],[78.467265,17.400525],[78.467277,17.40058],[78.467231,17.400588],[78.467219,17.400534]]]},"properties":{"id":"2b48806c4b0b","height":null,"num_floors":null,"render_height_m":6.4,"height_label":"assumed"}},{"type":"Feature","geometry":{"type":"Polygon","coordinates":[[[78.46734,17.400514],[78.467355,17.400567],[78.467292,17.400584],[78.467276,17.400532],[78.46734,17.400514]]]},"properties":{"id":"993ec101774e","height":null,"num_floors":null,"render_height_m":6.4,"height_label":"assumed"}},{"type":"Feature","geometry":{"type":"Polygon","coordinates":[[[78.466948,17.401704],[78.466991,17.401695],[78.466999,17.401731],[78.466956,17.40174],[78.466948,17.401704]]]},"properties":{"id":"f0501ad25b1f","height":null,"num_floors":null,"render_height_m":6.4,"height_label":"assumed"}},{"type":"Feature","geometry":{"type":"Polygon","coordinates":[[[78.466969,17.401782],[78.466994,17.401784],[78.467009,17.401822],[78.467007,17.401839],[78.466981,17.401837],[78.466967,17.401803],[78.466969,17.401782]]]},"properties":{"id":"9bfcda806174","height":null,"num_floors":null,"render_height_m":6.4,"height_label":"assumed"}},{"type":"Feature","geometry":{"type":"Polygon","coordinates":[[[78.467171,17.401817],[78.467219,17.401795],[78.467247,17.401851],[78.4672,17.401873],[78.467171,17.401817]]]},"properties":{"id":"1b3371fdadbe","height":null,"num_floors":null,"render_height_m":6.4,"height_label":"assumed"}},{"type":"Feature","geometry":{"type":"Polygon","coordinates":[[[78.467362,17.401654],[78.467384,17.401687],[78.467354,17.401706],[78.467331,17.401672],[78.467362,17.401654]]]},"properties":{"id":"f531de4274a8","height":null,"num_floors":null,"render_height_m":6.4,"height_label":"assumed"}},{"type":"Feature","geometry":{"type":"Polygon","coordinates":[[[78.467317,17.40135],[78.467367,17.401384],[78.467329,17.401436],[78.467279,17.401402],[78.467317,17.40135]]]},"properties":{"id":"622b837e12af","height":null,"num_floors":null,"render_height_m":6.4,"height_label":"assumed"}},{"type":"Feature","geometry":{"type":"Polygon","coordinates":[[[78.467617,17.40207],[78.467469,17.402124],[78.46733,17.401774],[78.467478,17.40172],[78.467617,17.40207]]]},"properties":{"id":"b7a9de8d11da","height":null,"num_floors":null,"render_height_m":12.8,"height_label":"assumed"}},{"type":"Feature","geometry":{"type":"Polygon","coordinates":[[[78.467251,17.400988],[78.467309,17.40093],[78.467385,17.400884],[78.467491,17.400889],[78.467552,17.40092],[78.467995,17.401287],[78.46802,17.401259],[78.468079,17.401307],[78.46811,17.401273],[78.468327,17.40145],[78.468147,17.401673],[78.468192,17.401697],[78.468146,17.401761],[78.468095,17.401726],[78.46793,17.401894],[78.467718,17.401721],[78.467745,17.401691],[78.467681,17.401639],[78.467701,17.401616],[78.467289,17.401263],[78.467231,17.401167],[78.467223,17.401065],[78.467251,17.400988]]]},"properties":{"id":"91cb634538f0","height":null,"num_floors":null,"render_height_m":19.2,"height_label":"assumed"}},{"type":"Feature","geometry":{"type":"Polygon","coordinates":[[[78.467676,17.400617],[78.467699,17.400725],[78.467649,17.400734],[78.467626,17.400627],[78.467676,17.400617]]]},"properties":{"id":"efb898591a6d","height":null,"num_floors":null,"render_height_m":6.4,"height_label":"assumed"}},{"type":"Feature","geometry":{"type":"Polygon","coordinates":[[[78.468221,17.401],[78.467884,17.401082],[78.467761,17.400623],[78.468098,17.400541],[78.468221,17.401]]]},"properties":{"id":"4142e63bce4d","height":null,"num_floors":null,"render_height_m":19.2,"height_label":"assumed"}},{"type":"Feature","geometry":{"type":"Polygon","coordinates":[[[78.468601,17.400763],[78.468516,17.400783],[78.468499,17.400714],[78.468583,17.400694],[78.468601,17.400763]]]},"properties":{"id":"8f4c3bfb2c37","height":null,"num_floors":null,"render_height_m":6.4,"height_label":"assumed"}},{"type":"Feature","geometry":{"type":"Polygon","coordinates":[[[78.468602,17.400839],[78.46862,17.400923],[78.468489,17.400949],[78.468472,17.400864],[78.468602,17.400839]]]},"properties":{"id":"cb79c5be5540","height":null,"num_floors":null,"render_height_m":9.6,"height_label":"assumed"}},{"type":"Feature","geometry":{"type":"Polygon","coordinates":[[[78.468599,17.400789],[78.468634,17.400787],[78.468637,17.400825],[78.468602,17.400827],[78.468599,17.400789]]]},"properties":{"id":"b132dd64aa67","height":null,"num_floors":null,"render_height_m":6.4,"height_label":"assumed"}},{"type":"Feature","geometry":{"type":"Polygon","coordinates":[[[78.468666,17.400593],[78.46868,17.400668],[78.468627,17.400678],[78.468613,17.400602],[78.468666,17.400593]]]},"properties":{"id":"47a66b4b8f21","height":null,"num_floors":null,"render_height_m":6.4,"height_label":"assumed"}},{"type":"Feature","geometry":{"type":"Polygon","coordinates":[[[78.468765,17.400581],[78.468806,17.400778],[78.468745,17.40079],[78.468704,17.400593],[78.468765,17.400581]]]},"properties":{"id":"13d44f11daf1","height":null,"num_floors":null,"render_height_m":9.6,"height_label":"assumed"}},{"type":"Feature","geometry":{"type":"Polygon","coordinates":[[[78.468749,17.40081],[78.468767,17.400895],[78.468672,17.400913],[78.468654,17.400828],[78.468749,17.40081]]]},"properties":{"id":"c613903fec96","height":null,"num_floors":null,"render_height_m":9.6,"height_label":"assumed"}},{"type":"Feature","geometry":{"type":"Polygon","coordinates":[[[78.468742,17.400945],[78.468759,17.400994],[78.468675,17.40102],[78.468658,17.400971],[78.468742,17.400945]]]},"properties":{"id":"a24357e073bc","height":null,"num_floors":null,"render_height_m":6.4,"height_label":"assumed"}},{"type":"Feature","geometry":{"type":"Polygon","coordinates":[[[78.468832,17.401288],[78.468682,17.401195],[78.468821,17.401001],[78.469004,17.401114],[78.468832,17.401288]]]},"properties":{"id":"2d5a9e064b56","height":null,"num_floors":null,"render_height_m":12.8,"height_label":"assumed"}},{"type":"Feature","geometry":{"type":"Polygon","coordinates":[[[78.468604,17.401502],[78.468634,17.401519],[78.468616,17.401548],[78.468586,17.401531],[78.468604,17.401502]]]},"properties":{"id":"c981309ce772","height":null,"num_floors":null,"render_height_m":6.4,"height_label":"assumed"}},{"type":"Feature","geometry":{"type":"Polygon","coordinates":[[[78.468332,17.401781],[78.468377,17.401812],[78.468347,17.401852],[78.468302,17.401821],[78.468332,17.401781]]]},"properties":{"id":"6c5c54dd412c","height":null,"num_floors":null,"render_height_m":6.4,"height_label":"assumed"}},{"type":"Feature","geometry":{"type":"Polygon","coordinates":[[[78.468145,17.402234],[78.468073,17.402303],[78.46805,17.402281],[78.468122,17.402212],[78.468145,17.402234]]]},"properties":{"id":"01f4297e4dc9","height":null,"num_floors":null,"render_height_m":6.4,"height_label":"assumed"}},{"type":"Feature","geometry":{"type":"Polygon","coordinates":[[[78.468734,17.402396],[78.468641,17.402292],[78.46881,17.402155],[78.468903,17.402259],[78.468734,17.402396]]]},"properties":{"id":"9cade5c82bb9","height":null,"num_floors":null,"render_height_m":12.8,"height_label":"assumed"}},{"type":"Feature","geometry":{"type":"Polygon","coordinates":[[[78.468718,17.402418],[78.468699,17.402454],[78.468677,17.402443],[78.468643,17.402505],[78.468592,17.40248],[78.468645,17.402382],[78.468718,17.402418]]]},"properties":{"id":"c64c22ed4153","height":null,"num_floors":null,"render_height_m":9.6,"height_label":"assumed"}},{"type":"Feature","geometry":{"type":"Polygon","coordinates":[[[78.468873,17.402555],[78.468824,17.402524],[78.468854,17.402482],[78.468902,17.402513],[78.468873,17.402555]]]},"properties":{"id":"a5f98d2525c2","height":null,"num_floors":null,"render_height_m":6.4,"height_label":"assumed"}},{"type":"Feature","geometry":{"type":"Polygon","coordinates":[[[78.468836,17.402628],[78.46873,17.402552],[78.468761,17.402513],[78.468867,17.402589],[78.468836,17.402628]]]},"properties":{"id":"846084f2ccb2","height":null,"num_floors":null,"render_height_m":6.4,"height_label":"assumed"}},{"type":"Feature","geometry":{"type":"Polygon","coordinates":[[[78.468525,17.402601],[78.468811,17.402736],[78.468799,17.40276],[78.468845,17.402782],[78.468788,17.402893],[78.468456,17.402736],[78.468525,17.402601]]]},"properties":{"id":"26cc64b3778f","height":null,"num_floors":null,"render_height_m":12.8,"height_label":"assumed"}},{"type":"Feature","geometry":{"type":"Polygon","coordinates":[[[78.468333,17.402957],[78.468404,17.402827],[78.468539,17.402894],[78.468468,17.403024],[78.468333,17.402957]]]},"properties":{"id":"18c057194c1a","height":null,"num_floors":null,"render_height_m":12.8,"height_label":"assumed"}},{"type":"Feature","geometry":{"type":"Polygon","coordinates":[[[78.468743,17.402881],[78.468782,17.402891],[78.468776,17.402914],[78.468737,17.402905],[78.468743,17.402881]]]},"properties":{"id":"9d44efe98226","height":null,"num_floors":null,"render_height_m":6.4,"height_label":"assumed"}},{"type":"Feature","geometry":{"type":"Polygon","coordinates":[[[78.468589,17.403543],[78.468714,17.403293],[78.468924,17.403389],[78.468799,17.403638],[78.468589,17.403543]]]},"properties":{"id":"3a8ff07df2cc","height":null,"num_floors":null,"render_height_m":12.8,"height_label":"assumed"}},{"type":"Feature","geometry":{"type":"Polygon","coordinates":[[[78.468227,17.403132],[78.468579,17.403289],[78.468545,17.403358],[78.468194,17.403201],[78.468227,17.403132]]]},"properties":{"id":"00745e3ca85b","height":null,"num_floors":null,"render_height_m":12.8,"height_label":"assumed"}},{"type":"Feature","geometry":{"type":"Polygon","coordinates":[[[78.467576,17.403033],[78.467674,17.403034],[78.467674,17.403097],[78.467575,17.403096],[78.467576,17.403033]]]},"properties":{"id":"d08610025477","height":null,"num_floors":null,"render_height_m":6.4,"height_label":"assumed"}},{"type":"Feature","geometry":{"type":"Polygon","coordinates":[[[78.4674,17.403002],[78.467511,17.403],[78.467513,17.403062],[78.467402,17.403064],[78.4674,17.403002]]]},"properties":{"id":"80089592c88c","height":null,"num_floors":null,"render_height_m":9.6,"height_label":"assumed"}},{"type":"Feature","geometry":{"type":"Polygon","coordinates":[[[78.467815,17.402102],[78.46799,17.402289],[78.46789,17.402375],[78.467715,17.402189],[78.46774,17.402167],[78.467815,17.402102]]]},"properties":{"id":"3c528829218b","height":null,"num_floors":null,"render_height_m":12.8,"height_label":"assumed"}},{"type":"Feature","geometry":{"type":"Polygon","coordinates":[[[78.467756,17.402251],[78.467835,17.402334],[78.467802,17.402362],[78.467723,17.40228],[78.467756,17.402251]]]},"properties":{"id":"e3e703b73e49","height":null,"num_floors":null,"render_height_m":6.4,"height_label":"assumed"}},{"type":"Feature","geometry":{"type":"Polygon","coordinates":[[[78.467583,17.402217],[78.467608,17.402309],[78.467547,17.402325],[78.467522,17.402233],[78.467583,17.402217]]]},"properties":{"id":"f1ae0f1568ba","height":null,"num_floors":null,"render_height_m":6.4,"height_label":"assumed"}},{"type":"Feature","geometry":{"type":"Polygon","coordinates":[[[78.467564,17.402148],[78.467583,17.402217],[78.467522,17.402233],[78.467503,17.402164],[78.467564,17.402148]]]},"properties":{"id":"6c2dc2155820","height":null,"num_floors":null,"render_height_m":6.4,"height_label":"assumed"}},{"type":"Feature","geometry":{"type":"Polygon","coordinates":[[[78.467109,17.402401],[78.467129,17.402482],[78.467018,17.402507],[78.466998,17.402426],[78.467109,17.402401]]]},"properties":{"id":"61c44a48c869","height":null,"num_floors":null,"render_height_m":9.6,"height_label":"assumed"}},{"type":"Feature","geometry":{"type":"Polygon","coordinates":[[[78.46716,17.402899],[78.467188,17.402904],[78.467199,17.402943],[78.467178,17.40294],[78.46716,17.402899]]]},"properties":{"id":"230b0a4616e4","height":null,"num_floors":null,"render_height_m":6.4,"height_label":"assumed"}},{"type":"Feature","geometry":{"type":"Polygon","coordinates":[[[78.46717,17.403243],[78.467243,17.403326],[78.467205,17.403357],[78.467132,17.403274],[78.46717,17.403243]]]},"properties":{"id":"196c71e7b1a4","height":null,"num_floors":null,"render_height_m":6.4,"height_label":"assumed"}},{"type":"Feature","geometry":{"type":"Polygon","coordinates":[[[78.467239,17.403464],[78.467277,17.403508],[78.467219,17.403554],[78.46718,17.40351],[78.467239,17.403464]]]},"properties":{"id":"353bccd5fa2a","height":null,"num_floors":null,"render_height_m":6.4,"height_label":"assumed"}},{"type":"Feature","geometry":{"type":"Polygon","coordinates":[[[78.46718,17.40351],[78.467219,17.403554],[78.467191,17.403577],[78.467152,17.403533],[78.46718,17.40351]]]},"properties":{"id":"7dea22be935a","height":null,"num_floors":null,"render_height_m":6.4,"height_label":"assumed"}},{"type":"Feature","geometry":{"type":"Polygon","coordinates":[[[78.467249,17.403411],[78.46689,17.403725],[78.466613,17.403435],[78.466973,17.403167],[78.467249,17.403411]]]},"properties":{"id":"e7a2521bf1aa","height":null,"num_floors":null,"render_height_m":19.2,"height_label":"assumed"}},{"type":"Feature","geometry":{"type":"Polygon","coordinates":[[[78.466872,17.402898],[78.4669,17.402898],[78.4669,17.402939],[78.466871,17.402938],[78.466872,17.402898]]]},"properties":{"id":"21b416cdd434","height":null,"num_floors":null,"render_height_m":6.4,"height_label":"assumed"}},{"type":"Feature","geometry":{"type":"Polygon","coordinates":[[[78.466825,17.402905],[78.466835,17.402953],[78.466715,17.402975],[78.466705,17.402926],[78.466825,17.402905]]]},"properties":{"id":"f54405dc4e3c","height":null,"num_floors":null,"render_height_m":6.4,"height_label":"assumed"}},{"type":"Feature","geometry":{"type":"Polygon","coordinates":[[[78.466613,17.403485],[78.466537,17.403496],[78.466436,17.403091],[78.466534,17.403042],[78.466554,17.403119],[78.466514,17.403131],[78.466613,17.403485]]]},"properties":{"id":"2a86e9943f9f","height":null,"num_floors":null,"render_height_m":12.8,"height_label":"assumed"}},{"type":"Feature","geometry":{"type":"Polygon","coordinates":[[[78.46636,17.40328],[78.466171,17.403331],[78.466131,17.403194],[78.46632,17.403144],[78.46636,17.40328]]]},"properties":{"id":"37b350d457cc","height":null,"num_floors":null,"render_height_m":12.8,"height_label":"assumed"}},{"type":"Feature","geometry":{"type":"Polygon","coordinates":[[[78.46636,17.403531],[78.466056,17.403615],[78.466016,17.403484],[78.466319,17.4034],[78.46636,17.403531]]]},"properties":{"id":"bd5406f56a9f","height":null,"num_floors":null,"render_height_m":12.8,"height_label":"assumed"}},{"type":"Feature","geometry":{"type":"Polygon","coordinates":[[[78.466063,17.403365],[78.465965,17.403393],[78.465923,17.40326],[78.466021,17.403232],[78.466063,17.403365]]]},"properties":{"id":"17a4d86d18be","height":null,"num_floors":null,"render_height_m":9.6,"height_label":"assumed"}},{"type":"Feature","geometry":{"type":"Polygon","coordinates":[[[78.466164,17.403336],[78.46607,17.403363],[78.466027,17.40323],[78.466121,17.403203],[78.466164,17.403336]]]},"properties":{"id":"d06ad47d07cc","height":null,"num_floors":null,"render_height_m":9.6,"height_label":"assumed"}},{"type":"Feature","geometry":{"type":"Polygon","coordinates":[[[78.466278,17.40314],[78.465923,17.40325],[78.465883,17.403188],[78.466054,17.403053],[78.466247,17.402997],[78.466278,17.40314]]]},"properties":{"id":"0f7a9af832e3","height":null,"num_floors":null,"render_height_m":12.8,"height_label":"assumed"}},{"type":"Feature","geometry":{"type":"Polygon","coordinates":[[[78.466099,17.402317],[78.466122,17.402366],[78.466084,17.402382],[78.466061,17.402333],[78.466099,17.402317]]]},"properties":{"id":"602def8e7223","height":null,"num_floors":null,"render_height_m":6.4,"height_label":"assumed"}},{"type":"Feature","geometry":{"type":"Polygon","coordinates":[[[78.466124,17.402476],[78.46601,17.402534],[78.465914,17.402362],[78.466027,17.402304],[78.466124,17.402476]]]},"properties":{"id":"ed8eaaae411b","height":null,"num_floors":null,"render_height_m":12.8,"height_label":"assumed"}},{"type":"Feature","geometry":{"type":"Polygon","coordinates":[[[78.466114,17.402012],[78.466651,17.401872],[78.466789,17.402354],[78.466416,17.402451],[78.466365,17.402271],[78.4662,17.402314],[78.466114,17.402012]]]},"properties":{"id":"7c442f685e59","height":null,"num_floors":null,"render_height_m":19.2,"height_label":"assumed"}},{"type":"Feature","geometry":{"type":"Polygon","coordinates":[[[78.466722,17.402475],[78.466744,17.40255],[78.466662,17.402571],[78.466641,17.402496],[78.466722,17.402475]]]},"properties":{"id":"d12040485d3c","height":null,"num_floors":null,"render_height_m":6.4,"height_label":"assumed"}},{"type":"Feature","geometry":{"type":"Polygon","coordinates":[[[78.466872,17.402503],[78.466881,17.402552],[78.466789,17.402569],[78.46678,17.40252],[78.466872,17.402503]]]},"properties":{"id":"337fc6b2e0eb","height":null,"num_floors":null,"render_height_m":6.4,"height_label":"assumed"}},{"type":"Feature","geometry":{"type":"Polygon","coordinates":[[[78.466859,17.402466],[78.466868,17.402495],[78.466772,17.402521],[78.466786,17.402568],[78.466766,17.402574],[78.466744,17.402497],[78.466859,17.402466]]]},"properties":{"id":"8268a532aa42","height":null,"num_floors":null,"render_height_m":6.4,"height_label":"assumed"}},{"type":"Feature","geometry":{"type":"Polygon","coordinates":[[[78.466862,17.401791],[78.46688,17.401846],[78.466824,17.401862],[78.466806,17.401807],[78.466862,17.401791]]]},"properties":{"id":"9e0a25fb9e3d","height":null,"num_floors":null,"render_height_m":6.4,"height_label":"assumed"}},{"type":"Feature","geometry":{"type":"Polygon","coordinates":[[[78.466471,17.401748],[78.466486,17.401787],[78.46641,17.401814],[78.466395,17.401776],[78.466471,17.401748]]]},"properties":{"id":"127d2c2c9ebe","height":null,"num_floors":null,"render_height_m":6.4,"height_label":"assumed"}},{"type":"Feature","geometry":{"type":"Polygon","coordinates":[[[78.466922,17.401719],[78.466702,17.401781],[78.466587,17.401422],[78.466171,17.401548],[78.46613,17.401559],[78.466055,17.401332],[78.466743,17.401138],[78.466922,17.401719]]]},"properties":{"id":"8435fad7e924","height":null,"num_floors":null,"render_height_m":19.2,"height_label":"assumed"}},{"type":"Feature","geometry":{"type":"Polygon","coordinates":[[[78.466938,17.40065],[78.466981,17.400813],[78.466872,17.40084],[78.466829,17.400677],[78.466938,17.40065]]]},"properties":{"id":"5b7ac2ab1e6c","height":null,"num_floors":null,"render_height_m":9.6,"height_label":"assumed"}},{"type":"Feature","geometry":{"type":"Polygon","coordinates":[[[78.466539,17.401007],[78.466572,17.400997],[78.466591,17.401056],[78.466558,17.401066],[78.466539,17.401007]]]},"properties":{"id":"9c482f9c5a9c","height":null,"num_floors":null,"render_height_m":6.4,"height_label":"assumed"}},{"type":"Feature","geometry":{"type":"Polygon","coordinates":[[[78.466317,17.400956],[78.46636,17.401073],[78.466178,17.401135],[78.466135,17.401018],[78.466317,17.400956]]]},"properties":{"id":"07474c10883a","height":null,"num_floors":null,"render_height_m":12.8,"height_label":"assumed"}},{"type":"Feature","geometry":{"type":"Polygon","coordinates":[[[78.466245,17.400629],[78.466305,17.400663],[78.466276,17.40071],[78.466216,17.400675],[78.466245,17.400629]]]},"properties":{"id":"7992e598023d","height":null,"num_floors":null,"render_height_m":6.4,"height_label":"assumed"}},{"type":"Feature","geometry":{"type":"Polygon","coordinates":[[[78.466136,17.400706],[78.466156,17.400725],[78.466116,17.400762],[78.466097,17.400743],[78.466136,17.400706]]]},"properties":{"id":"30de4f027600","height":null,"num_floors":null,"render_height_m":6.4,"height_label":"assumed"}},{"type":"Feature","geometry":{"type":"Polygon","coordinates":[[[78.466186,17.401665],[78.466474,17.401574],[78.466527,17.401725],[78.466238,17.401816],[78.466186,17.401665]]]},"properties":{"id":"2d00f9f36b46","height":null,"num_floors":null,"render_height_m":12.8,"height_label":"assumed"}},{"type":"Feature","geometry":{"type":"Polygon","coordinates":[[[78.46574,17.401904],[78.465732,17.401866],[78.46577,17.401859],[78.465762,17.401822],[78.465811,17.401812],[78.465827,17.401888],[78.46574,17.401904]]]},"properties":{"id":"7fe5b0e3087f","height":null,"num_floors":null,"render_height_m":6.4,"height_label":"assumed"}},{"type":"Feature","geometry":{"type":"Polygon","coordinates":[[[78.465748,17.401925],[78.465702,17.401951],[78.465679,17.401913],[78.465724,17.401888],[78.465748,17.401925]]]},"properties":{"id":"5a43413e670c","height":null,"num_floors":null,"render_height_m":6.4,"height_label":"assumed"}},{"type":"Feature","geometry":{"type":"Polygon","coordinates":[[[78.465457,17.401975],[78.465513,17.40204],[78.465467,17.402075],[78.465412,17.402011],[78.465457,17.401975]]]},"properties":{"id":"6d4546579fee","height":null,"num_floors":null,"render_height_m":6.4,"height_label":"assumed"}},{"type":"Feature","geometry":{"type":"Polygon","coordinates":[[[78.465509,17.401857],[78.465467,17.401898],[78.465437,17.401871],[78.465479,17.401829],[78.465509,17.401857]]]},"properties":{"id":"841f40333da5","height":null,"num_floors":null,"render_height_m":6.4,"height_label":"assumed"}},{"type":"Feature","geometry":{"type":"Polygon","coordinates":[[[78.465648,17.401475],[78.465673,17.40152],[78.465596,17.401558],[78.465571,17.401513],[78.465648,17.401475]]]},"properties":{"id":"525f5b5a7311","height":null,"num_floors":null,"render_height_m":6.4,"height_label":"assumed"}},{"type":"Feature","geometry":{"type":"Polygon","coordinates":[[[78.465554,17.401617],[78.465573,17.401663],[78.465516,17.401685],[78.465497,17.401639],[78.465554,17.401617]]]},"properties":{"id":"309f044303f5","height":null,"num_floors":null,"render_height_m":6.4,"height_label":"assumed"}},{"type":"Feature","geometry":{"type":"Polygon","coordinates":[[[78.465796,17.401154],[78.465849,17.401184],[78.46582,17.401229],[78.465768,17.401199],[78.465796,17.401154]]]},"properties":{"id":"aa07c2bcd4ea","height":null,"num_floors":null,"render_height_m":6.4,"height_label":"assumed"}},{"type":"Feature","geometry":{"type":"Polygon","coordinates":[[[78.465941,17.401048],[78.465876,17.401137],[78.465841,17.401113],[78.465907,17.401024],[78.465941,17.401048]]]},"properties":{"id":"d0592f8e27a5","height":null,"num_floors":null,"render_height_m":6.4,"height_label":"assumed"}},{"type":"Feature","geometry":{"type":"Polygon","coordinates":[[[78.465762,17.400493],[78.465811,17.400528],[78.46572,17.400644],[78.465672,17.400609],[78.465762,17.400493]]]},"properties":{"id":"41702fdc0489","height":null,"num_floors":null,"render_height_m":9.6,"height_label":"assumed"}},{"type":"Feature","geometry":{"type":"Polygon","coordinates":[[[78.465175,17.401027],[78.465261,17.401092],[78.465165,17.401208],[78.465079,17.401142],[78.465175,17.401027]]]},"properties":{"id":"95884afe5cd9","height":null,"num_floors":null,"render_height_m":9.6,"height_label":"assumed"}},{"type":"Feature","geometry":{"type":"Polygon","coordinates":[[[78.46526,17.401092],[78.46532,17.401136],[78.465225,17.401253],[78.465165,17.401208],[78.46526,17.401092]]]},"properties":{"id":"c303f76f676d","height":null,"num_floors":null,"render_height_m":9.6,"height_label":"assumed"}},{"type":"Feature","geometry":{"type":"Polygon","coordinates":[[[78.465288,17.400759],[78.465492,17.400917],[78.46539,17.401038],[78.465186,17.400879],[78.465288,17.400759]]]},"properties":{"id":"07cecd04c8b7","height":null,"num_floors":null,"render_height_m":12.8,"height_label":"assumed"}},{"type":"Feature","geometry":{"type":"Polygon","coordinates":[[[78.465461,17.400775],[78.465115,17.400523],[78.465218,17.400394],[78.465565,17.400646],[78.465461,17.400775]]]},"properties":{"id":"a8702d070fbe","height":null,"num_floors":null,"render_height_m":19.2,"height_label":"assumed"}},{"type":"Feature","geometry":{"type":"Polygon","coordinates":[[[78.465187,17.400666],[78.46508,17.400796],[78.464935,17.400689],[78.465042,17.400558],[78.465187,17.400666]]]},"properties":{"id":"91f20ad19268","height":null,"num_floors":null,"render_height_m":12.8,"height_label":"assumed"}},{"type":"Feature","geometry":{"type":"Polygon","coordinates":[[[78.465108,17.400977],[78.465174,17.401027],[78.465096,17.401123],[78.465085,17.401114],[78.465068,17.401135],[78.465013,17.401094],[78.465108,17.400977]]]},"properties":{"id":"e796f279c97f","height":null,"num_floors":null,"render_height_m":9.6,"height_label":"assumed"}},{"type":"Feature","geometry":{"type":"Polygon","coordinates":[[[78.464927,17.401095],[78.464946,17.401073],[78.465189,17.401264],[78.46517,17.401287],[78.464927,17.401095]]]},"properties":{"id":"e05b3280060c","height":null,"num_floors":null,"render_height_m":9.6,"height_label":"assumed"}},{"type":"Feature","geometry":{"type":"Polygon","coordinates":[[[78.464984,17.40146],[78.464868,17.401364],[78.465034,17.401181],[78.46515,17.401277],[78.464984,17.40146]]]},"properties":{"id":"3bde0afc3722","height":null,"num_floors":null,"render_height_m":12.8,"height_label":"assumed"}},{"type":"Feature","geometry":{"type":"Polygon","coordinates":[[[78.465129,17.401374],[78.465173,17.401409],[78.465091,17.401505],[78.465047,17.40147],[78.465129,17.401374]]]},"properties":{"id":"6ba75110b2ad","height":null,"num_floors":null,"render_height_m":9.6,"height_label":"assumed"}},{"type":"Feature","geometry":{"type":"Polygon","coordinates":[[[78.465194,17.401268],[78.465254,17.401315],[78.465173,17.401409],[78.465114,17.401363],[78.465194,17.401268]]]},"properties":{"id":"4642a09cfcd3","height":null,"num_floors":null,"render_height_m":9.6,"height_label":"assumed"}},{"type":"Feature","geometry":{"type":"Polygon","coordinates":[[[78.465306,17.40182],[78.465331,17.40185],[78.465306,17.401869],[78.465338,17.401908],[78.465203,17.40201],[78.465146,17.401941],[78.465306,17.40182]]]},"properties":{"id":"d24775d2f0be","height":null,"num_floors":null,"render_height_m":9.6,"height_label":"assumed"}},{"type":"Feature","geometry":{"type":"Polygon","coordinates":[[[78.465062,17.402046],[78.465397,17.402486],[78.465311,17.402546],[78.46503,17.402179],[78.464911,17.402261],[78.464856,17.402189],[78.465062,17.402046]]]},"properties":{"id":"4d18825dc969","height":null,"num_floors":null,"render_height_m":19.2,"height_label":"assumed"}},{"type":"Feature","geometry":{"type":"Polygon","coordinates":[[[78.464974,17.4023],[78.465227,17.402496],[78.465176,17.402557],[78.464993,17.402416],[78.464927,17.402493],[78.46511,17.402635],[78.46506,17.402694],[78.464806,17.402498],[78.464974,17.4023]]]},"properties":{"id":"7a4a7c85d126","height":null,"num_floors":null,"render_height_m":12.8,"height_label":"assumed"}},{"type":"Feature","geometry":{"type":"Polygon","coordinates":[[[78.465356,17.402806],[78.465115,17.402974],[78.465,17.402824],[78.465313,17.402605],[78.465429,17.402755],[78.465421,17.40276],[78.465356,17.402806]]]},"properties":{"id":"b3dff348e815","height":null,"num_floors":null,"render_height_m":19.2,"height_label":"assumed"}},{"type":"Feature","geometry":{"type":"Polygon","coordinates":[[[78.465308,17.402082],[78.465406,17.402206],[78.465321,17.402267],[78.465247,17.402173],[78.46527,17.402157],[78.465246,17.402127],[78.465308,17.402082]]]},"properties":{"id":"a7bff6e5d574","height":null,"num_floors":null,"render_height_m":9.6,"height_label":"assumed"}},{"type":"Feature","geometry":{"type":"Polygon","coordinates":[[[78.465513,17.40204],[78.465591,17.402133],[78.465546,17.402168],[78.465467,17.402075],[78.465513,17.40204]]]},"properties":{"id":"354a7e8c310f","height":null,"num_floors":null,"render_height_m":9.6,"height_label":"assumed"}},{"type":"Feature","geometry":{"type":"Polygon","coordinates":[[[78.465576,17.402186],[78.465695,17.40234],[78.465639,17.40238],[78.465519,17.402225],[78.465576,17.402186]]]},"properties":{"id":"bcf520b4013d","height":null,"num_floors":null,"render_height_m":9.6,"height_label":"assumed"}},{"type":"Feature","geometry":{"type":"Polygon","coordinates":[[[78.465854,17.402534],[78.465793,17.402578],[78.465671,17.402422],[78.465733,17.402378],[78.465854,17.402534]]]},"properties":{"id":"3c804498cfe8","height":null,"num_floors":null,"render_height_m":9.6,"height_label":"assumed"}},{"type":"Feature","geometry":{"type":"Polygon","coordinates":[[[78.465724,17.402639],[78.465784,17.402705],[78.465758,17.402727],[78.46578,17.402752],[78.465758,17.40277],[78.465676,17.40268],[78.465724,17.402639]]]},"properties":{"id":"3adea092ed53","height":null,"num_floors":null,"render_height_m":6.4,"height_label":"assumed"}},{"type":"Feature","geometry":{"type":"Polygon","coordinates":[[[78.465689,17.402703],[78.465721,17.40275],[78.465695,17.402766],[78.465664,17.402719],[78.465689,17.402703]]]},"properties":{"id":"bace5f96cc8c","height":null,"num_floors":null,"render_height_m":6.4,"height_label":"assumed"}},{"type":"Feature","geometry":{"type":"Polygon","coordinates":[[[78.465657,17.402529],[78.465706,17.402621],[78.465649,17.402649],[78.4656,17.402557],[78.465657,17.402529]]]},"properties":{"id":"dea9ac8ec5dc","height":null,"num_floors":null,"render_height_m":6.4,"height_label":"assumed"}},{"type":"Feature","geometry":{"type":"Polygon","coordinates":[[[78.465517,17.403015],[78.465356,17.402806],[78.465421,17.40276],[78.465453,17.40274],[78.465552,17.40287],[78.465615,17.402826],[78.465675,17.402905],[78.465517,17.403015]]]},"properties":{"id":"71a0bb972deb","height":null,"num_floors":null,"render_height_m":12.8,"height_label":"assumed"}},{"type":"Feature","geometry":{"type":"Polygon","coordinates":[[[78.465601,17.403504],[78.465785,17.403323],[78.465872,17.403404],[78.465688,17.403584],[78.465601,17.403504]]]},"properties":{"id":"20e937394536","height":null,"num_floors":null,"render_height_m":12.8,"height_label":"assumed"}},{"type":"Feature","geometry":{"type":"Polygon","coordinates":[[[78.46521,17.403331],[78.465252,17.403367],[78.465148,17.40348],[78.465106,17.403444],[78.46521,17.403331]]]},"properties":{"id":"cf8bc56a667a","height":null,"num_floors":null,"render_height_m":9.6,"height_label":"assumed"}},{"type":"Feature","geometry":{"type":"Polygon","coordinates":[[[78.465372,17.403237],[78.465311,17.403303],[78.465283,17.40328],[78.465344,17.403213],[78.465372,17.403237]]]},"properties":{"id":"89be5a30377a","height":null,"num_floors":null,"render_height_m":6.4,"height_label":"assumed"}},{"type":"Feature","geometry":{"type":"Polygon","coordinates":[[[78.465144,17.403154],[78.464748,17.403589],[78.464578,17.403448],[78.464674,17.403344],[78.464603,17.403285],[78.464804,17.403064],[78.464882,17.403129],[78.464982,17.403019],[78.465144,17.403154]]]},"properties":{"id":"27a372d27da3","height":null,"num_floors":null,"render_height_m":19.2,"height_label":"assumed"}},{"type":"Feature","geometry":{"type":"Polygon","coordinates":[[[78.464572,17.403786],[78.464164,17.403451],[78.46428,17.403323],[78.464688,17.403658],[78.464572,17.403786]]]},"properties":{"id":"d4a4d42e1479","height":null,"num_floors":null,"render_height_m":19.2,"height_label":"assumed"}},{"type":"Feature","geometry":{"type":"Polygon","coordinates":[[[78.464667,17.403169],[78.464602,17.403243],[78.464564,17.403211],[78.464629,17.403138],[78.464667,17.403169]]]},"properties":{"id":"229eaba713c2","height":null,"num_floors":null,"render_height_m":6.4,"height_label":"assumed"}},{"type":"Feature","geometry":{"type":"Polygon","coordinates":[[[78.464682,17.40282],[78.464786,17.402874],[78.464765,17.40291],[78.464662,17.402856],[78.464682,17.40282]]]},"properties":{"id":"0469e5c43365","height":null,"num_floors":null,"render_height_m":6.4,"height_label":"assumed"}},{"type":"Feature","geometry":{"type":"Polygon","coordinates":[[[78.46471,17.403043],[78.464744,17.403059],[78.464727,17.40309],[78.464694,17.403074],[78.46471,17.403043]]]},"properties":{"id":"1a9e8faebee8","height":null,"num_floors":null,"render_height_m":6.4,"height_label":"assumed"}},{"type":"Feature","geometry":{"type":"Polygon","coordinates":[[[78.464765,17.402983],[78.464795,17.403003],[78.464759,17.403053],[78.464729,17.403033],[78.464765,17.402983]]]},"properties":{"id":"a777b02fc422","height":null,"num_floors":null,"render_height_m":6.4,"height_label":"assumed"}},{"type":"Feature","geometry":{"type":"Polygon","coordinates":[[[78.464551,17.402611],[78.464647,17.402499],[78.46485,17.402657],[78.464754,17.402769],[78.464551,17.402611]]]},"properties":{"id":"5cfb6d3824af","height":null,"num_floors":null,"render_height_m":12.8,"height_label":"assumed"}},{"type":"Feature","geometry":{"type":"Polygon","coordinates":[[[78.464755,17.402452],[78.464697,17.402403],[78.46486,17.402228],[78.464918,17.402277],[78.464755,17.402452]]]},"properties":{"id":"71429c160cda","height":null,"num_floors":null,"render_height_m":9.6,"height_label":"assumed"}},{"type":"Feature","geometry":{"type":"Polygon","coordinates":[[[78.464428,17.402062],[78.46449,17.402105],[78.464447,17.402162],[78.464385,17.402119],[78.464428,17.402062]]]},"properties":{"id":"36145382e86c","height":null,"num_floors":null,"render_height_m":6.4,"height_label":"assumed"}},{"type":"Feature","geometry":{"type":"Polygon","coordinates":[[[78.464448,17.40216],[78.46448,17.402167],[78.464473,17.402196],[78.464441,17.402189],[78.464448,17.40216]]]},"properties":{"id":"ae5410af46c9","height":null,"num_floors":null,"render_height_m":6.4,"height_label":"assumed"}},{"type":"Feature","geometry":{"type":"Polygon","coordinates":[[[78.464435,17.402178],[78.464389,17.40224],[78.464362,17.402221],[78.464408,17.40216],[78.464435,17.402178]]]},"properties":{"id":"5c6ee38339e5","height":null,"num_floors":null,"render_height_m":6.4,"height_label":"assumed"}},{"type":"Feature","geometry":{"type":"Polygon","coordinates":[[[78.464365,17.402018],[78.464422,17.402058],[78.464367,17.402131],[78.464309,17.402091],[78.464365,17.402018]]]},"properties":{"id":"8face97aa034","height":null,"num_floors":null,"render_height_m":6.4,"height_label":"assumed"}},{"type":"Feature","geometry":{"type":"Polygon","coordinates":[[[78.464261,17.402156],[78.464318,17.402196],[78.46424,17.402299],[78.464182,17.402258],[78.464261,17.402156]]]},"properties":{"id":"65a6c7fe4d30","height":null,"num_floors":null,"render_height_m":9.6,"height_label":"assumed"}},{"type":"Feature","geometry":{"type":"Polygon","coordinates":[[[78.464318,17.402196],[78.464386,17.402244],[78.464262,17.402407],[78.464194,17.402359],[78.464318,17.402196]]]},"properties":{"id":"0dd77cb39680","height":null,"num_floors":null,"render_height_m":9.6,"height_label":"assumed"}},{"type":"Feature","geometry":{"type":"Polygon","coordinates":[[[78.46409,17.402363],[78.464153,17.402412],[78.464108,17.402466],[78.464044,17.402417],[78.46409,17.402363]]]},"properties":{"id":"acea547e2d5d","height":null,"num_floors":null,"render_height_m":6.4,"height_label":"assumed"}},{"type":"Feature","geometry":{"type":"Polygon","coordinates":[[[78.464136,17.402315],[78.463861,17.402123],[78.463973,17.401977],[78.464144,17.402097],[78.464161,17.402075],[78.464264,17.402147],[78.464196,17.402236],[78.464137,17.402195],[78.464108,17.402234],[78.464166,17.402275],[78.464136,17.402315]]]},"properties":{"id":"9f4a242ae607","height":null,"num_floors":null,"render_height_m":12.8,"height_label":"assumed"}},{"type":"Feature","geometry":{"type":"Polygon","coordinates":[[[78.464083,17.402348],[78.464038,17.402414],[78.463921,17.402342],[78.463942,17.402311],[78.463899,17.402284],[78.463923,17.402248],[78.464083,17.402348]]]},"properties":{"id":"ba9efc6cac1b","height":null,"num_floors":null,"render_height_m":9.6,"height_label":"assumed"}},{"type":"Feature","geometry":{"type":"Polygon","coordinates":[[[78.463906,17.402386],[78.463987,17.402443],[78.46395,17.402491],[78.464019,17.402539],[78.463991,17.402575],[78.463842,17.402469],[78.463906,17.402386]]]},"properties":{"id":"298c71e79354","height":null,"num_floors":null,"render_height_m":9.6,"height_label":"assumed"}},{"type":"Feature","geometry":{"type":"Polygon","coordinates":[[[78.463994,17.402454],[78.464056,17.40249],[78.464026,17.402536],[78.463965,17.4025],[78.463994,17.402454]]]},"properties":{"id":"0276d0a38b56","height":null,"num_floors":null,"render_height_m":6.4,"height_label":"assumed"}},{"type":"Feature","geometry":{"type":"Polygon","coordinates":[[[78.464035,17.402704],[78.463964,17.402792],[78.463933,17.402769],[78.464003,17.40268],[78.464035,17.402704]]]},"properties":{"id":"283e7d11d4ea","height":null,"num_floors":null,"render_height_m":6.4,"height_label":"assumed"}},{"type":"Feature","geometry":{"type":"Polygon","coordinates":[[[78.464303,17.40324],[78.464238,17.403187],[78.46435,17.403062],[78.46455,17.403224],[78.464438,17.40335],[78.464376,17.4033],[78.464455,17.403219],[78.464382,17.403153],[78.464303,17.40324]]]},"properties":{"id":"56f81964fefe","height":null,"num_floors":null,"render_height_m":12.8,"height_label":"assumed"}},{"type":"Feature","geometry":{"type":"Polygon","coordinates":[[[78.463529,17.403091],[78.463653,17.403181],[78.463613,17.403231],[78.46349,17.403141],[78.463529,17.403091]]]},"properties":{"id":"cf9b347b428c","height":null,"num_floors":null,"render_height_m":9.6,"height_label":"assumed"}},{"type":"Feature","geometry":{"type":"Polygon","coordinates":[[[78.463609,17.403072],[78.463493,17.402976],[78.463599,17.402859],[78.463715,17.402954],[78.463609,17.403072]]]},"properties":{"id":"07312c9f7000","height":null,"num_floors":null,"render_height_m":12.8,"height_label":"assumed"}},{"type":"Feature","geometry":{"type":"Polygon","coordinates":[[[78.463502,17.403181],[78.463589,17.403231],[78.463563,17.403273],[78.463476,17.403222],[78.463502,17.403181]]]},"properties":{"id":"2d11890282f5","height":null,"num_floors":null,"render_height_m":6.4,"height_label":"assumed"}},{"type":"Feature","geometry":{"type":"Polygon","coordinates":[[[78.463122,17.403595],[78.463022,17.403516],[78.463095,17.403431],[78.463195,17.403509],[78.463122,17.403595]]]},"properties":{"id":"8f59e10615e2","height":null,"num_floors":null,"render_height_m":9.6,"height_label":"assumed"}},{"type":"Feature","geometry":{"type":"Polygon","coordinates":[[[78.46302,17.403395],[78.462966,17.40347],[78.4629,17.403427],[78.462954,17.403352],[78.46302,17.403395]]]},"properties":{"id":"d56974d34440","height":null,"num_floors":null,"render_height_m":9.6,"height_label":"assumed"}},{"type":"Feature","geometry":{"type":"Polygon","coordinates":[[[78.463253,17.402927],[78.463335,17.402977],[78.463285,17.403053],[78.463203,17.403002],[78.463253,17.402927]]]},"properties":{"id":"f464a2f45ea2","height":null,"num_floors":null,"render_height_m":9.6,"height_label":"assumed"}},{"type":"Feature","geometry":{"type":"Polygon","coordinates":[[[78.463196,17.402512],[78.463322,17.40259],[78.463261,17.40268],[78.463136,17.402601],[78.463196,17.402512]]]},"properties":{"id":"29c3b9a0b957","height":null,"num_floors":null,"render_height_m":9.6,"height_label":"assumed"}},{"type":"Feature","geometry":{"type":"Polygon","coordinates":[[[78.463066,17.402557],[78.463261,17.40268],[78.463219,17.402741],[78.463024,17.402618],[78.463066,17.402557]]]},"properties":{"id":"3cb80a6a69b7","height":null,"num_floors":null,"render_height_m":9.6,"height_label":"assumed"}},{"type":"Feature","geometry":{"type":"Polygon","coordinates":[[[78.463008,17.402734],[78.463156,17.402797],[78.463113,17.402891],[78.462965,17.402829],[78.463008,17.402734]]]},"properties":{"id":"56404d36b5a3","height":null,"num_floors":null,"render_height_m":9.6,"height_label":"assumed"}},{"type":"Feature","geometry":{"type":"Polygon","coordinates":[[[78.463087,17.402312],[78.463135,17.402311],[78.463136,17.402357],[78.463088,17.402358],[78.463087,17.402312]]]},"properties":{"id":"f486e6b7a73b","height":null,"num_floors":null,"render_height_m":6.4,"height_label":"assumed"}},{"type":"Feature","geometry":{"type":"Polygon","coordinates":[[[78.462867,17.402353],[78.463085,17.402351],[78.463086,17.402438],[78.462867,17.402439],[78.462867,17.402353]]]},"properties":{"id":"819224554f46","height":null,"num_floors":null,"render_height_m":9.6,"height_label":"assumed"}},{"type":"Feature","geometry":{"type":"Polygon","coordinates":[[[78.462821,17.402137],[78.463054,17.402145],[78.463048,17.402298],[78.462877,17.402292],[78.462879,17.402229],[78.462817,17.402227],[78.462821,17.402137]]]},"properties":{"id":"8b56d25e51a6","height":null,"num_floors":null,"render_height_m":12.8,"height_label":"assumed"}},{"type":"Feature","geometry":{"type":"Polygon","coordinates":[[[78.463338,17.402294],[78.463357,17.402305],[78.463378,17.402273],[78.463508,17.402351],[78.463405,17.402511],[78.463285,17.40244],[78.463344,17.402349],[78.463314,17.402331],[78.463338,17.402294]]]},"properties":{"id":"aa0c5cb29cdf","height":null,"num_floors":null,"render_height_m":12.8,"height_label":"assumed"}},{"type":"Feature","geometry":{"type":"Polygon","coordinates":[[[78.463543,17.402061],[78.463551,17.402269],[78.463477,17.402271],[78.46347,17.402064],[78.463543,17.402061]]]},"properties":{"id":"8f0a4161ed52","height":null,"num_floors":null,"render_height_m":9.6,"height_label":"assumed"}},{"type":"Feature","geometry":{"type":"Polygon","coordinates":[[[78.463612,17.402089],[78.463657,17.402117],[78.463623,17.402168],[78.463577,17.402141],[78.463612,17.402089]]]},"properties":{"id":"4a3b8c30d1cd","height":null,"num_floors":null,"render_height_m":6.4,"height_label":"assumed"}},{"type":"Feature","geometry":{"type":"Polygon","coordinates":[[[78.463655,17.402338],[78.463733,17.402386],[78.463642,17.40252],[78.463565,17.402473],[78.463655,17.402338]]]},"properties":{"id":"9389c2673540","height":null,"num_floors":null,"render_height_m":9.6,"height_label":"assumed"}},{"type":"Feature","geometry":{"type":"Polygon","coordinates":[[[78.463434,17.402268],[78.463462,17.40227],[78.463459,17.402306],[78.463431,17.402304],[78.463434,17.402268]]]},"properties":{"id":"991bd616cc6b","height":null,"num_floors":null,"render_height_m":6.4,"height_label":"assumed"}},{"type":"Feature","geometry":{"type":"Polygon","coordinates":[[[78.463491,17.40295],[78.463338,17.402823],[78.463452,17.402698],[78.463605,17.402825],[78.463491,17.40295]]]},"properties":{"id":"587835685373","height":null,"num_floors":null,"render_height_m":12.8,"height_label":"assumed"}},{"type":"Feature","geometry":{"type":"Polygon","coordinates":[[[78.463622,17.402586],[78.463706,17.402645],[78.463629,17.402746],[78.463545,17.402687],[78.463622,17.402586]]]},"properties":{"id":"83d1f59f4834","height":null,"num_floors":null,"render_height_m":9.6,"height_label":"assumed"}},{"type":"Feature","geometry":{"type":"Polygon","coordinates":[[[78.463889,17.402776],[78.463767,17.402913],[78.463685,17.402847],[78.463807,17.40271],[78.463889,17.402776]]]},"properties":{"id":"a25249c834ac","height":null,"num_floors":null,"render_height_m":9.6,"height_label":"assumed"}},{"type":"Feature","geometry":{"type":"Polygon","coordinates":[[[78.463879,17.402705],[78.463691,17.402574],[78.463786,17.402451],[78.463974,17.402582],[78.463879,17.402705]]]},"properties":{"id":"1254efb34a5f","height":null,"num_floors":null,"render_height_m":12.8,"height_label":"assumed"}},{"type":"Feature","geometry":{"type":"Polygon","coordinates":[[[78.463792,17.40232],[78.463773,17.402358],[78.463648,17.402303],[78.463683,17.402231],[78.463773,17.402271],[78.463757,17.402305],[78.463792,17.40232]]]},"properties":{"id":"efe749d768d4","height":null,"num_floors":null,"render_height_m":9.6,"height_label":"assumed"}},{"type":"Feature","geometry":{"type":"Polygon","coordinates":[[[78.463827,17.402276],[78.463711,17.402187],[78.463774,17.402112],[78.46389,17.4022],[78.463827,17.402276]]]},"properties":{"id":"83e7f1674b38","height":null,"num_floors":null,"render_height_m":9.6,"height_label":"assumed"}},{"type":"Feature","geometry":{"type":"Polygon","coordinates":[[[78.463907,17.402038],[78.463865,17.402089],[78.46384,17.402069],[78.463882,17.402019],[78.463907,17.402038]]]},"properties":{"id":"63cdc6a3b39a","height":null,"num_floors":null,"render_height_m":6.4,"height_label":"assumed"}},{"type":"Feature","geometry":{"type":"Polygon","coordinates":[[[78.463681,17.401956],[78.463745,17.401994],[78.463712,17.402047],[78.463669,17.402021],[78.463681,17.402002],[78.46366,17.401989],[78.463681,17.401956]]]},"properties":{"id":"905654c02e00","height":null,"num_floors":null,"render_height_m":6.4,"height_label":"assumed"}},{"type":"Feature","geometry":{"type":"Polygon","coordinates":[[[78.463711,17.401905],[78.463774,17.401944],[78.463744,17.401989],[78.463681,17.40195],[78.463711,17.401905]]]},"properties":{"id":"cf2c0cb0be47","height":null,"num_floors":null,"render_height_m":6.4,"height_label":"assumed"}},{"type":"Feature","geometry":{"type":"Polygon","coordinates":[[[78.463687,17.401886],[78.46371,17.401902],[78.463674,17.40195],[78.463652,17.401935],[78.463687,17.401886]]]},"properties":{"id":"bce2a44156f7","height":null,"num_floors":null,"render_height_m":6.4,"height_label":"assumed"}},{"type":"Feature","geometry":{"type":"Polygon","coordinates":[[[78.46372,17.401814],[78.463818,17.401879],[78.463779,17.401933],[78.463681,17.401868],[78.46372,17.401814]]]},"properties":{"id":"e16817ab0c39","height":null,"num_floors":null,"render_height_m":9.6,"height_label":"assumed"}},{"type":"Feature","geometry":{"type":"Polygon","coordinates":[[[78.463894,17.401637],[78.46366,17.401478],[78.463778,17.401318],[78.464013,17.401477],[78.463894,17.401637]]]},"properties":{"id":"798591cb3e9f","height":null,"num_floors":null,"render_height_m":12.8,"height_label":"assumed"}},{"type":"Feature","geometry":{"type":"Polygon","coordinates":[[[78.463564,17.401419],[78.463707,17.401518],[78.463601,17.401659],[78.463552,17.401624],[78.4636,17.40156],[78.463556,17.40153],[78.463573,17.401508],[78.463523,17.401473],[78.463564,17.401419]]]},"properties":{"id":"adda9fa142a5","height":null,"num_floors":null,"render_height_m":9.6,"height_label":"assumed"}},{"type":"Feature","geometry":{"type":"Polygon","coordinates":[[[78.463552,17.401672],[78.463566,17.401785],[78.463414,17.401803],[78.463399,17.40169],[78.463552,17.401672]]]},"properties":{"id":"4d743c4133b6","height":null,"num_floors":null,"render_height_m":9.6,"height_label":"assumed"}},{"type":"Feature","geometry":{"type":"Polygon","coordinates":[[[78.463648,17.401757],[78.463724,17.401806],[78.463682,17.401866],[78.463606,17.401817],[78.463648,17.401757]]]},"properties":{"id":"7538df5b2d1d","height":null,"num_floors":null,"render_height_m":6.4,"height_label":"assumed"}},{"type":"Feature","geometry":{"type":"Polygon","coordinates":[[[78.463413,17.402021],[78.463411,17.401949],[78.463583,17.401944],[78.463585,17.402016],[78.463413,17.402021]]]},"properties":{"id":"10dc86c23d9d","height":null,"num_floors":null,"render_height_m":9.6,"height_label":"assumed"}},{"type":"Feature","geometry":{"type":"Polygon","coordinates":[[[78.463226,17.401957],[78.463338,17.401954],[78.463341,17.402038],[78.46343,17.402035],[78.463432,17.402102],[78.46323,17.402107],[78.463226,17.401957]]]},"properties":{"id":"8a21517f87e2","height":null,"num_floors":null,"render_height_m":12.8,"height_label":"assumed"}},{"type":"Feature","geometry":{"type":"Polygon","coordinates":[[[78.463328,17.401711],[78.463383,17.401705],[78.463389,17.401763],[78.463334,17.401768],[78.463328,17.401711]]]},"properties":{"id":"4586cb38bd82","height":null,"num_floors":null,"render_height_m":6.4,"height_label":"assumed"}},{"type":"Feature","geometry":{"type":"Polygon","coordinates":[[[78.46303,17.402098],[78.462843,17.402101],[78.46284,17.401934],[78.463027,17.401931],[78.46303,17.402098]]]},"properties":{"id":"8a55c82545c0","height":null,"num_floors":null,"render_height_m":12.8,"height_label":"assumed"}},{"type":"Feature","geometry":{"type":"Polygon","coordinates":[[[78.463093,17.401816],[78.463088,17.40193],[78.462953,17.401925],[78.462958,17.401811],[78.463093,17.401816]]]},"properties":{"id":"216438c035a9","height":null,"num_floors":null,"render_height_m":9.6,"height_label":"assumed"}},{"type":"Feature","geometry":{"type":"Polygon","coordinates":[[[78.462839,17.401657],[78.463039,17.40166],[78.463037,17.401772],[78.462861,17.40177],[78.462862,17.401694],[78.462839,17.401693],[78.462839,17.401657]]]},"properties":{"id":"8725a8854c14","height":null,"num_floors":null,"render_height_m":9.6,"height_label":"assumed"}},{"type":"Feature","geometry":{"type":"Polygon","coordinates":[[[78.463226,17.401436],[78.463223,17.401403],[78.463178,17.401406],[78.463176,17.401376],[78.463318,17.401365],[78.463324,17.401428],[78.463226,17.401436]]]},"properties":{"id":"a3e7cb8627cd","height":null,"num_floors":null,"render_height_m":9.6,"height_label":"assumed"}},{"type":"Feature","geometry":{"type":"Polygon","coordinates":[[[78.463455,17.401508],[78.463467,17.401655],[78.463301,17.401667],[78.46329,17.401521],[78.463332,17.401517],[78.463333,17.401526],[78.463351,17.401524],[78.463351,17.401516],[78.463455,17.401508]]]},"properties":{"id":"92a0ec1bbbca","height":null,"num_floors":null,"render_height_m":12.8,"height_label":"assumed"}},{"type":"Feature","geometry":{"type":"Polygon","coordinates":[[[78.463344,17.401431],[78.463348,17.401478],[78.463256,17.401485],[78.463253,17.401438],[78.463344,17.401431]]]},"properties":{"id":"ba4d0c968c8d","height":null,"num_floors":null,"render_height_m":6.4,"height_label":"assumed"}},{"type":"Feature","geometry":{"type":"Polygon","coordinates":[[[78.463385,17.400906],[78.463433,17.400903],[78.463438,17.400969],[78.46339,17.400973],[78.463385,17.400906]]]},"properties":{"id":"7f2debd28359","height":null,"num_floors":null,"render_height_m":6.4,"height_label":"assumed"}},{"type":"Feature","geometry":{"type":"Polygon","coordinates":[[[78.463417,17.40118],[78.463146,17.401209],[78.463121,17.401003],[78.463393,17.400974],[78.463417,17.40118]]]},"properties":{"id":"aba16c5123b1","height":null,"num_floors":null,"render_height_m":12.8,"height_label":"assumed"}},{"type":"Feature","geometry":{"type":"Polygon","coordinates":[[[78.463015,17.401294],[78.462883,17.401302],[78.462874,17.401167],[78.463007,17.401159],[78.463015,17.401294]]]},"properties":{"id":"d7a51b06edf3","height":null,"num_floors":null,"render_height_m":9.6,"height_label":"assumed"}},{"type":"Feature","geometry":{"type":"Polygon","coordinates":[[[78.462984,17.401049],[78.462985,17.40111],[78.462885,17.401112],[78.462884,17.401051],[78.462984,17.401049]]]},"properties":{"id":"59da72155cfb","height":null,"num_floors":null,"render_height_m":6.4,"height_label":"assumed"}},{"type":"Feature","geometry":{"type":"Polygon","coordinates":[[[78.462883,17.400579],[78.46301,17.40061],[78.462976,17.400743],[78.462848,17.400713],[78.462883,17.400579]]]},"properties":{"id":"cc7118231b39","height":null,"num_floors":null,"render_height_m":9.6,"height_label":"assumed"}},{"type":"Feature","geometry":{"type":"Polygon","coordinates":[[[78.463082,17.400776],[78.463071,17.400618],[78.463218,17.400609],[78.463229,17.400766],[78.463082,17.400776]]]},"properties":{"id":"42aa4d820c52","height":null,"num_floors":null,"render_height_m":12.8,"height_label":"assumed"}},{"type":"Feature","geometry":{"type":"Polygon","coordinates":[[[78.463232,17.400781],[78.463288,17.400777],[78.463295,17.400887],[78.46324,17.40089],[78.463232,17.400781]]]},"properties":{"id":"5c6ea1c83ed7","height":null,"num_floors":null,"render_height_m":6.4,"height_label":"assumed"}},{"type":"Feature","geometry":{"type":"Polygon","coordinates":[[[78.463457,17.400726],[78.463463,17.40081],[78.463381,17.400815],[78.463375,17.400731],[78.463457,17.400726]]]},"properties":{"id":"b9e1708a4316","height":null,"num_floors":null,"render_height_m":9.6,"height_label":"assumed"}},{"type":"Feature","geometry":{"type":"Polygon","coordinates":[[[78.463374,17.400647],[78.46345,17.400642],[78.463456,17.400724],[78.46338,17.400729],[78.463374,17.400647]]]},"properties":{"id":"4d78322804a9","height":null,"num_floors":null,"render_height_m":6.4,"height_label":"assumed"}},{"type":"Feature","geometry":{"type":"Polygon","coordinates":[[[78.463646,17.40064],[78.463653,17.400772],[78.463559,17.400776],[78.463552,17.400644],[78.463646,17.40064]]]},"properties":{"id":"a700d330189c","height":null,"num_floors":null,"render_height_m":9.6,"height_label":"assumed"}},{"type":"Feature","geometry":{"type":"Polygon","coordinates":[[[78.463843,17.401019],[78.46394,17.401087],[78.463895,17.401147],[78.463798,17.40108],[78.463843,17.401019]]]},"properties":{"id":"c3992a06e8ba","height":null,"num_floors":null,"render_height_m":9.6,"height_label":"assumed"}},{"type":"Feature","geometry":{"type":"Polygon","coordinates":[[[78.463803,17.400479],[78.463997,17.400475],[78.464003,17.400731],[78.463863,17.400733],[78.463861,17.400623],[78.463806,17.400625],[78.463803,17.400479]]]},"properties":{"id":"eb9613bf5bb8","height":null,"num_floors":null,"render_height_m":12.8,"height_label":"assumed"}},{"type":"Feature","geometry":{"type":"Polygon","coordinates":[[[78.464099,17.400731],[78.464142,17.400766],[78.464103,17.40081],[78.464139,17.400839],[78.464064,17.400925],[78.463942,17.400826],[78.464018,17.400741],[78.46406,17.400775],[78.464099,17.400731]]]},"properties":{"id":"81ef82096476","height":null,"num_floors":null,"render_height_m":9.6,"height_label":"assumed"}},{"type":"Feature","geometry":{"type":"Polygon","coordinates":[[[78.464148,17.400767],[78.46419,17.400807],[78.464154,17.400842],[78.464112,17.400802],[78.464148,17.400767]]]},"properties":{"id":"69e0e4b58495","height":null,"num_floors":null,"render_height_m":6.4,"height_label":"assumed"}},{"type":"Feature","geometry":{"type":"Polygon","coordinates":[[[78.464056,17.400469],[78.464251,17.400466],[78.464256,17.400716],[78.464061,17.400719],[78.464056,17.400469]]]},"properties":{"id":"05afcadaa0d3","height":null,"num_floors":null,"render_height_m":12.8,"height_label":"assumed"}},{"type":"Feature","geometry":{"type":"Polygon","coordinates":[[[78.464314,17.400585],[78.464316,17.400539],[78.464353,17.400541],[78.464351,17.400587],[78.464314,17.400585]]]},"properties":{"id":"a015fafd33dc","height":null,"num_floors":null,"render_height_m":6.4,"height_label":"assumed"}},{"type":"Feature","geometry":{"type":"Polygon","coordinates":[[[78.464438,17.400651],[78.464441,17.400702],[78.464407,17.400704],[78.46441,17.40075],[78.46437,17.400752],[78.464363,17.400655],[78.464438,17.400651]]]},"properties":{"id":"8ec1859c97cf","height":null,"num_floors":null,"render_height_m":6.4,"height_label":"assumed"}},{"type":"Feature","geometry":{"type":"Polygon","coordinates":[[[78.46429,17.400652],[78.464315,17.400652],[78.464316,17.400673],[78.464361,17.400671],[78.464365,17.400773],[78.464294,17.400776],[78.46429,17.400652]]]},"properties":{"id":"433752be375c","height":null,"num_floors":null,"render_height_m":9.6,"height_label":"assumed"}},{"type":"Feature","geometry":{"type":"Polygon","coordinates":[[[78.464325,17.400986],[78.464254,17.400926],[78.464335,17.400838],[78.464406,17.400898],[78.464325,17.400986]]]},"properties":{"id":"d942239cbf8b","height":null,"num_floors":null,"render_height_m":9.6,"height_label":"assumed"}},{"type":"Feature","geometry":{"type":"Polygon","coordinates":[[[78.464206,17.40102],[78.464246,17.401044],[78.46423,17.401069],[78.46419,17.401044],[78.464206,17.40102]]]},"properties":{"id":"a7e95efd8214","height":null,"num_floors":null,"render_height_m":6.4,"height_label":"assumed"}},{"type":"Feature","geometry":{"type":"Polygon","coordinates":[[[78.464257,17.401019],[78.464321,17.401066],[78.464266,17.401135],[78.464202,17.401088],[78.464257,17.401019]]]},"properties":{"id":"5a32d6c057b7","height":null,"num_floors":null,"render_height_m":9.6,"height_label":"assumed"}},{"type":"Feature","geometry":{"type":"Polygon","coordinates":[[[78.464339,17.401079],[78.464409,17.401132],[78.464353,17.4012],[78.464283,17.401147],[78.464339,17.401079]]]},"properties":{"id":"dbcad5d084ac","height":null,"num_floors":null,"render_height_m":9.6,"height_label":"assumed"}},{"type":"Feature","geometry":{"type":"Polygon","coordinates":[[[78.464171,17.401249],[78.464044,17.401398],[78.463978,17.401346],[78.464028,17.401287],[78.463993,17.40126],[78.463946,17.401315],[78.463846,17.401237],[78.46397,17.401092],[78.464171,17.401249]]]},"properties":{"id":"8c86d1c3c461","height":null,"num_floors":null,"render_height_m":12.8,"height_label":"assumed"}},{"type":"Feature","geometry":{"type":"Polygon","coordinates":[[[78.464174,17.402049],[78.463955,17.4019],[78.464057,17.401763],[78.464277,17.401911],[78.464174,17.402049]]]},"properties":{"id":"e7d069d79f9c","height":null,"num_floors":null,"render_height_m":12.8,"height_label":"assumed"}},{"type":"Feature","geometry":{"type":"Polygon","coordinates":[[[78.464205,17.401631],[78.464314,17.401716],[78.464267,17.401772],[78.464234,17.401747],[78.464221,17.401762],[78.464192,17.40174],[78.464205,17.401724],[78.464157,17.401687],[78.464205,17.401631]]]},"properties":{"id":"2957c972fd48","height":null,"num_floors":null,"render_height_m":9.6,"height_label":"assumed"}},{"type":"Feature","geometry":{"type":"Polygon","coordinates":[[[78.464303,17.401975],[78.464338,17.401999],[78.464295,17.402056],[78.464259,17.402032],[78.464303,17.401975]]]},"properties":{"id":"d64706763e22","height":null,"num_floors":null,"render_height_m":6.4,"height_label":"assumed"}},{"type":"Feature","geometry":{"type":"Polygon","coordinates":[[[78.464315,17.401788],[78.464366,17.401728],[78.464461,17.401801],[78.46441,17.401862],[78.464315,17.401788]]]},"properties":{"id":"f66b4afb9d3e","height":null,"num_floors":null,"render_height_m":9.6,"height_label":"assumed"}},{"type":"Feature","geometry":{"type":"Polygon","coordinates":[[[78.46436,17.401713],[78.464294,17.401661],[78.464353,17.401592],[78.464419,17.401643],[78.46436,17.401713]]]},"properties":{"id":"bcf526fcf3a4","height":null,"num_floors":null,"render_height_m":9.6,"height_label":"assumed"}},{"type":"Feature","geometry":{"type":"Polygon","coordinates":[[[78.464365,17.4015],[78.464409,17.401534],[78.464393,17.401554],[78.464348,17.40152],[78.464365,17.4015]]]},"properties":{"id":"0fd965b122b1","height":null,"num_floors":null,"render_height_m":6.4,"height_label":"assumed"}},{"type":"Feature","geometry":{"type":"Polygon","coordinates":[[[78.464283,17.401653],[78.464171,17.401566],[78.464228,17.401499],[78.46434,17.401586],[78.464283,17.401653]]]},"properties":{"id":"cdd725dd76a0","height":null,"num_floors":null,"render_height_m":9.6,"height_label":"assumed"}},{"type":"Feature","geometry":{"type":"Polygon","coordinates":[[[78.46428,17.401434],[78.46434,17.401359],[78.464464,17.401449],[78.464404,17.401524],[78.46428,17.401434]]]},"properties":{"id":"08eaab9fc295","height":null,"num_floors":null,"render_height_m":9.6,"height_label":"assumed"}},{"type":"Feature","geometry":{"type":"Polygon","coordinates":[[[78.464654,17.401744],[78.46447,17.401594],[78.464597,17.401452],[78.464782,17.401603],[78.464654,17.401744]]]},"properties":{"id":"0b15dd1989a9","height":null,"num_floors":null,"render_height_m":12.8,"height_label":"assumed"}},{"type":"Feature","geometry":{"type":"Polygon","coordinates":[[[78.464564,17.401839],[78.464393,17.401708],[78.464452,17.401638],[78.464623,17.401769],[78.464564,17.401839]]]},"properties":{"id":"c434a10dece2","height":null,"num_floors":null,"render_height_m":9.6,"height_label":"assumed"}},{"type":"Feature","geometry":{"type":"Polygon","coordinates":[[[78.464675,17.401802],[78.464716,17.401836],[78.464655,17.401905],[78.464613,17.401871],[78.464675,17.401802]]]},"properties":{"id":"1480be348947","height":null,"num_floors":null,"render_height_m":6.4,"height_label":"assumed"}},{"type":"Feature","geometry":{"type":"Polygon","coordinates":[[[78.464751,17.401459],[78.464697,17.401417],[78.464737,17.401369],[78.464791,17.401411],[78.464751,17.401459]]]},"properties":{"id":"d4ec8cbe83ee","height":null,"num_floors":null,"render_height_m":6.4,"height_label":"assumed"}},{"type":"Feature","geometry":{"type":"Polygon","coordinates":[[[78.464723,17.401235],[78.464824,17.401314],[78.464797,17.401346],[78.464775,17.401329],[78.464733,17.401378],[78.464709,17.401359],[78.464672,17.401402],[78.464617,17.401359],[78.464723,17.401235]]]},"properties":{"id":"4ddda1e55099","height":null,"num_floors":null,"render_height_m":9.6,"height_label":"assumed"}},{"type":"Feature","geometry":{"type":"Polygon","coordinates":[[[78.464775,17.401329],[78.46482,17.401365],[78.464783,17.401407],[78.464739,17.401371],[78.464775,17.401329]]]},"properties":{"id":"920f6cd6138c","height":null,"num_floors":null,"render_height_m":6.4,"height_label":"assumed"}},{"type":"Feature","geometry":{"type":"Polygon","coordinates":[[[78.464865,17.401347],[78.464724,17.401233],[78.464871,17.401067],[78.465012,17.40118],[78.464865,17.401347]]]},"properties":{"id":"9e7ee72336d4","height":null,"num_floors":null,"render_height_m":12.8,"height_label":"assumed"}},{"type":"Feature","geometry":{"type":"Polygon","coordinates":[[[78.464631,17.401255],[78.464518,17.401168],[78.464561,17.401118],[78.464673,17.401205],[78.464631,17.401255]]]},"properties":{"id":"e72b4f0d2345","height":null,"num_floors":null,"render_height_m":9.6,"height_label":"assumed"}},{"type":"Feature","geometry":{"type":"Polygon","coordinates":[[[78.464456,17.401256],[78.464501,17.401283],[78.464483,17.401311],[78.464438,17.401284],[78.464456,17.401256]]]},"properties":{"id":"f2f6e3176441","height":null,"num_floors":null,"render_height_m":6.4,"height_label":"assumed"}},{"type":"Feature","geometry":{"type":"Polygon","coordinates":[[[78.464444,17.400948],[78.464515,17.401],[78.46441,17.401131],[78.464339,17.401079],[78.464444,17.400948]]]},"properties":{"id":"2db2ed0a1bb4","height":null,"num_floors":null,"render_height_m":9.6,"height_label":"assumed"}},{"type":"Feature","geometry":{"type":"Polygon","coordinates":[[[78.464532,17.400675],[78.464669,17.400785],[78.464604,17.400859],[78.464588,17.400846],[78.464563,17.400874],[78.464579,17.400887],[78.464513,17.400963],[78.464343,17.400826],[78.464409,17.40075],[78.464442,17.400777],[78.464532,17.400675]]]},"properties":{"id":"f4b03bdba29f","height":null,"num_floors":null,"render_height_m":12.8,"height_label":"assumed"}},{"type":"Feature","geometry":{"type":"Polygon","coordinates":[[[78.464692,17.400742],[78.464563,17.400652],[78.464741,17.400503],[78.464831,17.400565],[78.464692,17.400742]]]},"properties":{"id":"d659ab4134c9","height":null,"num_floors":null,"render_height_m":12.8,"height_label":"assumed"}},{"type":"Feature","geometry":{"type":"Polygon","coordinates":[[[78.465031,17.400895],[78.46492,17.401024],[78.464741,17.400885],[78.464852,17.400756],[78.465031,17.400895]]]},"properties":{"id":"ec04885d7d5d","height":null,"num_floors":null,"render_height_m":12.8,"height_label":"assumed"}},{"type":"Feature","geometry":{"type":"Polygon","coordinates":[[[78.464852,17.400525],[78.464892,17.400517],[78.464898,17.400545],[78.464858,17.400553],[78.464852,17.400525]]]},"properties":{"id":"b89ee7aff11d","height":null,"num_floors":null,"render_height_m":6.4,"height_label":"assumed"}},{"type":"Feature","geometry":{"type":"Polygon","coordinates":[[[78.464473,17.400406],[78.464467,17.400614],[78.464389,17.400612],[78.464394,17.400404],[78.464473,17.400406]]]},"properties":{"id":"48ced44287be","height":null,"num_floors":null,"render_height_m":9.6,"height_label":"assumed"}},{"type":"Feature","geometry":{"type":"Polygon","coordinates":[[[78.46436,17.400197],[78.464362,17.400169],[78.464407,17.400171],[78.464406,17.400199],[78.46436,17.400197]]]},"properties":{"id":"6787e4a86073","height":null,"num_floors":null,"render_height_m":6.4,"height_label":"assumed"}},{"type":"Feature","geometry":{"type":"Polygon","coordinates":[[[78.463702,17.400194],[78.463779,17.400196],[78.463774,17.400316],[78.463698,17.400314],[78.463702,17.400194]]]},"properties":{"id":"44c4cf5426db","height":null,"num_floors":null,"render_height_m":9.6,"height_label":"assumed"}},{"type":"Feature","geometry":{"type":"Polygon","coordinates":[[[78.463703,17.400138],[78.463855,17.400145],[78.463852,17.400205],[78.4637,17.400198],[78.463703,17.400138]]]},"properties":{"id":"a97236d67a2e","height":null,"num_floors":null,"render_height_m":9.6,"height_label":"assumed"}},{"type":"Feature","geometry":{"type":"Polygon","coordinates":[[[78.463848,17.400198],[78.463844,17.400319],[78.463774,17.400316],[78.463779,17.400196],[78.463848,17.400198]]]},"properties":{"id":"5952353698e4","height":null,"num_floors":null,"render_height_m":9.6,"height_label":"assumed"}},{"type":"Feature","geometry":{"type":"Polygon","coordinates":[[[78.463855,17.400145],[78.463926,17.400149],[78.463923,17.400208],[78.46398,17.400211],[78.463976,17.400304],[78.463847,17.400299],[78.463855,17.400145]]]},"properties":{"id":"9b28b19c05c1","height":null,"num_floors":null,"render_height_m":9.6,"height_label":"assumed"}},{"type":"Feature","geometry":{"type":"Polygon","coordinates":[[[78.463496,17.400102],[78.463501,17.400298],[78.463411,17.4003],[78.463406,17.400105],[78.463496,17.400102]]]},"properties":{"id":"9b523f0635c4","height":null,"num_floors":null,"render_height_m":9.6,"height_label":"assumed"}},{"type":"Feature","geometry":{"type":"Polygon","coordinates":[[[78.463542,17.400439],[78.463547,17.400511],[78.463525,17.400513],[78.463531,17.400599],[78.463493,17.400601],[78.463491,17.400577],[78.463454,17.400579],[78.463445,17.400446],[78.463542,17.400439]]]},"properties":{"id":"3deff66f535c","height":null,"num_floors":null,"render_height_m":9.6,"height_label":"assumed"}},{"type":"Feature","geometry":{"type":"Polygon","coordinates":[[[78.463359,17.400435],[78.463435,17.400431],[78.463445,17.400573],[78.463369,17.400578],[78.463359,17.400435]]]},"properties":{"id":"e62aa9c37a33","height":null,"num_floors":null,"render_height_m":9.6,"height_label":"assumed"}},{"type":"Feature","geometry":{"type":"Polygon","coordinates":[[[78.463354,17.400309],[78.463245,17.400309],[78.463244,17.400114],[78.463353,17.400114],[78.463354,17.400309]]]},"properties":{"id":"973579e7af37","height":null,"num_floors":null,"render_height_m":9.6,"height_label":"assumed"}},{"type":"Feature","geometry":{"type":"Polygon","coordinates":[[[78.463002,17.400306],[78.462919,17.400308],[78.462914,17.400178],[78.462997,17.400175],[78.463002,17.400306]]]},"properties":{"id":"504762880685","height":null,"num_floors":null,"render_height_m":9.6,"height_label":"assumed"}},{"type":"Feature","geometry":{"type":"Polygon","coordinates":[[[78.463005,17.400279],[78.463001,17.400165],[78.463209,17.400158],[78.463213,17.400272],[78.463005,17.400279]]]},"properties":{"id":"44d435bac3e9","height":null,"num_floors":null,"render_height_m":12.8,"height_label":"assumed"}},{"type":"Feature","geometry":{"type":"Polygon","coordinates":[[[78.462886,17.400453],[78.462927,17.400456],[78.462923,17.400496],[78.462883,17.400493],[78.462886,17.400453]]]},"properties":{"id":"8542d4d8652e","height":null,"num_floors":null,"render_height_m":6.4,"height_label":"assumed"}},{"type":"Feature","geometry":{"type":"Polygon","coordinates":[[[78.462757,17.400216],[78.462756,17.400269],[78.462674,17.400267],[78.462676,17.400214],[78.462757,17.400216]]]},"properties":{"id":"37997ab8ade0","height":null,"num_floors":null,"render_height_m":6.4,"height_label":"assumed"}},{"type":"Feature","geometry":{"type":"Polygon","coordinates":[[[78.462626,17.400109],[78.462765,17.400121],[78.462756,17.400214],[78.462679,17.400206],[78.462683,17.400169],[78.46262,17.400164],[78.462626,17.400109]]]},"properties":{"id":"22910f56602b","height":null,"num_floors":null,"render_height_m":9.6,"height_label":"assumed"}},{"type":"Feature","geometry":{"type":"Polygon","coordinates":[[[78.462611,17.400254],[78.462674,17.400259],[78.462667,17.400323],[78.462604,17.400317],[78.462611,17.400254]]]},"properties":{"id":"c9c85602e6e6","height":null,"num_floors":null,"render_height_m":6.4,"height_label":"assumed"}},{"type":"Feature","geometry":{"type":"Polygon","coordinates":[[[78.46266,17.400526],[78.462579,17.400529],[78.462573,17.400378],[78.462654,17.400375],[78.46266,17.400526]]]},"properties":{"id":"336966852696","height":null,"num_floors":null,"render_height_m":9.6,"height_label":"assumed"}},{"type":"Feature","geometry":{"type":"Polygon","coordinates":[[[78.462487,17.400521],[78.462272,17.400521],[78.462272,17.400348],[78.462487,17.400348],[78.462487,17.400521]]]},"properties":{"id":"4bb723a8e699","height":null,"num_floors":null,"render_height_m":12.8,"height_label":"assumed"}},{"type":"Feature","geometry":{"type":"Polygon","coordinates":[[[78.462112,17.400257],[78.46219,17.400261],[78.462188,17.400295],[78.46211,17.400292],[78.462112,17.400257]]]},"properties":{"id":"68d4b7839686","height":null,"num_floors":null,"render_height_m":6.4,"height_label":"assumed"}},{"type":"Feature","geometry":{"type":"Polygon","coordinates":[[[78.461803,17.400566],[78.46175,17.40057],[78.461726,17.400278],[78.46178,17.400274],[78.461803,17.400566]]]},"properties":{"id":"b981ffe41217","height":null,"num_floors":null,"render_height_m":9.6,"height_label":"assumed"}},{"type":"Feature","geometry":{"type":"Polygon","coordinates":[[[78.461734,17.400567],[78.461618,17.400575],[78.46159,17.400208],[78.461707,17.4002],[78.461734,17.400567]]]},"properties":{"id":"6762e14b560d","height":null,"num_floors":null,"render_height_m":12.8,"height_label":"assumed"}},{"type":"Feature","geometry":{"type":"Polygon","coordinates":[[[78.461609,17.400595],[78.461502,17.400603],[78.461468,17.400203],[78.461575,17.400195],[78.461609,17.400595]]]},"properties":{"id":"c126abdfa99a","height":null,"num_floors":null,"render_height_m":12.8,"height_label":"assumed"}},{"type":"Feature","geometry":{"type":"Polygon","coordinates":[[[78.461379,17.400471],[78.461063,17.400486],[78.461057,17.400372],[78.461373,17.400357],[78.461379,17.400471]]]},"properties":{"id":"34ae329b489c","height":null,"num_floors":null,"render_height_m":12.8,"height_label":"assumed"}},{"type":"Feature","geometry":{"type":"Polygon","coordinates":[[[78.461061,17.400296],[78.46105,17.400081],[78.461369,17.400065],[78.461381,17.400281],[78.461061,17.400296]]]},"properties":{"id":"56ae3604fb4a","height":null,"num_floors":null,"render_height_m":19.2,"height_label":"assumed"}},{"type":"Feature","geometry":{"type":"Polygon","coordinates":[[[78.461094,17.40069],[78.460998,17.400695],[78.460992,17.400588],[78.461088,17.400583],[78.461094,17.40069]]]},"properties":{"id":"ed39cc3a5228","height":null,"num_floors":null,"render_height_m":9.6,"height_label":"assumed"}},{"type":"Feature","geometry":{"type":"Polygon","coordinates":[[[78.461189,17.400683],[78.461104,17.400688],[78.461098,17.40057],[78.461183,17.400566],[78.461189,17.400683]]]},"properties":{"id":"07aa7bae1bf8","height":null,"num_floors":null,"render_height_m":9.6,"height_label":"assumed"}},{"type":"Feature","geometry":{"type":"Polygon","coordinates":[[[78.461264,17.400683],[78.4612,17.400686],[78.461193,17.400564],[78.461257,17.400561],[78.461264,17.400683]]]},"properties":{"id":"963c0ef25a35","height":null,"num_floors":null,"render_height_m":9.6,"height_label":"assumed"}},{"type":"Feature","geometry":{"type":"Polygon","coordinates":[[[78.461265,17.400537],[78.461321,17.400534],[78.461329,17.40068],[78.461273,17.400683],[78.461265,17.400537]]]},"properties":{"id":"111184ce7e9c","height":null,"num_floors":null,"render_height_m":9.6,"height_label":"assumed"}},{"type":"Feature","geometry":{"type":"Polygon","coordinates":[[[78.461402,17.400676],[78.461338,17.400679],[78.46133,17.400531],[78.461394,17.400528],[78.461402,17.400676]]]},"properties":{"id":"1bc0602ece9f","height":null,"num_floors":null,"render_height_m":9.6,"height_label":"assumed"}},{"type":"Feature","geometry":{"type":"Polygon","coordinates":[[[78.461458,17.400779],[78.461352,17.400784],[78.461349,17.400727],[78.461455,17.400722],[78.461458,17.400779]]]},"properties":{"id":"21e329025139","height":null,"num_floors":null,"render_height_m":6.4,"height_label":"assumed"}},{"type":"Feature","geometry":{"type":"Polygon","coordinates":[[[78.461344,17.400748],[78.461351,17.400879],[78.461138,17.400889],[78.461131,17.400758],[78.461344,17.400748]]]},"properties":{"id":"5432fc448595","height":null,"num_floors":null,"render_height_m":12.8,"height_label":"assumed"}},{"type":"Feature","geometry":{"type":"Polygon","coordinates":[[[78.461504,17.401504],[78.461165,17.401539],[78.461138,17.4013],[78.461227,17.401291],[78.461219,17.401222],[78.46113,17.401231],[78.461105,17.401014],[78.461443,17.400979],[78.461468,17.401196],[78.461293,17.401214],[78.461301,17.401283],[78.461476,17.401265],[78.461504,17.401504]]]},"properties":{"id":"37872bd31756","height":null,"num_floors":null,"render_height_m":19.2,"height_label":"assumed"}},{"type":"Feature","geometry":{"type":"Polygon","coordinates":[[[78.461569,17.401317],[78.461602,17.401318],[78.461602,17.401349],[78.461569,17.401349],[78.461569,17.401317]]]},"properties":{"id":"1359aef56755","height":null,"num_floors":null,"render_height_m":6.4,"height_label":"assumed"}},{"type":"Feature","geometry":{"type":"Polygon","coordinates":[[[78.461616,17.401501],[78.4616,17.40141],[78.461694,17.401394],[78.461711,17.401485],[78.461616,17.401501]]]},"properties":{"id":"2f3b20c3b920","height":null,"num_floors":null,"render_height_m":9.6,"height_label":"assumed"}},{"type":"Feature","geometry":{"type":"Polygon","coordinates":[[[78.461588,17.401637],[78.461666,17.401977],[78.46136,17.402042],[78.461281,17.401701],[78.461588,17.401637]]]},"properties":{"id":"6270264fd40f","height":null,"num_floors":null,"render_height_m":19.2,"height_label":"assumed"}},{"type":"Feature","geometry":{"type":"Polygon","coordinates":[[[78.461908,17.40199],[78.461904,17.402055],[78.461799,17.402049],[78.461801,17.402012],[78.461869,17.402016],[78.461871,17.401988],[78.461908,17.40199]]]},"properties":{"id":"db88414df383","height":null,"num_floors":null,"render_height_m":6.4,"height_label":"assumed"}},{"type":"Feature","geometry":{"type":"Polygon","coordinates":[[[78.461866,17.401478],[78.461724,17.401502],[78.461705,17.401405],[78.461847,17.40138],[78.461866,17.401478]]]},"properties":{"id":"e0224ff1cd61","height":null,"num_floors":null,"render_height_m":9.6,"height_label":"assumed"}},{"type":"Feature","geometry":{"type":"Polygon","coordinates":[[[78.46187,17.401155],[78.461746,17.401178],[78.461729,17.401093],[78.461852,17.401069],[78.46187,17.401155]]]},"properties":{"id":"bf00bf04627c","height":null,"num_floors":null,"render_height_m":9.6,"height_label":"assumed"}},{"type":"Feature","geometry":{"type":"Polygon","coordinates":[[[78.461842,17.401369],[78.461712,17.401384],[78.461689,17.401202],[78.461819,17.401187],[78.461842,17.401369]]]},"properties":{"id":"23591186337b","height":null,"num_floors":null,"render_height_m":12.8,"height_label":"assumed"}},{"type":"Feature","geometry":{"type":"Polygon","coordinates":[[[78.461694,17.401375],[78.461618,17.401382],[78.461601,17.401221],[78.461677,17.401214],[78.461694,17.401375]]]},"properties":{"id":"f2ad0ba4c844","height":null,"num_floors":null,"render_height_m":9.6,"height_label":"assumed"}},{"type":"Feature","geometry":{"type":"Polygon","coordinates":[[[78.461731,17.401173],[78.4616,17.401194],[78.461584,17.401107],[78.461715,17.401086],[78.461731,17.401173]]]},"properties":{"id":"c1b94bbeccf6","height":null,"num_floors":null,"render_height_m":9.6,"height_label":"assumed"}},{"type":"Feature","geometry":{"type":"Polygon","coordinates":[[[78.461418,17.400871],[78.461411,17.400789],[78.461472,17.400785],[78.461478,17.400866],[78.461418,17.400871]]]},"properties":{"id":"b9e840f4adf3","height":null,"num_floors":null,"render_height_m":6.4,"height_label":"assumed"}},{"type":"Feature","geometry":{"type":"Polygon","coordinates":[[[78.461548,17.400709],[78.461501,17.400711],[78.461496,17.40062],[78.461543,17.400618],[78.461548,17.400709]]]},"properties":{"id":"bacf2f89c8a1","height":null,"num_floors":null,"render_height_m":6.4,"height_label":"assumed"}},{"type":"Feature","geometry":{"type":"Polygon","coordinates":[[[78.461495,17.400691],[78.461408,17.400695],[78.4614,17.400537],[78.461486,17.400533],[78.461495,17.400691]]]},"properties":{"id":"be1374c478d1","height":null,"num_floors":null,"render_height_m":9.6,"height_label":"assumed"}},{"type":"Feature","geometry":{"type":"Polygon","coordinates":[[[78.461938,17.401015],[78.461603,17.401043],[78.461565,17.400623],[78.4619,17.400596],[78.461938,17.401015]]]},"properties":{"id":"a837a9bfe5fa","height":null,"num_floors":null,"render_height_m":19.2,"height_label":"assumed"}},{"type":"Feature","geometry":{"type":"Polygon","coordinates":[[[78.462038,17.401057],[78.462056,17.401208],[78.461936,17.401222],[78.461917,17.401071],[78.462038,17.401057]]]},"properties":{"id":"bfaf781d298f","height":null,"num_floors":null,"render_height_m":9.6,"height_label":"assumed"}},{"type":"Feature","geometry":{"type":"Polygon","coordinates":[[[78.46224,17.401188],[78.462258,17.401341],[78.462074,17.401361],[78.462066,17.401293],[78.462034,17.401297],[78.462023,17.401212],[78.46224,17.401188]]]},"properties":{"id":"6f00388346dc","height":null,"num_floors":null,"render_height_m":12.8,"height_label":"assumed"}},{"type":"Feature","geometry":{"type":"Polygon","coordinates":[[[78.462212,17.401125],[78.462219,17.401188],[78.46211,17.401198],[78.462103,17.401135],[78.462212,17.401125]]]},"properties":{"id":"577be8de5f33","height":null,"num_floors":null,"render_height_m":9.6,"height_label":"assumed"}},{"type":"Feature","geometry":{"type":"Polygon","coordinates":[[[78.46204,17.40106],[78.462086,17.401056],[78.462094,17.401135],[78.462048,17.401139],[78.46204,17.40106]]]},"properties":{"id":"c459f072d527","height":null,"num_floors":null,"render_height_m":6.4,"height_label":"assumed"}},{"type":"Feature","geometry":{"type":"Polygon","coordinates":[[[78.462151,17.400936],[78.462237,17.400925],[78.462247,17.400999],[78.462161,17.40101],[78.462151,17.400936]]]},"properties":{"id":"6da2fca89670","height":null,"num_floors":null,"render_height_m":6.4,"height_label":"assumed"}},{"type":"Feature","geometry":{"type":"Polygon","coordinates":[[[78.462112,17.40105],[78.462161,17.401046],[78.462165,17.401081],[78.462296,17.401068],[78.462301,17.401112],[78.46212,17.401129],[78.462112,17.40105]]]},"properties":{"id":"efc8386ac5bf","height":null,"num_floors":null,"render_height_m":9.6,"height_label":"assumed"}},{"type":"Feature","geometry":{"type":"Polygon","coordinates":[[[78.462361,17.401075],[78.462465,17.401069],[78.462473,17.401194],[78.462434,17.401197],[78.462437,17.401249],[78.462372,17.401253],[78.462361,17.401075]]]},"properties":{"id":"3f3ff3deb846","height":null,"num_floors":null,"render_height_m":9.6,"height_label":"assumed"}},{"type":"Feature","geometry":{"type":"Polygon","coordinates":[[[78.46247,17.401007],[78.462349,17.401],[78.462361,17.400815],[78.46229,17.400811],[78.462289,17.400838],[78.462221,17.400834],[78.462231,17.400684],[78.46249,17.400699],[78.46247,17.401007]]]},"properties":{"id":"01c55f00819e","height":null,"num_floors":null,"render_height_m":12.8,"height_label":"assumed"}},{"type":"Feature","geometry":{"type":"Polygon","coordinates":[[[78.462599,17.400656],[78.46267,17.400662],[78.462663,17.400739],[78.462592,17.400733],[78.462599,17.400656]]]},"properties":{"id":"44824b1adf49","height":null,"num_floors":null,"render_height_m":6.4,"height_label":"assumed"}},{"type":"Feature","geometry":{"type":"Polygon","coordinates":[[[78.462614,17.400551],[78.462678,17.400554],[78.462672,17.400653],[78.462608,17.40065],[78.462614,17.400551]]]},"properties":{"id":"0f3c62d388ec","height":null,"num_floors":null,"render_height_m":6.4,"height_label":"assumed"}},{"type":"Feature","geometry":{"type":"Polygon","coordinates":[[[78.462816,17.400706],[78.463014,17.400746],[78.462987,17.400871],[78.462789,17.400831],[78.462816,17.400706]]]},"properties":{"id":"bc8320f57b0e","height":null,"num_floors":null,"render_height_m":12.8,"height_label":"assumed"}},{"type":"Feature","geometry":{"type":"Polygon","coordinates":[[[78.462903,17.400874],[78.462946,17.400882],[78.46294,17.400913],[78.462897,17.400906],[78.462903,17.400874]]]},"properties":{"id":"b5b023086a45","height":null,"num_floors":null,"render_height_m":6.4,"height_label":"assumed"}},{"type":"Feature","geometry":{"type":"Polygon","coordinates":[[[78.462743,17.400832],[78.462849,17.40086],[78.462716,17.401322],[78.46261,17.401294],[78.462743,17.400832]]]},"properties":{"id":"a00400987e16","height":null,"num_floors":null,"render_height_m":12.8,"height_label":"assumed"}},{"type":"Feature","geometry":{"type":"Polygon","coordinates":[[[78.462465,17.401111],[78.462514,17.401115],[78.462512,17.401147],[78.462462,17.401144],[78.462465,17.401111]]]},"properties":{"id":"25ccc5d36a4f","height":null,"num_floors":null,"render_height_m":6.4,"height_label":"assumed"}},{"type":"Feature","geometry":{"type":"Polygon","coordinates":[[[78.462438,17.401192],[78.462475,17.401195],[78.462472,17.401235],[78.462435,17.401232],[78.462438,17.401192]]]},"properties":{"id":"2f62fbe039cd","height":null,"num_floors":null,"render_height_m":6.4,"height_label":"assumed"}},{"type":"Feature","geometry":{"type":"Polygon","coordinates":[[[78.462918,17.401349],[78.462931,17.401592],[78.462775,17.4016],[78.462762,17.401356],[78.462918,17.401349]]]},"properties":{"id":"cbd176122cfc","height":null,"num_floors":null,"render_height_m":12.8,"height_label":"assumed"}},{"type":"Feature","geometry":{"type":"Polygon","coordinates":[[[78.462765,17.401951],[78.462602,17.401949],[78.462604,17.401801],[78.462767,17.401803],[78.462765,17.401951]]]},"properties":{"id":"8f8428f0e129","height":null,"num_floors":null,"render_height_m":12.8,"height_label":"assumed"}},{"type":"Feature","geometry":{"type":"Polygon","coordinates":[[[78.462487,17.401781],[78.46249,17.40167],[78.462755,17.401676],[78.462752,17.401787],[78.462487,17.401781]]]},"properties":{"id":"afdc2f0be3d1","height":null,"num_floors":null,"render_height_m":12.8,"height_label":"assumed"}},{"type":"Feature","geometry":{"type":"Polygon","coordinates":[[[78.462251,17.402005],[78.462279,17.402006],[78.462277,17.402048],[78.462249,17.402047],[78.462251,17.402005]]]},"properties":{"id":"ec0e1e5f9602","height":null,"num_floors":null,"render_height_m":6.4,"height_label":"assumed"}},{"type":"Feature","geometry":{"type":"Polygon","coordinates":[[[78.462437,17.401254],[78.462444,17.40133],[78.462422,17.401332],[78.462428,17.401407],[78.462079,17.401436],[78.462077,17.401414],[78.462047,17.401416],[78.462042,17.401364],[78.462384,17.401335],[78.462377,17.401259],[78.462437,17.401254]]]},"properties":{"id":"0b4dbaaf8242","height":null,"num_floors":null,"render_height_m":12.8,"height_label":"assumed"}},{"type":"Feature","geometry":{"type":"Polygon","coordinates":[[[78.462253,17.401473],[78.462298,17.40147],[78.462303,17.401532],[78.462258,17.401536],[78.462253,17.401473]]]},"properties":{"id":"72fff22bb549","height":null,"num_floors":null,"render_height_m":6.4,"height_label":"assumed"}},{"type":"Feature","geometry":{"type":"Polygon","coordinates":[[[78.462294,17.401577],[78.462294,17.401611],[78.462261,17.401611],[78.462262,17.401577],[78.462294,17.401577]]]},"properties":{"id":"a5226fd9c625","height":null,"num_floors":null,"render_height_m":6.4,"height_label":"assumed"}},{"type":"Feature","geometry":{"type":"Polygon","coordinates":[[[78.461994,17.401237],[78.46201,17.401368],[78.461934,17.401377],[78.461918,17.401245],[78.461994,17.401237]]]},"properties":{"id":"c465391ca9f2","height":null,"num_floors":null,"render_height_m":9.6,"height_label":"assumed"}},{"type":"Feature","geometry":{"type":"Polygon","coordinates":[[[78.462003,17.40137],[78.46202,17.401446],[78.461951,17.40146],[78.461935,17.401384],[78.462003,17.40137]]]},"properties":{"id":"a32bf418b0d1","height":null,"num_floors":null,"render_height_m":6.4,"height_label":"assumed"}},{"type":"Feature","geometry":{"type":"Polygon","coordinates":[[[78.461807,17.401861],[78.461784,17.401516],[78.462186,17.401501],[78.462198,17.401854],[78.461807,17.401861]]]},"properties":{"id":"cc3a8be17c82","height":null,"num_floors":null,"render_height_m":19.2,"height_label":"assumed"}},{"type":"Feature","geometry":{"type":"Polygon","coordinates":[[[78.462182,17.402096],[78.462029,17.402091],[78.462032,17.401992],[78.462123,17.401995],[78.462121,17.402031],[78.462185,17.402032],[78.462182,17.402096]]]},"properties":{"id":"989922d8fe4e","height":null,"num_floors":null,"render_height_m":9.6,"height_label":"assumed"}},{"type":"Feature","geometry":{"type":"Polygon","coordinates":[[[78.462153,17.402255],[78.462011,17.402243],[78.462015,17.402193],[78.462157,17.402205],[78.462153,17.402255]]]},"properties":{"id":"524c579e4250","height":null,"num_floors":null,"render_height_m":9.6,"height_label":"assumed"}},{"type":"Feature","geometry":{"type":"Polygon","coordinates":[[[78.462086,17.402333],[78.462199,17.40235],[78.462183,17.40245],[78.46207,17.402432],[78.462086,17.402333]]]},"properties":{"id":"d1708853c064","height":null,"num_floors":null,"render_height_m":9.6,"height_label":"assumed"}},{"type":"Feature","geometry":{"type":"Polygon","coordinates":[[[78.461916,17.402307],[78.462014,17.402322],[78.461998,17.402421],[78.462054,17.40243],[78.462044,17.402488],[78.46189,17.402464],[78.461916,17.402307]]]},"properties":{"id":"41d74e368af8","height":null,"num_floors":null,"render_height_m":9.6,"height_label":"assumed"}},{"type":"Feature","geometry":{"type":"Polygon","coordinates":[[[78.461891,17.402496],[78.46202,17.402516],[78.462007,17.402593],[78.461878,17.402572],[78.461891,17.402496]]]},"properties":{"id":"e9aacc72477a","height":null,"num_floors":null,"render_height_m":9.6,"height_label":"assumed"}},{"type":"Feature","geometry":{"type":"Polygon","coordinates":[[[78.462024,17.402613],[78.462037,17.40253],[78.462166,17.402549],[78.462157,17.402606],[78.462121,17.402601],[78.462116,17.402627],[78.462024,17.402613]]]},"properties":{"id":"8fc671ad3fcb","height":null,"num_floors":null,"render_height_m":9.6,"height_label":"assumed"}},{"type":"Feature","geometry":{"type":"Polygon","coordinates":[[[78.462571,17.402413],[78.462417,17.402417],[78.462412,17.402269],[78.462567,17.402263],[78.462571,17.402413]]]},"properties":{"id":"4da1a466d30c","height":null,"num_floors":null,"render_height_m":12.8,"height_label":"assumed"}},{"type":"Feature","geometry":{"type":"Polygon","coordinates":[[[78.462694,17.402238],[78.462415,17.402237],[78.462416,17.402051],[78.462695,17.402052],[78.462694,17.402238]]]},"properties":{"id":"446817f4376d","height":null,"num_floors":null,"render_height_m":12.8,"height_label":"assumed"}},{"type":"Feature","geometry":{"type":"Polygon","coordinates":[[[78.46279,17.402076],[78.462823,17.40208],[78.462817,17.402126],[78.462784,17.402122],[78.46279,17.402076]]]},"properties":{"id":"bfa40d91e29f","height":null,"num_floors":null,"render_height_m":6.4,"height_label":"assumed"}},{"type":"Feature","geometry":{"type":"Polygon","coordinates":[[[78.46271,17.402468],[78.462769,17.402468],[78.462769,17.402522],[78.46271,17.402522],[78.46271,17.402468]]]},"properties":{"id":"7f891b41ba95","height":null,"num_floors":null,"render_height_m":6.4,"height_label":"assumed"}},{"type":"Feature","geometry":{"type":"Polygon","coordinates":[[[78.462796,17.402468],[78.46289,17.402468],[78.46289,17.402521],[78.462796,17.402522],[78.462796,17.402468]]]},"properties":{"id":"bde2265aa391","height":null,"num_floors":null,"render_height_m":6.4,"height_label":"assumed"}},{"type":"Feature","geometry":{"type":"Polygon","coordinates":[[[78.462908,17.402765],[78.462788,17.402763],[78.462789,17.402693],[78.462752,17.402692],[78.462755,17.402541],[78.462912,17.402543],[78.462908,17.402765]]]},"properties":{"id":"2277f770ff8d","height":null,"num_floors":null,"render_height_m":12.8,"height_label":"assumed"}},{"type":"Feature","geometry":{"type":"Polygon","coordinates":[[[78.462631,17.402478],[78.462619,17.402601],[78.462491,17.402598],[78.46242,17.402593],[78.46238,17.402578],[78.462373,17.40252],[78.462396,17.402485],[78.462478,17.402478],[78.462631,17.402478]]]},"properties":{"id":"8ca3a9489cd4","height":null,"num_floors":null,"render_height_m":12.8,"height_label":"assumed"}},{"type":"Feature","geometry":{"type":"Polygon","coordinates":[[[78.462489,17.403192],[78.462379,17.403142],[78.462437,17.403025],[78.462548,17.403075],[78.462489,17.403192]]]},"properties":{"id":"87dac0539f4f","height":null,"num_floors":null,"render_height_m":9.6,"height_label":"assumed"}},{"type":"Feature","geometry":{"type":"Polygon","coordinates":[[[78.46261,17.403257],[78.462696,17.403134],[78.462849,17.403231],[78.462811,17.403285],[78.462706,17.403219],[78.462658,17.403287],[78.46261,17.403257]]]},"properties":{"id":"114a7017b95d","height":null,"num_floors":null,"render_height_m":9.6,"height_label":"assumed"}},{"type":"Feature","geometry":{"type":"Polygon","coordinates":[[[78.462952,17.403342],[78.462899,17.40341],[78.462853,17.403378],[78.462907,17.40331],[78.462952,17.403342]]]},"properties":{"id":"ad66ced9d1c2","height":null,"num_floors":null,"render_height_m":6.4,"height_label":"assumed"}},{"type":"Feature","geometry":{"type":"Polygon","coordinates":[[[78.462586,17.40357],[78.462479,17.403518],[78.462539,17.403406],[78.462645,17.403458],[78.462586,17.40357]]]},"properties":{"id":"43d1e40a8aa6","height":null,"num_floors":null,"render_height_m":9.6,"height_label":"assumed"}},{"type":"Feature","geometry":{"type":"Polygon","coordinates":[[[78.462649,17.40337],[78.462581,17.403331],[78.462609,17.403288],[78.462676,17.403327],[78.462649,17.40337]]]},"properties":{"id":"305242244e6e","height":null,"num_floors":null,"render_height_m":6.4,"height_label":"assumed"}},{"type":"Feature","geometry":{"type":"Polygon","coordinates":[[[78.462356,17.403508],[78.462246,17.403713],[78.462184,17.403682],[78.462203,17.40343],[78.462356,17.403508]]]},"properties":{"id":"83ee8f29880e","height":null,"num_floors":null,"render_height_m":12.8,"height_label":"assumed"}},{"type":"Feature","geometry":{"type":"Polygon","coordinates":[[[78.462397,17.403413],[78.462205,17.403334],[78.462258,17.403218],[78.46245,17.403297],[78.462397,17.403413]]]},"properties":{"id":"65efadd0c164","height":null,"num_floors":null,"render_height_m":12.8,"height_label":"assumed"}},{"type":"Feature","geometry":{"type":"Polygon","coordinates":[[[78.462288,17.403],[78.462282,17.403156],[78.46222,17.403154],[78.462225,17.402998],[78.462288,17.403]]]},"properties":{"id":"50884f307605","height":null,"num_floors":null,"render_height_m":9.6,"height_label":"assumed"}},{"type":"Feature","geometry":{"type":"Polygon","coordinates":[[[78.462073,17.403511],[78.462099,17.403378],[78.462142,17.403385],[78.462115,17.403519],[78.462073,17.403511]]]},"properties":{"id":"0e2c01eb4a2d","height":null,"num_floors":null,"render_height_m":6.4,"height_label":"assumed"}},{"type":"Feature","geometry":{"type":"Polygon","coordinates":[[[78.461561,17.403724],[78.461583,17.403292],[78.461746,17.403351],[78.46159,17.40374],[78.461561,17.403724]]]},"properties":{"id":"0280d2ee1b21","height":null,"num_floors":null,"render_height_m":12.8,"height_label":"assumed"}},{"type":"Feature","geometry":{"type":"Polygon","coordinates":[[[78.4615,17.403438],[78.461373,17.40344],[78.461371,17.403349],[78.461498,17.403347],[78.4615,17.403438]]]},"properties":{"id":"9eb30b24c114","height":null,"num_floors":null,"render_height_m":9.6,"height_label":"assumed"}},{"type":"Feature","geometry":{"type":"Polygon","coordinates":[[[78.46173,17.403057],[78.461681,17.403186],[78.461557,17.403143],[78.461606,17.403014],[78.46173,17.403057]]]},"properties":{"id":"2a7875636ea5","height":null,"num_floors":null,"render_height_m":9.6,"height_label":"assumed"}},{"type":"Feature","geometry":{"type":"Polygon","coordinates":[[[78.461521,17.40289],[78.461579,17.402892],[78.461576,17.402974],[78.461517,17.402971],[78.461521,17.40289]]]},"properties":{"id":"f4a8b4c15df7","height":null,"num_floors":null,"render_height_m":6.4,"height_label":"assumed"}},{"type":"Feature","geometry":{"type":"Polygon","coordinates":[[[78.461838,17.403115],[78.461756,17.40332],[78.461658,17.403284],[78.46174,17.40308],[78.461838,17.403115]]]},"properties":{"id":"718b3043b929","height":null,"num_floors":null,"render_height_m":12.8,"height_label":"assumed"}},{"type":"Feature","geometry":{"type":"Polygon","coordinates":[[[78.461725,17.402832],[78.461948,17.402969],[78.461863,17.403096],[78.461664,17.402973],[78.461721,17.402888],[78.461698,17.402874],[78.461725,17.402832]]]},"properties":{"id":"fb092b96e280","height":null,"num_floors":null,"render_height_m":12.8,"height_label":"assumed"}},{"type":"Feature","geometry":{"type":"Polygon","coordinates":[[[78.461758,17.402406],[78.461798,17.402415],[78.461781,17.402485],[78.461741,17.402476],[78.461758,17.402406]]]},"properties":{"id":"cc79652bc35f","height":null,"num_floors":null,"render_height_m":6.4,"height_label":"assumed"}},{"type":"Feature","geometry":{"type":"Polygon","coordinates":[[[78.461795,17.402393],[78.461843,17.402399],[78.461827,17.40252],[78.46175,17.402511],[78.461754,17.402478],[78.461784,17.402481],[78.461795,17.402393]]]},"properties":{"id":"cb8c62bdae00","height":null,"num_floors":null,"render_height_m":9.6,"height_label":"assumed"}},{"type":"Feature","geometry":{"type":"Polygon","coordinates":[[[78.461879,17.402105],[78.461848,17.402275],[78.461757,17.40226],[78.461773,17.402174],[78.461728,17.402166],[78.461743,17.402082],[78.461879,17.402105]]]},"properties":{"id":"1095b691a7b2","height":null,"num_floors":null,"render_height_m":9.6,"height_label":"assumed"}},{"type":"Feature","geometry":{"type":"Polygon","coordinates":[[[78.461685,17.402469],[78.461513,17.40244],[78.461541,17.402289],[78.461713,17.402319],[78.461685,17.402469]]]},"properties":{"id":"a9ff7adda2ff","height":null,"num_floors":null,"render_height_m":12.8,"height_label":"assumed"}},{"type":"Feature","geometry":{"type":"Polygon","coordinates":[[[78.461711,17.402152],[78.461556,17.402127],[78.461569,17.402054],[78.461724,17.402078],[78.461711,17.402152]]]},"properties":{"id":"7cbcccd838b3","height":null,"num_floors":null,"render_height_m":9.6,"height_label":"assumed"}},{"type":"Feature","geometry":{"type":"Polygon","coordinates":[[[78.46157,17.402203],[78.461612,17.402199],[78.461615,17.402237],[78.461635,17.402235],[78.461637,17.402257],[78.461576,17.402262],[78.46157,17.402203]]]},"properties":{"id":"376ef998c833","height":null,"num_floors":null,"render_height_m":6.4,"height_label":"assumed"}},{"type":"Feature","geometry":{"type":"Polygon","coordinates":[[[78.461549,17.40224],[78.461374,17.402276],[78.461332,17.402091],[78.461507,17.402054],[78.461549,17.40224]]]},"properties":{"id":"c02a1757ad93","height":null,"num_floors":null,"render_height_m":12.8,"height_label":"assumed"}},{"type":"Feature","geometry":{"type":"Polygon","coordinates":[[[78.461178,17.402038],[78.461205,17.402034],[78.461216,17.402105],[78.461188,17.402109],[78.461178,17.402038]]]},"properties":{"id":"9986ad45eef1","height":null,"num_floors":null,"render_height_m":6.4,"height_label":"assumed"}},{"type":"Feature","geometry":{"type":"Polygon","coordinates":[[[78.461309,17.40252],[78.461056,17.402599],[78.460996,17.402427],[78.461249,17.402347],[78.461309,17.40252]]]},"properties":{"id":"0199e726c0fc","height":null,"num_floors":null,"render_height_m":12.8,"height_label":"assumed"}},{"type":"Feature","geometry":{"type":"Polygon","coordinates":[[[78.461237,17.402675],[78.46106,17.402734],[78.461032,17.402647],[78.461213,17.402591],[78.461237,17.402675]]]},"properties":{"id":"4478d20f49b1","height":null,"num_floors":null,"render_height_m":9.6,"height_label":"assumed"}},{"type":"Feature","geometry":{"type":"Polygon","coordinates":[[[78.461107,17.403223],[78.460978,17.403226],[78.460976,17.403088],[78.461104,17.403085],[78.461107,17.403223]]]},"properties":{"id":"12ac0ea5c552","height":null,"num_floors":null,"render_height_m":9.6,"height_label":"assumed"}},{"type":"Feature","geometry":{"type":"Polygon","coordinates":[[[78.461512,17.402902],[78.461516,17.402961],[78.461366,17.40297],[78.461369,17.403024],[78.461257,17.403031],[78.461249,17.402919],[78.461512,17.402902]]]},"properties":{"id":"0bcd6c3c3b7e","height":null,"num_floors":null,"render_height_m":12.8,"height_label":"assumed"}},{"type":"Feature","geometry":{"type":"Polygon","coordinates":[[[78.461471,17.403328],[78.461278,17.403328],[78.461278,17.403087],[78.461471,17.403087],[78.461471,17.403328]]]},"properties":{"id":"d56fe35ab7d1","height":null,"num_floors":null,"render_height_m":12.8,"height_label":"assumed"}},{"type":"Feature","geometry":{"type":"Polygon","coordinates":[[[78.461363,17.403361],[78.461362,17.403444],[78.461303,17.403444],[78.461304,17.403361],[78.461363,17.403361]]]},"properties":{"id":"af79154c5671","height":null,"num_floors":null,"render_height_m":6.4,"height_label":"assumed"}},{"type":"Feature","geometry":{"type":"Polygon","coordinates":[[[78.461354,17.403472],[78.461376,17.403473],[78.461373,17.403528],[78.461351,17.403527],[78.461354,17.403472]]]},"properties":{"id":"a4ee8d2bd01e","height":null,"num_floors":null,"render_height_m":6.4,"height_label":"assumed"}},{"type":"Feature","geometry":{"type":"Polygon","coordinates":[[[78.461275,17.403495],[78.461331,17.403497],[78.461329,17.403546],[78.461273,17.403544],[78.461275,17.403495]]]},"properties":{"id":"aee06a5a2034","height":null,"num_floors":null,"render_height_m":6.4,"height_label":"assumed"}},{"type":"Feature","geometry":{"type":"Polygon","coordinates":[[[78.46128,17.403472],[78.461234,17.403472],[78.461235,17.403393],[78.461281,17.403394],[78.46128,17.403472]]]},"properties":{"id":"288229d565db","height":null,"num_floors":null,"render_height_m":6.4,"height_label":"assumed"}},{"type":"Feature","geometry":{"type":"Polygon","coordinates":[[[78.46117,17.403629],[78.46106,17.403638],[78.461051,17.403529],[78.461161,17.403521],[78.46117,17.403629]]]},"properties":{"id":"8e8eb8d6d21b","height":null,"num_floors":null,"render_height_m":9.6,"height_label":"assumed"}},{"type":"Feature","geometry":{"type":"Polygon","coordinates":[[[78.461032,17.403526],[78.461046,17.403661],[78.460955,17.40367],[78.460941,17.403535],[78.461032,17.403526]]]},"properties":{"id":"9e458943f2b4","height":null,"num_floors":null,"render_height_m":9.6,"height_label":"assumed"}},{"type":"Feature","geometry":{"type":"Polygon","coordinates":[[[78.461118,17.403716],[78.461163,17.403731],[78.461149,17.403768],[78.461104,17.403753],[78.461118,17.403716]]]},"properties":{"id":"f9c0ede4a58f","height":null,"num_floors":null,"render_height_m":6.4,"height_label":"assumed"}},{"type":"Feature","geometry":{"type":"Polygon","coordinates":[[[78.46115,17.404167],[78.460818,17.403837],[78.460932,17.403732],[78.461264,17.404062],[78.46115,17.404167]]]},"properties":{"id":"23e6197276e9","height":null,"num_floors":null,"render_height_m":19.2,"height_label":"assumed"}},{"type":"Feature","geometry":{"type":"Polygon","coordinates":[[[78.461348,17.404078],[78.461194,17.403983],[78.461255,17.403894],[78.461408,17.403989],[78.461348,17.404078]]]},"properties":{"id":"9f42e96b83e1","height":null,"num_floors":null,"render_height_m":9.6,"height_label":"assumed"}},{"type":"Feature","geometry":{"type":"Polygon","coordinates":[[[78.461265,17.404259],[78.461287,17.404241],[78.46133,17.40429],[78.461308,17.404308],[78.461265,17.404259]]]},"properties":{"id":"291e1b869746","height":null,"num_floors":null,"render_height_m":6.4,"height_label":"assumed"}},{"type":"Feature","geometry":{"type":"Polygon","coordinates":[[[78.461302,17.404148],[78.461341,17.404183],[78.461323,17.404201],[78.461285,17.404165],[78.461302,17.404148]]]},"properties":{"id":"c53f0aca9a89","height":null,"num_floors":null,"render_height_m":6.4,"height_label":"assumed"}},{"type":"Feature","geometry":{"type":"Polygon","coordinates":[[[78.461325,17.404201],[78.461353,17.404187],[78.461378,17.404231],[78.46135,17.404246],[78.461325,17.404201]]]},"properties":{"id":"a2fcd1677ebb","height":null,"num_floors":null,"render_height_m":6.4,"height_label":"assumed"}},{"type":"Feature","geometry":{"type":"Polygon","coordinates":[[[78.461428,17.403983],[78.461259,17.403886],[78.461332,17.40377],[78.461501,17.403868],[78.461428,17.403983]]]},"properties":{"id":"56f06d3f7457","height":null,"num_floors":null,"render_height_m":12.8,"height_label":"assumed"}},{"type":"Feature","geometry":{"type":"Polygon","coordinates":[[[78.461214,17.403918],[78.461112,17.403867],[78.461192,17.403718],[78.461294,17.403769],[78.461214,17.403918]]]},"properties":{"id":"79a33e8d5b87","height":null,"num_floors":null,"render_height_m":9.6,"height_label":"assumed"}},{"type":"Feature","geometry":{"type":"Polygon","coordinates":[[[78.461872,17.404422],[78.461696,17.404314],[78.461782,17.404186],[78.461958,17.404294],[78.461872,17.404422]]]},"properties":{"id":"50c70296cc80","height":null,"num_floors":null,"render_height_m":12.8,"height_label":"assumed"}},{"type":"Feature","geometry":{"type":"Polygon","coordinates":[[[78.461765,17.404164],[78.461729,17.404227],[78.461692,17.404208],[78.461728,17.404145],[78.461765,17.404164]]]},"properties":{"id":"6b62f9cbd944","height":null,"num_floors":null,"render_height_m":6.4,"height_label":"assumed"}},{"type":"Feature","geometry":{"type":"Polygon","coordinates":[[[78.461773,17.404554],[78.461573,17.404435],[78.461629,17.404348],[78.461829,17.404467],[78.461773,17.404554]]]},"properties":{"id":"0ab351cfc6ad","height":null,"num_floors":null,"render_height_m":12.8,"height_label":"assumed"}},{"type":"Feature","geometry":{"type":"Polygon","coordinates":[[[78.460988,17.404946],[78.461017,17.404948],[78.461013,17.405013],[78.460984,17.405012],[78.460988,17.404946]]]},"properties":{"id":"2e33dfd4648b","height":null,"num_floors":null,"render_height_m":6.4,"height_label":"assumed"}},{"type":"Feature","geometry":{"type":"Polygon","coordinates":[[[78.461206,17.405531],[78.461205,17.405562],[78.461247,17.405563],[78.461246,17.405595],[78.461204,17.405593],[78.461203,17.405621],[78.461151,17.405619],[78.461153,17.40556],[78.461181,17.405561],[78.461182,17.40553],[78.461206,17.405531]]]},"properties":{"id":"4e4b56d15a30","height":null,"num_floors":null,"render_height_m":6.4,"height_label":"assumed"}},{"type":"Feature","geometry":{"type":"Polygon","coordinates":[[[78.461065,17.405705],[78.461137,17.405719],[78.46113,17.40575],[78.461059,17.405737],[78.461065,17.405705]]]},"properties":{"id":"bb4878b4c37a","height":null,"num_floors":null,"render_height_m":6.4,"height_label":"assumed"}},{"type":"Feature","geometry":{"type":"Polygon","coordinates":[[[78.461127,17.405705],[78.46101,17.405678],[78.461071,17.405439],[78.461138,17.405633],[78.461127,17.405705]]]},"properties":{"id":"11ce9d033ed6","height":null,"num_floors":null,"render_height_m":9.6,"height_label":"assumed"}},{"type":"Feature","geometry":{"type":"Polygon","coordinates":[[[78.461028,17.405836],[78.46109,17.405848],[78.461074,17.405927],[78.461107,17.405933],[78.461079,17.406066],[78.460983,17.406047],[78.461028,17.405836]]]},"properties":{"id":"ffe3a5540135","height":null,"num_floors":null,"render_height_m":9.6,"height_label":"assumed"}},{"type":"Feature","geometry":{"type":"Polygon","coordinates":[[[78.460942,17.406511],[78.460948,17.406217],[78.461005,17.406158],[78.461375,17.406163],[78.46142,17.406202],[78.461414,17.406546],[78.461357,17.406605],[78.461038,17.406602],[78.460942,17.406511]]]},"properties":{"id":"0665a316e108","height":null,"num_floors":null,"render_height_m":19.2,"height_label":"assumed"}},{"type":"Feature","geometry":{"type":"Polygon","coordinates":[[[78.461223,17.406088],[78.461309,17.406086],[78.46131,17.406118],[78.461224,17.406121],[78.461223,17.406088]]]},"properties":{"id":"412af337f0b0","height":null,"num_floors":null,"render_height_m":6.4,"height_label":"assumed"}},{"type":"Feature","geometry":{"type":"Polygon","coordinates":[[[78.46166,17.405953],[78.461644,17.406015],[78.461517,17.405985],[78.461533,17.405923],[78.46166,17.405953]]]},"properties":{"id":"3e999a65b860","height":null,"num_floors":null,"render_height_m":9.6,"height_label":"assumed"}},{"type":"Feature","geometry":{"type":"Polygon","coordinates":[[[78.461722,17.406588],[78.461529,17.406582],[78.461542,17.4062],[78.461735,17.406206],[78.461722,17.406588]]]},"properties":{"id":"810fb2b03a56","height":null,"num_floors":null,"render_height_m":19.2,"height_label":"assumed"}},{"type":"Feature","geometry":{"type":"Polygon","coordinates":[[[78.461905,17.405371],[78.462038,17.405388],[78.462019,17.405522],[78.461886,17.405505],[78.461905,17.405371]]]},"properties":{"id":"49694800f422","height":null,"num_floors":null,"render_height_m":9.6,"height_label":"assumed"}},{"type":"Feature","geometry":{"type":"Polygon","coordinates":[[[78.462366,17.405775],[78.462396,17.405784],[78.462362,17.405882],[78.462332,17.405872],[78.462366,17.405775]]]},"properties":{"id":"5fd1f34bced7","height":null,"num_floors":null,"render_height_m":6.4,"height_label":"assumed"}},{"type":"Feature","geometry":{"type":"Polygon","coordinates":[[[78.461961,17.405604],[78.461952,17.405644],[78.461906,17.405635],[78.461914,17.405596],[78.461961,17.405604]]]},"properties":{"id":"01ee724e2fdd","height":null,"num_floors":null,"render_height_m":6.4,"height_label":"assumed"}},{"type":"Feature","geometry":{"type":"Polygon","coordinates":[[[78.462317,17.406446],[78.462327,17.406471],[78.462233,17.406507],[78.462223,17.406482],[78.462317,17.406446]]]},"properties":{"id":"893cff11914e","height":null,"num_floors":null,"render_height_m":6.4,"height_label":"assumed"}},{"type":"Feature","geometry":{"type":"Polygon","coordinates":[[[78.46235,17.406411],[78.462371,17.406413],[78.462366,17.406463],[78.462345,17.406461],[78.46235,17.406411]]]},"properties":{"id":"7156c8c1e7c8","height":null,"num_floors":null,"render_height_m":6.4,"height_label":"assumed"}},{"type":"Feature","geometry":{"type":"Polygon","coordinates":[[[78.462503,17.406233],[78.462489,17.406294],[78.462468,17.406289],[78.462482,17.406228],[78.462503,17.406233]]]},"properties":{"id":"2069e9d91710","height":null,"num_floors":null,"render_height_m":6.4,"height_label":"assumed"}},{"type":"Feature","geometry":{"type":"Polygon","coordinates":[[[78.462547,17.40636],[78.462562,17.406386],[78.462502,17.406417],[78.462487,17.406391],[78.462547,17.40636]]]},"properties":{"id":"3181ea0d601d","height":null,"num_floors":null,"render_height_m":6.4,"height_label":"assumed"}},{"type":"Feature","geometry":{"type":"Polygon","coordinates":[[[78.462456,17.406401],[78.462487,17.406392],[78.462496,17.406421],[78.462465,17.406429],[78.462456,17.406401]]]},"properties":{"id":"ac60e0685079","height":null,"num_floors":null,"render_height_m":6.4,"height_label":"assumed"}},{"type":"Feature","geometry":{"type":"Polygon","coordinates":[[[78.462526,17.406279],[78.462604,17.406346],[78.462586,17.406365],[78.462508,17.406298],[78.462526,17.406279]]]},"properties":{"id":"d881af2b7313","height":null,"num_floors":null,"render_height_m":6.4,"height_label":"assumed"}},{"type":"Feature","geometry":{"type":"Polygon","coordinates":[[[78.462826,17.406608],[78.462754,17.406583],[78.462812,17.406428],[78.462885,17.406453],[78.462826,17.406608]]]},"properties":{"id":"0bb7ac9c1b6e","height":null,"num_floors":null,"render_height_m":9.6,"height_label":"assumed"}},{"type":"Feature","geometry":{"type":"Polygon","coordinates":[[[78.462835,17.406042],[78.462702,17.406025],[78.462715,17.405933],[78.462673,17.405891],[78.462654,17.405838],[78.462657,17.405789],[78.462601,17.405762],[78.462685,17.40565],[78.462761,17.405707],[78.462782,17.405676],[78.46284,17.40568],[78.462893,17.405704],[78.462903,17.405715],[78.462985,17.405687],[78.463029,17.405806],[78.462949,17.405834],[78.462947,17.405854],[78.462922,17.405904],[78.462878,17.405941],[78.462847,17.405952],[78.462835,17.406042]]]},"properties":{"id":"6a6d6ba4ff09","height":null,"num_floors":null,"render_height_m":19.2,"height_label":"assumed"}},{"type":"Feature","geometry":{"type":"Polygon","coordinates":[[[78.46242,17.405644],[78.462459,17.405656],[78.462444,17.405704],[78.462405,17.405693],[78.46242,17.405644]]]},"properties":{"id":"c710ba8ab4c9","height":null,"num_floors":null,"render_height_m":6.4,"height_label":"assumed"}},{"type":"Feature","geometry":{"type":"Polygon","coordinates":[[[78.462749,17.405172],[78.462727,17.405253],[78.462705,17.405247],[78.462727,17.405167],[78.462749,17.405172]]]},"properties":{"id":"c8c7a5f8b922","height":null,"num_floors":null,"render_height_m":6.4,"height_label":"assumed"}},{"type":"Feature","geometry":{"type":"Polygon","coordinates":[[[78.462812,17.404547],[78.462778,17.4046],[78.462753,17.404585],[78.462786,17.404532],[78.462812,17.404547]]]},"properties":{"id":"c74595ba676a","height":null,"num_floors":null,"render_height_m":6.4,"height_label":"assumed"}},{"type":"Feature","geometry":{"type":"Polygon","coordinates":[[[78.462602,17.404618],[78.462517,17.40457],[78.462638,17.40437],[78.462724,17.404417],[78.462602,17.404618]]]},"properties":{"id":"83bb81372a2a","height":null,"num_floors":null,"render_height_m":12.8,"height_label":"assumed"}},{"type":"Feature","geometry":{"type":"Polygon","coordinates":[[[78.462126,17.404752],[78.461971,17.404659],[78.462121,17.404432],[78.462451,17.404631],[78.462301,17.404857],[78.462147,17.404764],[78.462191,17.404697],[78.46217,17.404685],[78.462126,17.404752]]]},"properties":{"id":"56fea5c611d6","height":null,"num_floors":null,"render_height_m":19.2,"height_label":"assumed"}},{"type":"Feature","geometry":{"type":"Polygon","coordinates":[[[78.462498,17.404535],[78.462153,17.404351],[78.46221,17.404255],[78.46237,17.404341],[78.462419,17.404257],[78.462604,17.404355],[78.462498,17.404535]]]},"properties":{"id":"cfc7e2f42399","height":null,"num_floors":null,"render_height_m":12.8,"height_label":"assumed"}},{"type":"Feature","geometry":{"type":"Polygon","coordinates":[[[78.46236,17.404315],[78.462211,17.404214],[78.462284,17.404116],[78.462433,17.404217],[78.46236,17.404315]]]},"properties":{"id":"f6675af51c26","height":null,"num_floors":null,"render_height_m":12.8,"height_label":"assumed"}},{"type":"Feature","geometry":{"type":"Polygon","coordinates":[[[78.461905,17.403826],[78.461946,17.403697],[78.462114,17.403745],[78.462108,17.403918],[78.461905,17.403826]]]},"properties":{"id":"0f454d3f30e2","height":null,"num_floors":null,"render_height_m":12.8,"height_label":"assumed"}},{"type":"Feature","geometry":{"type":"Polygon","coordinates":[[[78.462386,17.404064],[78.462288,17.404018],[78.462384,17.403835],[78.462482,17.403882],[78.462386,17.404064]]]},"properties":{"id":"41b92a69cb57","height":null,"num_floors":null,"render_height_m":12.8,"height_label":"assumed"}},{"type":"Feature","geometry":{"type":"Polygon","coordinates":[[[78.462371,17.403759],[78.46241,17.403776],[78.46239,17.403819],[78.46235,17.403802],[78.462371,17.403759]]]},"properties":{"id":"e14b4d181e50","height":null,"num_floors":null,"render_height_m":6.4,"height_label":"assumed"}},{"type":"Feature","geometry":{"type":"Polygon","coordinates":[[[78.462536,17.403792],[78.462439,17.403748],[78.462508,17.40361],[78.462605,17.403654],[78.462536,17.403792]]]},"properties":{"id":"ff38dace3c20","height":null,"num_floors":null,"render_height_m":9.6,"height_label":"assumed"}},{"type":"Feature","geometry":{"type":"Polygon","coordinates":[[[78.462702,17.404088],[78.462689,17.404114],[78.462787,17.404155],[78.462736,17.404266],[78.462488,17.404162],[78.46254,17.404051],[78.462634,17.40409],[78.462646,17.404065],[78.462551,17.404025],[78.462646,17.403817],[78.462891,17.403919],[78.462795,17.404127],[78.462702,17.404088]]]},"properties":{"id":"8c17e4edef14","height":null,"num_floors":null,"render_height_m":19.2,"height_label":"assumed"}},{"type":"Feature","geometry":{"type":"Polygon","coordinates":[[[78.462762,17.403762],[78.462814,17.403786],[78.462825,17.403765],[78.46286,17.403781],[78.462849,17.403802],[78.462906,17.403828],[78.462869,17.403901],[78.462726,17.403835],[78.462762,17.403762]]]},"properties":{"id":"60838340d119","height":null,"num_floors":null,"render_height_m":9.6,"height_label":"assumed"}},{"type":"Feature","geometry":{"type":"Polygon","coordinates":[[[78.462883,17.403592],[78.462828,17.4037],[78.46274,17.403659],[78.462767,17.403604],[78.462792,17.403616],[78.462818,17.403562],[78.462883,17.403592]]]},"properties":{"id":"f72ff1892500","height":null,"num_floors":null,"render_height_m":9.6,"height_label":"assumed"}},{"type":"Feature","geometry":{"type":"Polygon","coordinates":[[[78.462886,17.403583],[78.462943,17.40361],[78.462888,17.40372],[78.46283,17.403693],[78.462886,17.403583]]]},"properties":{"id":"8e89a4e5cd02","height":null,"num_floors":null,"render_height_m":9.6,"height_label":"assumed"}},{"type":"Feature","geometry":{"type":"Polygon","coordinates":[[[78.463069,17.40367],[78.462964,17.403583],[78.463016,17.403525],[78.463122,17.403611],[78.463069,17.40367]]]},"properties":{"id":"3033193a0ac1","height":null,"num_floors":null,"render_height_m":9.6,"height_label":"assumed"}},{"type":"Feature","geometry":{"type":"Polygon","coordinates":[[[78.463,17.40365],[78.463063,17.403691],[78.463011,17.403766],[78.462948,17.403726],[78.463,17.40365]]]},"properties":{"id":"6fb564c67632","height":null,"num_floors":null,"render_height_m":9.6,"height_label":"assumed"}},{"type":"Feature","geometry":{"type":"Polygon","coordinates":[[[78.463097,17.403821],[78.462976,17.403996],[78.462937,17.403972],[78.463058,17.403796],[78.463097,17.403821]]]},"properties":{"id":"61f2138266d6","height":null,"num_floors":null,"render_height_m":9.6,"height_label":"assumed"}},{"type":"Feature","geometry":{"type":"Polygon","coordinates":[[[78.463063,17.403691],[78.463133,17.403735],[78.463081,17.403811],[78.463011,17.403766],[78.463063,17.403691]]]},"properties":{"id":"8103670879fb","height":null,"num_floors":null,"render_height_m":9.6,"height_label":"assumed"}},{"type":"Feature","geometry":{"type":"Polygon","coordinates":[[[78.463192,17.40426],[78.46316,17.404238],[78.463289,17.404065],[78.463325,17.404089],[78.463236,17.404208],[78.463233,17.404206],[78.463192,17.40426]]]},"properties":{"id":"721d85a24dd7","height":null,"num_floors":null,"render_height_m":9.6,"height_label":"assumed"}},{"type":"Feature","geometry":{"type":"Polygon","coordinates":[[[78.463133,17.403956],[78.463159,17.403975],[78.463079,17.404082],[78.463052,17.404064],[78.463133,17.403956]]]},"properties":{"id":"f18f078ec153","height":null,"num_floors":null,"render_height_m":6.4,"height_label":"assumed"}},{"type":"Feature","geometry":{"type":"Polygon","coordinates":[[[78.46296,17.404033],[78.462914,17.404106],[78.462893,17.404094],[78.46294,17.404021],[78.46296,17.404033]]]},"properties":{"id":"6d5889bbfce0","height":null,"num_floors":null,"render_height_m":6.4,"height_label":"assumed"}},{"type":"Feature","geometry":{"type":"Polygon","coordinates":[[[78.463113,17.40436],[78.463077,17.404409],[78.463055,17.404394],[78.463092,17.404346],[78.463113,17.40436]]]},"properties":{"id":"227c28d95fdc","height":null,"num_floors":null,"render_height_m":6.4,"height_label":"assumed"}},{"type":"Feature","geometry":{"type":"Polygon","coordinates":[[[78.463148,17.404382],[78.463166,17.404393],[78.46313,17.404445],[78.463113,17.404434],[78.463148,17.404382]]]},"properties":{"id":"29ded2119017","height":null,"num_floors":null,"render_height_m":6.4,"height_label":"assumed"}},{"type":"Feature","geometry":{"type":"Polygon","coordinates":[[[78.463144,17.404787],[78.46346,17.404993],[78.463349,17.40515],[78.463033,17.404943],[78.463144,17.404787]]]},"properties":{"id":"68c17997e80f","height":null,"num_floors":null,"render_height_m":19.2,"height_label":"assumed"}},{"type":"Feature","geometry":{"type":"Polygon","coordinates":[[[78.463315,17.404347],[78.463332,17.40436],[78.463265,17.404436],[78.463249,17.404422],[78.463315,17.404347]]]},"properties":{"id":"525e6a0b28ed","height":null,"num_floors":null,"render_height_m":6.4,"height_label":"assumed"}},{"type":"Feature","geometry":{"type":"Polygon","coordinates":[[[78.463473,17.404426],[78.463637,17.404524],[78.463598,17.404584],[78.463435,17.404486],[78.463473,17.404426]]]},"properties":{"id":"860bd302445f","height":null,"num_floors":null,"render_height_m":9.6,"height_label":"assumed"}},{"type":"Feature","geometry":{"type":"Polygon","coordinates":[[[78.463711,17.404688],[78.463769,17.404727],[78.463719,17.404794],[78.463661,17.404754],[78.463711,17.404688]]]},"properties":{"id":"13891c90828f","height":null,"num_floors":null,"render_height_m":6.4,"height_label":"assumed"}},{"type":"Feature","geometry":{"type":"Polygon","coordinates":[[[78.463824,17.404967],[78.463754,17.40504],[78.463644,17.404942],[78.463715,17.40487],[78.463824,17.404967]]]},"properties":{"id":"421d494e44ea","height":null,"num_floors":null,"render_height_m":9.6,"height_label":"assumed"}},{"type":"Feature","geometry":{"type":"Polygon","coordinates":[[[78.463874,17.4048],[78.463997,17.404884],[78.463948,17.40495],[78.463825,17.404866],[78.463874,17.4048]]]},"properties":{"id":"80ebe369d12e","height":null,"num_floors":null,"render_height_m":9.6,"height_label":"assumed"}},{"type":"Feature","geometry":{"type":"Polygon","coordinates":[[[78.463782,17.404737],[78.463874,17.4048],[78.463825,17.404866],[78.463733,17.404803],[78.463782,17.404737]]]},"properties":{"id":"bde9cf53ab5f","height":null,"num_floors":null,"render_height_m":9.6,"height_label":"assumed"}},{"type":"Feature","geometry":{"type":"Polygon","coordinates":[[[78.463827,17.404512],[78.464037,17.404661],[78.463928,17.404803],[78.463791,17.404706],[78.463856,17.404621],[78.463783,17.40457],[78.463827,17.404512]]]},"properties":{"id":"71c1df9be7a3","height":null,"num_floors":null,"render_height_m":12.8,"height_label":"assumed"}},{"type":"Feature","geometry":{"type":"Polygon","coordinates":[[[78.463747,17.403827],[78.464045,17.404058],[78.463985,17.404128],[78.46389,17.404054],[78.463687,17.403897],[78.463747,17.403827]]]},"properties":{"id":"e4b38d77ca3c","height":null,"num_floors":null,"render_height_m":12.8,"height_label":"assumed"}},{"type":"Feature","geometry":{"type":"Polygon","coordinates":[[[78.463803,17.404032],[78.463841,17.40405],[78.463823,17.404086],[78.463785,17.404068],[78.463803,17.404032]]]},"properties":{"id":"6ce42c99609d","height":null,"num_floors":null,"render_height_m":6.4,"height_label":"assumed"}},{"type":"Feature","geometry":{"type":"Polygon","coordinates":[[[78.463692,17.403961],[78.463743,17.403989],[78.463731,17.40401],[78.46368,17.403982],[78.463692,17.403961]]]},"properties":{"id":"68369ed9ab88","height":null,"num_floors":null,"render_height_m":6.4,"height_label":"assumed"}},{"type":"Feature","geometry":{"type":"Polygon","coordinates":[[[78.463704,17.404399],[78.463482,17.404228],[78.463624,17.40406],[78.463846,17.404231],[78.463704,17.404399]]]},"properties":{"id":"e044eff43d18","height":null,"num_floors":null,"render_height_m":12.8,"height_label":"assumed"}},{"type":"Feature","geometry":{"type":"Polygon","coordinates":[[[78.46364,17.404023],[78.46368,17.404045],[78.463665,17.40407],[78.463625,17.404048],[78.46364,17.404023]]]},"properties":{"id":"7ed5721ef98d","height":null,"num_floors":null,"render_height_m":6.4,"height_label":"assumed"}},{"type":"Feature","geometry":{"type":"Polygon","coordinates":[[[78.463379,17.404013],[78.463304,17.403957],[78.463533,17.403677],[78.463699,17.403801],[78.463581,17.403946],[78.46349,17.403878],[78.463379,17.404013]]]},"properties":{"id":"8def850a9763","height":null,"num_floors":null,"render_height_m":12.8,"height_label":"assumed"}},{"type":"Feature","geometry":{"type":"Polygon","coordinates":[[[78.464348,17.403803],[78.464385,17.40383],[78.464364,17.403857],[78.464326,17.403831],[78.464348,17.403803]]]},"properties":{"id":"2778ded86cea","height":null,"num_floors":null,"render_height_m":6.4,"height_label":"assumed"}},{"type":"Feature","geometry":{"type":"Polygon","coordinates":[[[78.46459,17.403861],[78.464595,17.403818],[78.464648,17.403825],[78.464642,17.403867],[78.46459,17.403861]]]},"properties":{"id":"4a536f2ed0e3","height":null,"num_floors":null,"render_height_m":6.4,"height_label":"assumed"}},{"type":"Feature","geometry":{"type":"Polygon","coordinates":[[[78.464571,17.404712],[78.464549,17.404695],[78.46453,17.404679],[78.464679,17.404505],[78.464723,17.404564],[78.464571,17.404712]]]},"properties":{"id":"05ca3ee42206","height":null,"num_floors":null,"render_height_m":9.6,"height_label":"assumed"}},{"type":"Feature","geometry":{"type":"Polygon","coordinates":[[[78.464846,17.404635],[78.464706,17.404504],[78.464801,17.404411],[78.464941,17.404543],[78.464898,17.404588],[78.464846,17.404635]]]},"properties":{"id":"517242503977","height":null,"num_floors":null,"render_height_m":12.8,"height_label":"assumed"}},{"type":"Feature","geometry":{"type":"Polygon","coordinates":[[[78.465017,17.404938],[78.464904,17.405019],[78.464627,17.404667],[78.464734,17.404581],[78.465017,17.404938]]]},"properties":{"id":"992ff56ffb52","height":null,"num_floors":null,"render_height_m":12.8,"height_label":"assumed"}},{"type":"Feature","geometry":{"type":"Polygon","coordinates":[[[78.464515,17.404802],[78.464576,17.404856],[78.464536,17.404897],[78.464476,17.404844],[78.464515,17.404802]]]},"properties":{"id":"47cb8d1374e0","height":null,"num_floors":null,"render_height_m":6.4,"height_label":"assumed"}},{"type":"Feature","geometry":{"type":"Polygon","coordinates":[[[78.464186,17.404683],[78.464102,17.404614],[78.464264,17.404427],[78.463999,17.404235],[78.464109,17.404094],[78.464329,17.404263],[78.464388,17.404338],[78.464343,17.404463],[78.464186,17.404683]]]},"properties":{"id":"6a8030da7a7c","height":null,"num_floors":null,"render_height_m":19.2,"height_label":"assumed"}},{"type":"Feature","geometry":{"type":"Polygon","coordinates":[[[78.464195,17.404467],[78.464096,17.404586],[78.463873,17.404418],[78.463973,17.404298],[78.464195,17.404467]]]},"properties":{"id":"1ad7f37180cf","height":null,"num_floors":null,"render_height_m":12.8,"height_label":"assumed"}},{"type":"Feature","geometry":{"type":"Polygon","coordinates":[[[78.464037,17.404661],[78.464088,17.404697],[78.463966,17.404857],[78.463914,17.404821],[78.464037,17.404661]]]},"properties":{"id":"1985e4d89074","height":null,"num_floors":null,"render_height_m":9.6,"height_label":"assumed"}},{"type":"Feature","geometry":{"type":"Polygon","coordinates":[[[78.46409,17.404696],[78.464142,17.404733],[78.464021,17.40489],[78.46397,17.404853],[78.46409,17.404696]]]},"properties":{"id":"85269f5d1464","height":null,"num_floors":null,"render_height_m":9.6,"height_label":"assumed"}},{"type":"Feature","geometry":{"type":"Polygon","coordinates":[[[78.464253,17.405966],[78.463775,17.405459],[78.463915,17.40532],[78.463961,17.405292],[78.464028,17.405269],[78.46409,17.405281],[78.464149,17.405306],[78.464193,17.405352],[78.464518,17.405765],[78.464253,17.405966]]]},"properties":{"id":"5c38c708161d","height":null,"num_floors":null,"render_height_m":19.2,"height_label":"assumed"}},{"type":"Feature","geometry":{"type":"Polygon","coordinates":[[[78.464823,17.405289],[78.464632,17.405415],[78.464372,17.405069],[78.46457,17.404931],[78.464823,17.405289]]]},"properties":{"id":"30f7191698f8","height":null,"num_floors":null,"render_height_m":19.2,"height_label":"assumed"}},{"type":"Feature","geometry":{"type":"Polygon","coordinates":[[[78.465064,17.405557],[78.464815,17.4057],[78.464668,17.405462],[78.464909,17.405317],[78.465064,17.405557]]]},"properties":{"id":"614b5197fe7b","height":null,"num_floors":null,"render_height_m":19.2,"height_label":"assumed"}},{"type":"Feature","geometry":{"type":"Polygon","coordinates":[[[78.464831,17.40666],[78.464694,17.406654],[78.464705,17.406429],[78.464934,17.40644],[78.464928,17.406555],[78.464836,17.406551],[78.464831,17.40666]]]},"properties":{"id":"f1266b46f9b1","height":null,"num_floors":null,"render_height_m":12.8,"height_label":"assumed"}},{"type":"Feature","geometry":{"type":"Polygon","coordinates":[[[78.464403,17.406945],[78.464269,17.406945],[78.464252,17.406456],[78.464287,17.406221],[78.464341,17.406131],[78.464445,17.406023],[78.464558,17.40598],[78.464676,17.405988],[78.464816,17.406093],[78.465207,17.406484],[78.465124,17.406551],[78.464874,17.406315],[78.464729,17.406166],[78.464625,17.406093],[78.464558,17.4061],[78.464494,17.406162],[78.464416,17.40629],[78.464408,17.406502],[78.464403,17.406945]]]},"properties":{"id":"454bf61c18ac","height":null,"num_floors":null,"render_height_m":19.2,"height_label":"assumed"}},{"type":"Feature","geometry":{"type":"Polygon","coordinates":[[[78.464572,17.406388],[78.464613,17.406391],[78.464609,17.406447],[78.464568,17.406444],[78.464572,17.406388]]]},"properties":{"id":"ed8b41a3be0d","height":null,"num_floors":null,"render_height_m":6.4,"height_label":"assumed"}},{"type":"Feature","geometry":{"type":"Polygon","coordinates":[[[78.464627,17.406282],[78.464584,17.406392],[78.464456,17.406346],[78.464473,17.406304],[78.464505,17.406315],[78.464531,17.406247],[78.464627,17.406282]]]},"properties":{"id":"3537b8abc752","height":null,"num_floors":null,"render_height_m":9.6,"height_label":"assumed"}},{"type":"Feature","geometry":{"type":"Polygon","coordinates":[[[78.464452,17.406477],[78.464414,17.40647],[78.464423,17.406427],[78.464461,17.406434],[78.464452,17.406477]]]},"properties":{"id":"dedd8855d7c9","height":null,"num_floors":null,"render_height_m":6.4,"height_label":"assumed"}},{"type":"Feature","geometry":{"type":"Polygon","coordinates":[[[78.46446,17.406564],[78.464532,17.406569],[78.464529,17.406617],[78.464456,17.406612],[78.46446,17.406564]]]},"properties":{"id":"e608e1ff76f0","height":null,"num_floors":null,"render_height_m":6.4,"height_label":"assumed"}},{"type":"Feature","geometry":{"type":"Polygon","coordinates":[[[78.464096,17.406062],[78.464012,17.405968],[78.464144,17.405861],[78.464228,17.405955],[78.464096,17.406062]]]},"properties":{"id":"c518727b716c","height":null,"num_floors":null,"render_height_m":12.8,"height_label":"assumed"}},{"type":"Feature","geometry":{"type":"Polygon","coordinates":[[[78.464085,17.406473],[78.463941,17.406464],[78.463965,17.406096],[78.464109,17.406105],[78.464085,17.406473]]]},"properties":{"id":"10b9e4076fd6","height":null,"num_floors":null,"render_height_m":12.8,"height_label":"assumed"}},{"type":"Feature","geometry":{"type":"Polygon","coordinates":[[[78.463913,17.406548],[78.463771,17.406549],[78.463771,17.406463],[78.463912,17.406462],[78.463913,17.406548]]]},"properties":{"id":"8c4b02f204a0","height":null,"num_floors":null,"render_height_m":9.6,"height_label":"assumed"}},{"type":"Feature","geometry":{"type":"Polygon","coordinates":[[[78.463701,17.406513],[78.463756,17.40651],[78.463758,17.406553],[78.463704,17.406557],[78.463701,17.406513]]]},"properties":{"id":"285bad7d6fbd","height":null,"num_floors":null,"render_height_m":6.4,"height_label":"assumed"}},{"type":"Feature","geometry":{"type":"Polygon","coordinates":[[[78.463532,17.406195],[78.463532,17.406426],[78.46332,17.406426],[78.46332,17.406195],[78.463532,17.406195]]]},"properties":{"id":"d9ef879a2eaf","height":null,"num_floors":null,"render_height_m":12.8,"height_label":"assumed"}},{"type":"Feature","geometry":{"type":"Polygon","coordinates":[[[78.463753,17.406422],[78.463581,17.406423],[78.463579,17.406097],[78.463751,17.406096],[78.463753,17.406422]]]},"properties":{"id":"0a64105bdbfc","height":null,"num_floors":null,"render_height_m":12.8,"height_label":"assumed"}},{"type":"Feature","geometry":{"type":"Polygon","coordinates":[[[78.463464,17.406109],[78.463513,17.406139],[78.463486,17.406178],[78.463438,17.406148],[78.463464,17.406109]]]},"properties":{"id":"31837138da2d","height":null,"num_floors":null,"render_height_m":6.4,"height_label":"assumed"}},{"type":"Feature","geometry":{"type":"Polygon","coordinates":[[[78.463459,17.406018],[78.463384,17.405956],[78.463495,17.405833],[78.463571,17.405895],[78.463459,17.406018]]]},"properties":{"id":"06bd3ca4e443","height":null,"num_floors":null,"render_height_m":9.6,"height_label":"assumed"}},{"type":"Feature","geometry":{"type":"Polygon","coordinates":[[[78.463675,17.406029],[78.46378,17.406034],[78.463778,17.406087],[78.463673,17.406082],[78.463675,17.406029]]]},"properties":{"id":"00e40c52a17a","height":null,"num_floors":null,"render_height_m":6.4,"height_label":"assumed"}},{"type":"Feature","geometry":{"type":"Polygon","coordinates":[[[78.464078,17.40588],[78.463991,17.405935],[78.463743,17.405575],[78.46383,17.405521],[78.464078,17.40588]]]},"properties":{"id":"6538029a500f","height":null,"num_floors":null,"render_height_m":12.8,"height_label":"assumed"}},{"type":"Feature","geometry":{"type":"Polygon","coordinates":[[[78.463788,17.405652],[78.463718,17.405717],[78.463619,17.405619],[78.463689,17.405554],[78.463788,17.405652]]]},"properties":{"id":"44f133e8340a","height":null,"num_floors":null,"render_height_m":9.6,"height_label":"assumed"}},{"type":"Feature","geometry":{"type":"Polygon","coordinates":[[[78.463612,17.405909],[78.463459,17.405786],[78.463571,17.405658],[78.463725,17.405781],[78.463612,17.405909]]]},"properties":{"id":"a1d1a87df206","height":null,"num_floors":null,"render_height_m":12.8,"height_label":"assumed"}},{"type":"Feature","geometry":{"type":"Polygon","coordinates":[[[78.463464,17.405393],[78.46342,17.405475],[78.463377,17.405454],[78.46342,17.405372],[78.463464,17.405393]]]},"properties":{"id":"b6a4ab6f117b","height":null,"num_floors":null,"render_height_m":6.4,"height_label":"assumed"}},{"type":"Feature","geometry":{"type":"Polygon","coordinates":[[[78.463223,17.405214],[78.463368,17.405285],[78.463336,17.405345],[78.463191,17.405274],[78.463223,17.405214]]]},"properties":{"id":"81d18086a911","height":null,"num_floors":null,"render_height_m":9.6,"height_label":"assumed"}},{"type":"Feature","geometry":{"type":"Polygon","coordinates":[[[78.463188,17.40528],[78.463409,17.405389],[78.463375,17.405453],[78.463154,17.405343],[78.463188,17.40528]]]},"properties":{"id":"0af26eadfb8b","height":null,"num_floors":null,"render_height_m":9.6,"height_label":"assumed"}},{"type":"Feature","geometry":{"type":"Polygon","coordinates":[[[78.463015,17.405111],[78.462978,17.405179],[78.462931,17.405156],[78.462968,17.405088],[78.463015,17.405111]]]},"properties":{"id":"90081773d4ff","height":null,"num_floors":null,"render_height_m":6.4,"height_label":"assumed"}},{"type":"Feature","geometry":{"type":"Polygon","coordinates":[[[78.462931,17.405156],[78.462978,17.405179],[78.462945,17.40524],[78.462898,17.405217],[78.462931,17.405156]]]},"properties":{"id":"1720947d8232","height":null,"num_floors":null,"render_height_m":6.4,"height_label":"assumed"}},{"type":"Feature","geometry":{"type":"Polygon","coordinates":[[[78.462907,17.405612],[78.462746,17.405546],[78.462867,17.405259],[78.463267,17.405448],[78.463205,17.405592],[78.462958,17.405492],[78.462907,17.405612]]]},"properties":{"id":"c1452c4dd00b","height":null,"num_floors":null,"render_height_m":19.2,"height_label":"assumed"}},{"type":"Feature","geometry":{"type":"Polygon","coordinates":[[[78.463354,17.405973],[78.463393,17.406007],[78.463303,17.406104],[78.463264,17.40607],[78.463354,17.405973]]]},"properties":{"id":"19adc841af70","height":null,"num_floors":null,"render_height_m":6.4,"height_label":"assumed"}},{"type":"Feature","geometry":{"type":"Polygon","coordinates":[[[78.46332,17.406086],[78.463343,17.406106],[78.46336,17.406088],[78.463413,17.406133],[78.46338,17.406169],[78.463303,17.406104],[78.46332,17.406086]]]},"properties":{"id":"402745e17735","height":null,"num_floors":null,"render_height_m":6.4,"height_label":"assumed"}},{"type":"Feature","geometry":{"type":"Polygon","coordinates":[[[78.463244,17.406087],[78.463279,17.406098],[78.463268,17.406126],[78.463234,17.406115],[78.463244,17.406087]]]},"properties":{"id":"90d4eab60993","height":null,"num_floors":null,"render_height_m":6.4,"height_label":"assumed"}},{"type":"Feature","geometry":{"type":"Polygon","coordinates":[[[78.463148,17.406325],[78.463118,17.406359],[78.463085,17.406333],[78.463115,17.406299],[78.463148,17.406325]]]},"properties":{"id":"2dee015e6559","height":null,"num_floors":null,"render_height_m":6.4,"height_label":"assumed"}},{"type":"Feature","geometry":{"type":"Polygon","coordinates":[[[78.463231,17.406488],[78.46323,17.407],[78.463103,17.406975],[78.462871,17.406884],[78.462705,17.406772],[78.46275,17.406716],[78.462878,17.406805],[78.462905,17.406779],[78.463082,17.40685],[78.463085,17.406597],[78.462897,17.406597],[78.462892,17.406474],[78.463231,17.406488]]]},"properties":{"id":"396dbb49d85e","height":null,"num_floors":null,"render_height_m":19.2,"height_label":"assumed"}},{"type":"Feature","geometry":{"type":"Polygon","coordinates":[[[78.463446,17.407248],[78.463452,17.407337],[78.463358,17.407343],[78.463352,17.407255],[78.463446,17.407248]]]},"properties":{"id":"7b699dd10cb6","height":null,"num_floors":null,"render_height_m":9.6,"height_label":"assumed"}},{"type":"Feature","geometry":{"type":"Polygon","coordinates":[[[78.463138,17.40769],[78.462921,17.407675],[78.462913,17.407301],[78.462966,17.407209],[78.463167,17.407227],[78.463221,17.407314],[78.463138,17.40769]]]},"properties":{"id":"5f8750e5b387","height":null,"num_floors":null,"render_height_m":19.2,"height_label":"assumed"}},{"type":"Feature","geometry":{"type":"Polygon","coordinates":[[[78.463006,17.407684],[78.463096,17.407691],[78.463092,17.407735],[78.463002,17.407728],[78.463006,17.407684]]]},"properties":{"id":"548a4ef20610","height":null,"num_floors":null,"render_height_m":6.4,"height_label":"assumed"}},{"type":"Feature","geometry":{"type":"Polygon","coordinates":[[[78.462952,17.408057],[78.463038,17.40806],[78.463033,17.408168],[78.462947,17.408164],[78.462952,17.408057]]]},"properties":{"id":"a8f4c9a0034a","height":null,"num_floors":null,"render_height_m":9.6,"height_label":"assumed"}},{"type":"Feature","geometry":{"type":"Polygon","coordinates":[[[78.46313,17.407906],[78.463166,17.407908],[78.463165,17.40794],[78.463128,17.407938],[78.46313,17.407906]]]},"properties":{"id":"2c00a19ab81e","height":null,"num_floors":null,"render_height_m":6.4,"height_label":"assumed"}},{"type":"Feature","geometry":{"type":"Polygon","coordinates":[[[78.463273,17.408042],[78.46344,17.408049],[78.463438,17.408098],[78.463271,17.408091],[78.463273,17.408042]]]},"properties":{"id":"9c81be2404fa","height":null,"num_floors":null,"render_height_m":9.6,"height_label":"assumed"}},{"type":"Feature","geometry":{"type":"Polygon","coordinates":[[[78.463356,17.408092],[78.463402,17.408093],[78.463399,17.408162],[78.463353,17.40816],[78.463356,17.408092]]]},"properties":{"id":"2a77ae8b795f","height":null,"num_floors":null,"render_height_m":6.4,"height_label":"assumed"}},{"type":"Feature","geometry":{"type":"Polygon","coordinates":[[[78.463446,17.40783],[78.463353,17.407841],[78.463334,17.407699],[78.463426,17.407687],[78.463446,17.40783]]]},"properties":{"id":"d593a1b4d47b","height":null,"num_floors":null,"render_height_m":9.6,"height_label":"assumed"}},{"type":"Feature","geometry":{"type":"Polygon","coordinates":[[[78.463311,17.407466],[78.463386,17.40746],[78.463402,17.407644],[78.463327,17.40765],[78.463311,17.407466]]]},"properties":{"id":"9ffa23621a2c","height":null,"num_floors":null,"render_height_m":9.6,"height_label":"assumed"}},{"type":"Feature","geometry":{"type":"Polygon","coordinates":[[[78.463477,17.407442],[78.463475,17.407352],[78.463731,17.407348],[78.463733,17.407437],[78.463477,17.407442]]]},"properties":{"id":"7de3f9da1f18","height":null,"num_floors":null,"render_height_m":12.8,"height_label":"assumed"}},{"type":"Feature","geometry":{"type":"Polygon","coordinates":[[[78.463627,17.407656],[78.463701,17.407651],[78.463706,17.407726],[78.463633,17.407731],[78.463627,17.407656]]]},"properties":{"id":"8c9f817c46c8","height":null,"num_floors":null,"render_height_m":6.4,"height_label":"assumed"}},{"type":"Feature","geometry":{"type":"Polygon","coordinates":[[[78.463547,17.407663],[78.46363,17.407657],[78.463636,17.40773],[78.463703,17.407725],[78.463706,17.407768],[78.463639,17.407773],[78.463642,17.407809],[78.463595,17.407812],[78.463591,17.407753],[78.463554,17.407756],[78.463547,17.407663]]]},"properties":{"id":"0fc5880e97b2","height":null,"num_floors":null,"render_height_m":9.6,"height_label":"assumed"}},{"type":"Feature","geometry":{"type":"Polygon","coordinates":[[[78.463623,17.408217],[78.463558,17.408217],[78.463557,17.408036],[78.463622,17.408035],[78.463623,17.408217]]]},"properties":{"id":"500e747c455d","height":null,"num_floors":null,"render_height_m":9.6,"height_label":"assumed"}},{"type":"Feature","geometry":{"type":"Polygon","coordinates":[[[78.463758,17.407917],[78.463658,17.40792],[78.463655,17.407838],[78.463756,17.407835],[78.463758,17.407917]]]},"properties":{"id":"e6f9659c4060","height":null,"num_floors":null,"render_height_m":9.6,"height_label":"assumed"}},{"type":"Feature","geometry":{"type":"Polygon","coordinates":[[[78.463456,17.407283],[78.463531,17.407285],[78.463529,17.407345],[78.463454,17.407343],[78.463456,17.407283]]]},"properties":{"id":"0596383c74c0","height":null,"num_floors":null,"render_height_m":6.4,"height_label":"assumed"}},{"type":"Feature","geometry":{"type":"Polygon","coordinates":[[[78.463741,17.407217],[78.463331,17.407246],[78.463315,17.407049],[78.463726,17.407019],[78.463741,17.407217]]]},"properties":{"id":"90562e8494fd","height":null,"num_floors":null,"render_height_m":19.2,"height_label":"assumed"}},{"type":"Feature","geometry":{"type":"Polygon","coordinates":[[[78.463748,17.406978],[78.463312,17.407022],[78.463293,17.40685],[78.463729,17.406807],[78.463748,17.406978]]]},"properties":{"id":"c881dcf348fa","height":null,"num_floors":null,"render_height_m":19.2,"height_label":"assumed"}},{"type":"Feature","geometry":{"type":"Polygon","coordinates":[[[78.463694,17.406789],[78.463261,17.406784],[78.463264,17.406504],[78.463697,17.406509],[78.463694,17.406789]]]},"properties":{"id":"abccc2689e23","height":null,"num_floors":null,"render_height_m":19.2,"height_label":"assumed"}},{"type":"Feature","geometry":{"type":"Polygon","coordinates":[[[78.463955,17.406884],[78.463957,17.406907],[78.463784,17.406918],[78.463779,17.40685],[78.463926,17.406841],[78.463929,17.406885],[78.463955,17.406884]]]},"properties":{"id":"7c793342b95d","height":null,"num_floors":null,"render_height_m":9.6,"height_label":"assumed"}},{"type":"Feature","geometry":{"type":"Polygon","coordinates":[[[78.463932,17.406839],[78.463936,17.406684],[78.46412,17.406688],[78.464116,17.406843],[78.463932,17.406839]]]},"properties":{"id":"78d9af73b037","height":null,"num_floors":null,"render_height_m":12.8,"height_label":"assumed"}},{"type":"Feature","geometry":{"type":"Polygon","coordinates":[[[78.464015,17.407169],[78.464033,17.407348],[78.463846,17.407366],[78.463827,17.407186],[78.464015,17.407169]]]},"properties":{"id":"4038f0116416","height":null,"num_floors":null,"render_height_m":12.8,"height_label":"assumed"}},{"type":"Feature","geometry":{"type":"Polygon","coordinates":[[[78.464233,17.407276],[78.464297,17.40728],[78.464293,17.407337],[78.464229,17.407332],[78.464233,17.407276]]]},"properties":{"id":"bfef59ca5bac","height":null,"num_floors":null,"render_height_m":6.4,"height_label":"assumed"}},{"type":"Feature","geometry":{"type":"Polygon","coordinates":[[[78.464465,17.406852],[78.464519,17.406857],[78.464511,17.406933],[78.464457,17.406928],[78.464465,17.406852]]]},"properties":{"id":"9e861f730bc8","height":null,"num_floors":null,"render_height_m":6.4,"height_label":"assumed"}},{"type":"Feature","geometry":{"type":"Polygon","coordinates":[[[78.464861,17.406993],[78.464763,17.406942],[78.464852,17.406785],[78.464951,17.406836],[78.464861,17.406993]]]},"properties":{"id":"b63888a121af","height":null,"num_floors":null,"render_height_m":9.6,"height_label":"assumed"}},{"type":"Feature","geometry":{"type":"Polygon","coordinates":[[[78.464738,17.407451],[78.464618,17.407386],[78.464712,17.40723],[78.464831,17.407294],[78.464738,17.407451]]]},"properties":{"id":"c48aa0fcad38","height":null,"num_floors":null,"render_height_m":12.8,"height_label":"assumed"}},{"type":"Feature","geometry":{"type":"Polygon","coordinates":[[[78.464678,17.40726],[78.464295,17.407228],[78.464314,17.407022],[78.464697,17.407054],[78.464678,17.40726]]]},"properties":{"id":"d79e012dee7a","height":null,"num_floors":null,"render_height_m":19.2,"height_label":"assumed"}},{"type":"Feature","geometry":{"type":"Polygon","coordinates":[[[78.464397,17.407295],[78.46451,17.407306],[78.464501,17.407384],[78.464389,17.407373],[78.464397,17.407295]]]},"properties":{"id":"ad8905f244fd","height":null,"num_floors":null,"render_height_m":9.6,"height_label":"assumed"}},{"type":"Feature","geometry":{"type":"Polygon","coordinates":[[[78.464433,17.407386],[78.464482,17.40739],[78.464473,17.407491],[78.464425,17.407487],[78.464433,17.407386]]]},"properties":{"id":"a01727061a5b","height":null,"num_floors":null,"render_height_m":6.4,"height_label":"assumed"}},{"type":"Feature","geometry":{"type":"Polygon","coordinates":[[[78.464501,17.407384],[78.46454,17.407388],[78.464529,17.40749],[78.46449,17.407486],[78.464501,17.407384]]]},"properties":{"id":"1c203c1cffcc","height":null,"num_floors":null,"render_height_m":6.4,"height_label":"assumed"}},{"type":"Feature","geometry":{"type":"Polygon","coordinates":[[[78.464407,17.407486],[78.464506,17.407494],[78.464498,17.407579],[78.4644,17.407571],[78.464407,17.407486]]]},"properties":{"id":"a1c40984e8ed","height":null,"num_floors":null,"render_height_m":9.6,"height_label":"assumed"}},{"type":"Feature","geometry":{"type":"Polygon","coordinates":[[[78.46434,17.407654],[78.464616,17.407676],[78.464604,17.407821],[78.464328,17.407799],[78.46434,17.407654]]]},"properties":{"id":"cc8d5b2e56a9","height":null,"num_floors":null,"render_height_m":12.8,"height_label":"assumed"}},{"type":"Feature","geometry":{"type":"Polygon","coordinates":[[[78.464574,17.407411],[78.464626,17.407416],[78.464615,17.407516],[78.464655,17.40752],[78.464646,17.407599],[78.464555,17.40759],[78.464574,17.407411]]]},"properties":{"id":"8233ce78c6bc","height":null,"num_floors":null,"render_height_m":9.6,"height_label":"assumed"}},{"type":"Feature","geometry":{"type":"Polygon","coordinates":[[[78.464709,17.407472],[78.464787,17.407477],[78.464782,17.407547],[78.464704,17.407542],[78.464709,17.407472]]]},"properties":{"id":"eb954b32844a","height":null,"num_floors":null,"render_height_m":6.4,"height_label":"assumed"}},{"type":"Feature","geometry":{"type":"Polygon","coordinates":[[[78.464865,17.407491],[78.464927,17.407495],[78.464923,17.407541],[78.464954,17.407543],[78.464951,17.407583],[78.464859,17.407577],[78.464865,17.407491]]]},"properties":{"id":"a3570e8fbdd7","height":null,"num_floors":null,"render_height_m":6.4,"height_label":"assumed"}},{"type":"Feature","geometry":{"type":"Polygon","coordinates":[[[78.46483,17.407488],[78.464865,17.407491],[78.464859,17.407577],[78.464823,17.407575],[78.46483,17.407488]]]},"properties":{"id":"229b2e7b9784","height":null,"num_floors":null,"render_height_m":6.4,"height_label":"assumed"}},{"type":"Feature","geometry":{"type":"Polygon","coordinates":[[[78.464751,17.408073],[78.464778,17.408074],[78.464776,17.408145],[78.464748,17.408144],[78.464751,17.408073]]]},"properties":{"id":"0796522e39ef","height":null,"num_floors":null,"render_height_m":6.4,"height_label":"assumed"}},{"type":"Feature","geometry":{"type":"Polygon","coordinates":[[[78.464565,17.407967],[78.464446,17.407956],[78.46446,17.407814],[78.46458,17.407826],[78.464565,17.407967]]]},"properties":{"id":"eab9a2a37927","height":null,"num_floors":null,"render_height_m":9.6,"height_label":"assumed"}},{"type":"Feature","geometry":{"type":"Polygon","coordinates":[[[78.464585,17.408161],[78.464467,17.408161],[78.464467,17.408084],[78.464585,17.408084],[78.464585,17.408161]]]},"properties":{"id":"757e5a5b697f","height":null,"num_floors":null,"render_height_m":9.6,"height_label":"assumed"}},{"type":"Feature","geometry":{"type":"Polygon","coordinates":[[[78.464307,17.407798],[78.464395,17.407805],[78.464387,17.407899],[78.464299,17.407892],[78.464307,17.407798]]]},"properties":{"id":"1a635d46ccbd","height":null,"num_floors":null,"render_height_m":9.6,"height_label":"assumed"}},{"type":"Feature","geometry":{"type":"Polygon","coordinates":[[[78.464344,17.407363],[78.464393,17.407366],[78.464388,17.407427],[78.464339,17.407423],[78.464344,17.407363]]]},"properties":{"id":"13fef7558e4e","height":null,"num_floors":null,"render_height_m":6.4,"height_label":"assumed"}},{"type":"Feature","geometry":{"type":"Polygon","coordinates":[[[78.464409,17.407478],[78.464402,17.407553],[78.464345,17.407548],[78.464341,17.40759],[78.464294,17.407586],[78.464304,17.407469],[78.464409,17.407478]]]},"properties":{"id":"a6c9c358020c","height":null,"num_floors":null,"render_height_m":9.6,"height_label":"assumed"}},{"type":"Feature","geometry":{"type":"Polygon","coordinates":[[[78.464219,17.407354],[78.464301,17.40736],[78.464293,17.407454],[78.46421,17.407448],[78.464219,17.407354]]]},"properties":{"id":"7264e06f8417","height":null,"num_floors":null,"render_height_m":9.6,"height_label":"assumed"}},{"type":"Feature","geometry":{"type":"Polygon","coordinates":[[[78.46413,17.407725],[78.46414,17.407596],[78.464288,17.407607],[78.464278,17.407736],[78.46413,17.407725]]]},"properties":{"id":"04f8a76d8626","height":null,"num_floors":null,"render_height_m":9.6,"height_label":"assumed"}},{"type":"Feature","geometry":{"type":"Polygon","coordinates":[[[78.463973,17.407555],[78.46398,17.407675],[78.463886,17.40768],[78.463878,17.40756],[78.463973,17.407555]]]},"properties":{"id":"639bf0bd8a90","height":null,"num_floors":null,"render_height_m":9.6,"height_label":"assumed"}},{"type":"Feature","geometry":{"type":"Polygon","coordinates":[[[78.464194,17.408007],[78.464059,17.407998],[78.464068,17.407878],[78.464202,17.407887],[78.464194,17.408007]]]},"properties":{"id":"1d6db0af094c","height":null,"num_floors":null,"render_height_m":9.6,"height_label":"assumed"}},{"type":"Feature","geometry":{"type":"Polygon","coordinates":[[[78.464099,17.408085],[78.464143,17.408087],[78.464141,17.408112],[78.464195,17.408115],[78.464192,17.408157],[78.464189,17.408209],[78.464092,17.408204],[78.464099,17.408085]]]},"properties":{"id":"5ca57f6c9571","height":null,"num_floors":null,"render_height_m":9.6,"height_label":"assumed"}},{"type":"Feature","geometry":{"type":"Polygon","coordinates":[[[78.464071,17.40821],[78.46417,17.408224],[78.46415,17.408359],[78.464051,17.408346],[78.464071,17.40821]]]},"properties":{"id":"faabd4a57280","height":null,"num_floors":null,"render_height_m":9.6,"height_label":"assumed"}},{"type":"Feature","geometry":{"type":"Polygon","coordinates":[[[78.464246,17.408218],[78.464335,17.408216],[78.464337,17.40831],[78.464248,17.408313],[78.464246,17.408218]]]},"properties":{"id":"1d6c11d9eb57","height":null,"num_floors":null,"render_height_m":9.6,"height_label":"assumed"}},{"type":"Feature","geometry":{"type":"Polygon","coordinates":[[[78.46432,17.408085],[78.464327,17.40821],[78.464207,17.408216],[78.464201,17.40809],[78.46432,17.408085]]]},"properties":{"id":"f8fd9ec12711","height":null,"num_floors":null,"render_height_m":9.6,"height_label":"assumed"}},{"type":"Feature","geometry":{"type":"Polygon","coordinates":[[[78.464673,17.408215],[78.464764,17.408209],[78.464769,17.408273],[78.464677,17.408279],[78.464673,17.408215]]]},"properties":{"id":"71ea1f01be8b","height":null,"num_floors":null,"render_height_m":6.4,"height_label":"assumed"}},{"type":"Feature","geometry":{"type":"Polygon","coordinates":[[[78.464802,17.408202],[78.464874,17.408207],[78.464871,17.408241],[78.464799,17.408236],[78.464802,17.408202]]]},"properties":{"id":"cdb23f252cfd","height":null,"num_floors":null,"render_height_m":6.4,"height_label":"assumed"}},{"type":"Feature","geometry":{"type":"Polygon","coordinates":[[[78.46485,17.408129],[78.464908,17.408132],[78.464904,17.408214],[78.464845,17.408211],[78.46485,17.408129]]]},"properties":{"id":"1cc119732d2e","height":null,"num_floors":null,"render_height_m":6.4,"height_label":"assumed"}},{"type":"Feature","geometry":{"type":"Polygon","coordinates":[[[78.463864,17.408227],[78.463801,17.408226],[78.463804,17.408068],[78.463866,17.408069],[78.463864,17.408227]]]},"properties":{"id":"0f3096971408","height":null,"num_floors":null,"render_height_m":9.6,"height_label":"assumed"}},{"type":"Feature","geometry":{"type":"Polygon","coordinates":[[[78.463732,17.408044],[78.46377,17.408045],[78.463764,17.408241],[78.463725,17.40824],[78.463732,17.408044]]]},"properties":{"id":"8082b06c133a","height":null,"num_floors":null,"render_height_m":9.6,"height_label":"assumed"}},{"type":"Feature","geometry":{"type":"Polygon","coordinates":[[[78.463672,17.408127],[78.463727,17.408129],[78.463725,17.408197],[78.46367,17.408196],[78.463672,17.408127]]]},"properties":{"id":"2f60b8fd576d","height":null,"num_floors":null,"render_height_m":6.4,"height_label":"assumed"}},{"type":"Feature","geometry":{"type":"Polygon","coordinates":[[[78.46367,17.408196],[78.463725,17.408197],[78.463723,17.408247],[78.463668,17.408246],[78.46367,17.408196]]]},"properties":{"id":"7192d7141f23","height":null,"num_floors":null,"render_height_m":6.4,"height_label":"assumed"}},{"type":"Feature","geometry":{"type":"Polygon","coordinates":[[[78.463431,17.408098],[78.463467,17.408099],[78.463461,17.408239],[78.463425,17.408237],[78.463431,17.408098]]]},"properties":{"id":"6c89705ee7a3","height":null,"num_floors":null,"render_height_m":6.4,"height_label":"assumed"}},{"type":"Feature","geometry":{"type":"Polygon","coordinates":[[[78.463443,17.408257],[78.463487,17.408254],[78.46349,17.408298],[78.463446,17.408301],[78.463443,17.408257]]]},"properties":{"id":"3584a356c267","height":null,"num_floors":null,"render_height_m":6.4,"height_label":"assumed"}},{"type":"Feature","geometry":{"type":"Polygon","coordinates":[[[78.463334,17.408237],[78.463392,17.40824],[78.46339,17.408296],[78.463332,17.408294],[78.463334,17.408237]]]},"properties":{"id":"d85dd9d97b00","height":null,"num_floors":null,"render_height_m":6.4,"height_label":"assumed"}},{"type":"Feature","geometry":{"type":"Polygon","coordinates":[[[78.463393,17.408173],[78.463429,17.408175],[78.463426,17.40824],[78.46339,17.408239],[78.463393,17.408173]]]},"properties":{"id":"c6da4e82b6a1","height":null,"num_floors":null,"render_height_m":6.4,"height_label":"assumed"}},{"type":"Feature","geometry":{"type":"Polygon","coordinates":[[[78.463392,17.40824],[78.463346,17.408238],[78.463349,17.408177],[78.463395,17.408179],[78.463392,17.40824]]]},"properties":{"id":"e859535b6318","height":null,"num_floors":null,"render_height_m":6.4,"height_label":"assumed"}},{"type":"Feature","geometry":{"type":"Polygon","coordinates":[[[78.463305,17.408091],[78.463341,17.408093],[78.463334,17.408237],[78.463298,17.408236],[78.463305,17.408091]]]},"properties":{"id":"6fee6d8533af","height":null,"num_floors":null,"render_height_m":6.4,"height_label":"assumed"}},{"type":"Feature","geometry":{"type":"Polygon","coordinates":[[[78.463241,17.408234],[78.463334,17.408237],[78.463332,17.408294],[78.463239,17.40829],[78.463241,17.408234]]]},"properties":{"id":"879140e95ceb","height":null,"num_floors":null,"render_height_m":6.4,"height_label":"assumed"}},{"type":"Feature","geometry":{"type":"Polygon","coordinates":[[[78.463305,17.408091],[78.463298,17.408236],[78.463212,17.408232],[78.463217,17.408118],[78.46327,17.408121],[78.463272,17.40809],[78.463305,17.408091]]]},"properties":{"id":"e7b4ea2301fb","height":null,"num_floors":null,"render_height_m":9.6,"height_label":"assumed"}},{"type":"Feature","geometry":{"type":"Polygon","coordinates":[[[78.463123,17.408116],[78.463219,17.408119],[78.463214,17.408231],[78.463118,17.408227],[78.463123,17.408116]]]},"properties":{"id":"869d3e21706b","height":null,"num_floors":null,"render_height_m":9.6,"height_label":"assumed"}},{"type":"Feature","geometry":{"type":"Polygon","coordinates":[[[78.463053,17.4081],[78.463107,17.408108],[78.463094,17.408182],[78.46304,17.408174],[78.463053,17.4081]]]},"properties":{"id":"666bb1fe818c","height":null,"num_floors":null,"render_height_m":6.4,"height_label":"assumed"}},{"type":"Feature","geometry":{"type":"Polygon","coordinates":[[[78.462684,17.4069],[78.46261,17.407069],[78.462541,17.407041],[78.462615,17.406872],[78.462684,17.4069]]]},"properties":{"id":"195b1f794c6b","height":null,"num_floors":null,"render_height_m":9.6,"height_label":"assumed"}},{"type":"Feature","geometry":{"type":"Polygon","coordinates":[[[78.462697,17.40752],[78.462468,17.407484],[78.462538,17.407086],[78.462766,17.407122],[78.462697,17.40752]]]},"properties":{"id":"a79b402310f9","height":null,"num_floors":null,"render_height_m":19.2,"height_label":"assumed"}},{"type":"Feature","geometry":{"type":"Polygon","coordinates":[[[78.462246,17.407299],[78.462275,17.407308],[78.462259,17.407356],[78.462229,17.407346],[78.462246,17.407299]]]},"properties":{"id":"f635bac8b57d","height":null,"num_floors":null,"render_height_m":6.4,"height_label":"assumed"}},{"type":"Feature","geometry":{"type":"Polygon","coordinates":[[[78.462266,17.407157],[78.46226,17.407221],[78.462218,17.407217],[78.462224,17.407153],[78.462266,17.407157]]]},"properties":{"id":"f4adec13239f","height":null,"num_floors":null,"render_height_m":6.4,"height_label":"assumed"}},{"type":"Feature","geometry":{"type":"Polygon","coordinates":[[[78.462188,17.40705],[78.462275,17.407057],[78.462271,17.407095],[78.462185,17.407088],[78.462188,17.40705]]]},"properties":{"id":"542b37593d7e","height":null,"num_floors":null,"render_height_m":6.4,"height_label":"assumed"}},{"type":"Feature","geometry":{"type":"Polygon","coordinates":[[[78.462282,17.406981],[78.46233,17.406981],[78.462329,17.40705],[78.462281,17.407049],[78.462282,17.406981]]]},"properties":{"id":"d511c75a063e","height":null,"num_floors":null,"render_height_m":6.4,"height_label":"assumed"}},{"type":"Feature","geometry":{"type":"Polygon","coordinates":[[[78.462332,17.407068],[78.462371,17.407083],[78.462282,17.407306],[78.462242,17.407292],[78.462332,17.407068]]]},"properties":{"id":"3439541e6906","height":null,"num_floors":null,"render_height_m":9.6,"height_label":"assumed"}},{"type":"Feature","geometry":{"type":"Polygon","coordinates":[[[78.462347,17.406944],[78.462399,17.406956],[78.462391,17.406988],[78.462416,17.406994],[78.462398,17.407061],[78.46236,17.407052],[78.462369,17.407014],[78.462332,17.407005],[78.462347,17.406944]]]},"properties":{"id":"27dd6f6985e0","height":null,"num_floors":null,"render_height_m":6.4,"height_label":"assumed"}},{"type":"Feature","geometry":{"type":"Polygon","coordinates":[[[78.462384,17.40686],[78.462385,17.406824],[78.462356,17.406823],[78.462359,17.406734],[78.462463,17.406737],[78.462459,17.406862],[78.462384,17.40686]]]},"properties":{"id":"d50408dafaa4","height":null,"num_floors":null,"render_height_m":9.6,"height_label":"assumed"}},{"type":"Feature","geometry":{"type":"Polygon","coordinates":[[[78.46225,17.406761],[78.4623,17.406754],[78.46231,17.406819],[78.46226,17.406826],[78.46225,17.406761]]]},"properties":{"id":"d943b08bbd80","height":null,"num_floors":null,"render_height_m":6.4,"height_label":"assumed"}},{"type":"Feature","geometry":{"type":"Polygon","coordinates":[[[78.462096,17.407285],[78.462189,17.407304],[78.46218,17.407344],[78.462087,17.407326],[78.462096,17.407285]]]},"properties":{"id":"ab1afaf4ca0b","height":null,"num_floors":null,"render_height_m":6.4,"height_label":"assumed"}},{"type":"Feature","geometry":{"type":"Polygon","coordinates":[[[78.461986,17.407592],[78.462041,17.407606],[78.462018,17.407687],[78.462053,17.407696],[78.46204,17.407743],[78.46195,17.40772],[78.461986,17.407592]]]},"properties":{"id":"dbf3c6f8a5e5","height":null,"num_floors":null,"render_height_m":9.6,"height_label":"assumed"}},{"type":"Feature","geometry":{"type":"Polygon","coordinates":[[[78.462033,17.407596],[78.46209,17.407608],[78.462083,17.407638],[78.462026,17.407626],[78.462033,17.407596]]]},"properties":{"id":"e04e790b3242","height":null,"num_floors":null,"render_height_m":6.4,"height_label":"assumed"}},{"type":"Feature","geometry":{"type":"Polygon","coordinates":[[[78.462253,17.407358],[78.462232,17.407416],[78.462205,17.407407],[78.462226,17.407349],[78.462253,17.407358]]]},"properties":{"id":"a697d5f67380","height":null,"num_floors":null,"render_height_m":6.4,"height_label":"assumed"}},{"type":"Feature","geometry":{"type":"Polygon","coordinates":[[[78.462201,17.407893],[78.462227,17.407642],[78.462598,17.407692],[78.462582,17.407909],[78.462201,17.407893]]]},"properties":{"id":"4a98f8bb552c","height":null,"num_floors":null,"render_height_m":19.2,"height_label":"assumed"}},{"type":"Feature","geometry":{"type":"Polygon","coordinates":[[[78.46195,17.40772],[78.46204,17.407743],[78.462023,17.407802],[78.461934,17.407778],[78.46195,17.40772]]]},"properties":{"id":"93f5f60450ac","height":null,"num_floors":null,"render_height_m":6.4,"height_label":"assumed"}},{"type":"Feature","geometry":{"type":"Polygon","coordinates":[[[78.461911,17.40792],[78.461966,17.407931],[78.461946,17.408029],[78.461891,17.408019],[78.461911,17.40792]]]},"properties":{"id":"85cc9c1cd9cd","height":null,"num_floors":null,"render_height_m":6.4,"height_label":"assumed"}},{"type":"Feature","geometry":{"type":"Polygon","coordinates":[[[78.461873,17.408235],[78.461829,17.408233],[78.461841,17.408009],[78.461885,17.408011],[78.461873,17.408235]]]},"properties":{"id":"c934961580b2","height":null,"num_floors":null,"render_height_m":9.6,"height_label":"assumed"}},{"type":"Feature","geometry":{"type":"Polygon","coordinates":[[[78.461458,17.406799],[78.461493,17.406791],[78.461508,17.406851],[78.461473,17.406859],[78.461458,17.406799]]]},"properties":{"id":"1b84f30eed7a","height":null,"num_floors":null,"render_height_m":6.4,"height_label":"assumed"}},{"type":"Feature","geometry":{"type":"Polygon","coordinates":[[[78.461324,17.407071],[78.461353,17.407073],[78.461352,17.407109],[78.461322,17.407107],[78.461324,17.407071]]]},"properties":{"id":"523e9ed8505e","height":null,"num_floors":null,"render_height_m":6.4,"height_label":"assumed"}},{"type":"Feature","geometry":{"type":"Polygon","coordinates":[[[78.461284,17.406855],[78.461314,17.406849],[78.461324,17.406897],[78.461294,17.406902],[78.461284,17.406855]]]},"properties":{"id":"f3b5f0a49651","height":null,"num_floors":null,"render_height_m":6.4,"height_label":"assumed"}},{"type":"Feature","geometry":{"type":"Polygon","coordinates":[[[78.461214,17.406704],[78.46124,17.406695],[78.461258,17.406741],[78.461232,17.40675],[78.461214,17.406704]]]},"properties":{"id":"0a12642cf60b","height":null,"num_floors":null,"render_height_m":6.4,"height_label":"assumed"}},{"type":"Feature","geometry":{"type":"Polygon","coordinates":[[[78.461407,17.407677],[78.461401,17.407753],[78.461324,17.407747],[78.461328,17.407699],[78.461358,17.407702],[78.46136,17.407674],[78.461407,17.407677]]]},"properties":{"id":"fbca71e20f3b","height":null,"num_floors":null,"render_height_m":6.4,"height_label":"assumed"}},{"type":"Feature","geometry":{"type":"Polygon","coordinates":[[[78.461325,17.407719],[78.461286,17.408199],[78.461089,17.408184],[78.461118,17.407827],[78.461218,17.407835],[78.461228,17.407712],[78.461325,17.407719]]]},"properties":{"id":"a1a4727855ca","height":null,"num_floors":null,"render_height_m":19.2,"height_label":"assumed"}},{"type":"Feature","geometry":{"type":"Polygon","coordinates":[[[78.461072,17.408253],[78.461074,17.408293],[78.460877,17.408301],[78.460876,17.408262],[78.461072,17.408253]]]},"properties":{"id":"4906c57fbccb","height":null,"num_floors":null,"render_height_m":9.6,"height_label":"assumed"}},{"type":"Feature","geometry":{"type":"Polygon","coordinates":[[[78.467884,17.408172],[78.467939,17.408177],[78.467934,17.408236],[78.467879,17.408232],[78.467884,17.408172]]]},"properties":{"id":"8d6b5dcc4aec","height":null,"num_floors":null,"render_height_m":6.4,"height_label":"assumed"}},{"type":"Feature","geometry":{"type":"Polygon","coordinates":[[[78.469027,17.408035],[78.469024,17.408371],[78.468565,17.408367],[78.468569,17.408031],[78.469027,17.408035]]]},"properties":{"id":"69720df64fcd","height":null,"num_floors":null,"render_height_m":19.2,"height_label":"assumed"}},{"type":"Feature","geometry":{"type":"Polygon","coordinates":[[[78.468413,17.40755],[78.468128,17.407273],[78.468297,17.407123],[78.46841,17.407245],[78.468438,17.407221],[78.468479,17.407265],[78.468501,17.407246],[78.468547,17.407295],[78.468551,17.407291],[78.468576,17.407318],[78.468595,17.407301],[78.46869,17.407404],[78.468697,17.407486],[78.468702,17.407552],[78.468687,17.407643],[78.468652,17.407667],[78.468559,17.407639],[78.468413,17.40755]]]},"properties":{"id":"2654c96aa0c9","height":37.0,"num_floors":13,"render_height_m":37.0,"height_label":"measured"}},{"type":"Feature","geometry":{"type":"Polygon","coordinates":[[[78.46872,17.407332],[78.468706,17.40729],[78.468706,17.407199],[78.468729,17.407208],[78.468794,17.407188],[78.468795,17.407224],[78.468898,17.407194],[78.468913,17.407157],[78.468882,17.407145],[78.468788,17.407145],[78.468765,17.407073],[78.468736,17.40714],[78.468674,17.40714],[78.468627,17.406997],[78.468777,17.406997],[78.468821,17.407131],[78.468845,17.407076],[78.46889,17.407094],[78.46889,17.407069],[78.46893,17.407069],[78.468931,17.407151],[78.468989,17.407174],[78.468908,17.407362],[78.468882,17.40737],[78.468931,17.407389],[78.468931,17.407436],[78.468895,17.407436],[78.468867,17.407425],[78.468811,17.407442],[78.46878,17.407442],[78.468766,17.407399],[78.468766,17.40735],[78.46872,17.407332]]]},"properties":{"id":"0fd16cabfd95","height":null,"num_floors":null,"render_height_m":19.2,"height_label":"assumed"}},{"type":"Feature","geometry":{"type":"Polygon","coordinates":[[[78.468443,17.406923],[78.468435,17.406963],[78.468403,17.406957],[78.468411,17.406917],[78.468443,17.406923]]]},"properties":{"id":"dee4f2143b1f","height":null,"num_floors":null,"render_height_m":6.4,"height_label":"assumed"}},{"type":"Feature","geometry":{"type":"Polygon","coordinates":[[[78.468451,17.40695],[78.468557,17.406996],[78.468473,17.407176],[78.468407,17.407147],[78.46846,17.407036],[78.468418,17.407018],[78.468451,17.40695]]]},"properties":{"id":"530d89f173e9","height":null,"num_floors":null,"render_height_m":9.6,"height_label":"assumed"}},{"type":"Feature","geometry":{"type":"Polygon","coordinates":[[[78.468559,17.40708],[78.468601,17.407099],[78.468555,17.407191],[78.468514,17.407172],[78.468559,17.40708]]]},"properties":{"id":"0a08abd2a478","height":null,"num_floors":null,"render_height_m":6.4,"height_label":"assumed"}},{"type":"Feature","geometry":{"type":"Polygon","coordinates":[[[78.468165,17.407088],[78.468198,17.407097],[78.46819,17.407128],[78.468157,17.40712],[78.468165,17.407088]]]},"properties":{"id":"76f7a4d80f87","height":null,"num_floors":null,"render_height_m":6.4,"height_label":"assumed"}},{"type":"Feature","geometry":{"type":"Polygon","coordinates":[[[78.468192,17.407029],[78.468207,17.407064],[78.468148,17.407088],[78.468133,17.407053],[78.468192,17.407029]]]},"properties":{"id":"23fa6eff7a1a","height":null,"num_floors":null,"render_height_m":6.4,"height_label":"assumed"}},{"type":"Feature","geometry":{"type":"Polygon","coordinates":[[[78.468272,17.406962],[78.468304,17.406996],[78.46825,17.407042],[78.468218,17.407008],[78.468272,17.406962]]]},"properties":{"id":"50a16df08b57","height":null,"num_floors":null,"render_height_m":6.4,"height_label":"assumed"}},{"type":"Feature","geometry":{"type":"Polygon","coordinates":[[[78.468348,17.407092],[78.468415,17.407114],[78.468406,17.407139],[78.468339,17.407117],[78.468348,17.407092]]]},"properties":{"id":"41663277d91b","height":null,"num_floors":null,"render_height_m":6.4,"height_label":"assumed"}},{"type":"Feature","geometry":{"type":"Polygon","coordinates":[[[78.468388,17.407004],[78.46846,17.407036],[78.468422,17.407116],[78.468329,17.407076],[78.468347,17.407037],[78.468368,17.407046],[78.468388,17.407004]]]},"properties":{"id":"f08724d69c38","height":null,"num_floors":null,"render_height_m":9.6,"height_label":"assumed"}},{"type":"Feature","geometry":{"type":"Polygon","coordinates":[[[78.468376,17.40684],[78.467953,17.407127],[78.467826,17.406914],[78.468277,17.406636],[78.468376,17.40684]]]},"properties":{"id":"9a809f064d02","height":null,"num_floors":null,"render_height_m":19.2,"height_label":"assumed"}},{"type":"Feature","geometry":{"type":"Polygon","coordinates":[[[78.468088,17.407068],[78.468111,17.407109],[78.46806,17.407135],[78.468037,17.407094],[78.468088,17.407068]]]},"properties":{"id":"1ca877be4643","height":null,"num_floors":null,"render_height_m":6.4,"height_label":"assumed"}},{"type":"Feature","geometry":{"type":"Polygon","coordinates":[[[78.468161,17.407987],[78.468008,17.407979],[78.468014,17.407879],[78.468167,17.407887],[78.468161,17.407987]]]},"properties":{"id":"af9ccdd19f02","height":null,"num_floors":null,"render_height_m":9.6,"height_label":"assumed"}},{"type":"Feature","geometry":{"type":"Polygon","coordinates":[[[78.467898,17.408166],[78.467834,17.408174],[78.467817,17.408046],[78.468025,17.40802],[78.468037,17.408106],[78.467892,17.408124],[78.467898,17.408166]]]},"properties":{"id":"cadaa7f65f55","height":null,"num_floors":null,"render_height_m":9.6,"height_label":"assumed"}},{"type":"Feature","geometry":{"type":"Polygon","coordinates":[[[78.467409,17.407966],[78.467405,17.407855],[78.467616,17.407848],[78.46762,17.40796],[78.467409,17.407966]]]},"properties":{"id":"f470f880b17d","height":null,"num_floors":null,"render_height_m":12.8,"height_label":"assumed"}},{"type":"Feature","geometry":{"type":"Polygon","coordinates":[[[78.46756,17.407598],[78.467566,17.407739],[78.467483,17.407742],[78.467486,17.407809],[78.46733,17.407815],[78.467322,17.407608],[78.46756,17.407598]]]},"properties":{"id":"74e7d6dc8d38","height":null,"num_floors":null,"render_height_m":12.8,"height_label":"assumed"}},{"type":"Feature","geometry":{"type":"Polygon","coordinates":[[[78.467429,17.407553],[78.467471,17.407551],[78.467475,17.407594],[78.467432,17.407597],[78.467429,17.407553]]]},"properties":{"id":"9387ab89a7e1","height":null,"num_floors":null,"render_height_m":6.4,"height_label":"assumed"}},{"type":"Feature","geometry":{"type":"Polygon","coordinates":[[[78.467851,17.407455],[78.467858,17.407554],[78.467674,17.407565],[78.467668,17.407466],[78.467851,17.407455]]]},"properties":{"id":"8eb3e946383e","height":null,"num_floors":null,"render_height_m":9.6,"height_label":"assumed"}},{"type":"Feature","geometry":{"type":"Polygon","coordinates":[[[78.467775,17.406719],[78.467803,17.406775],[78.467739,17.406804],[78.467711,17.406748],[78.467775,17.406719]]]},"properties":{"id":"caa70310ae3d","height":null,"num_floors":null,"render_height_m":6.4,"height_label":"assumed"}},{"type":"Feature","geometry":{"type":"Polygon","coordinates":[[[78.46729,17.406923],[78.467301,17.406993],[78.467112,17.407022],[78.4671,17.406951],[78.46729,17.406923]]]},"properties":{"id":"dfb84445e4e2","height":null,"num_floors":null,"render_height_m":9.6,"height_label":"assumed"}},{"type":"Feature","geometry":{"type":"Polygon","coordinates":[[[78.467228,17.406897],[78.467234,17.406931],[78.467187,17.406938],[78.467181,17.406904],[78.467228,17.406897]]]},"properties":{"id":"297cbf542efe","height":null,"num_floors":null,"render_height_m":6.4,"height_label":"assumed"}},{"type":"Feature","geometry":{"type":"Polygon","coordinates":[[[78.467008,17.407002],[78.467063,17.406999],[78.467066,17.407038],[78.46701,17.407041],[78.467008,17.407002]]]},"properties":{"id":"81b13cfb314e","height":null,"num_floors":null,"render_height_m":6.4,"height_label":"assumed"}},{"type":"Feature","geometry":{"type":"Polygon","coordinates":[[[78.467163,17.40755],[78.467236,17.407547],[78.467245,17.407778],[78.467171,17.40778],[78.467163,17.40755]]]},"properties":{"id":"6bd26a2b26a5","height":null,"num_floors":null,"render_height_m":9.6,"height_label":"assumed"}},{"type":"Feature","geometry":{"type":"Polygon","coordinates":[[[78.467252,17.40806],[78.466852,17.408071],[78.466849,17.407962],[78.467164,17.407954],[78.467162,17.407874],[78.467247,17.407871],[78.467252,17.40806]]]},"properties":{"id":"0d0d0ad55dbe","height":null,"num_floors":null,"render_height_m":12.8,"height_label":"assumed"}},{"type":"Feature","geometry":{"type":"Polygon","coordinates":[[[78.467131,17.407914],[78.466731,17.407921],[78.46673,17.40786],[78.466911,17.407857],[78.46691,17.407799],[78.467128,17.407795],[78.467131,17.407914]]]},"properties":{"id":"1339c2a27f1c","height":null,"num_floors":null,"render_height_m":12.8,"height_label":"assumed"}},{"type":"Feature","geometry":{"type":"Polygon","coordinates":[[[78.467618,17.408266],[78.467086,17.408347],[78.467066,17.408225],[78.467598,17.408144],[78.467618,17.408266]]]},"properties":{"id":"7bf805fccff0","height":null,"num_floors":null,"render_height_m":12.8,"height_label":"assumed"}},{"type":"Feature","geometry":{"type":"Polygon","coordinates":[[[78.467847,17.40829],[78.46777,17.408301],[78.467745,17.40814],[78.467822,17.408129],[78.467847,17.40829]]]},"properties":{"id":"f5dbdf44e300","height":null,"num_floors":null,"render_height_m":9.6,"height_label":"assumed"}},{"type":"Feature","geometry":{"type":"Polygon","coordinates":[[[78.466577,17.408252],[78.466665,17.408249],[78.466666,17.408295],[78.466578,17.408297],[78.466577,17.408252]]]},"properties":{"id":"a34c69c64ef5","height":null,"num_floors":null,"render_height_m":6.4,"height_label":"assumed"}},{"type":"Feature","geometry":{"type":"Polygon","coordinates":[[[78.466625,17.408167],[78.466628,17.408224],[78.466577,17.408226],[78.466574,17.408168],[78.466625,17.408167]]]},"properties":{"id":"0eb93addf2f3","height":null,"num_floors":null,"render_height_m":6.4,"height_label":"assumed"}},{"type":"Feature","geometry":{"type":"Polygon","coordinates":[[[78.466508,17.408262],[78.466347,17.408266],[78.466341,17.408074],[78.466502,17.40807],[78.466508,17.408262]]]},"properties":{"id":"3f8bacec29b9","height":null,"num_floors":null,"render_height_m":12.8,"height_label":"assumed"}},{"type":"Feature","geometry":{"type":"Polygon","coordinates":[[[78.466277,17.408138],[78.46628,17.408197],[78.466175,17.408201],[78.466172,17.408143],[78.466277,17.408138]]]},"properties":{"id":"60c05ed78b0f","height":null,"num_floors":null,"render_height_m":6.4,"height_label":"assumed"}},{"type":"Feature","geometry":{"type":"Polygon","coordinates":[[[78.466231,17.408239],[78.466233,17.408298],[78.466135,17.4083],[78.466133,17.408241],[78.466231,17.408239]]]},"properties":{"id":"c29bfcea2f6d","height":null,"num_floors":null,"render_height_m":6.4,"height_label":"assumed"}},{"type":"Feature","geometry":{"type":"Polygon","coordinates":[[[78.466087,17.408242],[78.466088,17.4083],[78.466069,17.4083],[78.466069,17.408316],[78.466035,17.408317],[78.466033,17.408244],[78.466087,17.408242]]]},"properties":{"id":"3f9df69d259d","height":null,"num_floors":null,"render_height_m":6.4,"height_label":"assumed"}},{"type":"Feature","geometry":{"type":"Polygon","coordinates":[[[78.465039,17.408189],[78.465054,17.408253],[78.464961,17.408273],[78.464946,17.408209],[78.465039,17.408189]]]},"properties":{"id":"e1d162c78d64","height":null,"num_floors":null,"render_height_m":6.4,"height_label":"assumed"}},{"type":"Feature","geometry":{"type":"Polygon","coordinates":[[[78.465948,17.408166],[78.465854,17.408165],[78.465856,17.40806],[78.46595,17.408061],[78.465948,17.408166]]]},"properties":{"id":"446467825835","height":null,"num_floors":null,"render_height_m":9.6,"height_label":"assumed"}},{"type":"Feature","geometry":{"type":"Polygon","coordinates":[[[78.465842,17.408064],[78.465849,17.408167],[78.465791,17.408171],[78.465786,17.408102],[78.465815,17.4081],[78.465812,17.408066],[78.465842,17.408064]]]},"properties":{"id":"a07e1fbef34d","height":null,"num_floors":null,"render_height_m":6.4,"height_label":"assumed"}},{"type":"Feature","geometry":{"type":"Polygon","coordinates":[[[78.465728,17.408066],[78.465805,17.408063],[78.465807,17.408106],[78.465787,17.408107],[78.465791,17.408188],[78.465735,17.408191],[78.465728,17.408066]]]},"properties":{"id":"c1107eaff934","height":null,"num_floors":null,"render_height_m":9.6,"height_label":"assumed"}},{"type":"Feature","geometry":{"type":"Polygon","coordinates":[[[78.465913,17.407874],[78.465972,17.407875],[78.46597,17.408008],[78.465646,17.408003],[78.465649,17.40787],[78.465833,17.407872],[78.465913,17.407874]]]},"properties":{"id":"91e526c31946","height":null,"num_floors":null,"render_height_m":12.8,"height_label":"assumed"}},{"type":"Feature","geometry":{"type":"Polygon","coordinates":[[[78.465833,17.407872],[78.465887,17.407766],[78.465918,17.407786],[78.465912,17.407837],[78.465955,17.407837],[78.465913,17.407874],[78.465833,17.407872]]]},"properties":{"id":"13607788e78e","height":null,"num_floors":null,"render_height_m":6.4,"height_label":"assumed"}},{"type":"Feature","geometry":{"type":"Polygon","coordinates":[[[78.465744,17.407673],[78.465814,17.407575],[78.466071,17.407742],[78.466002,17.40784],[78.465918,17.407786],[78.465887,17.407766],[78.465744,17.407673]]]},"properties":{"id":"541cd69c3328","height":null,"num_floors":null,"render_height_m":12.8,"height_label":"assumed"}},{"type":"Feature","geometry":{"type":"Polygon","coordinates":[[[78.465718,17.407377],[78.46576,17.407392],[78.465748,17.407423],[78.465706,17.407408],[78.465718,17.407377]]]},"properties":{"id":"fef5df0a9acd","height":null,"num_floors":null,"render_height_m":6.4,"height_label":"assumed"}},{"type":"Feature","geometry":{"type":"Polygon","coordinates":[[[78.465682,17.408157],[78.465597,17.408155],[78.4656,17.40803],[78.465686,17.408032],[78.465682,17.408157]]]},"properties":{"id":"92c382b1ccc8","height":null,"num_floors":null,"render_height_m":9.6,"height_label":"assumed"}},{"type":"Feature","geometry":{"type":"Polygon","coordinates":[[[78.465443,17.408064],[78.465514,17.408065],[78.465511,17.408191],[78.46544,17.408189],[78.465443,17.408064]]]},"properties":{"id":"9c68730fe668","height":null,"num_floors":null,"render_height_m":9.6,"height_label":"assumed"}},{"type":"Feature","geometry":{"type":"Polygon","coordinates":[[[78.46537,17.408062],[78.465443,17.408064],[78.46544,17.408189],[78.465367,17.408188],[78.46537,17.408062]]]},"properties":{"id":"abb648077c90","height":null,"num_floors":null,"render_height_m":9.6,"height_label":"assumed"}},{"type":"Feature","geometry":{"type":"Polygon","coordinates":[[[78.465246,17.408053],[78.465138,17.408052],[78.465138,17.40798],[78.465246,17.40798],[78.465246,17.408053]]]},"properties":{"id":"92f6db016a96","height":null,"num_floors":null,"render_height_m":9.6,"height_label":"assumed"}},{"type":"Feature","geometry":{"type":"Polygon","coordinates":[[[78.465255,17.408165],[78.465147,17.408168],[78.465145,17.408084],[78.465253,17.408081],[78.465255,17.408165]]]},"properties":{"id":"010213134179","height":null,"num_floors":null,"render_height_m":9.6,"height_label":"assumed"}},{"type":"Feature","geometry":{"type":"Polygon","coordinates":[[[78.464945,17.407922],[78.464996,17.407923],[78.464995,17.407979],[78.464944,17.407978],[78.464945,17.407922]]]},"properties":{"id":"a19c6db0de38","height":null,"num_floors":null,"render_height_m":6.4,"height_label":"assumed"}},{"type":"Feature","geometry":{"type":"Polygon","coordinates":[[[78.465208,17.407776],[78.465205,17.407818],[78.465148,17.407815],[78.465139,17.407952],[78.465076,17.407948],[78.465073,17.407988],[78.465029,17.407985],[78.465044,17.407766],[78.465208,17.407776]]]},"properties":{"id":"2f8cf9796590","height":null,"num_floors":null,"render_height_m":12.8,"height_label":"assumed"}},{"type":"Feature","geometry":{"type":"Polygon","coordinates":[[[78.464956,17.407512],[78.465039,17.407518],[78.465034,17.407589],[78.464951,17.407583],[78.464956,17.407512]]]},"properties":{"id":"193108b45e86","height":null,"num_floors":null,"render_height_m":6.4,"height_label":"assumed"}},{"type":"Feature","geometry":{"type":"Polygon","coordinates":[[[78.464969,17.407418],[78.465048,17.407437],[78.465036,17.407483],[78.464957,17.407464],[78.464969,17.407418]]]},"properties":{"id":"0800e858fd6d","height":null,"num_floors":null,"render_height_m":6.4,"height_label":"assumed"}},{"type":"Feature","geometry":{"type":"Polygon","coordinates":[[[78.46519,17.407397],[78.465154,17.407492],[78.465107,17.407476],[78.465144,17.407381],[78.46519,17.407397]]]},"properties":{"id":"b2c8a0cc9c9c","height":null,"num_floors":null,"render_height_m":6.4,"height_label":"assumed"}},{"type":"Feature","geometry":{"type":"Polygon","coordinates":[[[78.465229,17.407592],[78.465149,17.407533],[78.465226,17.407437],[78.465306,17.407496],[78.465229,17.407592]]]},"properties":{"id":"ef29e803796e","height":null,"num_floors":null,"render_height_m":9.6,"height_label":"assumed"}},{"type":"Feature","geometry":{"type":"Polygon","coordinates":[[[78.465084,17.407633],[78.465262,17.407644],[78.465255,17.407753],[78.465234,17.407751],[78.465233,17.407778],[78.465187,17.407775],[78.465188,17.407749],[78.465154,17.407747],[78.465153,17.407773],[78.465076,17.407768],[78.465084,17.407633]]]},"properties":{"id":"f68b78660e6f","height":null,"num_floors":null,"render_height_m":12.8,"height_label":"assumed"}},{"type":"Feature","geometry":{"type":"Polygon","coordinates":[[[78.46533,17.407484],[78.465242,17.407425],[78.465308,17.407335],[78.465396,17.407395],[78.46533,17.407484]]]},"properties":{"id":"5de04de7f995","height":null,"num_floors":null,"render_height_m":9.6,"height_label":"assumed"}},{"type":"Feature","geometry":{"type":"Polygon","coordinates":[[[78.465053,17.407183],[78.465126,17.407222],[78.465104,17.407259],[78.465031,17.40722],[78.465053,17.407183]]]},"properties":{"id":"8e64cf01cdbd","height":null,"num_floors":null,"render_height_m":6.4,"height_label":"assumed"}},{"type":"Feature","geometry":{"type":"Polygon","coordinates":[[[78.465013,17.407138],[78.465059,17.40717],[78.465027,17.407211],[78.464981,17.407178],[78.465013,17.407138]]]},"properties":{"id":"3bb9e0a58f7c","height":null,"num_floors":null,"render_height_m":6.4,"height_label":"assumed"}},{"type":"Feature","geometry":{"type":"Polygon","coordinates":[[[78.464996,17.406811],[78.464909,17.406748],[78.465066,17.406552],[78.465153,17.406616],[78.464996,17.406811]]]},"properties":{"id":"ed073ce0d306","height":null,"num_floors":null,"render_height_m":12.8,"height_label":"assumed"}},{"type":"Feature","geometry":{"type":"Polygon","coordinates":[[[78.465167,17.40719],[78.464975,17.407039],[78.465273,17.406695],[78.465465,17.406845],[78.465167,17.40719]]]},"properties":{"id":"560d0474f77b","height":null,"num_floors":null,"render_height_m":19.2,"height_label":"assumed"}},{"type":"Feature","geometry":{"type":"Polygon","coordinates":[[[78.465504,17.406652],[78.465461,17.406707],[78.46543,17.406685],[78.465474,17.40663],[78.465504,17.406652]]]},"properties":{"id":"326440cdfdff","height":null,"num_floors":null,"render_height_m":6.4,"height_label":"assumed"}},{"type":"Feature","geometry":{"type":"Polygon","coordinates":[[[78.465611,17.406725],[78.465656,17.406756],[78.465615,17.406811],[78.46557,17.40678],[78.465611,17.406725]]]},"properties":{"id":"5a43471899df","height":null,"num_floors":null,"render_height_m":6.4,"height_label":"assumed"}},{"type":"Feature","geometry":{"type":"Polygon","coordinates":[[[78.465606,17.406726],[78.465583,17.406756],[78.465553,17.406734],[78.465576,17.406704],[78.465606,17.406726]]]},"properties":{"id":"be6cd2350e54","height":null,"num_floors":null,"render_height_m":6.4,"height_label":"assumed"}},{"type":"Feature","geometry":{"type":"Polygon","coordinates":[[[78.465543,17.4073],[78.465556,17.407284],[78.465595,17.407312],[78.465535,17.407388],[78.46548,17.407348],[78.465527,17.407289],[78.465543,17.4073]]]},"properties":{"id":"1772f652fcd0","height":null,"num_floors":null,"render_height_m":6.4,"height_label":"assumed"}},{"type":"Feature","geometry":{"type":"Polygon","coordinates":[[[78.465626,17.407002],[78.465701,17.407057],[78.465513,17.407292],[78.465437,17.407236],[78.465626,17.407002]]]},"properties":{"id":"0df031ee938e","height":null,"num_floors":null,"render_height_m":12.8,"height_label":"assumed"}},{"type":"Feature","geometry":{"type":"Polygon","coordinates":[[[78.465805,17.406952],[78.465864,17.406997],[78.465621,17.407289],[78.465562,17.407244],[78.465805,17.406952]]]},"properties":{"id":"2ebf96c3787c","height":null,"num_floors":null,"render_height_m":12.8,"height_label":"assumed"}},{"type":"Feature","geometry":{"type":"Polygon","coordinates":[[[78.465801,17.407157],[78.465695,17.407292],[78.465647,17.407256],[78.465753,17.407122],[78.465801,17.407157]]]},"properties":{"id":"efc72c2ff7fb","height":null,"num_floors":null,"render_height_m":9.6,"height_label":"assumed"}},{"type":"Feature","geometry":{"type":"Polygon","coordinates":[[[78.465747,17.406847],[78.465828,17.406906],[78.465795,17.406949],[78.465713,17.40689],[78.465747,17.406847]]]},"properties":{"id":"2f75879c987e","height":null,"num_floors":null,"render_height_m":6.4,"height_label":"assumed"}},{"type":"Feature","geometry":{"type":"Polygon","coordinates":[[[78.465984,17.406589],[78.466089,17.406668],[78.466063,17.4067],[78.465958,17.40662],[78.465984,17.406589]]]},"properties":{"id":"5efae9b0a37f","height":null,"num_floors":null,"render_height_m":6.4,"height_label":"assumed"}},{"type":"Feature","geometry":{"type":"Polygon","coordinates":[[[78.466197,17.406756],[78.466229,17.406771],[78.466209,17.406809],[78.466177,17.406794],[78.466197,17.406756]]]},"properties":{"id":"f05e8fb8f58e","height":null,"num_floors":null,"render_height_m":6.4,"height_label":"assumed"}},{"type":"Feature","geometry":{"type":"Polygon","coordinates":[[[78.466083,17.407269],[78.466119,17.407275],[78.46611,17.407318],[78.466075,17.407311],[78.466083,17.407269]]]},"properties":{"id":"301b59334d32","height":null,"num_floors":null,"render_height_m":6.4,"height_label":"assumed"}},{"type":"Feature","geometry":{"type":"Polygon","coordinates":[[[78.465903,17.40747],[78.465732,17.407358],[78.465787,17.407282],[78.466199,17.407568],[78.466144,17.407645],[78.46596,17.407506],[78.4659,17.40759],[78.465843,17.407554],[78.465903,17.40747]]]},"properties":{"id":"102f67116fa6","height":null,"num_floors":null,"render_height_m":12.8,"height_label":"assumed"}},{"type":"Feature","geometry":{"type":"Polygon","coordinates":[[[78.466005,17.408068],[78.466085,17.40807],[78.466083,17.408189],[78.466002,17.408188],[78.466005,17.408068]]]},"properties":{"id":"607ab145171a","height":null,"num_floors":null,"render_height_m":9.6,"height_label":"assumed"}},{"type":"Feature","geometry":{"type":"Polygon","coordinates":[[[78.466143,17.408071],[78.466242,17.408073],[78.466241,17.408137],[78.466141,17.408134],[78.466143,17.408071]]]},"properties":{"id":"8f2ded87eb12","height":null,"num_floors":null,"render_height_m":6.4,"height_label":"assumed"}},{"type":"Feature","geometry":{"type":"Polygon","coordinates":[[[78.466323,17.407429],[78.466446,17.407506],[78.466153,17.407931],[78.466029,17.407853],[78.466144,17.407645],[78.466199,17.407568],[78.466323,17.407429]]]},"properties":{"id":"0394bb03ad5b","height":null,"num_floors":null,"render_height_m":19.2,"height_label":"assumed"}},{"type":"Feature","geometry":{"type":"Polygon","coordinates":[[[78.466606,17.407982],[78.466609,17.408047],[78.466544,17.40805],[78.466542,17.407984],[78.466606,17.407982]]]},"properties":{"id":"a6a400141444","height":null,"num_floors":null,"render_height_m":6.4,"height_label":"assumed"}},{"type":"Feature","geometry":{"type":"Polygon","coordinates":[[[78.466684,17.408117],[78.466671,17.407958],[78.466823,17.407947],[78.466836,17.408106],[78.466684,17.408117]]]},"properties":{"id":"629ef0077150","height":null,"num_floors":null,"render_height_m":12.8,"height_label":"assumed"}},{"type":"Feature","geometry":{"type":"Polygon","coordinates":[[[78.466958,17.407468],[78.466826,17.407468],[78.466826,17.407273],[78.466958,17.407273],[78.466958,17.407468]]]},"properties":{"id":"a7b59d34f4c5","height":null,"num_floors":null,"render_height_m":12.8,"height_label":"assumed"}},{"type":"Feature","geometry":{"type":"Polygon","coordinates":[[[78.467137,17.406711],[78.466683,17.406882],[78.466577,17.406626],[78.466855,17.406521],[78.46682,17.406437],[78.466925,17.406398],[78.46694,17.406434],[78.466902,17.406448],[78.466951,17.406568],[78.467061,17.406527],[78.467137,17.406711]]]},"properties":{"id":"be936a5adfe9","height":null,"num_floors":null,"render_height_m":19.2,"height_label":"assumed"}},{"type":"Feature","geometry":{"type":"Polygon","coordinates":[[[78.466387,17.406049],[78.466443,17.406024],[78.466491,17.406125],[78.466435,17.40615],[78.466387,17.406049]]]},"properties":{"id":"3f86b2f2dc8b","height":null,"num_floors":null,"render_height_m":9.6,"height_label":"assumed"}},{"type":"Feature","geometry":{"type":"Polygon","coordinates":[[[78.466632,17.40586],[78.466648,17.405905],[78.466577,17.405928],[78.466561,17.405883],[78.466632,17.40586]]]},"properties":{"id":"d7855cc88e99","height":null,"num_floors":null,"render_height_m":6.4,"height_label":"assumed"}},{"type":"Feature","geometry":{"type":"Polygon","coordinates":[[[78.466811,17.405647],[78.466849,17.405653],[78.466844,17.405682],[78.466806,17.405676],[78.466811,17.405647]]]},"properties":{"id":"8c652f57da97","height":null,"num_floors":null,"render_height_m":6.4,"height_label":"assumed"}},{"type":"Feature","geometry":{"type":"Polygon","coordinates":[[[78.466863,17.405643],[78.466457,17.405559],[78.466573,17.405047],[78.467217,17.40518],[78.467101,17.405692],[78.466863,17.405643]]]},"properties":{"id":"4a5b61307078","height":null,"num_floors":null,"render_height_m":19.2,"height_label":"assumed"}},{"type":"Feature","geometry":{"type":"Polygon","coordinates":[[[78.466318,17.405738],[78.466116,17.405782],[78.466059,17.405545],[78.466261,17.405501],[78.466318,17.405738]]]},"properties":{"id":"045e3261eb29","height":null,"num_floors":null,"render_height_m":12.8,"height_label":"assumed"}},{"type":"Feature","geometry":{"type":"Polygon","coordinates":[[[78.466393,17.405467],[78.46642,17.405469],[78.466417,17.40551],[78.46639,17.405508],[78.466393,17.405467]]]},"properties":{"id":"68cba1066a78","height":null,"num_floors":null,"render_height_m":6.4,"height_label":"assumed"}},{"type":"Feature","geometry":{"type":"Polygon","coordinates":[[[78.46642,17.405258],[78.466317,17.405264],[78.466307,17.405115],[78.46641,17.405109],[78.46642,17.405258]]]},"properties":{"id":"92c3f960ab8f","height":null,"num_floors":null,"render_height_m":9.6,"height_label":"assumed"}},{"type":"Feature","geometry":{"type":"Polygon","coordinates":[[[78.466265,17.405421],[78.465906,17.405535],[78.465893,17.405497],[78.466252,17.405382],[78.466265,17.405421]]]},"properties":{"id":"da1867c476d7","height":null,"num_floors":null,"render_height_m":9.6,"height_label":"assumed"}},{"type":"Feature","geometry":{"type":"Polygon","coordinates":[[[78.466288,17.405271],[78.466309,17.405332],[78.465883,17.405468],[78.465862,17.405407],[78.466288,17.405271]]]},"properties":{"id":"6b59fb1b4ae4","height":null,"num_floors":null,"render_height_m":12.8,"height_label":"assumed"}},{"type":"Feature","geometry":{"type":"Polygon","coordinates":[[[78.466256,17.40518],[78.466277,17.40524],[78.465851,17.405375],[78.46583,17.405316],[78.466256,17.40518]]]},"properties":{"id":"13947230f14e","height":null,"num_floors":null,"render_height_m":12.8,"height_label":"assumed"}},{"type":"Feature","geometry":{"type":"Polygon","coordinates":[[[78.466009,17.405502],[78.466099,17.40576],[78.466048,17.405776],[78.466055,17.405795],[78.466002,17.405812],[78.465906,17.405535],[78.466009,17.405502]]]},"properties":{"id":"40597c34847f","height":null,"num_floors":null,"render_height_m":12.8,"height_label":"assumed"}},{"type":"Feature","geometry":{"type":"Polygon","coordinates":[[[78.465776,17.406057],[78.465725,17.406063],[78.465519,17.405333],[78.465712,17.405285],[78.465905,17.405998],[78.4662,17.406362],[78.466465,17.406288],[78.466541,17.406267],[78.46661,17.405973],[78.466661,17.405983],[78.466704,17.405784],[78.46686,17.405812],[78.466694,17.406408],[78.466624,17.40639],[78.466637,17.406454],[78.466176,17.406562],[78.466173,17.4065],[78.466111,17.406536],[78.465755,17.406132],[78.465808,17.406096],[78.465776,17.406057]]]},"properties":{"id":"6e6997460b1e","height":null,"num_floors":null,"render_height_m":19.2,"height_label":"assumed"}},{"type":"Feature","geometry":{"type":"Polygon","coordinates":[[[78.46609,17.406108],[78.466032,17.405983],[78.466438,17.405811],[78.466496,17.405936],[78.466445,17.405958],[78.466423,17.40591],[78.466097,17.406048],[78.466119,17.406096],[78.46609,17.406108]]]},"properties":{"id":"20aa90343962","height":null,"num_floors":null,"render_height_m":12.8,"height_label":"assumed"}},{"type":"Feature","geometry":{"type":"Polygon","coordinates":[[[78.465831,17.406417],[78.465989,17.406538],[78.465955,17.406579],[78.465797,17.406458],[78.465831,17.406417]]]},"properties":{"id":"a23ad82c51e4","height":null,"num_floors":null,"render_height_m":9.6,"height_label":"assumed"}},{"type":"Feature","geometry":{"type":"Polygon","coordinates":[[[78.465759,17.406536],[78.465776,17.406513],[78.465935,17.406619],[78.465918,17.406643],[78.465759,17.406536]]]},"properties":{"id":"ab5be222a4df","height":null,"num_floors":null,"render_height_m":6.4,"height_label":"assumed"}},{"type":"Feature","geometry":{"type":"Polygon","coordinates":[[[78.46583,17.406332],[78.465869,17.406372],[78.465793,17.406438],[78.465755,17.406398],[78.46583,17.406332]]]},"properties":{"id":"de083cc1ee34","height":null,"num_floors":null,"render_height_m":6.4,"height_label":"assumed"}},{"type":"Feature","geometry":{"type":"Polygon","coordinates":[[[78.465676,17.40609],[78.465594,17.406136],[78.465558,17.406077],[78.465641,17.406032],[78.465676,17.40609]]]},"properties":{"id":"4d553c629aea","height":null,"num_floors":null,"render_height_m":6.4,"height_label":"assumed"}},{"type":"Feature","geometry":{"type":"Polygon","coordinates":[[[78.465539,17.406061],[78.465493,17.405961],[78.465598,17.405917],[78.465644,17.406017],[78.465539,17.406061]]]},"properties":{"id":"08c3894b9376","height":null,"num_floors":null,"render_height_m":9.6,"height_label":"assumed"}},{"type":"Feature","geometry":{"type":"Polygon","coordinates":[[[78.46532,17.406053],[78.465422,17.405989],[78.465557,17.406187],[78.465478,17.406237],[78.465403,17.406127],[78.46538,17.406142],[78.46532,17.406053]]]},"properties":{"id":"4f26d68435bf","height":null,"num_floors":null,"render_height_m":12.8,"height_label":"assumed"}},{"type":"Feature","geometry":{"type":"Polygon","coordinates":[[[78.46538,17.406156],[78.465514,17.406267],[78.465461,17.406326],[78.465327,17.406214],[78.46538,17.406156]]]},"properties":{"id":"bcffdff3e5a0","height":null,"num_floors":null,"render_height_m":9.6,"height_label":"assumed"}},{"type":"Feature","geometry":{"type":"Polygon","coordinates":[[[78.46499,17.405856],[78.465082,17.405946],[78.46505,17.405977],[78.464958,17.405885],[78.46499,17.405856]]]},"properties":{"id":"7b9be638cb89","height":null,"num_floors":null,"render_height_m":6.4,"height_label":"assumed"}},{"type":"Feature","geometry":{"type":"Polygon","coordinates":[[[78.465334,17.405957],[78.465223,17.406032],[78.465167,17.405957],[78.465277,17.405881],[78.465334,17.405957]]]},"properties":{"id":"aabd7f4071b0","height":null,"num_floors":null,"render_height_m":9.6,"height_label":"assumed"}},{"type":"Feature","geometry":{"type":"Polygon","coordinates":[[[78.46526,17.405701],[78.46517,17.405566],[78.465366,17.405448],[78.465455,17.405584],[78.46526,17.405701]]]},"properties":{"id":"618472b8a2e9","height":null,"num_floors":null,"render_height_m":12.8,"height_label":"assumed"}},{"type":"Feature","geometry":{"type":"Polygon","coordinates":[[[78.465208,17.405663],[78.46524,17.405705],[78.465219,17.40572],[78.465186,17.405679],[78.465208,17.405663]]]},"properties":{"id":"26d3ffe6889f","height":null,"num_floors":null,"render_height_m":6.4,"height_label":"assumed"}},{"type":"Feature","geometry":{"type":"Polygon","coordinates":[[[78.465137,17.405926],[78.465088,17.405848],[78.465213,17.405778],[78.465261,17.405856],[78.465137,17.405926]]]},"properties":{"id":"3a736b56c91a","height":null,"num_floors":null,"render_height_m":9.6,"height_label":"assumed"}},{"type":"Feature","geometry":{"type":"Polygon","coordinates":[[[78.465188,17.405766],[78.465083,17.405835],[78.465016,17.405741],[78.465122,17.405673],[78.465188,17.405766]]]},"properties":{"id":"83684cefcaf0","height":null,"num_floors":null,"render_height_m":9.6,"height_label":"assumed"}},{"type":"Feature","geometry":{"type":"Polygon","coordinates":[[[78.465008,17.40574],[78.465029,17.40576],[78.464991,17.405796],[78.464971,17.405777],[78.465008,17.40574]]]},"properties":{"id":"09c9267c9077","height":null,"num_floors":null,"render_height_m":6.4,"height_label":"assumed"}},{"type":"Feature","geometry":{"type":"Polygon","coordinates":[[[78.464934,17.405742],[78.465026,17.405828],[78.464957,17.405894],[78.464867,17.405807],[78.464934,17.405742]]]},"properties":{"id":"2b47b12a02c8","height":null,"num_floors":null,"render_height_m":9.6,"height_label":"assumed"}},{"type":"Feature","geometry":{"type":"Polygon","coordinates":[[[78.464978,17.405708],[78.465005,17.405739],[78.464974,17.405764],[78.464947,17.405733],[78.464978,17.405708]]]},"properties":{"id":"fc49e3b52f09","height":null,"num_floors":null,"render_height_m":6.4,"height_label":"assumed"}},{"type":"Feature","geometry":{"type":"Polygon","coordinates":[[[78.465304,17.405376],[78.465169,17.405475],[78.46488,17.405116],[78.465015,17.405017],[78.465304,17.405376]]]},"properties":{"id":"cdb03e049f19","height":null,"num_floors":null,"render_height_m":19.2,"height_label":"assumed"}},{"type":"Feature","geometry":{"type":"Polygon","coordinates":[[[78.465508,17.405492],[78.465537,17.405485],[78.465554,17.405558],[78.465525,17.405564],[78.465508,17.405492]]]},"properties":{"id":"0001f982e52c","height":null,"num_floors":null,"render_height_m":6.4,"height_label":"assumed"}},{"type":"Feature","geometry":{"type":"Polygon","coordinates":[[[78.465442,17.405958],[78.465354,17.405824],[78.465467,17.405756],[78.465555,17.40589],[78.465442,17.405958]]]},"properties":{"id":"69efdbf7d30d","height":null,"num_floors":null,"render_height_m":9.6,"height_label":"assumed"}},{"type":"Feature","geometry":{"type":"Polygon","coordinates":[[[78.46586,17.405133],[78.465892,17.405185],[78.465773,17.405253],[78.46574,17.405201],[78.46586,17.405133]]]},"properties":{"id":"0b8221e10cbe","height":null,"num_floors":null,"render_height_m":9.6,"height_label":"assumed"}},{"type":"Feature","geometry":{"type":"Polygon","coordinates":[[[78.46584,17.40499],[78.46588,17.405009],[78.465862,17.405044],[78.465821,17.405026],[78.46584,17.40499]]]},"properties":{"id":"167d2f0f6d61","height":null,"num_floors":null,"render_height_m":6.4,"height_label":"assumed"}},{"type":"Feature","geometry":{"type":"Polygon","coordinates":[[[78.46589,17.40446],[78.465901,17.404538],[78.465819,17.404548],[78.46584,17.404707],[78.465741,17.404719],[78.465729,17.40463],[78.465709,17.404632],[78.465705,17.404601],[78.465725,17.404598],[78.46572,17.40456],[78.465767,17.404554],[78.46576,17.404495],[78.465793,17.40449],[78.465791,17.404472],[78.46589,17.40446]]]},"properties":{"id":"8bb17435b989","height":null,"num_floors":null,"render_height_m":12.8,"height_label":"assumed"}},{"type":"Feature","geometry":{"type":"Polygon","coordinates":[[[78.465872,17.404541],[78.465877,17.404582],[78.465824,17.404589],[78.465819,17.404548],[78.465872,17.404541]]]},"properties":{"id":"eec461f548a6","height":null,"num_floors":null,"render_height_m":6.4,"height_label":"assumed"}},{"type":"Feature","geometry":{"type":"Polygon","coordinates":[[[78.465752,17.404474],[78.465756,17.40451],[78.46571,17.404514],[78.465706,17.404478],[78.465752,17.404474]]]},"properties":{"id":"2c8df8e6fd01","height":null,"num_floors":null,"render_height_m":6.4,"height_label":"assumed"}},{"type":"Feature","geometry":{"type":"Polygon","coordinates":[[[78.465752,17.404453],[78.465777,17.404449],[78.465783,17.404491],[78.465759,17.404495],[78.465752,17.404453]]]},"properties":{"id":"a91cfa73f6d6","height":null,"num_floors":null,"render_height_m":6.4,"height_label":"assumed"}},{"type":"Feature","geometry":{"type":"Polygon","coordinates":[[[78.465745,17.404407],[78.465776,17.404402],[78.465784,17.404457],[78.465753,17.404461],[78.465745,17.404407]]]},"properties":{"id":"5ea07e22393f","height":null,"num_floors":null,"render_height_m":6.4,"height_label":"assumed"}},{"type":"Feature","geometry":{"type":"Polygon","coordinates":[[[78.465673,17.404535],[78.465711,17.40456],[78.465683,17.4046],[78.465645,17.404575],[78.465673,17.404535]]]},"properties":{"id":"4a8819ff1823","height":null,"num_floors":null,"render_height_m":6.4,"height_label":"assumed"}},{"type":"Feature","geometry":{"type":"Polygon","coordinates":[[[78.465715,17.404503],[78.465743,17.404505],[78.465741,17.404533],[78.465739,17.404559],[78.465712,17.404557],[78.465715,17.404503]]]},"properties":{"id":"0081a332fcb5","height":null,"num_floors":null,"render_height_m":6.4,"height_label":"assumed"}},{"type":"Feature","geometry":{"type":"Polygon","coordinates":[[[78.465685,17.404328],[78.465708,17.404436],[78.465583,17.404461],[78.46556,17.404353],[78.465685,17.404328]]]},"properties":{"id":"fa5d6a1e8aef","height":null,"num_floors":null,"render_height_m":9.6,"height_label":"assumed"}},{"type":"Feature","geometry":{"type":"Polygon","coordinates":[[[78.465511,17.404372],[78.465549,17.404368],[78.465553,17.404405],[78.465515,17.40441],[78.465511,17.404372]]]},"properties":{"id":"dd9130462c04","height":null,"num_floors":null,"render_height_m":6.4,"height_label":"assumed"}},{"type":"Feature","geometry":{"type":"Polygon","coordinates":[[[78.465836,17.404956],[78.465641,17.405088],[78.46545,17.404831],[78.465472,17.40481],[78.465441,17.40477],[78.465409,17.404789],[78.465315,17.404669],[78.465512,17.404532],[78.465836,17.404956]]]},"properties":{"id":"a01cf23aac63","height":null,"num_floors":null,"render_height_m":19.2,"height_label":"assumed"}},{"type":"Feature","geometry":{"type":"Polygon","coordinates":[[[78.465674,17.405148],[78.465422,17.405298],[78.465076,17.404862],[78.465317,17.404683],[78.465476,17.404891],[78.465378,17.40496],[78.46543,17.405028],[78.465529,17.404959],[78.465674,17.405148]]]},"properties":{"id":"03103e3d4c43","height":null,"num_floors":null,"render_height_m":19.2,"height_label":"assumed"}},{"type":"Feature","geometry":{"type":"Polygon","coordinates":[[[78.465185,17.404713],[78.465046,17.404598],[78.465139,17.4045],[78.465285,17.404625],[78.465185,17.404713]]]},"properties":{"id":"939fb22a3858","height":null,"num_floors":null,"render_height_m":12.8,"height_label":"assumed"}},{"type":"Feature","geometry":{"type":"Polygon","coordinates":[[[78.464993,17.404851],[78.464829,17.404675],[78.464939,17.404582],[78.465103,17.404758],[78.464993,17.404851]]]},"properties":{"id":"7aee796156c0","height":null,"num_floors":null,"render_height_m":12.8,"height_label":"assumed"}},{"type":"Feature","geometry":{"type":"Polygon","coordinates":[[[78.465703,17.404304],[78.465417,17.404359],[78.465096,17.40406],[78.465231,17.403931],[78.465468,17.404163],[78.465678,17.404116],[78.465703,17.404304]]]},"properties":{"id":"7cea5d84565d","height":null,"num_floors":null,"render_height_m":19.2,"height_label":"assumed"}},{"type":"Feature","geometry":{"type":"Polygon","coordinates":[[[78.465137,17.404405],[78.465081,17.404459],[78.464883,17.404282],[78.465067,17.404103],[78.465427,17.404446],[78.465306,17.404576],[78.465137,17.404405]]]},"properties":{"id":"3147be0cd70e","height":null,"num_floors":null,"render_height_m":19.2,"height_label":"assumed"}},{"type":"Feature","geometry":{"type":"Polygon","coordinates":[[[78.464678,17.404407],[78.464535,17.404285],[78.465404,17.403361],[78.465547,17.403484],[78.464678,17.404407]]]},"properties":{"id":"c3c4a5315960","height":null,"num_floors":null,"render_height_m":19.2,"height_label":"assumed"}},{"type":"Feature","geometry":{"type":"Polygon","coordinates":[[[78.465008,17.40355],[78.465024,17.403563],[78.464953,17.40364],[78.464937,17.403626],[78.465008,17.40355]]]},"properties":{"id":"a4150395b815","height":null,"num_floors":null,"render_height_m":6.4,"height_label":"assumed"}},{"type":"Feature","geometry":{"type":"Polygon","coordinates":[[[78.465599,17.403712],[78.465572,17.403741],[78.465548,17.403721],[78.465575,17.403692],[78.465599,17.403712]]]},"properties":{"id":"6e7f05a96a4d","height":null,"num_floors":null,"render_height_m":6.4,"height_label":"assumed"}},{"type":"Feature","geometry":{"type":"Polygon","coordinates":[[[78.465459,17.403745],[78.465601,17.40386],[78.465519,17.403953],[78.465377,17.403838],[78.465459,17.403745]]]},"properties":{"id":"d5157d0b41b4","height":null,"num_floors":null,"render_height_m":12.8,"height_label":"assumed"}},{"type":"Feature","geometry":{"type":"Polygon","coordinates":[[[78.46546,17.404066],[78.465517,17.404118],[78.465482,17.404152],[78.465426,17.4041],[78.46546,17.404066]]]},"properties":{"id":"e516e3eef81a","height":null,"num_floors":null,"render_height_m":6.4,"height_label":"assumed"}},{"type":"Feature","geometry":{"type":"Polygon","coordinates":[[[78.465701,17.403986],[78.465711,17.404054],[78.465649,17.404063],[78.465638,17.403996],[78.465701,17.403986]]]},"properties":{"id":"11e7f3b002cb","height":null,"num_floors":null,"render_height_m":6.4,"height_label":"assumed"}},{"type":"Feature","geometry":{"type":"Polygon","coordinates":[[[78.465799,17.404125],[78.465833,17.404291],[78.465739,17.404308],[78.465705,17.404142],[78.465799,17.404125]]]},"properties":{"id":"a8c6a14154d4","height":null,"num_floors":null,"render_height_m":9.6,"height_label":"assumed"}},{"type":"Feature","geometry":{"type":"Polygon","coordinates":[[[78.46573,17.404111],[78.465711,17.404027],[78.466018,17.403961],[78.466038,17.404046],[78.46573,17.404111]]]},"properties":{"id":"9f25aac99bdc","height":null,"num_floors":null,"render_height_m":12.8,"height_label":"assumed"}},{"type":"Feature","geometry":{"type":"Polygon","coordinates":[[[78.465985,17.40391],[78.465686,17.40397],[78.465664,17.403873],[78.465963,17.403813],[78.465985,17.40391]]]},"properties":{"id":"a337c506d7e8","height":null,"num_floors":null,"render_height_m":12.8,"height_label":"assumed"}},{"type":"Feature","geometry":{"type":"Polygon","coordinates":[[[78.465977,17.403741],[78.465654,17.403818],[78.465609,17.403646],[78.465932,17.40357],[78.465977,17.403741]]]},"properties":{"id":"5b7eba592575","height":null,"num_floors":null,"render_height_m":12.8,"height_label":"assumed"}},{"type":"Feature","geometry":{"type":"Polygon","coordinates":[[[78.466264,17.403723],[78.46628,17.40379],[78.466186,17.403811],[78.46617,17.403744],[78.466264,17.403723]]]},"properties":{"id":"f54b71fa9e77","height":null,"num_floors":null,"render_height_m":6.4,"height_label":"assumed"}},{"type":"Feature","geometry":{"type":"Polygon","coordinates":[[[78.466434,17.403759],[78.466331,17.403779],[78.466309,17.403682],[78.466412,17.403661],[78.466434,17.403759]]]},"properties":{"id":"300e221b6582","height":null,"num_floors":null,"render_height_m":9.6,"height_label":"assumed"}},{"type":"Feature","geometry":{"type":"Polygon","coordinates":[[[78.466476,17.403949],[78.46618,17.404023],[78.466128,17.403838],[78.466424,17.403763],[78.466476,17.403949]]]},"properties":{"id":"0e32a6aa054a","height":null,"num_floors":null,"render_height_m":12.8,"height_label":"assumed"}},{"type":"Feature","geometry":{"type":"Polygon","coordinates":[[[78.466441,17.404194],[78.466215,17.404249],[78.466174,17.404093],[78.466399,17.404038],[78.466441,17.404194]]]},"properties":{"id":"41c2c4a02f53","height":null,"num_floors":null,"render_height_m":12.8,"height_label":"assumed"}},{"type":"Feature","geometry":{"type":"Polygon","coordinates":[[[78.466035,17.404127],[78.466103,17.404446],[78.465954,17.404475],[78.465885,17.404156],[78.466035,17.404127]]]},"properties":{"id":"ffc1b21160a2","height":null,"num_floors":null,"render_height_m":12.8,"height_label":"assumed"}},{"type":"Feature","geometry":{"type":"Polygon","coordinates":[[[78.466169,17.404612],[78.466174,17.404642],[78.466122,17.40465],[78.466117,17.40462],[78.466169,17.404612]]]},"properties":{"id":"09c7282bec81","height":null,"num_floors":null,"render_height_m":6.4,"height_label":"assumed"}},{"type":"Feature","geometry":{"type":"Polygon","coordinates":[[[78.466185,17.404636],[78.466189,17.404663],[78.466121,17.404672],[78.466117,17.404645],[78.466185,17.404636]]]},"properties":{"id":"0aee2e4c0562","height":null,"num_floors":null,"render_height_m":6.4,"height_label":"assumed"}},{"type":"Feature","geometry":{"type":"Polygon","coordinates":[[[78.46612,17.4046],[78.465957,17.404626],[78.465937,17.404514],[78.4661,17.404488],[78.46612,17.4046]]]},"properties":{"id":"76c314b0b4e1","height":null,"num_floors":null,"render_height_m":9.6,"height_label":"assumed"}},{"type":"Feature","geometry":{"type":"Polygon","coordinates":[[[78.465895,17.404799],[78.46588,17.404684],[78.466053,17.404664],[78.466068,17.404778],[78.465895,17.404799]]]},"properties":{"id":"ccad8ac498c7","height":null,"num_floors":null,"render_height_m":9.6,"height_label":"assumed"}},{"type":"Feature","geometry":{"type":"Polygon","coordinates":[[[78.465986,17.404945],[78.46601,17.405085],[78.465947,17.405095],[78.465922,17.404955],[78.465986,17.404945]]]},"properties":{"id":"e37d654e8574","height":null,"num_floors":null,"render_height_m":9.6,"height_label":"assumed"}},{"type":"Feature","geometry":{"type":"Polygon","coordinates":[[[78.466008,17.40492],[78.466087,17.404911],[78.466114,17.405128],[78.466035,17.405137],[78.466008,17.40492]]]},"properties":{"id":"932eac1d3a01","height":null,"num_floors":null,"render_height_m":9.6,"height_label":"assumed"}},{"type":"Feature","geometry":{"type":"Polygon","coordinates":[[[78.466173,17.404681],[78.466189,17.404798],[78.466116,17.404807],[78.4661,17.404691],[78.466173,17.404681]]]},"properties":{"id":"6e354c4d71d0","height":null,"num_floors":null,"render_height_m":9.6,"height_label":"assumed"}},{"type":"Feature","geometry":{"type":"Polygon","coordinates":[[[78.466302,17.404882],[78.466173,17.404892],[78.466167,17.40482],[78.466295,17.40481],[78.466302,17.404882]]]},"properties":{"id":"e24d71b90737","height":null,"num_floors":null,"render_height_m":9.6,"height_label":"assumed"}},{"type":"Feature","geometry":{"type":"Polygon","coordinates":[[[78.466296,17.404964],[78.46633,17.404949],[78.466342,17.404973],[78.466308,17.404989],[78.466296,17.404964]]]},"properties":{"id":"36408d058e73","height":null,"num_floors":null,"render_height_m":6.4,"height_label":"assumed"}},{"type":"Feature","geometry":{"type":"Polygon","coordinates":[[[78.466411,17.405014],[78.466415,17.405085],[78.466346,17.405089],[78.466342,17.405018],[78.466411,17.405014]]]},"properties":{"id":"1ba723ef6c2c","height":null,"num_floors":null,"render_height_m":6.4,"height_label":"assumed"}},{"type":"Feature","geometry":{"type":"Polygon","coordinates":[[[78.466323,17.404769],[78.466205,17.404775],[78.466199,17.40465],[78.466316,17.404644],[78.466323,17.404769]]]},"properties":{"id":"af225e198b32","height":null,"num_floors":null,"render_height_m":9.6,"height_label":"assumed"}},{"type":"Feature","geometry":{"type":"Polygon","coordinates":[[[78.466309,17.404574],[78.466314,17.404599],[78.466199,17.404618],[78.466186,17.404545],[78.466267,17.404532],[78.466276,17.40458],[78.466309,17.404574]]]},"properties":{"id":"2b11dc6afdad","height":null,"num_floors":null,"render_height_m":9.6,"height_label":"assumed"}},{"type":"Feature","geometry":{"type":"Polygon","coordinates":[[[78.46629,17.404463],[78.4663,17.404526],[78.466184,17.404542],[78.466178,17.404504],[78.466226,17.404497],[78.466223,17.404472],[78.46629,17.404463]]]},"properties":{"id":"c944d5541988","height":null,"num_floors":null,"render_height_m":6.4,"height_label":"assumed"}},{"type":"Feature","geometry":{"type":"Polygon","coordinates":[[[78.46624,17.404449],[78.46615,17.404468],[78.466126,17.40436],[78.466216,17.404341],[78.46624,17.404449]]]},"properties":{"id":"651b92aa7e26","height":null,"num_floors":null,"render_height_m":9.6,"height_label":"assumed"}},{"type":"Feature","geometry":{"type":"Polygon","coordinates":[[[78.466302,17.404488],[78.466274,17.404359],[78.466565,17.404301],[78.466593,17.404431],[78.466302,17.404488]]]},"properties":{"id":"5e670e04a7cd","height":null,"num_floors":null,"render_height_m":12.8,"height_label":"assumed"}},{"type":"Feature","geometry":{"type":"Polygon","coordinates":[[[78.466615,17.404901],[78.466361,17.404925],[78.466348,17.404809],[78.466529,17.404792],[78.466522,17.404729],[78.466596,17.404722],[78.466615,17.404901]]]},"properties":{"id":"7ce3a86beb56","height":null,"num_floors":null,"render_height_m":12.8,"height_label":"assumed"}},{"type":"Feature","geometry":{"type":"Polygon","coordinates":[[[78.466476,17.404925],[78.466537,17.404919],[78.466544,17.404981],[78.466483,17.404988],[78.466476,17.404925]]]},"properties":{"id":"844b22cb3e5d","height":null,"num_floors":null,"render_height_m":6.4,"height_label":"assumed"}},{"type":"Feature","geometry":{"type":"Polygon","coordinates":[[[78.466772,17.404959],[78.466629,17.404966],[78.466624,17.404883],[78.466767,17.404875],[78.466772,17.404959]]]},"properties":{"id":"c944fb733254","height":null,"num_floors":null,"render_height_m":9.6,"height_label":"assumed"}},{"type":"Feature","geometry":{"type":"Polygon","coordinates":[[[78.466853,17.405052],[78.466899,17.405056],[78.466896,17.405089],[78.46685,17.405085],[78.466853,17.405052]]]},"properties":{"id":"79a09742b78c","height":null,"num_floors":null,"render_height_m":6.4,"height_label":"assumed"}},{"type":"Feature","geometry":{"type":"Polygon","coordinates":[[[78.466846,17.404485],[78.466873,17.404697],[78.466751,17.404712],[78.466724,17.4045],[78.466846,17.404485]]]},"properties":{"id":"f5d83f574d47","height":null,"num_floors":null,"render_height_m":12.8,"height_label":"assumed"}},{"type":"Feature","geometry":{"type":"Polygon","coordinates":[[[78.466633,17.404549],[78.466707,17.404541],[78.466723,17.404691],[78.466649,17.404699],[78.466633,17.404549]]]},"properties":{"id":"deafb105fb13","height":null,"num_floors":null,"render_height_m":9.6,"height_label":"assumed"}},{"type":"Feature","geometry":{"type":"Polygon","coordinates":[[[78.466813,17.404393],[78.466655,17.404428],[78.466607,17.404236],[78.466765,17.4042],[78.466813,17.404393]]]},"properties":{"id":"43a8353fe83d","height":null,"num_floors":null,"render_height_m":12.8,"height_label":"assumed"}},{"type":"Feature","geometry":{"type":"Polygon","coordinates":[[[78.466596,17.404146],[78.466492,17.404174],[78.466447,17.404033],[78.466495,17.40402],[78.466455,17.403872],[78.46664,17.403823],[78.466736,17.404164],[78.466608,17.404199],[78.466596,17.404146]]]},"properties":{"id":"3fb1948fd01b","height":null,"num_floors":null,"render_height_m":19.2,"height_label":"assumed"}},{"type":"Feature","geometry":{"type":"Polygon","coordinates":[[[78.466743,17.403618],[78.46681,17.403694],[78.46677,17.403726],[78.466703,17.40365],[78.466743,17.403618]]]},"properties":{"id":"209f8fce2ce3","height":null,"num_floors":null,"render_height_m":6.4,"height_label":"assumed"}},{"type":"Feature","geometry":{"type":"Polygon","coordinates":[[[78.466679,17.403803],[78.466709,17.403798],[78.466716,17.403831],[78.466686,17.403837],[78.466679,17.403803]]]},"properties":{"id":"652b69b1cc8a","height":null,"num_floors":null,"render_height_m":6.4,"height_label":"assumed"}},{"type":"Feature","geometry":{"type":"Polygon","coordinates":[[[78.467143,17.404456],[78.466946,17.404473],[78.466927,17.404332],[78.466869,17.404309],[78.466844,17.404151],[78.466917,17.404082],[78.466901,17.403977],[78.467075,17.403948],[78.467088,17.404066],[78.46715,17.40411],[78.467177,17.404299],[78.467128,17.40433],[78.467143,17.404456]]]},"properties":{"id":"497fcb9dd097","height":null,"num_floors":null,"render_height_m":19.2,"height_label":"assumed"}},{"type":"Feature","geometry":{"type":"Polygon","coordinates":[[[78.467415,17.404428],[78.467301,17.404404],[78.467371,17.404109],[78.467485,17.404134],[78.467415,17.404428]]]},"properties":{"id":"a6e2bd877086","height":null,"num_floors":null,"render_height_m":12.8,"height_label":"assumed"}},{"type":"Feature","geometry":{"type":"Polygon","coordinates":[[[78.467298,17.403694],[78.467247,17.403711],[78.467234,17.403676],[78.467285,17.403659],[78.467298,17.403694]]]},"properties":{"id":"7db136f895f2","height":null,"num_floors":null,"render_height_m":6.4,"height_label":"assumed"}},{"type":"Feature","geometry":{"type":"Polygon","coordinates":[[[78.467261,17.403744],[78.46727,17.403781],[78.467224,17.403792],[78.467214,17.403755],[78.467261,17.403744]]]},"properties":{"id":"0678dfd1d8a2","height":null,"num_floors":null,"render_height_m":6.4,"height_label":"assumed"}},{"type":"Feature","geometry":{"type":"Polygon","coordinates":[[[78.467495,17.404096],[78.467395,17.404072],[78.467462,17.403818],[78.467555,17.403839],[78.467495,17.404096]]]},"properties":{"id":"fb9d061e6c3a","height":null,"num_floors":null,"render_height_m":12.8,"height_label":"assumed"}},{"type":"Feature","geometry":{"type":"Polygon","coordinates":[[[78.467833,17.40409],[78.467911,17.404107],[78.467874,17.404261],[78.467774,17.404239],[78.467792,17.404165],[78.467814,17.404169],[78.467833,17.40409]]]},"properties":{"id":"4b5d60b997be","height":null,"num_floors":null,"render_height_m":9.6,"height_label":"assumed"}},{"type":"Feature","geometry":{"type":"Polygon","coordinates":[[[78.467726,17.404284],[78.467815,17.404302],[78.46781,17.404325],[78.467721,17.404307],[78.467726,17.404284]]]},"properties":{"id":"b372ff9fe0c0","height":null,"num_floors":null,"render_height_m":6.4,"height_label":"assumed"}},{"type":"Feature","geometry":{"type":"Polygon","coordinates":[[[78.46771,17.404454],[78.46764,17.404442],[78.467661,17.404332],[78.467732,17.404344],[78.46771,17.404454]]]},"properties":{"id":"840ff5e576d8","height":null,"num_floors":null,"render_height_m":9.6,"height_label":"assumed"}},{"type":"Feature","geometry":{"type":"Polygon","coordinates":[[[78.467787,17.404538],[78.467669,17.404517],[78.46768,17.404462],[78.467798,17.404483],[78.467787,17.404538]]]},"properties":{"id":"282027fa3e1d","height":null,"num_floors":null,"render_height_m":6.4,"height_label":"assumed"}},{"type":"Feature","geometry":{"type":"Polygon","coordinates":[[[78.467924,17.404657],[78.467927,17.404698],[78.467842,17.404702],[78.46784,17.404661],[78.467924,17.404657]]]},"properties":{"id":"4086e983792a","height":null,"num_floors":null,"render_height_m":6.4,"height_label":"assumed"}},{"type":"Feature","geometry":{"type":"Polygon","coordinates":[[[78.46778,17.404606],[78.467664,17.404586],[78.467673,17.404542],[78.467789,17.404563],[78.46778,17.404606]]]},"properties":{"id":"91ff4c5906e9","height":null,"num_floors":null,"render_height_m":6.4,"height_label":"assumed"}},{"type":"Feature","geometry":{"type":"Polygon","coordinates":[[[78.467841,17.404727],[78.467861,17.404889],[78.467809,17.404895],[78.467789,17.404733],[78.467841,17.404727]]]},"properties":{"id":"e8f69b43ae2e","height":null,"num_floors":null,"render_height_m":9.6,"height_label":"assumed"}},{"type":"Feature","geometry":{"type":"Polygon","coordinates":[[[78.467738,17.404934],[78.467781,17.404929],[78.467784,17.404951],[78.467741,17.404956],[78.467738,17.404934]]]},"properties":{"id":"fa1670ad98b3","height":null,"num_floors":null,"render_height_m":6.4,"height_label":"assumed"}},{"type":"Feature","geometry":{"type":"Polygon","coordinates":[[[78.467684,17.404886],[78.467612,17.404898],[78.46758,17.404729],[78.467652,17.404716],[78.467684,17.404886]]]},"properties":{"id":"c27edef898c7","height":null,"num_floors":null,"render_height_m":9.6,"height_label":"assumed"}},{"type":"Feature","geometry":{"type":"Polygon","coordinates":[[[78.467276,17.405049],[78.467288,17.405011],[78.467332,17.405023],[78.467321,17.405061],[78.467276,17.405049]]]},"properties":{"id":"f33c646a9bbc","height":null,"num_floors":null,"render_height_m":6.4,"height_label":"assumed"}},{"type":"Feature","geometry":{"type":"Polygon","coordinates":[[[78.467246,17.404661],[78.467324,17.404675],[78.467318,17.404705],[78.46724,17.404691],[78.467246,17.404661]]]},"properties":{"id":"a54c75722b3d","height":null,"num_floors":null,"render_height_m":6.4,"height_label":"assumed"}},{"type":"Feature","geometry":{"type":"Polygon","coordinates":[[[78.467374,17.40463],[78.467249,17.404607],[78.467286,17.404421],[78.467411,17.404444],[78.467374,17.40463]]]},"properties":{"id":"22b53c0da68e","height":null,"num_floors":null,"render_height_m":12.8,"height_label":"assumed"}},{"type":"Feature","geometry":{"type":"Polygon","coordinates":[[[78.467265,17.404919],[78.466953,17.404944],[78.466914,17.404658],[78.467207,17.404614],[78.467223,17.404716],[78.467008,17.404747],[78.467024,17.404862],[78.467257,17.404834],[78.467265,17.404919]]]},"properties":{"id":"2692113efa71","height":null,"num_floors":null,"render_height_m":12.8,"height_label":"assumed"}},{"type":"Feature","geometry":{"type":"Polygon","coordinates":[[[78.466979,17.406175],[78.466977,17.406108],[78.466938,17.406109],[78.466937,17.406053],[78.467045,17.40605],[78.467049,17.406173],[78.466979,17.406175]]]},"properties":{"id":"312435f5c6b8","height":null,"num_floors":null,"render_height_m":9.6,"height_label":"assumed"}},{"type":"Feature","geometry":{"type":"Polygon","coordinates":[[[78.467616,17.406444],[78.467539,17.406454],[78.467519,17.40628],[78.467868,17.406216],[78.467848,17.406428],[78.467654,17.406433],[78.467653,17.406406],[78.467608,17.406409],[78.467616,17.406444]]]},"properties":{"id":"785da18ad41e","height":22.0,"num_floors":7,"render_height_m":22.0,"height_label":"measured"}},{"type":"Feature","geometry":{"type":"Polygon","coordinates":[[[78.467662,17.406505],[78.467767,17.406673],[78.467715,17.406726],[78.467697,17.40672],[78.467599,17.406534],[78.467662,17.406505]]]},"properties":{"id":"3b3be64e715b","height":null,"num_floors":null,"render_height_m":9.6,"height_label":"assumed"}},{"type":"Feature","geometry":{"type":"Polygon","coordinates":[[[78.46753,17.406076],[78.467526,17.405826],[78.467711,17.405823],[78.46771,17.405763],[78.467835,17.405761],[78.467836,17.405813],[78.468257,17.405807],[78.468261,17.40602],[78.468226,17.40602],[78.468226,17.406054],[78.468199,17.406054],[78.468199,17.406076],[78.468064,17.406078],[78.468064,17.406077],[78.468064,17.40605],[78.468036,17.406051],[78.468035,17.406026],[78.468005,17.406026],[78.467986,17.406027],[78.467987,17.406049],[78.46796,17.40605],[78.46796,17.406078],[78.467823,17.406081],[78.467822,17.406045],[78.467798,17.406045],[78.467798,17.406025],[78.467733,17.406024],[78.467733,17.406048],[78.467713,17.406049],[78.467713,17.406073],[78.46753,17.406076]]]},"properties":{"id":"3d903bd3fb75","height":35.0,"num_floors":13,"render_height_m":35.0,"height_label":"measured"}},{"type":"Feature","geometry":{"type":"Polygon","coordinates":[[[78.467576,17.405635],[78.467581,17.405118],[78.467768,17.40512],[78.467767,17.405203],[78.467893,17.405204],[78.467894,17.405121],[78.468074,17.405122],[78.468073,17.405216],[78.468107,17.405216],[78.468105,17.4054],[78.468071,17.4054],[78.468069,17.405651],[78.467884,17.405649],[78.467886,17.405459],[78.467759,17.405458],[78.467757,17.405637],[78.467576,17.405635]]]},"properties":{"id":"88c62a382687","height":null,"num_floors":null,"render_height_m":19.2,"height_label":"assumed"}},{"type":"Feature","geometry":{"type":"Polygon","coordinates":[[[78.468296,17.405707],[78.46826,17.405706],[78.468263,17.405641],[78.468338,17.405644],[78.468333,17.405749],[78.468294,17.405747],[78.468296,17.405707]]]},"properties":{"id":"8e7d4738f7f6","height":null,"num_floors":null,"render_height_m":6.4,"height_label":"assumed"}},{"type":"Feature","geometry":{"type":"Polygon","coordinates":[[[78.468023,17.406164],[78.468089,17.406168],[78.468087,17.406199],[78.468106,17.406201],[78.468098,17.406306],[78.468013,17.4063],[78.468023,17.406164]]]},"properties":{"id":"7bcf6f26141e","height":null,"num_floors":null,"render_height_m":9.6,"height_label":"assumed"}},{"type":"Feature","geometry":{"type":"Polygon","coordinates":[[[78.467953,17.40626],[78.467985,17.406268],[78.467972,17.406318],[78.46794,17.40631],[78.467953,17.40626]]]},"properties":{"id":"810023cafc4d","height":null,"num_floors":null,"render_height_m":6.4,"height_label":"assumed"}},{"type":"Feature","geometry":{"type":"Polygon","coordinates":[[[78.467834,17.406657],[78.467848,17.406428],[78.468258,17.406369],[78.468283,17.406575],[78.467834,17.406657]]]},"properties":{"id":"42dd44401024","height":22.0,"num_floors":7,"render_height_m":22.0,"height_label":"measured"}},{"type":"Feature","geometry":{"type":"Polygon","coordinates":[[[78.468888,17.405868],[78.468874,17.405928],[78.468842,17.405922],[78.468855,17.405861],[78.468888,17.405868]]]},"properties":{"id":"459655de6c43","height":null,"num_floors":null,"render_height_m":6.4,"height_label":"assumed"}},{"type":"Feature","geometry":{"type":"Polygon","coordinates":[[[78.468856,17.405754],[78.468809,17.405897],[78.468769,17.405885],[78.468816,17.405742],[78.468856,17.405754]]]},"properties":{"id":"33a449df73fb","height":null,"num_floors":null,"render_height_m":6.4,"height_label":"assumed"}},{"type":"Feature","geometry":{"type":"Polygon","coordinates":[[[78.46849,17.40553],[78.468536,17.405509],[78.468561,17.40556],[78.468515,17.405581],[78.46849,17.40553]]]},"properties":{"id":"513ef72398bd","height":null,"num_floors":null,"render_height_m":6.4,"height_label":"assumed"}},{"type":"Feature","geometry":{"type":"Polygon","coordinates":[[[78.468634,17.405389],[78.468646,17.405464],[78.46859,17.405473],[78.468577,17.405398],[78.468634,17.405389]]]},"properties":{"id":"3c726b40dd19","height":null,"num_floors":null,"render_height_m":6.4,"height_label":"assumed"}},{"type":"Feature","geometry":{"type":"Polygon","coordinates":[[[78.468587,17.405204],[78.468522,17.405204],[78.468522,17.40512],[78.468587,17.40512],[78.468587,17.405204]]]},"properties":{"id":"d2e3caeeb0ee","height":null,"num_floors":null,"render_height_m":6.4,"height_label":"assumed"}},{"type":"Feature","geometry":{"type":"Polygon","coordinates":[[[78.46867,17.405208],[78.468601,17.405211],[78.468597,17.405126],[78.468666,17.405123],[78.46867,17.405208]]]},"properties":{"id":"7743ea12c3c2","height":null,"num_floors":null,"render_height_m":6.4,"height_label":"assumed"}},{"type":"Feature","geometry":{"type":"Polygon","coordinates":[[[78.46871,17.405253],[78.468754,17.40525],[78.468756,17.405288],[78.46879,17.405286],[78.468791,17.405311],[78.468714,17.405315],[78.46871,17.405253]]]},"properties":{"id":"93abbe4ebecd","height":null,"num_floors":null,"render_height_m":6.4,"height_label":"assumed"}},{"type":"Feature","geometry":{"type":"Polygon","coordinates":[[[78.468867,17.405299],[78.468865,17.405339],[78.468837,17.405337],[78.468839,17.405298],[78.468867,17.405299]]]},"properties":{"id":"e8d16c35079b","height":null,"num_floors":null,"render_height_m":6.4,"height_label":"assumed"}},{"type":"Feature","geometry":{"type":"Polygon","coordinates":[[[78.46874,17.405115],[78.468805,17.405101],[78.468828,17.4052],[78.468763,17.405213],[78.46874,17.405115]]]},"properties":{"id":"e8322458e2ae","height":null,"num_floors":null,"render_height_m":6.4,"height_label":"assumed"}},{"type":"Feature","geometry":{"type":"Polygon","coordinates":[[[78.468919,17.404966],[78.468923,17.40503],[78.4689,17.405031],[78.468902,17.405059],[78.468845,17.405063],[78.468839,17.404972],[78.468919,17.404966]]]},"properties":{"id":"04d84ce84bab","height":null,"num_floors":null,"render_height_m":6.4,"height_label":"assumed"}},{"type":"Feature","geometry":{"type":"Polygon","coordinates":[[[78.468805,17.405076],[78.468735,17.405079],[78.46873,17.404972],[78.4688,17.404969],[78.468805,17.405076]]]},"properties":{"id":"d72762c3f165","height":null,"num_floors":null,"render_height_m":9.6,"height_label":"assumed"}},{"type":"Feature","geometry":{"type":"Polygon","coordinates":[[[78.468736,17.404938],[78.468774,17.404934],[78.468778,17.404964],[78.46874,17.404969],[78.468736,17.404938]]]},"properties":{"id":"202462c9870d","height":null,"num_floors":null,"render_height_m":6.4,"height_label":"assumed"}},{"type":"Feature","geometry":{"type":"Polygon","coordinates":[[[78.468796,17.404855],[78.468801,17.404926],[78.468692,17.404935],[78.468687,17.404863],[78.468796,17.404855]]]},"properties":{"id":"7203bd3f16e4","height":null,"num_floors":null,"render_height_m":9.6,"height_label":"assumed"}},{"type":"Feature","geometry":{"type":"Polygon","coordinates":[[[78.468698,17.404829],[78.468616,17.404831],[78.468614,17.404753],[78.468696,17.404751],[78.468698,17.404829]]]},"properties":{"id":"0c852642d5a5","height":null,"num_floors":null,"render_height_m":6.4,"height_label":"assumed"}},{"type":"Feature","geometry":{"type":"Polygon","coordinates":[[[78.468771,17.404682],[78.468767,17.404606],[78.468837,17.404602],[78.468842,17.404678],[78.468771,17.404682]]]},"properties":{"id":"8b140afb24c6","height":null,"num_floors":null,"render_height_m":6.4,"height_label":"assumed"}},{"type":"Feature","geometry":{"type":"Polygon","coordinates":[[[78.468864,17.404431],[78.468859,17.404505],[78.468786,17.4045],[78.468791,17.404427],[78.468864,17.404431]]]},"properties":{"id":"ee5687cf9d1b","height":null,"num_floors":null,"render_height_m":6.4,"height_label":"assumed"}},{"type":"Feature","geometry":{"type":"Polygon","coordinates":[[[78.468712,17.404452],[78.468769,17.404445],[78.468777,17.404516],[78.468721,17.404522],[78.468712,17.404452]]]},"properties":{"id":"ae0a4fc09a67","height":null,"num_floors":null,"render_height_m":6.4,"height_label":"assumed"}},{"type":"Feature","geometry":{"type":"Polygon","coordinates":[[[78.468806,17.404384],[78.468723,17.404401],[78.468711,17.404348],[78.468795,17.404332],[78.468806,17.404384]]]},"properties":{"id":"6d8b75b828e9","height":null,"num_floors":null,"render_height_m":6.4,"height_label":"assumed"}},{"type":"Feature","geometry":{"type":"Polygon","coordinates":[[[78.468779,17.404742],[78.468712,17.404754],[78.468699,17.404691],[78.468767,17.404678],[78.468779,17.404742]]]},"properties":{"id":"82163e1ae6f5","height":null,"num_floors":null,"render_height_m":6.4,"height_label":"assumed"}},{"type":"Feature","geometry":{"type":"Polygon","coordinates":[[[78.468659,17.404616],[78.468708,17.404619],[78.468705,17.404662],[78.468657,17.404659],[78.468659,17.404616]]]},"properties":{"id":"3d93254beeb6","height":null,"num_floors":null,"render_height_m":6.4,"height_label":"assumed"}},{"type":"Feature","geometry":{"type":"Polygon","coordinates":[[[78.468607,17.404656],[78.468659,17.404653],[78.468664,17.404726],[78.468613,17.404729],[78.468607,17.404656]]]},"properties":{"id":"5a72bdd56016","height":null,"num_floors":null,"render_height_m":6.4,"height_label":"assumed"}},{"type":"Feature","geometry":{"type":"Polygon","coordinates":[[[78.468607,17.404609],[78.468662,17.404611],[78.468661,17.404656],[78.468605,17.404654],[78.468607,17.404609]]]},"properties":{"id":"b23201bb41ee","height":null,"num_floors":null,"render_height_m":6.4,"height_label":"assumed"}},{"type":"Feature","geometry":{"type":"Polygon","coordinates":[[[78.468358,17.404657],[78.468356,17.404576],[78.468459,17.404574],[78.468461,17.404654],[78.468358,17.404657]]]},"properties":{"id":"317009aad019","height":null,"num_floors":null,"render_height_m":9.6,"height_label":"assumed"}},{"type":"Feature","geometry":{"type":"Polygon","coordinates":[[[78.468555,17.404674],[78.468476,17.404674],[78.468475,17.404591],[78.468555,17.404591],[78.468555,17.404674]]]},"properties":{"id":"094d43cd5011","height":null,"num_floors":null,"render_height_m":6.4,"height_label":"assumed"}},{"type":"Feature","geometry":{"type":"Polygon","coordinates":[[[78.468405,17.40473],[78.46843,17.404732],[78.468427,17.404777],[78.468401,17.404776],[78.468405,17.40473]]]},"properties":{"id":"abe2ba0c0724","height":null,"num_floors":null,"render_height_m":6.4,"height_label":"assumed"}},{"type":"Feature","geometry":{"type":"Polygon","coordinates":[[[78.468467,17.404834],[78.468392,17.404834],[78.468392,17.404802],[78.468467,17.404801],[78.468467,17.404834]]]},"properties":{"id":"ac80a6455eff","height":null,"num_floors":null,"render_height_m":6.4,"height_label":"assumed"}},{"type":"Feature","geometry":{"type":"Polygon","coordinates":[[[78.468474,17.404898],[78.46843,17.404898],[78.46843,17.404848],[78.468474,17.404848],[78.468474,17.404898]]]},"properties":{"id":"3fb54069564a","height":null,"num_floors":null,"render_height_m":6.4,"height_label":"assumed"}},{"type":"Feature","geometry":{"type":"Polygon","coordinates":[[[78.468501,17.404736],[78.468498,17.404782],[78.468443,17.404778],[78.468446,17.404733],[78.468501,17.404736]]]},"properties":{"id":"96703fd47a41","height":null,"num_floors":null,"render_height_m":6.4,"height_label":"assumed"}},{"type":"Feature","geometry":{"type":"Polygon","coordinates":[[[78.468584,17.404704],[78.46857,17.404755],[78.468505,17.404739],[78.468519,17.404687],[78.468584,17.404704]]]},"properties":{"id":"7afb2c730003","height":null,"num_floors":null,"render_height_m":6.4,"height_label":"assumed"}},{"type":"Feature","geometry":{"type":"Polygon","coordinates":[[[78.468562,17.404877],[78.468495,17.404879],[78.468494,17.404841],[78.468561,17.404839],[78.468562,17.404877]]]},"properties":{"id":"e817309c944b","height":null,"num_floors":null,"render_height_m":6.4,"height_label":"assumed"}},{"type":"Feature","geometry":{"type":"Polygon","coordinates":[[[78.46859,17.40499],[78.4685,17.404991],[78.4685,17.404885],[78.468589,17.404885],[78.46859,17.40499]]]},"properties":{"id":"bd4de8ed1db8","height":null,"num_floors":null,"render_height_m":9.6,"height_label":"assumed"}},{"type":"Feature","geometry":{"type":"Polygon","coordinates":[[[78.468649,17.404983],[78.468601,17.404983],[78.468601,17.404899],[78.468649,17.404899],[78.468649,17.404983]]]},"properties":{"id":"f05b4035c715","height":null,"num_floors":null,"render_height_m":6.4,"height_label":"assumed"}},{"type":"Feature","geometry":{"type":"Polygon","coordinates":[[[78.46851,17.40502],[78.468564,17.405024],[78.46856,17.405089],[78.468505,17.405086],[78.46851,17.40502]]]},"properties":{"id":"946f497c92af","height":null,"num_floors":null,"render_height_m":6.4,"height_label":"assumed"}},{"type":"Feature","geometry":{"type":"Polygon","coordinates":[[[78.468477,17.405027],[78.468428,17.405029],[78.468426,17.404968],[78.468474,17.404967],[78.468477,17.405027]]]},"properties":{"id":"56651fa2b466","height":null,"num_floors":null,"render_height_m":6.4,"height_label":"assumed"}},{"type":"Feature","geometry":{"type":"Polygon","coordinates":[[[78.468473,17.404945],[78.468429,17.404945],[78.468429,17.404902],[78.468473,17.404902],[78.468473,17.404945]]]},"properties":{"id":"fe6738eb223f","height":null,"num_floors":null,"render_height_m":6.4,"height_label":"assumed"}},{"type":"Feature","geometry":{"type":"Polygon","coordinates":[[[78.468319,17.404944],[78.468347,17.404957],[78.468325,17.405004],[78.468297,17.404992],[78.468319,17.404944]]]},"properties":{"id":"c3000aa55127","height":null,"num_floors":null,"render_height_m":6.4,"height_label":"assumed"}},{"type":"Feature","geometry":{"type":"Polygon","coordinates":[[[78.468287,17.404893],[78.468354,17.404896],[78.468352,17.40493],[78.468286,17.404927],[78.468287,17.404893]]]},"properties":{"id":"ae563d0ccb34","height":null,"num_floors":null,"render_height_m":6.4,"height_label":"assumed"}},{"type":"Feature","geometry":{"type":"Polygon","coordinates":[[[78.468359,17.404729],[78.468402,17.404727],[78.468406,17.404773],[78.468362,17.404776],[78.468359,17.404729]]]},"properties":{"id":"6bc817375c8d","height":null,"num_floors":null,"render_height_m":6.4,"height_label":"assumed"}},{"type":"Feature","geometry":{"type":"Polygon","coordinates":[[[78.468323,17.404827],[78.468262,17.404826],[78.468264,17.404757],[78.468324,17.404758],[78.468323,17.404827]]]},"properties":{"id":"f91cb9e309cd","height":null,"num_floors":null,"render_height_m":6.4,"height_label":"assumed"}},{"type":"Feature","geometry":{"type":"Polygon","coordinates":[[[78.468175,17.404733],[78.468253,17.404737],[78.468251,17.404783],[78.468172,17.404779],[78.468175,17.404733]]]},"properties":{"id":"1667d2aaca99","height":null,"num_floors":null,"render_height_m":6.4,"height_label":"assumed"}},{"type":"Feature","geometry":{"type":"Polygon","coordinates":[[[78.468281,17.404888],[78.468283,17.404958],[78.468228,17.40496],[78.468225,17.404889],[78.468281,17.404888]]]},"properties":{"id":"dc78a170d0da","height":null,"num_floors":null,"render_height_m":6.4,"height_label":"assumed"}},{"type":"Feature","geometry":{"type":"Polygon","coordinates":[[[78.468151,17.404994],[78.468248,17.40499],[78.468249,17.405019],[78.468152,17.405022],[78.468151,17.404994]]]},"properties":{"id":"f31e22389638","height":null,"num_floors":null,"render_height_m":6.4,"height_label":"assumed"}},{"type":"Feature","geometry":{"type":"Polygon","coordinates":[[[78.467929,17.404877],[78.468027,17.404871],[78.468031,17.404942],[78.467934,17.404948],[78.467929,17.404877]]]},"properties":{"id":"7cf705f4112d","height":null,"num_floors":null,"render_height_m":9.6,"height_label":"assumed"}},{"type":"Feature","geometry":{"type":"Polygon","coordinates":[[[78.467955,17.40478],[78.467956,17.404817],[78.46787,17.40482],[78.467868,17.404783],[78.467955,17.40478]]]},"properties":{"id":"b56f8360d781","height":null,"num_floors":null,"render_height_m":6.4,"height_label":"assumed"}},{"type":"Feature","geometry":{"type":"Polygon","coordinates":[[[78.467961,17.404701],[78.467964,17.404773],[78.467866,17.404776],[78.467863,17.404705],[78.467961,17.404701]]]},"properties":{"id":"8b6bb00c2672","height":null,"num_floors":null,"render_height_m":9.6,"height_label":"assumed"}},{"type":"Feature","geometry":{"type":"Polygon","coordinates":[[[78.468074,17.40464],[78.468078,17.404761],[78.467972,17.404764],[78.467968,17.404643],[78.468074,17.40464]]]},"properties":{"id":"cd24d216fb04","height":null,"num_floors":null,"render_height_m":9.6,"height_label":"assumed"}},{"type":"Feature","geometry":{"type":"Polygon","coordinates":[[[78.46805,17.40446],[78.467983,17.404439],[78.468002,17.404386],[78.468068,17.404407],[78.46805,17.40446]]]},"properties":{"id":"c6bb3fb5adba","height":null,"num_floors":null,"render_height_m":6.4,"height_label":"assumed"}},{"type":"Feature","geometry":{"type":"Polygon","coordinates":[[[78.468212,17.404371],[78.468245,17.404375],[78.468242,17.404405],[78.468209,17.404401],[78.468212,17.404371]]]},"properties":{"id":"385001935d23","height":null,"num_floors":null,"render_height_m":6.4,"height_label":"assumed"}},{"type":"Feature","geometry":{"type":"Polygon","coordinates":[[[78.468244,17.404661],[78.468115,17.404659],[78.468118,17.404548],[78.468246,17.40455],[78.468244,17.404661]]]},"properties":{"id":"7ccb4c735137","height":null,"num_floors":null,"render_height_m":9.6,"height_label":"assumed"}},{"type":"Feature","geometry":{"type":"Polygon","coordinates":[[[78.46826,17.404606],[78.468335,17.40461],[78.468333,17.40465],[78.468258,17.404647],[78.46826,17.404606]]]},"properties":{"id":"aa591c67abc6","height":null,"num_floors":null,"render_height_m":6.4,"height_label":"assumed"}},{"type":"Feature","geometry":{"type":"Polygon","coordinates":[[[78.468107,17.404337],[78.468121,17.404276],[78.468014,17.404253],[78.468052,17.404091],[78.468188,17.40412],[78.468171,17.40419],[78.468238,17.404204],[78.468202,17.404357],[78.468107,17.404337]]]},"properties":{"id":"b055d4a5b7af","height":null,"num_floors":null,"render_height_m":12.8,"height_label":"assumed"}},{"type":"Feature","geometry":{"type":"Polygon","coordinates":[[[78.467988,17.404173],[78.467976,17.404235],[78.467905,17.404222],[78.467917,17.404161],[78.467988,17.404173]]]},"properties":{"id":"781451362e8b","height":null,"num_floors":null,"render_height_m":6.4,"height_label":"assumed"}},{"type":"Feature","geometry":{"type":"Polygon","coordinates":[[[78.46799,17.404166],[78.467903,17.40415],[78.467913,17.404105],[78.467999,17.404121],[78.46799,17.404166]]]},"properties":{"id":"55eafff2cee5","height":null,"num_floors":null,"render_height_m":6.4,"height_label":"assumed"}},{"type":"Feature","geometry":{"type":"Polygon","coordinates":[[[78.468144,17.404105],[78.468071,17.404092],[78.468087,17.404009],[78.468161,17.404022],[78.468144,17.404105]]]},"properties":{"id":"478e930b2f30","height":null,"num_floors":null,"render_height_m":6.4,"height_label":"assumed"}},{"type":"Feature","geometry":{"type":"Polygon","coordinates":[[[78.468162,17.403996],[78.468101,17.403985],[78.468115,17.40391],[78.468177,17.403921],[78.468162,17.403996]]]},"properties":{"id":"a0f01c564d98","height":null,"num_floors":null,"render_height_m":6.4,"height_label":"assumed"}},{"type":"Feature","geometry":{"type":"Polygon","coordinates":[[[78.467848,17.403882],[78.467984,17.403903],[78.467982,17.403918],[78.468019,17.403923],[78.468005,17.404007],[78.467968,17.404001],[78.467964,17.404022],[78.467828,17.404001],[78.467848,17.403882]]]},"properties":{"id":"8098a9d6bcab","height":null,"num_floors":null,"render_height_m":9.6,"height_label":"assumed"}},{"type":"Feature","geometry":{"type":"Polygon","coordinates":[[[78.46808,17.403768],[78.467919,17.40376],[78.467924,17.403655],[78.468086,17.403663],[78.46808,17.403768]]]},"properties":{"id":"6fe4e6a6e0e2","height":null,"num_floors":null,"render_height_m":9.6,"height_label":"assumed"}},{"type":"Feature","geometry":{"type":"Polygon","coordinates":[[[78.468297,17.403737],[78.468115,17.403685],[78.46817,17.403513],[78.468352,17.403565],[78.468297,17.403737]]]},"properties":{"id":"b9228a9df312","height":null,"num_floors":null,"render_height_m":12.8,"height_label":"assumed"}},{"type":"Feature","geometry":{"type":"Polygon","coordinates":[[[78.468266,17.403849],[78.46836,17.403873],[78.468353,17.403896],[78.468442,17.40392],[78.468429,17.403969],[78.468246,17.403921],[78.468266,17.403849]]]},"properties":{"id":"b073126b17fd","height":null,"num_floors":null,"render_height_m":9.6,"height_label":"assumed"}},{"type":"Feature","geometry":{"type":"Polygon","coordinates":[[[78.468339,17.40369],[78.468379,17.403575],[78.468403,17.403583],[78.468553,17.40363],[78.468513,17.403744],[78.468339,17.40369]]]},"properties":{"id":"96e61110c71f","height":null,"num_floors":null,"render_height_m":12.8,"height_label":"assumed"}},{"type":"Feature","geometry":{"type":"Polygon","coordinates":[[[78.468619,17.40401],[78.46855,17.404008],[78.468554,17.403882],[78.468622,17.403884],[78.468619,17.40401]]]},"properties":{"id":"f7d60bf69694","height":null,"num_floors":null,"render_height_m":9.6,"height_label":"assumed"}},{"type":"Feature","geometry":{"type":"Polygon","coordinates":[[[78.468521,17.404203],[78.46853,17.404064],[78.468925,17.404087],[78.468916,17.404225],[78.468521,17.404203]]]},"properties":{"id":"56b89ab15685","height":null,"num_floors":null,"render_height_m":12.8,"height_label":"assumed"}},{"type":"Feature","geometry":{"type":"Polygon","coordinates":[[[78.46877,17.404327],[78.46868,17.404327],[78.46868,17.404226],[78.46877,17.404226],[78.46877,17.404327]]]},"properties":{"id":"04fc9c7a8e5f","height":null,"num_floors":null,"render_height_m":9.6,"height_label":"assumed"}},{"type":"Feature","geometry":{"type":"Polygon","coordinates":[[[78.468898,17.40432],[78.468824,17.404318],[78.468826,17.404231],[78.4689,17.404233],[78.468898,17.40432]]]},"properties":{"id":"241a323c1b41","height":null,"num_floors":null,"render_height_m":6.4,"height_label":"assumed"}},{"type":"Feature","geometry":{"type":"Polygon","coordinates":[[[78.468862,17.40404],[78.468797,17.404041],[78.468811,17.403858],[78.468872,17.403862],[78.468862,17.40404]]]},"properties":{"id":"6964202ecf82","height":null,"num_floors":null,"render_height_m":9.6,"height_label":"assumed"}},{"type":"Feature","geometry":{"type":"Polygon","coordinates":[[[78.468767,17.404033],[78.468716,17.404029],[78.468733,17.403831],[78.468784,17.403835],[78.468767,17.404033]]]},"properties":{"id":"76bc0a9a75e3","height":null,"num_floors":null,"render_height_m":9.6,"height_label":"assumed"}},{"type":"Feature","geometry":{"type":"Polygon","coordinates":[[[78.468692,17.404024],[78.468641,17.404021],[78.468649,17.403887],[78.4687,17.40389],[78.468692,17.404024]]]},"properties":{"id":"ad5cc889134a","height":null,"num_floors":null,"render_height_m":9.6,"height_label":"assumed"}}]}