{"type":"FeatureCollection","features":[{"type":"Feature","geometry":{"type":"Polygon","coordinates":[[[78.321319,17.47561],[78.321239,17.4756],[78.321257,17.475474],[78.321336,17.475484],[78.321319,17.47561]]]},"properties":{"id":"98d1c72601b2","height":null,"num_floors":null,"render_height_m":9.6,"height_label":"assumed"}},{"type":"Feature","geometry":{"type":"Polygon","coordinates":[[[78.321167,17.47546],[78.3212,17.475464],[78.321192,17.475516],[78.321159,17.475511],[78.321167,17.47546]]]},"properties":{"id":"bf697f375998","height":null,"num_floors":null,"render_height_m":6.4,"height_label":"assumed"}},{"type":"Feature","geometry":{"type":"Polygon","coordinates":[[[78.321128,17.475577],[78.321029,17.475564],[78.321049,17.475416],[78.321149,17.475428],[78.321128,17.475577]]]},"properties":{"id":"b5b0857e3e51","height":null,"num_floors":null,"render_height_m":9.6,"height_label":"assumed"}},{"type":"Feature","geometry":{"type":"Polygon","coordinates":[[[78.321017,17.475565],[78.320942,17.475555],[78.320962,17.475409],[78.321037,17.475418],[78.321017,17.475565]]]},"properties":{"id":"0d241f2abe5d","height":null,"num_floors":null,"render_height_m":9.6,"height_label":"assumed"}},{"type":"Feature","geometry":{"type":"Polygon","coordinates":[[[78.320872,17.475528],[78.320778,17.475516],[78.320797,17.47538],[78.320891,17.475392],[78.320872,17.475528]]]},"properties":{"id":"d3600eb0b443","height":null,"num_floors":null,"render_height_m":9.6,"height_label":"assumed"}},{"type":"Feature","geometry":{"type":"Polygon","coordinates":[[[78.319971,17.475473],[78.319975,17.475551],[78.319866,17.475556],[78.319862,17.475478],[78.319971,17.475473]]]},"properties":{"id":"1d17fbbdbb94","height":null,"num_floors":null,"render_height_m":9.6,"height_label":"assumed"}},{"type":"Feature","geometry":{"type":"Polygon","coordinates":[[[78.319531,17.475534],[78.319368,17.475513],[78.31938,17.475425],[78.319544,17.475446],[78.319531,17.475534]]]},"properties":{"id":"65b4a5530af8","height":null,"num_floors":null,"render_height_m":9.6,"height_label":"assumed"}},{"type":"Feature","geometry":{"type":"Polygon","coordinates":[[[78.319341,17.475505],[78.319224,17.47549],[78.319237,17.475395],[78.319354,17.475409],[78.319341,17.475505]]]},"properties":{"id":"e082c67354d0","height":null,"num_floors":null,"render_height_m":9.6,"height_label":"assumed"}},{"type":"Feature","geometry":{"type":"Polygon","coordinates":[[[78.318536,17.475576],[78.318467,17.475567],[78.318479,17.475477],[78.318548,17.475486],[78.318536,17.475576]]]},"properties":{"id":"a88a9259c642","height":null,"num_floors":null,"render_height_m":6.4,"height_label":"assumed"}},{"type":"Feature","geometry":{"type":"Polygon","coordinates":[[[78.318204,17.475558],[78.31812,17.475547],[78.318138,17.475422],[78.318222,17.475432],[78.318204,17.475558]]]},"properties":{"id":"2641339d8b34","height":null,"num_floors":null,"render_height_m":9.6,"height_label":"assumed"}},{"type":"Feature","geometry":{"type":"Polygon","coordinates":[[[78.318112,17.475535],[78.317947,17.475515],[78.317964,17.475392],[78.318129,17.475412],[78.318112,17.475535]]]},"properties":{"id":"640af9dbc487","height":null,"num_floors":null,"render_height_m":9.6,"height_label":"assumed"}},{"type":"Feature","geometry":{"type":"Polygon","coordinates":[[[78.317692,17.47555],[78.317615,17.475567],[78.31759,17.475464],[78.317668,17.475447],[78.317692,17.47555]]]},"properties":{"id":"238841b77932","height":null,"num_floors":null,"render_height_m":9.6,"height_label":"assumed"}},{"type":"Feature","geometry":{"type":"Polygon","coordinates":[[[78.317197,17.475761],[78.317127,17.475777],[78.317078,17.475578],[78.317149,17.475562],[78.317197,17.475761]]]},"properties":{"id":"12ac9789cd21","height":null,"num_floors":null,"render_height_m":9.6,"height_label":"assumed"}},{"type":"Feature","geometry":{"type":"Polygon","coordinates":[[[78.31727,17.47568],[78.317192,17.475697],[78.317159,17.475561],[78.317237,17.475544],[78.31727,17.47568]]]},"properties":{"id":"ca39e3b36cbc","height":null,"num_floors":null,"render_height_m":9.6,"height_label":"assumed"}},{"type":"Feature","geometry":{"type":"Polygon","coordinates":[[[78.317445,17.475713],[78.317356,17.475732],[78.317303,17.47551],[78.317392,17.47549],[78.317445,17.475713]]]},"properties":{"id":"2f634361f18a","height":null,"num_floors":null,"render_height_m":9.6,"height_label":"assumed"}},{"type":"Feature","geometry":{"type":"Polygon","coordinates":[[[78.317346,17.476128],[78.317272,17.476142],[78.317241,17.475998],[78.317315,17.475984],[78.317346,17.476128]]]},"properties":{"id":"e26fdf3d8b3a","height":null,"num_floors":null,"render_height_m":9.6,"height_label":"assumed"}},{"type":"Feature","geometry":{"type":"Polygon","coordinates":[[[78.317432,17.475969],[78.317365,17.475982],[78.317329,17.47581],[78.317396,17.475797],[78.317432,17.475969]]]},"properties":{"id":"ed7956de5933","height":null,"num_floors":null,"render_height_m":9.6,"height_label":"assumed"}},{"type":"Feature","geometry":{"type":"Polygon","coordinates":[[[78.317528,17.475952],[78.317454,17.475966],[78.317418,17.475798],[78.317493,17.475784],[78.317528,17.475952]]]},"properties":{"id":"ab3c0086360d","height":null,"num_floors":null,"render_height_m":9.6,"height_label":"assumed"}},{"type":"Feature","geometry":{"type":"Polygon","coordinates":[[[78.317749,17.475969],[78.317652,17.47599],[78.317633,17.475911],[78.31773,17.47589],[78.317749,17.475969]]]},"properties":{"id":"7d6a06d21025","height":null,"num_floors":null,"render_height_m":9.6,"height_label":"assumed"}},{"type":"Feature","geometry":{"type":"Polygon","coordinates":[[[78.317604,17.475927],[78.317543,17.475939],[78.317506,17.475765],[78.317567,17.475753],[78.317604,17.475927]]]},"properties":{"id":"efd3cc8b8a9e","height":null,"num_floors":null,"render_height_m":9.6,"height_label":"assumed"}},{"type":"Feature","geometry":{"type":"Polygon","coordinates":[[[78.317692,17.475891],[78.317613,17.475906],[78.31758,17.475752],[78.31766,17.475737],[78.317692,17.475891]]]},"properties":{"id":"d73700aaf201","height":null,"num_floors":null,"render_height_m":9.6,"height_label":"assumed"}},{"type":"Feature","geometry":{"type":"Polygon","coordinates":[[[78.317722,17.475645],[78.317631,17.475664],[78.31761,17.475578],[78.317701,17.475558],[78.317722,17.475645]]]},"properties":{"id":"66e349d55309","height":null,"num_floors":null,"render_height_m":9.6,"height_label":"assumed"}},{"type":"Feature","geometry":{"type":"Polygon","coordinates":[[[78.317843,17.475633],[78.31772,17.475619],[78.31773,17.47553],[78.317854,17.475543],[78.317843,17.475633]]]},"properties":{"id":"a138519406aa","height":null,"num_floors":null,"render_height_m":9.6,"height_label":"assumed"}},{"type":"Feature","geometry":{"type":"Polygon","coordinates":[[[78.317853,17.475814],[78.31775,17.475803],[78.317759,17.475722],[78.317862,17.475733],[78.317853,17.475814]]]},"properties":{"id":"75ce3b911b9a","height":null,"num_floors":null,"render_height_m":9.6,"height_label":"assumed"}},{"type":"Feature","geometry":{"type":"Polygon","coordinates":[[[78.317924,17.475838],[78.317857,17.475831],[78.31787,17.475733],[78.317937,17.475741],[78.317924,17.475838]]]},"properties":{"id":"2ea69e0d637b","height":null,"num_floors":null,"render_height_m":6.4,"height_label":"assumed"}},{"type":"Feature","geometry":{"type":"Polygon","coordinates":[[[78.318006,17.475648],[78.317917,17.475637],[78.31793,17.475548],[78.318018,17.47556],[78.318006,17.475648]]]},"properties":{"id":"7cd4a79aa68b","height":null,"num_floors":null,"render_height_m":9.6,"height_label":"assumed"}},{"type":"Feature","geometry":{"type":"Polygon","coordinates":[[[78.3181,17.475647],[78.318021,17.475637],[78.318033,17.475547],[78.318112,17.475557],[78.3181,17.475647]]]},"properties":{"id":"5c0a724aaeac","height":null,"num_floors":null,"render_height_m":9.6,"height_label":"assumed"}},{"type":"Feature","geometry":{"type":"Polygon","coordinates":[[[78.318074,17.475652],[78.318104,17.475655],[78.318158,17.475662],[78.318152,17.47571],[78.318067,17.4757],[78.318074,17.475652]]]},"properties":{"id":"1554c2bcc025","height":null,"num_floors":null,"render_height_m":6.4,"height_label":"assumed"}},{"type":"Feature","geometry":{"type":"Polygon","coordinates":[[[78.31817,17.475571],[78.318241,17.475579],[78.318222,17.475719],[78.318174,17.475713],[78.318181,17.475665],[78.318158,17.475662],[78.31817,17.475571]]]},"properties":{"id":"fbacf40188f7","height":null,"num_floors":null,"render_height_m":9.6,"height_label":"assumed"}},{"type":"Feature","geometry":{"type":"Polygon","coordinates":[[[78.318221,17.475881],[78.318164,17.475874],[78.318175,17.475794],[78.318232,17.475801],[78.318221,17.475881]]]},"properties":{"id":"c1b8182b34f4","height":null,"num_floors":null,"render_height_m":6.4,"height_label":"assumed"}},{"type":"Feature","geometry":{"type":"Polygon","coordinates":[[[78.318147,17.475859],[78.318025,17.475837],[78.318039,17.475768],[78.318161,17.47579],[78.318147,17.475859]]]},"properties":{"id":"2a828064340f","height":null,"num_floors":null,"render_height_m":9.6,"height_label":"assumed"}},{"type":"Feature","geometry":{"type":"Polygon","coordinates":[[[78.318128,17.475944],[78.318012,17.475923],[78.318027,17.47585],[78.318143,17.475871],[78.318128,17.475944]]]},"properties":{"id":"7be2298359a9","height":null,"num_floors":null,"render_height_m":9.6,"height_label":"assumed"}},{"type":"Feature","geometry":{"type":"Polygon","coordinates":[[[78.318297,17.475886],[78.318234,17.475881],[78.31824,17.475803],[78.318304,17.475808],[78.318297,17.475886]]]},"properties":{"id":"369d14e8ff7f","height":null,"num_floors":null,"render_height_m":6.4,"height_label":"assumed"}},{"type":"Feature","geometry":{"type":"Polygon","coordinates":[[[78.318282,17.475958],[78.318151,17.475945],[78.318157,17.475887],[78.318288,17.4759],[78.318282,17.475958]]]},"properties":{"id":"230205aa20a8","height":null,"num_floors":null,"render_height_m":9.6,"height_label":"assumed"}},{"type":"Feature","geometry":{"type":"Polygon","coordinates":[[[78.318252,17.476083],[78.318145,17.476072],[78.318155,17.475976],[78.318262,17.475987],[78.318252,17.476083]]]},"properties":{"id":"301769b6e0ac","height":null,"num_floors":null,"render_height_m":9.6,"height_label":"assumed"}},{"type":"Feature","geometry":{"type":"Polygon","coordinates":[[[78.317907,17.475999],[78.317829,17.475995],[78.317833,17.47592],[78.31791,17.475924],[78.317907,17.475999]]]},"properties":{"id":"101b2262e602","height":null,"num_floors":null,"render_height_m":6.4,"height_label":"assumed"}},{"type":"Feature","geometry":{"type":"Polygon","coordinates":[[[78.317823,17.475995],[78.317769,17.475991],[78.317775,17.475914],[78.31783,17.475918],[78.317823,17.475995]]]},"properties":{"id":"7a447fd8a18d","height":null,"num_floors":null,"render_height_m":6.4,"height_label":"assumed"}},{"type":"Feature","geometry":{"type":"Polygon","coordinates":[[[78.317913,17.475915],[78.317784,17.475907],[78.317789,17.475836],[78.317918,17.475843],[78.317913,17.475915]]]},"properties":{"id":"538acd6c4773","height":null,"num_floors":null,"render_height_m":9.6,"height_label":"assumed"}},{"type":"Feature","geometry":{"type":"Polygon","coordinates":[[[78.317665,17.476062],[78.317653,17.476009],[78.317752,17.475988],[78.317764,17.476041],[78.317665,17.476062]]]},"properties":{"id":"d380f1923c81","height":null,"num_floors":null,"render_height_m":6.4,"height_label":"assumed"}},{"type":"Feature","geometry":{"type":"Polygon","coordinates":[[[78.318051,17.476104],[78.318128,17.476114],[78.318117,17.476191],[78.318041,17.476181],[78.318051,17.476104]]]},"properties":{"id":"90b974b83390","height":null,"num_floors":null,"render_height_m":6.4,"height_label":"assumed"}},{"type":"Feature","geometry":{"type":"Polygon","coordinates":[[[78.318228,17.476198],[78.318123,17.476187],[78.318134,17.476087],[78.31824,17.476097],[78.318228,17.476198]]]},"properties":{"id":"15ae0c0fcec8","height":null,"num_floors":null,"render_height_m":9.6,"height_label":"assumed"}},{"type":"Feature","geometry":{"type":"Polygon","coordinates":[[[78.318272,17.476485],[78.318198,17.476475],[78.31822,17.47632],[78.318293,17.476329],[78.318272,17.476485]]]},"properties":{"id":"db0143c6a9f8","height":null,"num_floors":null,"render_height_m":9.6,"height_label":"assumed"}},{"type":"Feature","geometry":{"type":"Polygon","coordinates":[[[78.318189,17.476473],[78.318115,17.476464],[78.318136,17.476314],[78.31821,17.476324],[78.318189,17.476473]]]},"properties":{"id":"0d5afe865293","height":null,"num_floors":null,"render_height_m":9.6,"height_label":"assumed"}},{"type":"Feature","geometry":{"type":"Polygon","coordinates":[[[78.318101,17.476461],[78.318033,17.476452],[78.318055,17.476297],[78.318123,17.476305],[78.318101,17.476461]]]},"properties":{"id":"7c4475ae6acf","height":null,"num_floors":null,"render_height_m":9.6,"height_label":"assumed"}},{"type":"Feature","geometry":{"type":"Polygon","coordinates":[[[78.318087,17.476605],[78.318009,17.476595],[78.318022,17.476501],[78.3181,17.47651],[78.318087,17.476605]]]},"properties":{"id":"dcfb42e8e9c1","height":null,"num_floors":null,"render_height_m":9.6,"height_label":"assumed"}},{"type":"Feature","geometry":{"type":"Polygon","coordinates":[[[78.318216,17.476648],[78.31812,17.476636],[78.318137,17.476514],[78.318233,17.476526],[78.318216,17.476648]]]},"properties":{"id":"5e29b97a808a","height":null,"num_floors":null,"render_height_m":9.6,"height_label":"assumed"}},{"type":"Feature","geometry":{"type":"Polygon","coordinates":[[[78.318307,17.47668],[78.318225,17.476669],[78.318241,17.476559],[78.318322,17.47657],[78.318307,17.47668]]]},"properties":{"id":"a553fa620f8f","height":null,"num_floors":null,"render_height_m":9.6,"height_label":"assumed"}},{"type":"Feature","geometry":{"type":"Polygon","coordinates":[[[78.317653,17.476166],[78.317709,17.476349],[78.317634,17.47637],[78.317577,17.476188],[78.317653,17.476166]]]},"properties":{"id":"6a948ecfff9c","height":null,"num_floors":null,"render_height_m":9.6,"height_label":"assumed"}},{"type":"Feature","geometry":{"type":"Polygon","coordinates":[[[78.317579,17.476351],[78.317505,17.476374],[78.31744,17.476185],[78.317514,17.476162],[78.317579,17.476351]]]},"properties":{"id":"4393f5bc0b34","height":null,"num_floors":null,"render_height_m":9.6,"height_label":"assumed"}},{"type":"Feature","geometry":{"type":"Polygon","coordinates":[[[78.317331,17.476259],[78.317388,17.476441],[78.317225,17.476488],[78.317168,17.476306],[78.317331,17.476259]]]},"properties":{"id":"e63c6a82cea3","height":null,"num_floors":null,"render_height_m":12.8,"height_label":"assumed"}},{"type":"Feature","geometry":{"type":"Polygon","coordinates":[[[78.317463,17.476379],[78.317382,17.476405],[78.31732,17.476225],[78.317401,17.476199],[78.317463,17.476379]]]},"properties":{"id":"31efa637ddf6","height":null,"num_floors":null,"render_height_m":9.6,"height_label":"assumed"}},{"type":"Feature","geometry":{"type":"Polygon","coordinates":[[[78.317168,17.476306],[78.317225,17.476488],[78.317144,17.476511],[78.317087,17.476329],[78.317168,17.476306]]]},"properties":{"id":"77fa6bee734f","height":null,"num_floors":null,"render_height_m":9.6,"height_label":"assumed"}},{"type":"Feature","geometry":{"type":"Polygon","coordinates":[[[78.3174,17.476966],[78.317485,17.476972],[78.317476,17.477094],[78.317391,17.477088],[78.3174,17.476966]]]},"properties":{"id":"5b06386cbfd4","height":null,"num_floors":null,"render_height_m":9.6,"height_label":"assumed"}},{"type":"Feature","geometry":{"type":"Polygon","coordinates":[[[78.317694,17.47715],[78.317631,17.477142],[78.317651,17.477003],[78.317714,17.477011],[78.317694,17.47715]]]},"properties":{"id":"927f239f98c4","height":null,"num_floors":null,"render_height_m":9.6,"height_label":"assumed"}},{"type":"Feature","geometry":{"type":"Polygon","coordinates":[[[78.317678,17.477311],[78.317605,17.477302],[78.317626,17.477154],[78.317699,17.477163],[78.317678,17.477311]]]},"properties":{"id":"a505870554e7","height":null,"num_floors":null,"render_height_m":9.6,"height_label":"assumed"}},{"type":"Feature","geometry":{"type":"Polygon","coordinates":[[[78.317387,17.477136],[78.317525,17.477146],[78.317518,17.477239],[78.317379,17.477229],[78.317387,17.477136]]]},"properties":{"id":"7840f0c4868c","height":null,"num_floors":null,"render_height_m":9.6,"height_label":"assumed"}},{"type":"Feature","geometry":{"type":"Polygon","coordinates":[[[78.317196,17.476961],[78.317292,17.476968],[78.317285,17.477059],[78.317189,17.477052],[78.317196,17.476961]]]},"properties":{"id":"9f0f33627506","height":null,"num_floors":null,"render_height_m":9.6,"height_label":"assumed"}},{"type":"Feature","geometry":{"type":"Polygon","coordinates":[[[78.317327,17.477098],[78.317314,17.47726],[78.317089,17.477243],[78.317099,17.477125],[78.317182,17.477131],[78.317186,17.477088],[78.317327,17.477098]]]},"properties":{"id":"3ab4ce21951f","height":null,"num_floors":null,"render_height_m":12.8,"height_label":"assumed"}},{"type":"Feature","geometry":{"type":"Polygon","coordinates":[[[78.317224,17.477458],[78.31719,17.477451],[78.317201,17.477405],[78.317235,17.477412],[78.317224,17.477458]]]},"properties":{"id":"d54de6ad81d5","height":null,"num_floors":null,"render_height_m":6.4,"height_label":"assumed"}},{"type":"Feature","geometry":{"type":"Polygon","coordinates":[[[78.317063,17.477493],[78.317121,17.477491],[78.317124,17.477554],[78.317065,17.477556],[78.317063,17.477493]]]},"properties":{"id":"933e3607283a","height":null,"num_floors":null,"render_height_m":6.4,"height_label":"assumed"}},{"type":"Feature","geometry":{"type":"Polygon","coordinates":[[[78.317373,17.477548],[78.31744,17.477556],[78.317432,17.477622],[78.317365,17.477614],[78.317373,17.477548]]]},"properties":{"id":"b26408b71389","height":null,"num_floors":null,"render_height_m":6.4,"height_label":"assumed"}},{"type":"Feature","geometry":{"type":"Polygon","coordinates":[[[78.317368,17.477783],[78.317536,17.477803],[78.317526,17.477882],[78.317358,17.477862],[78.317368,17.477783]]]},"properties":{"id":"24186519aa3f","height":null,"num_floors":null,"render_height_m":9.6,"height_label":"assumed"}},{"type":"Feature","geometry":{"type":"Polygon","coordinates":[[[78.317423,17.477701],[78.317547,17.477715],[78.317536,17.477803],[78.317412,17.477788],[78.317423,17.477701]]]},"properties":{"id":"fb7c99b85f2f","height":null,"num_floors":null,"render_height_m":9.6,"height_label":"assumed"}},{"type":"Feature","geometry":{"type":"Polygon","coordinates":[[[78.317389,17.477427],[78.317456,17.477435],[78.317444,17.477524],[78.317377,17.477516],[78.317389,17.477427]]]},"properties":{"id":"e81c69db6492","height":null,"num_floors":null,"render_height_m":6.4,"height_label":"assumed"}},{"type":"Feature","geometry":{"type":"Polygon","coordinates":[[[78.31775,17.477322],[78.317809,17.47733],[78.317803,17.477374],[78.317744,17.477366],[78.31775,17.477322]]]},"properties":{"id":"4d2a76af4c03","height":null,"num_floors":null,"render_height_m":6.4,"height_label":"assumed"}},{"type":"Feature","geometry":{"type":"Polygon","coordinates":[[[78.31784,17.477237],[78.317904,17.477246],[78.31789,17.477341],[78.317826,17.477332],[78.31784,17.477237]]]},"properties":{"id":"0d0e44e2d14a","height":null,"num_floors":null,"render_height_m":6.4,"height_label":"assumed"}},{"type":"Feature","geometry":{"type":"Polygon","coordinates":[[[78.318028,17.477397],[78.31795,17.477387],[78.31797,17.477245],[78.318048,17.477255],[78.318028,17.477397]]]},"properties":{"id":"023f01c7c6d4","height":null,"num_floors":null,"render_height_m":9.6,"height_label":"assumed"}},{"type":"Feature","geometry":{"type":"Polygon","coordinates":[[[78.318001,17.477892],[78.31783,17.47787],[78.317841,17.477786],[78.318013,17.477808],[78.318001,17.477892]]]},"properties":{"id":"89e46bf8b20b","height":null,"num_floors":null,"render_height_m":9.6,"height_label":"assumed"}},{"type":"Feature","geometry":{"type":"Polygon","coordinates":[[[78.318035,17.477791],[78.317901,17.477774],[78.317913,17.477688],[78.318048,17.477706],[78.318035,17.477791]]]},"properties":{"id":"f256f3bdbb22","height":null,"num_floors":null,"render_height_m":9.6,"height_label":"assumed"}},{"type":"Feature","geometry":{"type":"Polygon","coordinates":[[[78.318047,17.477693],[78.317921,17.477677],[78.317935,17.47758],[78.318061,17.477597],[78.318047,17.477693]]]},"properties":{"id":"357abd561a29","height":null,"num_floors":null,"render_height_m":9.6,"height_label":"assumed"}},{"type":"Feature","geometry":{"type":"Polygon","coordinates":[[[78.317902,17.477729],[78.317803,17.477716],[78.317825,17.477563],[78.317924,17.477576],[78.317902,17.477729]]]},"properties":{"id":"5e4219d675a6","height":null,"num_floors":null,"render_height_m":9.6,"height_label":"assumed"}},{"type":"Feature","geometry":{"type":"Polygon","coordinates":[[[78.318221,17.477767],[78.318106,17.477752],[78.318115,17.477685],[78.318231,17.4777],[78.318221,17.477767]]]},"properties":{"id":"86599fca7303","height":null,"num_floors":null,"render_height_m":9.6,"height_label":"assumed"}},{"type":"Feature","geometry":{"type":"Polygon","coordinates":[[[78.318215,17.477857],[78.318096,17.477841],[78.318106,17.477764],[78.318226,17.47778],[78.318215,17.477857]]]},"properties":{"id":"a2e46d608448","height":null,"num_floors":null,"render_height_m":9.6,"height_label":"assumed"}},{"type":"Feature","geometry":{"type":"Polygon","coordinates":[[[78.318255,17.477696],[78.318138,17.477681],[78.318149,17.477603],[78.318266,17.477618],[78.318255,17.477696]]]},"properties":{"id":"b9c0abe26d61","height":null,"num_floors":null,"render_height_m":9.6,"height_label":"assumed"}},{"type":"Feature","geometry":{"type":"Polygon","coordinates":[[[78.31826,17.477587],[78.318307,17.477589],[78.318306,17.477615],[78.318259,17.477613],[78.31826,17.477587]]]},"properties":{"id":"3127f7a4ad4f","height":null,"num_floors":null,"render_height_m":6.4,"height_label":"assumed"}},{"type":"Feature","geometry":{"type":"Polygon","coordinates":[[[78.318272,17.477447],[78.318178,17.477435],[78.318201,17.477275],[78.318294,17.477287],[78.318272,17.477447]]]},"properties":{"id":"01d5806c19d9","height":null,"num_floors":null,"render_height_m":9.6,"height_label":"assumed"}},{"type":"Feature","geometry":{"type":"Polygon","coordinates":[[[78.318292,17.477228],[78.318211,17.477217],[78.318225,17.477122],[78.318306,17.477132],[78.318292,17.477228]]]},"properties":{"id":"a5a7629db5e0","height":null,"num_floors":null,"render_height_m":9.6,"height_label":"assumed"}},{"type":"Feature","geometry":{"type":"Polygon","coordinates":[[[78.318076,17.477238],[78.317973,17.477225],[78.317994,17.477074],[78.318097,17.477088],[78.318076,17.477238]]]},"properties":{"id":"7abf906a4542","height":null,"num_floors":null,"render_height_m":9.6,"height_label":"assumed"}},{"type":"Feature","geometry":{"type":"Polygon","coordinates":[[[78.318188,17.477223],[78.318103,17.477212],[78.318118,17.477102],[78.318204,17.477113],[78.318188,17.477223]]]},"properties":{"id":"47d5afdc01c7","height":null,"num_floors":null,"render_height_m":9.6,"height_label":"assumed"}},{"type":"Feature","geometry":{"type":"Polygon","coordinates":[[[78.317936,17.477081],[78.317992,17.477088],[78.317976,17.477202],[78.31792,17.477194],[78.317936,17.477081]]]},"properties":{"id":"51e1eb8c704e","height":null,"num_floors":null,"render_height_m":6.4,"height_label":"assumed"}},{"type":"Feature","geometry":{"type":"Polygon","coordinates":[[[78.31787,17.477072],[78.317936,17.477081],[78.31792,17.477194],[78.317853,17.477186],[78.31787,17.477072]]]},"properties":{"id":"551cfd183e8b","height":null,"num_floors":null,"render_height_m":9.6,"height_label":"assumed"}},{"type":"Feature","geometry":{"type":"Polygon","coordinates":[[[78.317821,17.477327],[78.317753,17.477319],[78.317773,17.477175],[78.317842,17.477184],[78.317821,17.477327]]]},"properties":{"id":"e7867d21e846","height":null,"num_floors":null,"render_height_m":9.6,"height_label":"assumed"}},{"type":"Feature","geometry":{"type":"Polygon","coordinates":[[[78.317744,17.477322],[78.317684,17.477314],[78.317704,17.477168],[78.317765,17.477176],[78.317744,17.477322]]]},"properties":{"id":"ca14e9b1a2ce","height":null,"num_floors":null,"render_height_m":9.6,"height_label":"assumed"}},{"type":"Feature","geometry":{"type":"Polygon","coordinates":[[[78.317846,17.477174],[78.31778,17.477165],[78.3178,17.477018],[78.317867,17.477027],[78.317846,17.477174]]]},"properties":{"id":"22b376e83b0a","height":null,"num_floors":null,"render_height_m":9.6,"height_label":"assumed"}},{"type":"Feature","geometry":{"type":"Polygon","coordinates":[[[78.317776,17.477158],[78.317704,17.477148],[78.317723,17.477016],[78.317795,17.477025],[78.317776,17.477158]]]},"properties":{"id":"5963b8a8dfca","height":null,"num_floors":null,"render_height_m":9.6,"height_label":"assumed"}},{"type":"Feature","geometry":{"type":"Polygon","coordinates":[[[78.317985,17.47699],[78.317912,17.476981],[78.317931,17.476848],[78.318003,17.476858],[78.317985,17.47699]]]},"properties":{"id":"d1566b389f77","height":null,"num_floors":null,"render_height_m":9.6,"height_label":"assumed"}},{"type":"Feature","geometry":{"type":"Polygon","coordinates":[[[78.317898,17.476982],[78.317831,17.476974],[78.31785,17.476838],[78.317917,17.476847],[78.317898,17.476982]]]},"properties":{"id":"12845e2d3a5d","height":null,"num_floors":null,"render_height_m":9.6,"height_label":"assumed"}},{"type":"Feature","geometry":{"type":"Polygon","coordinates":[[[78.317733,17.47692],[78.317762,17.476921],[78.31776,17.476952],[78.317732,17.476951],[78.317733,17.47692]]]},"properties":{"id":"bc5a740f92b3","height":null,"num_floors":null,"render_height_m":6.4,"height_label":"assumed"}},{"type":"Feature","geometry":{"type":"Polygon","coordinates":[[[78.31801,17.476816],[78.317906,17.476803],[78.317918,17.47672],[78.318022,17.476733],[78.31801,17.476816]]]},"properties":{"id":"7bf45ae82d86","height":null,"num_floors":null,"render_height_m":9.6,"height_label":"assumed"}},{"type":"Feature","geometry":{"type":"Polygon","coordinates":[[[78.318108,17.47684],[78.31802,17.476828],[78.318033,17.476732],[78.318122,17.476743],[78.318108,17.47684]]]},"properties":{"id":"ded1ffa678ca","height":null,"num_floors":null,"render_height_m":9.6,"height_label":"assumed"}},{"type":"Feature","geometry":{"type":"Polygon","coordinates":[[[78.318082,17.476996],[78.318012,17.476987],[78.318029,17.476865],[78.3181,17.476874],[78.318082,17.476996]]]},"properties":{"id":"9e62f7b2f81b","height":null,"num_floors":null,"render_height_m":9.6,"height_label":"assumed"}},{"type":"Feature","geometry":{"type":"Polygon","coordinates":[[[78.318185,17.47701],[78.318107,17.477],[78.318124,17.476881],[78.318202,17.476891],[78.318185,17.47701]]]},"properties":{"id":"5222ad1888b2","height":null,"num_floors":null,"render_height_m":9.6,"height_label":"assumed"}},{"type":"Feature","geometry":{"type":"Polygon","coordinates":[[[78.318303,17.477022],[78.318206,17.477009],[78.318221,17.476903],[78.318318,17.476915],[78.318303,17.477022]]]},"properties":{"id":"aca4ecd9bc6b","height":null,"num_floors":null,"render_height_m":9.6,"height_label":"assumed"}},{"type":"Feature","geometry":{"type":"Polygon","coordinates":[[[78.318301,17.476887],[78.31821,17.476876],[78.318228,17.476751],[78.318319,17.476762],[78.318301,17.476887]]]},"properties":{"id":"31a9abb5c398","height":null,"num_floors":null,"render_height_m":9.6,"height_label":"assumed"}},{"type":"Feature","geometry":{"type":"Polygon","coordinates":[[[78.318197,17.476871],[78.318131,17.476862],[78.318145,17.476765],[78.318211,17.476774],[78.318197,17.476871]]]},"properties":{"id":"6bd37c69c745","height":null,"num_floors":null,"render_height_m":6.4,"height_label":"assumed"}},{"type":"Feature","geometry":{"type":"Polygon","coordinates":[[[78.318403,17.476903],[78.318319,17.476892],[78.318328,17.476823],[78.318413,17.476834],[78.318403,17.476903]]]},"properties":{"id":"ffebbc6cf44c","height":null,"num_floors":null,"render_height_m":6.4,"height_label":"assumed"}},{"type":"Feature","geometry":{"type":"Polygon","coordinates":[[[78.318412,17.476995],[78.318326,17.476984],[78.318335,17.476921],[78.318421,17.476932],[78.318412,17.476995]]]},"properties":{"id":"e40902bc2cda","height":null,"num_floors":null,"render_height_m":6.4,"height_label":"assumed"}},{"type":"Feature","geometry":{"type":"Polygon","coordinates":[[[78.3185,17.476929],[78.318428,17.476919],[78.318441,17.476826],[78.318513,17.476835],[78.3185,17.476929]]]},"properties":{"id":"8e6311d6154e","height":null,"num_floors":null,"render_height_m":9.6,"height_label":"assumed"}},{"type":"Feature","geometry":{"type":"Polygon","coordinates":[[[78.318763,17.476843],[78.318649,17.476828],[78.318658,17.476766],[78.318772,17.476781],[78.318763,17.476843]]]},"properties":{"id":"08a351898103","height":null,"num_floors":null,"render_height_m":9.6,"height_label":"assumed"}},{"type":"Feature","geometry":{"type":"Polygon","coordinates":[[[78.318792,17.476767],[78.318679,17.476753],[78.318689,17.476681],[78.318803,17.476695],[78.318792,17.476767]]]},"properties":{"id":"6f1981e600db","height":null,"num_floors":null,"render_height_m":9.6,"height_label":"assumed"}},{"type":"Feature","geometry":{"type":"Polygon","coordinates":[[[78.318922,17.476868],[78.318784,17.47685],[78.318795,17.476773],[78.318933,17.476791],[78.318922,17.476868]]]},"properties":{"id":"5d242eb8dc3d","height":null,"num_floors":null,"render_height_m":9.6,"height_label":"assumed"}},{"type":"Feature","geometry":{"type":"Polygon","coordinates":[[[78.318896,17.476937],[78.318772,17.476921],[78.31878,17.476861],[78.318904,17.476877],[78.318896,17.476937]]]},"properties":{"id":"b6e8ee6698b2","height":null,"num_floors":null,"render_height_m":9.6,"height_label":"assumed"}},{"type":"Feature","geometry":{"type":"Polygon","coordinates":[[[78.318881,17.477025],[78.318761,17.47701],[78.318772,17.476932],[78.318892,17.476947],[78.318881,17.477025]]]},"properties":{"id":"3b8c2f2d259f","height":null,"num_floors":null,"render_height_m":9.6,"height_label":"assumed"}},{"type":"Feature","geometry":{"type":"Polygon","coordinates":[[[78.318745,17.476908],[78.318647,17.476895],[78.318655,17.476842],[78.318753,17.476854],[78.318745,17.476908]]]},"properties":{"id":"fed8679ab85b","height":null,"num_floors":null,"render_height_m":6.4,"height_label":"assumed"}},{"type":"Feature","geometry":{"type":"Polygon","coordinates":[[[78.318741,17.476986],[78.318625,17.476972],[78.318635,17.476905],[78.31875,17.47692],[78.318741,17.476986]]]},"properties":{"id":"fd8fc7c182fb","height":null,"num_floors":null,"render_height_m":9.6,"height_label":"assumed"}},{"type":"Feature","geometry":{"type":"Polygon","coordinates":[[[78.318734,17.477094],[78.318612,17.477078],[78.318624,17.47699],[78.318746,17.477006],[78.318734,17.477094]]]},"properties":{"id":"f4cf9a8bfc3a","height":null,"num_floors":null,"render_height_m":9.6,"height_label":"assumed"}},{"type":"Feature","geometry":{"type":"Polygon","coordinates":[[[78.318717,17.477163],[78.318586,17.477146],[78.318593,17.477096],[78.318724,17.477113],[78.318717,17.477163]]]},"properties":{"id":"ba8db389c17c","height":null,"num_floors":null,"render_height_m":6.4,"height_label":"assumed"}},{"type":"Feature","geometry":{"type":"Polygon","coordinates":[[[78.318857,17.477108],[78.318744,17.477093],[78.318754,17.477024],[78.318867,17.477039],[78.318857,17.477108]]]},"properties":{"id":"55cbe268d8f2","height":null,"num_floors":null,"render_height_m":9.6,"height_label":"assumed"}},{"type":"Feature","geometry":{"type":"Polygon","coordinates":[[[78.318823,17.477182],[78.318733,17.47717],[78.318741,17.477114],[78.318831,17.477125],[78.318823,17.477182]]]},"properties":{"id":"834fbb62dd9c","height":null,"num_floors":null,"render_height_m":6.4,"height_label":"assumed"}},{"type":"Feature","geometry":{"type":"Polygon","coordinates":[[[78.318833,17.477258],[78.318721,17.477243],[78.31873,17.47718],[78.318842,17.477194],[78.318833,17.477258]]]},"properties":{"id":"46e8536a4b87","height":null,"num_floors":null,"render_height_m":9.6,"height_label":"assumed"}},{"type":"Feature","geometry":{"type":"Polygon","coordinates":[[[78.318699,17.477229],[78.318591,17.477215],[78.318599,17.477162],[78.318707,17.477176],[78.318699,17.477229]]]},"properties":{"id":"31182e0e8cb9","height":null,"num_floors":null,"render_height_m":6.4,"height_label":"assumed"}},{"type":"Feature","geometry":{"type":"Polygon","coordinates":[[[78.318393,17.477052],[78.318308,17.477041],[78.318315,17.47699],[78.3184,17.477001],[78.318393,17.477052]]]},"properties":{"id":"1d0a713b36e4","height":null,"num_floors":null,"render_height_m":6.4,"height_label":"assumed"}},{"type":"Feature","geometry":{"type":"Polygon","coordinates":[[[78.318442,17.477282],[78.318305,17.477265],[78.318326,17.477117],[78.318463,17.477135],[78.318442,17.477282]]]},"properties":{"id":"77fdf0da4358","height":null,"num_floors":null,"render_height_m":9.6,"height_label":"assumed"}},{"type":"Feature","geometry":{"type":"Polygon","coordinates":[[[78.318647,17.477506],[78.318536,17.477492],[78.318547,17.477417],[78.318658,17.477432],[78.318647,17.477506]]]},"properties":{"id":"23ba4fa57ca6","height":null,"num_floors":null,"render_height_m":9.6,"height_label":"assumed"}},{"type":"Feature","geometry":{"type":"Polygon","coordinates":[[[78.318377,17.477713],[78.318279,17.4777],[78.31829,17.477623],[78.318388,17.477636],[78.318377,17.477713]]]},"properties":{"id":"7455336e6ef8","height":null,"num_floors":null,"render_height_m":9.6,"height_label":"assumed"}},{"type":"Feature","geometry":{"type":"Polygon","coordinates":[[[78.318359,17.477828],[78.318263,17.477816],[78.318276,17.477724],[78.318372,17.477736],[78.318359,17.477828]]]},"properties":{"id":"166281b2afa9","height":null,"num_floors":null,"render_height_m":9.6,"height_label":"assumed"}},{"type":"Feature","geometry":{"type":"Polygon","coordinates":[[[78.318527,17.477918],[78.318432,17.477905],[78.31845,17.477778],[78.318545,17.47779],[78.318527,17.477918]]]},"properties":{"id":"2166bd92e176","height":null,"num_floors":null,"render_height_m":9.6,"height_label":"assumed"}},{"type":"Feature","geometry":{"type":"Polygon","coordinates":[[[78.318685,17.477676],[78.318735,17.477685],[78.318731,17.477705],[78.318681,17.477696],[78.318685,17.477676]]]},"properties":{"id":"74d0105341be","height":null,"num_floors":null,"render_height_m":6.4,"height_label":"assumed"}},{"type":"Feature","geometry":{"type":"Polygon","coordinates":[[[78.318716,17.477822],[78.318633,17.477811],[78.318647,17.477713],[78.31873,17.477724],[78.318716,17.477822]]]},"properties":{"id":"ab746860f086","height":null,"num_floors":null,"render_height_m":9.6,"height_label":"assumed"}},{"type":"Feature","geometry":{"type":"Polygon","coordinates":[[[78.318794,17.477832],[78.318722,17.477823],[78.318737,17.477716],[78.318809,17.477725],[78.318794,17.477832]]]},"properties":{"id":"5319df5bb982","height":null,"num_floors":null,"render_height_m":9.6,"height_label":"assumed"}},{"type":"Feature","geometry":{"type":"Polygon","coordinates":[[[78.318886,17.477853],[78.318804,17.477843],[78.318822,17.477715],[78.318904,17.477726],[78.318886,17.477853]]]},"properties":{"id":"2a7c89b2cce8","height":null,"num_floors":null,"render_height_m":9.6,"height_label":"assumed"}},{"type":"Feature","geometry":{"type":"Polygon","coordinates":[[[78.318785,17.477546],[78.31866,17.477531],[78.318673,17.477441],[78.318798,17.477457],[78.318785,17.477546]]]},"properties":{"id":"dd5067b393b1","height":null,"num_floors":null,"render_height_m":9.6,"height_label":"assumed"}},{"type":"Feature","geometry":{"type":"Polygon","coordinates":[[[78.318796,17.477447],[78.318686,17.477433],[78.318697,17.477356],[78.318806,17.47737],[78.318796,17.477447]]]},"properties":{"id":"01ba204e938f","height":null,"num_floors":null,"render_height_m":9.6,"height_label":"assumed"}},{"type":"Feature","geometry":{"type":"Polygon","coordinates":[[[78.318677,17.477414],[78.318558,17.477399],[78.318568,17.477329],[78.318686,17.477345],[78.318677,17.477414]]]},"properties":{"id":"1da2a7560859","height":null,"num_floors":null,"render_height_m":9.6,"height_label":"assumed"}},{"type":"Feature","geometry":{"type":"Polygon","coordinates":[[[78.318694,17.477327],[78.318572,17.477311],[78.318583,17.477234],[78.318705,17.47725],[78.318694,17.477327]]]},"properties":{"id":"182ef06c82db","height":null,"num_floors":null,"render_height_m":9.6,"height_label":"assumed"}},{"type":"Feature","geometry":{"type":"Polygon","coordinates":[[[78.318818,17.477347],[78.318706,17.477333],[78.318716,17.47726],[78.318828,17.477274],[78.318818,17.477347]]]},"properties":{"id":"f999838bfeeb","height":null,"num_floors":null,"render_height_m":9.6,"height_label":"assumed"}},{"type":"Feature","geometry":{"type":"Polygon","coordinates":[[[78.319149,17.477192],[78.319236,17.477206],[78.319205,17.477379],[78.319118,17.477364],[78.319149,17.477192]]]},"properties":{"id":"3fe6ba0255df","height":null,"num_floors":null,"render_height_m":9.6,"height_label":"assumed"}},{"type":"Feature","geometry":{"type":"Polygon","coordinates":[[[78.318972,17.477383],[78.319091,17.477403],[78.319073,17.477508],[78.318954,17.477488],[78.318972,17.477383]]]},"properties":{"id":"2c7177b224ca","height":null,"num_floors":null,"render_height_m":9.6,"height_label":"assumed"}},{"type":"Feature","geometry":{"type":"Polygon","coordinates":[[[78.318971,17.477857],[78.318894,17.477847],[78.318908,17.477754],[78.318984,17.477764],[78.318971,17.477857]]]},"properties":{"id":"bc263c24aeff","height":null,"num_floors":null,"render_height_m":9.6,"height_label":"assumed"}},{"type":"Feature","geometry":{"type":"Polygon","coordinates":[[[78.319056,17.477864],[78.318987,17.477855],[78.319002,17.477751],[78.319071,17.47776],[78.319056,17.477864]]]},"properties":{"id":"43462504dcf9","height":null,"num_floors":null,"render_height_m":9.6,"height_label":"assumed"}},{"type":"Feature","geometry":{"type":"Polygon","coordinates":[[[78.319042,17.477715],[78.31912,17.477721],[78.319117,17.477752],[78.319039,17.477746],[78.319042,17.477715]]]},"properties":{"id":"e50e078b2890","height":null,"num_floors":null,"render_height_m":6.4,"height_label":"assumed"}},{"type":"Feature","geometry":{"type":"Polygon","coordinates":[[[78.319165,17.477903],[78.319059,17.47789],[78.319078,17.477762],[78.319183,17.477775],[78.319165,17.477903]]]},"properties":{"id":"d27ccb7cf672","height":null,"num_floors":null,"render_height_m":9.6,"height_label":"assumed"}},{"type":"Feature","geometry":{"type":"Polygon","coordinates":[[[78.319189,17.477747],[78.31924,17.477753],[78.319235,17.477786],[78.319184,17.47778],[78.319189,17.477747]]]},"properties":{"id":"222ccaf9a513","height":null,"num_floors":null,"render_height_m":6.4,"height_label":"assumed"}},{"type":"Feature","geometry":{"type":"Polygon","coordinates":[[[78.319241,17.477774],[78.319266,17.477746],[78.319313,17.477785],[78.319264,17.477792],[78.319241,17.477774]]]},"properties":{"id":"febdd7b3f2ad","height":null,"num_floors":null,"render_height_m":6.4,"height_label":"assumed"}},{"type":"Feature","geometry":{"type":"Polygon","coordinates":[[[78.319348,17.47744],[78.319429,17.47745],[78.319404,17.477631],[78.319323,17.477621],[78.319348,17.47744]]]},"properties":{"id":"1a565cdab8d7","height":null,"num_floors":null,"render_height_m":9.6,"height_label":"assumed"}},{"type":"Feature","geometry":{"type":"Polygon","coordinates":[[[78.319332,17.477278],[78.319397,17.477285],[78.31939,17.477339],[78.319326,17.477332],[78.319332,17.477278]]]},"properties":{"id":"353c82e2498b","height":null,"num_floors":null,"render_height_m":6.4,"height_label":"assumed"}},{"type":"Feature","geometry":{"type":"Polygon","coordinates":[[[78.319395,17.477385],[78.31943,17.477391],[78.319421,17.477446],[78.319385,17.47744],[78.319395,17.477385]]]},"properties":{"id":"2c0e172538b3","height":null,"num_floors":null,"render_height_m":6.4,"height_label":"assumed"}},{"type":"Feature","geometry":{"type":"Polygon","coordinates":[[[78.319342,17.477198],[78.319406,17.477206],[78.319397,17.477285],[78.319332,17.477278],[78.319342,17.477198]]]},"properties":{"id":"df29f9c054d2","height":null,"num_floors":null,"render_height_m":6.4,"height_label":"assumed"}},{"type":"Feature","geometry":{"type":"Polygon","coordinates":[[[78.319001,17.47715],[78.319115,17.477172],[78.319097,17.477263],[78.318982,17.477241],[78.319001,17.47715]]]},"properties":{"id":"31d8f8f10d0b","height":null,"num_floors":null,"render_height_m":9.6,"height_label":"assumed"}},{"type":"Feature","geometry":{"type":"Polygon","coordinates":[[[78.319057,17.477142],[78.318946,17.477128],[78.318956,17.477052],[78.319068,17.477066],[78.319057,17.477142]]]},"properties":{"id":"36bb34a8d25f","height":null,"num_floors":null,"render_height_m":9.6,"height_label":"assumed"}},{"type":"Feature","geometry":{"type":"Polygon","coordinates":[[[78.319084,17.477051],[78.318968,17.477036],[78.318977,17.476973],[78.319093,17.476988],[78.319084,17.477051]]]},"properties":{"id":"f58a7b1ec9df","height":null,"num_floors":null,"render_height_m":9.6,"height_label":"assumed"}},{"type":"Feature","geometry":{"type":"Polygon","coordinates":[[[78.31919,17.477154],[78.319082,17.47714],[78.319089,17.477086],[78.319198,17.4771],[78.31919,17.477154]]]},"properties":{"id":"44357fc582af","height":null,"num_floors":null,"render_height_m":6.4,"height_label":"assumed"}},{"type":"Feature","geometry":{"type":"Polygon","coordinates":[[[78.319206,17.477089],[78.319097,17.477075],[78.319107,17.477],[78.319216,17.477014],[78.319206,17.477089]]]},"properties":{"id":"b880b1b2a356","height":null,"num_floors":null,"render_height_m":9.6,"height_label":"assumed"}},{"type":"Feature","geometry":{"type":"Polygon","coordinates":[[[78.319222,17.477006],[78.319115,17.476993],[78.319126,17.476915],[78.319233,17.476929],[78.319222,17.477006]]]},"properties":{"id":"05d96bfd7ef5","height":null,"num_floors":null,"render_height_m":9.6,"height_label":"assumed"}},{"type":"Feature","geometry":{"type":"Polygon","coordinates":[[[78.319238,17.476917],[78.319135,17.476903],[78.319145,17.47683],[78.319248,17.476843],[78.319238,17.476917]]]},"properties":{"id":"95bd1c7a958e","height":null,"num_floors":null,"render_height_m":9.6,"height_label":"assumed"}},{"type":"Feature","geometry":{"type":"Polygon","coordinates":[[[78.319079,17.476968],[78.318979,17.476955],[78.31899,17.476881],[78.319089,17.476894],[78.319079,17.476968]]]},"properties":{"id":"57981c0714d2","height":null,"num_floors":null,"render_height_m":9.6,"height_label":"assumed"}},{"type":"Feature","geometry":{"type":"Polygon","coordinates":[[[78.319083,17.476876],[78.318996,17.476865],[78.319006,17.476799],[78.319092,17.47681],[78.319083,17.476876]]]},"properties":{"id":"a60f548162f6","height":null,"num_floors":null,"render_height_m":6.4,"height_label":"assumed"}},{"type":"Feature","geometry":{"type":"Polygon","coordinates":[[[78.319508,17.476903],[78.319372,17.476886],[78.319385,17.476796],[78.31952,17.476813],[78.319508,17.476903]]]},"properties":{"id":"34d8bdbac258","height":null,"num_floors":null,"render_height_m":9.6,"height_label":"assumed"}},{"type":"Feature","geometry":{"type":"Polygon","coordinates":[[[78.319485,17.477024],[78.319349,17.477007],[78.319363,17.476909],[78.319499,17.476926],[78.319485,17.477024]]]},"properties":{"id":"b93e371615ed","height":null,"num_floors":null,"render_height_m":9.6,"height_label":"assumed"}},{"type":"Feature","geometry":{"type":"Polygon","coordinates":[[[78.31954,17.476728],[78.319412,17.476712],[78.319427,17.476607],[78.319555,17.476623],[78.31954,17.476728]]]},"properties":{"id":"800104aa7cdf","height":null,"num_floors":null,"render_height_m":9.6,"height_label":"assumed"}},{"type":"Feature","geometry":{"type":"Polygon","coordinates":[[[78.319552,17.4766],[78.319447,17.476587],[78.319457,17.476517],[78.319562,17.47653],[78.319552,17.4766]]]},"properties":{"id":"e915ac78d6ed","height":null,"num_floors":null,"render_height_m":9.6,"height_label":"assumed"}},{"type":"Feature","geometry":{"type":"Polygon","coordinates":[[[78.319579,17.476519],[78.319441,17.476502],[78.319453,17.476418],[78.319591,17.476436],[78.319579,17.476519]]]},"properties":{"id":"db6bcdba64e1","height":null,"num_floors":null,"render_height_m":9.6,"height_label":"assumed"}},{"type":"Feature","geometry":{"type":"Polygon","coordinates":[[[78.319044,17.476353],[78.319129,17.476363],[78.319122,17.476412],[78.319037,17.476401],[78.319044,17.476353]]]},"properties":{"id":"57b32131204f","height":null,"num_floors":null,"render_height_m":6.4,"height_label":"assumed"}},{"type":"Feature","geometry":{"type":"Polygon","coordinates":[[[78.318923,17.476766],[78.318813,17.476752],[78.318833,17.47661],[78.318943,17.476624],[78.318923,17.476766]]]},"properties":{"id":"8a0a40b5ce07","height":null,"num_floors":null,"render_height_m":9.6,"height_label":"assumed"}},{"type":"Feature","geometry":{"type":"Polygon","coordinates":[[[78.318953,17.476615],[78.318831,17.476599],[78.318842,17.476522],[78.318964,17.476537],[78.318953,17.476615]]]},"properties":{"id":"312756d90b8e","height":null,"num_floors":null,"render_height_m":9.6,"height_label":"assumed"}},{"type":"Feature","geometry":{"type":"Polygon","coordinates":[[[78.318815,17.476583],[78.318697,17.476568],[78.318707,17.476501],[78.318824,17.476516],[78.318815,17.476583]]]},"properties":{"id":"d8bccc2c98da","height":null,"num_floors":null,"render_height_m":9.6,"height_label":"assumed"}},{"type":"Feature","geometry":{"type":"Polygon","coordinates":[[[78.318803,17.476665],[78.318687,17.47665],[78.318697,17.476582],[78.318813,17.476597],[78.318803,17.476665]]]},"properties":{"id":"9fb42d2dc40e","height":null,"num_floors":null,"render_height_m":9.6,"height_label":"assumed"}},{"type":"Feature","geometry":{"type":"Polygon","coordinates":[[[78.318596,17.476645],[78.318466,17.476629],[78.318476,17.476564],[78.318605,17.476581],[78.318596,17.476645]]]},"properties":{"id":"f563b7b0a44d","height":null,"num_floors":null,"render_height_m":9.6,"height_label":"assumed"}},{"type":"Feature","geometry":{"type":"Polygon","coordinates":[[[78.318581,17.476717],[78.318461,17.476701],[78.31847,17.476638],[78.31859,17.476653],[78.318581,17.476717]]]},"properties":{"id":"36987940dca5","height":null,"num_floors":null,"render_height_m":9.6,"height_label":"assumed"}},{"type":"Feature","geometry":{"type":"Polygon","coordinates":[[[78.318442,17.476688],[78.318339,17.476675],[78.318353,17.476575],[78.318456,17.476589],[78.318442,17.476688]]]},"properties":{"id":"89ce9b5b6be4","height":null,"num_floors":null,"render_height_m":9.6,"height_label":"assumed"}},{"type":"Feature","geometry":{"type":"Polygon","coordinates":[[[78.318356,17.476495],[78.318285,17.476485],[78.318307,17.476332],[78.318377,17.476341],[78.318356,17.476495]]]},"properties":{"id":"d268b305246c","height":null,"num_floors":null,"render_height_m":9.6,"height_label":"assumed"}},{"type":"Feature","geometry":{"type":"Polygon","coordinates":[[[78.318446,17.476512],[78.318365,17.476502],[78.318386,17.476351],[78.318467,17.476362],[78.318446,17.476512]]]},"properties":{"id":"d2f7aefb86c1","height":null,"num_floors":null,"render_height_m":9.6,"height_label":"assumed"}},{"type":"Feature","geometry":{"type":"Polygon","coordinates":[[[78.318612,17.476565],[78.318495,17.47655],[78.318505,17.476479],[78.318622,17.476494],[78.318612,17.476565]]]},"properties":{"id":"62ad4c8c7dda","height":null,"num_floors":null,"render_height_m":9.6,"height_label":"assumed"}},{"type":"Feature","geometry":{"type":"Polygon","coordinates":[[[78.318637,17.47648],[78.318516,17.476464],[78.318526,17.476393],[78.318647,17.476409],[78.318637,17.47648]]]},"properties":{"id":"6bffe9e974e6","height":null,"num_floors":null,"render_height_m":9.6,"height_label":"assumed"}},{"type":"Feature","geometry":{"type":"Polygon","coordinates":[[[78.318419,17.475709],[78.318266,17.475689],[78.318297,17.475468],[78.318449,17.475488],[78.318419,17.475709]]]},"properties":{"id":"89324deaa6e6","height":null,"num_floors":null,"render_height_m":12.8,"height_label":"assumed"}},{"type":"Feature","geometry":{"type":"Polygon","coordinates":[[[78.318507,17.475722],[78.318438,17.475713],[78.318453,17.475605],[78.318522,17.475614],[78.318507,17.475722]]]},"properties":{"id":"f5bf295749fb","height":null,"num_floors":null,"render_height_m":9.6,"height_label":"assumed"}},{"type":"Feature","geometry":{"type":"Polygon","coordinates":[[[78.318588,17.475734],[78.318517,17.475725],[78.318532,17.475621],[78.318602,17.47563],[78.318588,17.475734]]]},"properties":{"id":"651eb2e35cf3","height":null,"num_floors":null,"render_height_m":9.6,"height_label":"assumed"}},{"type":"Feature","geometry":{"type":"Polygon","coordinates":[[[78.318619,17.475613],[78.318543,17.475603],[78.318558,17.475494],[78.318635,17.475504],[78.318619,17.475613]]]},"properties":{"id":"eef223427caa","height":null,"num_floors":null,"render_height_m":9.6,"height_label":"assumed"}},{"type":"Feature","geometry":{"type":"Polygon","coordinates":[[[78.318695,17.47563],[78.318629,17.475621],[78.318644,17.47551],[78.318711,17.475518],[78.318695,17.47563]]]},"properties":{"id":"471b164d3b0b","height":null,"num_floors":null,"render_height_m":9.6,"height_label":"assumed"}},{"type":"Feature","geometry":{"type":"Polygon","coordinates":[[[78.318775,17.475639],[78.318713,17.475631],[78.318729,17.475523],[78.318789,17.475531],[78.318775,17.475639]]]},"properties":{"id":"bf1d57e6e061","height":null,"num_floors":null,"render_height_m":6.4,"height_label":"assumed"}},{"type":"Feature","geometry":{"type":"Polygon","coordinates":[[[78.318678,17.47577],[78.318605,17.475761],[78.31862,17.475652],[78.318693,17.475662],[78.318678,17.47577]]]},"properties":{"id":"7006aa2ea3b1","height":null,"num_floors":null,"render_height_m":9.6,"height_label":"assumed"}},{"type":"Feature","geometry":{"type":"Polygon","coordinates":[[[78.318752,17.475796],[78.318682,17.475787],[78.318699,17.475666],[78.318769,17.475675],[78.318752,17.475796]]]},"properties":{"id":"ea7a2c345207","height":null,"num_floors":null,"render_height_m":9.6,"height_label":"assumed"}},{"type":"Feature","geometry":{"type":"Polygon","coordinates":[[[78.318841,17.475821],[78.318767,17.475811],[78.318786,17.475679],[78.31886,17.475688],[78.318841,17.475821]]]},"properties":{"id":"a27a58dc4ace","height":null,"num_floors":null,"render_height_m":9.6,"height_label":"assumed"}},{"type":"Feature","geometry":{"type":"Polygon","coordinates":[[[78.318938,17.475833],[78.318856,17.475823],[78.318874,17.475692],[78.318957,17.475702],[78.318938,17.475833]]]},"properties":{"id":"4ed822e11b1b","height":null,"num_floors":null,"render_height_m":9.6,"height_label":"assumed"}},{"type":"Feature","geometry":{"type":"Polygon","coordinates":[[[78.318872,17.475668],[78.318787,17.475657],[78.318805,17.475526],[78.31889,17.475536],[78.318872,17.475668]]]},"properties":{"id":"4c9a7d5ba88d","height":null,"num_floors":null,"render_height_m":9.6,"height_label":"assumed"}},{"type":"Feature","geometry":{"type":"Polygon","coordinates":[[[78.318973,17.475686],[78.318888,17.475675],[78.318903,17.475568],[78.318988,17.475579],[78.318973,17.475686]]]},"properties":{"id":"55d2f91ee644","height":null,"num_floors":null,"render_height_m":9.6,"height_label":"assumed"}},{"type":"Feature","geometry":{"type":"Polygon","coordinates":[[[78.319087,17.47572],[78.318984,17.475707],[78.319003,17.475573],[78.319106,17.475586],[78.319087,17.47572]]]},"properties":{"id":"c6571c2ca725","height":null,"num_floors":null,"render_height_m":9.6,"height_label":"assumed"}},{"type":"Feature","geometry":{"type":"Polygon","coordinates":[[[78.319284,17.475891],[78.319122,17.475871],[78.319136,17.475771],[78.319298,17.475791],[78.319284,17.475891]]]},"properties":{"id":"dea23e06cf46","height":null,"num_floors":null,"render_height_m":9.6,"height_label":"assumed"}},{"type":"Feature","geometry":{"type":"Polygon","coordinates":[[[78.319053,17.475842],[78.31895,17.475829],[78.318966,17.475716],[78.319068,17.475729],[78.319053,17.475842]]]},"properties":{"id":"e93ff085ffd0","height":null,"num_floors":null,"render_height_m":9.6,"height_label":"assumed"}},{"type":"Feature","geometry":{"type":"Polygon","coordinates":[[[78.319299,17.475739],[78.319175,17.475724],[78.319193,17.475596],[78.319317,17.475612],[78.319299,17.475739]]]},"properties":{"id":"5fd6f055b6e9","height":null,"num_floors":null,"render_height_m":9.6,"height_label":"assumed"}},{"type":"Feature","geometry":{"type":"Polygon","coordinates":[[[78.31952,17.47562],[78.319348,17.475598],[78.319358,17.47553],[78.319529,17.475551],[78.31952,17.47562]]]},"properties":{"id":"c43a2c4a3c27","height":null,"num_floors":null,"render_height_m":9.6,"height_label":"assumed"}},{"type":"Feature","geometry":{"type":"Polygon","coordinates":[[[78.319476,17.47574],[78.319316,17.47572],[78.319331,17.475615],[78.31949,17.475635],[78.319476,17.47574]]]},"properties":{"id":"1dcc111c220c","height":null,"num_floors":null,"render_height_m":9.6,"height_label":"assumed"}},{"type":"Feature","geometry":{"type":"Polygon","coordinates":[[[78.319707,17.475816],[78.319592,17.475801],[78.319599,17.475749],[78.319714,17.475763],[78.319707,17.475816]]]},"properties":{"id":"f2e623488aaf","height":null,"num_floors":null,"render_height_m":6.4,"height_label":"assumed"}},{"type":"Feature","geometry":{"type":"Polygon","coordinates":[[[78.319805,17.475822],[78.319735,17.475813],[78.319742,17.475759],[78.319813,17.475768],[78.319805,17.475822]]]},"properties":{"id":"2650f6a90da3","height":null,"num_floors":null,"render_height_m":6.4,"height_label":"assumed"}},{"type":"Feature","geometry":{"type":"Polygon","coordinates":[[[78.320102,17.475813],[78.319966,17.475796],[78.319978,17.475706],[78.320115,17.475724],[78.320102,17.475813]]]},"properties":{"id":"cab8d1f9f3ab","height":null,"num_floors":null,"render_height_m":9.6,"height_label":"assumed"}},{"type":"Feature","geometry":{"type":"Polygon","coordinates":[[[78.320089,17.475903],[78.319952,17.475885],[78.319963,17.475807],[78.3201,17.475824],[78.320089,17.475903]]]},"properties":{"id":"b8a078b51fad","height":null,"num_floors":null,"render_height_m":9.6,"height_label":"assumed"}},{"type":"Feature","geometry":{"type":"Polygon","coordinates":[[[78.320057,17.475988],[78.319956,17.475975],[78.319965,17.475909],[78.320066,17.475922],[78.320057,17.475988]]]},"properties":{"id":"6bbcb5f6520d","height":null,"num_floors":null,"render_height_m":9.6,"height_label":"assumed"}},{"type":"Feature","geometry":{"type":"Polygon","coordinates":[[[78.320157,17.476114],[78.320061,17.476102],[78.320073,17.476019],[78.320168,17.476031],[78.320157,17.476114]]]},"properties":{"id":"d40810ca0485","height":12.8,"num_floors":4,"render_height_m":12.8,"height_label":"estimated"}},{"type":"Feature","geometry":{"type":"Polygon","coordinates":[[[78.320047,17.476093],[78.319913,17.476076],[78.319926,17.475984],[78.320059,17.476001],[78.320047,17.476093]]]},"properties":{"id":"39232b8b1ed8","height":null,"num_floors":null,"render_height_m":9.6,"height_label":"assumed"}},{"type":"Feature","geometry":{"type":"Polygon","coordinates":[[[78.319793,17.476108],[78.319684,17.476094],[78.319694,17.476017],[78.319804,17.476031],[78.319793,17.476108]]]},"properties":{"id":"bce017090aa3","height":null,"num_floors":null,"render_height_m":9.6,"height_label":"assumed"}},{"type":"Feature","geometry":{"type":"Polygon","coordinates":[[[78.319841,17.476019],[78.319698,17.476001],[78.31971,17.475917],[78.319853,17.475935],[78.319841,17.476019]]]},"properties":{"id":"5b510e71274e","height":null,"num_floors":null,"render_height_m":9.6,"height_label":"assumed"}},{"type":"Feature","geometry":{"type":"Polygon","coordinates":[[[78.319817,17.475915],[78.319714,17.475903],[78.319725,17.475826],[78.319827,17.475839],[78.319817,17.475915]]]},"properties":{"id":"0170da500d82","height":null,"num_floors":null,"render_height_m":9.6,"height_label":"assumed"}},{"type":"Feature","geometry":{"type":"Polygon","coordinates":[[[78.319675,17.475993],[78.319564,17.475979],[78.319575,17.475899],[78.319686,17.475914],[78.319675,17.475993]]]},"properties":{"id":"e316d30bd804","height":null,"num_floors":null,"render_height_m":9.6,"height_label":"assumed"}},{"type":"Feature","geometry":{"type":"Polygon","coordinates":[[[78.319695,17.47589],[78.319577,17.475875],[78.319585,17.475812],[78.319703,17.475827],[78.319695,17.47589]]]},"properties":{"id":"d1468bbd0eb3","height":null,"num_floors":null,"render_height_m":9.6,"height_label":"assumed"}},{"type":"Feature","geometry":{"type":"Polygon","coordinates":[[[78.319666,17.476097],[78.319566,17.476084],[78.319578,17.476004],[78.319677,17.476016],[78.319666,17.476097]]]},"properties":{"id":"03e5e139faff","height":null,"num_floors":null,"render_height_m":9.6,"height_label":"assumed"}},{"type":"Feature","geometry":{"type":"Polygon","coordinates":[[[78.319663,17.476216],[78.319514,17.476197],[78.319528,17.476094],[78.319677,17.476113],[78.319663,17.476216]]]},"properties":{"id":"b62415a734a1","height":null,"num_floors":null,"render_height_m":9.6,"height_label":"assumed"}},{"type":"Feature","geometry":{"type":"Polygon","coordinates":[[[78.319803,17.476247],[78.319673,17.476231],[78.319689,17.476119],[78.319819,17.476135],[78.319803,17.476247]]]},"properties":{"id":"f3fcf0b80662","height":null,"num_floors":null,"render_height_m":9.6,"height_label":"assumed"}},{"type":"Feature","geometry":{"type":"Polygon","coordinates":[[[78.319777,17.476314],[78.319807,17.476317],[78.319819,17.476391],[78.319817,17.476402],[78.319794,17.4764],[78.319774,17.476333],[78.319777,17.476314]]]},"properties":{"id":"f04f047c9aec","height":null,"num_floors":null,"render_height_m":6.4,"height_label":"assumed"}},{"type":"Feature","geometry":{"type":"Polygon","coordinates":[[[78.319681,17.476595],[78.319579,17.476582],[78.319589,17.476504],[78.319692,17.476517],[78.319681,17.476595]]]},"properties":{"id":"0ba95078e027","height":null,"num_floors":null,"render_height_m":9.6,"height_label":"assumed"}},{"type":"Feature","geometry":{"type":"Polygon","coordinates":[[[78.320027,17.476201],[78.319898,17.476185],[78.319912,17.476086],[78.320041,17.476102],[78.320027,17.476201]]]},"properties":{"id":"08259523a732","height":null,"num_floors":null,"render_height_m":9.6,"height_label":"assumed"}},{"type":"Feature","geometry":{"type":"Polygon","coordinates":[[[78.320385,17.476331],[78.320395,17.476358],[78.320323,17.476383],[78.320312,17.476356],[78.320385,17.476331]]]},"properties":{"id":"fa292fc31284","height":null,"num_floors":null,"render_height_m":6.4,"height_label":"assumed"}},{"type":"Feature","geometry":{"type":"Polygon","coordinates":[[[78.320221,17.476419],[78.320228,17.47644],[78.320129,17.476471],[78.320122,17.47645],[78.320221,17.476419]]]},"properties":{"id":"6d77b2148ebd","height":null,"num_floors":null,"render_height_m":6.4,"height_label":"assumed"}},{"type":"Feature","geometry":{"type":"Polygon","coordinates":[[[78.320275,17.476535],[78.32027,17.47667],[78.320155,17.476666],[78.32016,17.476531],[78.320275,17.476535]]]},"properties":{"id":"3e53ac603a69","height":null,"num_floors":null,"render_height_m":9.6,"height_label":"assumed"}},{"type":"Feature","geometry":{"type":"Polygon","coordinates":[[[78.320284,17.476553],[78.320358,17.476555],[78.32036,17.476517],[78.320392,17.476519],[78.32039,17.476575],[78.320414,17.476576],[78.320416,17.476519],[78.320512,17.476522],[78.320507,17.476655],[78.320412,17.476652],[78.320413,17.476617],[78.320282,17.476612],[78.320284,17.476553]]]},"properties":{"id":"0b65b08a7550","height":null,"num_floors":null,"render_height_m":9.6,"height_label":"assumed"}},{"type":"Feature","geometry":{"type":"Polygon","coordinates":[[[78.320586,17.476012],[78.320453,17.475996],[78.320463,17.475926],[78.320595,17.475943],[78.320586,17.476012]]]},"properties":{"id":"bae5dc5282be","height":null,"num_floors":null,"render_height_m":9.6,"height_label":"assumed"}},{"type":"Feature","geometry":{"type":"Polygon","coordinates":[[[78.320596,17.475929],[78.320472,17.475913],[78.320481,17.475844],[78.320606,17.475859],[78.320596,17.475929]]]},"properties":{"id":"ad3da8c17f05","height":null,"num_floors":null,"render_height_m":9.6,"height_label":"assumed"}},{"type":"Feature","geometry":{"type":"Polygon","coordinates":[[[78.320405,17.476086],[78.320291,17.476072],[78.320305,17.475975],[78.320418,17.475989],[78.320405,17.476086]]]},"properties":{"id":"ca96f9171c6f","height":null,"num_floors":null,"render_height_m":9.6,"height_label":"assumed"}},{"type":"Feature","geometry":{"type":"Polygon","coordinates":[[[78.320202,17.476028],[78.320075,17.476012],[78.320084,17.475946],[78.320212,17.475963],[78.320202,17.476028]]]},"properties":{"id":"7e4856861dbc","height":null,"num_floors":null,"render_height_m":9.6,"height_label":"assumed"}},{"type":"Feature","geometry":{"type":"Polygon","coordinates":[[[78.320216,17.475948],[78.320097,17.475933],[78.320108,17.475857],[78.320226,17.475872],[78.320216,17.475948]]]},"properties":{"id":"10ea7d3297fa","height":null,"num_floors":null,"render_height_m":9.6,"height_label":"assumed"}},{"type":"Feature","geometry":{"type":"Polygon","coordinates":[[[78.320449,17.475975],[78.320322,17.475959],[78.320332,17.475888],[78.320459,17.475904],[78.320449,17.475975]]]},"properties":{"id":"1dc6a43fd8f8","height":null,"num_floors":null,"render_height_m":9.6,"height_label":"assumed"}},{"type":"Feature","geometry":{"type":"Polygon","coordinates":[[[78.320465,17.47589],[78.320329,17.475873],[78.320343,17.475772],[78.320479,17.47579],[78.320465,17.47589]]]},"properties":{"id":"abdb46f2eab1","height":null,"num_floors":null,"render_height_m":9.6,"height_label":"assumed"}},{"type":"Feature","geometry":{"type":"Polygon","coordinates":[[[78.320451,17.475774],[78.320351,17.475761],[78.320367,17.475642],[78.320468,17.475655],[78.320451,17.475774]]]},"properties":{"id":"7bbabd5b7140","height":null,"num_floors":null,"render_height_m":9.6,"height_label":"assumed"}},{"type":"Feature","geometry":{"type":"Polygon","coordinates":[[[78.320204,17.475862],[78.320113,17.47585],[78.320125,17.475767],[78.320216,17.475778],[78.320204,17.475862]]]},"properties":{"id":"407d606f99c6","height":null,"num_floors":null,"render_height_m":9.6,"height_label":"assumed"}},{"type":"Feature","geometry":{"type":"Polygon","coordinates":[[[78.320222,17.475767],[78.320133,17.475756],[78.320145,17.475671],[78.320233,17.475682],[78.320222,17.475767]]]},"properties":{"id":"3ce7b6e113f5","height":null,"num_floors":null,"render_height_m":9.6,"height_label":"assumed"}},{"type":"Feature","geometry":{"type":"Polygon","coordinates":[[[78.320626,17.475738],[78.320527,17.475726],[78.320542,17.475618],[78.320641,17.475631],[78.320626,17.475738]]]},"properties":{"id":"5ab46be4bb16","height":null,"num_floors":null,"render_height_m":9.6,"height_label":"assumed"}},{"type":"Feature","geometry":{"type":"Polygon","coordinates":[[[78.320617,17.475851],[78.320497,17.475836],[78.320507,17.475763],[78.320627,17.475779],[78.320617,17.475851]]]},"properties":{"id":"2b99e060a0e8","height":null,"num_floors":null,"render_height_m":9.6,"height_label":"assumed"}},{"type":"Feature","geometry":{"type":"Polygon","coordinates":[[[78.320905,17.475813],[78.320811,17.475795],[78.320847,17.475633],[78.32094,17.475652],[78.320905,17.475813]]]},"properties":{"id":"cc74665b767e","height":null,"num_floors":null,"render_height_m":9.6,"height_label":"assumed"}},{"type":"Feature","geometry":{"type":"Polygon","coordinates":[[[78.32081,17.475782],[78.320722,17.475771],[78.320744,17.475612],[78.320832,17.475623],[78.32081,17.475782]]]},"properties":{"id":"559a32861fb6","height":null,"num_floors":null,"render_height_m":9.6,"height_label":"assumed"}},{"type":"Feature","geometry":{"type":"Polygon","coordinates":[[[78.320826,17.4758],[78.320896,17.475813],[78.32088,17.475892],[78.32081,17.47588],[78.320826,17.4758]]]},"properties":{"id":"5c25dff7be14","height":null,"num_floors":null,"render_height_m":6.4,"height_label":"assumed"}},{"type":"Feature","geometry":{"type":"Polygon","coordinates":[[[78.321238,17.475818],[78.32116,17.475809],[78.321191,17.475654],[78.321337,17.475681],[78.321315,17.475771],[78.321291,17.475813],[78.321238,17.475818]]]},"properties":{"id":"24fa476ea61e","height":null,"num_floors":null,"render_height_m":12.8,"height_label":"assumed"}},{"type":"Feature","geometry":{"type":"Polygon","coordinates":[[[78.321146,17.475835],[78.321068,17.475826],[78.321089,17.475677],[78.321167,17.475687],[78.321146,17.475835]]]},"properties":{"id":"5b1522e48c34","height":null,"num_floors":null,"render_height_m":9.6,"height_label":"assumed"}},{"type":"Feature","geometry":{"type":"Polygon","coordinates":[[[78.321409,17.475641],[78.321327,17.475631],[78.32134,17.475536],[78.321422,17.475546],[78.321409,17.475641]]]},"properties":{"id":"2e913c5771c8","height":null,"num_floors":null,"render_height_m":9.6,"height_label":"assumed"}},{"type":"Feature","geometry":{"type":"Polygon","coordinates":[[[78.321274,17.476662],[78.321332,17.476664],[78.321329,17.476737],[78.321272,17.476735],[78.321274,17.476662]]]},"properties":{"id":"c363b9317870","height":null,"num_floors":null,"render_height_m":6.4,"height_label":"assumed"}},{"type":"Feature","geometry":{"type":"Polygon","coordinates":[[[78.321316,17.476487],[78.321367,17.476488],[78.321366,17.476538],[78.321314,17.476537],[78.321316,17.476487]]]},"properties":{"id":"c092269d254c","height":null,"num_floors":null,"render_height_m":6.4,"height_label":"assumed"}},{"type":"Feature","geometry":{"type":"Polygon","coordinates":[[[78.321329,17.476433],[78.321273,17.476432],[78.321275,17.476258],[78.321331,17.476259],[78.321329,17.476433]]]},"properties":{"id":"b184207b27e6","height":null,"num_floors":null,"render_height_m":9.6,"height_label":"assumed"}},{"type":"Feature","geometry":{"type":"Polygon","coordinates":[[[78.321323,17.476236],[78.321254,17.476234],[78.321262,17.476118],[78.32132,17.476118],[78.321323,17.476236]]]},"properties":{"id":"81170bf5f322","height":null,"num_floors":null,"render_height_m":9.6,"height_label":"assumed"}},{"type":"Feature","geometry":{"type":"Polygon","coordinates":[[[78.320778,17.477425],[78.32066,17.47742],[78.320648,17.477236],[78.320763,17.477231],[78.320774,17.477087],[78.320659,17.477072],[78.320669,17.476893],[78.320785,17.476895],[78.32079,17.476729],[78.320702,17.476732],[78.320704,17.476412],[78.320787,17.476407],[78.320771,17.476146],[78.320769,17.475967],[78.321205,17.475991],[78.321179,17.476285],[78.321036,17.476291],[78.321038,17.47643],[78.321135,17.476441],[78.321122,17.47674],[78.32104,17.47673],[78.32103,17.476863],[78.321138,17.476889],[78.321135,17.477083],[78.321022,17.477083],[78.32101,17.477204],[78.321115,17.477199],[78.321117,17.477442],[78.321001,17.477434],[78.320999,17.477407],[78.320782,17.477398],[78.320778,17.477425]]]},"properties":{"id":"c36e19661070","height":null,"num_floors":null,"render_height_m":19.2,"height_label":"assumed"}},{"type":"Feature","geometry":{"type":"Polygon","coordinates":[[[78.321624,17.477611],[78.321491,17.477556],[78.32152,17.477493],[78.321653,17.477548],[78.321624,17.477611]]]},"properties":{"id":"af74ae4a30c4","height":null,"num_floors":null,"render_height_m":9.6,"height_label":"assumed"}},{"type":"Feature","geometry":{"type":"Polygon","coordinates":[[[78.321985,17.477475],[78.321918,17.477475],[78.321918,17.477422],[78.321985,17.477422],[78.321985,17.477475]]]},"properties":{"id":"f65c2eb10504","height":null,"num_floors":null,"render_height_m":6.4,"height_label":"assumed"}},{"type":"Feature","geometry":{"type":"Polygon","coordinates":[[[78.321714,17.477672],[78.321741,17.477618],[78.321781,17.477641],[78.321753,17.477689],[78.321714,17.477672]]]},"properties":{"id":"a7e02afa3f40","height":null,"num_floors":null,"render_height_m":6.4,"height_label":"assumed"}},{"type":"Feature","geometry":{"type":"Polygon","coordinates":[[[78.32184,17.4777],[78.321858,17.477679],[78.321887,17.477695],[78.321866,17.477716],[78.32184,17.4777]]]},"properties":{"id":"8e2478a81f77","height":null,"num_floors":null,"render_height_m":6.4,"height_label":"assumed"}},{"type":"Feature","geometry":{"type":"Polygon","coordinates":[[[78.321877,17.477722],[78.321897,17.477701],[78.321932,17.477722],[78.321913,17.477743],[78.321877,17.477722]]]},"properties":{"id":"45ca343f099a","height":null,"num_floors":null,"render_height_m":6.4,"height_label":"assumed"}},{"type":"Feature","geometry":{"type":"Polygon","coordinates":[[[78.321935,17.477762],[78.321957,17.477743],[78.322008,17.477782],[78.321985,17.477806],[78.321935,17.477762]]]},"properties":{"id":"696ecad02823","height":null,"num_floors":null,"render_height_m":6.4,"height_label":"assumed"}},{"type":"Feature","geometry":{"type":"Polygon","coordinates":[[[78.320977,17.477652],[78.321024,17.47765],[78.321025,17.477685],[78.320979,17.477687],[78.320977,17.477652]]]},"properties":{"id":"f5a71473d3dd","height":null,"num_floors":null,"render_height_m":6.4,"height_label":"assumed"}},{"type":"Feature","geometry":{"type":"Polygon","coordinates":[[[78.32066,17.477563],[78.320699,17.477565],[78.320696,17.47763],[78.320656,17.477629],[78.32066,17.477563]]]},"properties":{"id":"3c3d3e55976e","height":null,"num_floors":null,"render_height_m":6.4,"height_label":"assumed"}},{"type":"Feature","geometry":{"type":"Polygon","coordinates":[[[78.320267,17.47769],[78.320217,17.477508],[78.320329,17.47748],[78.320346,17.47754],[78.320394,17.477528],[78.320427,17.47765],[78.320267,17.47769]]]},"properties":{"id":"9597f41e1ad0","height":null,"num_floors":null,"render_height_m":12.8,"height_label":"assumed"}},{"type":"Feature","geometry":{"type":"Polygon","coordinates":[[[78.320253,17.477483],[78.320145,17.47747],[78.320163,17.477344],[78.32027,17.477358],[78.320253,17.477483]]]},"properties":{"id":"6a4478a86c93","height":null,"num_floors":null,"render_height_m":9.6,"height_label":"assumed"}},{"type":"Feature","geometry":{"type":"Polygon","coordinates":[[[78.320405,17.477252],[78.320619,17.477262],[78.320608,17.477489],[78.320479,17.477483],[78.320488,17.477279],[78.320403,17.477275],[78.320405,17.477252]]]},"properties":{"id":"7d00ed636acd","height":null,"num_floors":null,"render_height_m":12.8,"height_label":"assumed"}},{"type":"Feature","geometry":{"type":"Polygon","coordinates":[[[78.320649,17.477528],[78.320705,17.477531],[78.320703,17.477562],[78.320648,17.477559],[78.320649,17.477528]]]},"properties":{"id":"b1c4d532155d","height":null,"num_floors":null,"render_height_m":6.4,"height_label":"assumed"}},{"type":"Feature","geometry":{"type":"Polygon","coordinates":[[[78.320369,17.476649],[78.320588,17.476658],[78.320581,17.4768],[78.320362,17.476791],[78.320369,17.476649]]]},"properties":{"id":"de0b56341a55","height":null,"num_floors":null,"render_height_m":12.8,"height_label":"assumed"}},{"type":"Feature","geometry":{"type":"Polygon","coordinates":[[[78.320231,17.476785],[78.320344,17.47679],[78.320341,17.47685],[78.320453,17.476855],[78.320451,17.476908],[78.320339,17.476903],[78.320337,17.476949],[78.320224,17.476944],[78.320231,17.476785]]]},"properties":{"id":"1259d4b61eef","height":null,"num_floors":null,"render_height_m":12.8,"height_label":"assumed"}},{"type":"Feature","geometry":{"type":"Polygon","coordinates":[[[78.320154,17.476683],[78.320269,17.476687],[78.320266,17.476779],[78.32015,17.476775],[78.320154,17.476683]]]},"properties":{"id":"aeffb1be1a6e","height":null,"num_floors":null,"render_height_m":9.6,"height_label":"assumed"}},{"type":"Feature","geometry":{"type":"Polygon","coordinates":[[[78.320128,17.477192],[78.32019,17.477188],[78.320194,17.477248],[78.320132,17.477252],[78.320128,17.477192]]]},"properties":{"id":"9c361dce9a3a","height":null,"num_floors":null,"render_height_m":6.4,"height_label":"assumed"}},{"type":"Feature","geometry":{"type":"Polygon","coordinates":[[[78.320038,17.477226],[78.319947,17.477214],[78.319966,17.477075],[78.320057,17.477087],[78.320038,17.477226]]]},"properties":{"id":"302cae6e8641","height":null,"num_floors":null,"render_height_m":9.6,"height_label":"assumed"}},{"type":"Feature","geometry":{"type":"Polygon","coordinates":[[[78.319916,17.477197],[78.31984,17.477187],[78.319857,17.477063],[78.319933,17.477072],[78.319916,17.477197]]]},"properties":{"id":"6e751e2d5dc2","height":null,"num_floors":null,"render_height_m":9.6,"height_label":"assumed"}},{"type":"Feature","geometry":{"type":"Polygon","coordinates":[[[78.31985,17.476983],[78.319745,17.47697],[78.319758,17.476882],[78.319862,17.476895],[78.31985,17.476983]]]},"properties":{"id":"f53f8621fa4c","height":null,"num_floors":null,"render_height_m":9.6,"height_label":"assumed"}},{"type":"Feature","geometry":{"type":"Polygon","coordinates":[[[78.319859,17.476872],[78.319756,17.476859],[78.319767,17.47678],[78.31987,17.476793],[78.319859,17.476872]]]},"properties":{"id":"26f0d74a53b2","height":null,"num_floors":null,"render_height_m":9.6,"height_label":"assumed"}},{"type":"Feature","geometry":{"type":"Polygon","coordinates":[[[78.319838,17.476782],[78.319762,17.476773],[78.319773,17.476693],[78.319849,17.476703],[78.319838,17.476782]]]},"properties":{"id":"c2ab614a6c9c","height":null,"num_floors":null,"render_height_m":6.4,"height_label":"assumed"}},{"type":"Feature","geometry":{"type":"Polygon","coordinates":[[[78.319657,17.476852],[78.319542,17.476838],[78.319552,17.476763],[78.319668,17.476778],[78.319657,17.476852]]]},"properties":{"id":"7c93c0038f1d","height":null,"num_floors":null,"render_height_m":9.6,"height_label":"assumed"}},{"type":"Feature","geometry":{"type":"Polygon","coordinates":[[[78.319645,17.476757],[78.319546,17.476744],[78.319559,17.476647],[78.319659,17.47666],[78.319645,17.476757]]]},"properties":{"id":"d1bb335c91d2","height":null,"num_floors":null,"render_height_m":9.6,"height_label":"assumed"}},{"type":"Feature","geometry":{"type":"Polygon","coordinates":[[[78.319637,17.476949],[78.319513,17.476934],[78.319524,17.476856],[78.319648,17.476871],[78.319637,17.476949]]]},"properties":{"id":"5f3a3af91e00","height":null,"num_floors":null,"render_height_m":9.6,"height_label":"assumed"}},{"type":"Feature","geometry":{"type":"Polygon","coordinates":[[[78.319621,17.477078],[78.319489,17.477061],[78.319505,17.476951],[78.319636,17.476968],[78.319621,17.477078]]]},"properties":{"id":"b287e1399b35","height":null,"num_floors":null,"render_height_m":9.6,"height_label":"assumed"}},{"type":"Feature","geometry":{"type":"Polygon","coordinates":[[[78.319596,17.477152],[78.319482,17.477138],[78.319491,17.477077],[78.319604,17.477092],[78.319596,17.477152]]]},"properties":{"id":"985b8aca74f8","height":null,"num_floors":null,"render_height_m":9.6,"height_label":"assumed"}},{"type":"Feature","geometry":{"type":"Polygon","coordinates":[[[78.319845,17.477086],[78.319717,17.47707],[78.319729,17.476979],[78.319858,17.476995],[78.319845,17.477086]]]},"properties":{"id":"0f4c38f08156","height":null,"num_floors":null,"render_height_m":9.6,"height_label":"assumed"}},{"type":"Feature","geometry":{"type":"Polygon","coordinates":[[[78.319827,17.477184],[78.319695,17.477167],[78.319707,17.477078],[78.31984,17.477094],[78.319827,17.477184]]]},"properties":{"id":"622c5dc47d35","height":null,"num_floors":null,"render_height_m":9.6,"height_label":"assumed"}},{"type":"Feature","geometry":{"type":"Polygon","coordinates":[[[78.319483,17.477208],[78.31961,17.477228],[78.319596,17.477317],[78.319468,17.477297],[78.319483,17.477208]]]},"properties":{"id":"b9b41fa34c05","height":null,"num_floors":null,"render_height_m":9.6,"height_label":"assumed"}},{"type":"Feature","geometry":{"type":"Polygon","coordinates":[[[78.319539,17.4773],[78.319788,17.477336],[78.319773,17.477424],[78.319525,17.477388],[78.319539,17.4773]]]},"properties":{"id":"9cd826b6d73a","height":null,"num_floors":null,"render_height_m":12.8,"height_label":"assumed"}},{"type":"Feature","geometry":{"type":"Polygon","coordinates":[[[78.319525,17.477388],[78.31966,17.477408],[78.319648,17.477487],[78.319512,17.477467],[78.319525,17.477388]]]},"properties":{"id":"3550e5056b94","height":null,"num_floors":null,"render_height_m":9.6,"height_label":"assumed"}},{"type":"Feature","geometry":{"type":"Polygon","coordinates":[[[78.320067,17.477522],[78.319979,17.477511],[78.319992,17.477421],[78.32008,17.477432],[78.320067,17.477522]]]},"properties":{"id":"400237b7d8c7","height":null,"num_floors":null,"render_height_m":9.6,"height_label":"assumed"}},{"type":"Feature","geometry":{"type":"Polygon","coordinates":[[[78.319868,17.477332],[78.319964,17.47735],[78.319929,17.477527],[78.319833,17.47751],[78.319868,17.477332]]]},"properties":{"id":"31af647c110a","height":null,"num_floors":null,"render_height_m":9.6,"height_label":"assumed"}},{"type":"Feature","geometry":{"type":"Polygon","coordinates":[[[78.320191,17.47764],[78.320082,17.477655],[78.320065,17.477539],[78.320174,17.477525],[78.320191,17.47764]]]},"properties":{"id":"f47ef1679a36","height":null,"num_floors":null,"render_height_m":9.6,"height_label":"assumed"}},{"type":"Feature","geometry":{"type":"Polygon","coordinates":[[[78.320178,17.477755],[78.320097,17.477768],[78.32008,17.47767],[78.320161,17.477657],[78.320178,17.477755]]]},"properties":{"id":"7bb0c417783f","height":null,"num_floors":null,"render_height_m":9.6,"height_label":"assumed"}},{"type":"Feature","geometry":{"type":"Polygon","coordinates":[[[78.319507,17.477498],[78.319756,17.477535],[78.319729,17.4777],[78.319481,17.477664],[78.319507,17.477498]]]},"properties":{"id":"afad65b52667","height":null,"num_floors":null,"render_height_m":12.8,"height_label":"assumed"}},{"type":"Feature","geometry":{"type":"Polygon","coordinates":[[[78.31956,17.477955],[78.319482,17.477945],[78.319496,17.477848],[78.319574,17.477858],[78.31956,17.477955]]]},"properties":{"id":"2c155291ef57","height":null,"num_floors":null,"render_height_m":9.6,"height_label":"assumed"}},{"type":"Feature","geometry":{"type":"Polygon","coordinates":[[[78.319868,17.478116],[78.319557,17.478076],[78.319587,17.477867],[78.319898,17.477908],[78.319868,17.478116]]]},"properties":{"id":"d6b412f42abd","height":null,"num_floors":null,"render_height_m":12.8,"height_label":"assumed"}},{"type":"Feature","geometry":{"type":"Polygon","coordinates":[[[78.320177,17.478397],[78.320066,17.478398],[78.320064,17.47826],[78.320175,17.478258],[78.320177,17.478397]]]},"properties":{"id":"6af9afacb259","height":null,"num_floors":null,"render_height_m":9.6,"height_label":"assumed"}},{"type":"Feature","geometry":{"type":"Polygon","coordinates":[[[78.319753,17.478332],[78.31952,17.478302],[78.31953,17.47823],[78.319763,17.47826],[78.319753,17.478332]]]},"properties":{"id":"5ecd9200a3c8","height":null,"num_floors":null,"render_height_m":9.6,"height_label":"assumed"}},{"type":"Feature","geometry":{"type":"Polygon","coordinates":[[[78.319785,17.478248],[78.319536,17.478216],[78.319554,17.47809],[78.319802,17.478122],[78.319785,17.478248]]]},"properties":{"id":"45a2e7941319","height":null,"num_floors":null,"render_height_m":12.8,"height_label":"assumed"}},{"type":"Feature","geometry":{"type":"Polygon","coordinates":[[[78.319716,17.478336],[78.319713,17.47841],[78.319654,17.478408],[78.319657,17.478334],[78.319716,17.478336]]]},"properties":{"id":"3294965ff993","height":null,"num_floors":null,"render_height_m":6.4,"height_label":"assumed"}},{"type":"Feature","geometry":{"type":"Polygon","coordinates":[[[78.319545,17.47847],[78.319697,17.47849],[78.319688,17.478555],[78.319536,17.478536],[78.319545,17.47847]]]},"properties":{"id":"e781f9ca9faa","height":null,"num_floors":null,"render_height_m":9.6,"height_label":"assumed"}},{"type":"Feature","geometry":{"type":"Polygon","coordinates":[[[78.319511,17.47858],[78.319571,17.478583],[78.31957,17.478608],[78.31951,17.478605],[78.319511,17.47858]]]},"properties":{"id":"1f95bc12da8e","height":null,"num_floors":null,"render_height_m":6.4,"height_label":"assumed"}},{"type":"Feature","geometry":{"type":"Polygon","coordinates":[[[78.319693,17.47887],[78.319393,17.478881],[78.319389,17.478784],[78.319689,17.478772],[78.319693,17.47887]]]},"properties":{"id":"1d3e17492db9","height":null,"num_floors":null,"render_height_m":12.8,"height_label":"assumed"}},{"type":"Feature","geometry":{"type":"Polygon","coordinates":[[[78.319709,17.478976],[78.319769,17.478974],[78.31977,17.479011],[78.31971,17.479013],[78.319709,17.478976]]]},"properties":{"id":"1ff2234bd62b","height":null,"num_floors":null,"render_height_m":6.4,"height_label":"assumed"}},{"type":"Feature","geometry":{"type":"Polygon","coordinates":[[[78.320132,17.478931],[78.319989,17.478945],[78.319981,17.478869],[78.320124,17.478855],[78.320132,17.478931]]]},"properties":{"id":"ae8d33fdb348","height":null,"num_floors":null,"render_height_m":9.6,"height_label":"assumed"}},{"type":"Feature","geometry":{"type":"Polygon","coordinates":[[[78.320052,17.478951],[78.320055,17.479038],[78.319989,17.47904],[78.319986,17.478954],[78.320052,17.478951]]]},"properties":{"id":"66fb38ddb497","height":null,"num_floors":null,"render_height_m":6.4,"height_label":"assumed"}},{"type":"Feature","geometry":{"type":"Polygon","coordinates":[[[78.32007,17.479026],[78.320073,17.478946],[78.320159,17.478949],[78.320156,17.479028],[78.32007,17.479026]]]},"properties":{"id":"8d9d73131bd4","height":null,"num_floors":null,"render_height_m":9.6,"height_label":"assumed"}},{"type":"Feature","geometry":{"type":"Polygon","coordinates":[[[78.320153,17.478806],[78.319983,17.478817],[78.319979,17.47875],[78.320148,17.478739],[78.320153,17.478806]]]},"properties":{"id":"e9a57b405a3e","height":null,"num_floors":null,"render_height_m":9.6,"height_label":"assumed"}},{"type":"Feature","geometry":{"type":"Polygon","coordinates":[[[78.320094,17.478689],[78.320039,17.478692],[78.320033,17.478583],[78.320088,17.47858],[78.320094,17.478689]]]},"properties":{"id":"1c719ab5a9a2","height":null,"num_floors":null,"render_height_m":6.4,"height_label":"assumed"}},{"type":"Feature","geometry":{"type":"Polygon","coordinates":[[[78.320026,17.478582],[78.320032,17.478692],[78.319987,17.478694],[78.319981,17.478584],[78.320026,17.478582]]]},"properties":{"id":"1fe84d88817e","height":null,"num_floors":null,"render_height_m":6.4,"height_label":"assumed"}},{"type":"Feature","geometry":{"type":"Polygon","coordinates":[[[78.320131,17.47852],[78.319994,17.478521],[78.319993,17.478434],[78.32013,17.478433],[78.320131,17.47852]]]},"properties":{"id":"d3628a47d56a","height":null,"num_floors":null,"render_height_m":9.6,"height_label":"assumed"}},{"type":"Feature","geometry":{"type":"Polygon","coordinates":[[[78.320276,17.478494],[78.320149,17.4785],[78.320145,17.478418],[78.320272,17.478412],[78.320276,17.478494]]]},"properties":{"id":"608ac9985106","height":null,"num_floors":null,"render_height_m":9.6,"height_label":"assumed"}},{"type":"Feature","geometry":{"type":"Polygon","coordinates":[[[78.320419,17.478476],[78.320335,17.47848],[78.320333,17.478422],[78.320417,17.478419],[78.320419,17.478476]]]},"properties":{"id":"59c057fe5283","height":null,"num_floors":null,"render_height_m":6.4,"height_label":"assumed"}},{"type":"Feature","geometry":{"type":"Polygon","coordinates":[[[78.320401,17.478661],[78.320263,17.47866],[78.320264,17.478574],[78.320402,17.478575],[78.320401,17.478661]]]},"properties":{"id":"0f6488257686","height":null,"num_floors":null,"render_height_m":9.6,"height_label":"assumed"}},{"type":"Feature","geometry":{"type":"Polygon","coordinates":[[[78.32029,17.478717],[78.3203,17.478813],[78.32017,17.478825],[78.32016,17.478729],[78.32029,17.478717]]]},"properties":{"id":"1654e6dab1ae","height":null,"num_floors":null,"render_height_m":9.6,"height_label":"assumed"}},{"type":"Feature","geometry":{"type":"Polygon","coordinates":[[[78.320337,17.478994],[78.320232,17.479008],[78.320222,17.478939],[78.320327,17.478925],[78.320337,17.478994]]]},"properties":{"id":"05f5b70e93c7","height":null,"num_floors":null,"render_height_m":9.6,"height_label":"assumed"}},{"type":"Feature","geometry":{"type":"Polygon","coordinates":[[[78.320448,17.478914],[78.320356,17.478921],[78.320348,17.478827],[78.32044,17.47882],[78.320448,17.478914]]]},"properties":{"id":"58675c8101c4","height":null,"num_floors":null,"render_height_m":9.6,"height_label":"assumed"}},{"type":"Feature","geometry":{"type":"Polygon","coordinates":[[[78.32059,17.478801],[78.320506,17.478807],[78.320499,17.478725],[78.320583,17.478719],[78.32059,17.478801]]]},"properties":{"id":"300a9b411ad1","height":null,"num_floors":null,"render_height_m":9.6,"height_label":"assumed"}},{"type":"Feature","geometry":{"type":"Polygon","coordinates":[[[78.320606,17.478887],[78.320464,17.478898],[78.320459,17.478822],[78.3206,17.478812],[78.320606,17.478887]]]},"properties":{"id":"be7ccb8ea42c","height":null,"num_floors":null,"render_height_m":9.6,"height_label":"assumed"}},{"type":"Feature","geometry":{"type":"Polygon","coordinates":[[[78.320614,17.478975],[78.320481,17.478984],[78.320475,17.478906],[78.320608,17.478896],[78.320614,17.478975]]]},"properties":{"id":"734e8912fd7f","height":null,"num_floors":null,"render_height_m":9.6,"height_label":"assumed"}},{"type":"Feature","geometry":{"type":"Polygon","coordinates":[[[78.320772,17.478946],[78.320633,17.478956],[78.320625,17.478864],[78.320764,17.478854],[78.320772,17.478946]]]},"properties":{"id":"c3f566c94319","height":null,"num_floors":null,"render_height_m":9.6,"height_label":"assumed"}},{"type":"Feature","geometry":{"type":"Polygon","coordinates":[[[78.320759,17.478846],[78.320622,17.478856],[78.320616,17.478777],[78.320753,17.478767],[78.320759,17.478846]]]},"properties":{"id":"03f5a24e7b61","height":null,"num_floors":null,"render_height_m":9.6,"height_label":"assumed"}},{"type":"Feature","geometry":{"type":"Polygon","coordinates":[[[78.32075,17.478752],[78.320616,17.478762],[78.320611,17.478691],[78.320744,17.478681],[78.32075,17.478752]]]},"properties":{"id":"e0b3429e2b3b","height":null,"num_floors":null,"render_height_m":9.6,"height_label":"assumed"}},{"type":"Feature","geometry":{"type":"Polygon","coordinates":[[[78.320701,17.478665],[78.320595,17.478673],[78.32059,17.478603],[78.320696,17.478596],[78.320701,17.478665]]]},"properties":{"id":"53159f8fa508","height":null,"num_floors":null,"render_height_m":9.6,"height_label":"assumed"}},{"type":"Feature","geometry":{"type":"Polygon","coordinates":[[[78.320571,17.478711],[78.320489,17.478717],[78.320476,17.478547],[78.320557,17.478541],[78.320571,17.478711]]]},"properties":{"id":"57ef8e51238a","height":null,"num_floors":null,"render_height_m":9.6,"height_label":"assumed"}},{"type":"Feature","geometry":{"type":"Polygon","coordinates":[[[78.320699,17.478584],[78.320581,17.478593],[78.320575,17.478524],[78.320693,17.478515],[78.320699,17.478584]]]},"properties":{"id":"5f4c19b54cb6","height":null,"num_floors":null,"render_height_m":9.6,"height_label":"assumed"}},{"type":"Feature","geometry":{"type":"Polygon","coordinates":[[[78.320696,17.478439],[78.32061,17.478445],[78.320602,17.478348],[78.320689,17.478343],[78.320696,17.478439]]]},"properties":{"id":"c27f61d93fe6","height":null,"num_floors":null,"render_height_m":9.6,"height_label":"assumed"}},{"type":"Feature","geometry":{"type":"Polygon","coordinates":[[[78.320702,17.478325],[78.320578,17.478337],[78.320565,17.478212],[78.320688,17.4782],[78.320702,17.478325]]]},"properties":{"id":"0e4a1ee19521","height":null,"num_floors":null,"render_height_m":9.6,"height_label":"assumed"}},{"type":"Feature","geometry":{"type":"Polygon","coordinates":[[[78.320516,17.478295],[78.320428,17.478302],[78.32042,17.478211],[78.320508,17.478204],[78.320516,17.478295]]]},"properties":{"id":"ebe25af2bbf6","height":null,"num_floors":null,"render_height_m":9.6,"height_label":"assumed"}},{"type":"Feature","geometry":{"type":"Polygon","coordinates":[[[78.320504,17.478393],[78.320411,17.478398],[78.320405,17.478313],[78.320499,17.478308],[78.320504,17.478393]]]},"properties":{"id":"427c0e6b7f44","height":null,"num_floors":null,"render_height_m":9.6,"height_label":"assumed"}},{"type":"Feature","geometry":{"type":"Polygon","coordinates":[[[78.320599,17.478475],[78.320521,17.47848],[78.320509,17.478323],[78.32057,17.478318],[78.320572,17.478351],[78.320589,17.47835],[78.320599,17.478475]]]},"properties":{"id":"dd0818f18388","height":null,"num_floors":null,"render_height_m":9.6,"height_label":"assumed"}},{"type":"Feature","geometry":{"type":"Polygon","coordinates":[[[78.3204,17.4784],[78.320325,17.478405],[78.32032,17.478324],[78.320395,17.478319],[78.3204,17.4784]]]},"properties":{"id":"0d3f64501efd","height":null,"num_floors":null,"render_height_m":6.4,"height_label":"assumed"}},{"type":"Feature","geometry":{"type":"Polygon","coordinates":[[[78.320248,17.478247],[78.320098,17.478252],[78.320097,17.478205],[78.320115,17.478205],[78.320114,17.478168],[78.320142,17.478167],[78.32014,17.478134],[78.320162,17.478133],[78.32016,17.478083],[78.320242,17.478081],[78.320248,17.478247]]]},"properties":{"id":"4dca5180359c","height":null,"num_floors":null,"render_height_m":9.6,"height_label":"assumed"}},{"type":"Feature","geometry":{"type":"Polygon","coordinates":[[[78.320313,17.478315],[78.320305,17.478225],[78.320402,17.478217],[78.32041,17.478306],[78.320313,17.478315]]]},"properties":{"id":"ee2960de8a53","height":null,"num_floors":null,"render_height_m":9.6,"height_label":"assumed"}},{"type":"Feature","geometry":{"type":"Polygon","coordinates":[[[78.320493,17.478047],[78.320304,17.478061],[78.320297,17.477978],[78.320486,17.477964],[78.320493,17.478047]]]},"properties":{"id":"0908ae700dc9","height":null,"num_floors":null,"render_height_m":9.6,"height_label":"assumed"}},{"type":"Feature","geometry":{"type":"Polygon","coordinates":[[[78.32038,17.478174],[78.320307,17.478178],[78.320299,17.478064],[78.320372,17.47806],[78.32038,17.478174]]]},"properties":{"id":"39aa1bf9ec45","height":null,"num_floors":null,"render_height_m":9.6,"height_label":"assumed"}},{"type":"Feature","geometry":{"type":"Polygon","coordinates":[[[78.320506,17.478171],[78.320381,17.478177],[78.320374,17.478059],[78.320499,17.478052],[78.320506,17.478171]]]},"properties":{"id":"1d5598a71d61","height":null,"num_floors":null,"render_height_m":9.6,"height_label":"assumed"}},{"type":"Feature","geometry":{"type":"Polygon","coordinates":[[[78.320641,17.478178],[78.320534,17.478189],[78.320525,17.478099],[78.320632,17.478088],[78.320641,17.478178]]]},"properties":{"id":"fd85948d55e9","height":null,"num_floors":null,"render_height_m":9.6,"height_label":"assumed"}},{"type":"Feature","geometry":{"type":"Polygon","coordinates":[[[78.320631,17.478078],[78.320526,17.478089],[78.320512,17.477959],[78.320617,17.477948],[78.320631,17.478078]]]},"properties":{"id":"28ecb6ca5798","height":null,"num_floors":null,"render_height_m":9.6,"height_label":"assumed"}},{"type":"Feature","geometry":{"type":"Polygon","coordinates":[[[78.320723,17.47807],[78.320635,17.478079],[78.320622,17.477959],[78.32071,17.47795],[78.320723,17.47807]]]},"properties":{"id":"55450461b325","height":null,"num_floors":null,"render_height_m":9.6,"height_label":"assumed"}},{"type":"Feature","geometry":{"type":"Polygon","coordinates":[[[78.320763,17.478162],[78.320657,17.478172],[78.320649,17.478091],[78.320755,17.478081],[78.320763,17.478162]]]},"properties":{"id":"f8ee811dd14c","height":null,"num_floors":null,"render_height_m":9.6,"height_label":"assumed"}},{"type":"Feature","geometry":{"type":"Polygon","coordinates":[[[78.320919,17.478041],[78.320844,17.478058],[78.320816,17.477949],[78.32089,17.477931],[78.320919,17.478041]]]},"properties":{"id":"9a4ab83d51fb","height":null,"num_floors":null,"render_height_m":9.6,"height_label":"assumed"}},{"type":"Feature","geometry":{"type":"Polygon","coordinates":[[[78.32107,17.478005],[78.321005,17.478015],[78.32099,17.477918],[78.321054,17.477908],[78.32107,17.478005]]]},"properties":{"id":"bf0efe66eafe","height":null,"num_floors":null,"render_height_m":6.4,"height_label":"assumed"}},{"type":"Feature","geometry":{"type":"Polygon","coordinates":[[[78.320989,17.478013],[78.320923,17.47802],[78.32091,17.477923],[78.320977,17.477915],[78.320989,17.478013]]]},"properties":{"id":"ef253cccc071","height":null,"num_floors":null,"render_height_m":6.4,"height_label":"assumed"}},{"type":"Feature","geometry":{"type":"Polygon","coordinates":[[[78.321047,17.478106],[78.321011,17.478115],[78.320993,17.478041],[78.321029,17.478033],[78.321047,17.478106]]]},"properties":{"id":"5907c21f4407","height":null,"num_floors":null,"render_height_m":6.4,"height_label":"assumed"}},{"type":"Feature","geometry":{"type":"Polygon","coordinates":[[[78.321005,17.478119],[78.320954,17.478131],[78.320933,17.478048],[78.320985,17.478037],[78.321005,17.478119]]]},"properties":{"id":"1a788b9c584b","height":null,"num_floors":null,"render_height_m":6.4,"height_label":"assumed"}},{"type":"Feature","geometry":{"type":"Polygon","coordinates":[[[78.320947,17.478134],[78.320875,17.478153],[78.320855,17.478084],[78.320927,17.478065],[78.320947,17.478134]]]},"properties":{"id":"5ffe78a28611","height":null,"num_floors":null,"render_height_m":6.4,"height_label":"assumed"}},{"type":"Feature","geometry":{"type":"Polygon","coordinates":[[[78.320849,17.47823],[78.320699,17.478245],[78.320693,17.478187],[78.320843,17.478173],[78.320849,17.47823]]]},"properties":{"id":"5aba87b98ebf","height":null,"num_floors":null,"render_height_m":9.6,"height_label":"assumed"}},{"type":"Feature","geometry":{"type":"Polygon","coordinates":[[[78.320864,17.478334],[78.320723,17.478348],[78.320712,17.478252],[78.320854,17.478238],[78.320864,17.478334]]]},"properties":{"id":"7baac0ab8eb6","height":null,"num_floors":null,"render_height_m":9.6,"height_label":"assumed"}},{"type":"Feature","geometry":{"type":"Polygon","coordinates":[[[78.320809,17.478408],[78.320715,17.478424],[78.320705,17.478373],[78.320799,17.478357],[78.320809,17.478408]]]},"properties":{"id":"7a110d68e62e","height":null,"num_floors":null,"render_height_m":6.4,"height_label":"assumed"}},{"type":"Feature","geometry":{"type":"Polygon","coordinates":[[[78.320897,17.47839],[78.320818,17.478398],[78.320812,17.478342],[78.320891,17.478334],[78.320897,17.47839]]]},"properties":{"id":"92e54bb13777","height":null,"num_floors":null,"render_height_m":6.4,"height_label":"assumed"}},{"type":"Feature","geometry":{"type":"Polygon","coordinates":[[[78.321033,17.47835],[78.320937,17.478371],[78.320926,17.478322],[78.321021,17.478301],[78.321033,17.47835]]]},"properties":{"id":"eff57f1965f6","height":null,"num_floors":null,"render_height_m":6.4,"height_label":"assumed"}},{"type":"Feature","geometry":{"type":"Polygon","coordinates":[[[78.321026,17.478289],[78.320926,17.478311],[78.320915,17.478268],[78.321016,17.478246],[78.321026,17.478289]]]},"properties":{"id":"4524f7bdc333","height":null,"num_floors":null,"render_height_m":6.4,"height_label":"assumed"}},{"type":"Feature","geometry":{"type":"Polygon","coordinates":[[[78.320955,17.478248],[78.320906,17.478259],[78.320885,17.478169],[78.320935,17.478159],[78.320955,17.478248]]]},"properties":{"id":"9ff99df1febb","height":null,"num_floors":null,"render_height_m":6.4,"height_label":"assumed"}},{"type":"Feature","geometry":{"type":"Polygon","coordinates":[[[78.321038,17.478227],[78.320965,17.478242],[78.320945,17.478158],[78.321019,17.478143],[78.321038,17.478227]]]},"properties":{"id":"96a4d21746d0","height":null,"num_floors":null,"render_height_m":6.4,"height_label":"assumed"}},{"type":"Feature","geometry":{"type":"Polygon","coordinates":[[[78.321129,17.478208],[78.321051,17.478225],[78.321033,17.478146],[78.321111,17.47813],[78.321129,17.478208]]]},"properties":{"id":"6c6dd8bc5b5c","height":null,"num_floors":null,"render_height_m":6.4,"height_label":"assumed"}},{"type":"Feature","geometry":{"type":"Polygon","coordinates":[[[78.321193,17.478208],[78.321138,17.478218],[78.321119,17.478128],[78.321175,17.478118],[78.321193,17.478208]]]},"properties":{"id":"7b8645985883","height":null,"num_floors":null,"render_height_m":6.4,"height_label":"assumed"}},{"type":"Feature","geometry":{"type":"Polygon","coordinates":[[[78.321192,17.478314],[78.32115,17.478318],[78.32114,17.478235],[78.321183,17.478231],[78.321192,17.478314]]]},"properties":{"id":"3b1e083b67d7","height":null,"num_floors":null,"render_height_m":6.4,"height_label":"assumed"}},{"type":"Feature","geometry":{"type":"Polygon","coordinates":[[[78.32104,17.478289],[78.321032,17.478244],[78.321127,17.478228],[78.321135,17.478274],[78.32104,17.478289]]]},"properties":{"id":"01308b6b6eab","height":null,"num_floors":null,"render_height_m":6.4,"height_label":"assumed"}},{"type":"Feature","geometry":{"type":"Polygon","coordinates":[[[78.32114,17.478321],[78.321049,17.478344],[78.321039,17.478306],[78.321129,17.478283],[78.32114,17.478321]]]},"properties":{"id":"3dd447e4de55","height":null,"num_floors":null,"render_height_m":6.4,"height_label":"assumed"}},{"type":"Feature","geometry":{"type":"Polygon","coordinates":[[[78.321245,17.478464],[78.321149,17.478484],[78.321124,17.478372],[78.321221,17.478353],[78.321245,17.478464]]]},"properties":{"id":"b53dfca7d829","height":null,"num_floors":null,"render_height_m":9.6,"height_label":"assumed"}},{"type":"Feature","geometry":{"type":"Polygon","coordinates":[[[78.321377,17.478386],[78.321263,17.478418],[78.321242,17.478349],[78.321356,17.478317],[78.321377,17.478386]]]},"properties":{"id":"20e4d1f7518f","height":null,"num_floors":null,"render_height_m":9.6,"height_label":"assumed"}},{"type":"Feature","geometry":{"type":"Polygon","coordinates":[[[78.321356,17.47829],[78.321288,17.478296],[78.321282,17.478225],[78.32135,17.47822],[78.321356,17.47829]]]},"properties":{"id":"a91728f623f6","height":null,"num_floors":null,"render_height_m":6.4,"height_label":"assumed"}},{"type":"Feature","geometry":{"type":"Polygon","coordinates":[[[78.321275,17.478311],[78.321207,17.478316],[78.3212,17.478221],[78.321267,17.478217],[78.321275,17.478311]]]},"properties":{"id":"796615867d10","height":null,"num_floors":null,"render_height_m":6.4,"height_label":"assumed"}},{"type":"Feature","geometry":{"type":"Polygon","coordinates":[[[78.32126,17.478199],[78.321201,17.478208],[78.321185,17.478113],[78.321244,17.478104],[78.32126,17.478199]]]},"properties":{"id":"bbe58851a18a","height":null,"num_floors":null,"render_height_m":6.4,"height_label":"assumed"}},{"type":"Feature","geometry":{"type":"Polygon","coordinates":[[[78.321315,17.478198],[78.321273,17.478206],[78.32126,17.478152],[78.321302,17.478143],[78.321315,17.478198]]]},"properties":{"id":"7b8c6eb6a4ee","height":null,"num_floors":null,"render_height_m":6.4,"height_label":"assumed"}},{"type":"Feature","geometry":{"type":"Polygon","coordinates":[[[78.321313,17.478154],[78.321313,17.478099],[78.321388,17.478098],[78.321388,17.478153],[78.321313,17.478154]]]},"properties":{"id":"2085721d96ea","height":null,"num_floors":null,"render_height_m":6.4,"height_label":"assumed"}},{"type":"Feature","geometry":{"type":"Polygon","coordinates":[[[78.321111,17.478106],[78.321057,17.478116],[78.32104,17.478032],[78.321094,17.478022],[78.321111,17.478106]]]},"properties":{"id":"9c8b6334ff7d","height":null,"num_floors":null,"render_height_m":6.4,"height_label":"assumed"}},{"type":"Feature","geometry":{"type":"Polygon","coordinates":[[[78.321157,17.478098],[78.321113,17.478105],[78.321096,17.478011],[78.32114,17.478003],[78.321157,17.478098]]]},"properties":{"id":"05478029353c","height":null,"num_floors":null,"render_height_m":6.4,"height_label":"assumed"}},{"type":"Feature","geometry":{"type":"Polygon","coordinates":[[[78.321236,17.478084],[78.321168,17.478094],[78.321154,17.478005],[78.321222,17.477995],[78.321236,17.478084]]]},"properties":{"id":"4583a0126441","height":null,"num_floors":null,"render_height_m":6.4,"height_label":"assumed"}},{"type":"Feature","geometry":{"type":"Polygon","coordinates":[[[78.321236,17.477981],[78.321173,17.477986],[78.321163,17.477885],[78.321227,17.47788],[78.321236,17.477981]]]},"properties":{"id":"4eae061e94d6","height":null,"num_floors":null,"render_height_m":6.4,"height_label":"assumed"}},{"type":"Feature","geometry":{"type":"Polygon","coordinates":[[[78.321153,17.477986],[78.321089,17.477996],[78.321075,17.47791],[78.321139,17.4779],[78.321153,17.477986]]]},"properties":{"id":"f1228e4ce3c9","height":null,"num_floors":null,"render_height_m":6.4,"height_label":"assumed"}},{"type":"Feature","geometry":{"type":"Polygon","coordinates":[[[78.321373,17.478056],[78.321281,17.478071],[78.321251,17.477908],[78.321425,17.477879],[78.321444,17.477983],[78.321363,17.477996],[78.321373,17.478056]]]},"properties":{"id":"a7beecb1f2e0","height":null,"num_floors":null,"render_height_m":12.8,"height_label":"assumed"}},{"type":"Feature","geometry":{"type":"Polygon","coordinates":[[[78.321535,17.478091],[78.321441,17.478096],[78.321437,17.478031],[78.321531,17.478026],[78.321535,17.478091]]]},"properties":{"id":"658eddeeb841","height":null,"num_floors":null,"render_height_m":6.4,"height_label":"assumed"}},{"type":"Feature","geometry":{"type":"Polygon","coordinates":[[[78.321592,17.478081],[78.321543,17.478085],[78.321536,17.478015],[78.321586,17.478011],[78.321592,17.478081]]]},"properties":{"id":"309436a53574","height":null,"num_floors":null,"render_height_m":6.4,"height_label":"assumed"}},{"type":"Feature","geometry":{"type":"Polygon","coordinates":[[[78.321506,17.477955],[78.321547,17.477961],[78.32154,17.478008],[78.3215,17.478002],[78.321506,17.477955]]]},"properties":{"id":"346fc794b03e","height":null,"num_floors":null,"render_height_m":6.4,"height_label":"assumed"}},{"type":"Feature","geometry":{"type":"Polygon","coordinates":[[[78.32179,17.478444],[78.321738,17.478406],[78.32176,17.478379],[78.321812,17.478416],[78.32179,17.478444]]]},"properties":{"id":"3b0cba2055c4","height":null,"num_floors":null,"render_height_m":6.4,"height_label":"assumed"}},{"type":"Feature","geometry":{"type":"Polygon","coordinates":[[[78.321819,17.478407],[78.321765,17.478369],[78.321795,17.478332],[78.321849,17.47837],[78.321819,17.478407]]]},"properties":{"id":"31682292794a","height":null,"num_floors":null,"render_height_m":6.4,"height_label":"assumed"}},{"type":"Feature","geometry":{"type":"Polygon","coordinates":[[[78.321817,17.478303],[78.321754,17.478328],[78.321726,17.478262],[78.321789,17.478238],[78.321817,17.478303]]]},"properties":{"id":"ee04b86f7472","height":null,"num_floors":null,"render_height_m":6.4,"height_label":"assumed"}},{"type":"Feature","geometry":{"type":"Polygon","coordinates":[[[78.321754,17.478361],[78.321701,17.478378],[78.321666,17.478278],[78.321719,17.478261],[78.321754,17.478361]]]},"properties":{"id":"1151c06d0854","height":null,"num_floors":null,"render_height_m":6.4,"height_label":"assumed"}},{"type":"Feature","geometry":{"type":"Polygon","coordinates":[[[78.32161,17.478403],[78.321507,17.478435],[78.321471,17.478328],[78.321574,17.478297],[78.32161,17.478403]]]},"properties":{"id":"65fb8cee923e","height":null,"num_floors":null,"render_height_m":9.6,"height_label":"assumed"}},{"type":"Feature","geometry":{"type":"Polygon","coordinates":[[[78.321692,17.478381],[78.321628,17.478401],[78.321593,17.478297],[78.321657,17.478277],[78.321692,17.478381]]]},"properties":{"id":"f473b7a858a9","height":null,"num_floors":null,"render_height_m":9.6,"height_label":"assumed"}},{"type":"Feature","geometry":{"type":"Polygon","coordinates":[[[78.321595,17.478256],[78.321581,17.478192],[78.32173,17.478162],[78.321744,17.478227],[78.321595,17.478256]]]},"properties":{"id":"5bd96451df8e","height":null,"num_floors":null,"render_height_m":9.6,"height_label":"assumed"}},{"type":"Feature","geometry":{"type":"Polygon","coordinates":[[[78.321574,17.478277],[78.321515,17.478284],[78.321492,17.478108],[78.321572,17.478098],[78.321584,17.478185],[78.321563,17.478188],[78.321574,17.478277]]]},"properties":{"id":"df422c6df7ec","height":null,"num_floors":null,"render_height_m":9.6,"height_label":"assumed"}},{"type":"Feature","geometry":{"type":"Polygon","coordinates":[[[78.321502,17.478292],[78.321404,17.478312],[78.321385,17.478226],[78.321482,17.478206],[78.321502,17.478292]]]},"properties":{"id":"2b891bb17865","height":null,"num_floors":null,"render_height_m":9.6,"height_label":"assumed"}},{"type":"Feature","geometry":{"type":"Polygon","coordinates":[[[78.321496,17.478445],[78.321437,17.478465],[78.321393,17.478347],[78.321452,17.478327],[78.321496,17.478445]]]},"properties":{"id":"6c62cbee47b2","height":null,"num_floors":null,"render_height_m":9.6,"height_label":"assumed"}},{"type":"Feature","geometry":{"type":"Polygon","coordinates":[[[78.32156,17.478549],[78.321478,17.478573],[78.321447,17.478475],[78.321529,17.478451],[78.32156,17.478549]]]},"properties":{"id":"13093351372f","height":null,"num_floors":null,"render_height_m":9.6,"height_label":"assumed"}},{"type":"Feature","geometry":{"type":"Polygon","coordinates":[[[78.321449,17.478591],[78.321376,17.478608],[78.321359,17.47854],[78.321431,17.478518],[78.321449,17.478591]]]},"properties":{"id":"6f97bc69406f","height":null,"num_floors":null,"render_height_m":6.4,"height_label":"assumed"}},{"type":"Feature","geometry":{"type":"Polygon","coordinates":[[[78.321404,17.47869],[78.321378,17.47862],[78.321445,17.478598],[78.321471,17.478669],[78.321404,17.47869]]]},"properties":{"id":"3ae5d50947e1","height":null,"num_floors":null,"render_height_m":6.4,"height_label":"assumed"}},{"type":"Feature","geometry":{"type":"Polygon","coordinates":[[[78.321492,17.478661],[78.321474,17.478588],[78.321576,17.478564],[78.321595,17.478637],[78.321492,17.478661]]]},"properties":{"id":"70b8a931cbdd","height":null,"num_floors":null,"render_height_m":9.6,"height_label":"assumed"}},{"type":"Feature","geometry":{"type":"Polygon","coordinates":[[[78.321683,17.478631],[78.321616,17.478644],[78.321597,17.478558],[78.321664,17.478545],[78.321683,17.478631]]]},"properties":{"id":"089032dcb984","height":null,"num_floors":null,"render_height_m":6.4,"height_label":"assumed"}},{"type":"Feature","geometry":{"type":"Polygon","coordinates":[[[78.321663,17.478528],[78.3216,17.478544],[78.321567,17.478428],[78.32163,17.478412],[78.321663,17.478528]]]},"properties":{"id":"0ed358b26a1c","height":null,"num_floors":null,"render_height_m":9.6,"height_label":"assumed"}},{"type":"Feature","geometry":{"type":"Polygon","coordinates":[[[78.321984,17.478511],[78.321856,17.478422],[78.321904,17.47836],[78.322032,17.478449],[78.321984,17.478511]]]},"properties":{"id":"613286b44e49","height":null,"num_floors":null,"render_height_m":9.6,"height_label":"assumed"}},{"type":"Feature","geometry":{"type":"Polygon","coordinates":[[[78.321878,17.478618],[78.321809,17.478618],[78.321808,17.478516],[78.321877,17.478515],[78.321878,17.478618]]]},"properties":{"id":"733528552278","height":null,"num_floors":null,"render_height_m":9.6,"height_label":"assumed"}},{"type":"Feature","geometry":{"type":"Polygon","coordinates":[[[78.321988,17.478659],[78.321913,17.47866],[78.321912,17.478623],[78.321889,17.478624],[78.321889,17.478571],[78.321987,17.47857],[78.321988,17.478659]]]},"properties":{"id":"486ebb34dc5d","height":null,"num_floors":null,"render_height_m":9.6,"height_label":"assumed"}},{"type":"Feature","geometry":{"type":"Polygon","coordinates":[[[78.321985,17.478746],[78.32192,17.478747],[78.321919,17.478666],[78.321984,17.478665],[78.321985,17.478746]]]},"properties":{"id":"701a6f1989e3","height":null,"num_floors":null,"render_height_m":6.4,"height_label":"assumed"}},{"type":"Feature","geometry":{"type":"Polygon","coordinates":[[[78.321906,17.478738],[78.321841,17.478738],[78.32184,17.478643],[78.321905,17.478642],[78.321906,17.478738]]]},"properties":{"id":"c6d8a34e4753","height":null,"num_floors":null,"render_height_m":6.4,"height_label":"assumed"}},{"type":"Feature","geometry":{"type":"Polygon","coordinates":[[[78.321826,17.478704],[78.321757,17.478717],[78.321743,17.478649],[78.321811,17.478636],[78.321826,17.478704]]]},"properties":{"id":"6679e3c7c586","height":null,"num_floors":null,"render_height_m":6.4,"height_label":"assumed"}},{"type":"Feature","geometry":{"type":"Polygon","coordinates":[[[78.321788,17.478627],[78.321707,17.478648],[78.321681,17.478556],[78.321762,17.478535],[78.321788,17.478627]]]},"properties":{"id":"82ffde972cfe","height":null,"num_floors":null,"render_height_m":9.6,"height_label":"assumed"}},{"type":"Feature","geometry":{"type":"Polygon","coordinates":[[[78.321751,17.478768],[78.321715,17.478773],[78.321701,17.478671],[78.321736,17.478666],[78.321751,17.478768]]]},"properties":{"id":"623826eb6187","height":null,"num_floors":null,"render_height_m":6.4,"height_label":"assumed"}},{"type":"Feature","geometry":{"type":"Polygon","coordinates":[[[78.321857,17.478873],[78.321767,17.478873],[78.321766,17.478803],[78.321856,17.478802],[78.321857,17.478873]]]},"properties":{"id":"eb3862e28b7a","height":null,"num_floors":null,"render_height_m":6.4,"height_label":"assumed"}},{"type":"Feature","geometry":{"type":"Polygon","coordinates":[[[78.32184,17.478788],[78.321765,17.478793],[78.32176,17.478724],[78.321836,17.478719],[78.32184,17.478788]]]},"properties":{"id":"fd9d4f54b325","height":null,"num_floors":null,"render_height_m":6.4,"height_label":"assumed"}},{"type":"Feature","geometry":{"type":"Polygon","coordinates":[[[78.321984,17.47881],[78.321869,17.478811],[78.321868,17.478754],[78.321983,17.478753],[78.321984,17.47881]]]},"properties":{"id":"ed0da103cacd","height":null,"num_floors":null,"render_height_m":6.4,"height_label":"assumed"}},{"type":"Feature","geometry":{"type":"Polygon","coordinates":[[[78.321972,17.47888],[78.321869,17.478881],[78.321868,17.478823],[78.321971,17.478822],[78.321972,17.47888]]]},"properties":{"id":"042d9f8b8804","height":null,"num_floors":null,"render_height_m":6.4,"height_label":"assumed"}},{"type":"Feature","geometry":{"type":"Polygon","coordinates":[[[78.321922,17.479024],[78.321807,17.479021],[78.321809,17.478934],[78.321924,17.478937],[78.321922,17.479024]]]},"properties":{"id":"6b867a6dff8d","height":null,"num_floors":null,"render_height_m":9.6,"height_label":"assumed"}},{"type":"Feature","geometry":{"type":"Polygon","coordinates":[[[78.321795,17.479021],[78.321734,17.479022],[78.321732,17.478931],[78.321792,17.478929],[78.321795,17.479021]]]},"properties":{"id":"edbd6b5cf6fb","height":null,"num_floors":null,"render_height_m":6.4,"height_label":"assumed"}},{"type":"Feature","geometry":{"type":"Polygon","coordinates":[[[78.321709,17.479007],[78.32161,17.479015],[78.321602,17.478928],[78.321702,17.478919],[78.321709,17.479007]]]},"properties":{"id":"fd3642acdda6","height":null,"num_floors":null,"render_height_m":9.6,"height_label":"assumed"}},{"type":"Feature","geometry":{"type":"Polygon","coordinates":[[[78.321684,17.478857],[78.321599,17.478864],[78.321585,17.478658],[78.321653,17.478653],[78.321684,17.478857]]]},"properties":{"id":"7cfaae9647d4","height":null,"num_floors":null,"render_height_m":9.6,"height_label":"assumed"}},{"type":"Feature","geometry":{"type":"Polygon","coordinates":[[[78.32147,17.478848],[78.321427,17.478851],[78.321418,17.478736],[78.321461,17.478733],[78.32147,17.478848]]]},"properties":{"id":"6cc9cb737678","height":null,"num_floors":null,"render_height_m":6.4,"height_label":"assumed"}},{"type":"Feature","geometry":{"type":"Polygon","coordinates":[[[78.321569,17.478845],[78.321476,17.478852],[78.321462,17.478688],[78.321556,17.478681],[78.321569,17.478845]]]},"properties":{"id":"8d1c9c89354e","height":null,"num_floors":null,"render_height_m":9.6,"height_label":"assumed"}},{"type":"Feature","geometry":{"type":"Polygon","coordinates":[[[78.321419,17.478854],[78.321359,17.478858],[78.321351,17.478748],[78.32141,17.478744],[78.321419,17.478854]]]},"properties":{"id":"b66b6ffa107a","height":null,"num_floors":null,"render_height_m":6.4,"height_label":"assumed"}},{"type":"Feature","geometry":{"type":"Polygon","coordinates":[[[78.321127,17.478923],[78.32102,17.478931],[78.321014,17.478861],[78.321121,17.478853],[78.321127,17.478923]]]},"properties":{"id":"ef41f02e466f","height":null,"num_floors":null,"render_height_m":9.6,"height_label":"assumed"}},{"type":"Feature","geometry":{"type":"Polygon","coordinates":[[[78.321242,17.478897],[78.321151,17.478903],[78.321144,17.478799],[78.321235,17.478793],[78.321242,17.478897]]]},"properties":{"id":"751a45479a6b","height":null,"num_floors":null,"render_height_m":9.6,"height_label":"assumed"}},{"type":"Feature","geometry":{"type":"Polygon","coordinates":[[[78.321235,17.478787],[78.321134,17.478799],[78.321123,17.478711],[78.321224,17.4787],[78.321235,17.478787]]]},"properties":{"id":"8e517ea1d8b1","height":null,"num_floors":null,"render_height_m":9.6,"height_label":"assumed"}},{"type":"Feature","geometry":{"type":"Polygon","coordinates":[[[78.321301,17.478865],[78.321259,17.478868],[78.321252,17.478775],[78.321294,17.478772],[78.321301,17.478865]]]},"properties":{"id":"051f9c58f261","height":null,"num_floors":null,"render_height_m":6.4,"height_label":"assumed"}},{"type":"Feature","geometry":{"type":"Polygon","coordinates":[[[78.321353,17.478864],[78.321307,17.478868],[78.321298,17.478773],[78.321345,17.478769],[78.321353,17.478864]]]},"properties":{"id":"784d8667309f","height":null,"num_floors":null,"render_height_m":6.4,"height_label":"assumed"}},{"type":"Feature","geometry":{"type":"Polygon","coordinates":[[[78.321291,17.478655],[78.321221,17.478671],[78.321203,17.4786],[78.321274,17.478584],[78.321291,17.478655]]]},"properties":{"id":"cb0b9415e0ad","height":null,"num_floors":null,"render_height_m":6.4,"height_label":"assumed"}},{"type":"Feature","geometry":{"type":"Polygon","coordinates":[[[78.321378,17.478662],[78.321304,17.478681],[78.321273,17.478569],[78.321347,17.47855],[78.321378,17.478662]]]},"properties":{"id":"8a16cb14f60d","height":null,"num_floors":null,"render_height_m":9.6,"height_label":"assumed"}},{"type":"Feature","geometry":{"type":"Polygon","coordinates":[[[78.321417,17.47851],[78.321278,17.478539],[78.321252,17.478426],[78.321391,17.478397],[78.321417,17.47851]]]},"properties":{"id":"b8f34adb3fef","height":null,"num_floors":null,"render_height_m":9.6,"height_label":"assumed"}},{"type":"Feature","geometry":{"type":"Polygon","coordinates":[[[78.32127,17.478548],[78.321193,17.478566],[78.321173,17.478488],[78.321249,17.47847],[78.32127,17.478548]]]},"properties":{"id":"20d3c4daf075","height":null,"num_floors":null,"render_height_m":6.4,"height_label":"assumed"}},{"type":"Feature","geometry":{"type":"Polygon","coordinates":[[[78.321185,17.47857],[78.321143,17.47858],[78.321123,17.478505],[78.321166,17.478495],[78.321185,17.47857]]]},"properties":{"id":"355b6180b233","height":null,"num_floors":null,"render_height_m":6.4,"height_label":"assumed"}},{"type":"Feature","geometry":{"type":"Polygon","coordinates":[[[78.321113,17.478376],[78.321139,17.478489],[78.321091,17.478499],[78.321064,17.478386],[78.321113,17.478376]]]},"properties":{"id":"7648f3bf50a0","height":null,"num_floors":null,"render_height_m":6.4,"height_label":"assumed"}},{"type":"Feature","geometry":{"type":"Polygon","coordinates":[[[78.321139,17.4786],[78.321004,17.478637],[78.320976,17.478543],[78.321111,17.478507],[78.321139,17.4786]]]},"properties":{"id":"ac0db80ab2b4","height":null,"num_floors":null,"render_height_m":9.6,"height_label":"assumed"}},{"type":"Feature","geometry":{"type":"Polygon","coordinates":[[[78.321215,17.478694],[78.321175,17.478704],[78.32115,17.478608],[78.321191,17.478599],[78.321215,17.478694]]]},"properties":{"id":"40cb63997aad","height":null,"num_floors":null,"render_height_m":6.4,"height_label":"assumed"}},{"type":"Feature","geometry":{"type":"Polygon","coordinates":[[[78.321035,17.478729],[78.321009,17.478652],[78.321138,17.478612],[78.321164,17.478688],[78.321035,17.478729]]]},"properties":{"id":"9f2bd6c6a9e5","height":null,"num_floors":null,"render_height_m":9.6,"height_label":"assumed"}},{"type":"Feature","geometry":{"type":"Polygon","coordinates":[[[78.320981,17.478759],[78.320905,17.478765],[78.320894,17.478637],[78.320971,17.478631],[78.320981,17.478759]]]},"properties":{"id":"95e2cb5c8044","height":null,"num_floors":null,"render_height_m":9.6,"height_label":"assumed"}},{"type":"Feature","geometry":{"type":"Polygon","coordinates":[[[78.321085,17.478504],[78.32097,17.478533],[78.320938,17.478421],[78.321053,17.478391],[78.321085,17.478504]]]},"properties":{"id":"cef7d0d75b87","height":null,"num_floors":null,"render_height_m":9.6,"height_label":"assumed"}},{"type":"Feature","geometry":{"type":"Polygon","coordinates":[[[78.320949,17.478616],[78.320872,17.478622],[78.320864,17.478513],[78.32094,17.478507],[78.320949,17.478616]]]},"properties":{"id":"1a287bc59bdc","height":null,"num_floors":null,"render_height_m":9.6,"height_label":"assumed"}},{"type":"Feature","geometry":{"type":"Polygon","coordinates":[[[78.320909,17.478475],[78.320829,17.478485],[78.320818,17.478408],[78.320898,17.478397],[78.320909,17.478475]]]},"properties":{"id":"f0d173e78c9c","height":null,"num_floors":null,"render_height_m":6.4,"height_label":"assumed"}},{"type":"Feature","geometry":{"type":"Polygon","coordinates":[[[78.32073,17.478492],[78.320716,17.47843],[78.320808,17.47841],[78.320822,17.478473],[78.32073,17.478492]]]},"properties":{"id":"968719adc9c3","height":null,"num_floors":null,"render_height_m":6.4,"height_label":"assumed"}},{"type":"Feature","geometry":{"type":"Polygon","coordinates":[[[78.320852,17.478631],[78.320747,17.478638],[78.32074,17.478545],[78.320845,17.478538],[78.320852,17.478631]]]},"properties":{"id":"3325f8cd6a03","height":null,"num_floors":null,"render_height_m":9.6,"height_label":"assumed"}},{"type":"Feature","geometry":{"type":"Polygon","coordinates":[[[78.320886,17.478744],[78.320762,17.478753],[78.320755,17.478654],[78.320879,17.478645],[78.320886,17.478744]]]},"properties":{"id":"ff441126a27f","height":null,"num_floors":null,"render_height_m":9.6,"height_label":"assumed"}},{"type":"Feature","geometry":{"type":"Polygon","coordinates":[[[78.320879,17.478863],[78.320779,17.47887],[78.320771,17.478765],[78.320871,17.478758],[78.320879,17.478863]]]},"properties":{"id":"252c98a3f393","height":null,"num_floors":null,"render_height_m":9.6,"height_label":"assumed"}},{"type":"Feature","geometry":{"type":"Polygon","coordinates":[[[78.321111,17.478831],[78.320999,17.478839],[78.320992,17.478746],[78.321103,17.478738],[78.321111,17.478831]]]},"properties":{"id":"e4b55c0a7d98","height":null,"num_floors":null,"render_height_m":9.6,"height_label":"assumed"}},{"type":"Feature","geometry":{"type":"Polygon","coordinates":[[[78.320994,17.478929],[78.320933,17.478934],[78.320921,17.478782],[78.320982,17.478778],[78.320994,17.478929]]]},"properties":{"id":"288090b16160","height":null,"num_floors":null,"render_height_m":9.6,"height_label":"assumed"}},{"type":"Feature","geometry":{"type":"Polygon","coordinates":[[[78.320883,17.478942],[78.320779,17.47895],[78.320773,17.478886],[78.320878,17.478878],[78.320883,17.478942]]]},"properties":{"id":"69feedd7d0e8","height":null,"num_floors":null,"render_height_m":6.4,"height_label":"assumed"}},{"type":"Feature","geometry":{"type":"Polygon","coordinates":[[[78.320865,17.479069],[78.320774,17.479102],[78.320746,17.479034],[78.320837,17.479001],[78.320865,17.479069]]]},"properties":{"id":"ce8683e407ae","height":null,"num_floors":null,"render_height_m":9.6,"height_label":"assumed"}},{"type":"Feature","geometry":{"type":"Polygon","coordinates":[[[78.320923,17.479041],[78.320863,17.479049],[78.320856,17.479003],[78.320916,17.478994],[78.320923,17.479041]]]},"properties":{"id":"3dc73de5d1c0","height":null,"num_floors":null,"render_height_m":6.4,"height_label":"assumed"}},{"type":"Feature","geometry":{"type":"Polygon","coordinates":[[[78.321006,17.47905],[78.320933,17.479055],[78.32093,17.479001],[78.321003,17.478997],[78.321006,17.47905]]]},"properties":{"id":"97f36159d234","height":null,"num_floors":null,"render_height_m":6.4,"height_label":"assumed"}},{"type":"Feature","geometry":{"type":"Polygon","coordinates":[[[78.320916,17.479174],[78.320834,17.479209],[78.320795,17.479125],[78.320876,17.47909],[78.320916,17.479174]]]},"properties":{"id":"11e4103d5461","height":null,"num_floors":null,"render_height_m":9.6,"height_label":"assumed"}},{"type":"Feature","geometry":{"type":"Polygon","coordinates":[[[78.320849,17.479609],[78.320777,17.479609],[78.320776,17.479484],[78.320848,17.479483],[78.320849,17.479609]]]},"properties":{"id":"dc51fc0c692e","height":null,"num_floors":null,"render_height_m":9.6,"height_label":"assumed"}},{"type":"Feature","geometry":{"type":"Polygon","coordinates":[[[78.32101,17.479471],[78.320909,17.479476],[78.3209,17.479326],[78.321002,17.479321],[78.32101,17.479471]]]},"properties":{"id":"3bd88f987d19","height":null,"num_floors":null,"render_height_m":9.6,"height_label":"assumed"}},{"type":"Feature","geometry":{"type":"Polygon","coordinates":[[[78.32124,17.479474],[78.321092,17.479488],[78.321086,17.479425],[78.321234,17.479411],[78.32124,17.479474]]]},"properties":{"id":"0eb5aa974d12","height":null,"num_floors":null,"render_height_m":9.6,"height_label":"assumed"}},{"type":"Feature","geometry":{"type":"Polygon","coordinates":[[[78.321405,17.479285],[78.321312,17.47929],[78.321308,17.479224],[78.321401,17.479219],[78.321405,17.479285]]]},"properties":{"id":"57f1417bc178","height":null,"num_floors":null,"render_height_m":6.4,"height_label":"assumed"}},{"type":"Feature","geometry":{"type":"Polygon","coordinates":[[[78.321404,17.479205],[78.3213,17.479212],[78.321294,17.479134],[78.321397,17.479126],[78.321404,17.479205]]]},"properties":{"id":"086173524bc6","height":null,"num_floors":null,"render_height_m":9.6,"height_label":"assumed"}},{"type":"Feature","geometry":{"type":"Polygon","coordinates":[[[78.321078,17.479356],[78.321054,17.479207],[78.321204,17.479185],[78.321228,17.479334],[78.321078,17.479356]]]},"properties":{"id":"f12244acf3b7","height":null,"num_floors":null,"render_height_m":12.8,"height_label":"assumed"}},{"type":"Feature","geometry":{"type":"Polygon","coordinates":[[[78.321195,17.47917],[78.321059,17.479187],[78.32105,17.479116],[78.321185,17.479099],[78.321195,17.47917]]]},"properties":{"id":"07ac98889c18","height":null,"num_floors":null,"render_height_m":9.6,"height_label":"assumed"}},{"type":"Feature","geometry":{"type":"Polygon","coordinates":[[[78.321028,17.479014],[78.321066,17.479008],[78.321083,17.479105],[78.321046,17.479111],[78.321028,17.479014]]]},"properties":{"id":"9b809c7e5b5d","height":null,"num_floors":null,"render_height_m":6.4,"height_label":"assumed"}},{"type":"Feature","geometry":{"type":"Polygon","coordinates":[[[78.321187,17.479084],[78.321123,17.479092],[78.321109,17.47899],[78.321173,17.478982],[78.321187,17.479084]]]},"properties":{"id":"4b1de7d381e7","height":null,"num_floors":null,"render_height_m":6.4,"height_label":"assumed"}},{"type":"Feature","geometry":{"type":"Polygon","coordinates":[[[78.321378,17.479084],[78.32129,17.479093],[78.321276,17.478964],[78.321365,17.478956],[78.321378,17.479084]]]},"properties":{"id":"cf4dd0d01ecb","height":null,"num_floors":null,"render_height_m":9.6,"height_label":"assumed"}},{"type":"Feature","geometry":{"type":"Polygon","coordinates":[[[78.321518,17.479099],[78.321454,17.479107],[78.321433,17.47895],[78.321496,17.478943],[78.321518,17.479099]]]},"properties":{"id":"126cc0ae366a","height":null,"num_floors":null,"render_height_m":9.6,"height_label":"assumed"}},{"type":"Feature","geometry":{"type":"Polygon","coordinates":[[[78.321521,17.47927],[78.321427,17.479281],[78.321409,17.479139],[78.321503,17.479129],[78.321521,17.47927]]]},"properties":{"id":"031affae19fd","height":null,"num_floors":null,"render_height_m":9.6,"height_label":"assumed"}},{"type":"Feature","geometry":{"type":"Polygon","coordinates":[[[78.321636,17.479253],[78.32154,17.479265],[78.321522,17.479125],[78.321619,17.479114],[78.321636,17.479253]]]},"properties":{"id":"ed0f82d10b95","height":null,"num_floors":null,"render_height_m":9.6,"height_label":"assumed"}},{"type":"Feature","geometry":{"type":"Polygon","coordinates":[[[78.3216,17.47907],[78.321524,17.479079],[78.321507,17.478946],[78.321583,17.478937],[78.3216,17.47907]]]},"properties":{"id":"6ee17e3f3605","height":null,"num_floors":null,"render_height_m":9.6,"height_label":"assumed"}},{"type":"Feature","geometry":{"type":"Polygon","coordinates":[[[78.321902,17.479104],[78.321797,17.479103],[78.321798,17.479029],[78.321903,17.47903],[78.321902,17.479104]]]},"properties":{"id":"19b6f5a0c944","height":null,"num_floors":null,"render_height_m":9.6,"height_label":"assumed"}},{"type":"Feature","geometry":{"type":"Polygon","coordinates":[[[78.321902,17.47922],[78.321786,17.479219],[78.321786,17.479115],[78.321903,17.479115],[78.321902,17.47922]]]},"properties":{"id":"fdc5ecb2fffa","height":null,"num_floors":null,"render_height_m":9.6,"height_label":"assumed"}},{"type":"Feature","geometry":{"type":"Polygon","coordinates":[[[78.321745,17.479238],[78.321657,17.479245],[78.321644,17.479092],[78.321731,17.479085],[78.321745,17.479238]]]},"properties":{"id":"4109509f9632","height":null,"num_floors":null,"render_height_m":9.6,"height_label":"assumed"}},{"type":"Feature","geometry":{"type":"Polygon","coordinates":[[[78.321789,17.479429],[78.32168,17.479445],[78.321663,17.479342],[78.321772,17.479326],[78.321789,17.479429]]]},"properties":{"id":"072e3e730e06","height":null,"num_floors":null,"render_height_m":9.6,"height_label":"assumed"}},{"type":"Feature","geometry":{"type":"Polygon","coordinates":[[[78.321884,17.479337],[78.321788,17.479338],[78.321787,17.479273],[78.321881,17.479281],[78.321884,17.479337]]]},"properties":{"id":"33e0291c42de","height":null,"num_floors":null,"render_height_m":6.4,"height_label":"assumed"}},{"type":"Feature","geometry":{"type":"Polygon","coordinates":[[[78.321895,17.4794],[78.32179,17.479399],[78.321791,17.479346],[78.321895,17.479346],[78.321895,17.4794]]]},"properties":{"id":"19c55d240cba","height":null,"num_floors":null,"render_height_m":6.4,"height_label":"assumed"}},{"type":"Feature","geometry":{"type":"Polygon","coordinates":[[[78.32188,17.479511],[78.321803,17.479511],[78.321803,17.479415],[78.32188,17.479415],[78.32188,17.479511]]]},"properties":{"id":"a3786ddcdd81","height":null,"num_floors":null,"render_height_m":9.6,"height_label":"assumed"}},{"type":"Feature","geometry":{"type":"Polygon","coordinates":[[[78.322019,17.479591],[78.321912,17.47959],[78.321913,17.47951],[78.32202,17.47951],[78.322019,17.479591]]]},"properties":{"id":"17851fcb1cfe","height":null,"num_floors":null,"render_height_m":9.6,"height_label":"assumed"}},{"type":"Feature","geometry":{"type":"Polygon","coordinates":[[[78.321786,17.479535],[78.321694,17.479543],[78.321685,17.479449],[78.321776,17.479441],[78.321786,17.479535]]]},"properties":{"id":"52f949c3b290","height":null,"num_floors":null,"render_height_m":9.6,"height_label":"assumed"}},{"type":"Feature","geometry":{"type":"Polygon","coordinates":[[[78.321675,17.479509],[78.321577,17.479516],[78.321572,17.479457],[78.32167,17.47945],[78.321675,17.479509]]]},"properties":{"id":"f557c0bf3c84","height":null,"num_floors":null,"render_height_m":6.4,"height_label":"assumed"}},{"type":"Feature","geometry":{"type":"Polygon","coordinates":[[[78.321664,17.479435],[78.321564,17.479442],[78.321558,17.479355],[78.321658,17.479349],[78.321664,17.479435]]]},"properties":{"id":"174f79c55ebd","height":null,"num_floors":null,"render_height_m":9.6,"height_label":"assumed"}},{"type":"Feature","geometry":{"type":"Polygon","coordinates":[[[78.321427,17.479457],[78.321313,17.479458],[78.321312,17.479371],[78.321425,17.47937],[78.321427,17.479457]]]},"properties":{"id":"ddc685cb1768","height":null,"num_floors":null,"render_height_m":9.6,"height_label":"assumed"}},{"type":"Feature","geometry":{"type":"Polygon","coordinates":[[[78.321461,17.479622],[78.321312,17.479637],[78.321303,17.479557],[78.321452,17.479541],[78.321461,17.479622]]]},"properties":{"id":"0786c9d89c16","height":null,"num_floors":null,"render_height_m":9.6,"height_label":"assumed"}},{"type":"Feature","geometry":{"type":"Polygon","coordinates":[[[78.321443,17.47972],[78.321325,17.479735],[78.321314,17.479656],[78.321432,17.479641],[78.321443,17.47972]]]},"properties":{"id":"651b04a38e04","height":null,"num_floors":null,"render_height_m":9.6,"height_label":"assumed"}},{"type":"Feature","geometry":{"type":"Polygon","coordinates":[[[78.321389,17.479758],[78.321421,17.479755],[78.321426,17.479804],[78.321394,17.479807],[78.321389,17.479758]]]},"properties":{"id":"ff1eff5dd021","height":null,"num_floors":null,"render_height_m":6.4,"height_label":"assumed"}},{"type":"Feature","geometry":{"type":"Polygon","coordinates":[[[78.321507,17.479792],[78.321492,17.479694],[78.321581,17.479682],[78.321596,17.47978],[78.321507,17.479792]]]},"properties":{"id":"ca5a72a03c46","height":null,"num_floors":null,"render_height_m":9.6,"height_label":"assumed"}},{"type":"Feature","geometry":{"type":"Polygon","coordinates":[[[78.321574,17.479895],[78.321516,17.479901],[78.321507,17.479823],[78.321565,17.479817],[78.321574,17.479895]]]},"properties":{"id":"7cbba1710745","height":null,"num_floors":null,"render_height_m":6.4,"height_label":"assumed"}},{"type":"Feature","geometry":{"type":"Polygon","coordinates":[[[78.321681,17.479886],[78.3216,17.47989],[78.321595,17.479814],[78.321677,17.47981],[78.321681,17.479886]]]},"properties":{"id":"66b4f90080c3","height":null,"num_floors":null,"render_height_m":6.4,"height_label":"assumed"}},{"type":"Feature","geometry":{"type":"Polygon","coordinates":[[[78.321677,17.479764],[78.321607,17.479768],[78.3216,17.479665],[78.32167,17.479661],[78.321677,17.479764]]]},"properties":{"id":"3c1b2d23ad66","height":null,"num_floors":null,"render_height_m":9.6,"height_label":"assumed"}},{"type":"Feature","geometry":{"type":"Polygon","coordinates":[[[78.321563,17.479666],[78.321483,17.47967],[78.321479,17.4796],[78.32156,17.479596],[78.321563,17.479666]]]},"properties":{"id":"f5f582a94711","height":null,"num_floors":null,"render_height_m":6.4,"height_label":"assumed"}},{"type":"Feature","geometry":{"type":"Polygon","coordinates":[[[78.321872,17.47965],[78.32179,17.479651],[78.321788,17.479543],[78.321871,17.479542],[78.321872,17.47965]]]},"properties":{"id":"af3707e45054","height":null,"num_floors":null,"render_height_m":9.6,"height_label":"assumed"}},{"type":"Feature","geometry":{"type":"Polygon","coordinates":[[[78.32179,17.479749],[78.321787,17.47967],[78.321888,17.479666],[78.321891,17.479745],[78.32179,17.479749]]]},"properties":{"id":"88f0b5fc8176","height":null,"num_floors":null,"render_height_m":9.6,"height_label":"assumed"}},{"type":"Feature","geometry":{"type":"Polygon","coordinates":[[[78.321918,17.479842],[78.321792,17.479857],[78.321782,17.47978],[78.321909,17.479765],[78.321918,17.479842]]]},"properties":{"id":"4c277e2df74a","height":null,"num_floors":null,"render_height_m":9.6,"height_label":"assumed"}},{"type":"Feature","geometry":{"type":"Polygon","coordinates":[[[78.32179,17.479867],[78.321691,17.479877],[78.321682,17.479796],[78.32178,17.479786],[78.32179,17.479867]]]},"properties":{"id":"fff388007d39","height":null,"num_floors":null,"render_height_m":9.6,"height_label":"assumed"}},{"type":"Feature","geometry":{"type":"Polygon","coordinates":[[[78.321794,17.479943],[78.321699,17.479951],[78.321693,17.479886],[78.321788,17.479878],[78.321794,17.479943]]]},"properties":{"id":"67b70ed9c774","height":null,"num_floors":null,"render_height_m":6.4,"height_label":"assumed"}},{"type":"Feature","geometry":{"type":"Polygon","coordinates":[[[78.321877,17.479903],[78.321809,17.479917],[78.321798,17.479872],[78.321867,17.479857],[78.321877,17.479903]]]},"properties":{"id":"b316369d1a4e","height":null,"num_floors":null,"render_height_m":6.4,"height_label":"assumed"}},{"type":"Feature","geometry":{"type":"Polygon","coordinates":[[[78.321956,17.479952],[78.321904,17.479964],[78.321877,17.479852],[78.321929,17.479841],[78.321956,17.479952]]]},"properties":{"id":"0508c5d8597c","height":null,"num_floors":null,"render_height_m":6.4,"height_label":"assumed"}},{"type":"Feature","geometry":{"type":"Polygon","coordinates":[[[78.321818,17.479981],[78.321807,17.479929],[78.321882,17.479914],[78.321893,17.479966],[78.321818,17.479981]]]},"properties":{"id":"bc8574eaa8d8","height":null,"num_floors":null,"render_height_m":6.4,"height_label":"assumed"}},{"type":"Feature","geometry":{"type":"Polygon","coordinates":[[[78.321986,17.480146],[78.321846,17.480161],[78.321832,17.480046],[78.321973,17.480031],[78.321986,17.480146]]]},"properties":{"id":"e773df223eda","height":null,"num_floors":null,"render_height_m":9.6,"height_label":"assumed"}},{"type":"Feature","geometry":{"type":"Polygon","coordinates":[[[78.321751,17.480198],[78.321591,17.480214],[78.321578,17.480086],[78.321737,17.48007],[78.321751,17.480198]]]},"properties":{"id":"6ab08acb622a","height":null,"num_floors":null,"render_height_m":9.6,"height_label":"assumed"}},{"type":"Feature","geometry":{"type":"Polygon","coordinates":[[[78.321695,17.48],[78.321615,17.480007],[78.321605,17.479907],[78.321686,17.4799],[78.321695,17.48]]]},"properties":{"id":"738cc6847cc9","height":null,"num_floors":null,"render_height_m":9.6,"height_label":"assumed"}},{"type":"Feature","geometry":{"type":"Polygon","coordinates":[[[78.321594,17.479997],[78.321552,17.480002],[78.321543,17.479915],[78.321585,17.479911],[78.321594,17.479997]]]},"properties":{"id":"967609e6c9dd","height":null,"num_floors":null,"render_height_m":6.4,"height_label":"assumed"}},{"type":"Feature","geometry":{"type":"Polygon","coordinates":[[[78.321388,17.480025],[78.321376,17.479936],[78.321497,17.47992],[78.32151,17.480009],[78.321388,17.480025]]]},"properties":{"id":"4298de785b53","height":null,"num_floors":null,"render_height_m":9.6,"height_label":"assumed"}},{"type":"Feature","geometry":{"type":"Polygon","coordinates":[[[78.321494,17.479902],[78.321374,17.479917],[78.321363,17.479838],[78.321483,17.479823],[78.321494,17.479902]]]},"properties":{"id":"2acc200aa147","height":null,"num_floors":null,"render_height_m":9.6,"height_label":"assumed"}},{"type":"Feature","geometry":{"type":"Polygon","coordinates":[[[78.321196,17.480127],[78.321186,17.480051],[78.321323,17.480035],[78.321333,17.48011],[78.321196,17.480127]]]},"properties":{"id":"41b7bb4b650c","height":null,"num_floors":null,"render_height_m":9.6,"height_label":"assumed"}},{"type":"Feature","geometry":{"type":"Polygon","coordinates":[[[78.321114,17.480133],[78.321021,17.480139],[78.321015,17.480044],[78.321108,17.480038],[78.321114,17.480133]]]},"properties":{"id":"8e5fbd8505fb","height":null,"num_floors":null,"render_height_m":9.6,"height_label":"assumed"}},{"type":"Feature","geometry":{"type":"Polygon","coordinates":[[[78.321297,17.479903],[78.321175,17.479918],[78.321169,17.479873],[78.321291,17.479859],[78.321297,17.479903]]]},"properties":{"id":"65ea3d488cb6","height":null,"num_floors":null,"render_height_m":6.4,"height_label":"assumed"}},{"type":"Feature","geometry":{"type":"Polygon","coordinates":[[[78.321306,17.480025],[78.321185,17.480039],[78.321171,17.479928],[78.321292,17.479914],[78.321306,17.480025]]]},"properties":{"id":"7f7c2999183c","height":null,"num_floors":null,"render_height_m":9.6,"height_label":"assumed"}},{"type":"Feature","geometry":{"type":"Polygon","coordinates":[[[78.321284,17.479854],[78.321167,17.479868],[78.321143,17.47968],[78.32126,17.479667],[78.321284,17.479854]]]},"properties":{"id":"6786bc2a777e","height":null,"num_floors":null,"render_height_m":12.8,"height_label":"assumed"}},{"type":"Feature","geometry":{"type":"Polygon","coordinates":[[[78.32126,17.479651],[78.321112,17.479661],[78.321103,17.479552],[78.321252,17.479541],[78.32126,17.479651]]]},"properties":{"id":"d8e0ee58b269","height":null,"num_floors":null,"render_height_m":9.6,"height_label":"assumed"}},{"type":"Feature","geometry":{"type":"Polygon","coordinates":[[[78.320869,17.480053],[78.320769,17.480058],[78.320765,17.479974],[78.320865,17.479969],[78.320869,17.480053]]]},"properties":{"id":"d90f3a3502a6","height":null,"num_floors":null,"render_height_m":9.6,"height_label":"assumed"}},{"type":"Feature","geometry":{"type":"Polygon","coordinates":[[[78.320883,17.480164],[78.320767,17.480176],[78.320756,17.480075],[78.320872,17.480063],[78.320883,17.480164]]]},"properties":{"id":"5ca24e83044e","height":null,"num_floors":null,"render_height_m":9.6,"height_label":"assumed"}},{"type":"Feature","geometry":{"type":"Polygon","coordinates":[[[78.320755,17.480179],[78.320674,17.480187],[78.32066,17.480071],[78.320741,17.480062],[78.320755,17.480179]]]},"properties":{"id":"bbcfe89350a0","height":null,"num_floors":null,"render_height_m":9.6,"height_label":"assumed"}},{"type":"Feature","geometry":{"type":"Polygon","coordinates":[[[78.320666,17.479963],[78.320578,17.479969],[78.320568,17.479848],[78.320656,17.479841],[78.320666,17.479963]]]},"properties":{"id":"4d154b9a1db1","height":null,"num_floors":null,"render_height_m":9.6,"height_label":"assumed"}},{"type":"Feature","geometry":{"type":"Polygon","coordinates":[[[78.320556,17.480026],[78.320624,17.48002],[78.320634,17.48011],[78.320566,17.480116],[78.320556,17.480026]]]},"properties":{"id":"8979d768adb3","height":null,"num_floors":null,"render_height_m":6.4,"height_label":"assumed"}},{"type":"Feature","geometry":{"type":"Polygon","coordinates":[[[78.320498,17.480215],[78.32041,17.480223],[78.320397,17.480083],[78.320484,17.480075],[78.320498,17.480215]]]},"properties":{"id":"014ee4de58f4","height":null,"num_floors":null,"render_height_m":9.6,"height_label":"assumed"}},{"type":"Feature","geometry":{"type":"Polygon","coordinates":[[[78.320238,17.479973],[78.320112,17.479988],[78.320097,17.47987],[78.320222,17.479855],[78.320238,17.479973]]]},"properties":{"id":"65c22fe1c5ee","height":null,"num_floors":null,"render_height_m":9.6,"height_label":"assumed"}},{"type":"Feature","geometry":{"type":"Polygon","coordinates":[[[78.320496,17.480016],[78.320276,17.480057],[78.320255,17.479873],[78.320472,17.479852],[78.320496,17.480016]]]},"properties":{"id":"e302ad0a6631","height":null,"num_floors":null,"render_height_m":12.8,"height_label":"assumed"}},{"type":"Feature","geometry":{"type":"Polygon","coordinates":[[[78.320383,17.479777],[78.320374,17.479695],[78.32049,17.479682],[78.3205,17.479765],[78.320383,17.479777]]]},"properties":{"id":"97339be5177c","height":null,"num_floors":null,"render_height_m":9.6,"height_label":"assumed"}},{"type":"Feature","geometry":{"type":"Polygon","coordinates":[[[78.320225,17.47979],[78.320091,17.479806],[78.320078,17.4797],[78.320211,17.479684],[78.320225,17.47979]]]},"properties":{"id":"fac48ff16727","height":12.8,"num_floors":4,"render_height_m":12.8,"height_label":"estimated"}},{"type":"Feature","geometry":{"type":"Polygon","coordinates":[[[78.320341,17.479764],[78.320233,17.479776],[78.32021,17.479602],[78.320319,17.47959],[78.320341,17.479764]]]},"properties":{"id":"5c1a20d2c31d","height":16.0,"num_floors":5,"render_height_m":16.0,"height_label":"estimated"}},{"type":"Feature","geometry":{"type":"Polygon","coordinates":[[[78.320208,17.479672],[78.320071,17.479688],[78.320063,17.479624],[78.3202,17.479608],[78.320208,17.479672]]]},"properties":{"id":"f395de4ef74d","height":12.8,"num_floors":4,"render_height_m":12.8,"height_label":"estimated"}},{"type":"Feature","geometry":{"type":"Polygon","coordinates":[[[78.320472,17.47965],[78.320364,17.479656],[78.320359,17.479588],[78.320468,17.479581],[78.320472,17.47965]]]},"properties":{"id":"7bf6e21daf59","height":null,"num_floors":null,"render_height_m":9.6,"height_label":"assumed"}},{"type":"Feature","geometry":{"type":"Polygon","coordinates":[[[78.320622,17.479709],[78.320497,17.479719],[78.320484,17.479566],[78.320609,17.479556],[78.320622,17.479709]]]},"properties":{"id":"4de18a05e820","height":null,"num_floors":null,"render_height_m":9.6,"height_label":"assumed"}},{"type":"Feature","geometry":{"type":"Polygon","coordinates":[[[78.320527,17.479523],[78.320467,17.47953],[78.320446,17.479369],[78.320506,17.479362],[78.320527,17.479523]]]},"properties":{"id":"98b84b71a310","height":null,"num_floors":null,"render_height_m":9.6,"height_label":"assumed"}},{"type":"Feature","geometry":{"type":"Polygon","coordinates":[[[78.320602,17.479515],[78.320535,17.479523],[78.320515,17.479367],[78.320582,17.479359],[78.320602,17.479515]]]},"properties":{"id":"e8487d7aa232","height":null,"num_floors":null,"render_height_m":9.6,"height_label":"assumed"}},{"type":"Feature","geometry":{"type":"Polygon","coordinates":[[[78.320725,17.479248],[78.320658,17.479267],[78.320634,17.479194],[78.320701,17.479174],[78.320725,17.479248]]]},"properties":{"id":"c2281723f776","height":null,"num_floors":null,"render_height_m":6.4,"height_label":"assumed"}},{"type":"Feature","geometry":{"type":"Polygon","coordinates":[[[78.32067,17.479084],[78.320574,17.47909],[78.320568,17.479006],[78.320664,17.479],[78.32067,17.479084]]]},"properties":{"id":"a44d4783cdf1","height":null,"num_floors":null,"render_height_m":9.6,"height_label":"assumed"}},{"type":"Feature","geometry":{"type":"Polygon","coordinates":[[[78.320573,17.479195],[78.32058,17.479225],[78.320519,17.479239],[78.320511,17.479208],[78.320573,17.479195]]]},"properties":{"id":"c26c3ecc9ffa","height":null,"num_floors":null,"render_height_m":6.4,"height_label":"assumed"}},{"type":"Feature","geometry":{"type":"Polygon","coordinates":[[[78.320369,17.47918],[78.320362,17.479113],[78.320481,17.479101],[78.320488,17.479167],[78.320369,17.47918]]]},"properties":{"id":"2f2b407a4443","height":null,"num_floors":null,"render_height_m":9.6,"height_label":"assumed"}},{"type":"Feature","geometry":{"type":"Polygon","coordinates":[[[78.320483,17.479091],[78.320363,17.4791],[78.320358,17.479031],[78.320477,17.479022],[78.320483,17.479091]]]},"properties":{"id":"49098c2b5b09","height":null,"num_floors":null,"render_height_m":9.6,"height_label":"assumed"}},{"type":"Feature","geometry":{"type":"Polygon","coordinates":[[[78.320333,17.479093],[78.320243,17.479099],[78.320238,17.47904],[78.320329,17.479033],[78.320333,17.479093]]]},"properties":{"id":"ceb49a59ed83","height":null,"num_floors":null,"render_height_m":6.4,"height_label":"assumed"}},{"type":"Feature","geometry":{"type":"Polygon","coordinates":[[[78.320329,17.479177],[78.320243,17.479185],[78.320237,17.479117],[78.320323,17.479109],[78.320329,17.479177]]]},"properties":{"id":"f3e759317047","height":null,"num_floors":null,"render_height_m":6.4,"height_label":"assumed"}},{"type":"Feature","geometry":{"type":"Polygon","coordinates":[[[78.320304,17.479404],[78.3202,17.479416],[78.32018,17.479254],[78.320283,17.479242],[78.320304,17.479404]]]},"properties":{"id":"57e5bc96ce61","height":null,"num_floors":null,"render_height_m":9.6,"height_label":"assumed"}},{"type":"Feature","geometry":{"type":"Polygon","coordinates":[[[78.320445,17.47936],[78.320334,17.479373],[78.320315,17.479229],[78.320426,17.479216],[78.320445,17.47936]]]},"properties":{"id":"7ac652d32b8a","height":null,"num_floors":null,"render_height_m":9.6,"height_label":"assumed"}},{"type":"Feature","geometry":{"type":"Polygon","coordinates":[[[78.320458,17.479535],[78.32036,17.479546],[78.32034,17.479391],[78.320438,17.47938],[78.320458,17.479535]]]},"properties":{"id":"4f2df84d1549","height":null,"num_floors":null,"render_height_m":9.6,"height_label":"assumed"}},{"type":"Feature","geometry":{"type":"Polygon","coordinates":[[[78.320303,17.479551],[78.320213,17.479562],[78.320202,17.479478],[78.320293,17.479468],[78.320303,17.479551]]]},"properties":{"id":"f423236e2dee","height":null,"num_floors":null,"render_height_m":9.6,"height_label":"assumed"}},{"type":"Feature","geometry":{"type":"Polygon","coordinates":[[[78.320195,17.479569],[78.320039,17.479587],[78.320027,17.479494],[78.320183,17.479476],[78.320195,17.479569]]]},"properties":{"id":"63b34752b9a0","height":null,"num_floors":null,"render_height_m":9.6,"height_label":"assumed"}},{"type":"Feature","geometry":{"type":"Polygon","coordinates":[[[78.320173,17.479463],[78.320041,17.479479],[78.32003,17.479394],[78.320163,17.479379],[78.320173,17.479463]]]},"properties":{"id":"80650facc3b4","height":null,"num_floors":null,"render_height_m":9.6,"height_label":"assumed"}},{"type":"Feature","geometry":{"type":"Polygon","coordinates":[[[78.320179,17.479362],[78.320041,17.479378],[78.320027,17.479267],[78.320165,17.479251],[78.320179,17.479362]]]},"properties":{"id":"727a86dd996b","height":null,"num_floors":null,"render_height_m":9.6,"height_label":"assumed"}},{"type":"Feature","geometry":{"type":"Polygon","coordinates":[[[78.320225,17.479195],[78.319997,17.47923],[78.319974,17.479097],[78.320202,17.479061],[78.320225,17.479195]]]},"properties":{"id":"6dd7d72c495f","height":null,"num_floors":null,"render_height_m":12.8,"height_label":"assumed"}},{"type":"Feature","geometry":{"type":"Polygon","coordinates":[[[78.31975,17.479234],[78.31976,17.479273],[78.319731,17.47928],[78.319721,17.47924],[78.31975,17.479234]]]},"properties":{"id":"ba5a96b53390","height":null,"num_floors":null,"render_height_m":6.4,"height_label":"assumed"}},{"type":"Feature","geometry":{"type":"Polygon","coordinates":[[[78.319716,17.479116],[78.319746,17.479117],[78.319745,17.479137],[78.319791,17.479138],[78.319788,17.479232],[78.319711,17.479229],[78.319716,17.479116]]]},"properties":{"id":"deac3e0fa771","height":null,"num_floors":null,"render_height_m":9.6,"height_label":"assumed"}},{"type":"Feature","geometry":{"type":"Polygon","coordinates":[[[78.319706,17.479019],[78.31977,17.479019],[78.31977,17.479073],[78.319707,17.479074],[78.319706,17.479019]]]},"properties":{"id":"f1096c865f3a","height":null,"num_floors":null,"render_height_m":6.4,"height_label":"assumed"}},{"type":"Feature","geometry":{"type":"Polygon","coordinates":[[[78.31971,17.479216],[78.31963,17.479216],[78.319631,17.479142],[78.319711,17.479142],[78.31971,17.479216]]]},"properties":{"id":"b5b2b4d5eed4","height":null,"num_floors":null,"render_height_m":6.4,"height_label":"assumed"}},{"type":"Feature","geometry":{"type":"Polygon","coordinates":[[[78.319738,17.479285],[78.319792,17.479276],[78.319798,17.47931],[78.319744,17.479319],[78.319738,17.479285]]]},"properties":{"id":"96852ec4ca3e","height":null,"num_floors":null,"render_height_m":6.4,"height_label":"assumed"}},{"type":"Feature","geometry":{"type":"Polygon","coordinates":[[[78.319875,17.480344],[78.319777,17.480359],[78.319684,17.479808],[78.319782,17.479793],[78.319875,17.480344]]]},"properties":{"id":"fc43d71b2597","height":6.4,"num_floors":2,"render_height_m":6.4,"height_label":"estimated"}},{"type":"Feature","geometry":{"type":"Polygon","coordinates":[[[78.31967,17.480055],[78.319386,17.48009],[78.319356,17.479872],[78.319641,17.479837],[78.31967,17.480055]]]},"properties":{"id":"2295bdd80537","height":null,"num_floors":null,"render_height_m":12.8,"height_label":"assumed"}},{"type":"Feature","geometry":{"type":"Polygon","coordinates":[[[78.319437,17.479831],[78.319339,17.479843],[78.31932,17.4797],[78.319418,17.479688],[78.319437,17.479831]]]},"properties":{"id":"67d2dcd0e2d1","height":null,"num_floors":null,"render_height_m":9.6,"height_label":"assumed"}},{"type":"Feature","geometry":{"type":"Polygon","coordinates":[[[78.319093,17.479733],[78.319131,17.479728],[78.319137,17.479766],[78.3191,17.479771],[78.319093,17.479733]]]},"properties":{"id":"4f77b598f93f","height":null,"num_floors":null,"render_height_m":6.4,"height_label":"assumed"}},{"type":"Feature","geometry":{"type":"Polygon","coordinates":[[[78.319131,17.479865],[78.319171,17.479866],[78.319169,17.47991],[78.319129,17.479908],[78.319131,17.479865]]]},"properties":{"id":"60b644b5f744","height":null,"num_floors":null,"render_height_m":6.4,"height_label":"assumed"}},{"type":"Feature","geometry":{"type":"Polygon","coordinates":[[[78.318772,17.480094],[78.318794,17.48009],[78.318802,17.480129],[78.318826,17.480125],[78.318831,17.480147],[78.318785,17.480156],[78.318772,17.480094]]]},"properties":{"id":"2e33c8c0a4d0","height":null,"num_floors":null,"render_height_m":6.4,"height_label":"assumed"}},{"type":"Feature","geometry":{"type":"Polygon","coordinates":[[[78.318734,17.479948],[78.318781,17.479945],[78.318789,17.480051],[78.318742,17.480055],[78.318734,17.479948]]]},"properties":{"id":"292755ebcc5a","height":null,"num_floors":null,"render_height_m":6.4,"height_label":"assumed"}},{"type":"Feature","geometry":{"type":"Polygon","coordinates":[[[78.318938,17.479423],[78.318876,17.479425],[78.318874,17.479349],[78.318936,17.479347],[78.318938,17.479423]]]},"properties":{"id":"c31782818f44","height":null,"num_floors":null,"render_height_m":6.4,"height_label":"assumed"}},{"type":"Feature","geometry":{"type":"Polygon","coordinates":[[[78.318733,17.479416],[78.318566,17.479427],[78.31855,17.479215],[78.318717,17.479204],[78.318733,17.479416]]]},"properties":{"id":"c9bd7085058f","height":null,"num_floors":null,"render_height_m":12.8,"height_label":"assumed"}},{"type":"Feature","geometry":{"type":"Polygon","coordinates":[[[78.318484,17.479325],[78.318506,17.479323],[78.31851,17.479377],[78.318488,17.479378],[78.318484,17.479325]]]},"properties":{"id":"d0ba547c9c1c","height":null,"num_floors":null,"render_height_m":6.4,"height_label":"assumed"}},{"type":"Feature","geometry":{"type":"Polygon","coordinates":[[[78.318329,17.479256],[78.318444,17.479253],[78.318445,17.479291],[78.31833,17.479294],[78.318329,17.479256]]]},"properties":{"id":"95ca0ee4785d","height":null,"num_floors":null,"render_height_m":6.4,"height_label":"assumed"}},{"type":"Feature","geometry":{"type":"Polygon","coordinates":[[[78.318325,17.47899],[78.318436,17.479009],[78.318409,17.479155],[78.318298,17.479136],[78.318325,17.47899]]]},"properties":{"id":"28f84518eb28","height":null,"num_floors":null,"render_height_m":9.6,"height_label":"assumed"}},{"type":"Feature","geometry":{"type":"Polygon","coordinates":[[[78.318806,17.47924],[78.318812,17.479312],[78.318772,17.479315],[78.318766,17.479243],[78.318806,17.47924]]]},"properties":{"id":"ed66ac0256c3","height":null,"num_floors":null,"render_height_m":6.4,"height_label":"assumed"}},{"type":"Feature","geometry":{"type":"Polygon","coordinates":[[[78.318808,17.479193],[78.318866,17.479187],[78.318875,17.47927],[78.318817,17.479276],[78.318808,17.479193]]]},"properties":{"id":"9c6e054bb94c","height":null,"num_floors":null,"render_height_m":6.4,"height_label":"assumed"}},{"type":"Feature","geometry":{"type":"Polygon","coordinates":[[[78.319274,17.479287],[78.319172,17.479292],[78.31917,17.479237],[78.319271,17.479232],[78.319274,17.479287]]]},"properties":{"id":"c9eb01af1367","height":null,"num_floors":null,"render_height_m":6.4,"height_label":"assumed"}},{"type":"Feature","geometry":{"type":"Polygon","coordinates":[[[78.319424,17.479011],[78.319467,17.479012],[78.319467,17.479036],[78.319424,17.479036],[78.319424,17.479011]]]},"properties":{"id":"03663bb109bd","height":null,"num_floors":null,"render_height_m":6.4,"height_label":"assumed"}},{"type":"Feature","geometry":{"type":"Polygon","coordinates":[[[78.319404,17.478984],[78.319451,17.478984],[78.319451,17.479011],[78.319404,17.47901],[78.319404,17.478984]]]},"properties":{"id":"86c59f039d88","height":null,"num_floors":null,"render_height_m":6.4,"height_label":"assumed"}},{"type":"Feature","geometry":{"type":"Polygon","coordinates":[[[78.319366,17.478906],[78.319524,17.4789],[78.319528,17.478971],[78.31937,17.478978],[78.319366,17.478906]]]},"properties":{"id":"e6aa56aa160c","height":null,"num_floors":null,"render_height_m":9.6,"height_label":"assumed"}},{"type":"Feature","geometry":{"type":"Polygon","coordinates":[[[78.319387,17.478715],[78.319511,17.478703],[78.319517,17.478766],[78.319394,17.478778],[78.319387,17.478715]]]},"properties":{"id":"8a850fab4d4b","height":null,"num_floors":null,"render_height_m":9.6,"height_label":"assumed"}},{"type":"Feature","geometry":{"type":"Polygon","coordinates":[[[78.31931,17.478848],[78.31933,17.478849],[78.319325,17.478933],[78.319305,17.478932],[78.31931,17.478848]]]},"properties":{"id":"f478948b70d9","height":null,"num_floors":null,"render_height_m":6.4,"height_label":"assumed"}},{"type":"Feature","geometry":{"type":"Polygon","coordinates":[[[78.319054,17.478979],[78.318835,17.479004],[78.31882,17.478883],[78.31904,17.478859],[78.319054,17.478979]]]},"properties":{"id":"38e9e66f31d2","height":null,"num_floors":null,"render_height_m":12.8,"height_label":"assumed"}},{"type":"Feature","geometry":{"type":"Polygon","coordinates":[[[78.31904,17.478673],[78.319177,17.478693],[78.319157,17.478814],[78.31902,17.478794],[78.31904,17.478673]]]},"properties":{"id":"89ffdbf00ec9","height":null,"num_floors":null,"render_height_m":9.6,"height_label":"assumed"}},{"type":"Feature","geometry":{"type":"Polygon","coordinates":[[[78.319182,17.478542],[78.319237,17.478549],[78.319229,17.478611],[78.319175,17.478604],[78.319182,17.478542]]]},"properties":{"id":"47c3e837c5b2","height":null,"num_floors":null,"render_height_m":6.4,"height_label":"assumed"}},{"type":"Feature","geometry":{"type":"Polygon","coordinates":[[[78.319328,17.478393],[78.319252,17.478383],[78.319269,17.478265],[78.319345,17.478275],[78.319328,17.478393]]]},"properties":{"id":"e119084544f8","height":null,"num_floors":null,"render_height_m":9.6,"height_label":"assumed"}},{"type":"Feature","geometry":{"type":"Polygon","coordinates":[[[78.31939,17.478265],[78.319293,17.478252],[78.319306,17.47816],[78.319403,17.478173],[78.31939,17.478265]]]},"properties":{"id":"4256851dc400","height":null,"num_floors":null,"render_height_m":9.6,"height_label":"assumed"}},{"type":"Feature","geometry":{"type":"Polygon","coordinates":[[[78.319499,17.478281],[78.319406,17.478269],[78.319419,17.478182],[78.319512,17.478194],[78.319499,17.478281]]]},"properties":{"id":"831ea645cb0a","height":null,"num_floors":null,"render_height_m":9.6,"height_label":"assumed"}},{"type":"Feature","geometry":{"type":"Polygon","coordinates":[[[78.319516,17.478142],[78.319425,17.478134],[78.319434,17.478046],[78.319524,17.478054],[78.319516,17.478142]]]},"properties":{"id":"dbda28117d64","height":null,"num_floors":null,"render_height_m":9.6,"height_label":"assumed"}},{"type":"Feature","geometry":{"type":"Polygon","coordinates":[[[78.31946,17.477937],[78.31935,17.477923],[78.319365,17.477816],[78.319475,17.477831],[78.31946,17.477937]]]},"properties":{"id":"68522a12fe5b","height":null,"num_floors":null,"render_height_m":9.6,"height_label":"assumed"}},{"type":"Feature","geometry":{"type":"Polygon","coordinates":[[[78.319397,17.478126],[78.319303,17.478114],[78.319316,17.47802],[78.319411,17.478032],[78.319397,17.478126]]]},"properties":{"id":"1c3fc53ca47a","height":null,"num_floors":null,"render_height_m":9.6,"height_label":"assumed"}},{"type":"Feature","geometry":{"type":"Polygon","coordinates":[[[78.319172,17.478032],[78.319124,17.478025],[78.319139,17.477915],[78.319188,17.477921],[78.319172,17.478032]]]},"properties":{"id":"e03c2169d14d","height":null,"num_floors":null,"render_height_m":6.4,"height_label":"assumed"}},{"type":"Feature","geometry":{"type":"Polygon","coordinates":[[[78.318956,17.477998],[78.318862,17.477986],[78.31888,17.47786],[78.318973,17.477873],[78.318956,17.477998]]]},"properties":{"id":"db5bf9f8a188","height":null,"num_floors":null,"render_height_m":9.6,"height_label":"assumed"}},{"type":"Feature","geometry":{"type":"Polygon","coordinates":[[[78.318993,17.478193],[78.318917,17.478183],[78.318932,17.478084],[78.319008,17.478093],[78.318993,17.478193]]]},"properties":{"id":"dccb87fa8572","height":null,"num_floors":null,"render_height_m":9.6,"height_label":"assumed"}},{"type":"Feature","geometry":{"type":"Polygon","coordinates":[[[78.318889,17.478206],[78.31897,17.478217],[78.318952,17.47834],[78.318871,17.47833],[78.318889,17.478206]]]},"properties":{"id":"a92ac18b118b","height":null,"num_floors":null,"render_height_m":9.6,"height_label":"assumed"}},{"type":"Feature","geometry":{"type":"Polygon","coordinates":[[[78.319069,17.478107],[78.319152,17.478118],[78.319135,17.478238],[78.319052,17.478227],[78.319069,17.478107]]]},"properties":{"id":"8d74a4c80c6d","height":null,"num_floors":null,"render_height_m":9.6,"height_label":"assumed"}},{"type":"Feature","geometry":{"type":"Polygon","coordinates":[[[78.319177,17.478133],[78.319266,17.478144],[78.319248,17.478267],[78.319159,17.478255],[78.319177,17.478133]]]},"properties":{"id":"858be0f8423a","height":null,"num_floors":null,"render_height_m":9.6,"height_label":"assumed"}},{"type":"Feature","geometry":{"type":"Polygon","coordinates":[[[78.318706,17.478271],[78.318636,17.478262],[78.318652,17.478149],[78.318722,17.478158],[78.318706,17.478271]]]},"properties":{"id":"c3a00132fac0","height":null,"num_floors":null,"render_height_m":9.6,"height_label":"assumed"}},{"type":"Feature","geometry":{"type":"Polygon","coordinates":[[[78.318801,17.478182],[78.318876,17.478192],[78.318858,17.47831],[78.318783,17.478299],[78.318801,17.478182]]]},"properties":{"id":"a03cb8db3d5f","height":null,"num_floors":null,"render_height_m":9.6,"height_label":"assumed"}},{"type":"Feature","geometry":{"type":"Polygon","coordinates":[[[78.3189,17.478182],[78.31883,17.478173],[78.318843,17.478078],[78.318913,17.478087],[78.3189,17.478182]]]},"properties":{"id":"d76b9451ab99","height":null,"num_floors":null,"render_height_m":6.4,"height_label":"assumed"}},{"type":"Feature","geometry":{"type":"Polygon","coordinates":[[[78.318811,17.478179],[78.318742,17.478171],[78.31876,17.478048],[78.318828,17.478057],[78.318811,17.478179]]]},"properties":{"id":"7280c2ea54ce","height":null,"num_floors":null,"render_height_m":9.6,"height_label":"assumed"}},{"type":"Feature","geometry":{"type":"Polygon","coordinates":[[[78.318793,17.477963],[78.318703,17.477952],[78.318717,17.477851],[78.318808,17.477863],[78.318793,17.477963]]]},"properties":{"id":"2e69948d0647","height":null,"num_floors":null,"render_height_m":9.6,"height_label":"assumed"}},{"type":"Feature","geometry":{"type":"Polygon","coordinates":[[[78.318692,17.477944],[78.318605,17.477933],[78.318618,17.477838],[78.318705,17.477849],[78.318692,17.477944]]]},"properties":{"id":"7293857fe666","height":null,"num_floors":null,"render_height_m":9.6,"height_label":"assumed"}},{"type":"Feature","geometry":{"type":"Polygon","coordinates":[[[78.318655,17.47804],[78.318736,17.478052],[78.318724,17.478127],[78.318643,17.478116],[78.318655,17.47804]]]},"properties":{"id":"07529eb67021","height":null,"num_floors":null,"render_height_m":6.4,"height_label":"assumed"}},{"type":"Feature","geometry":{"type":"Polygon","coordinates":[[[78.318571,17.478124],[78.318492,17.478113],[78.318508,17.477998],[78.318588,17.478008],[78.318571,17.478124]]]},"properties":{"id":"5a3c5a3a9f1f","height":null,"num_floors":null,"render_height_m":9.6,"height_label":"assumed"}},{"type":"Feature","geometry":{"type":"Polygon","coordinates":[[[78.318594,17.477926],[78.318536,17.477919],[78.31855,17.477825],[78.318607,17.477832],[78.318594,17.477926]]]},"properties":{"id":"de59f219c970","height":null,"num_floors":null,"render_height_m":6.4,"height_label":"assumed"}},{"type":"Feature","geometry":{"type":"Polygon","coordinates":[[[78.318479,17.478115],[78.318397,17.478104],[78.318416,17.477976],[78.318497,17.477987],[78.318479,17.478115]]]},"properties":{"id":"9fde4d6d0cf9","height":null,"num_floors":null,"render_height_m":9.6,"height_label":"assumed"}},{"type":"Feature","geometry":{"type":"Polygon","coordinates":[[[78.318546,17.478247],[78.318468,17.478237],[78.318483,17.478127],[78.318561,17.478137],[78.318546,17.478247]]]},"properties":{"id":"ceeccfaebe78","height":null,"num_floors":null,"render_height_m":9.6,"height_label":"assumed"}},{"type":"Feature","geometry":{"type":"Polygon","coordinates":[[[78.318626,17.478258],[78.318557,17.47825],[78.318573,17.478141],[78.318641,17.47815],[78.318626,17.478258]]]},"properties":{"id":"5b19fed42cdb","height":null,"num_floors":null,"render_height_m":9.6,"height_label":"assumed"}},{"type":"Feature","geometry":{"type":"Polygon","coordinates":[[[78.3184,17.478736],[78.318285,17.478717],[78.318351,17.478358],[78.318466,17.478377],[78.3184,17.478736]]]},"properties":{"id":"5a077993c8df","height":null,"num_floors":null,"render_height_m":12.8,"height_label":"assumed"}},{"type":"Feature","geometry":{"type":"Polygon","coordinates":[[[78.318656,17.478387],[78.319089,17.478454],[78.319071,17.47856],[78.318988,17.478547],[78.318995,17.478506],[78.318781,17.478473],[78.318774,17.478514],[78.318639,17.478493],[78.318656,17.478387]]]},"properties":{"id":"c90f81b01911","height":null,"num_floors":null,"render_height_m":12.8,"height_label":"assumed"}},{"type":"Feature","geometry":{"type":"Polygon","coordinates":[[[78.318646,17.478607],[78.318764,17.478627],[78.318751,17.478696],[78.318634,17.478676],[78.318646,17.478607]]]},"properties":{"id":"9b1da6691189","height":null,"num_floors":null,"render_height_m":9.6,"height_label":"assumed"}},{"type":"Feature","geometry":{"type":"Polygon","coordinates":[[[78.318621,17.478743],[78.318739,17.478763],[78.318725,17.478835],[78.318608,17.478815],[78.318621,17.478743]]]},"properties":{"id":"ad99d68bf1b6","height":null,"num_floors":null,"render_height_m":9.6,"height_label":"assumed"}},{"type":"Feature","geometry":{"type":"Polygon","coordinates":[[[78.318634,17.478676],[78.318751,17.478696],[78.318739,17.478763],[78.318621,17.478743],[78.318634,17.478676]]]},"properties":{"id":"6d2eb7cd1c7b","height":null,"num_floors":null,"render_height_m":9.6,"height_label":"assumed"}},{"type":"Feature","geometry":{"type":"Polygon","coordinates":[[[78.318609,17.478816],[78.318726,17.478835],[78.318703,17.478973],[78.318567,17.478952],[78.318572,17.47892],[78.318591,17.478923],[78.318609,17.478816]]]},"properties":{"id":"47a55c73f050","height":null,"num_floors":null,"render_height_m":9.6,"height_label":"assumed"}},{"type":"Feature","geometry":{"type":"Polygon","coordinates":[[[78.318363,17.478781],[78.318473,17.4788],[78.318449,17.478938],[78.318338,17.478919],[78.318363,17.478781]]]},"properties":{"id":"1a909e0bb99b","height":null,"num_floors":null,"render_height_m":9.6,"height_label":"assumed"}},{"type":"Feature","geometry":{"type":"Polygon","coordinates":[[[78.318338,17.478919],[78.318449,17.478938],[78.318436,17.479009],[78.318325,17.47899],[78.318338,17.478919]]]},"properties":{"id":"2b29bfa6eeea","height":null,"num_floors":null,"render_height_m":9.6,"height_label":"assumed"}},{"type":"Feature","geometry":{"type":"Polygon","coordinates":[[[78.31819,17.478838],[78.31801,17.478818],[78.318025,17.478693],[78.318205,17.478712],[78.31819,17.478838]]]},"properties":{"id":"dc04648c8763","height":null,"num_floors":null,"render_height_m":12.8,"height_label":"assumed"}},{"type":"Feature","geometry":{"type":"Polygon","coordinates":[[[78.318161,17.478918],[78.318014,17.478902],[78.318023,17.47883],[78.318169,17.478846],[78.318161,17.478918]]]},"properties":{"id":"f55c5caa6258","height":null,"num_floors":null,"render_height_m":9.6,"height_label":"assumed"}},{"type":"Feature","geometry":{"type":"Polygon","coordinates":[[[78.318075,17.47853],[78.317932,17.47851],[78.317946,17.47842],[78.318089,17.47844],[78.318075,17.47853]]]},"properties":{"id":"f6159d7b0f47","height":null,"num_floors":null,"render_height_m":9.6,"height_label":"assumed"}},{"type":"Feature","geometry":{"type":"Polygon","coordinates":[[[78.318215,17.478515],[78.318129,17.478501],[78.318142,17.478432],[78.318227,17.478446],[78.318215,17.478515]]]},"properties":{"id":"5dba09cacd05","height":null,"num_floors":null,"render_height_m":6.4,"height_label":"assumed"}},{"type":"Feature","geometry":{"type":"Polygon","coordinates":[[[78.318245,17.478344],[78.318159,17.478331],[78.318169,17.47827],[78.318255,17.478283],[78.318245,17.478344]]]},"properties":{"id":"394d28af8e2d","height":null,"num_floors":null,"render_height_m":6.4,"height_label":"assumed"}},{"type":"Feature","geometry":{"type":"Polygon","coordinates":[[[78.318058,17.478347],[78.318153,17.478361],[78.318143,17.478423],[78.318048,17.478409],[78.318058,17.478347]]]},"properties":{"id":"34a70654b510","height":null,"num_floors":null,"render_height_m":6.4,"height_label":"assumed"}},{"type":"Feature","geometry":{"type":"Polygon","coordinates":[[[78.318124,17.478352],[78.317987,17.478329],[78.318,17.478258],[78.318137,17.478281],[78.318124,17.478352]]]},"properties":{"id":"271f0038809f","height":null,"num_floors":null,"render_height_m":9.6,"height_label":"assumed"}},{"type":"Feature","geometry":{"type":"Polygon","coordinates":[[[78.318127,17.478256],[78.318024,17.478238],[78.31804,17.478156],[78.318142,17.478174],[78.318127,17.478256]]]},"properties":{"id":"d68034b0b9e6","height":null,"num_floors":null,"render_height_m":9.6,"height_label":"assumed"}},{"type":"Feature","geometry":{"type":"Polygon","coordinates":[[[78.318271,17.478202],[78.318157,17.478188],[78.318165,17.478128],[78.318279,17.478142],[78.318271,17.478202]]]},"properties":{"id":"d1175e7e15e5","height":null,"num_floors":null,"render_height_m":9.6,"height_label":"assumed"}},{"type":"Feature","geometry":{"type":"Polygon","coordinates":[[[78.318278,17.478127],[78.318151,17.478109],[78.318163,17.478029],[78.318291,17.478047],[78.318278,17.478127]]]},"properties":{"id":"7b7fbac45a64","height":null,"num_floors":null,"render_height_m":9.6,"height_label":"assumed"}},{"type":"Feature","geometry":{"type":"Polygon","coordinates":[[[78.318322,17.477953],[78.318217,17.47794],[78.318229,17.477855],[78.318334,17.477869],[78.318322,17.477953]]]},"properties":{"id":"7fef81a61567","height":null,"num_floors":null,"render_height_m":9.6,"height_label":"assumed"}},{"type":"Feature","geometry":{"type":"Polygon","coordinates":[[[78.318208,17.477939],[78.318102,17.477925],[78.318111,17.477863],[78.318217,17.477877],[78.318208,17.477939]]]},"properties":{"id":"5856e081efa9","height":null,"num_floors":null,"render_height_m":6.4,"height_label":"assumed"}},{"type":"Feature","geometry":{"type":"Polygon","coordinates":[[[78.31819,17.478012],[78.318066,17.477995],[78.318076,17.477925],[78.3182,17.477941],[78.31819,17.478012]]]},"properties":{"id":"355414572fdf","height":null,"num_floors":null,"render_height_m":9.6,"height_label":"assumed"}},{"type":"Feature","geometry":{"type":"Polygon","coordinates":[[[78.318145,17.478094],[78.318034,17.478076],[78.318046,17.478006],[78.318158,17.478023],[78.318145,17.478094]]]},"properties":{"id":"5d5b90892628","height":null,"num_floors":null,"render_height_m":9.6,"height_label":"assumed"}},{"type":"Feature","geometry":{"type":"Polygon","coordinates":[[[78.317964,17.478165],[78.317881,17.478154],[78.317894,17.478064],[78.317977,17.478075],[78.317964,17.478165]]]},"properties":{"id":"aa3f90f58abb","height":null,"num_floors":null,"render_height_m":9.6,"height_label":"assumed"}},{"type":"Feature","geometry":{"type":"Polygon","coordinates":[[[78.317976,17.477981],[78.31783,17.477962],[78.317841,17.477885],[78.317987,17.477904],[78.317976,17.477981]]]},"properties":{"id":"c40d7073b0ff","height":null,"num_floors":null,"render_height_m":9.6,"height_label":"assumed"}},{"type":"Feature","geometry":{"type":"Polygon","coordinates":[[[78.31787,17.47802],[78.317875,17.478079],[78.317715,17.478089],[78.317711,17.47803],[78.31787,17.47802]]]},"properties":{"id":"a3a534aede2d","height":null,"num_floors":null,"render_height_m":9.6,"height_label":"assumed"}},{"type":"Feature","geometry":{"type":"Polygon","coordinates":[[[78.317561,17.478122],[78.317876,17.478102],[78.317886,17.47825],[78.317545,17.478271],[78.31754,17.478196],[78.317566,17.478194],[78.317561,17.478122]]]},"properties":{"id":"7ea335ccfa55","height":null,"num_floors":null,"render_height_m":12.8,"height_label":"assumed"}},{"type":"Feature","geometry":{"type":"Polygon","coordinates":[[[78.317337,17.4781],[78.31749,17.478115],[78.317479,17.478218],[78.317326,17.478203],[78.317337,17.4781]]]},"properties":{"id":"14ade8bde805","height":null,"num_floors":null,"render_height_m":9.6,"height_label":"assumed"}},{"type":"Feature","geometry":{"type":"Polygon","coordinates":[[[78.317703,17.47803],[78.317709,17.478113],[78.317561,17.478122],[78.317555,17.47804],[78.317703,17.47803]]]},"properties":{"id":"872f767c6171","height":null,"num_floors":null,"render_height_m":9.6,"height_label":"assumed"}},{"type":"Feature","geometry":{"type":"Polygon","coordinates":[[[78.317607,17.477841],[78.317611,17.477944],[78.317533,17.477947],[78.317529,17.477844],[78.317607,17.477841]]]},"properties":{"id":"f1862ac71e29","height":null,"num_floors":null,"render_height_m":9.6,"height_label":"assumed"}},{"type":"Feature","geometry":{"type":"Polygon","coordinates":[[[78.317348,17.477993],[78.317502,17.478009],[78.31749,17.478115],[78.317337,17.4781],[78.317348,17.477993]]]},"properties":{"id":"3c7f26a42ce8","height":null,"num_floors":null,"render_height_m":9.6,"height_label":"assumed"}},{"type":"Feature","geometry":{"type":"Polygon","coordinates":[[[78.317094,17.477977],[78.317214,17.477993],[78.317189,17.478173],[78.317069,17.478157],[78.317094,17.477977]]]},"properties":{"id":"04e9b431607b","height":null,"num_floors":null,"render_height_m":12.8,"height_label":"assumed"}},{"type":"Feature","geometry":{"type":"Polygon","coordinates":[[[78.317365,17.478396],[78.317226,17.478381],[78.317237,17.478293],[78.317376,17.478308],[78.317365,17.478396]]]},"properties":{"id":"899d5f0af252","height":null,"num_floors":null,"render_height_m":9.6,"height_label":"assumed"}},{"type":"Feature","geometry":{"type":"Polygon","coordinates":[[[78.317283,17.478391],[78.317407,17.478404],[78.317401,17.478451],[78.317329,17.478444],[78.317277,17.478438],[78.317283,17.478391]]]},"properties":{"id":"fbbf5ef8bf1a","height":null,"num_floors":null,"render_height_m":6.4,"height_label":"assumed"}},{"type":"Feature","geometry":{"type":"Polygon","coordinates":[[[78.317334,17.478631],[78.317194,17.478616],[78.317204,17.478537],[78.317343,17.478552],[78.317334,17.478631]]]},"properties":{"id":"d48839a57d17","height":null,"num_floors":null,"render_height_m":9.6,"height_label":"assumed"}},{"type":"Feature","geometry":{"type":"Polygon","coordinates":[[[78.31726,17.478646],[78.317392,17.478662],[78.31738,17.478749],[78.317249,17.478733],[78.31726,17.478646]]]},"properties":{"id":"f6b94bd2be19","height":null,"num_floors":null,"render_height_m":9.6,"height_label":"assumed"}},{"type":"Feature","geometry":{"type":"Polygon","coordinates":[[[78.317355,17.478538],[78.317198,17.478521],[78.317208,17.478442],[78.317364,17.478459],[78.317355,17.478538]]]},"properties":{"id":"df52a436af9e","height":null,"num_floors":null,"render_height_m":9.6,"height_label":"assumed"}},{"type":"Feature","geometry":{"type":"Polygon","coordinates":[[[78.317426,17.47845],[78.317505,17.478457],[78.317501,17.478501],[78.317422,17.478495],[78.317426,17.47845]]]},"properties":{"id":"bea2a50aba61","height":null,"num_floors":null,"render_height_m":6.4,"height_label":"assumed"}},{"type":"Feature","geometry":{"type":"Polygon","coordinates":[[[78.31752,17.479529],[78.317463,17.479528],[78.317468,17.47939],[78.317525,17.479392],[78.31752,17.479529]]]},"properties":{"id":"47ef157458c6","height":null,"num_floors":null,"render_height_m":9.6,"height_label":"assumed"}},{"type":"Feature","geometry":{"type":"Polygon","coordinates":[[[78.31764,17.479519],[78.317531,17.479514],[78.317537,17.479391],[78.317645,17.479396],[78.31764,17.479519]]]},"properties":{"id":"0566a4d2c4c8","height":null,"num_floors":null,"render_height_m":9.6,"height_label":"assumed"}},{"type":"Feature","geometry":{"type":"Polygon","coordinates":[[[78.317605,17.479358],[78.317497,17.479357],[78.317498,17.479264],[78.317606,17.479265],[78.317605,17.479358]]]},"properties":{"id":"a483a88ab66f","height":null,"num_floors":null,"render_height_m":9.6,"height_label":"assumed"}},{"type":"Feature","geometry":{"type":"Polygon","coordinates":[[[78.317737,17.479347],[78.317626,17.479342],[78.31763,17.479269],[78.317741,17.479274],[78.317737,17.479347]]]},"properties":{"id":"f6e52fc5b62e","height":null,"num_floors":null,"render_height_m":9.6,"height_label":"assumed"}},{"type":"Feature","geometry":{"type":"Polygon","coordinates":[[[78.317596,17.479246],[78.317494,17.479225],[78.317547,17.478989],[78.31802,17.479085],[78.318,17.479172],[78.317629,17.479097],[78.317596,17.479246]]]},"properties":{"id":"90ddf555a08d","height":null,"num_floors":null,"render_height_m":12.8,"height_label":"assumed"}},{"type":"Feature","geometry":{"type":"Polygon","coordinates":[[[78.317849,17.479149],[78.317951,17.479171],[78.317941,17.479214],[78.317839,17.479193],[78.317849,17.479149]]]},"properties":{"id":"5916aab6e2ce","height":null,"num_floors":null,"render_height_m":6.4,"height_label":"assumed"}},{"type":"Feature","geometry":{"type":"Polygon","coordinates":[[[78.318046,17.479377],[78.318069,17.479378],[78.318068,17.479426],[78.318044,17.479426],[78.318046,17.479377]]]},"properties":{"id":"47cc32e9b6c4","height":null,"num_floors":null,"render_height_m":6.4,"height_label":"assumed"}},{"type":"Feature","geometry":{"type":"Polygon","coordinates":[[[78.318246,17.479444],[78.318169,17.479446],[78.318168,17.479414],[78.318245,17.479412],[78.318246,17.479444]]]},"properties":{"id":"4b1e230c4dbc","height":null,"num_floors":null,"render_height_m":6.4,"height_label":"assumed"}},{"type":"Feature","geometry":{"type":"Polygon","coordinates":[[[78.317832,17.479475],[78.317876,17.479478],[78.317874,17.479497],[78.317831,17.479494],[78.317832,17.479475]]]},"properties":{"id":"49a8ab3969d4","height":null,"num_floors":null,"render_height_m":6.4,"height_label":"assumed"}},{"type":"Feature","geometry":{"type":"Polygon","coordinates":[[[78.317807,17.479321],[78.317833,17.479322],[78.317828,17.479395],[78.317802,17.479393],[78.317807,17.479321]]]},"properties":{"id":"daa19aecf35f","height":null,"num_floors":null,"render_height_m":6.4,"height_label":"assumed"}},{"type":"Feature","geometry":{"type":"Polygon","coordinates":[[[78.318068,17.479876],[78.318124,17.479873],[78.318128,17.479962],[78.318073,17.479965],[78.318068,17.479876]]]},"properties":{"id":"9d1ac368cf63","height":null,"num_floors":null,"render_height_m":6.4,"height_label":"assumed"}},{"type":"Feature","geometry":{"type":"Polygon","coordinates":[[[78.317973,17.480045],[78.31773,17.480061],[78.317716,17.479857],[78.317958,17.479842],[78.317973,17.480045]]]},"properties":{"id":"3877f17c38dd","height":null,"num_floors":null,"render_height_m":12.8,"height_label":"assumed"}},{"type":"Feature","geometry":{"type":"Polygon","coordinates":[[[78.317688,17.480072],[78.317592,17.480079],[78.317578,17.479883],[78.317673,17.479877],[78.317688,17.480072]]]},"properties":{"id":"61a5ecbc57e4","height":null,"num_floors":null,"render_height_m":9.6,"height_label":"assumed"}},{"type":"Feature","geometry":{"type":"Polygon","coordinates":[[[78.317282,17.479553],[78.317309,17.479554],[78.317305,17.479615],[78.317278,17.479613],[78.317282,17.479553]]]},"properties":{"id":"c1aa10e9d2ee","height":null,"num_floors":null,"render_height_m":6.4,"height_label":"assumed"}},{"type":"Feature","geometry":{"type":"Polygon","coordinates":[[[78.317278,17.479928],[78.317292,17.480051],[78.317182,17.480063],[78.317167,17.47994],[78.317278,17.479928]]]},"properties":{"id":"41822f8ae4d7","height":null,"num_floors":null,"render_height_m":9.6,"height_label":"assumed"}},{"type":"Feature","geometry":{"type":"Polygon","coordinates":[[[78.317396,17.47993],[78.317408,17.480046],[78.317319,17.480055],[78.317307,17.479938],[78.317396,17.47993]]]},"properties":{"id":"0411b9e25c3d","height":null,"num_floors":null,"render_height_m":9.6,"height_label":"assumed"}},{"type":"Feature","geometry":{"type":"Polygon","coordinates":[[[78.316832,17.479862],[78.316874,17.479858],[78.316874,17.479853],[78.316996,17.47984],[78.317018,17.480035],[78.316975,17.480039],[78.316973,17.480021],[78.316883,17.480031],[78.316878,17.479983],[78.316846,17.479986],[78.316832,17.479862]]]},"properties":{"id":"18339b9782f3","height":null,"num_floors":null,"render_height_m":12.8,"height_label":"assumed"}},{"type":"Feature","geometry":{"type":"Polygon","coordinates":[[[78.316787,17.480126],[78.316639,17.480132],[78.316632,17.479975],[78.31678,17.479969],[78.316787,17.480126]]]},"properties":{"id":"850eb8c38819","height":null,"num_floors":null,"render_height_m":12.8,"height_label":"assumed"}},{"type":"Feature","geometry":{"type":"Polygon","coordinates":[[[78.316616,17.480135],[78.316466,17.480136],[78.316466,17.479994],[78.316616,17.479993],[78.316616,17.480135]]]},"properties":{"id":"98d7b365b0ab","height":null,"num_floors":null,"render_height_m":12.8,"height_label":"assumed"}},{"type":"Feature","geometry":{"type":"Polygon","coordinates":[[[78.316986,17.479302],[78.317046,17.479296],[78.317055,17.479382],[78.316995,17.479387],[78.316986,17.479302]]]},"properties":{"id":"7b4de76413f2","height":null,"num_floors":null,"render_height_m":6.4,"height_label":"assumed"}},{"type":"Feature","geometry":{"type":"Polygon","coordinates":[[[78.316975,17.479569],[78.316327,17.479627],[78.316313,17.479291],[78.316937,17.47919],[78.316975,17.479569]]]},"properties":{"id":"919b3d948c94","height":null,"num_floors":null,"render_height_m":19.2,"height_label":"assumed"}},{"type":"Feature","geometry":{"type":"Polygon","coordinates":[[[78.316124,17.479164],[78.315783,17.47919],[78.315769,17.479002],[78.315849,17.479],[78.315859,17.479108],[78.316115,17.479087],[78.316124,17.479164]]]},"properties":{"id":"f7134a874b86","height":null,"num_floors":null,"render_height_m":12.8,"height_label":"assumed"}},{"type":"Feature","geometry":{"type":"Polygon","coordinates":[[[78.316063,17.479318],[78.315773,17.479341],[78.315766,17.479257],[78.316055,17.479235],[78.316063,17.479318]]]},"properties":{"id":"533b8b84c187","height":null,"num_floors":null,"render_height_m":12.8,"height_label":"assumed"}},{"type":"Feature","geometry":{"type":"Polygon","coordinates":[[[78.316027,17.479651],[78.315833,17.479672],[78.315797,17.479373],[78.31599,17.479351],[78.316027,17.479651]]]},"properties":{"id":"cce5e8371ec5","height":null,"num_floors":null,"render_height_m":12.8,"height_label":"assumed"}},{"type":"Feature","geometry":{"type":"Polygon","coordinates":[[[78.316433,17.480135],[78.31635,17.480138],[78.316344,17.479987],[78.316427,17.479984],[78.316433,17.480135]]]},"properties":{"id":"1a56bdfb9c3b","height":null,"num_floors":null,"render_height_m":9.6,"height_label":"assumed"}},{"type":"Feature","geometry":{"type":"Polygon","coordinates":[[[78.3163,17.480154],[78.3162,17.480159],[78.316193,17.480015],[78.316293,17.48001],[78.3163,17.480154]]]},"properties":{"id":"a49e9f002784","height":null,"num_floors":null,"render_height_m":9.6,"height_label":"assumed"}},{"type":"Feature","geometry":{"type":"Polygon","coordinates":[[[78.315967,17.479953],[78.31603,17.479954],[78.31603,17.479977],[78.315966,17.479976],[78.315967,17.479953]]]},"properties":{"id":"e9d8f6b27dc3","height":null,"num_floors":null,"render_height_m":6.4,"height_label":"assumed"}},{"type":"Feature","geometry":{"type":"Polygon","coordinates":[[[78.31591,17.480013],[78.315984,17.480008],[78.31599,17.48009],[78.315916,17.480095],[78.31591,17.480013]]]},"properties":{"id":"7716a6a32e90","height":null,"num_floors":null,"render_height_m":6.4,"height_label":"assumed"}},{"type":"Feature","geometry":{"type":"Polygon","coordinates":[[[78.315853,17.480019],[78.315862,17.480199],[78.315751,17.480205],[78.315742,17.480024],[78.315853,17.480019]]]},"properties":{"id":"b05ec5207711","height":null,"num_floors":null,"render_height_m":9.6,"height_label":"assumed"}},{"type":"Feature","geometry":{"type":"Polygon","coordinates":[[[78.316042,17.478017],[78.316081,17.47802],[78.316076,17.478083],[78.316037,17.47808],[78.316042,17.478017]]]},"properties":{"id":"88de6de7cb2f","height":null,"num_floors":null,"render_height_m":6.4,"height_label":"assumed"}},{"type":"Feature","geometry":{"type":"Polygon","coordinates":[[[78.316006,17.478043],[78.31604,17.478046],[78.316037,17.47808],[78.316003,17.478078],[78.316006,17.478043]]]},"properties":{"id":"c1ea9f5546fd","height":null,"num_floors":null,"render_height_m":6.4,"height_label":"assumed"}},{"type":"Feature","geometry":{"type":"Polygon","coordinates":[[[78.316149,17.477707],[78.31629,17.47771],[78.316283,17.478009],[78.316142,17.478006],[78.316149,17.477707]]]},"properties":{"id":"7ac6b13807a6","height":null,"num_floors":null,"render_height_m":12.8,"height_label":"assumed"}},{"type":"Feature","geometry":{"type":"Polygon","coordinates":[[[78.316385,17.477987],[78.316299,17.477991],[78.316295,17.477892],[78.31638,17.477888],[78.316385,17.477987]]]},"properties":{"id":"caf8c8c8ce9d","height":null,"num_floors":null,"render_height_m":9.6,"height_label":"assumed"}},{"type":"Feature","geometry":{"type":"Polygon","coordinates":[[[78.316519,17.478164],[78.31635,17.478159],[78.316354,17.478017],[78.316524,17.478022],[78.316519,17.478164]]]},"properties":{"id":"f4ba54e3cadb","height":null,"num_floors":null,"render_height_m":12.8,"height_label":"assumed"}},{"type":"Feature","geometry":{"type":"Polygon","coordinates":[[[78.31642,17.478307],[78.31654,17.478318],[78.316532,17.478397],[78.316412,17.478386],[78.31642,17.478307]]]},"properties":{"id":"611a4506a3d4","height":null,"num_floors":null,"render_height_m":9.6,"height_label":"assumed"}},{"type":"Feature","geometry":{"type":"Polygon","coordinates":[[[78.316291,17.478302],[78.316422,17.478311],[78.316408,17.478489],[78.316278,17.478479],[78.316291,17.478302]]]},"properties":{"id":"f28731a71753","height":null,"num_floors":null,"render_height_m":12.8,"height_label":"assumed"}},{"type":"Feature","geometry":{"type":"Polygon","coordinates":[[[78.316163,17.478333],[78.316211,17.478329],[78.316215,17.478366],[78.316166,17.47837],[78.316163,17.478333]]]},"properties":{"id":"035ee6d4161c","height":null,"num_floors":null,"render_height_m":6.4,"height_label":"assumed"}},{"type":"Feature","geometry":{"type":"Polygon","coordinates":[[[78.31616,17.478383],[78.316168,17.478502],[78.315949,17.478516],[78.31594,17.478397],[78.31616,17.478383]]]},"properties":{"id":"9bd5270c9ac8","height":null,"num_floors":null,"render_height_m":12.8,"height_label":"assumed"}},{"type":"Feature","geometry":{"type":"Polygon","coordinates":[[[78.316051,17.478834],[78.315833,17.478837],[78.315831,17.478654],[78.316049,17.478652],[78.316051,17.478834]]]},"properties":{"id":"c5cb43175901","height":null,"num_floors":null,"render_height_m":12.8,"height_label":"assumed"}},{"type":"Feature","geometry":{"type":"Polygon","coordinates":[[[78.316127,17.479035],[78.316021,17.479043],[78.316012,17.478942],[78.316118,17.478933],[78.316127,17.479035]]]},"properties":{"id":"2f2c2f77ec6b","height":null,"num_floors":null,"render_height_m":9.6,"height_label":"assumed"}},{"type":"Feature","geometry":{"type":"Polygon","coordinates":[[[78.316194,17.478832],[78.316102,17.478839],[78.316086,17.478657],[78.316177,17.478649],[78.316194,17.478832]]]},"properties":{"id":"ec2d65c6ba5a","height":null,"num_floors":null,"render_height_m":9.6,"height_label":"assumed"}},{"type":"Feature","geometry":{"type":"Polygon","coordinates":[[[78.316412,17.478386],[78.316532,17.478397],[78.316521,17.478498],[78.316401,17.478486],[78.316412,17.478386]]]},"properties":{"id":"5573ef711879","height":null,"num_floors":null,"render_height_m":9.6,"height_label":"assumed"}},{"type":"Feature","geometry":{"type":"Polygon","coordinates":[[[78.316564,17.478432],[78.316699,17.478452],[78.316685,17.478537],[78.31655,17.478517],[78.316564,17.478432]]]},"properties":{"id":"c02a4da9d493","height":null,"num_floors":null,"render_height_m":9.6,"height_label":"assumed"}},{"type":"Feature","geometry":{"type":"Polygon","coordinates":[[[78.31693,17.478171],[78.31702,17.478186],[78.316986,17.478374],[78.316896,17.478359],[78.31693,17.478171]]]},"properties":{"id":"0227e67014e6","height":null,"num_floors":null,"render_height_m":9.6,"height_label":"assumed"}},{"type":"Feature","geometry":{"type":"Polygon","coordinates":[[[78.316861,17.478353],[78.316986,17.478374],[78.316969,17.47847],[78.316844,17.478449],[78.316861,17.478353]]]},"properties":{"id":"4d371e2135dc","height":null,"num_floors":null,"render_height_m":9.6,"height_label":"assumed"}},{"type":"Feature","geometry":{"type":"Polygon","coordinates":[[[78.316608,17.478232],[78.316727,17.478249],[78.3167,17.478424],[78.316581,17.478407],[78.316608,17.478232]]]},"properties":{"id":"e0d3398cc71f","height":null,"num_floors":null,"render_height_m":12.8,"height_label":"assumed"}},{"type":"Feature","geometry":{"type":"Polygon","coordinates":[[[78.316637,17.478111],[78.316756,17.478128],[78.316742,17.478218],[78.316623,17.478201],[78.316637,17.478111]]]},"properties":{"id":"9383e9b4da9f","height":null,"num_floors":null,"render_height_m":9.6,"height_label":"assumed"}},{"type":"Feature","geometry":{"type":"Polygon","coordinates":[[[78.31665,17.478029],[78.316769,17.478046],[78.316756,17.478128],[78.316637,17.478111],[78.31665,17.478029]]]},"properties":{"id":"badebdb01340","height":null,"num_floors":null,"render_height_m":9.6,"height_label":"assumed"}},{"type":"Feature","geometry":{"type":"Polygon","coordinates":[[[78.316963,17.477949],[78.317093,17.477968],[78.317063,17.47815],[78.316934,17.47813],[78.316963,17.477949]]]},"properties":{"id":"90c131282e84","height":null,"num_floors":null,"render_height_m":12.8,"height_label":"assumed"}},{"type":"Feature","geometry":{"type":"Polygon","coordinates":[[[78.317001,17.477919],[78.316866,17.477908],[78.316874,17.477825],[78.317009,17.477837],[78.317001,17.477919]]]},"properties":{"id":"519f8e003f3c","height":null,"num_floors":null,"render_height_m":9.6,"height_label":"assumed"}},{"type":"Feature","geometry":{"type":"Polygon","coordinates":[[[78.317012,17.477826],[78.316882,17.477815],[78.316892,17.477714],[78.317021,17.477725],[78.317012,17.477826]]]},"properties":{"id":"57a00d8bbf82","height":null,"num_floors":null,"render_height_m":9.6,"height_label":"assumed"}},{"type":"Feature","geometry":{"type":"Polygon","coordinates":[[[78.317036,17.477484],[78.317033,17.47755],[78.31691,17.477545],[78.316913,17.477479],[78.317036,17.477484]]]},"properties":{"id":"b3ce3d2bd6da","height":null,"num_floors":null,"render_height_m":9.6,"height_label":"assumed"}},{"type":"Feature","geometry":{"type":"Polygon","coordinates":[[[78.316522,17.477434],[78.316599,17.477416],[78.31658,17.477341],[78.31663,17.477329],[78.316649,17.477404],[78.316779,17.477374],[78.316799,17.477452],[78.316542,17.477513],[78.316522,17.477434]]]},"properties":{"id":"0aa15cec396d","height":null,"num_floors":null,"render_height_m":12.8,"height_label":"assumed"}},{"type":"Feature","geometry":{"type":"Polygon","coordinates":[[[78.316709,17.477219],[78.31673,17.477305],[78.316503,17.477359],[78.316481,17.477273],[78.316709,17.477219]]]},"properties":{"id":"c382d379768e","height":null,"num_floors":null,"render_height_m":9.6,"height_label":"assumed"}},{"type":"Feature","geometry":{"type":"Polygon","coordinates":[[[78.316404,17.477606],[78.316437,17.477608],[78.316435,17.477659],[78.316402,17.477658],[78.316404,17.477606]]]},"properties":{"id":"c98f302c0f93","height":null,"num_floors":null,"render_height_m":6.4,"height_label":"assumed"}},{"type":"Feature","geometry":{"type":"Polygon","coordinates":[[[78.316349,17.477606],[78.316387,17.477606],[78.316386,17.477638],[78.316349,17.477638],[78.316349,17.477606]]]},"properties":{"id":"003783191bd1","height":null,"num_floors":null,"render_height_m":6.4,"height_label":"assumed"}},{"type":"Feature","geometry":{"type":"Polygon","coordinates":[[[78.316298,17.477618],[78.316333,17.477617],[78.316333,17.477641],[78.316401,17.477639],[78.316404,17.47773],[78.316302,17.477733],[78.316298,17.477618]]]},"properties":{"id":"e153d66e9073","height":null,"num_floors":null,"render_height_m":9.6,"height_label":"assumed"}},{"type":"Feature","geometry":{"type":"Polygon","coordinates":[[[78.316137,17.477752],[78.316039,17.477753],[78.316038,17.477623],[78.316136,17.477622],[78.316137,17.477752]]]},"properties":{"id":"d54b91408007","height":null,"num_floors":null,"render_height_m":9.6,"height_label":"assumed"}},{"type":"Feature","geometry":{"type":"Polygon","coordinates":[[[78.31605,17.477444],[78.316095,17.477432],[78.316117,17.477512],[78.316072,17.477524],[78.31605,17.477444]]]},"properties":{"id":"2ff945c3ad9b","height":null,"num_floors":null,"render_height_m":6.4,"height_label":"assumed"}},{"type":"Feature","geometry":{"type":"Polygon","coordinates":[[[78.316208,17.477358],[78.31623,17.477446],[78.316128,17.47747],[78.316105,17.477383],[78.316208,17.477358]]]},"properties":{"id":"0834284ebab5","height":null,"num_floors":null,"render_height_m":9.6,"height_label":"assumed"}},{"type":"Feature","geometry":{"type":"Polygon","coordinates":[[[78.316316,17.477236],[78.316336,17.477314],[78.316102,17.477369],[78.316082,17.477291],[78.316316,17.477236]]]},"properties":{"id":"4f33664f5e94","height":null,"num_floors":null,"render_height_m":9.6,"height_label":"assumed"}},{"type":"Feature","geometry":{"type":"Polygon","coordinates":[[[78.316339,17.477327],[78.316356,17.477393],[78.316225,17.477424],[78.316208,17.477358],[78.316339,17.477327]]]},"properties":{"id":"d44e457cf4fe","height":null,"num_floors":null,"render_height_m":9.6,"height_label":"assumed"}},{"type":"Feature","geometry":{"type":"Polygon","coordinates":[[[78.316423,17.477189],[78.316441,17.477239],[78.316388,17.477257],[78.31637,17.477207],[78.316423,17.477189]]]},"properties":{"id":"550d7dfec675","height":null,"num_floors":null,"render_height_m":6.4,"height_label":"assumed"}},{"type":"Feature","geometry":{"type":"Polygon","coordinates":[[[78.316362,17.477081],[78.316383,17.477161],[78.316404,17.477156],[78.316408,17.477172],[78.316379,17.477179],[78.316385,17.4772],[78.316329,17.477213],[78.3163,17.477096],[78.316362,17.477081]]]},"properties":{"id":"432fa09aee24","height":null,"num_floors":null,"render_height_m":9.6,"height_label":"assumed"}},{"type":"Feature","geometry":{"type":"Polygon","coordinates":[[[78.316294,17.477148],[78.316299,17.477168],[78.316312,17.477165],[78.316319,17.477193],[78.316306,17.477196],[78.316316,17.477236],[78.316204,17.477263],[78.316181,17.477174],[78.316294,17.477148]]]},"properties":{"id":"f12986d170b1","height":null,"num_floors":null,"render_height_m":9.6,"height_label":"assumed"}},{"type":"Feature","geometry":{"type":"Polygon","coordinates":[[[78.316187,17.477194],[78.316204,17.477263],[78.316082,17.477291],[78.316059,17.477203],[78.316155,17.47718],[78.31616,17.477201],[78.316187,17.477194]]]},"properties":{"id":"847dd33251e3","height":null,"num_floors":null,"render_height_m":9.6,"height_label":"assumed"}},{"type":"Feature","geometry":{"type":"Polygon","coordinates":[[[78.316109,17.477087],[78.316121,17.477138],[78.316119,17.477138],[78.316126,17.47717],[78.316086,17.477179],[78.316082,17.47716],[78.316006,17.477176],[78.315991,17.477112],[78.316109,17.477087]]]},"properties":{"id":"81823dc51522","height":null,"num_floors":null,"render_height_m":9.6,"height_label":"assumed"}},{"type":"Feature","geometry":{"type":"Polygon","coordinates":[[[78.315918,17.477196],[78.315837,17.477215],[78.315814,17.477129],[78.315895,17.477109],[78.315918,17.477196]]]},"properties":{"id":"502c88312935","height":null,"num_floors":null,"render_height_m":9.6,"height_label":"assumed"}},{"type":"Feature","geometry":{"type":"Polygon","coordinates":[[[78.316184,17.47702],[78.316194,17.477059],[78.316151,17.47707],[78.31614,17.477031],[78.316184,17.47702]]]},"properties":{"id":"b0743a7119a7","height":null,"num_floors":null,"render_height_m":6.4,"height_label":"assumed"}},{"type":"Feature","geometry":{"type":"Polygon","coordinates":[[[78.316354,17.476782],[78.316244,17.476806],[78.316226,17.476735],[78.316336,17.47671],[78.316354,17.476782]]]},"properties":{"id":"a66c863dabbe","height":null,"num_floors":null,"render_height_m":9.6,"height_label":"assumed"}},{"type":"Feature","geometry":{"type":"Polygon","coordinates":[[[78.316402,17.476885],[78.316265,17.476915],[78.316243,17.476827],[78.31638,17.476796],[78.316402,17.476885]]]},"properties":{"id":"c05be7908bca","height":null,"num_floors":null,"render_height_m":9.6,"height_label":"assumed"}},{"type":"Feature","geometry":{"type":"Polygon","coordinates":[[[78.316554,17.476802],[78.316429,17.47683],[78.316408,17.476747],[78.316534,17.476719],[78.316554,17.476802]]]},"properties":{"id":"099313d604c4","height":null,"num_floors":null,"render_height_m":9.6,"height_label":"assumed"}},{"type":"Feature","geometry":{"type":"Polygon","coordinates":[[[78.316707,17.47678],[78.316584,17.476808],[78.316563,17.476724],[78.316687,17.476696],[78.316707,17.47678]]]},"properties":{"id":"d1bcfe80c88c","height":null,"num_floors":null,"render_height_m":9.6,"height_label":"assumed"}},{"type":"Feature","geometry":{"type":"Polygon","coordinates":[[[78.316649,17.476842],[78.316669,17.476917],[78.316529,17.47695],[78.31651,17.476875],[78.316649,17.476842]]]},"properties":{"id":"c35c5a561e3b","height":null,"num_floors":null,"render_height_m":9.6,"height_label":"assumed"}},{"type":"Feature","geometry":{"type":"Polygon","coordinates":[[[78.316616,17.477022],[78.316645,17.477138],[78.316583,17.477153],[78.316554,17.477036],[78.316616,17.477022]]]},"properties":{"id":"461a03c8a6b0","height":null,"num_floors":null,"render_height_m":9.6,"height_label":"assumed"}},{"type":"Feature","geometry":{"type":"Polygon","coordinates":[[[78.316538,17.47704],[78.31655,17.477087],[78.316566,17.477084],[78.316583,17.477153],[78.316493,17.477174],[78.316463,17.477058],[78.316538,17.47704]]]},"properties":{"id":"1d71426e85e2","height":null,"num_floors":null,"render_height_m":9.6,"height_label":"assumed"}},{"type":"Feature","geometry":{"type":"Polygon","coordinates":[[[78.316573,17.477176],[78.316593,17.477253],[78.316482,17.477279],[78.316462,17.477202],[78.316573,17.477176]]]},"properties":{"id":"0cb1847d3403","height":null,"num_floors":null,"render_height_m":9.6,"height_label":"assumed"}},{"type":"Feature","geometry":{"type":"Polygon","coordinates":[[[78.316687,17.477134],[78.316707,17.477215],[78.31659,17.477243],[78.316569,17.477161],[78.316687,17.477134]]]},"properties":{"id":"1d3d6e9da65d","height":null,"num_floors":null,"render_height_m":9.6,"height_label":"assumed"}},{"type":"Feature","geometry":{"type":"Polygon","coordinates":[[[78.317003,17.476928],[78.317046,17.476922],[78.317052,17.476963],[78.317009,17.476969],[78.317003,17.476928]]]},"properties":{"id":"a16191b9eb47","height":null,"num_floors":null,"render_height_m":6.4,"height_label":"assumed"}},{"type":"Feature","geometry":{"type":"Polygon","coordinates":[[[78.317112,17.47679],[78.317143,17.476913],[78.317067,17.476931],[78.317036,17.476808],[78.317112,17.47679]]]},"properties":{"id":"41383c9741f3","height":null,"num_floors":null,"render_height_m":9.6,"height_label":"assumed"}},{"type":"Feature","geometry":{"type":"Polygon","coordinates":[[[78.317036,17.476808],[78.317061,17.476907],[78.316976,17.476926],[78.316951,17.476828],[78.317036,17.476808]]]},"properties":{"id":"ad79e6d7c89f","height":null,"num_floors":null,"render_height_m":9.6,"height_label":"assumed"}},{"type":"Feature","geometry":{"type":"Polygon","coordinates":[[[78.316964,17.476675],[78.316984,17.476754],[78.316836,17.476788],[78.316817,17.476709],[78.316964,17.476675]]]},"properties":{"id":"25bef686e4a3","height":null,"num_floors":null,"render_height_m":9.6,"height_label":"assumed"}},{"type":"Feature","geometry":{"type":"Polygon","coordinates":[[[78.317089,17.476647],[78.317109,17.476725],[78.316984,17.476754],[78.316964,17.476675],[78.317089,17.476647]]]},"properties":{"id":"803d83f5a4ad","height":null,"num_floors":null,"render_height_m":9.6,"height_label":"assumed"}},{"type":"Feature","geometry":{"type":"Polygon","coordinates":[[[78.31704,17.476625],[78.316907,17.476655],[78.316885,17.476564],[78.317018,17.476534],[78.31704,17.476625]]]},"properties":{"id":"09cd783180f7","height":null,"num_floors":null,"render_height_m":9.6,"height_label":"assumed"}},{"type":"Feature","geometry":{"type":"Polygon","coordinates":[[[78.31711,17.476602],[78.317049,17.476616],[78.317027,17.476527],[78.317088,17.476513],[78.31711,17.476602]]]},"properties":{"id":"fb3eea2564e8","height":null,"num_floors":null,"render_height_m":6.4,"height_label":"assumed"}},{"type":"Feature","geometry":{"type":"Polygon","coordinates":[[[78.316979,17.476462],[78.316859,17.476489],[78.316841,17.476415],[78.31696,17.476388],[78.316979,17.476462]]]},"properties":{"id":"ecbff2d86b7f","height":null,"num_floors":null,"render_height_m":9.6,"height_label":"assumed"}},{"type":"Feature","geometry":{"type":"Polygon","coordinates":[[[78.316831,17.476574],[78.316749,17.476592],[78.316735,17.476535],[78.316817,17.476516],[78.316831,17.476574]]]},"properties":{"id":"eaf7a89b07b5","height":null,"num_floors":null,"render_height_m":6.4,"height_label":"assumed"}},{"type":"Feature","geometry":{"type":"Polygon","coordinates":[[[78.316886,17.47666],[78.316776,17.476685],[78.316756,17.476605],[78.316866,17.47658],[78.316886,17.47666]]]},"properties":{"id":"8a98a609b3c0","height":null,"num_floors":null,"render_height_m":9.6,"height_label":"assumed"}},{"type":"Feature","geometry":{"type":"Polygon","coordinates":[[[78.316715,17.476685],[78.316557,17.47672],[78.31654,17.476652],[78.316699,17.476616],[78.316715,17.476685]]]},"properties":{"id":"015683a7a31b","height":null,"num_floors":null,"render_height_m":9.6,"height_label":"assumed"}},{"type":"Feature","geometry":{"type":"Polygon","coordinates":[[[78.316624,17.476542],[78.316533,17.476563],[78.316517,17.476499],[78.316608,17.476478],[78.316624,17.476542]]]},"properties":{"id":"bc9ad0993222","height":null,"num_floors":null,"render_height_m":6.4,"height_label":"assumed"}},{"type":"Feature","geometry":{"type":"Polygon","coordinates":[[[78.316818,17.476503],[78.31672,17.476526],[78.3167,17.476445],[78.316799,17.476423],[78.316818,17.476503]]]},"properties":{"id":"e6122c13663d","height":null,"num_floors":null,"render_height_m":9.6,"height_label":"assumed"}},{"type":"Feature","geometry":{"type":"Polygon","coordinates":[[[78.316805,17.476411],[78.316706,17.476433],[78.316691,17.476371],[78.31679,17.476349],[78.316805,17.476411]]]},"properties":{"id":"afad5b4a96bc","height":null,"num_floors":null,"render_height_m":6.4,"height_label":"assumed"}},{"type":"Feature","geometry":{"type":"Polygon","coordinates":[[[78.316592,17.476322],[78.31647,17.476349],[78.31645,17.476266],[78.316571,17.476238],[78.316592,17.476322]]]},"properties":{"id":"858c5d08d9ed","height":null,"num_floors":null,"render_height_m":9.6,"height_label":"assumed"}},{"type":"Feature","geometry":{"type":"Polygon","coordinates":[[[78.316537,17.476227],[78.316444,17.476247],[78.316429,17.476185],[78.316521,17.476165],[78.316537,17.476227]]]},"properties":{"id":"797b8c3c23b4","height":null,"num_floors":null,"render_height_m":6.4,"height_label":"assumed"}},{"type":"Feature","geometry":{"type":"Polygon","coordinates":[[[78.316743,17.476196],[78.316641,17.476219],[78.316624,17.476148],[78.316725,17.476125],[78.316743,17.476196]]]},"properties":{"id":"44289ccd3e49","height":null,"num_floors":null,"render_height_m":9.6,"height_label":"assumed"}},{"type":"Feature","geometry":{"type":"Polygon","coordinates":[[[78.316797,17.476288],[78.316676,17.476315],[78.316654,17.476229],[78.316776,17.476202],[78.316797,17.476288]]]},"properties":{"id":"041cba7623fa","height":null,"num_floors":null,"render_height_m":9.6,"height_label":"assumed"}},{"type":"Feature","geometry":{"type":"Polygon","coordinates":[[[78.316889,17.476157],[78.316777,17.476182],[78.316759,17.476109],[78.316871,17.476084],[78.316889,17.476157]]]},"properties":{"id":"08a015e06022","height":null,"num_floors":null,"render_height_m":9.6,"height_label":"assumed"}},{"type":"Feature","geometry":{"type":"Polygon","coordinates":[[[78.316908,17.476236],[78.316807,17.476259],[78.316789,17.476188],[78.316891,17.476166],[78.316908,17.476236]]]},"properties":{"id":"1fd8f03c0199","height":null,"num_floors":null,"render_height_m":9.6,"height_label":"assumed"}},{"type":"Feature","geometry":{"type":"Polygon","coordinates":[[[78.3169,17.47639],[78.316835,17.476405],[78.31682,17.476344],[78.316885,17.476329],[78.3169,17.47639]]]},"properties":{"id":"a5bf4554f3a7","height":null,"num_floors":null,"render_height_m":6.4,"height_label":"assumed"}},{"type":"Feature","geometry":{"type":"Polygon","coordinates":[[[78.317021,17.476026],[78.316952,17.476047],[78.316906,17.475909],[78.316975,17.475888],[78.317021,17.476026]]]},"properties":{"id":"c486954c8ebf","height":null,"num_floors":null,"render_height_m":9.6,"height_label":"assumed"}},{"type":"Feature","geometry":{"type":"Polygon","coordinates":[[[78.317087,17.475694],[78.317008,17.475711],[78.316981,17.475595],[78.317061,17.475578],[78.317087,17.475694]]]},"properties":{"id":"aff9f377e480","height":null,"num_floors":null,"render_height_m":9.6,"height_label":"assumed"}},{"type":"Feature","geometry":{"type":"Polygon","coordinates":[[[78.316845,17.475805],[78.316796,17.475628],[78.316948,17.47559],[78.316997,17.475767],[78.316845,17.475805]]]},"properties":{"id":"e2e83123319c","height":null,"num_floors":null,"render_height_m":12.8,"height_label":"assumed"}},{"type":"Feature","geometry":{"type":"Polygon","coordinates":[[[78.316658,17.475953],[78.316565,17.475974],[78.316546,17.475896],[78.316639,17.475876],[78.316658,17.475953]]]},"properties":{"id":"ea9e20a17a4c","height":null,"num_floors":null,"render_height_m":9.6,"height_label":"assumed"}},{"type":"Feature","geometry":{"type":"Polygon","coordinates":[[[78.31681,17.475858],[78.316678,17.475902],[78.316649,17.475825],[78.316781,17.475781],[78.31681,17.475858]]]},"properties":{"id":"b9dae240c86e","height":null,"num_floors":null,"render_height_m":9.6,"height_label":"assumed"}},{"type":"Feature","geometry":{"type":"Polygon","coordinates":[[[78.31684,17.475932],[78.316712,17.475978],[78.316687,17.475914],[78.316815,17.475869],[78.31684,17.475932]]]},"properties":{"id":"47d2c0d0907a","height":null,"num_floors":null,"render_height_m":9.6,"height_label":"assumed"}},{"type":"Feature","geometry":{"type":"Polygon","coordinates":[[[78.316729,17.476115],[78.316622,17.476139],[78.316606,17.476075],[78.316714,17.476051],[78.316729,17.476115]]]},"properties":{"id":"e69c3839cb5a","height":null,"num_floors":null,"render_height_m":9.6,"height_label":"assumed"}},{"type":"Feature","geometry":{"type":"Polygon","coordinates":[[[78.31669,17.476039],[78.316584,17.476063],[78.316565,17.475986],[78.316671,17.475962],[78.31669,17.476039]]]},"properties":{"id":"f9afe17b9a1a","height":null,"num_floors":null,"render_height_m":9.6,"height_label":"assumed"}},{"type":"Feature","geometry":{"type":"Polygon","coordinates":[[[78.316518,17.476082],[78.316404,17.476108],[78.316394,17.476064],[78.316507,17.476039],[78.316518,17.476082]]]},"properties":{"id":"442d745c9d4b","height":null,"num_floors":null,"render_height_m":6.4,"height_label":"assumed"}},{"type":"Feature","geometry":{"type":"Polygon","coordinates":[[[78.316494,17.476036],[78.316388,17.47606],[78.31637,17.475988],[78.316476,17.475964],[78.316494,17.476036]]]},"properties":{"id":"d73fa517bd5e","height":null,"num_floors":null,"render_height_m":9.6,"height_label":"assumed"}},{"type":"Feature","geometry":{"type":"Polygon","coordinates":[[[78.31635,17.476111],[78.316253,17.476133],[78.316232,17.476046],[78.316329,17.476024],[78.31635,17.476111]]]},"properties":{"id":"082749517ef5","height":null,"num_floors":null,"render_height_m":9.6,"height_label":"assumed"}},{"type":"Feature","geometry":{"type":"Polygon","coordinates":[[[78.316198,17.476426],[78.316129,17.476442],[78.316108,17.476357],[78.316177,17.476341],[78.316198,17.476426]]]},"properties":{"id":"6a698e0fbb31","height":null,"num_floors":null,"render_height_m":6.4,"height_label":"assumed"}},{"type":"Feature","geometry":{"type":"Polygon","coordinates":[[[78.316191,17.476174],[78.316074,17.476201],[78.316053,17.476113],[78.316169,17.476087],[78.316191,17.476174]]]},"properties":{"id":"3e207cbbb240","height":null,"num_floors":null,"render_height_m":9.6,"height_label":"assumed"}},{"type":"Feature","geometry":{"type":"Polygon","coordinates":[[[78.316401,17.476184],[78.316279,17.476211],[78.316262,17.476144],[78.316385,17.476117],[78.316401,17.476184]]]},"properties":{"id":"0878d68d1619","height":null,"num_floors":null,"render_height_m":9.6,"height_label":"assumed"}},{"type":"Feature","geometry":{"type":"Polygon","coordinates":[[[78.316509,17.476157],[78.316425,17.476176],[78.31641,17.476115],[78.316494,17.476096],[78.316509,17.476157]]]},"properties":{"id":"78ae43e88243","height":null,"num_floors":null,"render_height_m":6.4,"height_label":"assumed"}},{"type":"Feature","geometry":{"type":"Polygon","coordinates":[[[78.316424,17.476267],[78.316314,17.476291],[78.316296,17.476219],[78.316406,17.476194],[78.316424,17.476267]]]},"properties":{"id":"f8cfeff0f8b2","height":null,"num_floors":null,"render_height_m":9.6,"height_label":"assumed"}},{"type":"Feature","geometry":{"type":"Polygon","coordinates":[[[78.316463,17.476366],[78.316398,17.47638],[78.316377,17.476294],[78.316441,17.476279],[78.316463,17.476366]]]},"properties":{"id":"d50431609ee1","height":null,"num_floors":null,"render_height_m":6.4,"height_label":"assumed"}},{"type":"Feature","geometry":{"type":"Polygon","coordinates":[[[78.316389,17.476385],[78.316326,17.476399],[78.316304,17.47631],[78.316367,17.476295],[78.316389,17.476385]]]},"properties":{"id":"9db4dc44c23a","height":null,"num_floors":null,"render_height_m":6.4,"height_label":"assumed"}},{"type":"Feature","geometry":{"type":"Polygon","coordinates":[[[78.316256,17.476404],[78.316201,17.476416],[78.316181,17.476338],[78.316237,17.476326],[78.316256,17.476404]]]},"properties":{"id":"d8aeaa60750e","height":null,"num_floors":null,"render_height_m":6.4,"height_label":"assumed"}},{"type":"Feature","geometry":{"type":"Polygon","coordinates":[[[78.316286,17.476535],[78.316174,17.47656],[78.316159,17.476503],[78.316272,17.476478],[78.316286,17.476535]]]},"properties":{"id":"d79ef697754c","height":null,"num_floors":null,"render_height_m":9.6,"height_label":"assumed"}},{"type":"Feature","geometry":{"type":"Polygon","coordinates":[[[78.316458,17.476493],[78.316357,17.476516],[78.316341,17.476451],[78.316442,17.476428],[78.316458,17.476493]]]},"properties":{"id":"68c7f75e57cf","height":null,"num_floors":null,"render_height_m":9.6,"height_label":"assumed"}},{"type":"Feature","geometry":{"type":"Polygon","coordinates":[[[78.316501,17.476584],[78.316381,17.476611],[78.316364,17.476542],[78.316484,17.476515],[78.316501,17.476584]]]},"properties":{"id":"e3ecea6892d0","height":null,"num_floors":null,"render_height_m":9.6,"height_label":"assumed"}},{"type":"Feature","geometry":{"type":"Polygon","coordinates":[[[78.316538,17.476664],[78.316409,17.476693],[78.316389,17.476614],[78.316519,17.476585],[78.316538,17.476664]]]},"properties":{"id":"2407c7b81150","height":null,"num_floors":null,"render_height_m":9.6,"height_label":"assumed"}},{"type":"Feature","geometry":{"type":"Polygon","coordinates":[[[78.316326,17.476703],[78.316224,17.476726],[78.316206,17.476655],[78.316309,17.476632],[78.316326,17.476703]]]},"properties":{"id":"24531a41fc6a","height":null,"num_floors":null,"render_height_m":9.6,"height_label":"assumed"}},{"type":"Feature","geometry":{"type":"Polygon","coordinates":[[[78.316303,17.476624],[78.316202,17.476646],[78.316185,17.476579],[78.316286,17.476556],[78.316303,17.476624]]]},"properties":{"id":"95ecf1d28fd8","height":null,"num_floors":null,"render_height_m":9.6,"height_label":"assumed"}},{"type":"Feature","geometry":{"type":"Polygon","coordinates":[[[78.3157,17.48014],[78.315734,17.480141],[78.315731,17.480232],[78.315697,17.480231],[78.3157,17.48014]]]},"properties":{"id":"446767fca65d","height":null,"num_floors":null,"render_height_m":6.4,"height_label":"assumed"}},{"type":"Feature","geometry":{"type":"Polygon","coordinates":[[[78.316383,17.480621],[78.316335,17.48063],[78.316325,17.480584],[78.316372,17.480575],[78.316383,17.480621]]]},"properties":{"id":"f63cfd6a9dec","height":null,"num_floors":null,"render_height_m":6.4,"height_label":"assumed"}},{"type":"Feature","geometry":{"type":"Polygon","coordinates":[[[78.316339,17.480437],[78.316242,17.480438],[78.316239,17.480259],[78.316336,17.480258],[78.316339,17.480437]]]},"properties":{"id":"d34040695a92","height":null,"num_floors":null,"render_height_m":9.6,"height_label":"assumed"}},{"type":"Feature","geometry":{"type":"Polygon","coordinates":[[[78.316569,17.480401],[78.316417,17.480409],[78.316409,17.480278],[78.316561,17.480269],[78.316569,17.480401]]]},"properties":{"id":"3c8707bafa88","height":null,"num_floors":null,"render_height_m":9.6,"height_label":"assumed"}},{"type":"Feature","geometry":{"type":"Polygon","coordinates":[[[78.317071,17.480375],[78.316907,17.480383],[78.316902,17.480286],[78.317065,17.480278],[78.317071,17.480375]]]},"properties":{"id":"5ce846e65d88","height":null,"num_floors":null,"render_height_m":9.6,"height_label":"assumed"}},{"type":"Feature","geometry":{"type":"Polygon","coordinates":[[[78.316848,17.480445],[78.316812,17.480448],[78.316808,17.480406],[78.316845,17.480403],[78.316848,17.480445]]]},"properties":{"id":"a6bb5d28d390","height":null,"num_floors":null,"render_height_m":6.4,"height_label":"assumed"}},{"type":"Feature","geometry":{"type":"Polygon","coordinates":[[[78.317118,17.480486],[78.316977,17.480508],[78.316958,17.480397],[78.317099,17.480375],[78.317118,17.480486]]]},"properties":{"id":"fa61243806a6","height":null,"num_floors":null,"render_height_m":9.6,"height_label":"assumed"}},{"type":"Feature","geometry":{"type":"Polygon","coordinates":[[[78.317042,17.480755],[78.31697,17.480767],[78.31695,17.480658],[78.317022,17.480646],[78.317042,17.480755]]]},"properties":{"id":"8ca259708d94","height":null,"num_floors":null,"render_height_m":9.6,"height_label":"assumed"}},{"type":"Feature","geometry":{"type":"Polygon","coordinates":[[[78.316965,17.480777],[78.316894,17.48079],[78.316869,17.480673],[78.31694,17.48066],[78.316965,17.480777]]]},"properties":{"id":"e32c64693c8e","height":null,"num_floors":null,"render_height_m":9.6,"height_label":"assumed"}},{"type":"Feature","geometry":{"type":"Polygon","coordinates":[[[78.316971,17.480635],[78.316837,17.480659],[78.316819,17.480564],[78.316953,17.48054],[78.316971,17.480635]]]},"properties":{"id":"32d4d226466b","height":null,"num_floors":null,"render_height_m":9.6,"height_label":"assumed"}},{"type":"Feature","geometry":{"type":"Polygon","coordinates":[[[78.316595,17.480481],[78.316559,17.480483],[78.316556,17.480444],[78.316593,17.480442],[78.316595,17.480481]]]},"properties":{"id":"1cf5765d8d9b","height":null,"num_floors":null,"render_height_m":6.4,"height_label":"assumed"}},{"type":"Feature","geometry":{"type":"Polygon","coordinates":[[[78.316626,17.480618],[78.316586,17.480622],[78.316581,17.480583],[78.316621,17.480579],[78.316626,17.480618]]]},"properties":{"id":"2f2f9d0648c6","height":null,"num_floors":null,"render_height_m":6.4,"height_label":"assumed"}},{"type":"Feature","geometry":{"type":"Polygon","coordinates":[[[78.316551,17.480758],[78.31648,17.480771],[78.316471,17.480729],[78.316543,17.480716],[78.316551,17.480758]]]},"properties":{"id":"0a91c925199a","height":null,"num_floors":null,"render_height_m":6.4,"height_label":"assumed"}},{"type":"Feature","geometry":{"type":"Polygon","coordinates":[[[78.316672,17.48082],[78.316642,17.480825],[78.316622,17.480712],[78.316653,17.480707],[78.316672,17.48082]]]},"properties":{"id":"5c7f3ff143f1","height":null,"num_floors":null,"render_height_m":6.4,"height_label":"assumed"}},{"type":"Feature","geometry":{"type":"Polygon","coordinates":[[[78.317023,17.480867],[78.317031,17.480921],[78.31698,17.480928],[78.316977,17.480909],[78.316955,17.480912],[78.31695,17.480877],[78.317023,17.480867]]]},"properties":{"id":"7288ffbb1b9d","height":null,"num_floors":null,"render_height_m":6.4,"height_label":"assumed"}},{"type":"Feature","geometry":{"type":"Polygon","coordinates":[[[78.317088,17.48113],[78.316972,17.481152],[78.316932,17.480964],[78.317048,17.480941],[78.317088,17.48113]]]},"properties":{"id":"0e04ec89a7f7","height":null,"num_floors":null,"render_height_m":12.8,"height_label":"assumed"}},{"type":"Feature","geometry":{"type":"Polygon","coordinates":[[[78.316819,17.481201],[78.31671,17.481222],[78.316646,17.480908],[78.316757,17.480887],[78.316819,17.481201]]]},"properties":{"id":"dafe1285a9bd","height":null,"num_floors":null,"render_height_m":12.8,"height_label":"assumed"}},{"type":"Feature","geometry":{"type":"Polygon","coordinates":[[[78.316409,17.480891],[78.316319,17.480906],[78.3163,17.480804],[78.31639,17.480789],[78.316409,17.480891]]]},"properties":{"id":"684755c1fcbe","height":null,"num_floors":null,"render_height_m":9.6,"height_label":"assumed"}},{"type":"Feature","geometry":{"type":"Polygon","coordinates":[[[78.316045,17.481461],[78.316227,17.481469],[78.316219,17.481662],[78.316162,17.48166],[78.316163,17.481636],[78.316113,17.481634],[78.316114,17.481605],[78.316039,17.481602],[78.316045,17.481461]]]},"properties":{"id":"174552397732","height":null,"num_floors":null,"render_height_m":12.8,"height_label":"assumed"}},{"type":"Feature","geometry":{"type":"Polygon","coordinates":[[[78.315899,17.481672],[78.315951,17.481686],[78.315924,17.481778],[78.315871,17.481764],[78.315899,17.481672]]]},"properties":{"id":"46a862136b4c","height":null,"num_floors":null,"render_height_m":6.4,"height_label":"assumed"}},{"type":"Feature","geometry":{"type":"Polygon","coordinates":[[[78.315951,17.481686],[78.315996,17.481699],[78.315969,17.481791],[78.315924,17.481778],[78.315951,17.481686]]]},"properties":{"id":"935193c03674","height":null,"num_floors":null,"render_height_m":6.4,"height_label":"assumed"}},{"type":"Feature","geometry":{"type":"Polygon","coordinates":[[[78.316126,17.481938],[78.315975,17.481885],[78.316013,17.481789],[78.316163,17.481843],[78.316126,17.481938]]]},"properties":{"id":"c476f3efe9e6","height":null,"num_floors":null,"render_height_m":9.6,"height_label":"assumed"}},{"type":"Feature","geometry":{"type":"Polygon","coordinates":[[[78.316248,17.481808],[78.316293,17.481824],[78.316277,17.481866],[78.316231,17.481851],[78.316248,17.481808]]]},"properties":{"id":"42861421ab33","height":null,"num_floors":null,"render_height_m":6.4,"height_label":"assumed"}},{"type":"Feature","geometry":{"type":"Polygon","coordinates":[[[78.316318,17.481627],[78.316525,17.48164],[78.316514,17.481783],[78.316385,17.481775],[78.316387,17.481737],[78.316311,17.481732],[78.316318,17.481627]]]},"properties":{"id":"28b3f18027e1","height":null,"num_floors":null,"render_height_m":12.8,"height_label":"assumed"}},{"type":"Feature","geometry":{"type":"Polygon","coordinates":[[[78.316327,17.481495],[78.316534,17.481509],[78.316525,17.48164],[78.316318,17.481627],[78.316327,17.481495]]]},"properties":{"id":"5505e7bd878b","height":null,"num_floors":null,"render_height_m":12.8,"height_label":"assumed"}},{"type":"Feature","geometry":{"type":"Polygon","coordinates":[[[78.316582,17.481392],[78.316659,17.481394],[78.316656,17.481479],[78.316579,17.481477],[78.316582,17.481392]]]},"properties":{"id":"c807a850a7f6","height":null,"num_floors":null,"render_height_m":6.4,"height_label":"assumed"}},{"type":"Feature","geometry":{"type":"Polygon","coordinates":[[[78.316913,17.481528],[78.316782,17.481523],[78.316796,17.48124],[78.316927,17.481246],[78.316913,17.481528]]]},"properties":{"id":"305be5277f24","height":null,"num_floors":null,"render_height_m":12.8,"height_label":"assumed"}},{"type":"Feature","geometry":{"type":"Polygon","coordinates":[[[78.317095,17.481545],[78.316951,17.481531],[78.316962,17.481423],[78.317106,17.481437],[78.317095,17.481545]]]},"properties":{"id":"d1d8795532e9","height":null,"num_floors":null,"render_height_m":9.6,"height_label":"assumed"}},{"type":"Feature","geometry":{"type":"Polygon","coordinates":[[[78.316925,17.481725],[78.316744,17.481719],[78.316747,17.481647],[78.316927,17.481653],[78.316925,17.481725]]]},"properties":{"id":"e04bb2517d48","height":null,"num_floors":null,"render_height_m":9.6,"height_label":"assumed"}},{"type":"Feature","geometry":{"type":"Polygon","coordinates":[[[78.316915,17.481815],[78.316733,17.481811],[78.316735,17.481735],[78.316917,17.481739],[78.316915,17.481815]]]},"properties":{"id":"45936831099c","height":null,"num_floors":null,"render_height_m":9.6,"height_label":"assumed"}},{"type":"Feature","geometry":{"type":"Polygon","coordinates":[[[78.316577,17.481756],[78.316644,17.481759],[78.316639,17.481856],[78.316571,17.481852],[78.316577,17.481756]]]},"properties":{"id":"99a2ef929bb4","height":null,"num_floors":null,"render_height_m":6.4,"height_label":"assumed"}},{"type":"Feature","geometry":{"type":"Polygon","coordinates":[[[78.316804,17.48224],[78.316583,17.48215],[78.316628,17.48205],[78.316849,17.482139],[78.316804,17.48224]]]},"properties":{"id":"2d080f1e0202","height":null,"num_floors":null,"render_height_m":12.8,"height_label":"assumed"}},{"type":"Feature","geometry":{"type":"Polygon","coordinates":[[[78.316861,17.481939],[78.316884,17.48194],[78.316882,17.481987],[78.316859,17.481986],[78.316861,17.481939]]]},"properties":{"id":"293d7be6cc9c","height":null,"num_floors":null,"render_height_m":6.4,"height_label":"assumed"}},{"type":"Feature","geometry":{"type":"Polygon","coordinates":[[[78.317029,17.481769],[78.316993,17.482046],[78.316911,17.482037],[78.316946,17.48176],[78.317029,17.481769]]]},"properties":{"id":"7ffc9d460ff8","height":null,"num_floors":null,"render_height_m":12.8,"height_label":"assumed"}},{"type":"Feature","geometry":{"type":"Polygon","coordinates":[[[78.317059,17.482351],[78.316844,17.482262],[78.316895,17.482149],[78.31711,17.482238],[78.317059,17.482351]]]},"properties":{"id":"c1ee6e6f5602","height":null,"num_floors":null,"render_height_m":12.8,"height_label":"assumed"}},{"type":"Feature","geometry":{"type":"Polygon","coordinates":[[[78.316878,17.482368],[78.316902,17.482302],[78.317027,17.482345],[78.317003,17.482411],[78.316878,17.482368]]]},"properties":{"id":"cd9e67a3febc","height":null,"num_floors":null,"render_height_m":9.6,"height_label":"assumed"}},{"type":"Feature","geometry":{"type":"Polygon","coordinates":[[[78.316605,17.482329],[78.316623,17.48229],[78.316806,17.482368],[78.316788,17.482408],[78.316605,17.482329]]]},"properties":{"id":"4088e5485bdc","height":null,"num_floors":null,"render_height_m":9.6,"height_label":"assumed"}},{"type":"Feature","geometry":{"type":"Polygon","coordinates":[[[78.316742,17.482287],[78.316828,17.482323],[78.316806,17.482368],[78.316721,17.482332],[78.316742,17.482287]]]},"properties":{"id":"9b279ce62a2a","height":null,"num_floors":null,"render_height_m":6.4,"height_label":"assumed"}},{"type":"Feature","geometry":{"type":"Polygon","coordinates":[[[78.316732,17.48224],[78.31682,17.482277],[78.316804,17.482314],[78.316715,17.482276],[78.316732,17.48224]]]},"properties":{"id":"87af612b8f1b","height":null,"num_floors":null,"render_height_m":6.4,"height_label":"assumed"}},{"type":"Feature","geometry":{"type":"Polygon","coordinates":[[[78.316567,17.482266],[78.316623,17.48229],[78.316605,17.482329],[78.316549,17.482305],[78.316567,17.482266]]]},"properties":{"id":"d05162d048af","height":null,"num_floors":null,"render_height_m":6.4,"height_label":"assumed"}},{"type":"Feature","geometry":{"type":"Polygon","coordinates":[[[78.316585,17.48222],[78.31665,17.482242],[78.316634,17.482288],[78.316569,17.482267],[78.316585,17.48222]]]},"properties":{"id":"c39385cb2214","height":null,"num_floors":null,"render_height_m":6.4,"height_label":"assumed"}},{"type":"Feature","geometry":{"type":"Polygon","coordinates":[[[78.31635,17.481888],[78.316451,17.48191],[78.316437,17.481971],[78.316335,17.481949],[78.31635,17.481888]]]},"properties":{"id":"197e6d61e381","height":null,"num_floors":null,"render_height_m":6.4,"height_label":"assumed"}},{"type":"Feature","geometry":{"type":"Polygon","coordinates":[[[78.316342,17.481945],[78.31643,17.481967],[78.316423,17.481993],[78.316335,17.481972],[78.316342,17.481945]]]},"properties":{"id":"b6b4e3019595","height":null,"num_floors":null,"render_height_m":6.4,"height_label":"assumed"}},{"type":"Feature","geometry":{"type":"Polygon","coordinates":[[[78.316278,17.481856],[78.316323,17.48187],[78.316306,17.481915],[78.316262,17.481901],[78.316278,17.481856]]]},"properties":{"id":"d55f1699922a","height":null,"num_floors":null,"render_height_m":6.4,"height_label":"assumed"}},{"type":"Feature","geometry":{"type":"Polygon","coordinates":[[[78.31597,17.481978],[78.315864,17.48195],[78.315882,17.481886],[78.315989,17.481914],[78.31597,17.481978]]]},"properties":{"id":"e57ed0c6e811","height":null,"num_floors":null,"render_height_m":9.6,"height_label":"assumed"}},{"type":"Feature","geometry":{"type":"Polygon","coordinates":[[[78.315488,17.482147],[78.315531,17.482046],[78.316382,17.482382],[78.316338,17.482483],[78.315488,17.482147]]]},"properties":{"id":"049447118789","height":null,"num_floors":null,"render_height_m":19.2,"height_label":"assumed"}},{"type":"Feature","geometry":{"type":"Polygon","coordinates":[[[78.31581,17.481865],[78.315851,17.481873],[78.31584,17.481924],[78.315799,17.481917],[78.31581,17.481865]]]},"properties":{"id":"bad85705d630","height":null,"num_floors":null,"render_height_m":6.4,"height_label":"assumed"}},{"type":"Feature","geometry":{"type":"Polygon","coordinates":[[[78.315907,17.481874],[78.315801,17.481837],[78.315832,17.481758],[78.315938,17.481796],[78.315907,17.481874]]]},"properties":{"id":"e7288edc4b42","height":null,"num_floors":null,"render_height_m":9.6,"height_label":"assumed"}},{"type":"Feature","geometry":{"type":"Polygon","coordinates":[[[78.315754,17.481912],[78.31562,17.481879],[78.315639,17.481807],[78.315773,17.48184],[78.315754,17.481912]]]},"properties":{"id":"318845f97374","height":null,"num_floors":null,"render_height_m":9.6,"height_label":"assumed"}},{"type":"Feature","geometry":{"type":"Polygon","coordinates":[[[78.31574,17.481611],[78.31577,17.48162],[78.315743,17.481706],[78.315714,17.481697],[78.31574,17.481611]]]},"properties":{"id":"10daff8ea2ff","height":null,"num_floors":null,"render_height_m":6.4,"height_label":"assumed"}},{"type":"Feature","geometry":{"type":"Polygon","coordinates":[[[78.315789,17.481642],[78.315761,17.481734],[78.315731,17.481725],[78.315759,17.481633],[78.315789,17.481642]]]},"properties":{"id":"2c00345f38ac","height":null,"num_floors":null,"render_height_m":6.4,"height_label":"assumed"}},{"type":"Feature","geometry":{"type":"Polygon","coordinates":[[[78.315789,17.481642],[78.315844,17.481657],[78.315816,17.481749],[78.315761,17.481734],[78.315789,17.481642]]]},"properties":{"id":"c4fb980db11c","height":null,"num_floors":null,"render_height_m":6.4,"height_label":"assumed"}},{"type":"Feature","geometry":{"type":"Polygon","coordinates":[[[78.31567,17.482487],[78.315692,17.482498],[78.315701,17.482481],[78.315858,17.482555],[78.315845,17.482582],[78.315665,17.482498],[78.31567,17.482487]]]},"properties":{"id":"59d1ac8b7f79","height":null,"num_floors":null,"render_height_m":6.4,"height_label":"assumed"}},{"type":"Feature","geometry":{"type":"Polygon","coordinates":[[[78.315662,17.482376],[78.316026,17.482547],[78.31601,17.482578],[78.316031,17.482588],[78.316021,17.482606],[78.316038,17.482613],[78.316027,17.482635],[78.315626,17.482446],[78.315662,17.482376]]]},"properties":{"id":"0f662ce0beff","height":null,"num_floors":null,"render_height_m":12.8,"height_label":"assumed"}},{"type":"Feature","geometry":{"type":"Polygon","coordinates":[[[78.316318,17.482763],[78.316378,17.482784],[78.316369,17.48281],[78.316308,17.482789],[78.316318,17.482763]]]},"properties":{"id":"c183e2354f35","height":null,"num_floors":null,"render_height_m":6.4,"height_label":"assumed"}},{"type":"Feature","geometry":{"type":"Polygon","coordinates":[[[78.316344,17.482685],[78.316586,17.482799],[78.316576,17.482817],[78.316533,17.482797],[78.316519,17.482824],[78.31632,17.482731],[78.316344,17.482685]]]},"properties":{"id":"b213cb7632fd","height":null,"num_floors":null,"render_height_m":9.6,"height_label":"assumed"}},{"type":"Feature","geometry":{"type":"Polygon","coordinates":[[[78.316697,17.482497],[78.316787,17.482538],[78.316754,17.482604],[78.316664,17.482563],[78.316697,17.482497]]]},"properties":{"id":"8b84923d1a0f","height":null,"num_floors":null,"render_height_m":9.6,"height_label":"assumed"}},{"type":"Feature","geometry":{"type":"Polygon","coordinates":[[[78.31675,17.482869],[78.316765,17.482839],[78.317048,17.482969],[78.317033,17.482999],[78.31675,17.482869]]]},"properties":{"id":"136471c88799","height":null,"num_floors":null,"render_height_m":9.6,"height_label":"assumed"}},{"type":"Feature","geometry":{"type":"Polygon","coordinates":[[[78.316606,17.482815],[78.317035,17.483013],[78.316998,17.483087],[78.316569,17.482889],[78.316606,17.482815]]]},"properties":{"id":"2d2f7ec8ea88","height":null,"num_floors":null,"render_height_m":12.8,"height_label":"assumed"}},{"type":"Feature","geometry":{"type":"Polygon","coordinates":[[[78.317052,17.483228],[78.317087,17.483244],[78.317069,17.483279],[78.317035,17.483263],[78.317052,17.483228]]]},"properties":{"id":"5a4362557d45","height":null,"num_floors":null,"render_height_m":6.4,"height_label":"assumed"}},{"type":"Feature","geometry":{"type":"Polygon","coordinates":[[[78.316753,17.483062],[78.317029,17.48319],[78.316981,17.483285],[78.316705,17.483158],[78.316753,17.483062]]]},"properties":{"id":"cd4f7d21e440","height":null,"num_floors":null,"render_height_m":12.8,"height_label":"assumed"}},{"type":"Feature","geometry":{"type":"Polygon","coordinates":[[[78.317021,17.48344],[78.317082,17.48345],[78.317077,17.483482],[78.317016,17.483473],[78.317021,17.48344]]]},"properties":{"id":"72272b3a62fd","height":null,"num_floors":null,"render_height_m":6.4,"height_label":"assumed"}},{"type":"Feature","geometry":{"type":"Polygon","coordinates":[[[78.316771,17.483478],[78.316941,17.483501],[78.316934,17.483553],[78.316763,17.483529],[78.316771,17.483478]]]},"properties":{"id":"f42064598246","height":null,"num_floors":null,"render_height_m":9.6,"height_label":"assumed"}},{"type":"Feature","geometry":{"type":"Polygon","coordinates":[[[78.316067,17.483335],[78.316579,17.483466],[78.316571,17.483494],[78.316506,17.483477],[78.3165,17.4835],[78.316052,17.483385],[78.316067,17.483335]]]},"properties":{"id":"17ab48861a74","height":null,"num_floors":null,"render_height_m":12.8,"height_label":"assumed"}},{"type":"Feature","geometry":{"type":"Polygon","coordinates":[[[78.316438,17.483018],[78.31648,17.483034],[78.316469,17.483062],[78.316426,17.483046],[78.316438,17.483018]]]},"properties":{"id":"c552cbee636b","height":null,"num_floors":null,"render_height_m":6.4,"height_label":"assumed"}},{"type":"Feature","geometry":{"type":"Polygon","coordinates":[[[78.315935,17.483153],[78.315922,17.483196],[78.3159,17.48319],[78.315912,17.483147],[78.315935,17.483153]]]},"properties":{"id":"08555937a00b","height":null,"num_floors":null,"render_height_m":6.4,"height_label":"assumed"}},{"type":"Feature","geometry":{"type":"Polygon","coordinates":[[[78.315989,17.483213],[78.316044,17.483226],[78.316018,17.48333],[78.315962,17.483317],[78.315989,17.483213]]]},"properties":{"id":"09903a595312","height":null,"num_floors":null,"render_height_m":6.4,"height_label":"assumed"}},{"type":"Feature","geometry":{"type":"Polygon","coordinates":[[[78.322033,17.483001],[78.321895,17.483019],[78.321882,17.482925],[78.322019,17.482907],[78.322033,17.483001]]]},"properties":{"id":"39c78a21b8cb","height":null,"num_floors":null,"render_height_m":9.6,"height_label":"assumed"}},{"type":"Feature","geometry":{"type":"Polygon","coordinates":[[[78.321809,17.482942],[78.321647,17.482963],[78.321633,17.482863],[78.321795,17.482842],[78.321809,17.482942]]]},"properties":{"id":"c5b1e39edd4c","height":null,"num_floors":null,"render_height_m":9.6,"height_label":"assumed"}},{"type":"Feature","geometry":{"type":"Polygon","coordinates":[[[78.321775,17.48282],[78.321625,17.482839],[78.321613,17.482753],[78.321763,17.482734],[78.321775,17.48282]]]},"properties":{"id":"174a0868a7ef","height":null,"num_floors":null,"render_height_m":9.6,"height_label":"assumed"}},{"type":"Feature","geometry":{"type":"Polygon","coordinates":[[[78.322002,17.482898],[78.321869,17.482915],[78.321858,17.482838],[78.321991,17.482821],[78.322002,17.482898]]]},"properties":{"id":"fbd1a4e488d1","height":null,"num_floors":null,"render_height_m":9.6,"height_label":"assumed"}},{"type":"Feature","geometry":{"type":"Polygon","coordinates":[[[78.322003,17.482802],[78.321873,17.482819],[78.321859,17.482714],[78.321988,17.482697],[78.322003,17.482802]]]},"properties":{"id":"1cbe5062394e","height":null,"num_floors":null,"render_height_m":9.6,"height_label":"assumed"}},{"type":"Feature","geometry":{"type":"Polygon","coordinates":[[[78.321979,17.482677],[78.321862,17.482692],[78.32185,17.482609],[78.321967,17.482594],[78.321979,17.482677]]]},"properties":{"id":"a62b70683e11","height":null,"num_floors":null,"render_height_m":9.6,"height_label":"assumed"}},{"type":"Feature","geometry":{"type":"Polygon","coordinates":[[[78.321971,17.482574],[78.321837,17.482591],[78.321822,17.482491],[78.321957,17.482474],[78.321971,17.482574]]]},"properties":{"id":"c85911344c6e","height":null,"num_floors":null,"render_height_m":9.6,"height_label":"assumed"}},{"type":"Feature","geometry":{"type":"Polygon","coordinates":[[[78.32176,17.482695],[78.321615,17.482714],[78.321605,17.482641],[78.32175,17.482622],[78.32176,17.482695]]]},"properties":{"id":"f342d433acaa","height":null,"num_floors":null,"render_height_m":9.6,"height_label":"assumed"}},{"type":"Feature","geometry":{"type":"Polygon","coordinates":[[[78.321752,17.482609],[78.321597,17.482629],[78.321582,17.48252],[78.321737,17.482501],[78.321752,17.482609]]]},"properties":{"id":"0e9b08b7d7a2","height":null,"num_floors":null,"render_height_m":9.6,"height_label":"assumed"}},{"type":"Feature","geometry":{"type":"Polygon","coordinates":[[[78.32156,17.482612],[78.321415,17.482631],[78.321404,17.482549],[78.321548,17.48253],[78.32156,17.482612]]]},"properties":{"id":"e544abcc29d5","height":null,"num_floors":null,"render_height_m":9.6,"height_label":"assumed"}},{"type":"Feature","geometry":{"type":"Polygon","coordinates":[[[78.321599,17.482732],[78.321426,17.482754],[78.321414,17.48267],[78.321587,17.482647],[78.321599,17.482732]]]},"properties":{"id":"d25e0e3083ac","height":null,"num_floors":null,"render_height_m":9.6,"height_label":"assumed"}},{"type":"Feature","geometry":{"type":"Polygon","coordinates":[[[78.321565,17.482862],[78.321468,17.482875],[78.321455,17.482782],[78.321552,17.48277],[78.321565,17.482862]]]},"properties":{"id":"b346ca96ae3b","height":null,"num_floors":null,"render_height_m":9.6,"height_label":"assumed"}},{"type":"Feature","geometry":{"type":"Polygon","coordinates":[[[78.321552,17.482887],[78.321557,17.482937],[78.321508,17.482942],[78.321503,17.482892],[78.321552,17.482887]]]},"properties":{"id":"fd9588d3a901","height":null,"num_floors":null,"render_height_m":6.4,"height_label":"assumed"}},{"type":"Feature","geometry":{"type":"Polygon","coordinates":[[[78.321337,17.483023],[78.321213,17.483039],[78.321198,17.482939],[78.321323,17.482923],[78.321337,17.483023]]]},"properties":{"id":"94d3769cd3ab","height":null,"num_floors":null,"render_height_m":9.6,"height_label":"assumed"}},{"type":"Feature","geometry":{"type":"Polygon","coordinates":[[[78.321175,17.483041],[78.321042,17.483058],[78.32103,17.482971],[78.321163,17.482954],[78.321175,17.483041]]]},"properties":{"id":"b74f2489c119","height":null,"num_floors":null,"render_height_m":9.6,"height_label":"assumed"}},{"type":"Feature","geometry":{"type":"Polygon","coordinates":[[[78.32116,17.482927],[78.321013,17.482946],[78.321,17.482852],[78.321146,17.482833],[78.32116,17.482927]]]},"properties":{"id":"8c9e4bea668d","height":null,"num_floors":null,"render_height_m":9.6,"height_label":"assumed"}},{"type":"Feature","geometry":{"type":"Polygon","coordinates":[[[78.321141,17.482821],[78.320996,17.48284],[78.320982,17.482738],[78.321127,17.48272],[78.321141,17.482821]]]},"properties":{"id":"91be05091332","height":null,"num_floors":null,"render_height_m":9.6,"height_label":"assumed"}},{"type":"Feature","geometry":{"type":"Polygon","coordinates":[[[78.321324,17.482784],[78.321169,17.482804],[78.321157,17.482721],[78.321312,17.482701],[78.321324,17.482784]]]},"properties":{"id":"55dd9597ed1f","height":null,"num_floors":null,"render_height_m":9.6,"height_label":"assumed"}},{"type":"Feature","geometry":{"type":"Polygon","coordinates":[[[78.321315,17.482905],[78.321179,17.482923],[78.321165,17.482825],[78.321301,17.482807],[78.321315,17.482905]]]},"properties":{"id":"63b5641b9318","height":null,"num_floors":null,"render_height_m":9.6,"height_label":"assumed"}},{"type":"Feature","geometry":{"type":"Polygon","coordinates":[[[78.321302,17.482682],[78.321152,17.482701],[78.321137,17.482593],[78.321287,17.482574],[78.321302,17.482682]]]},"properties":{"id":"52e9e5be1a25","height":null,"num_floors":null,"render_height_m":9.6,"height_label":"assumed"}},{"type":"Feature","geometry":{"type":"Polygon","coordinates":[[[78.321132,17.482694],[78.320968,17.482715],[78.320954,17.482617],[78.321118,17.482596],[78.321132,17.482694]]]},"properties":{"id":"1f85eb8b23f8","height":null,"num_floors":null,"render_height_m":9.6,"height_label":"assumed"}},{"type":"Feature","geometry":{"type":"Polygon","coordinates":[[[78.321094,17.482509],[78.320952,17.482527],[78.320939,17.482438],[78.321081,17.48242],[78.321094,17.482509]]]},"properties":{"id":"ed0da4c6a6cc","height":null,"num_floors":null,"render_height_m":9.6,"height_label":"assumed"}},{"type":"Feature","geometry":{"type":"Polygon","coordinates":[[[78.320895,17.483235],[78.320939,17.483236],[78.320937,17.483321],[78.320893,17.48332],[78.320895,17.483235]]]},"properties":{"id":"b0271cac33cf","height":null,"num_floors":null,"render_height_m":6.4,"height_label":"assumed"}},{"type":"Feature","geometry":{"type":"Polygon","coordinates":[[[78.320965,17.483222],[78.32085,17.483219],[78.320854,17.483112],[78.320968,17.483116],[78.320965,17.483222]]]},"properties":{"id":"a909dc98049a","height":null,"num_floors":null,"render_height_m":9.6,"height_label":"assumed"}},{"type":"Feature","geometry":{"type":"Polygon","coordinates":[[[78.321231,17.483187],[78.321063,17.483209],[78.321044,17.483081],[78.321213,17.483059],[78.321231,17.483187]]]},"properties":{"id":"a3adfe3a6e41","height":null,"num_floors":null,"render_height_m":12.8,"height_label":"assumed"}},{"type":"Feature","geometry":{"type":"Polygon","coordinates":[[[78.321275,17.483162],[78.321311,17.483158],[78.321316,17.483202],[78.321279,17.483206],[78.321275,17.483162]]]},"properties":{"id":"9ab77f8aec7d","height":null,"num_floors":null,"render_height_m":6.4,"height_label":"assumed"}},{"type":"Feature","geometry":{"type":"Polygon","coordinates":[[[78.321221,17.483324],[78.321227,17.483356],[78.321197,17.483361],[78.321191,17.48333],[78.321221,17.483324]]]},"properties":{"id":"654121f685c8","height":null,"num_floors":null,"render_height_m":6.4,"height_label":"assumed"}},{"type":"Feature","geometry":{"type":"Polygon","coordinates":[[[78.320704,17.48341],[78.320797,17.483415],[78.320794,17.483459],[78.320702,17.483454],[78.320704,17.48341]]]},"properties":{"id":"12054d868bcd","height":null,"num_floors":null,"render_height_m":6.4,"height_label":"assumed"}},{"type":"Feature","geometry":{"type":"Polygon","coordinates":[[[78.320565,17.483331],[78.320675,17.483337],[78.320669,17.483452],[78.320559,17.483446],[78.320565,17.483331]]]},"properties":{"id":"b340ab814acc","height":null,"num_floors":null,"render_height_m":9.6,"height_label":"assumed"}},{"type":"Feature","geometry":{"type":"Polygon","coordinates":[[[78.320232,17.483577],[78.320234,17.483329],[78.320303,17.483329],[78.320301,17.483577],[78.320232,17.483577]]]},"properties":{"id":"c3716170376f","height":null,"num_floors":null,"render_height_m":9.6,"height_label":"assumed"}},{"type":"Feature","geometry":{"type":"Polygon","coordinates":[[[78.32025,17.483289],[78.320136,17.483282],[78.320147,17.483134],[78.32026,17.483141],[78.32025,17.483289]]]},"properties":{"id":"8852a5fc6e9c","height":null,"num_floors":null,"render_height_m":9.6,"height_label":"assumed"}},{"type":"Feature","geometry":{"type":"Polygon","coordinates":[[[78.3206,17.483304],[78.320601,17.483131],[78.320817,17.483132],[78.320816,17.483305],[78.3206,17.483304]]]},"properties":{"id":"70af16b65c3a","height":null,"num_floors":null,"render_height_m":12.8,"height_label":"assumed"}},{"type":"Feature","geometry":{"type":"Polygon","coordinates":[[[78.320841,17.482753],[78.320535,17.482797],[78.32052,17.482701],[78.320785,17.482663],[78.320794,17.482719],[78.320835,17.482713],[78.320841,17.482753]]]},"properties":{"id":"4797de13cb2d","height":null,"num_floors":null,"render_height_m":12.8,"height_label":"assumed"}},{"type":"Feature","geometry":{"type":"Polygon","coordinates":[[[78.320673,17.482582],[78.32056,17.482597],[78.320546,17.482494],[78.320659,17.482479],[78.320673,17.482582]]]},"properties":{"id":"8019f910fab8","height":null,"num_floors":null,"render_height_m":9.6,"height_label":"assumed"}},{"type":"Feature","geometry":{"type":"Polygon","coordinates":[[[78.320278,17.482752],[78.320311,17.482753],[78.32031,17.482787],[78.320277,17.482786],[78.320278,17.482752]]]},"properties":{"id":"ff6e271c4b42","height":null,"num_floors":null,"render_height_m":6.4,"height_label":"assumed"}},{"type":"Feature","geometry":{"type":"Polygon","coordinates":[[[78.320052,17.483074],[78.31981,17.483066],[78.319809,17.482855],[78.320221,17.482857],[78.320224,17.483084],[78.320052,17.48308],[78.320052,17.483074]]]},"properties":{"id":"71931d6d9e50","height":null,"num_floors":null,"render_height_m":19.2,"height_label":"assumed"}},{"type":"Feature","geometry":{"type":"Polygon","coordinates":[[[78.319764,17.483083],[78.319687,17.483083],[78.319688,17.482953],[78.319765,17.482954],[78.319764,17.483083]]]},"properties":{"id":"b454c6b45208","height":null,"num_floors":null,"render_height_m":9.6,"height_label":"assumed"}},{"type":"Feature","geometry":{"type":"Polygon","coordinates":[[[78.319623,17.483062],[78.31956,17.483037],[78.319621,17.482898],[78.319684,17.482923],[78.319623,17.483062]]]},"properties":{"id":"92a22fb0e815","height":null,"num_floors":null,"render_height_m":9.6,"height_label":"assumed"}},{"type":"Feature","geometry":{"type":"Polygon","coordinates":[[[78.319583,17.483236],[78.319488,17.483193],[78.319554,17.483062],[78.319649,17.483106],[78.319583,17.483236]]]},"properties":{"id":"17ac17ee882e","height":null,"num_floors":null,"render_height_m":9.6,"height_label":"assumed"}},{"type":"Feature","geometry":{"type":"Polygon","coordinates":[[[78.319723,17.483226],[78.31963,17.483202],[78.319663,17.483086],[78.319757,17.48311],[78.319723,17.483226]]]},"properties":{"id":"40cf94be2679","height":null,"num_floors":null,"render_height_m":9.6,"height_label":"assumed"}},{"type":"Feature","geometry":{"type":"Polygon","coordinates":[[[78.319868,17.483517],[78.31979,17.483488],[78.319838,17.48337],[78.319916,17.483399],[78.319868,17.483517]]]},"properties":{"id":"fafcf54024b9","height":null,"num_floors":null,"render_height_m":9.6,"height_label":"assumed"}},{"type":"Feature","geometry":{"type":"Polygon","coordinates":[[[78.319822,17.483604],[78.319622,17.483521],[78.31966,17.483438],[78.31986,17.483522],[78.319822,17.483604]]]},"properties":{"id":"a14e0c9bee23","height":null,"num_floors":null,"render_height_m":9.6,"height_label":"assumed"}},{"type":"Feature","geometry":{"type":"Polygon","coordinates":[[[78.319755,17.483322],[78.319785,17.483328],[78.319779,17.483361],[78.319748,17.483356],[78.319755,17.483322]]]},"properties":{"id":"54976b54b165","height":null,"num_floors":null,"render_height_m":6.4,"height_label":"assumed"}},{"type":"Feature","geometry":{"type":"Polygon","coordinates":[[[78.319726,17.483449],[78.31959,17.483396],[78.319622,17.483321],[78.319758,17.483374],[78.319726,17.483449]]]},"properties":{"id":"94340bac2644","height":null,"num_floors":null,"render_height_m":9.6,"height_label":"assumed"}},{"type":"Feature","geometry":{"type":"Polygon","coordinates":[[[78.318106,17.483601],[78.31803,17.483562],[78.318049,17.483534],[78.318123,17.483572],[78.318106,17.483601]]]},"properties":{"id":"36103f6de542","height":null,"num_floors":null,"render_height_m":6.4,"height_label":"assumed"}},{"type":"Feature","geometry":{"type":"Polygon","coordinates":[[[78.318113,17.48333],[78.318195,17.483368],[78.318209,17.483339],[78.318363,17.483411],[78.31833,17.483476],[78.318094,17.483366],[78.318113,17.48333]]]},"properties":{"id":"c56db1023072","height":null,"num_floors":null,"render_height_m":9.6,"height_label":"assumed"}},{"type":"Feature","geometry":{"type":"Polygon","coordinates":[[[78.317842,17.483464],[78.318012,17.483543],[78.317993,17.483581],[78.317823,17.483502],[78.317842,17.483464]]]},"properties":{"id":"c7a20dc9ee1e","height":null,"num_floors":null,"render_height_m":9.6,"height_label":"assumed"}},{"type":"Feature","geometry":{"type":"Polygon","coordinates":[[[78.317377,17.483269],[78.317559,17.483353],[78.317547,17.483377],[78.317365,17.483293],[78.317377,17.483269]]]},"properties":{"id":"ef0502f48081","height":null,"num_floors":null,"render_height_m":6.4,"height_label":"assumed"}},{"type":"Feature","geometry":{"type":"Polygon","coordinates":[[[78.317174,17.483479],[78.317205,17.48349],[78.317191,17.483527],[78.317159,17.483516],[78.317174,17.483479]]]},"properties":{"id":"1207dd6ee3dc","height":null,"num_floors":null,"render_height_m":6.4,"height_label":"assumed"}},{"type":"Feature","geometry":{"type":"Polygon","coordinates":[[[78.317079,17.483244],[78.317125,17.483258],[78.317113,17.483295],[78.317067,17.483282],[78.317079,17.483244]]]},"properties":{"id":"6571d43c5e51","height":null,"num_floors":null,"render_height_m":6.4,"height_label":"assumed"}},{"type":"Feature","geometry":{"type":"Polygon","coordinates":[[[78.317049,17.483016],[78.317203,17.483089],[78.317169,17.483157],[78.317014,17.483084],[78.317049,17.483016]]]},"properties":{"id":"a44cd71969f7","height":null,"num_floors":null,"render_height_m":9.6,"height_label":"assumed"}},{"type":"Feature","geometry":{"type":"Polygon","coordinates":[[[78.317186,17.482811],[78.31726,17.482677],[78.317722,17.482883],[78.317742,17.482849],[78.317947,17.482944],[78.317926,17.482983],[78.31815,17.48309],[78.31808,17.483227],[78.317858,17.483125],[78.317847,17.483144],[78.317661,17.483055],[78.317667,17.483037],[78.317186,17.482811]]]},"properties":{"id":"f340204c2b4a","height":null,"num_floors":null,"render_height_m":19.2,"height_label":"assumed"}},{"type":"Feature","geometry":{"type":"Polygon","coordinates":[[[78.317877,17.482707],[78.317383,17.482477],[78.317434,17.482377],[78.317928,17.482607],[78.317877,17.482707]]]},"properties":{"id":"96e1e2d6585c","height":null,"num_floors":null,"render_height_m":12.8,"height_label":"assumed"}},{"type":"Feature","geometry":{"type":"Polygon","coordinates":[[[78.317957,17.482723],[78.317907,17.482698],[78.317936,17.482644],[78.317987,17.482669],[78.317957,17.482723]]]},"properties":{"id":"fafeb9a8f5bb","height":null,"num_floors":null,"render_height_m":6.4,"height_label":"assumed"}},{"type":"Feature","geometry":{"type":"Polygon","coordinates":[[[78.317999,17.482414],[78.318076,17.482418],[78.318069,17.482537],[78.317992,17.482533],[78.317999,17.482414]]]},"properties":{"id":"99d3c3b78739","height":null,"num_floors":null,"render_height_m":9.6,"height_label":"assumed"}},{"type":"Feature","geometry":{"type":"Polygon","coordinates":[[[78.318281,17.482664],[78.318173,17.482644],[78.318195,17.482526],[78.318304,17.482546],[78.318281,17.482664]]]},"properties":{"id":"e3fe4138ce0b","height":null,"num_floors":null,"render_height_m":9.6,"height_label":"assumed"}},{"type":"Feature","geometry":{"type":"Polygon","coordinates":[[[78.31833,17.482522],[78.318182,17.482515],[78.318188,17.482404],[78.318336,17.482411],[78.31833,17.482522]]]},"properties":{"id":"1c2a41f41e34","height":null,"num_floors":null,"render_height_m":9.6,"height_label":"assumed"}},{"type":"Feature","geometry":{"type":"Polygon","coordinates":[[[78.31839,17.482708],[78.318293,17.48268],[78.318335,17.482546],[78.318432,17.482574],[78.31839,17.482708]]]},"properties":{"id":"9761157dafc9","height":null,"num_floors":null,"render_height_m":9.6,"height_label":"assumed"}},{"type":"Feature","geometry":{"type":"Polygon","coordinates":[[[78.318632,17.482592],[78.31853,17.482612],[78.318511,17.482527],[78.318613,17.482507],[78.318632,17.482592]]]},"properties":{"id":"08360f68236e","height":null,"num_floors":null,"render_height_m":9.6,"height_label":"assumed"}},{"type":"Feature","geometry":{"type":"Polygon","coordinates":[[[78.318753,17.482528],[78.318708,17.482529],[78.318705,17.482454],[78.318751,17.482453],[78.318753,17.482528]]]},"properties":{"id":"25c47649b331","height":null,"num_floors":null,"render_height_m":6.4,"height_label":"assumed"}},{"type":"Feature","geometry":{"type":"Polygon","coordinates":[[[78.318678,17.48272],[78.31862,17.482722],[78.318615,17.482619],[78.318672,17.482616],[78.318678,17.48272]]]},"properties":{"id":"124041dacebd","height":null,"num_floors":null,"render_height_m":6.4,"height_label":"assumed"}},{"type":"Feature","geometry":{"type":"Polygon","coordinates":[[[78.318713,17.482838],[78.318632,17.482839],[78.318631,17.482733],[78.318712,17.482733],[78.318713,17.482838]]]},"properties":{"id":"a8441fb2b54f","height":null,"num_floors":null,"render_height_m":9.6,"height_label":"assumed"}},{"type":"Feature","geometry":{"type":"Polygon","coordinates":[[[78.318618,17.482782],[78.318591,17.482781],[78.318594,17.482731],[78.31862,17.482733],[78.318618,17.482782]]]},"properties":{"id":"7637375b1301","height":null,"num_floors":null,"render_height_m":6.4,"height_label":"assumed"}},{"type":"Feature","geometry":{"type":"Polygon","coordinates":[[[78.318425,17.483148],[78.318273,17.483082],[78.318331,17.482959],[78.318483,17.483024],[78.318425,17.483148]]]},"properties":{"id":"e0f1c01acb52","height":null,"num_floors":null,"render_height_m":12.8,"height_label":"assumed"}},{"type":"Feature","geometry":{"type":"Polygon","coordinates":[[[78.318363,17.48346],[78.31841,17.483454],[78.318414,17.483486],[78.318367,17.483491],[78.318363,17.48346]]]},"properties":{"id":"f41d7fabeeba","height":null,"num_floors":null,"render_height_m":6.4,"height_label":"assumed"}},{"type":"Feature","geometry":{"type":"Polygon","coordinates":[[[78.31861,17.483452],[78.318646,17.483469],[78.318624,17.483514],[78.318587,17.483497],[78.31861,17.483452]]]},"properties":{"id":"2221812d3247","height":null,"num_floors":null,"render_height_m":6.4,"height_label":"assumed"}},{"type":"Feature","geometry":{"type":"Polygon","coordinates":[[[78.318646,17.483469],[78.318751,17.483517],[78.318729,17.483562],[78.318624,17.483514],[78.318646,17.483469]]]},"properties":{"id":"c4373af46dbd","height":null,"num_floors":null,"render_height_m":6.4,"height_label":"assumed"}},{"type":"Feature","geometry":{"type":"Polygon","coordinates":[[[78.318785,17.483498],[78.31883,17.483515],[78.318812,17.483557],[78.318768,17.483541],[78.318785,17.483498]]]},"properties":{"id":"232e00613c5c","height":null,"num_floors":null,"render_height_m":6.4,"height_label":"assumed"}},{"type":"Feature","geometry":{"type":"Polygon","coordinates":[[[78.318814,17.483085],[78.318727,17.483051],[78.31876,17.482975],[78.318847,17.48301],[78.318814,17.483085]]]},"properties":{"id":"4c1ff7f8ac1b","height":null,"num_floors":null,"render_height_m":9.6,"height_label":"assumed"}},{"type":"Feature","geometry":{"type":"Polygon","coordinates":[[[78.31885,17.48306],[78.318873,17.483057],[78.318884,17.483126],[78.31886,17.48313],[78.31885,17.48306]]]},"properties":{"id":"ab35507d9cfe","height":null,"num_floors":null,"render_height_m":6.4,"height_label":"assumed"}},{"type":"Feature","geometry":{"type":"Polygon","coordinates":[[[78.319337,17.48339],[78.31919,17.483323],[78.319231,17.48324],[78.319379,17.483307],[78.319337,17.48339]]]},"properties":{"id":"dae8bfc919a2","height":null,"num_floors":null,"render_height_m":9.6,"height_label":"assumed"}},{"type":"Feature","geometry":{"type":"Polygon","coordinates":[[[78.319433,17.483503],[78.319479,17.483515],[78.319466,17.48356],[78.31942,17.483549],[78.319433,17.483503]]]},"properties":{"id":"6f209471b660","height":null,"num_floors":null,"render_height_m":6.4,"height_label":"assumed"}},{"type":"Feature","geometry":{"type":"Polygon","coordinates":[[[78.319501,17.483457],[78.319353,17.483393],[78.319395,17.483304],[78.319544,17.483369],[78.319501,17.483457]]]},"properties":{"id":"92f4dd331e79","height":null,"num_floors":null,"render_height_m":9.6,"height_label":"assumed"}},{"type":"Feature","geometry":{"type":"Polygon","coordinates":[[[78.318953,17.482848],[78.319082,17.482844],[78.319085,17.482907],[78.318955,17.482911],[78.318953,17.482848]]]},"properties":{"id":"9242e0106d8f","height":null,"num_floors":null,"render_height_m":9.6,"height_label":"assumed"}},{"type":"Feature","geometry":{"type":"Polygon","coordinates":[[[78.319578,17.482481],[78.319739,17.482476],[78.319739,17.48255],[78.319699,17.482632],[78.31965,17.482689],[78.319583,17.482724],[78.319495,17.482741],[78.319414,17.482736],[78.319339,17.482707],[78.319278,17.482656],[78.319236,17.482587],[78.319213,17.482527],[78.319384,17.482502],[78.319414,17.482566],[78.319484,17.482581],[78.319535,17.482558],[78.319562,17.482525],[78.319578,17.482481]]]},"properties":{"id":"9216b9a81910","height":null,"num_floors":null,"render_height_m":19.2,"height_label":"assumed"}},{"type":"Feature","geometry":{"type":"Polygon","coordinates":[[[78.319169,17.481851],[78.319368,17.4818],[78.319511,17.481785],[78.319653,17.481812],[78.319726,17.48187],[78.319763,17.48194],[78.319767,17.482021],[78.31973,17.482095],[78.319632,17.482161],[78.319437,17.482211],[78.319275,17.482227],[78.319096,17.482203],[78.319002,17.482168],[78.318958,17.482102],[78.318954,17.482033],[78.318998,17.481963],[78.319063,17.481901],[78.319169,17.481851]]]},"properties":{"id":"103e8d68d521","height":null,"num_floors":null,"render_height_m":19.2,"height_label":"assumed"}},{"type":"Feature","geometry":{"type":"Polygon","coordinates":[[[78.319063,17.481824],[78.319138,17.481818],[78.319139,17.481837],[78.319064,17.481842],[78.319063,17.481824]]]},"properties":{"id":"cbe8e46671dd","height":null,"num_floors":null,"render_height_m":6.4,"height_label":"assumed"}},{"type":"Feature","geometry":{"type":"Polygon","coordinates":[[[78.319048,17.481824],[78.31905,17.481846],[78.318961,17.481854],[78.318958,17.481832],[78.319048,17.481824]]]},"properties":{"id":"8bff4b80d068","height":null,"num_floors":null,"render_height_m":6.4,"height_label":"assumed"}},{"type":"Feature","geometry":{"type":"Polygon","coordinates":[[[78.318915,17.481652],[78.318921,17.481728],[78.318858,17.481733],[78.318852,17.481657],[78.318915,17.481652]]]},"properties":{"id":"db9d15e37c2b","height":null,"num_floors":null,"render_height_m":6.4,"height_label":"assumed"}},{"type":"Feature","geometry":{"type":"Polygon","coordinates":[[[78.318856,17.481523],[78.31889,17.481526],[78.318887,17.481563],[78.318852,17.48156],[78.318856,17.481523]]]},"properties":{"id":"08a210f9fc39","height":null,"num_floors":null,"render_height_m":6.4,"height_label":"assumed"}},{"type":"Feature","geometry":{"type":"Polygon","coordinates":[[[78.318892,17.481347],[78.318925,17.481349],[78.318922,17.481384],[78.31889,17.481382],[78.318892,17.481347]]]},"properties":{"id":"e74600f8ff5d","height":null,"num_floors":null,"render_height_m":6.4,"height_label":"assumed"}},{"type":"Feature","geometry":{"type":"Polygon","coordinates":[[[78.318401,17.481489],[78.318574,17.481494],[78.318571,17.481591],[78.318398,17.481586],[78.318401,17.481489]]]},"properties":{"id":"6eb63af0e138","height":null,"num_floors":null,"render_height_m":9.6,"height_label":"assumed"}},{"type":"Feature","geometry":{"type":"Polygon","coordinates":[[[78.318507,17.481302],[78.31861,17.481306],[78.318608,17.48134],[78.318505,17.481335],[78.318507,17.481302]]]},"properties":{"id":"23c40eaa3fcc","height":null,"num_floors":null,"render_height_m":6.4,"height_label":"assumed"}},{"type":"Feature","geometry":{"type":"Polygon","coordinates":[[[78.318588,17.481466],[78.31847,17.481465],[78.318472,17.481341],[78.31859,17.481342],[78.318588,17.481466]]]},"properties":{"id":"5eba470fb321","height":null,"num_floors":null,"render_height_m":9.6,"height_label":"assumed"}},{"type":"Feature","geometry":{"type":"Polygon","coordinates":[[[78.31845,17.481454],[78.318335,17.481452],[78.318337,17.481323],[78.318452,17.481325],[78.31845,17.481454]]]},"properties":{"id":"bc8c5df4382c","height":null,"num_floors":null,"render_height_m":9.6,"height_label":"assumed"}},{"type":"Feature","geometry":{"type":"Polygon","coordinates":[[[78.318609,17.481869],[78.318544,17.481868],[78.318546,17.481746],[78.318611,17.481747],[78.318609,17.481869]]]},"properties":{"id":"642438a1814f","height":null,"num_floors":null,"render_height_m":9.6,"height_label":"assumed"}},{"type":"Feature","geometry":{"type":"Polygon","coordinates":[[[78.318534,17.481871],[78.318468,17.48187],[78.318469,17.481769],[78.318535,17.48177],[78.318534,17.481871]]]},"properties":{"id":"c35b6902a902","height":null,"num_floors":null,"render_height_m":6.4,"height_label":"assumed"}},{"type":"Feature","geometry":{"type":"Polygon","coordinates":[[[78.318456,17.48188],[78.318351,17.48188],[78.31835,17.481759],[78.318455,17.481759],[78.318456,17.48188]]]},"properties":{"id":"8ae1383d1c42","height":null,"num_floors":null,"render_height_m":9.6,"height_label":"assumed"}},{"type":"Feature","geometry":{"type":"Polygon","coordinates":[[[78.318495,17.482026],[78.318415,17.482025],[78.318416,17.481921],[78.318496,17.481922],[78.318495,17.482026]]]},"properties":{"id":"296514180981","height":null,"num_floors":null,"render_height_m":9.6,"height_label":"assumed"}},{"type":"Feature","geometry":{"type":"Polygon","coordinates":[[[78.318419,17.482184],[78.31835,17.482183],[78.318352,17.482032],[78.318421,17.482032],[78.318419,17.482184]]]},"properties":{"id":"00ace962b85e","height":null,"num_floors":null,"render_height_m":9.6,"height_label":"assumed"}},{"type":"Feature","geometry":{"type":"Polygon","coordinates":[[[78.318506,17.482161],[78.318437,17.48216],[78.318439,17.482036],[78.318508,17.482037],[78.318506,17.482161]]]},"properties":{"id":"56008c0fd6e9","height":null,"num_floors":null,"render_height_m":9.6,"height_label":"assumed"}},{"type":"Feature","geometry":{"type":"Polygon","coordinates":[[[78.318553,17.482271],[78.31847,17.482294],[78.318451,17.482234],[78.318534,17.482211],[78.318553,17.482271]]]},"properties":{"id":"2cfa31d7c19f","height":null,"num_floors":null,"render_height_m":6.4,"height_label":"assumed"}},{"type":"Feature","geometry":{"type":"Polygon","coordinates":[[[78.31844,17.482361],[78.318354,17.482364],[78.318351,17.482286],[78.318438,17.482283],[78.31844,17.482361]]]},"properties":{"id":"6a44fe82e05b","height":null,"num_floors":null,"render_height_m":6.4,"height_label":"assumed"}},{"type":"Feature","geometry":{"type":"Polygon","coordinates":[[[78.318439,17.482431],[78.318344,17.482432],[78.318344,17.482382],[78.318438,17.482381],[78.318439,17.482431]]]},"properties":{"id":"b4109afcdbfd","height":null,"num_floors":null,"render_height_m":6.4,"height_label":"assumed"}},{"type":"Feature","geometry":{"type":"Polygon","coordinates":[[[78.318331,17.482395],[78.318245,17.482394],[78.318246,17.482319],[78.318332,17.482319],[78.318331,17.482395]]]},"properties":{"id":"9e269869c867","height":null,"num_floors":null,"render_height_m":6.4,"height_label":"assumed"}},{"type":"Feature","geometry":{"type":"Polygon","coordinates":[[[78.318237,17.482387],[78.318174,17.482388],[78.318174,17.482327],[78.318236,17.482326],[78.318237,17.482387]]]},"properties":{"id":"6d9afeee62af","height":null,"num_floors":null,"render_height_m":6.4,"height_label":"assumed"}},{"type":"Feature","geometry":{"type":"Polygon","coordinates":[[[78.317988,17.482287],[78.318087,17.482298],[78.318081,17.482351],[78.317982,17.482341],[78.317988,17.482287]]]},"properties":{"id":"c91c141bc6da","height":null,"num_floors":null,"render_height_m":6.4,"height_label":"assumed"}},{"type":"Feature","geometry":{"type":"Polygon","coordinates":[[[78.318333,17.482201],[78.318253,17.4822],[78.318256,17.482033],[78.318335,17.482034],[78.318333,17.482201]]]},"properties":{"id":"aa336782fcd3","height":null,"num_floors":null,"render_height_m":9.6,"height_label":"assumed"}},{"type":"Feature","geometry":{"type":"Polygon","coordinates":[[[78.318246,17.482191],[78.318166,17.48219],[78.318167,17.482087],[78.318247,17.482087],[78.318246,17.482191]]]},"properties":{"id":"7b932a563ba9","height":null,"num_floors":null,"render_height_m":9.6,"height_label":"assumed"}},{"type":"Feature","geometry":{"type":"Polygon","coordinates":[[[78.318201,17.481925],[78.318242,17.481926],[78.318242,17.48196],[78.3182,17.481959],[78.318201,17.481925]]]},"properties":{"id":"c92976026379","height":null,"num_floors":null,"render_height_m":6.4,"height_label":"assumed"}},{"type":"Feature","geometry":{"type":"Polygon","coordinates":[[[78.31808,17.482139],[78.317901,17.482136],[78.317903,17.482017],[78.318082,17.482019],[78.31808,17.482139]]]},"properties":{"id":"908a80e4ae54","height":null,"num_floors":null,"render_height_m":12.8,"height_label":"assumed"}},{"type":"Feature","geometry":{"type":"Polygon","coordinates":[[[78.317747,17.482143],[78.317615,17.482093],[78.317656,17.481995],[78.317787,17.482045],[78.317747,17.482143]]]},"properties":{"id":"24d382d9c92d","height":null,"num_floors":null,"render_height_m":9.6,"height_label":"assumed"}},{"type":"Feature","geometry":{"type":"Polygon","coordinates":[[[78.317978,17.48251],[78.317895,17.48251],[78.317895,17.482389],[78.317978,17.482389],[78.317978,17.48251]]]},"properties":{"id":"3bc7d1ed06df","height":null,"num_floors":null,"render_height_m":9.6,"height_label":"assumed"}},{"type":"Feature","geometry":{"type":"Polygon","coordinates":[[[78.317886,17.482431],[78.31775,17.48242],[78.317769,17.482204],[78.317905,17.482214],[78.317886,17.482431]]]},"properties":{"id":"ec122cd27dcb","height":null,"num_floors":null,"render_height_m":12.8,"height_label":"assumed"}},{"type":"Feature","geometry":{"type":"Polygon","coordinates":[[[78.317701,17.482398],[78.317586,17.482348],[78.317626,17.482264],[78.317741,17.482314],[78.317701,17.482398]]]},"properties":{"id":"0afcc926e6a7","height":null,"num_floors":null,"render_height_m":9.6,"height_label":"assumed"}},{"type":"Feature","geometry":{"type":"Polygon","coordinates":[[[78.317467,17.482302],[78.31734,17.482247],[78.317386,17.482148],[78.317514,17.482202],[78.317467,17.482302]]]},"properties":{"id":"d19cc9c09f13","height":null,"num_floors":null,"render_height_m":9.6,"height_label":"assumed"}},{"type":"Feature","geometry":{"type":"Polygon","coordinates":[[[78.317321,17.482471],[78.317099,17.482374],[78.317151,17.482264],[78.317374,17.482362],[78.317321,17.482471]]]},"properties":{"id":"a3e0af4368a6","height":null,"num_floors":null,"render_height_m":12.8,"height_label":"assumed"}},{"type":"Feature","geometry":{"type":"Polygon","coordinates":[[[78.317314,17.482188],[78.317231,17.48218],[78.317254,17.481958],[78.317338,17.481966],[78.317314,17.482188]]]},"properties":{"id":"f738f708080e","height":null,"num_floors":null,"render_height_m":9.6,"height_label":"assumed"}},{"type":"Feature","geometry":{"type":"Polygon","coordinates":[[[78.317167,17.482142],[78.317039,17.482092],[78.317053,17.481929],[78.317184,17.481939],[78.317167,17.482142]]]},"properties":{"id":"160280921d32","height":null,"num_floors":null,"render_height_m":12.8,"height_label":"assumed"}},{"type":"Feature","geometry":{"type":"Polygon","coordinates":[[[78.317396,17.481948],[78.317265,17.481933],[78.317276,17.481844],[78.317408,17.481859],[78.317396,17.481948]]]},"properties":{"id":"ffe80eda44e7","height":null,"num_floors":null,"render_height_m":9.6,"height_label":"assumed"}},{"type":"Feature","geometry":{"type":"Polygon","coordinates":[[[78.317535,17.482031],[78.317393,17.481984],[78.317425,17.481896],[78.317567,17.481944],[78.317535,17.482031]]]},"properties":{"id":"8db40a1cca16","height":null,"num_floors":null,"render_height_m":9.6,"height_label":"assumed"}},{"type":"Feature","geometry":{"type":"Polygon","coordinates":[[[78.317515,17.482126],[78.31738,17.482081],[78.317402,17.482019],[78.317538,17.482063],[78.317515,17.482126]]]},"properties":{"id":"b78dece767fb","height":null,"num_floors":null,"render_height_m":9.6,"height_label":"assumed"}},{"type":"Feature","geometry":{"type":"Polygon","coordinates":[[[78.31758,17.481791],[78.317421,17.481789],[78.317422,17.481687],[78.317582,17.481689],[78.31758,17.481791]]]},"properties":{"id":"88efb3f550c5","height":null,"num_floors":null,"render_height_m":9.6,"height_label":"assumed"}},{"type":"Feature","geometry":{"type":"Polygon","coordinates":[[[78.317554,17.481913],[78.317416,17.481891],[78.317431,17.481808],[78.317569,17.481831],[78.317554,17.481913]]]},"properties":{"id":"c04510f3b203","height":null,"num_floors":null,"render_height_m":9.6,"height_label":"assumed"}},{"type":"Feature","geometry":{"type":"Polygon","coordinates":[[[78.317386,17.481835],[78.317279,17.481828],[78.317283,17.481763],[78.317391,17.48177],[78.317386,17.481835]]]},"properties":{"id":"b3b08e53218e","height":null,"num_floors":null,"render_height_m":9.6,"height_label":"assumed"}},{"type":"Feature","geometry":{"type":"Polygon","coordinates":[[[78.317183,17.481823],[78.317063,17.481815],[78.317071,17.481703],[78.317191,17.481711],[78.317183,17.481823]]]},"properties":{"id":"f89a37fced6e","height":null,"num_floors":null,"render_height_m":9.6,"height_label":"assumed"}},{"type":"Feature","geometry":{"type":"Polygon","coordinates":[[[78.317401,17.481756],[78.317288,17.481748],[78.317293,17.481672],[78.317407,17.48168],[78.317401,17.481756]]]},"properties":{"id":"1ce0b18164fa","height":null,"num_floors":null,"render_height_m":9.6,"height_label":"assumed"}},{"type":"Feature","geometry":{"type":"Polygon","coordinates":[[[78.317417,17.481666],[78.317294,17.481659],[78.317297,17.481603],[78.317421,17.481611],[78.317417,17.481666]]]},"properties":{"id":"84916ff68f3b","height":null,"num_floors":null,"render_height_m":9.6,"height_label":"assumed"}},{"type":"Feature","geometry":{"type":"Polygon","coordinates":[[[78.317419,17.481571],[78.317289,17.481563],[78.317295,17.481486],[78.317424,17.481495],[78.317419,17.481571]]]},"properties":{"id":"c35ede7917df","height":null,"num_floors":null,"render_height_m":9.6,"height_label":"assumed"}},{"type":"Feature","geometry":{"type":"Polygon","coordinates":[[[78.317226,17.481637],[78.317099,17.481629],[78.317106,17.481529],[78.317233,17.481537],[78.317226,17.481637]]]},"properties":{"id":"a7c073efea9e","height":null,"num_floors":null,"render_height_m":9.6,"height_label":"assumed"}},{"type":"Feature","geometry":{"type":"Polygon","coordinates":[[[78.317408,17.481479],[78.317307,17.481473],[78.317311,17.481409],[78.317413,17.481415],[78.317408,17.481479]]]},"properties":{"id":"4c31f3144c67","height":null,"num_floors":null,"render_height_m":6.4,"height_label":"assumed"}},{"type":"Feature","geometry":{"type":"Polygon","coordinates":[[[78.317582,17.481536],[78.317428,17.481526],[78.317436,17.481402],[78.317591,17.481412],[78.317582,17.481536]]]},"properties":{"id":"2db66ac5997b","height":null,"num_floors":null,"render_height_m":9.6,"height_label":"assumed"}},{"type":"Feature","geometry":{"type":"Polygon","coordinates":[[[78.317778,17.481407],[78.317653,17.481405],[78.317655,17.4813],[78.317779,17.481302],[78.317778,17.481407]]]},"properties":{"id":"1325443ee8a7","height":null,"num_floors":null,"render_height_m":9.6,"height_label":"assumed"}},{"type":"Feature","geometry":{"type":"Polygon","coordinates":[[[78.317883,17.481424],[78.317791,17.481429],[78.317787,17.48135],[78.317879,17.481345],[78.317883,17.481424]]]},"properties":{"id":"b89f5fc4d70b","height":null,"num_floors":null,"render_height_m":9.6,"height_label":"assumed"}},{"type":"Feature","geometry":{"type":"Polygon","coordinates":[[[78.317943,17.481488],[78.317825,17.481496],[78.31782,17.481434],[78.317939,17.481427],[78.317943,17.481488]]]},"properties":{"id":"8df38b680a9e","height":null,"num_floors":null,"render_height_m":9.6,"height_label":"assumed"}},{"type":"Feature","geometry":{"type":"Polygon","coordinates":[[[78.317801,17.481789],[78.317661,17.481787],[78.317662,17.481691],[78.317802,17.481693],[78.317801,17.481789]]]},"properties":{"id":"0057d24bbc05","height":null,"num_floors":null,"render_height_m":9.6,"height_label":"assumed"}},{"type":"Feature","geometry":{"type":"Polygon","coordinates":[[[78.31781,17.481896],[78.317649,17.481894],[78.31765,17.481795],[78.317812,17.481797],[78.31781,17.481896]]]},"properties":{"id":"7255947b7de0","height":null,"num_floors":null,"render_height_m":9.6,"height_label":"assumed"}},{"type":"Feature","geometry":{"type":"Polygon","coordinates":[[[78.318242,17.481893],[78.318161,17.481894],[78.318158,17.481734],[78.31824,17.481733],[78.318242,17.481893]]]},"properties":{"id":"08888d53bc3e","height":null,"num_floors":null,"render_height_m":9.6,"height_label":"assumed"}},{"type":"Feature","geometry":{"type":"Polygon","coordinates":[[[78.318331,17.481869],[78.31825,17.481868],[78.318251,17.481762],[78.318333,17.481763],[78.318331,17.481869]]]},"properties":{"id":"e2ea4b3cceba","height":null,"num_floors":null,"render_height_m":9.6,"height_label":"assumed"}},{"type":"Feature","geometry":{"type":"Polygon","coordinates":[[[78.318314,17.48158],[78.318223,17.481579],[78.318225,17.481437],[78.318315,17.481438],[78.318314,17.48158]]]},"properties":{"id":"8764c45c83e2","height":null,"num_floors":null,"render_height_m":9.6,"height_label":"assumed"}},{"type":"Feature","geometry":{"type":"Polygon","coordinates":[[[78.318031,17.481509],[78.318068,17.481507],[78.318069,17.481526],[78.318093,17.481525],[78.318096,17.481579],[78.318035,17.481582],[78.318031,17.481509]]]},"properties":{"id":"2c0591e95f0b","height":null,"num_floors":null,"render_height_m":6.4,"height_label":"assumed"}},{"type":"Feature","geometry":{"type":"Polygon","coordinates":[[[78.318078,17.481423],[78.317975,17.481422],[78.317976,17.481326],[78.318079,17.481327],[78.318078,17.481423]]]},"properties":{"id":"2c6946da6ccf","height":null,"num_floors":null,"render_height_m":9.6,"height_label":"assumed"}},{"type":"Feature","geometry":{"type":"Polygon","coordinates":[[[78.318263,17.481383],[78.318141,17.481382],[78.318142,17.481308],[78.318264,17.48131],[78.318263,17.481383]]]},"properties":{"id":"7f844d823f5d","height":null,"num_floors":null,"render_height_m":9.6,"height_label":"assumed"}},{"type":"Feature","geometry":{"type":"Polygon","coordinates":[[[78.318083,17.48129],[78.317985,17.48129],[78.317985,17.481176],[78.318083,17.481176],[78.318083,17.48129]]]},"properties":{"id":"e1aae155dce3","height":null,"num_floors":null,"render_height_m":9.6,"height_label":"assumed"}},{"type":"Feature","geometry":{"type":"Polygon","coordinates":[[[78.318079,17.481162],[78.317981,17.481166],[78.317978,17.481111],[78.318077,17.481107],[78.318079,17.481162]]]},"properties":{"id":"557e5bbf2f8f","height":null,"num_floors":null,"render_height_m":6.4,"height_label":"assumed"}},{"type":"Feature","geometry":{"type":"Polygon","coordinates":[[[78.318091,17.48109],[78.318025,17.481098],[78.318013,17.481011],[78.318078,17.481003],[78.318091,17.48109]]]},"properties":{"id":"f4301eee7cd8","height":null,"num_floors":null,"render_height_m":6.4,"height_label":"assumed"}},{"type":"Feature","geometry":{"type":"Polygon","coordinates":[[[78.318343,17.481127],[78.318115,17.481125],[78.318116,17.481039],[78.318285,17.48104],[78.318285,17.481067],[78.31831,17.481067],[78.31831,17.481096],[78.318343,17.481096],[78.318343,17.481127]]]},"properties":{"id":"41f7e9604a66","height":null,"num_floors":null,"render_height_m":9.6,"height_label":"assumed"}},{"type":"Feature","geometry":{"type":"Polygon","coordinates":[[[78.318258,17.4809],[78.318329,17.480977],[78.318302,17.481],[78.318231,17.480923],[78.318258,17.4809]]]},"properties":{"id":"74ca4be0e86f","height":null,"num_floors":null,"render_height_m":6.4,"height_label":"assumed"}},{"type":"Feature","geometry":{"type":"Polygon","coordinates":[[[78.318232,17.480975],[78.318234,17.481015],[78.318173,17.481018],[78.318171,17.480978],[78.318232,17.480975]]]},"properties":{"id":"362c0b307a3e","height":null,"num_floors":null,"render_height_m":6.4,"height_label":"assumed"}},{"type":"Feature","geometry":{"type":"Polygon","coordinates":[[[78.318183,17.480922],[78.318221,17.480916],[78.318229,17.480967],[78.318171,17.480976],[78.318166,17.480946],[78.318186,17.480943],[78.318183,17.480922]]]},"properties":{"id":"8d75d22689c1","height":null,"num_floors":null,"render_height_m":6.4,"height_label":"assumed"}},{"type":"Feature","geometry":{"type":"Polygon","coordinates":[[[78.318308,17.480712],[78.318318,17.480858],[78.318243,17.480863],[78.318233,17.480716],[78.318308,17.480712]]]},"properties":{"id":"4a0cce51ed1f","height":null,"num_floors":null,"render_height_m":9.6,"height_label":"assumed"}},{"type":"Feature","geometry":{"type":"Polygon","coordinates":[[[78.318178,17.48072],[78.318233,17.480716],[78.318239,17.480805],[78.318184,17.480808],[78.318178,17.48072]]]},"properties":{"id":"4c13e8beda1f","height":null,"num_floors":null,"render_height_m":6.4,"height_label":"assumed"}},{"type":"Feature","geometry":{"type":"Polygon","coordinates":[[[78.318003,17.480864],[78.318045,17.480968],[78.318019,17.480978],[78.317978,17.480874],[78.318003,17.480864]]]},"properties":{"id":"65e36a7e433a","height":null,"num_floors":null,"render_height_m":6.4,"height_label":"assumed"}},{"type":"Feature","geometry":{"type":"Polygon","coordinates":[[[78.317918,17.4809],[78.317833,17.480928],[78.317811,17.480866],[78.317896,17.480838],[78.317918,17.4809]]]},"properties":{"id":"90dfa1ca7518","height":null,"num_floors":null,"render_height_m":6.4,"height_label":"assumed"}},{"type":"Feature","geometry":{"type":"Polygon","coordinates":[[[78.317977,17.480877],[78.317924,17.480894],[78.317905,17.480841],[78.317958,17.480824],[78.317977,17.480877]]]},"properties":{"id":"57629a2bb6b8","height":null,"num_floors":null,"render_height_m":6.4,"height_label":"assumed"}},{"type":"Feature","geometry":{"type":"Polygon","coordinates":[[[78.317956,17.480722],[78.317973,17.480782],[78.317838,17.480816],[78.317822,17.480755],[78.317956,17.480722]]]},"properties":{"id":"a9f59b2fb00b","height":null,"num_floors":null,"render_height_m":9.6,"height_label":"assumed"}},{"type":"Feature","geometry":{"type":"Polygon","coordinates":[[[78.317824,17.481194],[78.317693,17.481198],[78.317695,17.481099],[78.317821,17.481084],[78.317824,17.481194]]]},"properties":{"id":"56d76cf6e974","height":null,"num_floors":null,"render_height_m":9.6,"height_label":"assumed"}},{"type":"Feature","geometry":{"type":"Polygon","coordinates":[[[78.317939,17.481075],[78.317848,17.481097],[78.317836,17.481049],[78.317926,17.481027],[78.317939,17.481075]]]},"properties":{"id":"d4dce8bee469","height":null,"num_floors":null,"render_height_m":6.4,"height_label":"assumed"}},{"type":"Feature","geometry":{"type":"Polygon","coordinates":[[[78.317922,17.481274],[78.317838,17.481278],[78.317834,17.481211],[78.317918,17.481207],[78.317922,17.481274]]]},"properties":{"id":"a8c89bc823c7","height":null,"num_floors":null,"render_height_m":6.4,"height_label":"assumed"}},{"type":"Feature","geometry":{"type":"Polygon","coordinates":[[[78.317631,17.481324],[78.317558,17.481324],[78.317558,17.481237],[78.317631,17.481237],[78.317631,17.481324]]]},"properties":{"id":"da589e4f3844","height":null,"num_floors":null,"render_height_m":6.4,"height_label":"assumed"}},{"type":"Feature","geometry":{"type":"Polygon","coordinates":[[[78.317637,17.481223],[78.317561,17.481225],[78.317559,17.481149],[78.317635,17.481147],[78.317637,17.481223]]]},"properties":{"id":"6aafff965d67","height":null,"num_floors":null,"render_height_m":6.4,"height_label":"assumed"}},{"type":"Feature","geometry":{"type":"Polygon","coordinates":[[[78.317618,17.481049],[78.317533,17.48107],[78.31751,17.480982],[78.317595,17.480961],[78.317618,17.481049]]]},"properties":{"id":"8aafa2627d63","height":null,"num_floors":null,"render_height_m":9.6,"height_label":"assumed"}},{"type":"Feature","geometry":{"type":"Polygon","coordinates":[[[78.317508,17.481077],[78.31738,17.481105],[78.317356,17.48101],[78.317485,17.480981],[78.317508,17.481077]]]},"properties":{"id":"783238ba22ff","height":null,"num_floors":null,"render_height_m":9.6,"height_label":"assumed"}},{"type":"Feature","geometry":{"type":"Polygon","coordinates":[[[78.317549,17.481311],[78.31747,17.481309],[78.317472,17.481145],[78.317552,17.481146],[78.317549,17.481311]]]},"properties":{"id":"c435c194faac","height":null,"num_floors":null,"render_height_m":9.6,"height_label":"assumed"}},{"type":"Feature","geometry":{"type":"Polygon","coordinates":[[[78.317337,17.481392],[78.317335,17.481189],[78.31746,17.481188],[78.317462,17.48139],[78.317337,17.481392]]]},"properties":{"id":"e958147d3e8e","height":null,"num_floors":null,"render_height_m":12.8,"height_label":"assumed"}},{"type":"Feature","geometry":{"type":"Polygon","coordinates":[[[78.317255,17.481287],[78.317133,17.481279],[78.317137,17.481219],[78.31726,17.481227],[78.317255,17.481287]]]},"properties":{"id":"9f10aac720d0","height":null,"num_floors":null,"render_height_m":9.6,"height_label":"assumed"}},{"type":"Feature","geometry":{"type":"Polygon","coordinates":[[[78.317249,17.481129],[78.317125,17.481154],[78.317083,17.480967],[78.317207,17.480942],[78.317249,17.481129]]]},"properties":{"id":"17557280997a","height":null,"num_floors":null,"render_height_m":12.8,"height_label":"assumed"}},{"type":"Feature","geometry":{"type":"Polygon","coordinates":[[[78.317239,17.48092],[78.317074,17.480957],[78.317049,17.480856],[78.317213,17.480818],[78.317239,17.48092]]]},"properties":{"id":"848c23611f53","height":null,"num_floors":null,"render_height_m":9.6,"height_label":"assumed"}},{"type":"Feature","geometry":{"type":"Polygon","coordinates":[[[78.317499,17.480808],[78.31731,17.480849],[78.317293,17.48078],[78.317483,17.480738],[78.317499,17.480808]]]},"properties":{"id":"4d96c8a1c5ba","height":null,"num_floors":null,"render_height_m":9.6,"height_label":"assumed"}},{"type":"Feature","geometry":{"type":"Polygon","coordinates":[[[78.317485,17.480947],[78.317354,17.480974],[78.31733,17.480869],[78.317461,17.480842],[78.317485,17.480947]]]},"properties":{"id":"6ec120a38855","height":null,"num_floors":null,"render_height_m":9.6,"height_label":"assumed"}},{"type":"Feature","geometry":{"type":"Polygon","coordinates":[[[78.317759,17.481045],[78.317637,17.48106],[78.317627,17.48098],[78.317748,17.480966],[78.317759,17.481045]]]},"properties":{"id":"d732796bf253","height":null,"num_floors":null,"render_height_m":9.6,"height_label":"assumed"}},{"type":"Feature","geometry":{"type":"Polygon","coordinates":[[[78.317716,17.480828],[78.317608,17.480857],[78.317578,17.480757],[78.317687,17.480728],[78.317716,17.480828]]]},"properties":{"id":"60651234a2a8","height":null,"num_floors":null,"render_height_m":9.6,"height_label":"assumed"}},{"type":"Feature","geometry":{"type":"Polygon","coordinates":[[[78.317686,17.480715],[78.317584,17.480742],[78.317569,17.48069],[78.317671,17.480663],[78.317686,17.480715]]]},"properties":{"id":"87e31e271e80","height":null,"num_floors":null,"render_height_m":6.4,"height_label":"assumed"}},{"type":"Feature","geometry":{"type":"Polygon","coordinates":[[[78.317662,17.480658],[78.317569,17.480686],[78.317551,17.480629],[78.317644,17.480601],[78.317662,17.480658]]]},"properties":{"id":"d76602142402","height":null,"num_floors":null,"render_height_m":6.4,"height_label":"assumed"}},{"type":"Feature","geometry":{"type":"Polygon","coordinates":[[[78.317552,17.480594],[78.317454,17.480618],[78.317408,17.480453],[78.317506,17.480428],[78.317552,17.480594]]]},"properties":{"id":"9fc44774361f","height":null,"num_floors":null,"render_height_m":9.6,"height_label":"assumed"}},{"type":"Feature","geometry":{"type":"Polygon","coordinates":[[[78.317493,17.480722],[78.317283,17.480772],[78.317263,17.480684],[78.317468,17.480638],[78.317493,17.480722]]]},"properties":{"id":"9abaf733ce2e","height":null,"num_floors":null,"render_height_m":9.6,"height_label":"assumed"}},{"type":"Feature","geometry":{"type":"Polygon","coordinates":[[[78.317341,17.480539],[78.317223,17.480564],[78.3172,17.480462],[78.317318,17.480438],[78.317341,17.480539]]]},"properties":{"id":"8c0ef34c360a","height":null,"num_floors":null,"render_height_m":9.6,"height_label":"assumed"}},{"type":"Feature","geometry":{"type":"Polygon","coordinates":[[[78.317348,17.48036],[78.317268,17.480371],[78.317242,17.480197],[78.317322,17.480186],[78.317348,17.48036]]]},"properties":{"id":"f028c8666844","height":null,"num_floors":null,"render_height_m":9.6,"height_label":"assumed"}},{"type":"Feature","geometry":{"type":"Polygon","coordinates":[[[78.317456,17.480222],[78.317338,17.480239],[78.317327,17.480163],[78.317444,17.480146],[78.317456,17.480222]]]},"properties":{"id":"4cfb43d0748d","height":null,"num_floors":null,"render_height_m":9.6,"height_label":"assumed"}},{"type":"Feature","geometry":{"type":"Polygon","coordinates":[[[78.3175,17.480133],[78.317508,17.480172],[78.317454,17.480182],[78.317446,17.480142],[78.3175,17.480133]]]},"properties":{"id":"9a3815573312","height":null,"num_floors":null,"render_height_m":6.4,"height_label":"assumed"}},{"type":"Feature","geometry":{"type":"Polygon","coordinates":[[[78.317778,17.480267],[78.317651,17.480288],[78.317627,17.480159],[78.317754,17.480137],[78.317778,17.480267]]]},"properties":{"id":"07ca685679ae","height":null,"num_floors":null,"render_height_m":9.6,"height_label":"assumed"}},{"type":"Feature","geometry":{"type":"Polygon","coordinates":[[[78.317942,17.480247],[78.317792,17.480272],[78.317768,17.480137],[78.317917,17.480112],[78.317942,17.480247]]]},"properties":{"id":"8f208a252d92","height":null,"num_floors":null,"render_height_m":9.6,"height_label":"assumed"}},{"type":"Feature","geometry":{"type":"Polygon","coordinates":[[[78.317959,17.480503],[78.317833,17.480532],[78.317787,17.48035],[78.317913,17.480321],[78.317959,17.480503]]]},"properties":{"id":"f18ffd79a747","height":null,"num_floors":null,"render_height_m":12.8,"height_label":"assumed"}},{"type":"Feature","geometry":{"type":"Polygon","coordinates":[[[78.317846,17.48064],[78.317744,17.480669],[78.317718,17.480584],[78.31782,17.480555],[78.317846,17.48064]]]},"properties":{"id":"511420f0d6cd","height":null,"num_floors":null,"render_height_m":9.6,"height_label":"assumed"}},{"type":"Feature","geometry":{"type":"Polygon","coordinates":[[[78.317941,17.480665],[78.31795,17.480698],[78.317849,17.480723],[78.31784,17.48069],[78.317941,17.480665]]]},"properties":{"id":"ec6d53db7093","height":null,"num_floors":null,"render_height_m":6.4,"height_label":"assumed"}},{"type":"Feature","geometry":{"type":"Polygon","coordinates":[[[78.318081,17.480495],[78.318089,17.480535],[78.317966,17.480557],[78.317958,17.480518],[78.318081,17.480495]]]},"properties":{"id":"8add06a4128b","height":null,"num_floors":null,"render_height_m":6.4,"height_label":"assumed"}},{"type":"Feature","geometry":{"type":"Polygon","coordinates":[[[78.318134,17.480649],[78.31818,17.480645],[78.318183,17.480675],[78.318136,17.480678],[78.318134,17.480649]]]},"properties":{"id":"476cbbe99657","height":null,"num_floors":null,"render_height_m":6.4,"height_label":"assumed"}},{"type":"Feature","geometry":{"type":"Polygon","coordinates":[[[78.318143,17.480675],[78.318186,17.480674],[78.318186,17.480695],[78.318144,17.480697],[78.318143,17.480675]]]},"properties":{"id":"9c58c1259683","height":null,"num_floors":null,"render_height_m":6.4,"height_label":"assumed"}},{"type":"Feature","geometry":{"type":"Polygon","coordinates":[[[78.31887,17.480172],[78.318897,17.480168],[78.318911,17.480262],[78.318883,17.480265],[78.31887,17.480172]]]},"properties":{"id":"6f733990e01a","height":null,"num_floors":null,"render_height_m":6.4,"height_label":"assumed"}},{"type":"Feature","geometry":{"type":"Polygon","coordinates":[[[78.318847,17.4802],[78.318882,17.480196],[78.318892,17.480286],[78.318856,17.48029],[78.318847,17.4802]]]},"properties":{"id":"bf3f5d03783d","height":null,"num_floors":null,"render_height_m":6.4,"height_label":"assumed"}},{"type":"Feature","geometry":{"type":"Polygon","coordinates":[[[78.318796,17.480399],[78.318843,17.480393],[78.318857,17.480505],[78.31881,17.480511],[78.318796,17.480399]]]},"properties":{"id":"ea238248da4e","height":null,"num_floors":null,"render_height_m":6.4,"height_label":"assumed"}},{"type":"Feature","geometry":{"type":"Polygon","coordinates":[[[78.318472,17.480486],[78.31852,17.480483],[78.318524,17.480531],[78.318475,17.480535],[78.318472,17.480486]]]},"properties":{"id":"67ff6df5533f","height":null,"num_floors":null,"render_height_m":6.4,"height_label":"assumed"}},{"type":"Feature","geometry":{"type":"Polygon","coordinates":[[[78.318395,17.480541],[78.318433,17.480542],[78.318431,17.480579],[78.318394,17.480577],[78.318395,17.480541]]]},"properties":{"id":"431c0edc47b1","height":null,"num_floors":null,"render_height_m":6.4,"height_label":"assumed"}},{"type":"Feature","geometry":{"type":"Polygon","coordinates":[[[78.31833,17.480718],[78.318382,17.480716],[78.31839,17.480908],[78.318338,17.48091],[78.31833,17.480718]]]},"properties":{"id":"fcb160da75fa","height":null,"num_floors":null,"render_height_m":9.6,"height_label":"assumed"}},{"type":"Feature","geometry":{"type":"Polygon","coordinates":[[[78.318427,17.480968],[78.31843,17.481026],[78.318354,17.481029],[78.318351,17.480971],[78.318427,17.480968]]]},"properties":{"id":"77d8c7d93547","height":null,"num_floors":null,"render_height_m":6.4,"height_label":"assumed"}},{"type":"Feature","geometry":{"type":"Polygon","coordinates":[[[78.318467,17.48127],[78.318401,17.481269],[78.318403,17.481169],[78.318469,17.48117],[78.318467,17.48127]]]},"properties":{"id":"3fc5362f54e6","height":null,"num_floors":null,"render_height_m":6.4,"height_label":"assumed"}},{"type":"Feature","geometry":{"type":"Polygon","coordinates":[[[78.318873,17.481034],[78.318885,17.481131],[78.318785,17.481142],[78.318773,17.481046],[78.318873,17.481034]]]},"properties":{"id":"02519c5371a2","height":null,"num_floors":null,"render_height_m":9.6,"height_label":"assumed"}},{"type":"Feature","geometry":{"type":"Polygon","coordinates":[[[78.318755,17.480912],[78.318862,17.480898],[78.318878,17.481005],[78.318771,17.481019],[78.318755,17.480912]]]},"properties":{"id":"203f47e422c9","height":null,"num_floors":null,"render_height_m":9.6,"height_label":"assumed"}},{"type":"Feature","geometry":{"type":"Polygon","coordinates":[[[78.318767,17.480789],[78.318827,17.480781],[78.318844,17.4809],[78.318755,17.480912],[78.31874,17.480813],[78.31877,17.480809],[78.318767,17.480789]]]},"properties":{"id":"a3b0e2db76b9","height":null,"num_floors":null,"render_height_m":9.6,"height_label":"assumed"}},{"type":"Feature","geometry":{"type":"Polygon","coordinates":[[[78.318964,17.480783],[78.318979,17.480882],[78.318862,17.480898],[78.318848,17.480798],[78.318964,17.480783]]]},"properties":{"id":"c3c9bd1350b2","height":null,"num_floors":null,"render_height_m":9.6,"height_label":"assumed"}},{"type":"Feature","geometry":{"type":"Polygon","coordinates":[[[78.318893,17.481032],[78.318941,17.481025],[78.318945,17.481051],[78.319003,17.481042],[78.319014,17.481107],[78.318956,17.481116],[78.318951,17.481089],[78.318939,17.481091],[78.318943,17.481118],[78.318907,17.481123],[78.318893,17.481032]]]},"properties":{"id":"db6029ef84f1","height":null,"num_floors":null,"render_height_m":9.6,"height_label":"assumed"}},{"type":"Feature","geometry":{"type":"Polygon","coordinates":[[[78.319272,17.481029],[78.319393,17.481013],[78.319406,17.481099],[78.319285,17.481115],[78.319272,17.481029]]]},"properties":{"id":"8085989ccbd6","height":null,"num_floors":null,"render_height_m":9.6,"height_label":"assumed"}},{"type":"Feature","geometry":{"type":"Polygon","coordinates":[[[78.319354,17.480816],[78.319361,17.480856],[78.319327,17.480862],[78.319319,17.480823],[78.319354,17.480816]]]},"properties":{"id":"a308253c0481","height":null,"num_floors":null,"render_height_m":6.4,"height_label":"assumed"}},{"type":"Feature","geometry":{"type":"Polygon","coordinates":[[[78.319262,17.480761],[78.31926,17.480829],[78.319196,17.480827],[78.319197,17.480759],[78.319262,17.480761]]]},"properties":{"id":"32e0c224d896","height":null,"num_floors":null,"render_height_m":6.4,"height_label":"assumed"}},{"type":"Feature","geometry":{"type":"Polygon","coordinates":[[[78.319274,17.480741],[78.319308,17.480736],[78.319303,17.480706],[78.319371,17.480695],[78.319379,17.480745],[78.319447,17.480735],[78.319457,17.480789],[78.319287,17.480816],[78.319274,17.480741]]]},"properties":{"id":"f4122008aeeb","height":null,"num_floors":null,"render_height_m":9.6,"height_label":"assumed"}},{"type":"Feature","geometry":{"type":"Polygon","coordinates":[[[78.319587,17.480766],[78.319475,17.480777],[78.31947,17.480727],[78.319581,17.480716],[78.319587,17.480766]]]},"properties":{"id":"4b7d257449b9","height":null,"num_floors":null,"render_height_m":6.4,"height_label":"assumed"}},{"type":"Feature","geometry":{"type":"Polygon","coordinates":[[[78.319459,17.480401],[78.319468,17.480483],[78.319039,17.480527],[78.31903,17.480446],[78.319459,17.480401]]]},"properties":{"id":"96a1d4b94a18","height":null,"num_floors":null,"render_height_m":12.8,"height_label":"assumed"}},{"type":"Feature","geometry":{"type":"Polygon","coordinates":[[[78.318894,17.480389],[78.318941,17.480385],[78.318951,17.480499],[78.318904,17.480503],[78.318894,17.480389]]]},"properties":{"id":"de6e46d12f6b","height":null,"num_floors":null,"render_height_m":6.4,"height_label":"assumed"}},{"type":"Feature","geometry":{"type":"Polygon","coordinates":[[[78.318897,17.480168],[78.318949,17.480162],[78.318965,17.480269],[78.318913,17.480276],[78.318897,17.480168]]]},"properties":{"id":"cb9bebebb2ad","height":null,"num_floors":null,"render_height_m":6.4,"height_label":"assumed"}},{"type":"Feature","geometry":{"type":"Polygon","coordinates":[[[78.319725,17.480362],[78.319428,17.480401],[78.319387,17.480113],[78.319684,17.480074],[78.319725,17.480362]]]},"properties":{"id":"f97cc3658084","height":null,"num_floors":null,"render_height_m":19.2,"height_label":"assumed"}},{"type":"Feature","geometry":{"type":"Polygon","coordinates":[[[78.319751,17.48052],[78.319771,17.480641],[78.319448,17.480692],[78.31944,17.480644],[78.319492,17.480636],[78.319485,17.480591],[78.31944,17.480598],[78.319435,17.480569],[78.319751,17.48052]]]},"properties":{"id":"dfd74680dd8d","height":null,"num_floors":null,"render_height_m":12.8,"height_label":"assumed"}},{"type":"Feature","geometry":{"type":"Polygon","coordinates":[[[78.319966,17.480489],[78.319972,17.480535],[78.319902,17.480542],[78.319897,17.480496],[78.319966,17.480489]]]},"properties":{"id":"f15f766a6391","height":null,"num_floors":null,"render_height_m":6.4,"height_label":"assumed"}},{"type":"Feature","geometry":{"type":"Polygon","coordinates":[[[78.319931,17.480637],[78.319974,17.480634],[78.319975,17.480654],[78.319933,17.480657],[78.319931,17.480637]]]},"properties":{"id":"bbbca4bce71e","height":null,"num_floors":null,"render_height_m":6.4,"height_label":"assumed"}},{"type":"Feature","geometry":{"type":"Polygon","coordinates":[[[78.320025,17.480665],[78.320046,17.480664],[78.320052,17.480729],[78.320031,17.48073],[78.320025,17.480665]]]},"properties":{"id":"8f397fd12ca8","height":null,"num_floors":null,"render_height_m":6.4,"height_label":"assumed"}},{"type":"Feature","geometry":{"type":"Polygon","coordinates":[[[78.319937,17.480312],[78.319964,17.480309],[78.31997,17.480356],[78.319943,17.48036],[78.319937,17.480312]]]},"properties":{"id":"7a64d9c8a61f","height":null,"num_floors":null,"render_height_m":6.4,"height_label":"assumed"}},{"type":"Feature","geometry":{"type":"Polygon","coordinates":[[[78.320344,17.480257],[78.32016,17.480278],[78.320138,17.480104],[78.320322,17.480083],[78.320344,17.480257]]]},"properties":{"id":"1a4a0438b4d2","height":6.4,"num_floors":2,"render_height_m":6.4,"height_label":"estimated"}},{"type":"Feature","geometry":{"type":"Polygon","coordinates":[[[78.320296,17.480312],[78.320312,17.480382],[78.320243,17.480396],[78.320228,17.480326],[78.320296,17.480312]]]},"properties":{"id":"48bba940545f","height":null,"num_floors":null,"render_height_m":6.4,"height_label":"assumed"}},{"type":"Feature","geometry":{"type":"Polygon","coordinates":[[[78.320364,17.480422],[78.320407,17.480418],[78.32041,17.480452],[78.320368,17.480456],[78.320364,17.480422]]]},"properties":{"id":"3f1419459495","height":null,"num_floors":null,"render_height_m":6.4,"height_label":"assumed"}},{"type":"Feature","geometry":{"type":"Polygon","coordinates":[[[78.32078,17.480403],[78.320684,17.480415],[78.320664,17.48028],[78.32076,17.480267],[78.32078,17.480403]]]},"properties":{"id":"8390f7cf8edc","height":null,"num_floors":null,"render_height_m":9.6,"height_label":"assumed"}},{"type":"Feature","geometry":{"type":"Polygon","coordinates":[[[78.320549,17.480497],[78.32047,17.480504],[78.320462,17.480413],[78.32054,17.480406],[78.320549,17.480497]]]},"properties":{"id":"f28f2ae661bf","height":null,"num_floors":null,"render_height_m":9.6,"height_label":"assumed"}},{"type":"Feature","geometry":{"type":"Polygon","coordinates":[[[78.320741,17.480607],[78.320627,17.480624],[78.320617,17.480556],[78.32073,17.480539],[78.320741,17.480607]]]},"properties":{"id":"97abfd125ba3","height":null,"num_floors":null,"render_height_m":9.6,"height_label":"assumed"}},{"type":"Feature","geometry":{"type":"Polygon","coordinates":[[[78.320774,17.480709],[78.320656,17.480726],[78.320642,17.480636],[78.320759,17.480619],[78.320774,17.480709]]]},"properties":{"id":"9e7877d86a5d","height":null,"num_floors":null,"render_height_m":9.6,"height_label":"assumed"}},{"type":"Feature","geometry":{"type":"Polygon","coordinates":[[[78.320441,17.480646],[78.32045,17.480674],[78.320302,17.480722],[78.320292,17.480694],[78.320441,17.480646]]]},"properties":{"id":"cf28c848dfb5","height":null,"num_floors":null,"render_height_m":6.4,"height_label":"assumed"}},{"type":"Feature","geometry":{"type":"Polygon","coordinates":[[[78.320346,17.480634],[78.320228,17.48065],[78.320198,17.480445],[78.320316,17.480429],[78.320346,17.480634]]]},"properties":{"id":"b7086be3f1d2","height":6.4,"num_floors":2,"render_height_m":6.4,"height_label":"estimated"}},{"type":"Feature","geometry":{"type":"Polygon","coordinates":[[[78.320279,17.480724],[78.32024,17.48073],[78.320236,17.480703],[78.320275,17.480697],[78.320279,17.480724]]]},"properties":{"id":"76091b6a5336","height":null,"num_floors":null,"render_height_m":6.4,"height_label":"assumed"}},{"type":"Feature","geometry":{"type":"Polygon","coordinates":[[[78.320306,17.481015],[78.320283,17.480905],[78.320419,17.48088],[78.320441,17.48099],[78.320306,17.481015]]]},"properties":{"id":"1f2ec8705b05","height":null,"num_floors":null,"render_height_m":9.6,"height_label":"assumed"}},{"type":"Feature","geometry":{"type":"Polygon","coordinates":[[[78.320414,17.480854],[78.320311,17.480871],[78.320299,17.480804],[78.320402,17.480787],[78.320414,17.480854]]]},"properties":{"id":"09d3be96e5bf","height":null,"num_floors":null,"render_height_m":9.6,"height_label":"assumed"}},{"type":"Feature","geometry":{"type":"Polygon","coordinates":[[[78.320457,17.480762],[78.320464,17.480795],[78.320411,17.480805],[78.320404,17.480772],[78.320457,17.480762]]]},"properties":{"id":"3ee47c897a50","height":null,"num_floors":null,"render_height_m":6.4,"height_label":"assumed"}},{"type":"Feature","geometry":{"type":"Polygon","coordinates":[[[78.320806,17.480815],[78.320668,17.480833],[78.320655,17.480742],[78.320793,17.480723],[78.320806,17.480815]]]},"properties":{"id":"ee26a502e8a4","height":null,"num_floors":null,"render_height_m":9.6,"height_label":"assumed"}},{"type":"Feature","geometry":{"type":"Polygon","coordinates":[[[78.320821,17.480935],[78.320683,17.480955],[78.320666,17.480852],[78.320804,17.480832],[78.320821,17.480935]]]},"properties":{"id":"414c2bf168c7","height":null,"num_floors":null,"render_height_m":9.6,"height_label":"assumed"}},{"type":"Feature","geometry":{"type":"Polygon","coordinates":[[[78.320623,17.481146],[78.320473,17.481166],[78.320461,17.481079],[78.32061,17.481059],[78.320623,17.481146]]]},"properties":{"id":"a6e92b9c79ad","height":null,"num_floors":null,"render_height_m":9.6,"height_label":"assumed"}},{"type":"Feature","geometry":{"type":"Polygon","coordinates":[[[78.320656,17.481271],[78.320513,17.48129],[78.320497,17.481181],[78.320641,17.481162],[78.320656,17.481271]]]},"properties":{"id":"e25bb5fd53e8","height":null,"num_floors":null,"render_height_m":9.6,"height_label":"assumed"}},{"type":"Feature","geometry":{"type":"Polygon","coordinates":[[[78.320486,17.481304],[78.320341,17.481322],[78.32033,17.481241],[78.320474,17.481222],[78.320486,17.481304]]]},"properties":{"id":"2cd623bf8701","height":null,"num_floors":null,"render_height_m":9.6,"height_label":"assumed"}},{"type":"Feature","geometry":{"type":"Polygon","coordinates":[[[78.320469,17.48121],[78.320331,17.481228],[78.320313,17.481102],[78.320451,17.481085],[78.320469,17.48121]]]},"properties":{"id":"438da97660a2","height":null,"num_floors":null,"render_height_m":9.6,"height_label":"assumed"}},{"type":"Feature","geometry":{"type":"Polygon","coordinates":[[[78.319839,17.480911],[78.319855,17.481016],[78.319597,17.481053],[78.31958,17.480947],[78.319839,17.480911]]]},"properties":{"id":"1b1714f0bb5d","height":null,"num_floors":null,"render_height_m":12.8,"height_label":"assumed"}},{"type":"Feature","geometry":{"type":"Polygon","coordinates":[[[78.319775,17.480697],[78.31979,17.480788],[78.319686,17.480804],[78.319671,17.480712],[78.319775,17.480697]]]},"properties":{"id":"b1784b1cdf2d","height":null,"num_floors":null,"render_height_m":9.6,"height_label":"assumed"}},{"type":"Feature","geometry":{"type":"Polygon","coordinates":[[[78.319793,17.480808],[78.319808,17.480903],[78.319698,17.480919],[78.319683,17.480825],[78.319793,17.480808]]]},"properties":{"id":"279bd315c227","height":null,"num_floors":null,"render_height_m":9.6,"height_label":"assumed"}},{"type":"Feature","geometry":{"type":"Polygon","coordinates":[[[78.319609,17.481079],[78.319633,17.481208],[78.319585,17.481216],[78.319562,17.481087],[78.319609,17.481079]]]},"properties":{"id":"99ecc52226e8","height":null,"num_floors":null,"render_height_m":6.4,"height_label":"assumed"}},{"type":"Feature","geometry":{"type":"Polygon","coordinates":[[[78.319823,17.481021],[78.319848,17.481185],[78.319656,17.481212],[78.319636,17.481084],[78.319666,17.48108],[78.31966,17.481044],[78.319823,17.481021]]]},"properties":{"id":"4b3b6ab5a091","height":null,"num_floors":null,"render_height_m":12.8,"height_label":"assumed"}},{"type":"Feature","geometry":{"type":"Polygon","coordinates":[[[78.319872,17.481181],[78.31989,17.481303],[78.319867,17.481306],[78.319864,17.481286],[78.319776,17.481298],[78.319761,17.481197],[78.319872,17.481181]]]},"properties":{"id":"d98b9856f967","height":null,"num_floors":null,"render_height_m":9.6,"height_label":"assumed"}},{"type":"Feature","geometry":{"type":"Polygon","coordinates":[[[78.319619,17.481217],[78.319698,17.481206],[78.319702,17.481235],[78.319745,17.481229],[78.319752,17.48127],[78.319771,17.481267],[78.319779,17.481319],[78.31974,17.481324],[78.319737,17.481304],[78.319635,17.481318],[78.319619,17.481217]]]},"properties":{"id":"840e176d5748","height":null,"num_floors":null,"render_height_m":9.6,"height_label":"assumed"}},{"type":"Feature","geometry":{"type":"Polygon","coordinates":[[[78.319671,17.481444],[78.319718,17.481438],[78.319796,17.481427],[78.319811,17.481522],[78.319686,17.48154],[78.319671,17.481444]]]},"properties":{"id":"a54c9554b7c7","height":null,"num_floors":null,"render_height_m":9.6,"height_label":"assumed"}},{"type":"Feature","geometry":{"type":"Polygon","coordinates":[[[78.319901,17.481301],[78.319918,17.48141],[78.319796,17.481427],[78.319779,17.481319],[78.319901,17.481301]]]},"properties":{"id":"698e35a741a3","height":null,"num_floors":null,"render_height_m":9.6,"height_label":"assumed"}},{"type":"Feature","geometry":{"type":"Polygon","coordinates":[[[78.320096,17.481283],[78.320146,17.481276],[78.320163,17.481376],[78.320113,17.481383],[78.320096,17.481283]]]},"properties":{"id":"bcd49eac9e5e","height":null,"num_floors":null,"render_height_m":6.4,"height_label":"assumed"}},{"type":"Feature","geometry":{"type":"Polygon","coordinates":[[[78.320121,17.481445],[78.320129,17.481518],[78.320084,17.481522],[78.32008,17.481484],[78.320049,17.481487],[78.320045,17.481452],[78.320121,17.481445]]]},"properties":{"id":"6a5d64bd9027","height":null,"num_floors":null,"render_height_m":6.4,"height_label":"assumed"}},{"type":"Feature","geometry":{"type":"Polygon","coordinates":[[[78.319884,17.481414],[78.319892,17.481467],[78.319926,17.481462],[78.319933,17.481505],[78.319811,17.481522],[78.319796,17.481427],[78.319884,17.481414]]]},"properties":{"id":"e4d6461ac836","height":null,"num_floors":null,"render_height_m":9.6,"height_label":"assumed"}},{"type":"Feature","geometry":{"type":"Polygon","coordinates":[[[78.320033,17.481724],[78.320035,17.481742],[78.31996,17.481747],[78.319959,17.481729],[78.320033,17.481724]]]},"properties":{"id":"0a350bd91e41","height":null,"num_floors":null,"render_height_m":6.4,"height_label":"assumed"}},{"type":"Feature","geometry":{"type":"Polygon","coordinates":[[[78.319929,17.481735],[78.319931,17.481756],[78.319847,17.481762],[78.319846,17.481741],[78.319929,17.481735]]]},"properties":{"id":"315d0f02beeb","height":null,"num_floors":null,"render_height_m":6.4,"height_label":"assumed"}},{"type":"Feature","geometry":{"type":"Polygon","coordinates":[[[78.319756,17.481753],[78.319824,17.481747],[78.319826,17.481765],[78.319758,17.481771],[78.319756,17.481753]]]},"properties":{"id":"260356cd6c88","height":null,"num_floors":null,"render_height_m":6.4,"height_label":"assumed"}},{"type":"Feature","geometry":{"type":"Polygon","coordinates":[[[78.320661,17.482467],[78.320541,17.482483],[78.32053,17.48241],[78.32065,17.482394],[78.320661,17.482467]]]},"properties":{"id":"93c69b9e288f","height":null,"num_floors":null,"render_height_m":9.6,"height_label":"assumed"}},{"type":"Feature","geometry":{"type":"Polygon","coordinates":[[[78.320669,17.482382],[78.320512,17.482403],[78.320496,17.48229],[78.320653,17.482269],[78.320669,17.482382]]]},"properties":{"id":"69bf23885108","height":null,"num_floors":null,"render_height_m":9.6,"height_label":"assumed"}},{"type":"Feature","geometry":{"type":"Polygon","coordinates":[[[78.320823,17.482217],[78.320674,17.482236],[78.320662,17.482148],[78.32081,17.482129],[78.320823,17.482217]]]},"properties":{"id":"2cab98b7b44d","height":null,"num_floors":null,"render_height_m":9.6,"height_label":"assumed"}},{"type":"Feature","geometry":{"type":"Polygon","coordinates":[[[78.320801,17.482115],[78.320646,17.482135],[78.320633,17.48204],[78.320787,17.48202],[78.320801,17.482115]]]},"properties":{"id":"1ea4dbf4040c","height":null,"num_floors":null,"render_height_m":9.6,"height_label":"assumed"}},{"type":"Feature","geometry":{"type":"Polygon","coordinates":[[[78.320633,17.482248],[78.320487,17.482267],[78.320459,17.482066],[78.320604,17.482047],[78.320633,17.482248]]]},"properties":{"id":"ace2e4e9204d","height":null,"num_floors":null,"render_height_m":12.8,"height_label":"assumed"}},{"type":"Feature","geometry":{"type":"Polygon","coordinates":[[[78.320591,17.482029],[78.320462,17.482046],[78.320448,17.481951],[78.320577,17.481935],[78.320591,17.482029]]]},"properties":{"id":"fa98176f75fd","height":null,"num_floors":null,"render_height_m":9.6,"height_label":"assumed"}},{"type":"Feature","geometry":{"type":"Polygon","coordinates":[[[78.320711,17.48202],[78.320622,17.482032],[78.320609,17.481938],[78.320697,17.481926],[78.320711,17.48202]]]},"properties":{"id":"dca448eb5d43","height":null,"num_floors":null,"render_height_m":9.6,"height_label":"assumed"}},{"type":"Feature","geometry":{"type":"Polygon","coordinates":[[[78.320777,17.481891],[78.320678,17.481904],[78.320664,17.481804],[78.320763,17.481792],[78.320777,17.481891]]]},"properties":{"id":"566db105cc8b","height":null,"num_floors":null,"render_height_m":9.6,"height_label":"assumed"}},{"type":"Feature","geometry":{"type":"Polygon","coordinates":[[[78.320729,17.481708],[78.320575,17.481728],[78.320562,17.481635],[78.320717,17.481616],[78.320729,17.481708]]]},"properties":{"id":"b4e626d013a3","height":null,"num_floors":null,"render_height_m":9.6,"height_label":"assumed"}},{"type":"Feature","geometry":{"type":"Polygon","coordinates":[[[78.32057,17.481745],[78.320421,17.481764],[78.320406,17.481658],[78.320555,17.481638],[78.32057,17.481745]]]},"properties":{"id":"f9bf50b612b5","height":null,"num_floors":null,"render_height_m":9.6,"height_label":"assumed"}},{"type":"Feature","geometry":{"type":"Polygon","coordinates":[[[78.320529,17.481514],[78.320365,17.481535],[78.32035,17.481423],[78.320514,17.481402],[78.320529,17.481514]]]},"properties":{"id":"3b06a65066ac","height":null,"num_floors":null,"render_height_m":9.6,"height_label":"assumed"}},{"type":"Feature","geometry":{"type":"Polygon","coordinates":[[[78.3205,17.481388],[78.320375,17.481404],[78.320364,17.48133],[78.320489,17.481313],[78.3205,17.481388]]]},"properties":{"id":"d91d64cf22d2","height":null,"num_floors":null,"render_height_m":9.6,"height_label":"assumed"}},{"type":"Feature","geometry":{"type":"Polygon","coordinates":[[[78.320533,17.481617],[78.320395,17.481634],[78.320382,17.481549],[78.320521,17.481531],[78.320533,17.481617]]]},"properties":{"id":"f079ae07c2cd","height":null,"num_floors":null,"render_height_m":9.6,"height_label":"assumed"}},{"type":"Feature","geometry":{"type":"Polygon","coordinates":[[[78.320703,17.481486],[78.320543,17.481506],[78.320529,17.481408],[78.320689,17.481387],[78.320703,17.481486]]]},"properties":{"id":"dae605961eed","height":null,"num_floors":null,"render_height_m":9.6,"height_label":"assumed"}},{"type":"Feature","geometry":{"type":"Polygon","coordinates":[[[78.320717,17.481593],[78.320567,17.481612],[78.320555,17.481523],[78.320705,17.481504],[78.320717,17.481593]]]},"properties":{"id":"286aacef206d","height":null,"num_floors":null,"render_height_m":9.6,"height_label":"assumed"}},{"type":"Feature","geometry":{"type":"Polygon","coordinates":[[[78.320684,17.481376],[78.320526,17.481397],[78.320512,17.481301],[78.32067,17.481281],[78.320684,17.481376]]]},"properties":{"id":"6e6e5b7a406b","height":null,"num_floors":null,"render_height_m":9.6,"height_label":"assumed"}},{"type":"Feature","geometry":{"type":"Polygon","coordinates":[[[78.320916,17.48136],[78.32075,17.481381],[78.320736,17.481288],[78.320903,17.481267],[78.320916,17.48136]]]},"properties":{"id":"54a8cd9a9c9f","height":null,"num_floors":null,"render_height_m":9.6,"height_label":"assumed"}},{"type":"Feature","geometry":{"type":"Polygon","coordinates":[[[78.320926,17.481438],[78.320772,17.481458],[78.320763,17.481396],[78.320917,17.481376],[78.320926,17.481438]]]},"properties":{"id":"0872b870c43f","height":null,"num_floors":null,"render_height_m":9.6,"height_label":"assumed"}},{"type":"Feature","geometry":{"type":"Polygon","coordinates":[[[78.320942,17.481551],[78.320779,17.481572],[78.320764,17.481468],[78.320927,17.481447],[78.320942,17.481551]]]},"properties":{"id":"7c1881d2d344","height":null,"num_floors":null,"render_height_m":9.6,"height_label":"assumed"}},{"type":"Feature","geometry":{"type":"Polygon","coordinates":[[[78.321117,17.481512],[78.32096,17.481532],[78.32095,17.481458],[78.321107,17.481437],[78.321117,17.481512]]]},"properties":{"id":"36ffac28a593","height":null,"num_floors":null,"render_height_m":9.6,"height_label":"assumed"}},{"type":"Feature","geometry":{"type":"Polygon","coordinates":[[[78.321105,17.481421],[78.320955,17.481441],[78.320941,17.481339],[78.32109,17.48132],[78.321105,17.481421]]]},"properties":{"id":"49af1a43a667","height":null,"num_floors":null,"render_height_m":9.6,"height_label":"assumed"}},{"type":"Feature","geometry":{"type":"Polygon","coordinates":[[[78.321284,17.481493],[78.321173,17.481507],[78.32116,17.481409],[78.32127,17.481395],[78.321284,17.481493]]]},"properties":{"id":"f118b4fff972","height":null,"num_floors":null,"render_height_m":9.6,"height_label":"assumed"}},{"type":"Feature","geometry":{"type":"Polygon","coordinates":[[[78.321283,17.481621],[78.32119,17.481634],[78.321175,17.481531],[78.321269,17.481519],[78.321283,17.481621]]]},"properties":{"id":"c0ee62ba2ce7","height":null,"num_floors":null,"render_height_m":9.6,"height_label":"assumed"}},{"type":"Feature","geometry":{"type":"Polygon","coordinates":[[[78.321129,17.481646],[78.321015,17.48166],[78.320999,17.481547],[78.321113,17.481532],[78.321129,17.481646]]]},"properties":{"id":"76eb85733456","height":null,"num_floors":null,"render_height_m":9.6,"height_label":"assumed"}},{"type":"Feature","geometry":{"type":"Polygon","coordinates":[[[78.321149,17.481843],[78.320999,17.481862],[78.320982,17.481748],[78.321133,17.481728],[78.321149,17.481843]]]},"properties":{"id":"54d64da1c5c9","height":null,"num_floors":null,"render_height_m":9.6,"height_label":"assumed"}},{"type":"Feature","geometry":{"type":"Polygon","coordinates":[[[78.320968,17.481683],[78.320804,17.481704],[78.320788,17.481591],[78.320952,17.48157],[78.320968,17.481683]]]},"properties":{"id":"50e939799014","height":null,"num_floors":null,"render_height_m":9.6,"height_label":"assumed"}},{"type":"Feature","geometry":{"type":"Polygon","coordinates":[[[78.320793,17.481981],[78.320735,17.481988],[78.320724,17.481912],[78.320782,17.481904],[78.320793,17.481981]]]},"properties":{"id":"15ededa74c57","height":null,"num_floors":null,"render_height_m":6.4,"height_label":"assumed"}},{"type":"Feature","geometry":{"type":"Polygon","coordinates":[[[78.321008,17.481978],[78.32086,17.481997],[78.320847,17.481907],[78.320995,17.481888],[78.321008,17.481978]]]},"properties":{"id":"b7b63ecd8ffc","height":null,"num_floors":null,"render_height_m":9.6,"height_label":"assumed"}},{"type":"Feature","geometry":{"type":"Polygon","coordinates":[[[78.32103,17.482097],[78.320878,17.482116],[78.320863,17.482008],[78.321014,17.481989],[78.32103,17.482097]]]},"properties":{"id":"fbce9e203bc1","height":null,"num_floors":null,"render_height_m":9.6,"height_label":"assumed"}},{"type":"Feature","geometry":{"type":"Polygon","coordinates":[[[78.321037,17.482186],[78.320881,17.482207],[78.32087,17.482133],[78.321026,17.482113],[78.321037,17.482186]]]},"properties":{"id":"5039db6126f2","height":null,"num_floors":null,"render_height_m":9.6,"height_label":"assumed"}},{"type":"Feature","geometry":{"type":"Polygon","coordinates":[[[78.32084,17.482351],[78.320714,17.482367],[78.320699,17.482258],[78.320824,17.482242],[78.32084,17.482351]]]},"properties":{"id":"babd917c9483","height":null,"num_floors":null,"render_height_m":9.6,"height_label":"assumed"}},{"type":"Feature","geometry":{"type":"Polygon","coordinates":[[[78.321067,17.482413],[78.320935,17.48243],[78.320922,17.482341],[78.321054,17.482324],[78.321067,17.482413]]]},"properties":{"id":"5d8efdcc8ef7","height":null,"num_floors":null,"render_height_m":9.6,"height_label":"assumed"}},{"type":"Feature","geometry":{"type":"Polygon","coordinates":[[[78.321064,17.482298],[78.320903,17.482319],[78.320888,17.482218],[78.321049,17.482197],[78.321064,17.482298]]]},"properties":{"id":"463c80eeaf40","height":null,"num_floors":null,"render_height_m":9.6,"height_label":"assumed"}},{"type":"Feature","geometry":{"type":"Polygon","coordinates":[[[78.32125,17.482279],[78.321084,17.482301],[78.321067,17.482182],[78.321233,17.482161],[78.32125,17.482279]]]},"properties":{"id":"37295d2daef2","height":null,"num_floors":null,"render_height_m":9.6,"height_label":"assumed"}},{"type":"Feature","geometry":{"type":"Polygon","coordinates":[[[78.321184,17.482063],[78.321048,17.48208],[78.321035,17.481991],[78.321171,17.481974],[78.321184,17.482063]]]},"properties":{"id":"2f2cb32f3fb4","height":null,"num_floors":null,"render_height_m":9.6,"height_label":"assumed"}},{"type":"Feature","geometry":{"type":"Polygon","coordinates":[[[78.32118,17.481967],[78.321041,17.481985],[78.321027,17.481883],[78.321166,17.481865],[78.32118,17.481967]]]},"properties":{"id":"c842ef3b248f","height":null,"num_floors":null,"render_height_m":9.6,"height_label":"assumed"}},{"type":"Feature","geometry":{"type":"Polygon","coordinates":[[[78.321475,17.482022],[78.32133,17.482041],[78.321316,17.481947],[78.321461,17.481928],[78.321475,17.482022]]]},"properties":{"id":"178bbf937d19","height":null,"num_floors":null,"render_height_m":9.6,"height_label":"assumed"}},{"type":"Feature","geometry":{"type":"Polygon","coordinates":[[[78.321478,17.482088],[78.321343,17.482105],[78.321335,17.482046],[78.32147,17.482029],[78.321478,17.482088]]]},"properties":{"id":"016ff6d390e5","height":null,"num_floors":null,"render_height_m":9.6,"height_label":"assumed"}},{"type":"Feature","geometry":{"type":"Polygon","coordinates":[[[78.321506,17.482226],[78.321359,17.482245],[78.321344,17.48214],[78.321491,17.482121],[78.321506,17.482226]]]},"properties":{"id":"3925989471c9","height":null,"num_floors":null,"render_height_m":9.6,"height_label":"assumed"}},{"type":"Feature","geometry":{"type":"Polygon","coordinates":[[[78.321508,17.482296],[78.321375,17.482313],[78.321367,17.482256],[78.3215,17.482238],[78.321508,17.482296]]]},"properties":{"id":"91581120dee4","height":null,"num_floors":null,"render_height_m":9.6,"height_label":"assumed"}},{"type":"Feature","geometry":{"type":"Polygon","coordinates":[[[78.321528,17.482444],[78.321391,17.482462],[78.321376,17.482355],[78.321513,17.482337],[78.321528,17.482444]]]},"properties":{"id":"e074ce28de5e","height":null,"num_floors":null,"render_height_m":9.6,"height_label":"assumed"}},{"type":"Feature","geometry":{"type":"Polygon","coordinates":[[[78.321733,17.482411],[78.321577,17.482431],[78.321566,17.482355],[78.321722,17.482335],[78.321733,17.482411]]]},"properties":{"id":"56a0b4c4bcf0","height":null,"num_floors":null,"render_height_m":9.6,"height_label":"assumed"}},{"type":"Feature","geometry":{"type":"Polygon","coordinates":[[[78.32172,17.482324],[78.321555,17.482345],[78.321541,17.482241],[78.321705,17.48222],[78.32172,17.482324]]]},"properties":{"id":"bb2f4d132645","height":null,"num_floors":null,"render_height_m":9.6,"height_label":"assumed"}},{"type":"Feature","geometry":{"type":"Polygon","coordinates":[[[78.321939,17.48228],[78.321793,17.482298],[78.321778,17.482188],[78.321923,17.48217],[78.321939,17.48228]]]},"properties":{"id":"b81469c4d190","height":null,"num_floors":null,"render_height_m":9.6,"height_label":"assumed"}},{"type":"Feature","geometry":{"type":"Polygon","coordinates":[[[78.321904,17.48208],[78.321754,17.4821],[78.321739,17.481991],[78.321889,17.481972],[78.321904,17.48208]]]},"properties":{"id":"32ede959587c","height":null,"num_floors":null,"render_height_m":9.6,"height_label":"assumed"}},{"type":"Feature","geometry":{"type":"Polygon","coordinates":[[[78.321872,17.481966],[78.321747,17.481982],[78.321731,17.481865],[78.321856,17.481849],[78.321872,17.481966]]]},"properties":{"id":"42c125edc19e","height":null,"num_floors":null,"render_height_m":9.6,"height_label":"assumed"}},{"type":"Feature","geometry":{"type":"Polygon","coordinates":[[[78.322045,17.481841],[78.321898,17.481859],[78.321883,17.481757],[78.32203,17.481738],[78.322045,17.481841]]]},"properties":{"id":"3a4692e42ea8","height":null,"num_floors":null,"render_height_m":9.6,"height_label":"assumed"}},{"type":"Feature","geometry":{"type":"Polygon","coordinates":[[[78.322024,17.481703],[78.321879,17.481721],[78.321864,17.481618],[78.322009,17.4816],[78.322024,17.481703]]]},"properties":{"id":"2d500ecf200a","height":null,"num_floors":null,"render_height_m":9.6,"height_label":"assumed"}},{"type":"Feature","geometry":{"type":"Polygon","coordinates":[[[78.321867,17.481738],[78.321699,17.48176],[78.321685,17.481657],[78.321853,17.481635],[78.321867,17.481738]]]},"properties":{"id":"1d204232d19b","height":null,"num_floors":null,"render_height_m":9.6,"height_label":"assumed"}},{"type":"Feature","geometry":{"type":"Polygon","coordinates":[[[78.321656,17.481902],[78.321562,17.481914],[78.32155,17.481829],[78.321644,17.481817],[78.321656,17.481902]]]},"properties":{"id":"9f7e198f55e5","height":null,"num_floors":null,"render_height_m":9.6,"height_label":"assumed"}},{"type":"Feature","geometry":{"type":"Polygon","coordinates":[[[78.321637,17.481797],[78.321548,17.481809],[78.321531,17.481687],[78.32162,17.481675],[78.321637,17.481797]]]},"properties":{"id":"a3d5b38f3463","height":null,"num_floors":null,"render_height_m":9.6,"height_label":"assumed"}},{"type":"Feature","geometry":{"type":"Polygon","coordinates":[[[78.321464,17.48191],[78.321317,17.481929],[78.321303,17.481831],[78.32145,17.481812],[78.321464,17.48191]]]},"properties":{"id":"a251792128dd","height":null,"num_floors":null,"render_height_m":9.6,"height_label":"assumed"}},{"type":"Feature","geometry":{"type":"Polygon","coordinates":[[[78.321446,17.481803],[78.321305,17.481821],[78.321289,17.481713],[78.321431,17.481695],[78.321446,17.481803]]]},"properties":{"id":"d37b80115128","height":null,"num_floors":null,"render_height_m":9.6,"height_label":"assumed"}},{"type":"Feature","geometry":{"type":"Polygon","coordinates":[[[78.321541,17.481792],[78.321467,17.481801],[78.32145,17.481681],[78.321524,17.481671],[78.321541,17.481792]]]},"properties":{"id":"24645bc020b8","height":null,"num_floors":null,"render_height_m":9.6,"height_label":"assumed"}},{"type":"Feature","geometry":{"type":"Polygon","coordinates":[[[78.321584,17.481577],[78.321452,17.481594],[78.321438,17.4815],[78.321571,17.481482],[78.321584,17.481577]]]},"properties":{"id":"81259e1a957f","height":null,"num_floors":null,"render_height_m":9.6,"height_label":"assumed"}},{"type":"Feature","geometry":{"type":"Polygon","coordinates":[[[78.321423,17.4816],[78.321337,17.481611],[78.321322,17.481509],[78.321408,17.481497],[78.321423,17.4816]]]},"properties":{"id":"34b32f488537","height":null,"num_floors":null,"render_height_m":9.6,"height_label":"assumed"}},{"type":"Feature","geometry":{"type":"Polygon","coordinates":[[[78.321565,17.481461],[78.321411,17.481481],[78.321397,17.481381],[78.321551,17.481361],[78.321565,17.481461]]]},"properties":{"id":"6e2140860660","height":null,"num_floors":null,"render_height_m":9.6,"height_label":"assumed"}},{"type":"Feature","geometry":{"type":"Polygon","coordinates":[[[78.321542,17.481346],[78.321383,17.481367],[78.321369,17.481271],[78.321528,17.48125],[78.321542,17.481346]]]},"properties":{"id":"69772a979e03","height":null,"num_floors":null,"render_height_m":9.6,"height_label":"assumed"}},{"type":"Feature","geometry":{"type":"Polygon","coordinates":[[[78.321752,17.481433],[78.321634,17.481448],[78.321624,17.481383],[78.321743,17.481368],[78.321752,17.481433]]]},"properties":{"id":"ee082869bf27","height":null,"num_floors":null,"render_height_m":9.6,"height_label":"assumed"}},{"type":"Feature","geometry":{"type":"Polygon","coordinates":[[[78.321796,17.481529],[78.321651,17.481548],[78.321639,17.481465],[78.321784,17.481447],[78.321796,17.481529]]]},"properties":{"id":"f2abd8b3559b","height":null,"num_floors":null,"render_height_m":9.6,"height_label":"assumed"}},{"type":"Feature","geometry":{"type":"Polygon","coordinates":[[[78.32199,17.481539],[78.321844,17.481558],[78.321828,17.481444],[78.321974,17.481425],[78.32199,17.481539]]]},"properties":{"id":"3d13f9d43bb3","height":null,"num_floors":null,"render_height_m":9.6,"height_label":"assumed"}},{"type":"Feature","geometry":{"type":"Polygon","coordinates":[[[78.32195,17.481403],[78.321803,17.481422],[78.321788,17.481314],[78.321935,17.481295],[78.32195,17.481403]]]},"properties":{"id":"d76d752b98d0","height":null,"num_floors":null,"render_height_m":9.6,"height_label":"assumed"}},{"type":"Feature","geometry":{"type":"Polygon","coordinates":[[[78.321769,17.481338],[78.321627,17.481357],[78.321612,17.481251],[78.321753,17.481233],[78.321769,17.481338]]]},"properties":{"id":"2f355ed0180a","height":null,"num_floors":null,"render_height_m":9.6,"height_label":"assumed"}},{"type":"Feature","geometry":{"type":"Polygon","coordinates":[[[78.321899,17.481063],[78.321742,17.481083],[78.321729,17.48099],[78.321885,17.48097],[78.321899,17.481063]]]},"properties":{"id":"49119bc9d322","height":null,"num_floors":null,"render_height_m":9.6,"height_label":"assumed"}},{"type":"Feature","geometry":{"type":"Polygon","coordinates":[[[78.321937,17.481205],[78.321781,17.481225],[78.321764,17.481102],[78.321919,17.481082],[78.321937,17.481205]]]},"properties":{"id":"8e2143491dbe","height":null,"num_floors":null,"render_height_m":9.6,"height_label":"assumed"}},{"type":"Feature","geometry":{"type":"Polygon","coordinates":[[[78.321881,17.480956],[78.321733,17.480975],[78.321718,17.480864],[78.321865,17.480845],[78.321881,17.480956]]]},"properties":{"id":"5f3796571f9d","height":null,"num_floors":null,"render_height_m":9.6,"height_label":"assumed"}},{"type":"Feature","geometry":{"type":"Polygon","coordinates":[[[78.321688,17.480792],[78.321529,17.480822],[78.321509,17.480728],[78.321668,17.480697],[78.321688,17.480792]]]},"properties":{"id":"53434fb91853","height":null,"num_floors":null,"render_height_m":9.6,"height_label":"assumed"}},{"type":"Feature","geometry":{"type":"Polygon","coordinates":[[[78.321474,17.48101],[78.321321,17.48103],[78.321308,17.480939],[78.321461,17.480919],[78.321474,17.48101]]]},"properties":{"id":"acdfb95ffda7","height":null,"num_floors":null,"render_height_m":9.6,"height_label":"assumed"}},{"type":"Feature","geometry":{"type":"Polygon","coordinates":[[[78.321496,17.481136],[78.321345,17.481155],[78.321331,17.481055],[78.321482,17.481035],[78.321496,17.481136]]]},"properties":{"id":"892cdcf061d8","height":null,"num_floors":null,"render_height_m":9.6,"height_label":"assumed"}},{"type":"Feature","geometry":{"type":"Polygon","coordinates":[[[78.321736,17.481201],[78.321582,17.481221],[78.321569,17.481125],[78.321723,17.481105],[78.321736,17.481201]]]},"properties":{"id":"f523c4850cce","height":null,"num_floors":null,"render_height_m":9.6,"height_label":"assumed"}},{"type":"Feature","geometry":{"type":"Polygon","coordinates":[[[78.321515,17.481236],[78.321372,17.481255],[78.32136,17.481169],[78.321503,17.481151],[78.321515,17.481236]]]},"properties":{"id":"18b24bbba4c2","height":null,"num_floors":null,"render_height_m":9.6,"height_label":"assumed"}},{"type":"Feature","geometry":{"type":"Polygon","coordinates":[[[78.321292,17.481267],[78.32115,17.481286],[78.32114,17.481222],[78.321283,17.481203],[78.321292,17.481267]]]},"properties":{"id":"832a752061e9","height":null,"num_floors":null,"render_height_m":9.6,"height_label":"assumed"}},{"type":"Feature","geometry":{"type":"Polygon","coordinates":[[[78.321261,17.481075],[78.32119,17.481084],[78.321174,17.480971],[78.321245,17.480961],[78.321261,17.481075]]]},"properties":{"id":"25a544ba5ecb","height":null,"num_floors":null,"render_height_m":9.6,"height_label":"assumed"}},{"type":"Feature","geometry":{"type":"Polygon","coordinates":[[[78.321278,17.481194],[78.321125,17.481214],[78.321112,17.48112],[78.321265,17.4811],[78.321278,17.481194]]]},"properties":{"id":"77780d553454","height":null,"num_floors":null,"render_height_m":9.6,"height_label":"assumed"}},{"type":"Feature","geometry":{"type":"Polygon","coordinates":[[[78.321178,17.481092],[78.321104,17.481101],[78.321087,17.480978],[78.32116,17.480968],[78.321178,17.481092]]]},"properties":{"id":"5311342e5bfb","height":null,"num_floors":null,"render_height_m":9.6,"height_label":"assumed"}},{"type":"Feature","geometry":{"type":"Polygon","coordinates":[[[78.321052,17.481241],[78.320911,17.481259],[78.320895,17.481147],[78.321036,17.481129],[78.321052,17.481241]]]},"properties":{"id":"9cabddc6bd75","height":null,"num_floors":null,"render_height_m":9.6,"height_label":"assumed"}},{"type":"Feature","geometry":{"type":"Polygon","coordinates":[[[78.320878,17.481254],[78.320729,17.481273],[78.320714,17.481167],[78.320863,17.481147],[78.320878,17.481254]]]},"properties":{"id":"71d1bd2dbdf4","height":null,"num_floors":null,"render_height_m":9.6,"height_label":"assumed"}},{"type":"Feature","geometry":{"type":"Polygon","coordinates":[[[78.320861,17.48113],[78.320718,17.481148],[78.320702,17.481034],[78.320845,17.481015],[78.320861,17.48113]]]},"properties":{"id":"bd8fd3cadbd0","height":null,"num_floors":null,"render_height_m":9.6,"height_label":"assumed"}},{"type":"Feature","geometry":{"type":"Polygon","coordinates":[[[78.321037,17.481115],[78.320884,17.481134],[78.320868,17.481023],[78.321021,17.481003],[78.321037,17.481115]]]},"properties":{"id":"8d3549c41efe","height":null,"num_floors":null,"render_height_m":9.6,"height_label":"assumed"}},{"type":"Feature","geometry":{"type":"Polygon","coordinates":[[[78.320931,17.480915],[78.320843,17.480925],[78.320826,17.480797],[78.320914,17.480787],[78.320931,17.480915]]]},"properties":{"id":"a036407543fd","height":null,"num_floors":null,"render_height_m":9.6,"height_label":"assumed"}},{"type":"Feature","geometry":{"type":"Polygon","coordinates":[[[78.321233,17.480863],[78.321075,17.48088],[78.321063,17.480781],[78.321221,17.480764],[78.321233,17.480863]]]},"properties":{"id":"91d6da3e3978","height":null,"num_floors":null,"render_height_m":9.6,"height_label":"assumed"}},{"type":"Feature","geometry":{"type":"Polygon","coordinates":[[[78.321449,17.480829],[78.32128,17.480855],[78.321266,17.480772],[78.321435,17.480746],[78.321449,17.480829]]]},"properties":{"id":"22f91548bd8b","height":null,"num_floors":null,"render_height_m":9.6,"height_label":"assumed"}},{"type":"Feature","geometry":{"type":"Polygon","coordinates":[[[78.321403,17.480609],[78.32126,17.480632],[78.321243,17.480537],[78.321386,17.480513],[78.321403,17.480609]]]},"properties":{"id":"a5150e313ea0","height":null,"num_floors":null,"render_height_m":9.6,"height_label":"assumed"}},{"type":"Feature","geometry":{"type":"Polygon","coordinates":[[[78.321399,17.480506],[78.321257,17.480525],[78.321242,17.480423],[78.321384,17.480404],[78.321399,17.480506]]]},"properties":{"id":"954d1b9865d1","height":null,"num_floors":null,"render_height_m":9.6,"height_label":"assumed"}},{"type":"Feature","geometry":{"type":"Polygon","coordinates":[[[78.321244,17.480523],[78.32115,17.480536],[78.321136,17.480444],[78.32123,17.480432],[78.321244,17.480523]]]},"properties":{"id":"b76e06c6ee8f","height":null,"num_floors":null,"render_height_m":9.6,"height_label":"assumed"}},{"type":"Feature","geometry":{"type":"Polygon","coordinates":[[[78.321136,17.480546],[78.321033,17.480556],[78.321028,17.480503],[78.321131,17.480493],[78.321136,17.480546]]]},"properties":{"id":"de7a52374496","height":null,"num_floors":null,"render_height_m":6.4,"height_label":"assumed"}},{"type":"Feature","geometry":{"type":"Polygon","coordinates":[[[78.321142,17.480649],[78.321043,17.480659],[78.321032,17.480565],[78.321132,17.480555],[78.321142,17.480649]]]},"properties":{"id":"dff6779b3d73","height":null,"num_floors":null,"render_height_m":9.6,"height_label":"assumed"}},{"type":"Feature","geometry":{"type":"Polygon","coordinates":[[[78.321234,17.480637],[78.321153,17.480646],[78.321142,17.480558],[78.321223,17.480549],[78.321234,17.480637]]]},"properties":{"id":"c92bf0c6f9ff","height":null,"num_floors":null,"render_height_m":9.6,"height_label":"assumed"}},{"type":"Feature","geometry":{"type":"Polygon","coordinates":[[[78.321256,17.480736],[78.321159,17.480746],[78.32115,17.480667],[78.321247,17.480657],[78.321256,17.480736]]]},"properties":{"id":"4c97acdd7c38","height":null,"num_floors":null,"render_height_m":9.6,"height_label":"assumed"}},{"type":"Feature","geometry":{"type":"Polygon","coordinates":[[[78.321149,17.480759],[78.321061,17.480767],[78.321052,17.480666],[78.32114,17.480659],[78.321149,17.480759]]]},"properties":{"id":"597c8f8aaada","height":null,"num_floors":null,"render_height_m":9.6,"height_label":"assumed"}},{"type":"Feature","geometry":{"type":"Polygon","coordinates":[[[78.320969,17.480739],[78.320834,17.480761],[78.320811,17.48064],[78.320947,17.480618],[78.320969,17.480739]]]},"properties":{"id":"840a2a9036e3","height":null,"num_floors":null,"render_height_m":9.6,"height_label":"assumed"}},{"type":"Feature","geometry":{"type":"Polygon","coordinates":[[[78.320909,17.48061],[78.320805,17.480626],[78.320795,17.480562],[78.320898,17.480546],[78.320909,17.48061]]]},"properties":{"id":"7212d232d1f1","height":null,"num_floors":null,"render_height_m":6.4,"height_label":"assumed"}},{"type":"Feature","geometry":{"type":"Polygon","coordinates":[[[78.320937,17.480529],[78.320794,17.480554],[78.320777,17.480466],[78.320919,17.480441],[78.320937,17.480529]]]},"properties":{"id":"ff6274bb9b79","height":null,"num_floors":null,"render_height_m":9.6,"height_label":"assumed"}},{"type":"Feature","geometry":{"type":"Polygon","coordinates":[[[78.320907,17.480399],[78.320796,17.480412],[78.320777,17.480267],[78.320888,17.480253],[78.320907,17.480399]]]},"properties":{"id":"eb6d711571c3","height":null,"num_floors":null,"render_height_m":9.6,"height_label":"assumed"}},{"type":"Feature","geometry":{"type":"Polygon","coordinates":[[[78.321131,17.480485],[78.321019,17.4805],[78.321,17.480374],[78.321112,17.480359],[78.321131,17.480485]]]},"properties":{"id":"7ed44505a0a7","height":null,"num_floors":null,"render_height_m":9.6,"height_label":"assumed"}},{"type":"Feature","geometry":{"type":"Polygon","coordinates":[[[78.321365,17.480397],[78.321259,17.480412],[78.321246,17.480328],[78.321351,17.480313],[78.321365,17.480397]]]},"properties":{"id":"9ddbbe9bb03b","height":null,"num_floors":null,"render_height_m":9.6,"height_label":"assumed"}},{"type":"Feature","geometry":{"type":"Polygon","coordinates":[[[78.321321,17.480231],[78.321158,17.480256],[78.321143,17.480168],[78.321306,17.480143],[78.321321,17.480231]]]},"properties":{"id":"ee3665dea268","height":null,"num_floors":null,"render_height_m":9.6,"height_label":"assumed"}},{"type":"Feature","geometry":{"type":"Polygon","coordinates":[[[78.321485,17.48026],[78.321421,17.480269],[78.3214,17.480135],[78.321464,17.480126],[78.321485,17.48026]]]},"properties":{"id":"40d12b6e1dd9","height":null,"num_floors":null,"render_height_m":9.6,"height_label":"assumed"}},{"type":"Feature","geometry":{"type":"Polygon","coordinates":[[[78.321573,17.480128],[78.321583,17.480205],[78.321538,17.480211],[78.321528,17.480133],[78.321573,17.480128]]]},"properties":{"id":"7c0ed48896eb","height":null,"num_floors":null,"render_height_m":6.4,"height_label":"assumed"}},{"type":"Feature","geometry":{"type":"Polygon","coordinates":[[[78.321712,17.480324],[78.321624,17.480336],[78.321612,17.480252],[78.321699,17.480241],[78.321712,17.480324]]]},"properties":{"id":"c1fd2104e874","height":null,"num_floors":null,"render_height_m":9.6,"height_label":"assumed"}},{"type":"Feature","geometry":{"type":"Polygon","coordinates":[[[78.321602,17.480458],[78.321475,17.480476],[78.321463,17.480395],[78.321589,17.480377],[78.321602,17.480458]]]},"properties":{"id":"aa44eeb6f20e","height":null,"num_floors":null,"render_height_m":9.6,"height_label":"assumed"}},{"type":"Feature","geometry":{"type":"Polygon","coordinates":[[[78.321442,17.480724],[78.321312,17.480745],[78.321293,17.48064],[78.321424,17.480619],[78.321442,17.480724]]]},"properties":{"id":"6dcc68ed30af","height":null,"num_floors":null,"render_height_m":9.6,"height_label":"assumed"}},{"type":"Feature","geometry":{"type":"Polygon","coordinates":[[[78.321665,17.48069],[78.321506,17.480715],[78.321488,17.480609],[78.321646,17.480583],[78.321665,17.48069]]]},"properties":{"id":"7f75d2a9c6a7","height":null,"num_floors":null,"render_height_m":9.6,"height_label":"assumed"}},{"type":"Feature","geometry":{"type":"Polygon","coordinates":[[[78.321624,17.480564],[78.321493,17.480579],[78.321483,17.480497],[78.321614,17.480482],[78.321624,17.480564]]]},"properties":{"id":"8c434f7a9812","height":null,"num_floors":null,"render_height_m":9.6,"height_label":"assumed"}},{"type":"Feature","geometry":{"type":"Polygon","coordinates":[[[78.321624,17.480474],[78.321679,17.480468],[78.321682,17.480494],[78.321628,17.480501],[78.321624,17.480474]]]},"properties":{"id":"866e6e284c83","height":null,"num_floors":null,"render_height_m":6.4,"height_label":"assumed"}},{"type":"Feature","geometry":{"type":"Polygon","coordinates":[[[78.321851,17.480764],[78.321707,17.480782],[78.321694,17.480689],[78.321838,17.48067],[78.321851,17.480764]]]},"properties":{"id":"6274113e40ce","height":null,"num_floors":null,"render_height_m":9.6,"height_label":"assumed"}},{"type":"Feature","geometry":{"type":"Polygon","coordinates":[[[78.321828,17.480647],[78.321687,17.48067],[78.321671,17.480583],[78.321812,17.48056],[78.321828,17.480647]]]},"properties":{"id":"efc691191233","height":null,"num_floors":null,"render_height_m":9.6,"height_label":"assumed"}},{"type":"Feature","geometry":{"type":"Polygon","coordinates":[[[78.322029,17.480512],[78.321913,17.480524],[78.321905,17.48045],[78.32202,17.480438],[78.322029,17.480512]]]},"properties":{"id":"f132eb0b2319","height":null,"num_floors":null,"render_height_m":9.6,"height_label":"assumed"}},{"type":"Feature","geometry":{"type":"Polygon","coordinates":[[[78.322027,17.480425],[78.321902,17.480439],[78.321893,17.480365],[78.322018,17.480352],[78.322027,17.480425]]]},"properties":{"id":"e475dabbf873","height":null,"num_floors":null,"render_height_m":9.6,"height_label":"assumed"}},{"type":"Feature","geometry":{"type":"Polygon","coordinates":[[[78.322024,17.480348],[78.321883,17.480363],[78.321874,17.480283],[78.322015,17.480268],[78.322024,17.480348]]]},"properties":{"id":"5cc8153ae1b7","height":null,"num_floors":null,"render_height_m":9.6,"height_label":"assumed"}},{"type":"Feature","geometry":{"type":"Polygon","coordinates":[[[78.321766,17.480448],[78.321632,17.480462],[78.321619,17.480352],[78.321753,17.480338],[78.321766,17.480448]]]},"properties":{"id":"bda2c733f843","height":null,"num_floors":null,"render_height_m":9.6,"height_label":"assumed"}},{"type":"Feature","geometry":{"type":"Polygon","coordinates":[[[78.321785,17.48032],[78.321719,17.480329],[78.321707,17.480252],[78.321773,17.480244],[78.321785,17.48032]]]},"properties":{"id":"123092ebd6d2","height":null,"num_floors":null,"render_height_m":6.4,"height_label":"assumed"}},{"type":"Feature","geometry":{"type":"Polygon","coordinates":[[[78.322024,17.480255],[78.32189,17.48027],[78.321883,17.480209],[78.322016,17.480195],[78.322024,17.480255]]]},"properties":{"id":"7ef673ad6ef3","height":null,"num_floors":null,"render_height_m":9.6,"height_label":"assumed"}},{"type":"Feature","geometry":{"type":"Polygon","coordinates":[[[78.322164,17.480276],[78.322061,17.480287],[78.322054,17.480228],[78.322157,17.480217],[78.322164,17.480276]]]},"properties":{"id":"c815ab4fe396","height":null,"num_floors":null,"render_height_m":6.4,"height_label":"assumed"}},{"type":"Feature","geometry":{"type":"Polygon","coordinates":[[[78.322305,17.480255],[78.3222,17.480266],[78.322192,17.480196],[78.322297,17.480185],[78.322305,17.480255]]]},"properties":{"id":"ee43181f7c49","height":null,"num_floors":null,"render_height_m":9.6,"height_label":"assumed"}},{"type":"Feature","geometry":{"type":"Polygon","coordinates":[[[78.322192,17.480392],[78.322079,17.480404],[78.322069,17.480314],[78.322181,17.480301],[78.322192,17.480392]]]},"properties":{"id":"ebc4e02a3e87","height":null,"num_floors":null,"render_height_m":9.6,"height_label":"assumed"}},{"type":"Feature","geometry":{"type":"Polygon","coordinates":[[[78.322308,17.480373],[78.322215,17.480383],[78.322204,17.480295],[78.322298,17.480285],[78.322308,17.480373]]]},"properties":{"id":"a96bdc2eb35d","height":null,"num_floors":null,"render_height_m":9.6,"height_label":"assumed"}},{"type":"Feature","geometry":{"type":"Polygon","coordinates":[[[78.322041,17.480604],[78.321927,17.480617],[78.321917,17.480535],[78.322031,17.480523],[78.322041,17.480604]]]},"properties":{"id":"88ebb2d12d6d","height":null,"num_floors":null,"render_height_m":9.6,"height_label":"assumed"}},{"type":"Feature","geometry":{"type":"Polygon","coordinates":[[[78.322058,17.480727],[78.321943,17.48074],[78.321932,17.480645],[78.322047,17.480632],[78.322058,17.480727]]]},"properties":{"id":"89e00723b61e","height":null,"num_floors":null,"render_height_m":9.6,"height_label":"assumed"}},{"type":"Feature","geometry":{"type":"Polygon","coordinates":[[[78.322255,17.480714],[78.32209,17.480732],[78.322073,17.480588],[78.322237,17.48057],[78.322255,17.480714]]]},"properties":{"id":"ec0de4c3b843","height":null,"num_floors":null,"render_height_m":12.8,"height_label":"assumed"}},{"type":"Feature","geometry":{"type":"Polygon","coordinates":[[[78.322212,17.480561],[78.322082,17.480575],[78.322074,17.480507],[78.322204,17.480493],[78.322212,17.480561]]]},"properties":{"id":"aefae04c69bf","height":null,"num_floors":null,"render_height_m":9.6,"height_label":"assumed"}},{"type":"Feature","geometry":{"type":"Polygon","coordinates":[[[78.322209,17.480486],[78.322087,17.480499],[78.322078,17.480421],[78.3222,17.480408],[78.322209,17.480486]]]},"properties":{"id":"4cb3864fec4b","height":null,"num_floors":null,"render_height_m":9.6,"height_label":"assumed"}},{"type":"Feature","geometry":{"type":"Polygon","coordinates":[[[78.322329,17.480484],[78.322235,17.480494],[78.322224,17.4804],[78.322318,17.48039],[78.322329,17.480484]]]},"properties":{"id":"f55102b94695","height":null,"num_floors":null,"render_height_m":9.6,"height_label":"assumed"}},{"type":"Feature","geometry":{"type":"Polygon","coordinates":[[[78.322341,17.480569],[78.322244,17.48058],[78.322235,17.480508],[78.322333,17.480497],[78.322341,17.480569]]]},"properties":{"id":"8a06769be0c0","height":null,"num_floors":null,"render_height_m":9.6,"height_label":"assumed"}},{"type":"Feature","geometry":{"type":"Polygon","coordinates":[[[78.322353,17.480694],[78.322261,17.480704],[78.322248,17.480594],[78.32234,17.480584],[78.322353,17.480694]]]},"properties":{"id":"8f400e401511","height":null,"num_floors":null,"render_height_m":9.6,"height_label":"assumed"}},{"type":"Feature","geometry":{"type":"Polygon","coordinates":[[[78.322528,17.480676],[78.322414,17.480688],[78.3224,17.480573],[78.322514,17.480561],[78.322528,17.480676]]]},"properties":{"id":"65b1252a8b4f","height":null,"num_floors":null,"render_height_m":9.6,"height_label":"assumed"}},{"type":"Feature","geometry":{"type":"Polygon","coordinates":[[[78.32248,17.480546],[78.322394,17.480556],[78.322381,17.480446],[78.322467,17.480436],[78.32248,17.480546]]]},"properties":{"id":"bb50bda5f2b7","height":null,"num_floors":null,"render_height_m":9.6,"height_label":"assumed"}},{"type":"Feature","geometry":{"type":"Polygon","coordinates":[[[78.322525,17.480461],[78.322478,17.48047],[78.322467,17.480421],[78.322514,17.480411],[78.322525,17.480461]]]},"properties":{"id":"89bfc05babd9","height":null,"num_floors":null,"render_height_m":6.4,"height_label":"assumed"}},{"type":"Feature","geometry":{"type":"Polygon","coordinates":[[[78.322498,17.480533],[78.322483,17.48048],[78.322567,17.480459],[78.32259,17.48054],[78.322524,17.480557],[78.322516,17.480528],[78.322498,17.480533]]]},"properties":{"id":"0c579a35526c","height":null,"num_floors":null,"render_height_m":6.4,"height_label":"assumed"}},{"type":"Feature","geometry":{"type":"Polygon","coordinates":[[[78.32259,17.480448],[78.322549,17.480451],[78.322544,17.480401],[78.322586,17.480397],[78.32259,17.480448]]]},"properties":{"id":"2e069d291def","height":null,"num_floors":null,"render_height_m":6.4,"height_label":"assumed"}},{"type":"Feature","geometry":{"type":"Polygon","coordinates":[[[78.322617,17.48033],[78.322555,17.480345],[78.322536,17.480274],[78.322599,17.480259],[78.322617,17.48033]]]},"properties":{"id":"83111b690bf9","height":null,"num_floors":null,"render_height_m":6.4,"height_label":"assumed"}},{"type":"Feature","geometry":{"type":"Polygon","coordinates":[[[78.322552,17.480369],[78.322473,17.480389],[78.322448,17.480296],[78.322527,17.480276],[78.322552,17.480369]]]},"properties":{"id":"fdf5f19e6eb1","height":null,"num_floors":null,"render_height_m":9.6,"height_label":"assumed"}},{"type":"Feature","geometry":{"type":"Polygon","coordinates":[[[78.322371,17.480382],[78.322361,17.48028],[78.322437,17.480273],[78.322447,17.480375],[78.322371,17.480382]]]},"properties":{"id":"4b7f2139f0cf","height":null,"num_floors":null,"render_height_m":9.6,"height_label":"assumed"}},{"type":"Feature","geometry":{"type":"Polygon","coordinates":[[[78.322413,17.48025],[78.322358,17.48026],[78.32234,17.480174],[78.322396,17.480164],[78.322413,17.48025]]]},"properties":{"id":"f2c72998aaac","height":null,"num_floors":null,"render_height_m":6.4,"height_label":"assumed"}},{"type":"Feature","geometry":{"type":"Polygon","coordinates":[[[78.322456,17.480206],[78.322413,17.480215],[78.3224,17.480157],[78.322444,17.480148],[78.322456,17.480206]]]},"properties":{"id":"2b9dab636668","height":null,"num_floors":null,"render_height_m":6.4,"height_label":"assumed"}},{"type":"Feature","geometry":{"type":"Polygon","coordinates":[[[78.322501,17.480194],[78.322464,17.480203],[78.322449,17.480144],[78.322487,17.480136],[78.322501,17.480194]]]},"properties":{"id":"a9305012b63f","height":null,"num_floors":null,"render_height_m":6.4,"height_label":"assumed"}},{"type":"Feature","geometry":{"type":"Polygon","coordinates":[[[78.322523,17.48026],[78.322452,17.480278],[78.322437,17.480222],[78.322507,17.480204],[78.322523,17.48026]]]},"properties":{"id":"44090f23a278","height":null,"num_floors":null,"render_height_m":6.4,"height_label":"assumed"}},{"type":"Feature","geometry":{"type":"Polygon","coordinates":[[[78.322604,17.480244],[78.322537,17.480259],[78.322522,17.480196],[78.322588,17.480181],[78.322604,17.480244]]]},"properties":{"id":"555ebceccfb6","height":null,"num_floors":null,"render_height_m":6.4,"height_label":"assumed"}},{"type":"Feature","geometry":{"type":"Polygon","coordinates":[[[78.322586,17.480174],[78.322512,17.480189],[78.322499,17.480133],[78.322574,17.480118],[78.322586,17.480174]]]},"properties":{"id":"2c2a99487ce4","height":null,"num_floors":null,"render_height_m":6.4,"height_label":"assumed"}},{"type":"Feature","geometry":{"type":"Polygon","coordinates":[[[78.322672,17.480234],[78.322611,17.480244],[78.322602,17.480194],[78.322663,17.480184],[78.322672,17.480234]]]},"properties":{"id":"df1a0c109e55","height":null,"num_floors":null,"render_height_m":6.4,"height_label":"assumed"}},{"type":"Feature","geometry":{"type":"Polygon","coordinates":[[[78.322775,17.480283],[78.322702,17.480296],[78.322682,17.48019],[78.322755,17.480177],[78.322775,17.480283]]]},"properties":{"id":"44025dd38b68","height":null,"num_floors":null,"render_height_m":9.6,"height_label":"assumed"}},{"type":"Feature","geometry":{"type":"Polygon","coordinates":[[[78.322685,17.480306],[78.322627,17.480319],[78.322614,17.480259],[78.322671,17.480247],[78.322685,17.480306]]]},"properties":{"id":"09b8c438d5fa","height":null,"num_floors":null,"render_height_m":6.4,"height_label":"assumed"}},{"type":"Feature","geometry":{"type":"Polygon","coordinates":[[[78.322632,17.480413],[78.322613,17.480345],[78.322688,17.480326],[78.322707,17.480394],[78.322632,17.480413]]]},"properties":{"id":"caac5cb3fd87","height":null,"num_floors":null,"render_height_m":6.4,"height_label":"assumed"}},{"type":"Feature","geometry":{"type":"Polygon","coordinates":[[[78.322785,17.48038],[78.322715,17.480389],[78.322704,17.480312],[78.322773,17.480303],[78.322785,17.48038]]]},"properties":{"id":"11bbbffa89d0","height":null,"num_floors":null,"render_height_m":6.4,"height_label":"assumed"}},{"type":"Feature","geometry":{"type":"Polygon","coordinates":[[[78.322912,17.480301],[78.322924,17.480362],[78.322853,17.480375],[78.32284,17.480314],[78.322912,17.480301]]]},"properties":{"id":"79ff1ac52aac","height":null,"num_floors":null,"render_height_m":6.4,"height_label":"assumed"}},{"type":"Feature","geometry":{"type":"Polygon","coordinates":[[[78.322853,17.480293],[78.322779,17.480293],[78.322778,17.480222],[78.322853,17.480221],[78.322853,17.480293]]]},"properties":{"id":"13f16484389b","height":null,"num_floors":null,"render_height_m":6.4,"height_label":"assumed"}},{"type":"Feature","geometry":{"type":"Polygon","coordinates":[[[78.322942,17.480256],[78.322874,17.480261],[78.322868,17.480179],[78.322935,17.480175],[78.322942,17.480256]]]},"properties":{"id":"76f02f30ac91","height":null,"num_floors":null,"render_height_m":6.4,"height_label":"assumed"}},{"type":"Feature","geometry":{"type":"Polygon","coordinates":[[[78.323064,17.480316],[78.322994,17.480326],[78.322982,17.480251],[78.323052,17.480241],[78.323064,17.480316]]]},"properties":{"id":"b7de29d2d338","height":null,"num_floors":null,"render_height_m":6.4,"height_label":"assumed"}},{"type":"Feature","geometry":{"type":"Polygon","coordinates":[[[78.322961,17.480247],[78.322945,17.480166],[78.32302,17.480153],[78.323036,17.480234],[78.322961,17.480247]]]},"properties":{"id":"c2cc1a7e3bcd","height":null,"num_floors":null,"render_height_m":6.4,"height_label":"assumed"}},{"type":"Feature","geometry":{"type":"Polygon","coordinates":[[[78.323132,17.480235],[78.323069,17.480251],[78.323037,17.480136],[78.3231,17.48012],[78.323132,17.480235]]]},"properties":{"id":"e3baa4f50dfa","height":null,"num_floors":null,"render_height_m":9.6,"height_label":"assumed"}},{"type":"Feature","geometry":{"type":"Polygon","coordinates":[[[78.323202,17.480427],[78.323149,17.48044],[78.323129,17.480368],[78.323182,17.480355],[78.323202,17.480427]]]},"properties":{"id":"eaa2103ab9fa","height":null,"num_floors":null,"render_height_m":6.4,"height_label":"assumed"}},{"type":"Feature","geometry":{"type":"Polygon","coordinates":[[[78.323122,17.480434],[78.323002,17.480465],[78.322981,17.480393],[78.323101,17.480362],[78.323122,17.480434]]]},"properties":{"id":"ea9149b9b2c6","height":null,"num_floors":null,"render_height_m":9.6,"height_label":"assumed"}},{"type":"Feature","geometry":{"type":"Polygon","coordinates":[[[78.322984,17.480356],[78.322936,17.480361],[78.322924,17.480269],[78.322972,17.480263],[78.322984,17.480356]]]},"properties":{"id":"326fe69e97c9","height":null,"num_floors":null,"render_height_m":6.4,"height_label":"assumed"}},{"type":"Feature","geometry":{"type":"Polygon","coordinates":[[[78.322954,17.480473],[78.322901,17.480477],[78.322893,17.480394],[78.322947,17.48039],[78.322954,17.480473]]]},"properties":{"id":"5e772ea5823b","height":null,"num_floors":null,"render_height_m":6.4,"height_label":"assumed"}},{"type":"Feature","geometry":{"type":"Polygon","coordinates":[[[78.322917,17.480605],[78.3229,17.480527],[78.323003,17.480507],[78.32302,17.480584],[78.322917,17.480605]]]},"properties":{"id":"3a3f0511a882","height":null,"num_floors":null,"render_height_m":9.6,"height_label":"assumed"}},{"type":"Feature","geometry":{"type":"Polygon","coordinates":[[[78.323027,17.480549],[78.323004,17.480467],[78.323077,17.480448],[78.3231,17.48053],[78.323027,17.480549]]]},"properties":{"id":"724341273eff","height":null,"num_floors":null,"render_height_m":6.4,"height_label":"assumed"}},{"type":"Feature","geometry":{"type":"Polygon","coordinates":[[[78.323221,17.480515],[78.323117,17.480548],[78.323093,17.480477],[78.323196,17.480444],[78.323221,17.480515]]]},"properties":{"id":"180b0744e16b","height":null,"num_floors":null,"render_height_m":9.6,"height_label":"assumed"}},{"type":"Feature","geometry":{"type":"Polygon","coordinates":[[[78.323221,17.480578],[78.323125,17.4806],[78.323114,17.480555],[78.32321,17.480533],[78.323221,17.480578]]]},"properties":{"id":"e1d864eca7d1","height":null,"num_floors":null,"render_height_m":6.4,"height_label":"assumed"}},{"type":"Feature","geometry":{"type":"Polygon","coordinates":[[[78.323129,17.48064],[78.323053,17.480653],[78.323035,17.480562],[78.323111,17.480548],[78.323129,17.48064]]]},"properties":{"id":"e9d2b1e2a9b0","height":null,"num_floors":null,"render_height_m":9.6,"height_label":"assumed"}},{"type":"Feature","geometry":{"type":"Polygon","coordinates":[[[78.323231,17.480711],[78.32315,17.480724],[78.32313,17.480613],[78.323211,17.4806],[78.323231,17.480711]]]},"properties":{"id":"606b4829c125","height":null,"num_floors":null,"render_height_m":9.6,"height_label":"assumed"}},{"type":"Feature","geometry":{"type":"Polygon","coordinates":[[[78.323142,17.480734],[78.323068,17.480745],[78.323057,17.480676],[78.323131,17.480664],[78.323142,17.480734]]]},"properties":{"id":"0a507616ca4c","height":null,"num_floors":null,"render_height_m":6.4,"height_label":"assumed"}},{"type":"Feature","geometry":{"type":"Polygon","coordinates":[[[78.323045,17.480667],[78.32294,17.480689],[78.322923,17.480615],[78.323027,17.480593],[78.323045,17.480667]]]},"properties":{"id":"940c4633beb5","height":null,"num_floors":null,"render_height_m":9.6,"height_label":"assumed"}},{"type":"Feature","geometry":{"type":"Polygon","coordinates":[[[78.322936,17.480751],[78.322874,17.480761],[78.322854,17.480645],[78.322833,17.480649],[78.322827,17.480615],[78.32291,17.480602],[78.322936,17.480751]]]},"properties":{"id":"6052e2107087","height":null,"num_floors":null,"render_height_m":9.6,"height_label":"assumed"}},{"type":"Feature","geometry":{"type":"Polygon","coordinates":[[[78.322861,17.480775],[78.322808,17.480784],[78.322789,17.480675],[78.322842,17.480666],[78.322861,17.480775]]]},"properties":{"id":"ff30daaf935a","height":null,"num_floors":null,"render_height_m":6.4,"height_label":"assumed"}},{"type":"Feature","geometry":{"type":"Polygon","coordinates":[[[78.322789,17.480749],[78.322713,17.480766],[78.322696,17.480697],[78.322772,17.480679],[78.322789,17.480749]]]},"properties":{"id":"b59f3564eda6","height":null,"num_floors":null,"render_height_m":6.4,"height_label":"assumed"}},{"type":"Feature","geometry":{"type":"Polygon","coordinates":[[[78.322894,17.480511],[78.322819,17.480516],[78.32281,17.480396],[78.322885,17.480391],[78.322894,17.480511]]]},"properties":{"id":"6101b040cbd4","height":null,"num_floors":null,"render_height_m":9.6,"height_label":"assumed"}},{"type":"Feature","geometry":{"type":"Polygon","coordinates":[[[78.322798,17.480482],[78.32272,17.480501],[78.322698,17.480414],[78.322776,17.480396],[78.322798,17.480482]]]},"properties":{"id":"58e29aa11f31","height":null,"num_floors":null,"render_height_m":9.6,"height_label":"assumed"}},{"type":"Feature","geometry":{"type":"Polygon","coordinates":[[[78.322671,17.480556],[78.322661,17.480518],[78.322792,17.480488],[78.322801,17.480527],[78.322671,17.480556]]]},"properties":{"id":"3fe199b4068d","height":null,"num_floors":null,"render_height_m":6.4,"height_label":"assumed"}},{"type":"Feature","geometry":{"type":"Polygon","coordinates":[[[78.322711,17.480496],[78.322661,17.480507],[78.322641,17.480425],[78.322691,17.480414],[78.322711,17.480496]]]},"properties":{"id":"d5a41520af92","height":null,"num_floors":null,"render_height_m":6.4,"height_label":"assumed"}},{"type":"Feature","geometry":{"type":"Polygon","coordinates":[[[78.3227,17.480654],[78.322585,17.480685],[78.322558,17.480594],[78.322672,17.480563],[78.3227,17.480654]]]},"properties":{"id":"e7c1c0b613e4","height":null,"num_floors":null,"render_height_m":9.6,"height_label":"assumed"}},{"type":"Feature","geometry":{"type":"Polygon","coordinates":[[[78.322709,17.480662],[78.322681,17.480567],[78.322761,17.480545],[78.322789,17.48064],[78.322709,17.480662]]]},"properties":{"id":"fbbe72fc2dee","height":null,"num_floors":null,"render_height_m":9.6,"height_label":"assumed"}},{"type":"Feature","geometry":{"type":"Polygon","coordinates":[[[78.322664,17.480817],[78.322585,17.480845],[78.322558,17.480778],[78.322637,17.48075],[78.322664,17.480817]]]},"properties":{"id":"8fd848b0e88f","height":null,"num_floors":null,"render_height_m":6.4,"height_label":"assumed"}},{"type":"Feature","geometry":{"type":"Polygon","coordinates":[[[78.32277,17.480958],[78.322654,17.481008],[78.322626,17.48095],[78.322743,17.480899],[78.32277,17.480958]]]},"properties":{"id":"78333082b3d1","height":null,"num_floors":null,"render_height_m":9.6,"height_label":"assumed"}},{"type":"Feature","geometry":{"type":"Polygon","coordinates":[[[78.322637,17.480941],[78.322596,17.480863],[78.322703,17.480812],[78.322744,17.48089],[78.322637,17.480941]]]},"properties":{"id":"4d8affd2cdb4","height":null,"num_floors":null,"render_height_m":9.6,"height_label":"assumed"}},{"type":"Feature","geometry":{"type":"Polygon","coordinates":[[[78.322923,17.480908],[78.322828,17.480932],[78.322809,17.480871],[78.322906,17.480844],[78.322923,17.480908]]]},"properties":{"id":"a1ef4077319b","height":null,"num_floors":null,"render_height_m":6.4,"height_label":"assumed"}},{"type":"Feature","geometry":{"type":"Polygon","coordinates":[[[78.322947,17.480753],[78.322941,17.480701],[78.323032,17.480692],[78.323041,17.480769],[78.322973,17.480776],[78.322977,17.4808],[78.322929,17.480819],[78.322922,17.480756],[78.322947,17.480753]]]},"properties":{"id":"fcf332bf58f5","height":null,"num_floors":null,"render_height_m":9.6,"height_label":"assumed"}},{"type":"Feature","geometry":{"type":"Polygon","coordinates":[[[78.323206,17.480864],[78.323154,17.480874],[78.323134,17.48078],[78.323186,17.48077],[78.323206,17.480864]]]},"properties":{"id":"6ae7bd87ee61","height":null,"num_floors":null,"render_height_m":6.4,"height_label":"assumed"}},{"type":"Feature","geometry":{"type":"Polygon","coordinates":[[[78.32312,17.480895],[78.323027,17.48091],[78.323008,17.480796],[78.3231,17.480781],[78.32312,17.480895]]]},"properties":{"id":"2f609bb0e8c5","height":null,"num_floors":null,"render_height_m":9.6,"height_label":"assumed"}},{"type":"Feature","geometry":{"type":"Polygon","coordinates":[[[78.323144,17.480999],[78.323093,17.481008],[78.323074,17.480909],[78.323124,17.480901],[78.323144,17.480999]]]},"properties":{"id":"0b13bdaeb9eb","height":null,"num_floors":null,"render_height_m":6.4,"height_label":"assumed"}},{"type":"Feature","geometry":{"type":"Polygon","coordinates":[[[78.323081,17.480975],[78.322972,17.480999],[78.322958,17.480937],[78.323066,17.480913],[78.323081,17.480975]]]},"properties":{"id":"4c65d3c9919e","height":null,"num_floors":null,"render_height_m":9.6,"height_label":"assumed"}},{"type":"Feature","geometry":{"type":"Polygon","coordinates":[[[78.323016,17.480913],[78.322945,17.480923],[78.322933,17.480843],[78.323005,17.480833],[78.323016,17.480913]]]},"properties":{"id":"9f741559174f","height":null,"num_floors":null,"render_height_m":6.4,"height_label":"assumed"}},{"type":"Feature","geometry":{"type":"Polygon","coordinates":[[[78.322861,17.481025],[78.322838,17.480944],[78.322931,17.480919],[78.322955,17.481001],[78.322861,17.481025]]]},"properties":{"id":"f47d4a1bc91a","height":null,"num_floors":null,"render_height_m":9.6,"height_label":"assumed"}},{"type":"Feature","geometry":{"type":"Polygon","coordinates":[[[78.32296,17.481108],[78.322878,17.481112],[78.322874,17.481048],[78.322956,17.481044],[78.32296,17.481108]]]},"properties":{"id":"c55df5bce537","height":null,"num_floors":null,"render_height_m":6.4,"height_label":"assumed"}},{"type":"Feature","geometry":{"type":"Polygon","coordinates":[[[78.323013,17.481059],[78.323004,17.481004],[78.323074,17.480994],[78.323082,17.48105],[78.323013,17.481059]]]},"properties":{"id":"e5a60113f33e","height":null,"num_floors":null,"render_height_m":6.4,"height_label":"assumed"}},{"type":"Feature","geometry":{"type":"Polygon","coordinates":[[[78.323055,17.481258],[78.323052,17.481171],[78.323155,17.481168],[78.323158,17.481254],[78.323055,17.481258]]]},"properties":{"id":"f8b8e6b2562e","height":null,"num_floors":null,"render_height_m":9.6,"height_label":"assumed"}},{"type":"Feature","geometry":{"type":"Polygon","coordinates":[[[78.322946,17.481251],[78.322937,17.481176],[78.323039,17.481171],[78.323044,17.481268],[78.322946,17.481251]]]},"properties":{"id":"19c5616a724e","height":null,"num_floors":null,"render_height_m":9.6,"height_label":"assumed"}},{"type":"Feature","geometry":{"type":"Polygon","coordinates":[[[78.322806,17.48124],[78.322728,17.481241],[78.322728,17.481159],[78.322806,17.481158],[78.322806,17.48124]]]},"properties":{"id":"3d888a9d11d0","height":null,"num_floors":null,"render_height_m":6.4,"height_label":"assumed"}},{"type":"Feature","geometry":{"type":"Polygon","coordinates":[[[78.322716,17.481181],[78.322639,17.481184],[78.322635,17.481094],[78.322712,17.481091],[78.322716,17.481181]]]},"properties":{"id":"f162e33ca832","height":null,"num_floors":null,"render_height_m":9.6,"height_label":"assumed"}},{"type":"Feature","geometry":{"type":"Polygon","coordinates":[[[78.322686,17.48107],[78.322661,17.481012],[78.322779,17.480965],[78.322804,17.481022],[78.322686,17.48107]]]},"properties":{"id":"05fec5107a50","height":null,"num_floors":null,"render_height_m":9.6,"height_label":"assumed"}},{"type":"Feature","geometry":{"type":"Polygon","coordinates":[[[78.322518,17.481254],[78.322516,17.481181],[78.322632,17.481178],[78.322635,17.481251],[78.322518,17.481254]]]},"properties":{"id":"b80013b913da","height":null,"num_floors":null,"render_height_m":9.6,"height_label":"assumed"}},{"type":"Feature","geometry":{"type":"Polygon","coordinates":[[[78.322457,17.481299],[78.322381,17.481314],[78.32237,17.481263],[78.322447,17.481249],[78.322457,17.481299]]]},"properties":{"id":"80c5e5f703e3","height":null,"num_floors":null,"render_height_m":6.4,"height_label":"assumed"}},{"type":"Feature","geometry":{"type":"Polygon","coordinates":[[[78.322375,17.48131],[78.32231,17.481328],[78.322293,17.48127],[78.322358,17.481253],[78.322375,17.48131]]]},"properties":{"id":"1a95bdd7d2e9","height":null,"num_floors":null,"render_height_m":6.4,"height_label":"assumed"}},{"type":"Feature","geometry":{"type":"Polygon","coordinates":[[[78.322358,17.481244],[78.322266,17.481262],[78.322248,17.481179],[78.32234,17.481161],[78.322358,17.481244]]]},"properties":{"id":"bbb5aefb41c4","height":null,"num_floors":null,"render_height_m":9.6,"height_label":"assumed"}},{"type":"Feature","geometry":{"type":"Polygon","coordinates":[[[78.322434,17.481139],[78.322337,17.48115],[78.322331,17.481095],[78.322428,17.481085],[78.322434,17.481139]]]},"properties":{"id":"56dd2873d1ec","height":null,"num_floors":null,"render_height_m":6.4,"height_label":"assumed"}},{"type":"Feature","geometry":{"type":"Polygon","coordinates":[[[78.322442,17.481072],[78.322332,17.481082],[78.322323,17.48099],[78.322433,17.48098],[78.322442,17.481072]]]},"properties":{"id":"b8efc6d39dfc","height":null,"num_floors":null,"render_height_m":9.6,"height_label":"assumed"}},{"type":"Feature","geometry":{"type":"Polygon","coordinates":[[[78.322628,17.481161],[78.322513,17.481168],[78.322508,17.481094],[78.322623,17.481087],[78.322628,17.481161]]]},"properties":{"id":"0cf01518f1d5","height":null,"num_floors":null,"render_height_m":9.6,"height_label":"assumed"}},{"type":"Feature","geometry":{"type":"Polygon","coordinates":[[[78.322613,17.480984],[78.322511,17.481013],[78.322479,17.480911],[78.322581,17.480882],[78.322613,17.480984]]]},"properties":{"id":"dded1d0e86f2","height":null,"num_floors":null,"render_height_m":9.6,"height_label":"assumed"}},{"type":"Feature","geometry":{"type":"Polygon","coordinates":[[[78.32247,17.480904],[78.32245,17.480845],[78.322549,17.480815],[78.322569,17.480873],[78.32247,17.480904]]]},"properties":{"id":"dd0029477227","height":null,"num_floors":null,"render_height_m":6.4,"height_label":"assumed"}},{"type":"Feature","geometry":{"type":"Polygon","coordinates":[[[78.322548,17.480804],[78.322439,17.480838],[78.322414,17.480766],[78.322523,17.480732],[78.322548,17.480804]]]},"properties":{"id":"7ecc92b70b1b","height":null,"num_floors":null,"render_height_m":9.6,"height_label":"assumed"}},{"type":"Feature","geometry":{"type":"Polygon","coordinates":[[[78.322379,17.480863],[78.322283,17.480874],[78.322271,17.480771],[78.322367,17.480761],[78.322379,17.480863]]]},"properties":{"id":"4dfd8e73e502","height":null,"num_floors":null,"render_height_m":9.6,"height_label":"assumed"}},{"type":"Feature","geometry":{"type":"Polygon","coordinates":[[[78.322397,17.480957],[78.322299,17.480964],[78.322293,17.480887],[78.322391,17.48088],[78.322397,17.480957]]]},"properties":{"id":"614eea1bb18b","height":null,"num_floors":null,"render_height_m":9.6,"height_label":"assumed"}},{"type":"Feature","geometry":{"type":"Polygon","coordinates":[[[78.322287,17.480959],[78.322145,17.480985],[78.322127,17.480897],[78.322269,17.480871],[78.322287,17.480959]]]},"properties":{"id":"fbd4cc8d8a36","height":null,"num_floors":null,"render_height_m":9.6,"height_label":"assumed"}},{"type":"Feature","geometry":{"type":"Polygon","coordinates":[[[78.322261,17.480866],[78.322125,17.480889],[78.32211,17.480811],[78.322246,17.480788],[78.322261,17.480866]]]},"properties":{"id":"71c6e95d2b39","height":null,"num_floors":null,"render_height_m":9.6,"height_label":"assumed"}},{"type":"Feature","geometry":{"type":"Polygon","coordinates":[[[78.322077,17.48092],[78.321983,17.480933],[78.321967,17.480831],[78.322062,17.480818],[78.322077,17.48092]]]},"properties":{"id":"3cdd05e99087","height":null,"num_floors":null,"render_height_m":9.6,"height_label":"assumed"}},{"type":"Feature","geometry":{"type":"Polygon","coordinates":[[[78.322097,17.481031],[78.322,17.481042],[78.321988,17.480948],[78.322085,17.480936],[78.322097,17.481031]]]},"properties":{"id":"a077346e129e","height":null,"num_floors":null,"render_height_m":9.6,"height_label":"assumed"}},{"type":"Feature","geometry":{"type":"Polygon","coordinates":[[[78.322096,17.481112],[78.32201,17.481126],[78.321998,17.481056],[78.322084,17.481042],[78.322096,17.481112]]]},"properties":{"id":"fd607594231a","height":null,"num_floors":null,"render_height_m":6.4,"height_label":"assumed"}},{"type":"Feature","geometry":{"type":"Polygon","coordinates":[[[78.322176,17.481068],[78.32216,17.480993],[78.322273,17.480971],[78.322288,17.481046],[78.322176,17.481068]]]},"properties":{"id":"af4532530718","height":null,"num_floors":null,"render_height_m":9.6,"height_label":"assumed"}},{"type":"Feature","geometry":{"type":"Polygon","coordinates":[[[78.322322,17.481153],[78.322241,17.481168],[78.322221,17.481078],[78.322303,17.481062],[78.322322,17.481153]]]},"properties":{"id":"7534ec0b99f0","height":null,"num_floors":null,"render_height_m":9.6,"height_label":"assumed"}},{"type":"Feature","geometry":{"type":"Polygon","coordinates":[[[78.322211,17.481074],[78.322217,17.481181],[78.322144,17.481184],[78.322138,17.481078],[78.322211,17.481074]]]},"properties":{"id":"4d1b8eda04a7","height":null,"num_floors":null,"render_height_m":9.6,"height_label":"assumed"}},{"type":"Feature","geometry":{"type":"Polygon","coordinates":[[[78.322228,17.481277],[78.322158,17.481284],[78.322148,17.481204],[78.322219,17.481196],[78.322228,17.481277]]]},"properties":{"id":"f51583420431","height":null,"num_floors":null,"render_height_m":6.4,"height_label":"assumed"}},{"type":"Feature","geometry":{"type":"Polygon","coordinates":[[[78.322049,17.481309],[78.322036,17.481227],[78.322129,17.481214],[78.322141,17.481296],[78.322049,17.481309]]]},"properties":{"id":"021317d250e9","height":null,"num_floors":null,"render_height_m":9.6,"height_label":"assumed"}},{"type":"Feature","geometry":{"type":"Polygon","coordinates":[[[78.322089,17.481204],[78.322033,17.481215],[78.322017,17.481135],[78.322072,17.481125],[78.322089,17.481204]]]},"properties":{"id":"3c11da0a56b5","height":null,"num_floors":null,"render_height_m":6.4,"height_label":"assumed"}},{"type":"Feature","geometry":{"type":"Polygon","coordinates":[[[78.322153,17.481351],[78.322063,17.481359],[78.322058,17.481314],[78.322148,17.481305],[78.322153,17.481351]]]},"properties":{"id":"c9b5fa0a04d7","height":null,"num_floors":null,"render_height_m":6.4,"height_label":"assumed"}},{"type":"Feature","geometry":{"type":"Polygon","coordinates":[[[78.322171,17.481426],[78.32207,17.481438],[78.322062,17.481373],[78.322162,17.481361],[78.322171,17.481426]]]},"properties":{"id":"7d20abeab44a","height":null,"num_floors":null,"render_height_m":6.4,"height_label":"assumed"}},{"type":"Feature","geometry":{"type":"Polygon","coordinates":[[[78.322183,17.481525],[78.32209,17.481534],[78.32208,17.481448],[78.322174,17.481439],[78.322183,17.481525]]]},"properties":{"id":"08dd100be457","height":null,"num_floors":null,"render_height_m":9.6,"height_label":"assumed"}},{"type":"Feature","geometry":{"type":"Polygon","coordinates":[[[78.322306,17.481517],[78.322192,17.481532],[78.322182,17.481468],[78.322297,17.481453],[78.322306,17.481517]]]},"properties":{"id":"ab47233065d7","height":null,"num_floors":null,"render_height_m":9.6,"height_label":"assumed"}},{"type":"Feature","geometry":{"type":"Polygon","coordinates":[[[78.3223,17.481442],[78.322188,17.481457],[78.322175,17.481369],[78.322288,17.481354],[78.3223,17.481442]]]},"properties":{"id":"a95a311c616a","height":null,"num_floors":null,"render_height_m":9.6,"height_label":"assumed"}},{"type":"Feature","geometry":{"type":"Polygon","coordinates":[[[78.322262,17.481327],[78.322196,17.481336],[78.322189,17.481291],[78.322256,17.481282],[78.322262,17.481327]]]},"properties":{"id":"6ecf26cb6a31","height":null,"num_floors":null,"render_height_m":6.4,"height_label":"assumed"}},{"type":"Feature","geometry":{"type":"Polygon","coordinates":[[[78.322327,17.481398],[78.322312,17.481336],[78.32238,17.481321],[78.322395,17.481383],[78.322327,17.481398]]]},"properties":{"id":"ba2da3893f01","height":null,"num_floors":null,"render_height_m":6.4,"height_label":"assumed"}},{"type":"Feature","geometry":{"type":"Polygon","coordinates":[[[78.322391,17.481455],[78.322369,17.481399],[78.322446,17.481371],[78.322468,17.481428],[78.322391,17.481455]]]},"properties":{"id":"0b776258a3f8","height":null,"num_floors":null,"render_height_m":6.4,"height_label":"assumed"}},{"type":"Feature","geometry":{"type":"Polygon","coordinates":[[[78.322555,17.481536],[78.322491,17.481547],[78.32247,17.481436],[78.322535,17.481425],[78.322555,17.481536]]]},"properties":{"id":"2e4b03da9733","height":null,"num_floors":null,"render_height_m":9.6,"height_label":"assumed"}},{"type":"Feature","geometry":{"type":"Polygon","coordinates":[[[78.322468,17.481524],[78.322354,17.48154],[78.322342,17.481465],[78.322456,17.481449],[78.322468,17.481524]]]},"properties":{"id":"130d4fe7df8e","height":null,"num_floors":null,"render_height_m":9.6,"height_label":"assumed"}},{"type":"Feature","geometry":{"type":"Polygon","coordinates":[[[78.322337,17.481592],[78.322264,17.481599],[78.322258,17.481549],[78.322332,17.481541],[78.322337,17.481592]]]},"properties":{"id":"d1b9cb3f71f3","height":null,"num_floors":null,"render_height_m":6.4,"height_label":"assumed"}},{"type":"Feature","geometry":{"type":"Polygon","coordinates":[[[78.322324,17.481725],[78.322244,17.481712],[78.322252,17.481666],[78.322333,17.481679],[78.322324,17.481725]]]},"properties":{"id":"d81c42ce4edb","height":null,"num_floors":null,"render_height_m":6.4,"height_label":"assumed"}},{"type":"Feature","geometry":{"type":"Polygon","coordinates":[[[78.322424,17.481795],[78.322344,17.481785],[78.322367,17.481628],[78.322447,17.481638],[78.322424,17.481795]]]},"properties":{"id":"01a56f3c9e2a","height":null,"num_floors":null,"render_height_m":9.6,"height_label":"assumed"}},{"type":"Feature","geometry":{"type":"Polygon","coordinates":[[[78.322555,17.481628],[78.322491,17.481638],[78.322479,17.481569],[78.322543,17.481559],[78.322555,17.481628]]]},"properties":{"id":"0d9d02f3ba5c","height":null,"num_floors":null,"render_height_m":6.4,"height_label":"assumed"}},{"type":"Feature","geometry":{"type":"Polygon","coordinates":[[[78.322511,17.481843],[78.322429,17.481834],[78.322442,17.481714],[78.322524,17.481723],[78.322511,17.481843]]]},"properties":{"id":"57f3fd408d6d","height":null,"num_floors":null,"render_height_m":9.6,"height_label":"assumed"}},{"type":"Feature","geometry":{"type":"Polygon","coordinates":[[[78.322569,17.481827],[78.322522,17.481826],[78.322525,17.481746],[78.322572,17.481748],[78.322569,17.481827]]]},"properties":{"id":"7c01ddc3c237","height":null,"num_floors":null,"render_height_m":6.4,"height_label":"assumed"}},{"type":"Feature","geometry":{"type":"Polygon","coordinates":[[[78.322524,17.4819],[78.32252,17.481839],[78.322597,17.481834],[78.322602,17.481895],[78.322524,17.4819]]]},"properties":{"id":"351c9e1042df","height":null,"num_floors":null,"render_height_m":6.4,"height_label":"assumed"}},{"type":"Feature","geometry":{"type":"Polygon","coordinates":[[[78.322252,17.481858],[78.32219,17.48186],[78.322188,17.481809],[78.32225,17.481807],[78.322252,17.481858]]]},"properties":{"id":"50ced2514803","height":null,"num_floors":null,"render_height_m":6.4,"height_label":"assumed"}},{"type":"Feature","geometry":{"type":"Polygon","coordinates":[[[78.322172,17.481582],[78.322169,17.48165],[78.32212,17.481647],[78.322124,17.481579],[78.322172,17.481582]]]},"properties":{"id":"f5eb4104901f","height":null,"num_floors":null,"render_height_m":6.4,"height_label":"assumed"}},{"type":"Feature","geometry":{"type":"Polygon","coordinates":[[[78.322061,17.481935],[78.321914,17.481954],[78.321902,17.481868],[78.322049,17.481849],[78.322061,17.481935]]]},"properties":{"id":"eb46e38e47bd","height":null,"num_floors":null,"render_height_m":9.6,"height_label":"assumed"}},{"type":"Feature","geometry":{"type":"Polygon","coordinates":[[[78.322074,17.482048],[78.321929,17.482067],[78.321915,17.481968],[78.32206,17.48195],[78.322074,17.482048]]]},"properties":{"id":"8204badf1380","height":null,"num_floors":null,"render_height_m":9.6,"height_label":"assumed"}},{"type":"Feature","geometry":{"type":"Polygon","coordinates":[[[78.322244,17.482033],[78.322137,17.482047],[78.322123,17.481948],[78.32223,17.481934],[78.322244,17.482033]]]},"properties":{"id":"3af9e8497f29","height":null,"num_floors":null,"render_height_m":9.6,"height_label":"assumed"}},{"type":"Feature","geometry":{"type":"Polygon","coordinates":[[[78.32204,17.482384],[78.321963,17.482394],[78.321946,17.482272],[78.322023,17.482262],[78.32204,17.482384]]]},"properties":{"id":"5716cbd223b6","height":null,"num_floors":null,"render_height_m":9.6,"height_label":"assumed"}},{"type":"Feature","geometry":{"type":"Polygon","coordinates":[[[78.322302,17.482325],[78.322193,17.482339],[78.322179,17.482242],[78.322288,17.482228],[78.322302,17.482325]]]},"properties":{"id":"46020cb2d900","height":null,"num_floors":null,"render_height_m":9.6,"height_label":"assumed"}},{"type":"Feature","geometry":{"type":"Polygon","coordinates":[[[78.322282,17.482217],[78.322166,17.482232],[78.322153,17.482141],[78.322269,17.482126],[78.322282,17.482217]]]},"properties":{"id":"104c5a3e7c2b","height":null,"num_floors":null,"render_height_m":9.6,"height_label":"assumed"}},{"type":"Feature","geometry":{"type":"Polygon","coordinates":[[[78.322458,17.482322],[78.322369,17.482334],[78.322348,17.482189],[78.322437,17.482178],[78.322458,17.482322]]]},"properties":{"id":"4c6faa15b012","height":null,"num_floors":null,"render_height_m":9.6,"height_label":"assumed"}},{"type":"Feature","geometry":{"type":"Polygon","coordinates":[[[78.322525,17.482491],[78.32241,17.482506],[78.322395,17.482399],[78.322509,17.482384],[78.322525,17.482491]]]},"properties":{"id":"9a4cb6f8fd3b","height":null,"num_floors":null,"render_height_m":9.6,"height_label":"assumed"}},{"type":"Feature","geometry":{"type":"Polygon","coordinates":[[[78.322628,17.482318],[78.322548,17.482329],[78.322537,17.482245],[78.322616,17.482235],[78.322628,17.482318]]]},"properties":{"id":"6dd507f68913","height":null,"num_floors":null,"render_height_m":6.4,"height_label":"assumed"}},{"type":"Feature","geometry":{"type":"Polygon","coordinates":[[[78.322537,17.482303],[78.322473,17.482312],[78.322456,17.482192],[78.32252,17.482183],[78.322537,17.482303]]]},"properties":{"id":"d2d3b2f121ac","height":null,"num_floors":null,"render_height_m":9.6,"height_label":"assumed"}},{"type":"Feature","geometry":{"type":"Polygon","coordinates":[[[78.322586,17.48222],[78.322533,17.482227],[78.32252,17.482132],[78.322573,17.482125],[78.322586,17.48222]]]},"properties":{"id":"5b999f7416c4","height":null,"num_floors":null,"render_height_m":6.4,"height_label":"assumed"}},{"type":"Feature","geometry":{"type":"Polygon","coordinates":[[[78.322517,17.482161],[78.322452,17.482169],[78.322437,17.482062],[78.322502,17.482053],[78.322517,17.482161]]]},"properties":{"id":"e8ede9ac9da0","height":null,"num_floors":null,"render_height_m":9.6,"height_label":"assumed"}},{"type":"Feature","geometry":{"type":"Polygon","coordinates":[[[78.322437,17.482159],[78.322338,17.482172],[78.322317,17.482027],[78.322417,17.482014],[78.322437,17.482159]]]},"properties":{"id":"b48d91e803b8","height":null,"num_floors":null,"render_height_m":9.6,"height_label":"assumed"}},{"type":"Feature","geometry":{"type":"Polygon","coordinates":[[[78.322352,17.48193],[78.322269,17.481912],[78.322287,17.481839],[78.322369,17.481857],[78.322352,17.48193]]]},"properties":{"id":"4a455b676a89","height":null,"num_floors":null,"render_height_m":6.4,"height_label":"assumed"}},{"type":"Feature","geometry":{"type":"Polygon","coordinates":[[[78.3224,17.482013],[78.322344,17.482],[78.322375,17.481882],[78.322431,17.481895],[78.3224,17.482013]]]},"properties":{"id":"9464083b6afe","height":null,"num_floors":null,"render_height_m":9.6,"height_label":"assumed"}},{"type":"Feature","geometry":{"type":"Polygon","coordinates":[[[78.322515,17.48204],[78.322437,17.482041],[78.322436,17.481937],[78.322514,17.481936],[78.322515,17.48204]]]},"properties":{"id":"733e1a236b25","height":null,"num_floors":null,"render_height_m":9.6,"height_label":"assumed"}},{"type":"Feature","geometry":{"type":"Polygon","coordinates":[[[78.322713,17.481939],[78.322623,17.481946],[78.322614,17.481838],[78.322704,17.481831],[78.322713,17.481939]]]},"properties":{"id":"aefcf6bc210f","height":null,"num_floors":null,"render_height_m":9.6,"height_label":"assumed"}},{"type":"Feature","geometry":{"type":"Polygon","coordinates":[[[78.322817,17.481942],[78.322743,17.481953],[78.322732,17.481888],[78.322807,17.481877],[78.322817,17.481942]]]},"properties":{"id":"6ce7436a7425","height":null,"num_floors":null,"render_height_m":6.4,"height_label":"assumed"}},{"type":"Feature","geometry":{"type":"Polygon","coordinates":[[[78.322868,17.482178],[78.322794,17.482187],[78.322775,17.482022],[78.322848,17.482014],[78.322868,17.482178]]]},"properties":{"id":"271e64de7ddd","height":null,"num_floors":null,"render_height_m":9.6,"height_label":"assumed"}},{"type":"Feature","geometry":{"type":"Polygon","coordinates":[[[78.322768,17.48213],[78.322679,17.482132],[78.322676,17.482012],[78.322765,17.48201],[78.322768,17.48213]]]},"properties":{"id":"0d50c96a530b","height":null,"num_floors":null,"render_height_m":9.6,"height_label":"assumed"}},{"type":"Feature","geometry":{"type":"Polygon","coordinates":[[[78.322655,17.482104],[78.322537,17.482112],[78.322528,17.481999],[78.322646,17.481991],[78.322655,17.482104]]]},"properties":{"id":"90222d13c911","height":null,"num_floors":null,"render_height_m":9.6,"height_label":"assumed"}},{"type":"Feature","geometry":{"type":"Polygon","coordinates":[[[78.322673,17.482213],[78.322597,17.482222],[78.322583,17.482122],[78.322659,17.482112],[78.322673,17.482213]]]},"properties":{"id":"cea483d76f08","height":null,"num_floors":null,"render_height_m":9.6,"height_label":"assumed"}},{"type":"Feature","geometry":{"type":"Polygon","coordinates":[[[78.322764,17.482198],[78.322678,17.482199],[78.322678,17.482143],[78.322764,17.482142],[78.322764,17.482198]]]},"properties":{"id":"5d006dfd41ae","height":null,"num_floors":null,"render_height_m":6.4,"height_label":"assumed"}},{"type":"Feature","geometry":{"type":"Polygon","coordinates":[[[78.322722,17.48231],[78.322643,17.482321],[78.322631,17.482239],[78.32271,17.482229],[78.322722,17.48231]]]},"properties":{"id":"84e570c88fc2","height":null,"num_floors":null,"render_height_m":6.4,"height_label":"assumed"}},{"type":"Feature","geometry":{"type":"Polygon","coordinates":[[[78.322801,17.482445],[78.322634,17.482486],[78.322612,17.482403],[78.322779,17.482362],[78.322801,17.482445]]]},"properties":{"id":"86e77b8352f0","height":null,"num_floors":null,"render_height_m":9.6,"height_label":"assumed"}},{"type":"Feature","geometry":{"type":"Polygon","coordinates":[[[78.3228,17.482261],[78.322725,17.482271],[78.322716,17.482211],[78.322791,17.482201],[78.3228,17.482261]]]},"properties":{"id":"f9c5d7e64af9","height":null,"num_floors":null,"render_height_m":6.4,"height_label":"assumed"}},{"type":"Feature","geometry":{"type":"Polygon","coordinates":[[[78.322977,17.482294],[78.322862,17.482331],[78.322823,17.48222],[78.322937,17.482183],[78.322977,17.482294]]]},"properties":{"id":"991ddb39c20c","height":null,"num_floors":null,"render_height_m":9.6,"height_label":"assumed"}},{"type":"Feature","geometry":{"type":"Polygon","coordinates":[[[78.323047,17.482376],[78.322997,17.482395],[78.322985,17.482367],[78.323035,17.482347],[78.323047,17.482376]]]},"properties":{"id":"4e149e57b0b6","height":null,"num_floors":null,"render_height_m":6.4,"height_label":"assumed"}},{"type":"Feature","geometry":{"type":"Polygon","coordinates":[[[78.323019,17.482338],[78.322971,17.482364],[78.322947,17.482325],[78.322995,17.482299],[78.323019,17.482338]]]},"properties":{"id":"09cddb3d3d11","height":null,"num_floors":null,"render_height_m":6.4,"height_label":"assumed"}},{"type":"Feature","geometry":{"type":"Polygon","coordinates":[[[78.323069,17.482233],[78.323114,17.482301],[78.323081,17.482321],[78.323036,17.482253],[78.323069,17.482233]]]},"properties":{"id":"6c6c7c4cbc97","height":null,"num_floors":null,"render_height_m":6.4,"height_label":"assumed"}},{"type":"Feature","geometry":{"type":"Polygon","coordinates":[[[78.323082,17.482221],[78.323032,17.482244],[78.323004,17.48219],[78.323054,17.482167],[78.323082,17.482221]]]},"properties":{"id":"97f5630f68df","height":null,"num_floors":null,"render_height_m":6.4,"height_label":"assumed"}},{"type":"Feature","geometry":{"type":"Polygon","coordinates":[[[78.323162,17.482188],[78.323087,17.482208],[78.323073,17.482159],[78.323147,17.482139],[78.323162,17.482188]]]},"properties":{"id":"f52f860c11e1","height":null,"num_floors":null,"render_height_m":6.4,"height_label":"assumed"}},{"type":"Feature","geometry":{"type":"Polygon","coordinates":[[[78.323109,17.482278],[78.323088,17.482215],[78.323157,17.482194],[78.323178,17.482257],[78.323109,17.482278]]]},"properties":{"id":"22431bfc5c2b","height":null,"num_floors":null,"render_height_m":6.4,"height_label":"assumed"}},{"type":"Feature","geometry":{"type":"Polygon","coordinates":[[[78.32322,17.482093],[78.323156,17.482108],[78.323136,17.482031],[78.3232,17.482016],[78.32322,17.482093]]]},"properties":{"id":"01e1ad7a36e3","height":null,"num_floors":null,"render_height_m":6.4,"height_label":"assumed"}},{"type":"Feature","geometry":{"type":"Polygon","coordinates":[[[78.323153,17.482132],[78.323066,17.482155],[78.323045,17.48208],[78.323131,17.482057],[78.323153,17.482132]]]},"properties":{"id":"6eecbaa2aed4","height":null,"num_floors":null,"render_height_m":9.6,"height_label":"assumed"}},{"type":"Feature","geometry":{"type":"Polygon","coordinates":[[[78.323057,17.482157],[78.322986,17.482181],[78.322959,17.482111],[78.32303,17.482086],[78.323057,17.482157]]]},"properties":{"id":"543051308a60","height":null,"num_floors":null,"render_height_m":6.4,"height_label":"assumed"}},{"type":"Feature","geometry":{"type":"Polygon","coordinates":[[[78.322958,17.48196],[78.322979,17.482068],[78.322904,17.48208],[78.322884,17.481973],[78.322958,17.48196]]]},"properties":{"id":"f8526e757363","height":null,"num_floors":null,"render_height_m":9.6,"height_label":"assumed"}},{"type":"Feature","geometry":{"type":"Polygon","coordinates":[[[78.323036,17.482075],[78.322993,17.482081],[78.322973,17.481957],[78.323016,17.48195],[78.323036,17.482075]]]},"properties":{"id":"c286f517983a","height":null,"num_floors":null,"render_height_m":6.4,"height_label":"assumed"}},{"type":"Feature","geometry":{"type":"Polygon","coordinates":[[[78.323123,17.482033],[78.323062,17.48204],[78.323049,17.481935],[78.32311,17.481928],[78.323123,17.482033]]]},"properties":{"id":"ac8d3d61af59","height":null,"num_floors":null,"render_height_m":6.4,"height_label":"assumed"}},{"type":"Feature","geometry":{"type":"Polygon","coordinates":[[[78.323193,17.48201],[78.323131,17.482015],[78.323123,17.481937],[78.323185,17.481931],[78.323193,17.48201]]]},"properties":{"id":"f994bf4e488e","height":null,"num_floors":null,"render_height_m":6.4,"height_label":"assumed"}},{"type":"Feature","geometry":{"type":"Polygon","coordinates":[[[78.323205,17.481867],[78.323142,17.481866],[78.323143,17.481804],[78.323206,17.481805],[78.323205,17.481867]]]},"properties":{"id":"cea32164f49c","height":null,"num_floors":null,"render_height_m":6.4,"height_label":"assumed"}},{"type":"Feature","geometry":{"type":"Polygon","coordinates":[[[78.323137,17.481787],[78.323071,17.481804],[78.323048,17.481725],[78.323115,17.481708],[78.323137,17.481787]]]},"properties":{"id":"99876e3ea50b","height":null,"num_floors":null,"render_height_m":6.4,"height_label":"assumed"}},{"type":"Feature","geometry":{"type":"Polygon","coordinates":[[[78.323209,17.481796],[78.323143,17.481797],[78.323142,17.481726],[78.323208,17.481725],[78.323209,17.481796]]]},"properties":{"id":"97230f8ddeba","height":null,"num_floors":null,"render_height_m":6.4,"height_label":"assumed"}},{"type":"Feature","geometry":{"type":"Polygon","coordinates":[[[78.323191,17.481686],[78.323123,17.481691],[78.323117,17.481625],[78.323186,17.481619],[78.323191,17.481686]]]},"properties":{"id":"4b23d9bc3905","height":null,"num_floors":null,"render_height_m":6.4,"height_label":"assumed"}},{"type":"Feature","geometry":{"type":"Polygon","coordinates":[[[78.323105,17.481701],[78.322995,17.481728],[78.322975,17.481655],[78.323086,17.481628],[78.323105,17.481701]]]},"properties":{"id":"84142195be82","height":null,"num_floors":null,"render_height_m":9.6,"height_label":"assumed"}},{"type":"Feature","geometry":{"type":"Polygon","coordinates":[[[78.322956,17.481679],[78.322898,17.481687],[78.322888,17.481622],[78.322946,17.481614],[78.322956,17.481679]]]},"properties":{"id":"0830e07bb808","height":null,"num_floors":null,"render_height_m":6.4,"height_label":"assumed"}},{"type":"Feature","geometry":{"type":"Polygon","coordinates":[[[78.322988,17.481868],[78.322934,17.481875],[78.322912,17.481711],[78.322966,17.481704],[78.322988,17.481868]]]},"properties":{"id":"c9be4ee1082a","height":null,"num_floors":null,"render_height_m":9.6,"height_label":"assumed"}},{"type":"Feature","geometry":{"type":"Polygon","coordinates":[[[78.323069,17.481857],[78.323007,17.481863],[78.323001,17.481806],[78.323063,17.4818],[78.323069,17.481857]]]},"properties":{"id":"f6101e37c666","height":null,"num_floors":null,"render_height_m":6.4,"height_label":"assumed"}},{"type":"Feature","geometry":{"type":"Polygon","coordinates":[[[78.322914,17.481892],[78.322834,17.481904],[78.322817,17.481799],[78.322896,17.481786],[78.322914,17.481892]]]},"properties":{"id":"b27f81dd5c04","height":null,"num_floors":null,"render_height_m":9.6,"height_label":"assumed"}},{"type":"Feature","geometry":{"type":"Polygon","coordinates":[[[78.32291,17.48177],[78.322817,17.481788],[78.322799,17.481699],[78.322892,17.481682],[78.32291,17.48177]]]},"properties":{"id":"d9494c80cf1e","height":null,"num_floors":null,"render_height_m":9.6,"height_label":"assumed"}},{"type":"Feature","geometry":{"type":"Polygon","coordinates":[[[78.322789,17.481767],[78.322709,17.481779],[78.322695,17.481698],[78.322775,17.481686],[78.322789,17.481767]]]},"properties":{"id":"236d1e94530c","height":null,"num_floors":null,"render_height_m":6.4,"height_label":"assumed"}},{"type":"Feature","geometry":{"type":"Polygon","coordinates":[[[78.322812,17.481863],[78.322727,17.481876],[78.322713,17.481788],[78.322798,17.481776],[78.322812,17.481863]]]},"properties":{"id":"7c73a8fd26cd","height":null,"num_floors":null,"render_height_m":9.6,"height_label":"assumed"}},{"type":"Feature","geometry":{"type":"Polygon","coordinates":[[[78.322692,17.48181],[78.322591,17.481824],[78.322577,17.481733],[78.322678,17.481719],[78.322692,17.48181]]]},"properties":{"id":"fcee46264a83","height":null,"num_floors":null,"render_height_m":9.6,"height_label":"assumed"}},{"type":"Feature","geometry":{"type":"Polygon","coordinates":[[[78.322665,17.481711],[78.322538,17.481729],[78.322526,17.481647],[78.322652,17.481629],[78.322665,17.481711]]]},"properties":{"id":"8f9e6eaf0a77","height":null,"num_floors":null,"render_height_m":9.6,"height_label":"assumed"}},{"type":"Feature","geometry":{"type":"Polygon","coordinates":[[[78.322762,17.48168],[78.322687,17.481688],[78.322673,17.481569],[78.322748,17.481561],[78.322762,17.48168]]]},"properties":{"id":"0cf4ae8eddea","height":null,"num_floors":null,"render_height_m":9.6,"height_label":"assumed"}},{"type":"Feature","geometry":{"type":"Polygon","coordinates":[[[78.322888,17.481677],[78.322792,17.481689],[78.322785,17.48164],[78.322881,17.481627],[78.322888,17.481677]]]},"properties":{"id":"b7f9f942f082","height":null,"num_floors":null,"render_height_m":6.4,"height_label":"assumed"}},{"type":"Feature","geometry":{"type":"Polygon","coordinates":[[[78.322903,17.481606],[78.322829,17.481606],[78.322829,17.481378],[78.322903,17.481378],[78.322903,17.481606]]]},"properties":{"id":"0d0571966d0e","height":null,"num_floors":null,"render_height_m":9.6,"height_label":"assumed"}},{"type":"Feature","geometry":{"type":"Polygon","coordinates":[[[78.322816,17.481377],[78.322822,17.481513],[78.322774,17.481515],[78.322771,17.481436],[78.322753,17.481437],[78.322751,17.481379],[78.322816,17.481377]]]},"properties":{"id":"d239abeff6a0","height":null,"num_floors":null,"render_height_m":9.6,"height_label":"assumed"}},{"type":"Feature","geometry":{"type":"Polygon","coordinates":[[[78.322824,17.481608],[78.322775,17.481613],[78.322764,17.481526],[78.322813,17.481521],[78.322824,17.481608]]]},"properties":{"id":"8af7c05b4f0f","height":null,"num_floors":null,"render_height_m":6.4,"height_label":"assumed"}},{"type":"Feature","geometry":{"type":"Polygon","coordinates":[[[78.32264,17.481611],[78.322566,17.481626],[78.32255,17.481552],[78.322624,17.481538],[78.32264,17.481611]]]},"properties":{"id":"a3c738b1e06c","height":null,"num_floors":null,"render_height_m":6.4,"height_label":"assumed"}},{"type":"Feature","geometry":{"type":"Polygon","coordinates":[[[78.322756,17.481523],[78.322654,17.481531],[78.322648,17.481467],[78.32275,17.481459],[78.322756,17.481523]]]},"properties":{"id":"e1e86c1eb9c1","height":null,"num_floors":null,"render_height_m":6.4,"height_label":"assumed"}},{"type":"Feature","geometry":{"type":"Polygon","coordinates":[[[78.322651,17.48139],[78.322554,17.481394],[78.32255,17.481285],[78.322647,17.481282],[78.322651,17.48139]]]},"properties":{"id":"d2e07e74c96b","height":null,"num_floors":null,"render_height_m":9.6,"height_label":"assumed"}},{"type":"Feature","geometry":{"type":"Polygon","coordinates":[[[78.32274,17.48145],[78.32266,17.48145],[78.322658,17.481283],[78.322739,17.481282],[78.32274,17.48145]]]},"properties":{"id":"b67af106cea3","height":null,"num_floors":null,"render_height_m":9.6,"height_label":"assumed"}},{"type":"Feature","geometry":{"type":"Polygon","coordinates":[[[78.322897,17.481368],[78.32275,17.48137],[78.322749,17.481292],[78.322896,17.48129],[78.322897,17.481368]]]},"properties":{"id":"62c0f352c199","height":null,"num_floors":null,"render_height_m":9.6,"height_label":"assumed"}},{"type":"Feature","geometry":{"type":"Polygon","coordinates":[[[78.322988,17.48146],[78.322906,17.481458],[78.32291,17.481295],[78.322993,17.481297],[78.322988,17.48146]]]},"properties":{"id":"2bbc0ec3fb34","height":null,"num_floors":null,"render_height_m":9.6,"height_label":"assumed"}},{"type":"Feature","geometry":{"type":"Polygon","coordinates":[[[78.323099,17.481568],[78.322971,17.481528],[78.322999,17.481445],[78.323127,17.481484],[78.323099,17.481568]]]},"properties":{"id":"c9af35cd3fc7","height":null,"num_floors":null,"render_height_m":9.6,"height_label":"assumed"}},{"type":"Feature","geometry":{"type":"Polygon","coordinates":[[[78.323196,17.481548],[78.323129,17.48151],[78.323186,17.481418],[78.323254,17.481457],[78.323196,17.481548]]]},"properties":{"id":"e6c8056000f0","height":null,"num_floors":null,"render_height_m":9.6,"height_label":"assumed"}},{"type":"Feature","geometry":{"type":"Polygon","coordinates":[[[78.323126,17.481475],[78.323003,17.481417],[78.323047,17.48133],[78.32317,17.481388],[78.323126,17.481475]]]},"properties":{"id":"88d68b940c43","height":null,"num_floors":null,"render_height_m":9.6,"height_label":"assumed"}},{"type":"Feature","geometry":{"type":"Polygon","coordinates":[[[78.323321,17.481362],[78.323269,17.481408],[78.32319,17.481327],[78.323243,17.481281],[78.323321,17.481362]]]},"properties":{"id":"ac0a0bfd3f60","height":null,"num_floors":null,"render_height_m":9.6,"height_label":"assumed"}},{"type":"Feature","geometry":{"type":"Polygon","coordinates":[[[78.323273,17.481654],[78.323183,17.481592],[78.323273,17.481471],[78.323364,17.481533],[78.323273,17.481654]]]},"properties":{"id":"a73ba1fad5be","height":null,"num_floors":null,"render_height_m":9.6,"height_label":"assumed"}},{"type":"Feature","geometry":{"type":"Polygon","coordinates":[[[78.323471,17.481529],[78.323401,17.481499],[78.323441,17.481412],[78.323511,17.481442],[78.323471,17.481529]]]},"properties":{"id":"616e2d063351","height":null,"num_floors":null,"render_height_m":9.6,"height_label":"assumed"}},{"type":"Feature","geometry":{"type":"Polygon","coordinates":[[[78.323389,17.481478],[78.323314,17.481442],[78.323352,17.48137],[78.323427,17.481406],[78.323389,17.481478]]]},"properties":{"id":"90b0e3857f72","height":null,"num_floors":null,"render_height_m":6.4,"height_label":"assumed"}},{"type":"Feature","geometry":{"type":"Polygon","coordinates":[[[78.323512,17.481389],[78.323466,17.48141],[78.32343,17.481337],[78.323476,17.481316],[78.323512,17.481389]]]},"properties":{"id":"98861cb2eb26","height":null,"num_floors":null,"render_height_m":6.4,"height_label":"assumed"}},{"type":"Feature","geometry":{"type":"Polygon","coordinates":[[[78.323583,17.481386],[78.32353,17.481405],[78.323493,17.481314],[78.323546,17.481295],[78.323583,17.481386]]]},"properties":{"id":"9b70c0640d5c","height":null,"num_floors":null,"render_height_m":6.4,"height_label":"assumed"}},{"type":"Feature","geometry":{"type":"Polygon","coordinates":[[[78.323591,17.481471],[78.323511,17.48146],[78.323519,17.481413],[78.323598,17.481424],[78.323591,17.481471]]]},"properties":{"id":"a4a8b5e5c6ab","height":null,"num_floors":null,"render_height_m":6.4,"height_label":"assumed"}},{"type":"Feature","geometry":{"type":"Polygon","coordinates":[[[78.323637,17.481385],[78.32359,17.481399],[78.323559,17.481307],[78.323606,17.481292],[78.323637,17.481385]]]},"properties":{"id":"e6453c0fc3d1","height":null,"num_floors":null,"render_height_m":6.4,"height_label":"assumed"}},{"type":"Feature","geometry":{"type":"Polygon","coordinates":[[[78.323706,17.481406],[78.323659,17.48142],[78.323627,17.481319],[78.323675,17.481305],[78.323706,17.481406]]]},"properties":{"id":"c08aa9ac06f4","height":null,"num_floors":null,"render_height_m":6.4,"height_label":"assumed"}},{"type":"Feature","geometry":{"type":"Polygon","coordinates":[[[78.323788,17.481439],[78.323746,17.481458],[78.323716,17.481398],[78.323758,17.481379],[78.323788,17.481439]]]},"properties":{"id":"c18641f4d202","height":null,"num_floors":null,"render_height_m":6.4,"height_label":"assumed"}},{"type":"Feature","geometry":{"type":"Polygon","coordinates":[[[78.32368,17.481472],[78.323663,17.48143],[78.323706,17.481414],[78.323723,17.481457],[78.32368,17.481472]]]},"properties":{"id":"79cd98f15d9d","height":null,"num_floors":null,"render_height_m":6.4,"height_label":"assumed"}},{"type":"Feature","geometry":{"type":"Polygon","coordinates":[[[78.323573,17.481543],[78.3235,17.48153],[78.323511,17.481471],[78.323584,17.481484],[78.323573,17.481543]]]},"properties":{"id":"6a008615d1da","height":null,"num_floors":null,"render_height_m":6.4,"height_label":"assumed"}},{"type":"Feature","geometry":{"type":"Polygon","coordinates":[[[78.323497,17.481562],[78.32353,17.481571],[78.323519,17.481607],[78.323486,17.481599],[78.323497,17.481562]]]},"properties":{"id":"b569264449e6","height":null,"num_floors":null,"render_height_m":6.4,"height_label":"assumed"}},{"type":"Feature","geometry":{"type":"Polygon","coordinates":[[[78.323611,17.481704],[78.323519,17.48171],[78.323513,17.481619],[78.323604,17.481614],[78.323611,17.481704]]]},"properties":{"id":"3dcfd5b14665","height":null,"num_floors":null,"render_height_m":9.6,"height_label":"assumed"}},{"type":"Feature","geometry":{"type":"Polygon","coordinates":[[[78.323766,17.481699],[78.323679,17.481701],[78.323674,17.481563],[78.323762,17.481561],[78.323766,17.481699]]]},"properties":{"id":"dd6c47e75380","height":null,"num_floors":null,"render_height_m":9.6,"height_label":"assumed"}},{"type":"Feature","geometry":{"type":"Polygon","coordinates":[[[78.323794,17.48185],[78.323708,17.481865],[78.323693,17.481792],[78.32378,17.481776],[78.323794,17.48185]]]},"properties":{"id":"59d25add27ed","height":null,"num_floors":null,"render_height_m":6.4,"height_label":"assumed"}},{"type":"Feature","geometry":{"type":"Polygon","coordinates":[[[78.323626,17.481794],[78.323567,17.481796],[78.323565,17.481716],[78.323623,17.481714],[78.323626,17.481794]]]},"properties":{"id":"084b34af5398","height":null,"num_floors":null,"render_height_m":6.4,"height_label":"assumed"}},{"type":"Feature","geometry":{"type":"Polygon","coordinates":[[[78.323565,17.481829],[78.323505,17.481832],[78.323499,17.481722],[78.323559,17.48172],[78.323565,17.481829]]]},"properties":{"id":"826dd36d465e","height":null,"num_floors":null,"render_height_m":6.4,"height_label":"assumed"}},{"type":"Feature","geometry":{"type":"Polygon","coordinates":[[[78.323397,17.481853],[78.323325,17.481858],[78.323318,17.481738],[78.323389,17.481734],[78.323397,17.481853]]]},"properties":{"id":"7707dfdb08df","height":null,"num_floors":null,"render_height_m":9.6,"height_label":"assumed"}},{"type":"Feature","geometry":{"type":"Polygon","coordinates":[[[78.323493,17.481812],[78.323407,17.48182],[78.323398,17.481734],[78.323484,17.481726],[78.323493,17.481812]]]},"properties":{"id":"e338e669cbda","height":null,"num_floors":null,"render_height_m":9.6,"height_label":"assumed"}},{"type":"Feature","geometry":{"type":"Polygon","coordinates":[[[78.323507,17.481708],[78.323416,17.481708],[78.323416,17.481658],[78.323441,17.481658],[78.323441,17.481612],[78.323507,17.481612],[78.323507,17.481708]]]},"properties":{"id":"7b9c6ae042a0","height":null,"num_floors":null,"render_height_m":9.6,"height_label":"assumed"}},{"type":"Feature","geometry":{"type":"Polygon","coordinates":[[[78.323402,17.481648],[78.323333,17.481604],[78.323373,17.481546],[78.323442,17.481589],[78.323402,17.481648]]]},"properties":{"id":"c7fb9e6cf85f","height":null,"num_floors":null,"render_height_m":6.4,"height_label":"assumed"}},{"type":"Feature","geometry":{"type":"Polygon","coordinates":[[[78.323306,17.481864],[78.323233,17.481864],[78.323232,17.481756],[78.323306,17.481756],[78.323306,17.481864]]]},"properties":{"id":"4184dacc0d0e","height":null,"num_floors":null,"render_height_m":9.6,"height_label":"assumed"}},{"type":"Feature","geometry":{"type":"Polygon","coordinates":[[[78.323287,17.481979],[78.323207,17.48199],[78.323197,17.481925],[78.323277,17.481913],[78.323287,17.481979]]]},"properties":{"id":"7ebef84080ec","height":null,"num_floors":null,"render_height_m":6.4,"height_label":"assumed"}},{"type":"Feature","geometry":{"type":"Polygon","coordinates":[[[78.323449,17.481986],[78.323403,17.481987],[78.323401,17.481904],[78.323447,17.481903],[78.323449,17.481986]]]},"properties":{"id":"cb16de34d8c3","height":null,"num_floors":null,"render_height_m":6.4,"height_label":"assumed"}},{"type":"Feature","geometry":{"type":"Polygon","coordinates":[[[78.323389,17.481988],[78.323334,17.481986],[78.323338,17.481912],[78.323392,17.481914],[78.323389,17.481988]]]},"properties":{"id":"38fbfb2e9520","height":null,"num_floors":null,"render_height_m":6.4,"height_label":"assumed"}},{"type":"Feature","geometry":{"type":"Polygon","coordinates":[[[78.32334,17.482059],[78.323341,17.482],[78.323454,17.482001],[78.323453,17.48206],[78.32334,17.482059]]]},"properties":{"id":"58479c047630","height":null,"num_floors":null,"render_height_m":6.4,"height_label":"assumed"}},{"type":"Feature","geometry":{"type":"Polygon","coordinates":[[[78.323388,17.482146],[78.323346,17.482126],[78.323376,17.482068],[78.323418,17.482087],[78.323388,17.482146]]]},"properties":{"id":"8e03bbda2aa6","height":null,"num_floors":null,"render_height_m":6.4,"height_label":"assumed"}},{"type":"Feature","geometry":{"type":"Polygon","coordinates":[[[78.323296,17.48205],[78.323218,17.482063],[78.323207,17.481999],[78.323284,17.481986],[78.323296,17.48205]]]},"properties":{"id":"dde6cf53333f","height":null,"num_floors":null,"render_height_m":6.4,"height_label":"assumed"}},{"type":"Feature","geometry":{"type":"Polygon","coordinates":[[[78.323243,17.482164],[78.323182,17.48218],[78.32317,17.482136],[78.32323,17.48212],[78.323243,17.482164]]]},"properties":{"id":"404acbfdc748","height":null,"num_floors":null,"render_height_m":6.4,"height_label":"assumed"}},{"type":"Feature","geometry":{"type":"Polygon","coordinates":[[[78.323326,17.482215],[78.323271,17.482187],[78.323308,17.482123],[78.323363,17.482152],[78.323326,17.482215]]]},"properties":{"id":"1491c6900ad5","height":null,"num_floors":null,"render_height_m":6.4,"height_label":"assumed"}},{"type":"Feature","geometry":{"type":"Polygon","coordinates":[[[78.323313,17.482224],[78.323393,17.482232],[78.323388,17.482273],[78.323309,17.482265],[78.323313,17.482224]]]},"properties":{"id":"095a27cad64c","height":null,"num_floors":null,"render_height_m":6.4,"height_label":"assumed"}},{"type":"Feature","geometry":{"type":"Polygon","coordinates":[[[78.323246,17.48237],[78.323192,17.482372],[78.32319,17.482334],[78.323244,17.482332],[78.323246,17.48237]]]},"properties":{"id":"11244da3afaa","height":null,"num_floors":null,"render_height_m":6.4,"height_label":"assumed"}},{"type":"Feature","geometry":{"type":"Polygon","coordinates":[[[78.323298,17.482443],[78.323247,17.482444],[78.323245,17.482375],[78.323296,17.482374],[78.323298,17.482443]]]},"properties":{"id":"2a3154cd7a52","height":null,"num_floors":null,"render_height_m":6.4,"height_label":"assumed"}},{"type":"Feature","geometry":{"type":"Polygon","coordinates":[[[78.323354,17.482487],[78.323303,17.482483],[78.323313,17.482375],[78.323364,17.48238],[78.323354,17.482487]]]},"properties":{"id":"7b1adbf6ed9a","height":null,"num_floors":null,"render_height_m":6.4,"height_label":"assumed"}},{"type":"Feature","geometry":{"type":"Polygon","coordinates":[[[78.323425,17.482409],[78.323383,17.48241],[78.323382,17.482357],[78.323424,17.482356],[78.323425,17.482409]]]},"properties":{"id":"07f8fcfb1717","height":null,"num_floors":null,"render_height_m":6.4,"height_label":"assumed"}},{"type":"Feature","geometry":{"type":"Polygon","coordinates":[[[78.32351,17.482455],[78.323472,17.482468],[78.323431,17.482356],[78.323469,17.482343],[78.32351,17.482455]]]},"properties":{"id":"d6d06ff9537e","height":null,"num_floors":null,"render_height_m":6.4,"height_label":"assumed"}},{"type":"Feature","geometry":{"type":"Polygon","coordinates":[[[78.323484,17.482329],[78.323442,17.48233],[78.323438,17.482221],[78.323513,17.482218],[78.323516,17.482315],[78.323484,17.482315],[78.323484,17.482329]]]},"properties":{"id":"22c2d953a696","height":null,"num_floors":null,"render_height_m":9.6,"height_label":"assumed"}},{"type":"Feature","geometry":{"type":"Polygon","coordinates":[[[78.323388,17.482202],[78.32339,17.482161],[78.323469,17.482163],[78.323468,17.482204],[78.323388,17.482202]]]},"properties":{"id":"0adb1b782a48","height":null,"num_floors":null,"render_height_m":6.4,"height_label":"assumed"}},{"type":"Feature","geometry":{"type":"Polygon","coordinates":[[[78.323602,17.482193],[78.323481,17.482202],[78.323478,17.482161],[78.323598,17.482152],[78.323602,17.482193]]]},"properties":{"id":"0001d5b4d41f","height":null,"num_floors":null,"render_height_m":6.4,"height_label":"assumed"}},{"type":"Feature","geometry":{"type":"Polygon","coordinates":[[[78.323599,17.482243],[78.323524,17.482244],[78.323523,17.482204],[78.323656,17.482201],[78.323657,17.482262],[78.323599,17.482263],[78.323599,17.482243]]]},"properties":{"id":"75adb2ace2e1","height":null,"num_floors":null,"render_height_m":6.4,"height_label":"assumed"}},{"type":"Feature","geometry":{"type":"Polygon","coordinates":[[[78.323602,17.482333],[78.323558,17.482347],[78.323531,17.482269],[78.323575,17.482256],[78.323602,17.482333]]]},"properties":{"id":"74e52b1299a0","height":null,"num_floors":null,"render_height_m":6.4,"height_label":"assumed"}},{"type":"Feature","geometry":{"type":"Polygon","coordinates":[[[78.323561,17.482388],[78.323507,17.48241],[78.323476,17.48234],[78.323529,17.482318],[78.323561,17.482388]]]},"properties":{"id":"abff7dd9dbcb","height":null,"num_floors":null,"render_height_m":6.4,"height_label":"assumed"}},{"type":"Feature","geometry":{"type":"Polygon","coordinates":[[[78.323534,17.482466],[78.32351,17.482417],[78.323559,17.482395],[78.323583,17.482444],[78.323534,17.482466]]]},"properties":{"id":"0dd61f4de4d1","height":null,"num_floors":null,"render_height_m":6.4,"height_label":"assumed"}},{"type":"Feature","geometry":{"type":"Polygon","coordinates":[[[78.323624,17.482424],[78.323589,17.482435],[78.323564,17.482365],[78.323599,17.482353],[78.323624,17.482424]]]},"properties":{"id":"e5e34df5f6ac","height":null,"num_floors":null,"render_height_m":6.4,"height_label":"assumed"}},{"type":"Feature","geometry":{"type":"Polygon","coordinates":[[[78.323692,17.482397],[78.323636,17.482414],[78.323598,17.482302],[78.323654,17.482285],[78.323692,17.482397]]]},"properties":{"id":"9cdbf19ee6a7","height":null,"num_floors":null,"render_height_m":9.6,"height_label":"assumed"}},{"type":"Feature","geometry":{"type":"Polygon","coordinates":[[[78.323843,17.482423],[78.323768,17.482436],[78.323759,17.482384],[78.323834,17.482371],[78.323843,17.482423]]]},"properties":{"id":"5809ebdfcc58","height":null,"num_floors":null,"render_height_m":6.4,"height_label":"assumed"}},{"type":"Feature","geometry":{"type":"Polygon","coordinates":[[[78.323796,17.482333],[78.323711,17.482361],[78.323695,17.482316],[78.32378,17.482288],[78.323796,17.482333]]]},"properties":{"id":"6e37b6d32398","height":null,"num_floors":null,"render_height_m":6.4,"height_label":"assumed"}},{"type":"Feature","geometry":{"type":"Polygon","coordinates":[[[78.323747,17.482294],[78.323694,17.482298],[78.32369,17.482246],[78.323743,17.482242],[78.323747,17.482294]]]},"properties":{"id":"a96305e90d25","height":null,"num_floors":null,"render_height_m":6.4,"height_label":"assumed"}},{"type":"Feature","geometry":{"type":"Polygon","coordinates":[[[78.323623,17.482199],[78.323621,17.482152],[78.323712,17.482149],[78.323713,17.482196],[78.323623,17.482199]]]},"properties":{"id":"8857dc4b7a27","height":null,"num_floors":null,"render_height_m":6.4,"height_label":"assumed"}},{"type":"Feature","geometry":{"type":"Polygon","coordinates":[[[78.323857,17.482199],[78.32378,17.482224],[78.323745,17.482126],[78.323823,17.482101],[78.323857,17.482199]]]},"properties":{"id":"c41a47e7cc27","height":null,"num_floors":null,"render_height_m":9.6,"height_label":"assumed"}},{"type":"Feature","geometry":{"type":"Polygon","coordinates":[[[78.32378,17.482058],[78.323728,17.482074],[78.323708,17.482013],[78.32376,17.481997],[78.32378,17.482058]]]},"properties":{"id":"2a6f6eacb783","height":null,"num_floors":null,"render_height_m":6.4,"height_label":"assumed"}},{"type":"Feature","geometry":{"type":"Polygon","coordinates":[[[78.323806,17.482097],[78.323741,17.482118],[78.323728,17.482083],[78.323793,17.482061],[78.323806,17.482097]]]},"properties":{"id":"7d2700f02f3d","height":null,"num_floors":null,"render_height_m":6.4,"height_label":"assumed"}},{"type":"Feature","geometry":{"type":"Polygon","coordinates":[[[78.323709,17.482143],[78.323617,17.482144],[78.323616,17.482065],[78.323708,17.482064],[78.323709,17.482143]]]},"properties":{"id":"10058edee462","height":null,"num_floors":null,"render_height_m":9.6,"height_label":"assumed"}},{"type":"Feature","geometry":{"type":"Polygon","coordinates":[[[78.323566,17.482135],[78.323481,17.482135],[78.32348,17.482072],[78.323566,17.482071],[78.323566,17.482135]]]},"properties":{"id":"d288ef7f1363","height":null,"num_floors":null,"render_height_m":6.4,"height_label":"assumed"}},{"type":"Feature","geometry":{"type":"Polygon","coordinates":[[[78.323594,17.482059],[78.32351,17.482065],[78.323503,17.481986],[78.323588,17.48198],[78.323594,17.482059]]]},"properties":{"id":"7eb04fc42c17","height":null,"num_floors":null,"render_height_m":6.4,"height_label":"assumed"}},{"type":"Feature","geometry":{"type":"Polygon","coordinates":[[[78.323676,17.482037],[78.323601,17.482042],[78.323595,17.481973],[78.32367,17.481967],[78.323676,17.482037]]]},"properties":{"id":"4ce625c68e42","height":null,"num_floors":null,"render_height_m":6.4,"height_label":"assumed"}},{"type":"Feature","geometry":{"type":"Polygon","coordinates":[[[78.323543,17.481974],[78.323464,17.481978],[78.323459,17.481898],[78.323538,17.481894],[78.323543,17.481974]]]},"properties":{"id":"948bd47ef478","height":null,"num_floors":null,"render_height_m":6.4,"height_label":"assumed"}},{"type":"Feature","geometry":{"type":"Polygon","coordinates":[[[78.323659,17.481959],[78.323593,17.481966],[78.323582,17.481878],[78.323649,17.481871],[78.323659,17.481959]]]},"properties":{"id":"60ac1c9c5e26","height":null,"num_floors":null,"render_height_m":6.4,"height_label":"assumed"}},{"type":"Feature","geometry":{"type":"Polygon","coordinates":[[[78.323706,17.482003],[78.323696,17.481964],[78.32383,17.481932],[78.32384,17.481971],[78.323706,17.482003]]]},"properties":{"id":"fb2f36597536","height":null,"num_floors":null,"render_height_m":6.4,"height_label":"assumed"}},{"type":"Feature","geometry":{"type":"Polygon","coordinates":[[[78.323814,17.481921],[78.32369,17.481951],[78.323672,17.481885],[78.323796,17.481855],[78.323814,17.481921]]]},"properties":{"id":"84d6acd71fdc","height":null,"num_floors":null,"render_height_m":9.6,"height_label":"assumed"}},{"type":"Feature","geometry":{"type":"Polygon","coordinates":[[[78.323885,17.481924],[78.323943,17.481911],[78.323974,17.482037],[78.323916,17.48205],[78.323885,17.481924]]]},"properties":{"id":"a5303cd66352","height":null,"num_floors":null,"render_height_m":9.6,"height_label":"assumed"}},{"type":"Feature","geometry":{"type":"Polygon","coordinates":[[[78.323928,17.481852],[78.323969,17.481842],[78.323983,17.481902],[78.323943,17.481911],[78.323928,17.481852]]]},"properties":{"id":"ce703b067343","height":null,"num_floors":null,"render_height_m":6.4,"height_label":"assumed"}},{"type":"Feature","geometry":{"type":"Polygon","coordinates":[[[78.324179,17.482202],[78.324025,17.482226],[78.324,17.482076],[78.324153,17.482052],[78.324179,17.482202]]]},"properties":{"id":"579870ea62e1","height":null,"num_floors":null,"render_height_m":12.8,"height_label":"assumed"}},{"type":"Feature","geometry":{"type":"Polygon","coordinates":[[[78.323991,17.482078],[78.324006,17.48222],[78.323927,17.482228],[78.323912,17.482086],[78.323991,17.482078]]]},"properties":{"id":"2bb7ed2a6382","height":null,"num_floors":null,"render_height_m":9.6,"height_label":"assumed"}},{"type":"Feature","geometry":{"type":"Polygon","coordinates":[[[78.323855,17.482043],[78.323911,17.482031],[78.323921,17.482071],[78.323866,17.482084],[78.323855,17.482043]]]},"properties":{"id":"48afa34add70","height":null,"num_floors":null,"render_height_m":6.4,"height_label":"assumed"}},{"type":"Feature","geometry":{"type":"Polygon","coordinates":[[[78.323911,17.482254],[78.323867,17.482258],[78.323861,17.482197],[78.323905,17.482193],[78.323911,17.482254]]]},"properties":{"id":"85af2495b1c2","height":null,"num_floors":null,"render_height_m":6.4,"height_label":"assumed"}},{"type":"Feature","geometry":{"type":"Polygon","coordinates":[[[78.323853,17.48226],[78.323799,17.482275],[78.323787,17.482233],[78.323841,17.482219],[78.323853,17.48226]]]},"properties":{"id":"4f9f9955253a","height":null,"num_floors":null,"render_height_m":6.4,"height_label":"assumed"}},{"type":"Feature","geometry":{"type":"Polygon","coordinates":[[[78.323996,17.482418],[78.323958,17.48243],[78.323923,17.482321],[78.323961,17.482309],[78.323996,17.482418]]]},"properties":{"id":"8ea370249594","height":null,"num_floors":null,"render_height_m":6.4,"height_label":"assumed"}},{"type":"Feature","geometry":{"type":"Polygon","coordinates":[[[78.324173,17.481753],[78.324127,17.48177],[78.324104,17.481713],[78.324149,17.481695],[78.324173,17.481753]]]},"properties":{"id":"cf649480a90d","height":null,"num_floors":null,"render_height_m":6.4,"height_label":"assumed"}},{"type":"Feature","geometry":{"type":"Polygon","coordinates":[[[78.324093,17.481712],[78.324118,17.481777],[78.324076,17.481792],[78.324051,17.481727],[78.324093,17.481712]]]},"properties":{"id":"a1bc11f97bb4","height":null,"num_floors":null,"render_height_m":6.4,"height_label":"assumed"}},{"type":"Feature","geometry":{"type":"Polygon","coordinates":[[[78.32393,17.481893],[78.323833,17.481909],[78.323807,17.48177],[78.323904,17.481753],[78.32393,17.481893]]]},"properties":{"id":"772a8d6d6945","height":null,"num_floors":null,"render_height_m":9.6,"height_label":"assumed"}},{"type":"Feature","geometry":{"type":"Polygon","coordinates":[[[78.323863,17.481683],[78.323782,17.481687],[78.323775,17.481563],[78.323856,17.481559],[78.323863,17.481683]]]},"properties":{"id":"bebf8d9ecc78","height":null,"num_floors":null,"render_height_m":9.6,"height_label":"assumed"}},{"type":"Feature","geometry":{"type":"Polygon","coordinates":[[[78.323881,17.481662],[78.323875,17.481565],[78.324016,17.481557],[78.324023,17.481653],[78.323881,17.481662]]]},"properties":{"id":"249fad9784bf","height":null,"num_floors":null,"render_height_m":9.6,"height_label":"assumed"}},{"type":"Feature","geometry":{"type":"Polygon","coordinates":[[[78.324039,17.481623],[78.324024,17.48157],[78.324071,17.481558],[78.324086,17.481612],[78.324039,17.481623]]]},"properties":{"id":"00fb2bd6bd1d","height":null,"num_floors":null,"render_height_m":6.4,"height_label":"assumed"}},{"type":"Feature","geometry":{"type":"Polygon","coordinates":[[[78.324075,17.481549],[78.324028,17.481559],[78.324012,17.481495],[78.32406,17.481485],[78.324075,17.481549]]]},"properties":{"id":"9bbd2435e1a9","height":null,"num_floors":null,"render_height_m":6.4,"height_label":"assumed"}},{"type":"Feature","geometry":{"type":"Polygon","coordinates":[[[78.323846,17.481549],[78.323771,17.481552],[78.323768,17.481484],[78.323843,17.481481],[78.323846,17.481549]]]},"properties":{"id":"7512f6194158","height":null,"num_floors":null,"render_height_m":6.4,"height_label":"assumed"}},{"type":"Feature","geometry":{"type":"Polygon","coordinates":[[[78.323982,17.481545],[78.323863,17.481547],[78.32386,17.481407],[78.323979,17.481405],[78.323982,17.481545]]]},"properties":{"id":"b1d6ced90dd7","height":null,"num_floors":null,"render_height_m":9.6,"height_label":"assumed"}},{"type":"Feature","geometry":{"type":"Polygon","coordinates":[[[78.323806,17.481401],[78.323802,17.481319],[78.323845,17.481318],[78.323848,17.481399],[78.323806,17.481401]]]},"properties":{"id":"a2ad242fa5b1","height":null,"num_floors":null,"render_height_m":6.4,"height_label":"assumed"}},{"type":"Feature","geometry":{"type":"Polygon","coordinates":[[[78.323934,17.481395],[78.323883,17.4814],[78.323874,17.481318],[78.323924,17.481313],[78.323934,17.481395]]]},"properties":{"id":"2ed49fb97879","height":null,"num_floors":null,"render_height_m":6.4,"height_label":"assumed"}},{"type":"Feature","geometry":{"type":"Polygon","coordinates":[[[78.323994,17.481385],[78.323942,17.481393],[78.323927,17.481301],[78.323979,17.481293],[78.323994,17.481385]]]},"properties":{"id":"3220d5820ab7","height":null,"num_floors":null,"render_height_m":6.4,"height_label":"assumed"}},{"type":"Feature","geometry":{"type":"Polygon","coordinates":[[[78.324008,17.481476],[78.323993,17.4814],[78.324071,17.481385],[78.324086,17.481461],[78.324008,17.481476]]]},"properties":{"id":"c961985914b1","height":null,"num_floors":null,"render_height_m":6.4,"height_label":"assumed"}},{"type":"Feature","geometry":{"type":"Polygon","coordinates":[[[78.324067,17.481376],[78.324012,17.481381],[78.324003,17.48129],[78.324057,17.481285],[78.324067,17.481376]]]},"properties":{"id":"0df4dda3ad97","height":null,"num_floors":null,"render_height_m":6.4,"height_label":"assumed"}},{"type":"Feature","geometry":{"type":"Polygon","coordinates":[[[78.324191,17.481414],[78.324088,17.48142],[78.32408,17.481302],[78.324183,17.481296],[78.324191,17.481414]]]},"properties":{"id":"2cc59577872c","height":null,"num_floors":null,"render_height_m":9.6,"height_label":"assumed"}},{"type":"Feature","geometry":{"type":"Polygon","coordinates":[[[78.324155,17.481561],[78.324095,17.481576],[78.324069,17.481482],[78.324129,17.481467],[78.324155,17.481561]]]},"properties":{"id":"6e070071e588","height":null,"num_floors":null,"render_height_m":6.4,"height_label":"assumed"}},{"type":"Feature","geometry":{"type":"Polygon","coordinates":[[[78.32414,17.480984],[78.324061,17.48101],[78.32405,17.480981],[78.32413,17.480955],[78.32414,17.480984]]]},"properties":{"id":"e5b3d88604b9","height":null,"num_floors":null,"render_height_m":6.4,"height_label":"assumed"}},{"type":"Feature","geometry":{"type":"Polygon","coordinates":[[[78.324035,17.481002],[78.323968,17.481026],[78.323939,17.480954],[78.324005,17.48093],[78.324035,17.481002]]]},"properties":{"id":"ba416b0238a6","height":null,"num_floors":null,"render_height_m":6.4,"height_label":"assumed"}},{"type":"Feature","geometry":{"type":"Polygon","coordinates":[[[78.324134,17.480947],[78.324047,17.480974],[78.324028,17.480919],[78.324116,17.480892],[78.324134,17.480947]]]},"properties":{"id":"9d7504bfc710","height":null,"num_floors":null,"render_height_m":6.4,"height_label":"assumed"}},{"type":"Feature","geometry":{"type":"Polygon","coordinates":[[[78.324108,17.480843],[78.324048,17.480857],[78.324031,17.480788],[78.324091,17.480774],[78.324108,17.480843]]]},"properties":{"id":"f82113862645","height":null,"num_floors":null,"render_height_m":6.4,"height_label":"assumed"}},{"type":"Feature","geometry":{"type":"Polygon","coordinates":[[[78.324094,17.480768],[78.324032,17.480784],[78.324017,17.480733],[78.324079,17.480717],[78.324094,17.480768]]]},"properties":{"id":"58bbd81c3b9c","height":null,"num_floors":null,"render_height_m":6.4,"height_label":"assumed"}},{"type":"Feature","geometry":{"type":"Polygon","coordinates":[[[78.324028,17.48086],[78.323962,17.480876],[78.323934,17.480768],[78.324001,17.480753],[78.324028,17.48086]]]},"properties":{"id":"054fa5a369fb","height":null,"num_floors":null,"render_height_m":9.6,"height_label":"assumed"}},{"type":"Feature","geometry":{"type":"Polygon","coordinates":[[[78.323858,17.480905],[78.323824,17.480805],[78.323903,17.48078],[78.323937,17.48088],[78.323858,17.480905]]]},"properties":{"id":"b0701cc2e3d4","height":null,"num_floors":null,"render_height_m":9.6,"height_label":"assumed"}},{"type":"Feature","geometry":{"type":"Polygon","coordinates":[[[78.323968,17.480693],[78.323985,17.480753],[78.323923,17.48077],[78.323905,17.48071],[78.323968,17.480693]]]},"properties":{"id":"342e6a3b6b4c","height":null,"num_floors":null,"render_height_m":6.4,"height_label":"assumed"}},{"type":"Feature","geometry":{"type":"Polygon","coordinates":[[[78.323945,17.481003],[78.323879,17.481026],[78.323857,17.480966],[78.323924,17.480944],[78.323945,17.481003]]]},"properties":{"id":"6d558443aaf4","height":null,"num_floors":null,"render_height_m":6.4,"height_label":"assumed"}},{"type":"Feature","geometry":{"type":"Polygon","coordinates":[[[78.323855,17.481129],[78.323775,17.481145],[78.32376,17.481078],[78.323841,17.481062],[78.323855,17.481129]]]},"properties":{"id":"d9a8a3f33329","height":null,"num_floors":null,"render_height_m":6.4,"height_label":"assumed"}},{"type":"Feature","geometry":{"type":"Polygon","coordinates":[[[78.323989,17.48112],[78.323915,17.481139],[78.323884,17.481033],[78.323958,17.481013],[78.323989,17.48112]]]},"properties":{"id":"f469c1550aeb","height":null,"num_floors":null,"render_height_m":9.6,"height_label":"assumed"}},{"type":"Feature","geometry":{"type":"Polygon","coordinates":[[[78.324156,17.481027],[78.324071,17.481053],[78.324057,17.481014],[78.324143,17.480988],[78.324156,17.481027]]]},"properties":{"id":"550212d95e23","height":null,"num_floors":null,"render_height_m":6.4,"height_label":"assumed"}},{"type":"Feature","geometry":{"type":"Polygon","coordinates":[[[78.324058,17.481213],[78.323971,17.481215],[78.323968,17.481137],[78.324055,17.481134],[78.324058,17.481213]]]},"properties":{"id":"a3dfea0f4d15","height":null,"num_floors":null,"render_height_m":6.4,"height_label":"assumed"}},{"type":"Feature","geometry":{"type":"Polygon","coordinates":[[[78.324141,17.481236],[78.324063,17.481236],[78.324063,17.481163],[78.32414,17.481163],[78.324141,17.481236]]]},"properties":{"id":"8c6a7fe6e311","height":null,"num_floors":null,"render_height_m":6.4,"height_label":"assumed"}},{"type":"Feature","geometry":{"type":"Polygon","coordinates":[[[78.323966,17.481234],[78.32389,17.481243],[78.32388,17.48116],[78.323956,17.481152],[78.323966,17.481234]]]},"properties":{"id":"ab1991839001","height":null,"num_floors":null,"render_height_m":6.4,"height_label":"assumed"}},{"type":"Feature","geometry":{"type":"Polygon","coordinates":[[[78.323866,17.481191],[78.32379,17.481192],[78.323788,17.481147],[78.323865,17.481145],[78.323866,17.481191]]]},"properties":{"id":"f2a5628e35da","height":null,"num_floors":null,"render_height_m":6.4,"height_label":"assumed"}},{"type":"Feature","geometry":{"type":"Polygon","coordinates":[[[78.323836,17.481204],[78.323846,17.481244],[78.323801,17.481254],[78.323791,17.481215],[78.323836,17.481204]]]},"properties":{"id":"b95104e214a4","height":null,"num_floors":null,"render_height_m":6.4,"height_label":"assumed"}},{"type":"Feature","geometry":{"type":"Polygon","coordinates":[[[78.323785,17.481252],[78.323741,17.481254],[78.323736,17.481173],[78.323781,17.481171],[78.323785,17.481252]]]},"properties":{"id":"94b949fd5506","height":null,"num_floors":null,"render_height_m":6.4,"height_label":"assumed"}},{"type":"Feature","geometry":{"type":"Polygon","coordinates":[[[78.323773,17.481154],[78.32373,17.481163],[78.323714,17.481094],[78.323758,17.481085],[78.323773,17.481154]]]},"properties":{"id":"8482156b3157","height":null,"num_floors":null,"render_height_m":6.4,"height_label":"assumed"}},{"type":"Feature","geometry":{"type":"Polygon","coordinates":[[[78.323718,17.481171],[78.323662,17.481182],[78.32365,17.481123],[78.323705,17.481113],[78.323718,17.481171]]]},"properties":{"id":"f8084538ac3c","height":null,"num_floors":null,"render_height_m":6.4,"height_label":"assumed"}},{"type":"Feature","geometry":{"type":"Polygon","coordinates":[[[78.323637,17.481118],[78.323532,17.481145],[78.323509,17.481064],[78.323613,17.481037],[78.323637,17.481118]]]},"properties":{"id":"c33d1f415638","height":null,"num_floors":null,"render_height_m":9.6,"height_label":"assumed"}},{"type":"Feature","geometry":{"type":"Polygon","coordinates":[[[78.32364,17.481186],[78.323556,17.4812],[78.323547,17.481153],[78.323632,17.481138],[78.32364,17.481186]]]},"properties":{"id":"135b0fa2a508","height":null,"num_floors":null,"render_height_m":6.4,"height_label":"assumed"}},{"type":"Feature","geometry":{"type":"Polygon","coordinates":[[[78.323656,17.481255],[78.323604,17.481264],[78.323593,17.4812],[78.323645,17.481192],[78.323656,17.481255]]]},"properties":{"id":"d19914134494","height":null,"num_floors":null,"render_height_m":6.4,"height_label":"assumed"}},{"type":"Feature","geometry":{"type":"Polygon","coordinates":[[[78.323551,17.481269],[78.323482,17.481288],[78.323459,17.481207],[78.323528,17.481188],[78.323551,17.481269]]]},"properties":{"id":"ec9be473bd57","height":null,"num_floors":null,"render_height_m":6.4,"height_label":"assumed"}},{"type":"Feature","geometry":{"type":"Polygon","coordinates":[[[78.323365,17.481163],[78.32345,17.481154],[78.32346,17.481237],[78.323376,17.481247],[78.323365,17.481163]]]},"properties":{"id":"242dcb833b64","height":null,"num_floors":null,"render_height_m":9.6,"height_label":"assumed"}},{"type":"Feature","geometry":{"type":"Polygon","coordinates":[[[78.323461,17.481275],[78.323333,17.481328],[78.323312,17.481306],[78.32344,17.48124],[78.323461,17.481275]]]},"properties":{"id":"e8082898c35c","height":null,"num_floors":null,"render_height_m":6.4,"height_label":"assumed"}},{"type":"Feature","geometry":{"type":"Polygon","coordinates":[[[78.323354,17.481278],[78.323285,17.481312],[78.323246,17.48124],[78.323318,17.481207],[78.323354,17.481278]]]},"properties":{"id":"c31353de05fa","height":null,"num_floors":null,"render_height_m":6.4,"height_label":"assumed"}},{"type":"Feature","geometry":{"type":"Polygon","coordinates":[[[78.323325,17.481198],[78.323288,17.481215],[78.323257,17.481154],[78.323295,17.481137],[78.323325,17.481198]]]},"properties":{"id":"00ad72c780f3","height":null,"num_floors":null,"render_height_m":6.4,"height_label":"assumed"}},{"type":"Feature","geometry":{"type":"Polygon","coordinates":[[[78.323274,17.481146],[78.323199,17.481147],[78.323197,17.481085],[78.323272,17.481083],[78.323274,17.481146]]]},"properties":{"id":"69bbd26cbfbf","height":null,"num_floors":null,"render_height_m":6.4,"height_label":"assumed"}},{"type":"Feature","geometry":{"type":"Polygon","coordinates":[[[78.32343,17.481106],[78.32333,17.48112],[78.32332,17.481058],[78.32342,17.481044],[78.32343,17.481106]]]},"properties":{"id":"989fcf7b4d85","height":null,"num_floors":null,"render_height_m":6.4,"height_label":"assumed"}},{"type":"Feature","geometry":{"type":"Polygon","coordinates":[[[78.323518,17.481178],[78.323458,17.48119],[78.323429,17.481061],[78.323489,17.481048],[78.323518,17.481178]]]},"properties":{"id":"d9a9ab6cab71","height":null,"num_floors":null,"render_height_m":9.6,"height_label":"assumed"}},{"type":"Feature","geometry":{"type":"Polygon","coordinates":[[[78.323513,17.480933],[78.323465,17.480952],[78.323445,17.480905],[78.323492,17.480886],[78.323513,17.480933]]]},"properties":{"id":"ca53422321b4","height":null,"num_floors":null,"render_height_m":6.4,"height_label":"assumed"}},{"type":"Feature","geometry":{"type":"Polygon","coordinates":[[[78.323321,17.480949],[78.323293,17.480858],[78.323389,17.480831],[78.323417,17.480923],[78.323321,17.480949]]]},"properties":{"id":"981398319f9d","height":null,"num_floors":null,"render_height_m":9.6,"height_label":"assumed"}},{"type":"Feature","geometry":{"type":"Polygon","coordinates":[[[78.323327,17.481005],[78.323247,17.481019],[78.323232,17.480941],[78.323312,17.480927],[78.323327,17.481005]]]},"properties":{"id":"2e4208841f5f","height":null,"num_floors":null,"render_height_m":6.4,"height_label":"assumed"}},{"type":"Feature","geometry":{"type":"Polygon","coordinates":[[[78.323301,17.48091],[78.32323,17.480932],[78.323211,17.480876],[78.323282,17.480854],[78.323301,17.48091]]]},"properties":{"id":"9769d704cf00","height":null,"num_floors":null,"render_height_m":6.4,"height_label":"assumed"}},{"type":"Feature","geometry":{"type":"Polygon","coordinates":[[[78.323372,17.480819],[78.323304,17.480838],[78.32329,17.480789],[78.323357,17.480771],[78.323372,17.480819]]]},"properties":{"id":"2ddefd7eee15","height":null,"num_floors":null,"render_height_m":6.4,"height_label":"assumed"}},{"type":"Feature","geometry":{"type":"Polygon","coordinates":[[[78.323294,17.48084],[78.323225,17.48086],[78.32319,17.480753],[78.323259,17.480733],[78.323294,17.48084]]]},"properties":{"id":"1552f9a997f3","height":null,"num_floors":null,"render_height_m":9.6,"height_label":"assumed"}},{"type":"Feature","geometry":{"type":"Polygon","coordinates":[[[78.32336,17.480754],[78.323283,17.480775],[78.323269,17.480725],[78.323345,17.480704],[78.32336,17.480754]]]},"properties":{"id":"4fcbc917736e","height":null,"num_floors":null,"render_height_m":6.4,"height_label":"assumed"}},{"type":"Feature","geometry":{"type":"Polygon","coordinates":[[[78.323428,17.480795],[78.323389,17.480806],[78.323365,17.480728],[78.323404,17.480717],[78.323428,17.480795]]]},"properties":{"id":"0a740652512e","height":null,"num_floors":null,"render_height_m":6.4,"height_label":"assumed"}},{"type":"Feature","geometry":{"type":"Polygon","coordinates":[[[78.323492,17.480877],[78.323436,17.480895],[78.323409,17.480819],[78.323466,17.480801],[78.323492,17.480877]]]},"properties":{"id":"a09de3c42b3a","height":null,"num_floors":null,"render_height_m":6.4,"height_label":"assumed"}},{"type":"Feature","geometry":{"type":"Polygon","coordinates":[[[78.323545,17.480817],[78.323497,17.480834],[78.323474,17.480772],[78.323522,17.480756],[78.323545,17.480817]]]},"properties":{"id":"808bdbab9fc5","height":null,"num_floors":null,"render_height_m":6.4,"height_label":"assumed"}},{"type":"Feature","geometry":{"type":"Polygon","coordinates":[[[78.323618,17.480791],[78.323554,17.480811],[78.323532,17.480745],[78.323596,17.480725],[78.323618,17.480791]]]},"properties":{"id":"2b5533ac94cb","height":null,"num_floors":null,"render_height_m":6.4,"height_label":"assumed"}},{"type":"Feature","geometry":{"type":"Polygon","coordinates":[[[78.323663,17.480856],[78.323589,17.480884],[78.323564,17.480822],[78.323637,17.480794],[78.323663,17.480856]]]},"properties":{"id":"e34f76301adc","height":null,"num_floors":null,"render_height_m":6.4,"height_label":"assumed"}},{"type":"Feature","geometry":{"type":"Polygon","coordinates":[[[78.32358,17.480888],[78.323523,17.480906],[78.3235,17.480842],[78.323557,17.480824],[78.32358,17.480888]]]},"properties":{"id":"01611d95ef9c","height":null,"num_floors":null,"render_height_m":6.4,"height_label":"assumed"}},{"type":"Feature","geometry":{"type":"Polygon","coordinates":[[[78.323621,17.480995],[78.323559,17.481013],[78.32353,17.480919],[78.323592,17.480902],[78.323621,17.480995]]]},"properties":{"id":"adfc25503ab5","height":null,"num_floors":null,"render_height_m":6.4,"height_label":"assumed"}},{"type":"Feature","geometry":{"type":"Polygon","coordinates":[[[78.323692,17.480946],[78.323629,17.480972],[78.323595,17.480896],[78.323658,17.48087],[78.323692,17.480946]]]},"properties":{"id":"a97fdaaa3fa1","height":null,"num_floors":null,"render_height_m":6.4,"height_label":"assumed"}},{"type":"Feature","geometry":{"type":"Polygon","coordinates":[[[78.323758,17.480942],[78.323711,17.48096],[78.323675,17.480875],[78.323723,17.480857],[78.323758,17.480942]]]},"properties":{"id":"8475156318d9","height":null,"num_floors":null,"render_height_m":6.4,"height_label":"assumed"}},{"type":"Feature","geometry":{"type":"Polygon","coordinates":[[[78.323793,17.480929],[78.323764,17.48094],[78.32373,17.480858],[78.32376,17.480847],[78.323793,17.480929]]]},"properties":{"id":"337fcf74b8d0","height":null,"num_floors":null,"render_height_m":6.4,"height_label":"assumed"}},{"type":"Feature","geometry":{"type":"Polygon","coordinates":[[[78.323834,17.480876],[78.323792,17.480892],[78.32377,17.480841],[78.323813,17.480825],[78.323834,17.480876]]]},"properties":{"id":"fd625a5d9697","height":null,"num_floors":null,"render_height_m":6.4,"height_label":"assumed"}},{"type":"Feature","geometry":{"type":"Polygon","coordinates":[[[78.323752,17.480839],[78.323678,17.480863],[78.323657,17.480803],[78.323731,17.480779],[78.323752,17.480839]]]},"properties":{"id":"f64022b24487","height":null,"num_floors":null,"render_height_m":6.4,"height_label":"assumed"}},{"type":"Feature","geometry":{"type":"Polygon","coordinates":[[[78.323729,17.480777],[78.323657,17.480797],[78.323644,17.480756],[78.323717,17.480736],[78.323729,17.480777]]]},"properties":{"id":"5b6b70c91a88","height":null,"num_floors":null,"render_height_m":6.4,"height_label":"assumed"}},{"type":"Feature","geometry":{"type":"Polygon","coordinates":[[[78.323803,17.480712],[78.32375,17.480725],[78.323729,17.480649],[78.323783,17.480636],[78.323803,17.480712]]]},"properties":{"id":"271d0e0f93fb","height":null,"num_floors":null,"render_height_m":6.4,"height_label":"assumed"}},{"type":"Feature","geometry":{"type":"Polygon","coordinates":[[[78.323732,17.480725],[78.323659,17.480743],[78.323641,17.480678],[78.323714,17.48066],[78.323732,17.480725]]]},"properties":{"id":"f63998c46c59","height":null,"num_floors":null,"render_height_m":6.4,"height_label":"assumed"}},{"type":"Feature","geometry":{"type":"Polygon","coordinates":[[[78.32371,17.480651],[78.323636,17.480666],[78.323616,17.480581],[78.323691,17.480565],[78.32371,17.480651]]]},"properties":{"id":"3861d86fe266","height":null,"num_floors":null,"render_height_m":6.4,"height_label":"assumed"}},{"type":"Feature","geometry":{"type":"Polygon","coordinates":[[[78.32383,17.480612],[78.323727,17.480636],[78.323707,17.480555],[78.323809,17.480531],[78.32383,17.480612]]]},"properties":{"id":"619d59e053f8","height":null,"num_floors":null,"render_height_m":9.6,"height_label":"assumed"}},{"type":"Feature","geometry":{"type":"Polygon","coordinates":[[[78.323723,17.480506],[78.323647,17.480533],[78.323616,17.480454],[78.323692,17.480427],[78.323723,17.480506]]]},"properties":{"id":"ef51b791bbd8","height":null,"num_floors":null,"render_height_m":9.6,"height_label":"assumed"}},{"type":"Feature","geometry":{"type":"Polygon","coordinates":[[[78.323593,17.48052],[78.323518,17.480541],[78.323487,17.48044],[78.323562,17.480418],[78.323593,17.48052]]]},"properties":{"id":"e26304c2c093","height":null,"num_floors":null,"render_height_m":9.6,"height_label":"assumed"}},{"type":"Feature","geometry":{"type":"Polygon","coordinates":[[[78.323628,17.480702],[78.323576,17.480715],[78.323542,17.480599],[78.323594,17.480585],[78.323628,17.480702]]]},"properties":{"id":"4a0cae4549c7","height":null,"num_floors":null,"render_height_m":6.4,"height_label":"assumed"}},{"type":"Feature","geometry":{"type":"Polygon","coordinates":[[[78.323571,17.480728],[78.323474,17.480754],[78.323437,17.480626],[78.323534,17.4806],[78.323571,17.480728]]]},"properties":{"id":"3adb476acd1a","height":null,"num_floors":null,"render_height_m":9.6,"height_label":"assumed"}},{"type":"Feature","geometry":{"type":"Polygon","coordinates":[[[78.323317,17.480638],[78.323251,17.480649],[78.323236,17.480567],[78.323302,17.480556],[78.323317,17.480638]]]},"properties":{"id":"6b6a2c47e951","height":null,"num_floors":null,"render_height_m":6.4,"height_label":"assumed"}},{"type":"Feature","geometry":{"type":"Polygon","coordinates":[[[78.323225,17.480484],[78.323217,17.480449],[78.323279,17.480436],[78.323287,17.480471],[78.323225,17.480484]]]},"properties":{"id":"65400bed2ba7","height":null,"num_floors":null,"render_height_m":6.4,"height_label":"assumed"}},{"type":"Feature","geometry":{"type":"Polygon","coordinates":[[[78.32337,17.480518],[78.323304,17.480546],[78.323282,17.480499],[78.323348,17.480471],[78.32337,17.480518]]]},"properties":{"id":"abe027623b1a","height":null,"num_floors":null,"render_height_m":6.4,"height_label":"assumed"}},{"type":"Feature","geometry":{"type":"Polygon","coordinates":[[[78.323496,17.48057],[78.323429,17.480603],[78.323359,17.48047],[78.323427,17.480438],[78.323496,17.48057]]]},"properties":{"id":"b96bc116a204","height":null,"num_floors":null,"render_height_m":9.6,"height_label":"assumed"}},{"type":"Feature","geometry":{"type":"Polygon","coordinates":[[[78.32349,17.480409],[78.323422,17.48043],[78.323398,17.480355],[78.323466,17.480335],[78.32349,17.480409]]]},"properties":{"id":"11b35e5152f1","height":null,"num_floors":null,"render_height_m":6.4,"height_label":"assumed"}},{"type":"Feature","geometry":{"type":"Polygon","coordinates":[[[78.323407,17.480434],[78.323338,17.480463],[78.323297,17.480374],[78.323366,17.480345],[78.323407,17.480434]]]},"properties":{"id":"3c1e4bfe1247","height":null,"num_floors":null,"render_height_m":9.6,"height_label":"assumed"}},{"type":"Feature","geometry":{"type":"Polygon","coordinates":[[[78.323286,17.480427],[78.323217,17.48044],[78.323206,17.480387],[78.323275,17.480374],[78.323286,17.480427]]]},"properties":{"id":"843c7d8e9874","height":null,"num_floors":null,"render_height_m":6.4,"height_label":"assumed"}},{"type":"Feature","geometry":{"type":"Polygon","coordinates":[[[78.32326,17.480368],[78.323199,17.480382],[78.323189,17.480342],[78.32325,17.480327],[78.32326,17.480368]]]},"properties":{"id":"64803fd4f624","height":null,"num_floors":null,"render_height_m":6.4,"height_label":"assumed"}},{"type":"Feature","geometry":{"type":"Polygon","coordinates":[[[78.323359,17.480334],[78.323277,17.480352],[78.323252,17.480254],[78.323335,17.480236],[78.323359,17.480334]]]},"properties":{"id":"5dad0e9b8f93","height":null,"num_floors":null,"render_height_m":9.6,"height_label":"assumed"}},{"type":"Feature","geometry":{"type":"Polygon","coordinates":[[[78.323256,17.480321],[78.323185,17.480337],[78.32316,17.480238],[78.323231,17.480222],[78.323256,17.480321]]]},"properties":{"id":"86091485f1ec","height":null,"num_floors":null,"render_height_m":9.6,"height_label":"assumed"}},{"type":"Feature","geometry":{"type":"Polygon","coordinates":[[[78.323227,17.480194],[78.323216,17.480137],[78.323294,17.480123],[78.323306,17.480179],[78.323227,17.480194]]]},"properties":{"id":"44d722e5dd9e","height":null,"num_floors":null,"render_height_m":6.4,"height_label":"assumed"}},{"type":"Feature","geometry":{"type":"Polygon","coordinates":[[[78.323364,17.480186],[78.323393,17.480179],[78.323404,17.480222],[78.323375,17.480229],[78.323364,17.480186]]]},"properties":{"id":"3b5f7d3ee129","height":null,"num_floors":null,"render_height_m":6.4,"height_label":"assumed"}},{"type":"Feature","geometry":{"type":"Polygon","coordinates":[[[78.323368,17.480255],[78.323396,17.480253],[78.3234,17.480301],[78.323371,17.480303],[78.323368,17.480255]]]},"properties":{"id":"f47e457c86ca","height":null,"num_floors":null,"render_height_m":6.4,"height_label":"assumed"}},{"type":"Feature","geometry":{"type":"Polygon","coordinates":[[[78.323539,17.48031],[78.323476,17.480328],[78.323456,17.480266],[78.323519,17.480247],[78.323539,17.48031]]]},"properties":{"id":"ae4dd0c9f2b3","height":null,"num_floors":null,"render_height_m":6.4,"height_label":"assumed"}},{"type":"Feature","geometry":{"type":"Polygon","coordinates":[[[78.323643,17.480257],[78.323586,17.480276],[78.323552,17.480186],[78.323609,17.480166],[78.323643,17.480257]]]},"properties":{"id":"2df0bf861369","height":null,"num_floors":null,"render_height_m":6.4,"height_label":"assumed"}},{"type":"Feature","geometry":{"type":"Polygon","coordinates":[[[78.32357,17.4804],[78.323506,17.480416],[78.323483,17.480333],[78.323546,17.480317],[78.32357,17.4804]]]},"properties":{"id":"a378ade9d9b3","height":null,"num_floors":null,"render_height_m":6.4,"height_label":"assumed"}},{"type":"Feature","geometry":{"type":"Polygon","coordinates":[[[78.323669,17.480422],[78.323616,17.480442],[78.32359,17.480381],[78.323643,17.48036],[78.323669,17.480422]]]},"properties":{"id":"76d50c1d6797","height":null,"num_floors":null,"render_height_m":6.4,"height_label":"assumed"}},{"type":"Feature","geometry":{"type":"Polygon","coordinates":[[[78.323625,17.480349],[78.323574,17.480364],[78.323555,17.480304],[78.323605,17.480289],[78.323625,17.480349]]]},"properties":{"id":"a13a8b275f9b","height":null,"num_floors":null,"render_height_m":6.4,"height_label":"assumed"}},{"type":"Feature","geometry":{"type":"Polygon","coordinates":[[[78.323723,17.480317],[78.323648,17.480342],[78.323625,17.480278],[78.3237,17.480253],[78.323723,17.480317]]]},"properties":{"id":"1cd8e5a81e88","height":null,"num_floors":null,"render_height_m":6.4,"height_label":"assumed"}},{"type":"Feature","geometry":{"type":"Polygon","coordinates":[[[78.32385,17.480466],[78.323781,17.48049],[78.323746,17.480398],[78.323814,17.480374],[78.32385,17.480466]]]},"properties":{"id":"ce99907d264d","height":null,"num_floors":null,"render_height_m":9.6,"height_label":"assumed"}},{"type":"Feature","geometry":{"type":"Polygon","coordinates":[[[78.323817,17.480368],[78.323735,17.480396],[78.323711,17.480331],[78.323794,17.480304],[78.323817,17.480368]]]},"properties":{"id":"9d151d92c891","height":null,"num_floors":null,"render_height_m":6.4,"height_label":"assumed"}},{"type":"Feature","geometry":{"type":"Polygon","coordinates":[[[78.323795,17.480291],[78.323734,17.480314],[78.323704,17.48024],[78.323765,17.480218],[78.323795,17.480291]]]},"properties":{"id":"274d2f57fd63","height":null,"num_floors":null,"render_height_m":6.4,"height_label":"assumed"}},{"type":"Feature","geometry":{"type":"Polygon","coordinates":[[[78.323731,17.480219],[78.323649,17.480246],[78.323619,17.480161],[78.323701,17.480134],[78.323731,17.480219]]]},"properties":{"id":"83ba138be2e7","height":null,"num_floors":null,"render_height_m":9.6,"height_label":"assumed"}},{"type":"Feature","geometry":{"type":"Polygon","coordinates":[[[78.323862,17.480206],[78.323783,17.480237],[78.323754,17.48017],[78.323833,17.480139],[78.323862,17.480206]]]},"properties":{"id":"e40518e6a1b3","height":null,"num_floors":null,"render_height_m":6.4,"height_label":"assumed"}},{"type":"Feature","geometry":{"type":"Polygon","coordinates":[[[78.323909,17.480303],[78.323825,17.480339],[78.323784,17.480252],[78.323869,17.480216],[78.323909,17.480303]]]},"properties":{"id":"49d051d81652","height":null,"num_floors":null,"render_height_m":9.6,"height_label":"assumed"}},{"type":"Feature","geometry":{"type":"Polygon","coordinates":[[[78.32398,17.480251],[78.323916,17.48028],[78.323872,17.480191],[78.323935,17.480162],[78.32398,17.480251]]]},"properties":{"id":"ac55ac683fd2","height":null,"num_floors":null,"render_height_m":9.6,"height_label":"assumed"}},{"type":"Feature","geometry":{"type":"Polygon","coordinates":[[[78.324029,17.48023],[78.324062,17.480218],[78.324091,17.480289],[78.324059,17.480302],[78.324029,17.48023]]]},"properties":{"id":"0d1b3669fb78","height":null,"num_floors":null,"render_height_m":6.4,"height_label":"assumed"}},{"type":"Feature","geometry":{"type":"Polygon","coordinates":[[[78.324014,17.480338],[78.323959,17.480358],[78.323933,17.48029],[78.323987,17.48027],[78.324014,17.480338]]]},"properties":{"id":"466543e73a6d","height":null,"num_floors":null,"render_height_m":6.4,"height_label":"assumed"}},{"type":"Feature","geometry":{"type":"Polygon","coordinates":[[[78.324015,17.480473],[78.323987,17.480419],[78.324055,17.480386],[78.324083,17.48044],[78.324015,17.480473]]]},"properties":{"id":"1f877b626abb","height":null,"num_floors":null,"render_height_m":6.4,"height_label":"assumed"}},{"type":"Feature","geometry":{"type":"Polygon","coordinates":[[[78.324048,17.480385],[78.323985,17.480414],[78.323962,17.480369],[78.324025,17.48034],[78.324048,17.480385]]]},"properties":{"id":"83e415c9c1cb","height":null,"num_floors":null,"render_height_m":6.4,"height_label":"assumed"}},{"type":"Feature","geometry":{"type":"Polygon","coordinates":[[[78.323953,17.480442],[78.323882,17.480469],[78.323833,17.480353],[78.323904,17.480326],[78.323953,17.480442]]]},"properties":{"id":"9b944286f5b5","height":null,"num_floors":null,"render_height_m":9.6,"height_label":"assumed"}},{"type":"Feature","geometry":{"type":"Polygon","coordinates":[[[78.323898,17.480614],[78.323846,17.480629],[78.323818,17.480539],[78.32387,17.480525],[78.323898,17.480614]]]},"properties":{"id":"82338fdfa8bc","height":null,"num_floors":null,"render_height_m":6.4,"height_label":"assumed"}},{"type":"Feature","geometry":{"type":"Polygon","coordinates":[[[78.323888,17.480626],[78.323915,17.480701],[78.323883,17.480711],[78.323856,17.480637],[78.323888,17.480626]]]},"properties":{"id":"0a3e9577978d","height":null,"num_floors":null,"render_height_m":6.4,"height_label":"assumed"}},{"type":"Feature","geometry":{"type":"Polygon","coordinates":[[[78.324015,17.480578],[78.323952,17.480601],[78.323921,17.480524],[78.323984,17.480501],[78.324015,17.480578]]]},"properties":{"id":"9fbc263b168c","height":null,"num_floors":null,"render_height_m":6.4,"height_label":"assumed"}},{"type":"Feature","geometry":{"type":"Polygon","coordinates":[[[78.32406,17.480522],[78.324035,17.480476],[78.324112,17.480438],[78.324137,17.480484],[78.32406,17.480522]]]},"properties":{"id":"a7ed73c1a449","height":null,"num_floors":null,"render_height_m":6.4,"height_label":"assumed"}},{"type":"Feature","geometry":{"type":"Polygon","coordinates":[[[78.324102,17.480584],[78.324073,17.480526],[78.324123,17.480503],[78.324153,17.48056],[78.324102,17.480584]]]},"properties":{"id":"9c1b39297159","height":null,"num_floors":null,"render_height_m":6.4,"height_label":"assumed"}},{"type":"Feature","geometry":{"type":"Polygon","coordinates":[[[78.324191,17.480724],[78.324135,17.480735],[78.324121,17.480673],[78.324178,17.480661],[78.324191,17.480724]]]},"properties":{"id":"d7521b53182b","height":null,"num_floors":null,"render_height_m":6.4,"height_label":"assumed"}},{"type":"Feature","geometry":{"type":"Polygon","coordinates":[[[78.324168,17.480232],[78.324187,17.480307],[78.324107,17.480326],[78.324087,17.480251],[78.324168,17.480232]]]},"properties":{"id":"b7b533b9726c","height":null,"num_floors":null,"render_height_m":6.4,"height_label":"assumed"}},{"type":"Feature","geometry":{"type":"Polygon","coordinates":[[[78.324121,17.483145],[78.324065,17.483148],[78.324061,17.483056],[78.324117,17.483054],[78.324121,17.483145]]]},"properties":{"id":"45fd73c095bb","height":null,"num_floors":null,"render_height_m":6.4,"height_label":"assumed"}},{"type":"Feature","geometry":{"type":"Polygon","coordinates":[[[78.324185,17.483145],[78.324191,17.483224],[78.324114,17.48323],[78.324108,17.48315],[78.324185,17.483145]]]},"properties":{"id":"491d13a90a76","height":null,"num_floors":null,"render_height_m":6.4,"height_label":"assumed"}},{"type":"Feature","geometry":{"type":"Polygon","coordinates":[[[78.324049,17.482602],[78.32402,17.482538],[78.324103,17.482502],[78.324133,17.482566],[78.324049,17.482602]]]},"properties":{"id":"e65c33cc010a","height":null,"num_floors":null,"render_height_m":6.4,"height_label":"assumed"}},{"type":"Feature","geometry":{"type":"Polygon","coordinates":[[[78.32406,17.482512],[78.324047,17.482487],[78.324089,17.482468],[78.324102,17.482494],[78.32406,17.482512]]]},"properties":{"id":"f1a5017281ce","height":null,"num_floors":null,"render_height_m":6.4,"height_label":"assumed"}},{"type":"Feature","geometry":{"type":"Polygon","coordinates":[[[78.323995,17.482543],[78.323981,17.482517],[78.324034,17.482491],[78.324048,17.482518],[78.323995,17.482543]]]},"properties":{"id":"e762942599bb","height":null,"num_floors":null,"render_height_m":6.4,"height_label":"assumed"}},{"type":"Feature","geometry":{"type":"Polygon","coordinates":[[[78.324087,17.48246],[78.323981,17.482511],[78.323961,17.482473],[78.324067,17.482422],[78.324087,17.48246]]]},"properties":{"id":"b96f617dd3fd","height":null,"num_floors":null,"render_height_m":6.4,"height_label":"assumed"}},{"type":"Feature","geometry":{"type":"Polygon","coordinates":[[[78.323912,17.482484],[78.323841,17.482495],[78.323832,17.482446],[78.323904,17.482434],[78.323912,17.482484]]]},"properties":{"id":"9883b36bdd19","height":null,"num_floors":null,"render_height_m":6.4,"height_label":"assumed"}},{"type":"Feature","geometry":{"type":"Polygon","coordinates":[[[78.323917,17.482573],[78.323785,17.482594],[78.323773,17.482522],[78.323904,17.482501],[78.323917,17.482573]]]},"properties":{"id":"14f0bb121298","height":null,"num_floors":null,"render_height_m":9.6,"height_label":"assumed"}},{"type":"Feature","geometry":{"type":"Polygon","coordinates":[[[78.323873,17.482675],[78.323795,17.482688],[78.323781,17.48261],[78.323859,17.482598],[78.323873,17.482675]]]},"properties":{"id":"174f951f7b5d","height":null,"num_floors":null,"render_height_m":6.4,"height_label":"assumed"}},{"type":"Feature","geometry":{"type":"Polygon","coordinates":[[[78.324024,17.482696],[78.323903,17.482716],[78.32388,17.482591],[78.324001,17.482571],[78.324024,17.482696]]]},"properties":{"id":"2c98e188dd89","height":null,"num_floors":null,"render_height_m":9.6,"height_label":"assumed"}},{"type":"Feature","geometry":{"type":"Polygon","coordinates":[[[78.32413,17.482815],[78.324022,17.482831],[78.324011,17.482765],[78.324119,17.482749],[78.32413,17.482815]]]},"properties":{"id":"43ef180e1739","height":null,"num_floors":null,"render_height_m":9.6,"height_label":"assumed"}},{"type":"Feature","geometry":{"type":"Polygon","coordinates":[[[78.324109,17.482921],[78.324032,17.482928],[78.324025,17.482857],[78.324102,17.48285],[78.324109,17.482921]]]},"properties":{"id":"f05c2cb69a08","height":null,"num_floors":null,"render_height_m":6.4,"height_label":"assumed"}},{"type":"Feature","geometry":{"type":"Polygon","coordinates":[[[78.324133,17.482991],[78.32405,17.482998],[78.324045,17.482941],[78.324128,17.482934],[78.324133,17.482991]]]},"properties":{"id":"f655d59f6c78","height":null,"num_floors":null,"render_height_m":6.4,"height_label":"assumed"}},{"type":"Feature","geometry":{"type":"Polygon","coordinates":[[[78.32367,17.482613],[78.323741,17.482603],[78.323766,17.48276],[78.323695,17.48277],[78.32367,17.482613]]]},"properties":{"id":"793249b52a60","height":null,"num_floors":null,"render_height_m":9.6,"height_label":"assumed"}},{"type":"Feature","geometry":{"type":"Polygon","coordinates":[[[78.323831,17.482503],[78.323764,17.482514],[78.323753,17.482454],[78.32382,17.482443],[78.323831,17.482503]]]},"properties":{"id":"56f6bbee92af","height":null,"num_floors":null,"render_height_m":6.4,"height_label":"assumed"}},{"type":"Feature","geometry":{"type":"Polygon","coordinates":[[[78.323761,17.482576],[78.323725,17.482582],[78.323705,17.482466],[78.32374,17.48246],[78.323761,17.482576]]]},"properties":{"id":"8f8371a88989","height":null,"num_floors":null,"render_height_m":6.4,"height_label":"assumed"}},{"type":"Feature","geometry":{"type":"Polygon","coordinates":[[[78.323721,17.482591],[78.323678,17.482598],[78.323656,17.482477],[78.3237,17.48247],[78.323721,17.482591]]]},"properties":{"id":"db3dc9b751d0","height":null,"num_floors":null,"render_height_m":6.4,"height_label":"assumed"}},{"type":"Feature","geometry":{"type":"Polygon","coordinates":[[[78.323651,17.482548],[78.323551,17.482566],[78.323538,17.4825],[78.323638,17.482482],[78.323651,17.482548]]]},"properties":{"id":"fb3b7d28f738","height":null,"num_floors":null,"render_height_m":9.6,"height_label":"assumed"}},{"type":"Feature","geometry":{"type":"Polygon","coordinates":[[[78.323557,17.482646],[78.323544,17.482574],[78.323651,17.482557],[78.323659,17.482601],[78.3236,17.482611],[78.323605,17.482639],[78.323557,17.482646]]]},"properties":{"id":"eba55b4cd686","height":null,"num_floors":null,"render_height_m":6.4,"height_label":"assumed"}},{"type":"Feature","geometry":{"type":"Polygon","coordinates":[[[78.323611,17.482724],[78.323565,17.482727],[78.323559,17.482654],[78.323605,17.48265],[78.323611,17.482724]]]},"properties":{"id":"b3c5aad38dc1","height":null,"num_floors":null,"render_height_m":6.4,"height_label":"assumed"}},{"type":"Feature","geometry":{"type":"Polygon","coordinates":[[[78.323536,17.482728],[78.323464,17.48273],[78.323461,17.482644],[78.323534,17.482642],[78.323536,17.482728]]]},"properties":{"id":"d7142d61c6c5","height":null,"num_floors":null,"render_height_m":6.4,"height_label":"assumed"}},{"type":"Feature","geometry":{"type":"Polygon","coordinates":[[[78.323409,17.482726],[78.323321,17.482726],[78.32332,17.482674],[78.323408,17.482673],[78.323409,17.482726]]]},"properties":{"id":"76290d60b254","height":null,"num_floors":null,"render_height_m":6.4,"height_label":"assumed"}},{"type":"Feature","geometry":{"type":"Polygon","coordinates":[[[78.32341,17.48266],[78.323321,17.482663],[78.323318,17.482562],[78.323407,17.482559],[78.32341,17.48266]]]},"properties":{"id":"8415d3ac497e","height":null,"num_floors":null,"render_height_m":9.6,"height_label":"assumed"}},{"type":"Feature","geometry":{"type":"Polygon","coordinates":[[[78.323487,17.482627],[78.323439,17.48263],[78.323434,17.482564],[78.323482,17.482561],[78.323487,17.482627]]]},"properties":{"id":"26e957cb3f36","height":null,"num_floors":null,"render_height_m":6.4,"height_label":"assumed"}},{"type":"Feature","geometry":{"type":"Polygon","coordinates":[[[78.32344,17.482513],[78.323371,17.482509],[78.323376,17.482418],[78.323445,17.482421],[78.32344,17.482513]]]},"properties":{"id":"51a800f326b8","height":null,"num_floors":null,"render_height_m":6.4,"height_label":"assumed"}},{"type":"Feature","geometry":{"type":"Polygon","coordinates":[[[78.32323,17.482572],[78.32319,17.482578],[78.323183,17.482535],[78.323223,17.482529],[78.32323,17.482572]]]},"properties":{"id":"ea257d3fa4d5","height":null,"num_floors":null,"render_height_m":6.4,"height_label":"assumed"}},{"type":"Feature","geometry":{"type":"Polygon","coordinates":[[[78.323256,17.482674],[78.323208,17.482683],[78.323189,17.482595],[78.323236,17.482586],[78.323256,17.482674]]]},"properties":{"id":"794ef511dc3a","height":null,"num_floors":null,"render_height_m":6.4,"height_label":"assumed"}},{"type":"Feature","geometry":{"type":"Polygon","coordinates":[[[78.323303,17.482727],[78.32323,17.482741],[78.323219,17.482688],[78.323292,17.482675],[78.323303,17.482727]]]},"properties":{"id":"30cf124b54db","height":null,"num_floors":null,"render_height_m":6.4,"height_label":"assumed"}},{"type":"Feature","geometry":{"type":"Polygon","coordinates":[[[78.323414,17.482828],[78.323289,17.482833],[78.323285,17.482737],[78.32341,17.482733],[78.323414,17.482828]]]},"properties":{"id":"acd70aea2efe","height":null,"num_floors":null,"render_height_m":9.6,"height_label":"assumed"}},{"type":"Feature","geometry":{"type":"Polygon","coordinates":[[[78.323468,17.48281],[78.323465,17.48274],[78.323524,17.482738],[78.323526,17.482809],[78.323468,17.48281]]]},"properties":{"id":"d9e56edbd438","height":null,"num_floors":null,"render_height_m":6.4,"height_label":"assumed"}},{"type":"Feature","geometry":{"type":"Polygon","coordinates":[[[78.323354,17.483006],[78.323389,17.483007],[78.323388,17.483043],[78.323354,17.483042],[78.323354,17.483006]]]},"properties":{"id":"2fe7f81236c1","height":null,"num_floors":null,"render_height_m":6.4,"height_label":"assumed"}},{"type":"Feature","geometry":{"type":"Polygon","coordinates":[[[78.323028,17.48279],[78.32296,17.482798],[78.322953,17.482745],[78.323022,17.482737],[78.323028,17.48279]]]},"properties":{"id":"cd3c7aa48df3","height":null,"num_floors":null,"render_height_m":6.4,"height_label":"assumed"}},{"type":"Feature","geometry":{"type":"Polygon","coordinates":[[[78.323098,17.482792],[78.323039,17.482798],[78.323031,17.482723],[78.32309,17.482717],[78.323098,17.482792]]]},"properties":{"id":"bc0fca3b9b9a","height":null,"num_floors":null,"render_height_m":6.4,"height_label":"assumed"}},{"type":"Feature","geometry":{"type":"Polygon","coordinates":[[[78.323064,17.482809],[78.323068,17.482858],[78.323031,17.482861],[78.323027,17.482811],[78.323064,17.482809]]]},"properties":{"id":"a1e76fd33ba0","height":null,"num_floors":null,"render_height_m":6.4,"height_label":"assumed"}},{"type":"Feature","geometry":{"type":"Polygon","coordinates":[[[78.32316,17.482847],[78.323083,17.482859],[78.323075,17.482804],[78.323152,17.482793],[78.32316,17.482847]]]},"properties":{"id":"629c1daf5c1f","height":null,"num_floors":null,"render_height_m":6.4,"height_label":"assumed"}},{"type":"Feature","geometry":{"type":"Polygon","coordinates":[[[78.323213,17.482765],[78.323116,17.482787],[78.323096,17.482708],[78.323194,17.482686],[78.323213,17.482765]]]},"properties":{"id":"29ec060e6fa3","height":null,"num_floors":null,"render_height_m":9.6,"height_label":"assumed"}},{"type":"Feature","geometry":{"type":"Polygon","coordinates":[[[78.323185,17.482661],[78.323048,17.482693],[78.323038,17.482655],[78.323087,17.482643],[78.323084,17.482636],[78.323172,17.482615],[78.323185,17.482661]]]},"properties":{"id":"ced3a6c519a6","height":null,"num_floors":null,"render_height_m":6.4,"height_label":"assumed"}},{"type":"Feature","geometry":{"type":"Polygon","coordinates":[[[78.323172,17.4825],[78.323095,17.482519],[78.323066,17.482412],[78.323143,17.482393],[78.323172,17.4825]]]},"properties":{"id":"85f6eda2a6c7","height":null,"num_floors":null,"render_height_m":9.6,"height_label":"assumed"}},{"type":"Feature","geometry":{"type":"Polygon","coordinates":[[[78.323056,17.482419],[78.323084,17.482513],[78.323041,17.482524],[78.323013,17.482431],[78.323056,17.482419]]]},"properties":{"id":"7ee994f2d46f","height":null,"num_floors":null,"render_height_m":6.4,"height_label":"assumed"}},{"type":"Feature","geometry":{"type":"Polygon","coordinates":[[[78.323167,17.482608],[78.323082,17.482625],[78.323066,17.482555],[78.323151,17.482537],[78.323167,17.482608]]]},"properties":{"id":"23b429c40e17","height":null,"num_floors":null,"render_height_m":6.4,"height_label":"assumed"}},{"type":"Feature","geometry":{"type":"Polygon","coordinates":[[[78.32293,17.482566],[78.322964,17.482562],[78.322971,17.48262],[78.322937,17.482624],[78.32293,17.482566]]]},"properties":{"id":"398d809c5684","height":null,"num_floors":null,"render_height_m":6.4,"height_label":"assumed"}},{"type":"Feature","geometry":{"type":"Polygon","coordinates":[[[78.32307,17.482638],[78.322978,17.482649],[78.322967,17.482571],[78.323059,17.48256],[78.32307,17.482638]]]},"properties":{"id":"871619d934ae","height":null,"num_floors":null,"render_height_m":9.6,"height_label":"assumed"}},{"type":"Feature","geometry":{"type":"Polygon","coordinates":[[[78.32294,17.482722],[78.322936,17.482676],[78.323016,17.48267],[78.32302,17.482716],[78.32294,17.482722]]]},"properties":{"id":"2a2cefe987bc","height":null,"num_floors":null,"render_height_m":6.4,"height_label":"assumed"}},{"type":"Feature","geometry":{"type":"Polygon","coordinates":[[[78.322924,17.482762],[78.322838,17.482773],[78.322824,17.482672],[78.32291,17.482661],[78.322924,17.482762]]]},"properties":{"id":"fb82b6ae8221","height":null,"num_floors":null,"render_height_m":9.6,"height_label":"assumed"}},{"type":"Feature","geometry":{"type":"Polygon","coordinates":[[[78.322833,17.482758],[78.322673,17.482779],[78.32266,17.48269],[78.32282,17.482669],[78.322833,17.482758]]]},"properties":{"id":"998bc08cc9bb","height":null,"num_floors":null,"render_height_m":9.6,"height_label":"assumed"}},{"type":"Feature","geometry":{"type":"Polygon","coordinates":[[[78.32284,17.482646],[78.322657,17.482669],[78.322645,17.482587],[78.322828,17.482563],[78.32284,17.482646]]]},"properties":{"id":"2373a620ca0b","height":null,"num_floors":null,"render_height_m":9.6,"height_label":"assumed"}},{"type":"Feature","geometry":{"type":"Polygon","coordinates":[[[78.322728,17.482477],[78.32274,17.482565],[78.322688,17.482572],[78.322675,17.482484],[78.322728,17.482477]]]},"properties":{"id":"bb0f919bfa78","height":null,"num_floors":null,"render_height_m":6.4,"height_label":"assumed"}},{"type":"Feature","geometry":{"type":"Polygon","coordinates":[[[78.322869,17.482902],[78.322851,17.482827],[78.322907,17.482814],[78.322925,17.482889],[78.322869,17.482902]]]},"properties":{"id":"69ae34f37874","height":null,"num_floors":null,"render_height_m":6.4,"height_label":"assumed"}},{"type":"Feature","geometry":{"type":"Polygon","coordinates":[[[78.32284,17.48295],[78.322691,17.482959],[78.32268,17.482797],[78.322829,17.482788],[78.32284,17.48295]]]},"properties":{"id":"fda9b88d9c86","height":null,"num_floors":null,"render_height_m":12.8,"height_label":"assumed"}},{"type":"Feature","geometry":{"type":"Polygon","coordinates":[[[78.322406,17.482799],[78.322303,17.482819],[78.322294,17.482778],[78.322397,17.482758],[78.322406,17.482799]]]},"properties":{"id":"8c474fd76d09","height":null,"num_floors":null,"render_height_m":6.4,"height_label":"assumed"}},{"type":"Feature","geometry":{"type":"Polygon","coordinates":[[[78.322587,17.482811],[78.322442,17.48283],[78.322431,17.482755],[78.322576,17.482736],[78.322587,17.482811]]]},"properties":{"id":"eb6c3662d7bd","height":null,"num_floors":null,"render_height_m":9.6,"height_label":"assumed"}},{"type":"Feature","geometry":{"type":"Polygon","coordinates":[[[78.322569,17.482608],[78.322406,17.482629],[78.32239,17.482521],[78.322554,17.4825],[78.322569,17.482608]]]},"properties":{"id":"5195b8a3a913","height":null,"num_floors":null,"render_height_m":9.6,"height_label":"assumed"}},{"type":"Feature","geometry":{"type":"Polygon","coordinates":[[[78.322383,17.482521],[78.322248,17.482539],[78.322233,17.482432],[78.322367,17.482415],[78.322383,17.482521]]]},"properties":{"id":"0b705c579663","height":null,"num_floors":null,"render_height_m":9.6,"height_label":"assumed"}},{"type":"Feature","geometry":{"type":"Polygon","coordinates":[[[78.322396,17.482626],[78.322272,17.482642],[78.322259,17.482547],[78.322383,17.482531],[78.322396,17.482626]]]},"properties":{"id":"e5dca079f78c","height":null,"num_floors":null,"render_height_m":9.6,"height_label":"assumed"}},{"type":"Feature","geometry":{"type":"Polygon","coordinates":[[[78.32255,17.482709],[78.322312,17.48274],[78.322301,17.482657],[78.322539,17.482626],[78.32255,17.482709]]]},"properties":{"id":"92e59eb9f9e8","height":null,"num_floors":null,"render_height_m":9.6,"height_label":"assumed"}},{"type":"Feature","geometry":{"type":"Polygon","coordinates":[[[78.322153,17.482544],[78.321982,17.482567],[78.321969,17.482471],[78.32214,17.482449],[78.322153,17.482544]]]},"properties":{"id":"51f4f3bcc750","height":null,"num_floors":null,"render_height_m":9.6,"height_label":"assumed"}},{"type":"Feature","geometry":{"type":"Polygon","coordinates":[[[78.322175,17.482677],[78.322021,17.482696],[78.322004,17.482578],[78.322158,17.482558],[78.322175,17.482677]]]},"properties":{"id":"0d4c25c86464","height":null,"num_floors":null,"render_height_m":9.6,"height_label":"assumed"}},{"type":"Feature","geometry":{"type":"Polygon","coordinates":[[[78.322195,17.482808],[78.32204,17.482828],[78.322024,17.482708],[78.322178,17.482688],[78.322195,17.482808]]]},"properties":{"id":"ff188eb147ca","height":null,"num_floors":null,"render_height_m":9.6,"height_label":"assumed"}},{"type":"Feature","geometry":{"type":"Polygon","coordinates":[[[78.322214,17.482895],[78.322052,17.482915],[78.322041,17.482837],[78.322203,17.482816],[78.322214,17.482895]]]},"properties":{"id":"19bb9eea9b81","height":null,"num_floors":null,"render_height_m":9.6,"height_label":"assumed"}},{"type":"Feature","geometry":{"type":"Polygon","coordinates":[[[78.324083,17.479935],[78.324155,17.479915],[78.324171,17.479968],[78.324099,17.479988],[78.324083,17.479935]]]},"properties":{"id":"4527165b0f8c","height":null,"num_floors":null,"render_height_m":6.4,"height_label":"assumed"}},{"type":"Feature","geometry":{"type":"Polygon","coordinates":[[[78.323929,17.480155],[78.323878,17.480178],[78.32385,17.48012],[78.323901,17.480098],[78.323929,17.480155]]]},"properties":{"id":"e1b6884a32da","height":null,"num_floors":null,"render_height_m":6.4,"height_label":"assumed"}},{"type":"Feature","geometry":{"type":"Polygon","coordinates":[[[78.323903,17.480088],[78.323838,17.480112],[78.323811,17.480046],[78.323876,17.480021],[78.323903,17.480088]]]},"properties":{"id":"b95e866d3f9a","height":null,"num_floors":null,"render_height_m":6.4,"height_label":"assumed"}},{"type":"Feature","geometry":{"type":"Polygon","coordinates":[[[78.32393,17.479976],[78.323868,17.479988],[78.323848,17.47989],[78.323909,17.479879],[78.32393,17.479976]]]},"properties":{"id":"6db0a7fd1a98","height":null,"num_floors":null,"render_height_m":6.4,"height_label":"assumed"}},{"type":"Feature","geometry":{"type":"Polygon","coordinates":[[[78.324008,17.479915],[78.323929,17.479929],[78.323916,17.479862],[78.323995,17.479848],[78.324008,17.479915]]]},"properties":{"id":"ededf23040c8","height":null,"num_floors":null,"render_height_m":6.4,"height_label":"assumed"}},{"type":"Feature","geometry":{"type":"Polygon","coordinates":[[[78.323947,17.479982],[78.323936,17.479942],[78.323994,17.479926],[78.324006,17.479966],[78.323947,17.479982]]]},"properties":{"id":"ad59721c2846","height":null,"num_floors":null,"render_height_m":6.4,"height_label":"assumed"}},{"type":"Feature","geometry":{"type":"Polygon","coordinates":[[[78.32408,17.479895],[78.324018,17.479908],[78.324004,17.479847],[78.324065,17.479834],[78.32408,17.479895]]]},"properties":{"id":"946a5d724546","height":null,"num_floors":null,"render_height_m":6.4,"height_label":"assumed"}},{"type":"Feature","geometry":{"type":"Polygon","coordinates":[[[78.324045,17.479779],[78.323973,17.479782],[78.323968,17.479673],[78.32404,17.47967],[78.324045,17.479779]]]},"properties":{"id":"60a8446e0352","height":null,"num_floors":null,"render_height_m":9.6,"height_label":"assumed"}},{"type":"Feature","geometry":{"type":"Polygon","coordinates":[[[78.323898,17.479807],[78.323832,17.479815],[78.323814,17.479682],[78.32388,17.479674],[78.323898,17.479807]]]},"properties":{"id":"5127101ba780","height":null,"num_floors":null,"render_height_m":9.6,"height_label":"assumed"}},{"type":"Feature","geometry":{"type":"Polygon","coordinates":[[[78.323968,17.479772],[78.323899,17.479778],[78.32389,17.479678],[78.32396,17.479672],[78.323968,17.479772]]]},"properties":{"id":"0d37c7f47084","height":null,"num_floors":null,"render_height_m":9.6,"height_label":"assumed"}},{"type":"Feature","geometry":{"type":"Polygon","coordinates":[[[78.323907,17.479638],[78.323792,17.479645],[78.323786,17.479547],[78.323901,17.47954],[78.323907,17.479638]]]},"properties":{"id":"fbd0d61c6c90","height":null,"num_floors":null,"render_height_m":9.6,"height_label":"assumed"}},{"type":"Feature","geometry":{"type":"Polygon","coordinates":[[[78.32399,17.479661],[78.323932,17.479664],[78.323916,17.479529],[78.323976,17.479522],[78.32399,17.479661]]]},"properties":{"id":"11481ab18e1f","height":null,"num_floors":null,"render_height_m":9.6,"height_label":"assumed"}},{"type":"Feature","geometry":{"type":"Polygon","coordinates":[[[78.324039,17.479656],[78.32399,17.479661],[78.323976,17.479526],[78.324025,17.479522],[78.324039,17.479656]]]},"properties":{"id":"dfb1eff34323","height":null,"num_floors":null,"render_height_m":6.4,"height_label":"assumed"}},{"type":"Feature","geometry":{"type":"Polygon","coordinates":[[[78.324134,17.479763],[78.324062,17.479769],[78.324052,17.479659],[78.324124,17.479653],[78.324134,17.479763]]]},"properties":{"id":"3d8389ec6cd3","height":null,"num_floors":null,"render_height_m":9.6,"height_label":"assumed"}},{"type":"Feature","geometry":{"type":"Polygon","coordinates":[[[78.324119,17.47964],[78.324049,17.479639],[78.324049,17.479582],[78.324119,17.479582],[78.324119,17.47964]]]},"properties":{"id":"2c4f290c6c28","height":null,"num_floors":null,"render_height_m":6.4,"height_label":"assumed"}},{"type":"Feature","geometry":{"type":"Polygon","coordinates":[[[78.32419,17.479901],[78.324113,17.47991],[78.324103,17.479821],[78.324179,17.479812],[78.32419,17.479901]]]},"properties":{"id":"ffa217b75143","height":null,"num_floors":null,"render_height_m":9.6,"height_label":"assumed"}},{"type":"Feature","geometry":{"type":"Polygon","coordinates":[[[78.323992,17.479317],[78.323923,17.479313],[78.323941,17.479029],[78.32401,17.479033],[78.323992,17.479317]]]},"properties":{"id":"d5e23251cdac","height":null,"num_floors":null,"render_height_m":9.6,"height_label":"assumed"}},{"type":"Feature","geometry":{"type":"Polygon","coordinates":[[[78.324105,17.479198],[78.324039,17.479189],[78.324056,17.479074],[78.324122,17.479083],[78.324105,17.479198]]]},"properties":{"id":"9b6c235f04aa","height":null,"num_floors":null,"render_height_m":9.6,"height_label":"assumed"}},{"type":"Feature","geometry":{"type":"Polygon","coordinates":[[[78.324145,17.479079],[78.324023,17.479063],[78.324031,17.479006],[78.3241,17.479015],[78.324104,17.478987],[78.324157,17.478995],[78.324145,17.479079]]]},"properties":{"id":"fce8d4a070c6","height":null,"num_floors":null,"render_height_m":9.6,"height_label":"assumed"}},{"type":"Feature","geometry":{"type":"Polygon","coordinates":[[[78.324062,17.479408],[78.323975,17.479403],[78.323979,17.479336],[78.324067,17.479341],[78.324062,17.479408]]]},"properties":{"id":"a11e5a6d2b56","height":null,"num_floors":null,"render_height_m":6.4,"height_label":"assumed"}},{"type":"Feature","geometry":{"type":"Polygon","coordinates":[[[78.32412,17.479575],[78.324046,17.479577],[78.324044,17.479504],[78.324118,17.479502],[78.32412,17.479575]]]},"properties":{"id":"dbcb677ce88e","height":null,"num_floors":null,"render_height_m":6.4,"height_label":"assumed"}},{"type":"Feature","geometry":{"type":"Polygon","coordinates":[[[78.323592,17.479268],[78.323653,17.479261],[78.323659,17.479304],[78.323759,17.479292],[78.323768,17.47936],[78.323607,17.479379],[78.323592,17.479268]]]},"properties":{"id":"6612f5e3a109","height":null,"num_floors":null,"render_height_m":9.6,"height_label":"assumed"}},{"type":"Feature","geometry":{"type":"Polygon","coordinates":[[[78.323136,17.478936],[78.323437,17.478912],[78.323442,17.478963],[78.323855,17.478931],[78.323878,17.479195],[78.323163,17.479251],[78.323136,17.478936]]]},"properties":{"id":"378dc06aec24","height":null,"num_floors":null,"render_height_m":19.2,"height_label":"assumed"}},{"type":"Feature","geometry":{"type":"Polygon","coordinates":[[[78.32339,17.479234],[78.323392,17.479265],[78.323356,17.479268],[78.323359,17.479308],[78.323318,17.479312],[78.32332,17.479337],[78.323171,17.479349],[78.323163,17.479252],[78.32339,17.479234]]]},"properties":{"id":"8c7e0a2d58d5","height":null,"num_floors":null,"render_height_m":9.6,"height_label":"assumed"}},{"type":"Feature","geometry":{"type":"Polygon","coordinates":[[[78.323324,17.479665],[78.323264,17.479667],[78.32326,17.479571],[78.32332,17.479568],[78.323324,17.479665]]]},"properties":{"id":"4706f38c45d7","height":null,"num_floors":null,"render_height_m":6.4,"height_label":"assumed"}},{"type":"Feature","geometry":{"type":"Polygon","coordinates":[[[78.323303,17.47975],[78.323302,17.479682],[78.323388,17.479681],[78.323389,17.479749],[78.323303,17.47975]]]},"properties":{"id":"22a5179e15be","height":null,"num_floors":null,"render_height_m":6.4,"height_label":"assumed"}},{"type":"Feature","geometry":{"type":"Polygon","coordinates":[[[78.323286,17.479762],[78.32321,17.479768],[78.323202,17.479677],[78.323278,17.479671],[78.323286,17.479762]]]},"properties":{"id":"e638d00d7ed2","height":null,"num_floors":null,"render_height_m":9.6,"height_label":"assumed"}},{"type":"Feature","geometry":{"type":"Polygon","coordinates":[[[78.323306,17.479847],[78.323218,17.479855],[78.323211,17.479779],[78.323299,17.479771],[78.323306,17.479847]]]},"properties":{"id":"49cce52df52b","height":null,"num_floors":null,"render_height_m":6.4,"height_label":"assumed"}},{"type":"Feature","geometry":{"type":"Polygon","coordinates":[[[78.323408,17.47982],[78.323326,17.479833],[78.323314,17.479768],[78.323396,17.479754],[78.323408,17.47982]]]},"properties":{"id":"380082050d5a","height":null,"num_floors":null,"render_height_m":6.4,"height_label":"assumed"}},{"type":"Feature","geometry":{"type":"Polygon","coordinates":[[[78.323424,17.479899],[78.323417,17.479837],[78.323508,17.479827],[78.323515,17.479889],[78.323424,17.479899]]]},"properties":{"id":"5365e58291f5","height":null,"num_floors":null,"render_height_m":6.4,"height_label":"assumed"}},{"type":"Feature","geometry":{"type":"Polygon","coordinates":[[[78.323508,17.479813],[78.323419,17.479823],[78.323412,17.479765],[78.323501,17.479756],[78.323508,17.479813]]]},"properties":{"id":"197065f55d25","height":null,"num_floors":null,"render_height_m":6.4,"height_label":"assumed"}},{"type":"Feature","geometry":{"type":"Polygon","coordinates":[[[78.32351,17.47975],[78.323411,17.479758],[78.323405,17.479682],[78.323504,17.479675],[78.32351,17.47975]]]},"properties":{"id":"6b4805c1fae2","height":null,"num_floors":null,"render_height_m":9.6,"height_label":"assumed"}},{"type":"Feature","geometry":{"type":"Polygon","coordinates":[[[78.323384,17.479664],[78.323331,17.479666],[78.323327,17.479565],[78.323379,17.479562],[78.323384,17.479664]]]},"properties":{"id":"d4aa5577260c","height":null,"num_floors":null,"render_height_m":6.4,"height_label":"assumed"}},{"type":"Feature","geometry":{"type":"Polygon","coordinates":[[[78.323436,17.479662],[78.323391,17.479663],[78.323388,17.479558],[78.323433,17.479557],[78.323436,17.479662]]]},"properties":{"id":"12ebba1638f3","height":null,"num_floors":null,"render_height_m":6.4,"height_label":"assumed"}},{"type":"Feature","geometry":{"type":"Polygon","coordinates":[[[78.323497,17.479665],[78.323443,17.479665],[78.323443,17.479573],[78.323497,17.479573],[78.323497,17.479665]]]},"properties":{"id":"01fc3cc72320","height":null,"num_floors":null,"render_height_m":6.4,"height_label":"assumed"}},{"type":"Feature","geometry":{"type":"Polygon","coordinates":[[[78.32359,17.479675],[78.323515,17.47968],[78.323508,17.479571],[78.323583,17.479567],[78.32359,17.479675]]]},"properties":{"id":"5827b9c1d4e6","height":null,"num_floors":null,"render_height_m":9.6,"height_label":"assumed"}},{"type":"Feature","geometry":{"type":"Polygon","coordinates":[[[78.323602,17.47972],[78.323599,17.47968],[78.323698,17.479673],[78.323701,17.479714],[78.323602,17.47972]]]},"properties":{"id":"990e72753036","height":null,"num_floors":null,"render_height_m":6.4,"height_label":"assumed"}},{"type":"Feature","geometry":{"type":"Polygon","coordinates":[[[78.323695,17.479665],[78.323609,17.479669],[78.323604,17.479562],[78.32369,17.479558],[78.323695,17.479665]]]},"properties":{"id":"664b6ca558df","height":null,"num_floors":null,"render_height_m":9.6,"height_label":"assumed"}},{"type":"Feature","geometry":{"type":"Polygon","coordinates":[[[78.323773,17.479633],[78.323697,17.479637],[78.323693,17.479551],[78.323769,17.479547],[78.323773,17.479633]]]},"properties":{"id":"1dd1d4bcd5f4","height":null,"num_floors":null,"render_height_m":6.4,"height_label":"assumed"}},{"type":"Feature","geometry":{"type":"Polygon","coordinates":[[[78.323814,17.479738],[78.323774,17.479744],[78.323761,17.47967],[78.323801,17.479664],[78.323814,17.479738]]]},"properties":{"id":"b0bb64d262de","height":null,"num_floors":null,"render_height_m":6.4,"height_label":"assumed"}},{"type":"Feature","geometry":{"type":"Polygon","coordinates":[[[78.323761,17.479744],[78.323716,17.479749],[78.323707,17.47967],[78.323752,17.479665],[78.323761,17.479744]]]},"properties":{"id":"4f9d43682b21","height":null,"num_floors":null,"render_height_m":6.4,"height_label":"assumed"}},{"type":"Feature","geometry":{"type":"Polygon","coordinates":[[[78.3237,17.479759],[78.32362,17.479765],[78.323617,17.479723],[78.323697,17.479717],[78.3237,17.479759]]]},"properties":{"id":"790e9b2077aa","height":null,"num_floors":null,"render_height_m":6.4,"height_label":"assumed"}},{"type":"Feature","geometry":{"type":"Polygon","coordinates":[[[78.323726,17.47984],[78.32372,17.479758],[78.323818,17.479751],[78.323824,17.479833],[78.323726,17.47984]]]},"properties":{"id":"9ba4f4ca4fff","height":null,"num_floors":null,"render_height_m":9.6,"height_label":"assumed"}},{"type":"Feature","geometry":{"type":"Polygon","coordinates":[[[78.323638,17.47986],[78.323628,17.479774],[78.323698,17.479767],[78.323708,17.479853],[78.323638,17.47986]]]},"properties":{"id":"738918741e65","height":null,"num_floors":null,"render_height_m":6.4,"height_label":"assumed"}},{"type":"Feature","geometry":{"type":"Polygon","coordinates":[[[78.323595,17.479757],[78.323517,17.479762],[78.323512,17.479691],[78.323591,17.479686],[78.323595,17.479757]]]},"properties":{"id":"7dfed6e7e879","height":null,"num_floors":null,"render_height_m":6.4,"height_label":"assumed"}},{"type":"Feature","geometry":{"type":"Polygon","coordinates":[[[78.323522,17.479885],[78.323519,17.47977],[78.323613,17.479768],[78.323616,17.479883],[78.323522,17.479885]]]},"properties":{"id":"525ddd79e4b2","height":null,"num_floors":null,"render_height_m":9.6,"height_label":"assumed"}},{"type":"Feature","geometry":{"type":"Polygon","coordinates":[[[78.323564,17.480025],[78.323499,17.480044],[78.323474,17.479967],[78.323539,17.479948],[78.323564,17.480025]]]},"properties":{"id":"55c4d33e873e","height":null,"num_floors":null,"render_height_m":6.4,"height_label":"assumed"}},{"type":"Feature","geometry":{"type":"Polygon","coordinates":[[[78.323656,17.480014],[78.323578,17.480037],[78.323552,17.479955],[78.323631,17.479933],[78.323656,17.480014]]]},"properties":{"id":"033a8d91e9af","height":null,"num_floors":null,"render_height_m":9.6,"height_label":"assumed"}},{"type":"Feature","geometry":{"type":"Polygon","coordinates":[[[78.323823,17.479969],[78.323753,17.479984],[78.323735,17.479909],[78.323806,17.479894],[78.323823,17.479969]]]},"properties":{"id":"0f203f521eed","height":null,"num_floors":null,"render_height_m":6.4,"height_label":"assumed"}},{"type":"Feature","geometry":{"type":"Polygon","coordinates":[[[78.32374,17.479976],[78.323673,17.479996],[78.323652,17.479933],[78.32372,17.479913],[78.32374,17.479976]]]},"properties":{"id":"39aca40a5d08","height":null,"num_floors":null,"render_height_m":6.4,"height_label":"assumed"}},{"type":"Feature","geometry":{"type":"Polygon","coordinates":[[[78.323774,17.480055],[78.323708,17.48008],[78.323681,17.480017],[78.323748,17.479992],[78.323774,17.480055]]]},"properties":{"id":"dd86175652ea","height":null,"num_floors":null,"render_height_m":6.4,"height_label":"assumed"}},{"type":"Feature","geometry":{"type":"Polygon","coordinates":[[[78.323741,17.48015],[78.323715,17.480089],[78.323794,17.480059],[78.323819,17.480119],[78.323741,17.48015]]]},"properties":{"id":"722e734e0251","height":null,"num_floors":null,"render_height_m":6.4,"height_label":"assumed"}},{"type":"Feature","geometry":{"type":"Polygon","coordinates":[[[78.323583,17.480088],[78.323518,17.480109],[78.323499,17.480054],[78.323564,17.480034],[78.323583,17.480088]]]},"properties":{"id":"a4d77518d78f","height":null,"num_floors":null,"render_height_m":6.4,"height_label":"assumed"}},{"type":"Feature","geometry":{"type":"Polygon","coordinates":[[[78.323607,17.480155],[78.323546,17.480177],[78.323522,17.480118],[78.323583,17.480095],[78.323607,17.480155]]]},"properties":{"id":"611da23fb7f4","height":null,"num_floors":null,"render_height_m":6.4,"height_label":"assumed"}},{"type":"Feature","geometry":{"type":"Polygon","coordinates":[[[78.323423,17.480168],[78.323408,17.480113],[78.323471,17.480096],[78.323486,17.480152],[78.323423,17.480168]]]},"properties":{"id":"8a93cc63e57a","height":null,"num_floors":null,"render_height_m":6.4,"height_label":"assumed"}},{"type":"Feature","geometry":{"type":"Polygon","coordinates":[[[78.323325,17.480195],[78.323305,17.48012],[78.323383,17.480101],[78.323403,17.480175],[78.323325,17.480195]]]},"properties":{"id":"aa67ac38336d","height":null,"num_floors":null,"render_height_m":6.4,"height_label":"assumed"}},{"type":"Feature","geometry":{"type":"Polygon","coordinates":[[[78.323472,17.480085],[78.323403,17.480102],[78.323379,17.480017],[78.323448,17.48],[78.323472,17.480085]]]},"properties":{"id":"c09b10b813df","height":null,"num_floors":null,"render_height_m":6.4,"height_label":"assumed"}},{"type":"Feature","geometry":{"type":"Polygon","coordinates":[[[78.323417,17.479907],[78.323336,17.479917],[78.323325,17.479847],[78.323406,17.479836],[78.323417,17.479907]]]},"properties":{"id":"abc2184fe804","height":null,"num_floors":null,"render_height_m":6.4,"height_label":"assumed"}},{"type":"Feature","geometry":{"type":"Polygon","coordinates":[[[78.323233,17.479935],[78.323225,17.479861],[78.323309,17.479852],[78.323317,17.479927],[78.323233,17.479935]]]},"properties":{"id":"22e46c6f45d5","height":null,"num_floors":null,"render_height_m":6.4,"height_label":"assumed"}},{"type":"Feature","geometry":{"type":"Polygon","coordinates":[[[78.323294,17.480113],[78.323216,17.480125],[78.323202,17.480042],[78.32328,17.48003],[78.323294,17.480113]]]},"properties":{"id":"25a75b14b3ce","height":null,"num_floors":null,"render_height_m":6.4,"height_label":"assumed"}},{"type":"Feature","geometry":{"type":"Polygon","coordinates":[[[78.323383,17.480092],[78.323305,17.480108],[78.323285,17.480023],[78.323364,17.480006],[78.323383,17.480092]]]},"properties":{"id":"b42e0f4eff88","height":null,"num_floors":null,"render_height_m":9.6,"height_label":"assumed"}},{"type":"Feature","geometry":{"type":"Polygon","coordinates":[[[78.323092,17.480109],[78.323032,17.480122],[78.323017,17.480054],[78.323076,17.480042],[78.323092,17.480109]]]},"properties":{"id":"206e0a79347d","height":null,"num_floors":null,"render_height_m":6.4,"height_label":"assumed"}},{"type":"Feature","geometry":{"type":"Polygon","coordinates":[[[78.323014,17.480143],[78.322945,17.480154],[78.32293,17.480066],[78.322998,17.480055],[78.323014,17.480143]]]},"properties":{"id":"ff412f5b48a1","height":null,"num_floors":null,"render_height_m":6.4,"height_label":"assumed"}},{"type":"Feature","geometry":{"type":"Polygon","coordinates":[[[78.32305,17.479994],[78.323006,17.480004],[78.322985,17.47992],[78.323029,17.47991],[78.32305,17.479994]]]},"properties":{"id":"eb1f6125ed72","height":null,"num_floors":null,"render_height_m":6.4,"height_label":"assumed"}},{"type":"Feature","geometry":{"type":"Polygon","coordinates":[[[78.323059,17.479988],[78.323038,17.479896],[78.323115,17.47988],[78.323136,17.479972],[78.323059,17.479988]]]},"properties":{"id":"54cce5371619","height":null,"num_floors":null,"render_height_m":9.6,"height_label":"assumed"}},{"type":"Feature","geometry":{"type":"Polygon","coordinates":[[[78.323149,17.479965],[78.323135,17.479876],[78.323209,17.479866],[78.323223,17.479954],[78.323149,17.479965]]]},"properties":{"id":"ebab33dfbedf","height":null,"num_floors":null,"render_height_m":6.4,"height_label":"assumed"}},{"type":"Feature","geometry":{"type":"Polygon","coordinates":[[[78.323208,17.479855],[78.323127,17.479864],[78.323119,17.4798],[78.3232,17.479791],[78.323208,17.479855]]]},"properties":{"id":"aec71911c42e","height":null,"num_floors":null,"render_height_m":6.4,"height_label":"assumed"}},{"type":"Feature","geometry":{"type":"Polygon","coordinates":[[[78.323122,17.479868],[78.323034,17.479887],[78.32302,17.479826],[78.323108,17.479807],[78.323122,17.479868]]]},"properties":{"id":"d2d4391a925f","height":null,"num_floors":null,"render_height_m":6.4,"height_label":"assumed"}},{"type":"Feature","geometry":{"type":"Polygon","coordinates":[[[78.323081,17.479783],[78.323018,17.479788],[78.323008,17.479745],[78.323073,17.479736],[78.323081,17.479783]]]},"properties":{"id":"bbe28a14d4be","height":null,"num_floors":null,"render_height_m":6.4,"height_label":"assumed"}},{"type":"Feature","geometry":{"type":"Polygon","coordinates":[[[78.323198,17.479784],[78.323104,17.479789],[78.323098,17.479687],[78.323191,17.479681],[78.323198,17.479784]]]},"properties":{"id":"72bca9bf274f","height":null,"num_floors":null,"render_height_m":9.6,"height_label":"assumed"}},{"type":"Feature","geometry":{"type":"Polygon","coordinates":[[[78.323256,17.479665],[78.323133,17.479673],[78.323127,17.479581],[78.32325,17.479573],[78.323256,17.479665]]]},"properties":{"id":"36e935afa254","height":null,"num_floors":null,"render_height_m":9.6,"height_label":"assumed"}},{"type":"Feature","geometry":{"type":"Polygon","coordinates":[[[78.323081,17.479727],[78.323004,17.479736],[78.32299,17.479637],[78.323068,17.479628],[78.323081,17.479727]]]},"properties":{"id":"84c7a166f280","height":null,"num_floors":null,"render_height_m":9.6,"height_label":"assumed"}},{"type":"Feature","geometry":{"type":"Polygon","coordinates":[[[78.322987,17.479694],[78.322907,17.479701],[78.3229,17.479635],[78.32298,17.479628],[78.322987,17.479694]]]},"properties":{"id":"ab58184a7a4f","height":null,"num_floors":null,"render_height_m":6.4,"height_label":"assumed"}},{"type":"Feature","geometry":{"type":"Polygon","coordinates":[[[78.322922,17.479793],[78.32291,17.479713],[78.322988,17.479706],[78.322994,17.479784],[78.322922,17.479793]]]},"properties":{"id":"1e1b4db172cf","height":null,"num_floors":null,"render_height_m":6.4,"height_label":"assumed"}},{"type":"Feature","geometry":{"type":"Polygon","coordinates":[[[78.322795,17.479798],[78.322785,17.479713],[78.322889,17.479703],[78.322898,17.479788],[78.322795,17.479798]]]},"properties":{"id":"95edf41e57c2","height":null,"num_floors":null,"render_height_m":9.6,"height_label":"assumed"}},{"type":"Feature","geometry":{"type":"Polygon","coordinates":[[[78.322886,17.479685],[78.322785,17.479686],[78.322785,17.479615],[78.322886,17.479614],[78.322886,17.479685]]]},"properties":{"id":"0cd5f40b6e6e","height":null,"num_floors":null,"render_height_m":9.6,"height_label":"assumed"}},{"type":"Feature","geometry":{"type":"Polygon","coordinates":[[[78.322911,17.479612],[78.322788,17.479608],[78.322789,17.479556],[78.322913,17.479559],[78.322911,17.479612]]]},"properties":{"id":"ff899bdf5eaa","height":null,"num_floors":null,"render_height_m":6.4,"height_label":"assumed"}},{"type":"Feature","geometry":{"type":"Polygon","coordinates":[[[78.32277,17.479709],[78.322661,17.479707],[78.322662,17.479639],[78.322771,17.47964],[78.32277,17.479709]]]},"properties":{"id":"d3282a3885d2","height":null,"num_floors":null,"render_height_m":9.6,"height_label":"assumed"}},{"type":"Feature","geometry":{"type":"Polygon","coordinates":[[[78.32275,17.47963],[78.322648,17.479629],[78.322649,17.479575],[78.322751,17.479576],[78.32275,17.47963]]]},"properties":{"id":"c4a9ec8b9840","height":null,"num_floors":null,"render_height_m":6.4,"height_label":"assumed"}},{"type":"Feature","geometry":{"type":"Polygon","coordinates":[[[78.322632,17.479835],[78.32256,17.479844],[78.322547,17.479748],[78.322619,17.479739],[78.322632,17.479835]]]},"properties":{"id":"88dc26812216","height":null,"num_floors":null,"render_height_m":9.6,"height_label":"assumed"}},{"type":"Feature","geometry":{"type":"Polygon","coordinates":[[[78.322783,17.479813],[78.322697,17.479822],[78.322684,17.479721],[78.322771,17.479711],[78.322783,17.479813]]]},"properties":{"id":"fb5aa0eb4ed7","height":null,"num_floors":null,"render_height_m":9.6,"height_label":"assumed"}},{"type":"Feature","geometry":{"type":"Polygon","coordinates":[[[78.32271,17.479968],[78.322629,17.479985],[78.322604,17.479881],[78.322685,17.479864],[78.32271,17.479968]]]},"properties":{"id":"5ba9e7bbf3fa","height":null,"num_floors":null,"render_height_m":9.6,"height_label":"assumed"}},{"type":"Feature","geometry":{"type":"Polygon","coordinates":[[[78.322762,17.479853],[78.322788,17.479954],[78.322728,17.479968],[78.322702,17.479867],[78.322762,17.479853]]]},"properties":{"id":"48d953944026","height":null,"num_floors":null,"render_height_m":6.4,"height_label":"assumed"}},{"type":"Feature","geometry":{"type":"Polygon","coordinates":[[[78.322939,17.479924],[78.322802,17.479957],[78.322775,17.479856],[78.322912,17.479823],[78.322939,17.479924]]]},"properties":{"id":"955850a3734f","height":null,"num_floors":null,"render_height_m":9.6,"height_label":"assumed"}},{"type":"Feature","geometry":{"type":"Polygon","coordinates":[[[78.322815,17.480041],[78.322799,17.479972],[78.322892,17.479952],[78.322909,17.480021],[78.322815,17.480041]]]},"properties":{"id":"b01ef126f274","height":null,"num_floors":null,"render_height_m":9.6,"height_label":"assumed"}},{"type":"Feature","geometry":{"type":"Polygon","coordinates":[[[78.322806,17.480042],[78.322742,17.480057],[78.322723,17.479985],[78.322788,17.47997],[78.322806,17.480042]]]},"properties":{"id":"ea88e0911a96","height":null,"num_floors":null,"render_height_m":6.4,"height_label":"assumed"}},{"type":"Feature","geometry":{"type":"Polygon","coordinates":[[[78.322928,17.480163],[78.322853,17.480174],[78.322838,17.480081],[78.322914,17.48007],[78.322928,17.480163]]]},"properties":{"id":"658d1f06926b","height":null,"num_floors":null,"render_height_m":9.6,"height_label":"assumed"}},{"type":"Feature","geometry":{"type":"Polygon","coordinates":[[[78.322834,17.480156],[78.322774,17.48017],[78.322754,17.480092],[78.322815,17.480078],[78.322834,17.480156]]]},"properties":{"id":"973c28112a40","height":null,"num_floors":null,"render_height_m":6.4,"height_label":"assumed"}},{"type":"Feature","geometry":{"type":"Polygon","coordinates":[[[78.322753,17.480166],[78.322687,17.480171],[78.32268,17.480099],[78.322746,17.480093],[78.322753,17.480166]]]},"properties":{"id":"0f9ffaf40476","height":null,"num_floors":null,"render_height_m":6.4,"height_label":"assumed"}},{"type":"Feature","geometry":{"type":"Polygon","coordinates":[[[78.322652,17.480077],[78.32263,17.479992],[78.322711,17.479973],[78.322733,17.480058],[78.322652,17.480077]]]},"properties":{"id":"226b0b213f7e","height":null,"num_floors":null,"render_height_m":9.6,"height_label":"assumed"}},{"type":"Feature","geometry":{"type":"Polygon","coordinates":[[[78.322678,17.480173],[78.322607,17.480182],[78.322597,17.480114],[78.322667,17.480104],[78.322678,17.480173]]]},"properties":{"id":"6ce8ae47e1d2","height":null,"num_floors":null,"render_height_m":6.4,"height_label":"assumed"}},{"type":"Feature","geometry":{"type":"Polygon","coordinates":[[[78.322508,17.480048],[78.322521,17.480102],[78.322477,17.480111],[78.322465,17.480057],[78.322508,17.480048]]]},"properties":{"id":"c9ef4c2eb1f9","height":null,"num_floors":null,"render_height_m":6.4,"height_label":"assumed"}},{"type":"Feature","geometry":{"type":"Polygon","coordinates":[[[78.322583,17.480009],[78.322458,17.480035],[78.322429,17.47991],[78.322554,17.479883],[78.322583,17.480009]]]},"properties":{"id":"62c2cfbe9e11","height":null,"num_floors":null,"render_height_m":9.6,"height_label":"assumed"}},{"type":"Feature","geometry":{"type":"Polygon","coordinates":[[[78.322436,17.480002],[78.322375,17.480012],[78.322358,17.479922],[78.322419,17.479911],[78.322436,17.480002]]]},"properties":{"id":"b6968f33a216","height":null,"num_floors":null,"render_height_m":6.4,"height_label":"assumed"}},{"type":"Feature","geometry":{"type":"Polygon","coordinates":[[[78.322362,17.480009],[78.322267,17.480031],[78.322244,17.479944],[78.322339,17.479922],[78.322362,17.480009]]]},"properties":{"id":"1f3255aeac45","height":null,"num_floors":null,"render_height_m":9.6,"height_label":"assumed"}},{"type":"Feature","geometry":{"type":"Polygon","coordinates":[[[78.322382,17.48012],[78.322324,17.480131],[78.322304,17.48003],[78.322362,17.48002],[78.322382,17.48012]]]},"properties":{"id":"74e595f82986","height":null,"num_floors":null,"render_height_m":6.4,"height_label":"assumed"}},{"type":"Feature","geometry":{"type":"Polygon","coordinates":[[[78.322463,17.480102],[78.322391,17.480117],[78.322373,17.48004],[78.322444,17.480024],[78.322463,17.480102]]]},"properties":{"id":"ae03517c2603","height":null,"num_floors":null,"render_height_m":6.4,"height_label":"assumed"}},{"type":"Feature","geometry":{"type":"Polygon","coordinates":[[[78.322252,17.480045],[78.322154,17.480068],[78.322129,17.47997],[78.322226,17.479947],[78.322252,17.480045]]]},"properties":{"id":"03d72d737ece","height":null,"num_floors":null,"render_height_m":9.6,"height_label":"assumed"}},{"type":"Feature","geometry":{"type":"Polygon","coordinates":[[[78.322182,17.480153],[78.322099,17.480161],[78.322092,17.480088],[78.322175,17.480081],[78.322182,17.480153]]]},"properties":{"id":"6351e78b9ad1","height":null,"num_floors":null,"render_height_m":6.4,"height_label":"assumed"}},{"type":"Feature","geometry":{"type":"Polygon","coordinates":[[[78.322133,17.480074],[78.322077,17.480085],[78.322057,17.479994],[78.322113,17.479983],[78.322133,17.480074]]]},"properties":{"id":"fd8c11cfa391","height":null,"num_floors":null,"render_height_m":6.4,"height_label":"assumed"}},{"type":"Feature","geometry":{"type":"Polygon","coordinates":[[[78.32219,17.479918],[78.322097,17.479926],[78.322086,17.479814],[78.322179,17.479806],[78.32219,17.479918]]]},"properties":{"id":"0da96d849bf5","height":null,"num_floors":null,"render_height_m":9.6,"height_label":"assumed"}},{"type":"Feature","geometry":{"type":"Polygon","coordinates":[[[78.322272,17.479908],[78.322197,17.479913],[78.322191,17.479824],[78.322266,17.47982],[78.322272,17.479908]]]},"properties":{"id":"083e893e3516","height":null,"num_floors":null,"render_height_m":6.4,"height_label":"assumed"}},{"type":"Feature","geometry":{"type":"Polygon","coordinates":[[[78.322256,17.479807],[78.322185,17.479812],[78.322178,17.479721],[78.322248,17.479716],[78.322256,17.479807]]]},"properties":{"id":"9861f445a10f","height":null,"num_floors":null,"render_height_m":6.4,"height_label":"assumed"}},{"type":"Feature","geometry":{"type":"Polygon","coordinates":[[[78.322087,17.479921],[78.321978,17.479938],[78.321955,17.479804],[78.322063,17.479787],[78.322087,17.479921]]]},"properties":{"id":"58ade3166974","height":null,"num_floors":null,"render_height_m":9.6,"height_label":"assumed"}},{"type":"Feature","geometry":{"type":"Polygon","coordinates":[[[78.321951,17.47979],[78.321945,17.479745],[78.322048,17.479732],[78.322054,17.479776],[78.321951,17.47979]]]},"properties":{"id":"4e549802443e","height":null,"num_floors":null,"render_height_m":6.4,"height_label":"assumed"}},{"type":"Feature","geometry":{"type":"Polygon","coordinates":[[[78.322168,17.479797],[78.322079,17.479804],[78.322072,17.47972],[78.32216,17.479713],[78.322168,17.479797]]]},"properties":{"id":"b249ed925eca","height":null,"num_floors":null,"render_height_m":9.6,"height_label":"assumed"}},{"type":"Feature","geometry":{"type":"Polygon","coordinates":[[[78.322037,17.479724],[78.321928,17.479736],[78.32192,17.479671],[78.32203,17.479659],[78.322037,17.479724]]]},"properties":{"id":"d30ab94b5a0d","height":null,"num_floors":null,"render_height_m":9.6,"height_label":"assumed"}},{"type":"Feature","geometry":{"type":"Polygon","coordinates":[[[78.322024,17.479653],[78.321916,17.479652],[78.321917,17.479599],[78.322024,17.479599],[78.322024,17.479653]]]},"properties":{"id":"64dc3ed6573c","height":null,"num_floors":null,"render_height_m":6.4,"height_label":"assumed"}},{"type":"Feature","geometry":{"type":"Polygon","coordinates":[[[78.32215,17.479703],[78.322067,17.479708],[78.322058,17.479581],[78.322141,17.479576],[78.32215,17.479703]]]},"properties":{"id":"851cc98ec83d","height":null,"num_floors":null,"render_height_m":9.6,"height_label":"assumed"}},{"type":"Feature","geometry":{"type":"Polygon","coordinates":[[[78.322247,17.479634],[78.322158,17.479641],[78.322151,17.479556],[78.32224,17.47955],[78.322247,17.479634]]]},"properties":{"id":"f8654af92cf9","height":null,"num_floors":null,"render_height_m":9.6,"height_label":"assumed"}},{"type":"Feature","geometry":{"type":"Polygon","coordinates":[[[78.322254,17.479704],[78.322169,17.479709],[78.322165,17.479649],[78.322251,17.479645],[78.322254,17.479704]]]},"properties":{"id":"26b26c25ea01","height":null,"num_floors":null,"render_height_m":6.4,"height_label":"assumed"}},{"type":"Feature","geometry":{"type":"Polygon","coordinates":[[[78.32237,17.479626],[78.322279,17.479637],[78.322273,17.479594],[78.322365,17.479583],[78.32237,17.479626]]]},"properties":{"id":"c6e8b4f05e86","height":null,"num_floors":null,"render_height_m":6.4,"height_label":"assumed"}},{"type":"Feature","geometry":{"type":"Polygon","coordinates":[[[78.322401,17.479703],[78.322323,17.479709],[78.322316,17.479636],[78.322394,17.47963],[78.322401,17.479703]]]},"properties":{"id":"594b03e92ab1","height":null,"num_floors":null,"render_height_m":6.4,"height_label":"assumed"}},{"type":"Feature","geometry":{"type":"Polygon","coordinates":[[[78.322324,17.479765],[78.322262,17.479768],[78.322258,17.479707],[78.322319,17.479703],[78.322324,17.479765]]]},"properties":{"id":"7d5485a2d60c","height":null,"num_floors":null,"render_height_m":6.4,"height_label":"assumed"}},{"type":"Feature","geometry":{"type":"Polygon","coordinates":[[[78.32235,17.479889],[78.322282,17.479893],[78.322275,17.479777],[78.322343,17.479774],[78.32235,17.479889]]]},"properties":{"id":"9f946fa605c3","height":null,"num_floors":null,"render_height_m":9.6,"height_label":"assumed"}},{"type":"Feature","geometry":{"type":"Polygon","coordinates":[[[78.322428,17.47989],[78.32236,17.479893],[78.322355,17.47979],[78.322423,17.479788],[78.322428,17.47989]]]},"properties":{"id":"cae6506d25d3","height":null,"num_floors":null,"render_height_m":9.6,"height_label":"assumed"}},{"type":"Feature","geometry":{"type":"Polygon","coordinates":[[[78.322419,17.479781],[78.32235,17.479781],[78.32235,17.479712],[78.322418,17.479712],[78.322419,17.479781]]]},"properties":{"id":"373cb401ca92","height":null,"num_floors":null,"render_height_m":6.4,"height_label":"assumed"}},{"type":"Feature","geometry":{"type":"Polygon","coordinates":[[[78.322492,17.479865],[78.322463,17.479866],[78.322435,17.479755],[78.322483,17.479752],[78.322492,17.479865]]]},"properties":{"id":"bbbcc6541936","height":null,"num_floors":null,"render_height_m":6.4,"height_label":"assumed"}},{"type":"Feature","geometry":{"type":"Polygon","coordinates":[[[78.322547,17.479854],[78.322498,17.479857],[78.32249,17.479752],[78.322539,17.479749],[78.322547,17.479854]]]},"properties":{"id":"82f1cb572b94","height":null,"num_floors":null,"render_height_m":6.4,"height_label":"assumed"}},{"type":"Feature","geometry":{"type":"Polygon","coordinates":[[[78.322598,17.479718],[78.322507,17.479725],[78.322503,17.479677],[78.322593,17.47967],[78.322598,17.479718]]]},"properties":{"id":"a6bba44e6871","height":null,"num_floors":null,"render_height_m":6.4,"height_label":"assumed"}},{"type":"Feature","geometry":{"type":"Polygon","coordinates":[[[78.322483,17.479739],[78.322431,17.479743],[78.322427,17.479696],[78.322479,17.479692],[78.322483,17.479739]]]},"properties":{"id":"309504196249","height":null,"num_floors":null,"render_height_m":6.4,"height_label":"assumed"}},{"type":"Feature","geometry":{"type":"Polygon","coordinates":[[[78.322486,17.479679],[78.322414,17.479683],[78.322411,17.479632],[78.322483,17.479628],[78.322486,17.479679]]]},"properties":{"id":"61dd9634cd2c","height":null,"num_floors":null,"render_height_m":6.4,"height_label":"assumed"}},{"type":"Feature","geometry":{"type":"Polygon","coordinates":[[[78.322475,17.479617],[78.322402,17.479621],[78.322398,17.479547],[78.322471,17.479543],[78.322475,17.479617]]]},"properties":{"id":"2e6101d1ad70","height":null,"num_floors":null,"render_height_m":6.4,"height_label":"assumed"}},{"type":"Feature","geometry":{"type":"Polygon","coordinates":[[[78.322588,17.479663],[78.3225,17.47967],[78.322495,17.479613],[78.322583,17.479606],[78.322588,17.479663]]]},"properties":{"id":"e97a1c542293","height":null,"num_floors":null,"render_height_m":6.4,"height_label":"assumed"}},{"type":"Feature","geometry":{"type":"Polygon","coordinates":[[[78.322579,17.479598],[78.322487,17.479609],[78.322478,17.479541],[78.32257,17.47953],[78.322579,17.479598]]]},"properties":{"id":"94636fef5693","height":null,"num_floors":null,"render_height_m":6.4,"height_label":"assumed"}},{"type":"Feature","geometry":{"type":"Polygon","coordinates":[[[78.322513,17.479498],[78.322462,17.479502],[78.322457,17.479446],[78.322509,17.479442],[78.322513,17.479498]]]},"properties":{"id":"a5b342bfc022","height":null,"num_floors":null,"render_height_m":6.4,"height_label":"assumed"}},{"type":"Feature","geometry":{"type":"Polygon","coordinates":[[[78.322584,17.479491],[78.322521,17.479496],[78.322517,17.479444],[78.322579,17.479439],[78.322584,17.479491]]]},"properties":{"id":"ca35d1bfc99a","height":null,"num_floors":null,"render_height_m":6.4,"height_label":"assumed"}},{"type":"Feature","geometry":{"type":"Polygon","coordinates":[[[78.322583,17.479428],[78.322521,17.479433],[78.322516,17.479372],[78.322577,17.479367],[78.322583,17.479428]]]},"properties":{"id":"44ced3d45400","height":null,"num_floors":null,"render_height_m":6.4,"height_label":"assumed"}},{"type":"Feature","geometry":{"type":"Polygon","coordinates":[[[78.322571,17.479359],[78.322506,17.479359],[78.322506,17.479301],[78.322571,17.479301],[78.322571,17.479359]]]},"properties":{"id":"c49bc6331323","height":null,"num_floors":null,"render_height_m":6.4,"height_label":"assumed"}},{"type":"Feature","geometry":{"type":"Polygon","coordinates":[[[78.322491,17.479365],[78.322422,17.479369],[78.322418,17.479289],[78.322487,17.479286],[78.322491,17.479365]]]},"properties":{"id":"736f7a593ef8","height":null,"num_floors":null,"render_height_m":6.4,"height_label":"assumed"}},{"type":"Feature","geometry":{"type":"Polygon","coordinates":[[[78.322514,17.479433],[78.322461,17.479438],[78.322455,17.479381],[78.322509,17.479376],[78.322514,17.479433]]]},"properties":{"id":"96c81ecff09d","height":null,"num_floors":null,"render_height_m":6.4,"height_label":"assumed"}},{"type":"Feature","geometry":{"type":"Polygon","coordinates":[[[78.322451,17.479442],[78.322359,17.479446],[78.322356,17.479387],[78.322448,17.479383],[78.322451,17.479442]]]},"properties":{"id":"1c78a310cd15","height":null,"num_floors":null,"render_height_m":6.4,"height_label":"assumed"}},{"type":"Feature","geometry":{"type":"Polygon","coordinates":[[[78.322413,17.479375],[78.322328,17.479379],[78.322323,17.479289],[78.322409,17.479285],[78.322413,17.479375]]]},"properties":{"id":"7041b39b7626","height":null,"num_floors":null,"render_height_m":9.6,"height_label":"assumed"}},{"type":"Feature","geometry":{"type":"Polygon","coordinates":[[[78.322344,17.479518],[78.322259,17.479534],[78.322245,17.479468],[78.322331,17.479452],[78.322344,17.479518]]]},"properties":{"id":"b66a04d122c3","height":null,"num_floors":null,"render_height_m":6.4,"height_label":"assumed"}},{"type":"Feature","geometry":{"type":"Polygon","coordinates":[[[78.322454,17.479511],[78.322372,17.479515],[78.322369,17.479455],[78.322451,17.479452],[78.322454,17.479511]]]},"properties":{"id":"bd3ca975dbbf","height":null,"num_floors":null,"render_height_m":6.4,"height_label":"assumed"}},{"type":"Feature","geometry":{"type":"Polygon","coordinates":[[[78.322355,17.479577],[78.322269,17.479588],[78.322261,17.479537],[78.322348,17.479526],[78.322355,17.479577]]]},"properties":{"id":"7384e903969b","height":null,"num_floors":null,"render_height_m":6.4,"height_label":"assumed"}},{"type":"Feature","geometry":{"type":"Polygon","coordinates":[[[78.322312,17.479452],[78.322234,17.479466],[78.322224,17.479414],[78.322302,17.479401],[78.322312,17.479452]]]},"properties":{"id":"0722f2b82258","height":null,"num_floors":null,"render_height_m":6.4,"height_label":"assumed"}},{"type":"Feature","geometry":{"type":"Polygon","coordinates":[[[78.322232,17.479542],[78.322064,17.47955],[78.32206,17.47948],[78.322229,17.479471],[78.322232,17.479542]]]},"properties":{"id":"eb8693831536","height":null,"num_floors":null,"render_height_m":9.6,"height_label":"assumed"}},{"type":"Feature","geometry":{"type":"Polygon","coordinates":[[[78.322039,17.479479],[78.321926,17.479478],[78.321927,17.479409],[78.322039,17.47941],[78.322039,17.479479]]]},"properties":{"id":"e130c1ab70af","height":null,"num_floors":null,"render_height_m":9.6,"height_label":"assumed"}},{"type":"Feature","geometry":{"type":"Polygon","coordinates":[[[78.322143,17.479397],[78.322138,17.479444],[78.322111,17.479442],[78.322116,17.479394],[78.322143,17.479397]]]},"properties":{"id":"4f96c7d5d313","height":null,"num_floors":null,"render_height_m":6.4,"height_label":"assumed"}},{"type":"Feature","geometry":{"type":"Polygon","coordinates":[[[78.322108,17.479453],[78.322063,17.479453],[78.322064,17.479405],[78.322109,17.479406],[78.322108,17.479453]]]},"properties":{"id":"962b55852344","height":null,"num_floors":null,"render_height_m":6.4,"height_label":"assumed"}},{"type":"Feature","geometry":{"type":"Polygon","coordinates":[[[78.32211,17.4794],[78.322066,17.479399],[78.322067,17.479353],[78.322111,17.479354],[78.32211,17.4794]]]},"properties":{"id":"2b3c9718573d","height":null,"num_floors":null,"render_height_m":6.4,"height_label":"assumed"}},{"type":"Feature","geometry":{"type":"Polygon","coordinates":[[[78.322041,17.479405],[78.321915,17.479404],[78.321916,17.479354],[78.322042,17.479355],[78.322041,17.479405]]]},"properties":{"id":"a1137f480c67","height":null,"num_floors":null,"render_height_m":6.4,"height_label":"assumed"}},{"type":"Feature","geometry":{"type":"Polygon","coordinates":[[[78.322048,17.479342],[78.321922,17.47934],[78.321923,17.479246],[78.322049,17.479246],[78.322048,17.479342]]]},"properties":{"id":"4b151e87d474","height":null,"num_floors":null,"render_height_m":9.6,"height_label":"assumed"}},{"type":"Feature","geometry":{"type":"Polygon","coordinates":[[[78.322179,17.479348],[78.322072,17.479346],[78.322074,17.479244],[78.322181,17.479246],[78.322179,17.479348]]]},"properties":{"id":"2766034659a0","height":null,"num_floors":null,"render_height_m":9.6,"height_label":"assumed"}},{"type":"Feature","geometry":{"type":"Polygon","coordinates":[[[78.322297,17.479399],[78.322222,17.479408],[78.322214,17.479346],[78.322289,17.479337],[78.322297,17.479399]]]},"properties":{"id":"859a73ce967b","height":null,"num_floors":null,"render_height_m":6.4,"height_label":"assumed"}},{"type":"Feature","geometry":{"type":"Polygon","coordinates":[[[78.322308,17.479328],[78.322202,17.479333],[78.322197,17.47924],[78.322303,17.479235],[78.322308,17.479328]]]},"properties":{"id":"3677b96be0bc","height":null,"num_floors":null,"render_height_m":9.6,"height_label":"assumed"}},{"type":"Feature","geometry":{"type":"Polygon","coordinates":[[[78.322296,17.479226],[78.322196,17.479227],[78.322195,17.479182],[78.322296,17.479181],[78.322296,17.479226]]]},"properties":{"id":"4f4c22e794e8","height":null,"num_floors":null,"render_height_m":6.4,"height_label":"assumed"}},{"type":"Feature","geometry":{"type":"Polygon","coordinates":[[[78.322184,17.479231],[78.322074,17.47923],[78.322075,17.479147],[78.322185,17.479148],[78.322184,17.479231]]]},"properties":{"id":"743a0f295985","height":null,"num_floors":null,"render_height_m":9.6,"height_label":"assumed"}},{"type":"Feature","geometry":{"type":"Polygon","coordinates":[[[78.322054,17.479236],[78.321939,17.479235],[78.32194,17.479117],[78.322054,17.479118],[78.322054,17.479236]]]},"properties":{"id":"d4366636a1c3","height":null,"num_floors":null,"render_height_m":9.6,"height_label":"assumed"}},{"type":"Feature","geometry":{"type":"Polygon","coordinates":[[[78.322069,17.479104],[78.321945,17.479103],[78.321945,17.479038],[78.32207,17.479039],[78.322069,17.479104]]]},"properties":{"id":"5b09937d3617","height":null,"num_floors":null,"render_height_m":9.6,"height_label":"assumed"}},{"type":"Feature","geometry":{"type":"Polygon","coordinates":[[[78.3222,17.479134],[78.322082,17.479133],[78.322083,17.479053],[78.322201,17.479054],[78.3222,17.479134]]]},"properties":{"id":"54e4b8b9e821","height":null,"num_floors":null,"render_height_m":9.6,"height_label":"assumed"}},{"type":"Feature","geometry":{"type":"Polygon","coordinates":[[[78.322307,17.479172],[78.322205,17.479173],[78.322205,17.479111],[78.322307,17.479111],[78.322307,17.479172]]]},"properties":{"id":"c3b170ef97dc","height":null,"num_floors":null,"render_height_m":6.4,"height_label":"assumed"}},{"type":"Feature","geometry":{"type":"Polygon","coordinates":[[[78.32228,17.478955],[78.322308,17.478955],[78.322306,17.479051],[78.322278,17.47905],[78.32228,17.478955]]]},"properties":{"id":"d955ae43627a","height":null,"num_floors":null,"render_height_m":6.4,"height_label":"assumed"}},{"type":"Feature","geometry":{"type":"Polygon","coordinates":[[[78.322398,17.479059],[78.322338,17.47906],[78.322336,17.479005],[78.322396,17.479004],[78.322398,17.479059]]]},"properties":{"id":"c0da4a39236f","height":null,"num_floors":null,"render_height_m":6.4,"height_label":"assumed"}},{"type":"Feature","geometry":{"type":"Polygon","coordinates":[[[78.322401,17.479236],[78.322312,17.479235],[78.322312,17.479183],[78.322401,17.479184],[78.322401,17.479236]]]},"properties":{"id":"1b9016e522b3","height":null,"num_floors":null,"render_height_m":6.4,"height_label":"assumed"}},{"type":"Feature","geometry":{"type":"Polygon","coordinates":[[[78.322481,17.479277],[78.322412,17.479278],[78.322412,17.479188],[78.32248,17.479188],[78.322481,17.479277]]]},"properties":{"id":"f3472bc942f0","height":null,"num_floors":null,"render_height_m":6.4,"height_label":"assumed"}},{"type":"Feature","geometry":{"type":"Polygon","coordinates":[[[78.322562,17.479292],[78.322493,17.479292],[78.322492,17.479197],[78.322561,17.479196],[78.322562,17.479292]]]},"properties":{"id":"b9f1a0e9a72e","height":null,"num_floors":null,"render_height_m":6.4,"height_label":"assumed"}},{"type":"Feature","geometry":{"type":"Polygon","coordinates":[[[78.32255,17.479187],[78.322493,17.479188],[78.322492,17.47913],[78.322549,17.479129],[78.32255,17.479187]]]},"properties":{"id":"c5d81cc039cb","height":null,"num_floors":null,"render_height_m":6.4,"height_label":"assumed"}},{"type":"Feature","geometry":{"type":"Polygon","coordinates":[[[78.322723,17.479122],[78.322607,17.479126],[78.322603,17.479034],[78.32272,17.47903],[78.322723,17.479122]]]},"properties":{"id":"3e849b03cc06","height":null,"num_floors":null,"render_height_m":9.6,"height_label":"assumed"}},{"type":"Feature","geometry":{"type":"Polygon","coordinates":[[[78.32281,17.479118],[78.322733,17.479122],[78.322729,17.479041],[78.322805,17.479037],[78.32281,17.479118]]]},"properties":{"id":"abe532fd5649","height":null,"num_floors":null,"render_height_m":6.4,"height_label":"assumed"}},{"type":"Feature","geometry":{"type":"Polygon","coordinates":[[[78.322881,17.479283],[78.322823,17.479283],[78.322823,17.479168],[78.322881,17.479168],[78.322881,17.479283]]]},"properties":{"id":"24fb39b1d050","height":null,"num_floors":null,"render_height_m":6.4,"height_label":"assumed"}},{"type":"Feature","geometry":{"type":"Polygon","coordinates":[[[78.322817,17.479278],[78.322743,17.479281],[78.322739,17.479168],[78.322813,17.479166],[78.322817,17.479278]]]},"properties":{"id":"1e2bdea5c785","height":null,"num_floors":null,"render_height_m":9.6,"height_label":"assumed"}},{"type":"Feature","geometry":{"type":"Polygon","coordinates":[[[78.322737,17.479272],[78.322696,17.479274],[78.322691,17.479174],[78.322732,17.479173],[78.322737,17.479272]]]},"properties":{"id":"30529fa8d843","height":null,"num_floors":null,"render_height_m":6.4,"height_label":"assumed"}},{"type":"Feature","geometry":{"type":"Polygon","coordinates":[[[78.322685,17.47928],[78.322615,17.479281],[78.322614,17.479174],[78.322683,17.479173],[78.322685,17.47928]]]},"properties":{"id":"1cefb2a8dd0c","height":null,"num_floors":null,"render_height_m":9.6,"height_label":"assumed"}},{"type":"Feature","geometry":{"type":"Polygon","coordinates":[[[78.322755,17.479393],[78.32262,17.479389],[78.322622,17.479314],[78.322757,17.479318],[78.322755,17.479393]]]},"properties":{"id":"f23d65dbadfb","height":null,"num_floors":null,"render_height_m":9.6,"height_label":"assumed"}},{"type":"Feature","geometry":{"type":"Polygon","coordinates":[[[78.322756,17.479452],[78.322644,17.479449],[78.322645,17.479398],[78.322758,17.4794],[78.322756,17.479452]]]},"properties":{"id":"c7592dec2c50","height":null,"num_floors":null,"render_height_m":6.4,"height_label":"assumed"}},{"type":"Feature","geometry":{"type":"Polygon","coordinates":[[[78.322759,17.479565],[78.322649,17.479567],[78.322648,17.479523],[78.322758,17.479521],[78.322759,17.479565]]]},"properties":{"id":"4973f80f2403","height":null,"num_floors":null,"render_height_m":6.4,"height_label":"assumed"}},{"type":"Feature","geometry":{"type":"Polygon","coordinates":[[[78.322755,17.479512],[78.32265,17.479512],[78.32265,17.479461],[78.322755,17.479461],[78.322755,17.479512]]]},"properties":{"id":"674933cc3e8b","height":null,"num_floors":null,"render_height_m":6.4,"height_label":"assumed"}},{"type":"Feature","geometry":{"type":"Polygon","coordinates":[[[78.32285,17.479462],[78.322765,17.479459],[78.322767,17.479398],[78.322852,17.479401],[78.32285,17.479462]]]},"properties":{"id":"55d7f3e4eedc","height":null,"num_floors":null,"render_height_m":6.4,"height_label":"assumed"}},{"type":"Feature","geometry":{"type":"Polygon","coordinates":[[[78.322869,17.479391],[78.322761,17.479392],[78.322761,17.479323],[78.322868,17.479322],[78.322869,17.479391]]]},"properties":{"id":"a7005803387c","height":null,"num_floors":null,"render_height_m":9.6,"height_label":"assumed"}},{"type":"Feature","geometry":{"type":"Polygon","coordinates":[[[78.322964,17.479304],[78.323093,17.479298],[78.323099,17.479414],[78.322969,17.479419],[78.322964,17.479304]]]},"properties":{"id":"9f1405221377","height":null,"num_floors":null,"render_height_m":9.6,"height_label":"assumed"}},{"type":"Feature","geometry":{"type":"Polygon","coordinates":[[[78.323046,17.479266],[78.322897,17.479266],[78.322897,17.479166],[78.323046,17.479166],[78.323046,17.479266]]]},"properties":{"id":"f40989d6bdea","height":null,"num_floors":null,"render_height_m":9.6,"height_label":"assumed"}},{"type":"Feature","geometry":{"type":"Polygon","coordinates":[[[78.323027,17.479122],[78.322904,17.47913],[78.322897,17.47903],[78.322854,17.479033],[78.322848,17.478945],[78.323014,17.478934],[78.323027,17.479122]]]},"properties":{"id":"ddca5ae3294e","height":null,"num_floors":null,"render_height_m":12.8,"height_label":"assumed"}},{"type":"Feature","geometry":{"type":"Polygon","coordinates":[[[78.323034,17.478856],[78.322943,17.478864],[78.322932,17.478803],[78.32293,17.478788],[78.323022,17.478768],[78.323034,17.478856]]]},"properties":{"id":"d2db854c559b","height":null,"num_floors":null,"render_height_m":9.6,"height_label":"assumed"}},{"type":"Feature","geometry":{"type":"Polygon","coordinates":[[[78.323143,17.478804],[78.323042,17.478815],[78.323034,17.478746],[78.323134,17.478735],[78.323143,17.478804]]]},"properties":{"id":"060e8984fec7","height":null,"num_floors":null,"render_height_m":9.6,"height_label":"assumed"}},{"type":"Feature","geometry":{"type":"Polygon","coordinates":[[[78.323224,17.47874],[78.323145,17.478748],[78.323124,17.478545],[78.323203,17.478537],[78.323224,17.47874]]]},"properties":{"id":"ef160fea7838","height":null,"num_floors":null,"render_height_m":9.6,"height_label":"assumed"}},{"type":"Feature","geometry":{"type":"Polygon","coordinates":[[[78.323118,17.478726],[78.323031,17.478732],[78.323015,17.478511],[78.323102,17.478506],[78.323118,17.478726]]]},"properties":{"id":"d3ebb6c3028f","height":null,"num_floors":null,"render_height_m":9.6,"height_label":"assumed"}},{"type":"Feature","geometry":{"type":"Polygon","coordinates":[[[78.322961,17.478772],[78.322863,17.478779],[78.322852,17.478623],[78.32295,17.478616],[78.322961,17.478772]]]},"properties":{"id":"d9e0884d1871","height":null,"num_floors":null,"render_height_m":9.6,"height_label":"assumed"}},{"type":"Feature","geometry":{"type":"Polygon","coordinates":[[[78.322835,17.478765],[78.322712,17.478767],[78.32271,17.478625],[78.322833,17.478624],[78.322835,17.478765]]]},"properties":{"id":"3c90e0f69404","height":null,"num_floors":null,"render_height_m":9.6,"height_label":"assumed"}},{"type":"Feature","geometry":{"type":"Polygon","coordinates":[[[78.322754,17.478587],[78.32281,17.478591],[78.322808,17.478617],[78.322752,17.478613],[78.322754,17.478587]]]},"properties":{"id":"85b6cd9af2b4","height":null,"num_floors":null,"render_height_m":6.4,"height_label":"assumed"}},{"type":"Feature","geometry":{"type":"Polygon","coordinates":[[[78.322704,17.478778],[78.322629,17.478781],[78.322623,17.47862],[78.322698,17.478617],[78.322704,17.478778]]]},"properties":{"id":"70831508c2cf","height":null,"num_floors":null,"render_height_m":9.6,"height_label":"assumed"}},{"type":"Feature","geometry":{"type":"Polygon","coordinates":[[[78.322783,17.478907],[78.322636,17.478909],[78.322634,17.478786],[78.322782,17.478785],[78.322783,17.478907]]]},"properties":{"id":"70544740f434","height":null,"num_floors":null,"render_height_m":9.6,"height_label":"assumed"}},{"type":"Feature","geometry":{"type":"Polygon","coordinates":[[[78.322913,17.47889],[78.322793,17.478891],[78.322793,17.478772],[78.322849,17.478772],[78.322849,17.478789],[78.322912,17.478789],[78.322913,17.47889]]]},"properties":{"id":"59e233af1068","height":null,"num_floors":null,"render_height_m":9.6,"height_label":"assumed"}},{"type":"Feature","geometry":{"type":"Polygon","coordinates":[[[78.322796,17.479029],[78.322726,17.479031],[78.322724,17.478952],[78.322794,17.47895],[78.322796,17.479029]]]},"properties":{"id":"da446a6afb5c","height":null,"num_floors":null,"render_height_m":6.4,"height_label":"assumed"}},{"type":"Feature","geometry":{"type":"Polygon","coordinates":[[[78.32251,17.478891],[78.322442,17.478891],[78.322441,17.478816],[78.32251,17.478815],[78.32251,17.478891]]]},"properties":{"id":"47a1b25b21b4","height":null,"num_floors":null,"render_height_m":6.4,"height_label":"assumed"}},{"type":"Feature","geometry":{"type":"Polygon","coordinates":[[[78.322329,17.47886],[78.322244,17.478861],[78.322243,17.478757],[78.322328,17.478756],[78.322329,17.47886]]]},"properties":{"id":"3215a641fedd","height":null,"num_floors":null,"render_height_m":9.6,"height_label":"assumed"}},{"type":"Feature","geometry":{"type":"Polygon","coordinates":[[[78.322423,17.478896],[78.322335,17.478897],[78.322334,17.478822],[78.322422,17.478821],[78.322423,17.478896]]]},"properties":{"id":"3b8822a496eb","height":null,"num_floors":null,"render_height_m":6.4,"height_label":"assumed"}},{"type":"Feature","geometry":{"type":"Polygon","coordinates":[[[78.322227,17.479038],[78.32209,17.479037],[78.32209,17.478956],[78.322227,17.478957],[78.322227,17.479038]]]},"properties":{"id":"b3700dd02fe8","height":null,"num_floors":null,"render_height_m":9.6,"height_label":"assumed"}},{"type":"Feature","geometry":{"type":"Polygon","coordinates":[[[78.322058,17.479031],[78.321949,17.47903],[78.32195,17.478951],[78.322059,17.478951],[78.322058,17.479031]]]},"properties":{"id":"8c4fdf0cf34e","height":null,"num_floors":null,"render_height_m":9.6,"height_label":"assumed"}},{"type":"Feature","geometry":{"type":"Polygon","coordinates":[[[78.322099,17.47888],[78.321985,17.478881],[78.321984,17.478816],[78.322098,17.478814],[78.322099,17.47888]]]},"properties":{"id":"29fdf3addd3d","height":null,"num_floors":null,"render_height_m":9.6,"height_label":"assumed"}},{"type":"Feature","geometry":{"type":"Polygon","coordinates":[[[78.322094,17.478767],[78.321993,17.478768],[78.321992,17.478702],[78.322093,17.478701],[78.322094,17.478767]]]},"properties":{"id":"1f6b006b30a1","height":null,"num_floors":null,"render_height_m":6.4,"height_label":"assumed"}},{"type":"Feature","geometry":{"type":"Polygon","coordinates":[[[78.322222,17.478888],[78.322115,17.478889],[78.322114,17.478816],[78.322221,17.478814],[78.322222,17.478888]]]},"properties":{"id":"80e8e81dd96d","height":null,"num_floors":null,"render_height_m":9.6,"height_label":"assumed"}},{"type":"Feature","geometry":{"type":"Polygon","coordinates":[[[78.32223,17.478616],[78.322129,17.478617],[78.322128,17.478533],[78.322229,17.478532],[78.32223,17.478616]]]},"properties":{"id":"cb4c40d858f8","height":null,"num_floors":null,"render_height_m":9.6,"height_label":"assumed"}},{"type":"Feature","geometry":{"type":"Polygon","coordinates":[[[78.322225,17.478728],[78.322124,17.47873],[78.322123,17.478628],[78.322224,17.478628],[78.322225,17.478728]]]},"properties":{"id":"f3c0557f2905","height":null,"num_floors":null,"render_height_m":9.6,"height_label":"assumed"}},{"type":"Feature","geometry":{"type":"Polygon","coordinates":[[[78.321996,17.478691],[78.321995,17.478652],[78.322077,17.478653],[78.322077,17.47869],[78.321996,17.478691]]]},"properties":{"id":"58e253810fd7","height":null,"num_floors":null,"render_height_m":6.4,"height_label":"assumed"}},{"type":"Feature","geometry":{"type":"Polygon","coordinates":[[[78.322032,17.478647],[78.321993,17.478647],[78.32199,17.478602],[78.322031,17.478603],[78.322032,17.478647]]]},"properties":{"id":"dbd66917ed0b","height":null,"num_floors":null,"render_height_m":6.4,"height_label":"assumed"}},{"type":"Feature","geometry":{"type":"Polygon","coordinates":[[[78.32203,17.478498],[78.322052,17.478469],[78.322113,17.478528],[78.322086,17.478554],[78.32203,17.478498]]]},"properties":{"id":"4af5f160519f","height":null,"num_floors":null,"render_height_m":6.4,"height_label":"assumed"}},{"type":"Feature","geometry":{"type":"Polygon","coordinates":[[[78.322048,17.478457],[78.322071,17.478425],[78.322142,17.478474],[78.322115,17.478521],[78.322048,17.478457]]]},"properties":{"id":"8a0e2ae6c06b","height":null,"num_floors":null,"render_height_m":6.4,"height_label":"assumed"}},{"type":"Feature","geometry":{"type":"Polygon","coordinates":[[[78.322181,17.478456],[78.322226,17.478459],[78.322224,17.478495],[78.322179,17.478492],[78.322181,17.478456]]]},"properties":{"id":"851546bd03de","height":null,"num_floors":null,"render_height_m":6.4,"height_label":"assumed"}},{"type":"Feature","geometry":{"type":"Polygon","coordinates":[[[78.322356,17.478658],[78.322258,17.478659],[78.322257,17.478559],[78.322355,17.478558],[78.322356,17.478658]]]},"properties":{"id":"cf8fe2eee465","height":null,"num_floors":null,"render_height_m":9.6,"height_label":"assumed"}},{"type":"Feature","geometry":{"type":"Polygon","coordinates":[[[78.322366,17.478741],[78.322254,17.478742],[78.322253,17.478675],[78.322365,17.478674],[78.322366,17.478741]]]},"properties":{"id":"613738743946","height":null,"num_floors":null,"render_height_m":9.6,"height_label":"assumed"}},{"type":"Feature","geometry":{"type":"Polygon","coordinates":[[[78.322048,17.478378],[78.322082,17.478396],[78.322057,17.478439],[78.322023,17.478421],[78.322048,17.478378]]]},"properties":{"id":"46ee5be3706b","height":null,"num_floors":null,"render_height_m":6.4,"height_label":"assumed"}},{"type":"Feature","geometry":{"type":"Polygon","coordinates":[[[78.323132,17.477951],[78.323131,17.477908],[78.323172,17.477896],[78.323177,17.477948],[78.323132,17.477951]]]},"properties":{"id":"5f8cec1fcceb","height":null,"num_floors":null,"render_height_m":6.4,"height_label":"assumed"}},{"type":"Feature","geometry":{"type":"Polygon","coordinates":[[[78.323276,17.478082],[78.323301,17.478123],[78.323238,17.478158],[78.323213,17.478118],[78.323276,17.478082]]]},"properties":{"id":"a4847de3573c","height":null,"num_floors":null,"render_height_m":6.4,"height_label":"assumed"}},{"type":"Feature","geometry":{"type":"Polygon","coordinates":[[[78.323588,17.47825],[78.323618,17.478243],[78.323625,17.478273],[78.323595,17.478279],[78.323588,17.47825]]]},"properties":{"id":"fc0a75905f88","height":null,"num_floors":null,"render_height_m":6.4,"height_label":"assumed"}},{"type":"Feature","geometry":{"type":"Polygon","coordinates":[[[78.323822,17.478244],[78.323738,17.478265],[78.323712,17.478173],[78.323797,17.478152],[78.323822,17.478244]]]},"properties":{"id":"98b823d1aeab","height":null,"num_floors":null,"render_height_m":9.6,"height_label":"assumed"}},{"type":"Feature","geometry":{"type":"Polygon","coordinates":[[[78.32371,17.478239],[78.323638,17.478257],[78.323621,17.478196],[78.323693,17.478178],[78.32371,17.478239]]]},"properties":{"id":"b76b5b34bee8","height":null,"num_floors":null,"render_height_m":6.4,"height_label":"assumed"}},{"type":"Feature","geometry":{"type":"Polygon","coordinates":[[[78.323754,17.478371],[78.323681,17.478389],[78.323649,17.478273],[78.323722,17.478255],[78.323754,17.478371]]]},"properties":{"id":"5f68773d8729","height":null,"num_floors":null,"render_height_m":9.6,"height_label":"assumed"}},{"type":"Feature","geometry":{"type":"Polygon","coordinates":[[[78.323867,17.478351],[78.32377,17.478376],[78.323743,17.478278],[78.32384,17.478254],[78.323867,17.478351]]]},"properties":{"id":"5656945ae97c","height":null,"num_floors":null,"render_height_m":9.6,"height_label":"assumed"}},{"type":"Feature","geometry":{"type":"Polygon","coordinates":[[[78.323676,17.478391],[78.323614,17.478406],[78.323583,17.478294],[78.323645,17.478279],[78.323676,17.478391]]]},"properties":{"id":"e58eff0a6fbe","height":null,"num_floors":null,"render_height_m":9.6,"height_label":"assumed"}},{"type":"Feature","geometry":{"type":"Polygon","coordinates":[[[78.323606,17.478401],[78.323538,17.478418],[78.32351,17.478319],[78.323578,17.478302],[78.323606,17.478401]]]},"properties":{"id":"5fcdd1939418","height":null,"num_floors":null,"render_height_m":9.6,"height_label":"assumed"}},{"type":"Feature","geometry":{"type":"Polygon","coordinates":[[[78.323523,17.478436],[78.323446,17.478455],[78.323421,17.478366],[78.323499,17.478347],[78.323523,17.478436]]]},"properties":{"id":"6c0c8e218af0","height":null,"num_floors":null,"render_height_m":9.6,"height_label":"assumed"}},{"type":"Feature","geometry":{"type":"Polygon","coordinates":[[[78.323355,17.478461],[78.323337,17.478392],[78.323415,17.478374],[78.323439,17.478469],[78.323398,17.478478],[78.323392,17.478452],[78.323355,17.478461]]]},"properties":{"id":"438474f3901b","height":null,"num_floors":null,"render_height_m":6.4,"height_label":"assumed"}},{"type":"Feature","geometry":{"type":"Polygon","coordinates":[[[78.32341,17.478581],[78.323331,17.478595],[78.32332,17.478536],[78.323398,17.478522],[78.32341,17.478581]]]},"properties":{"id":"3f7a9573d21e","height":null,"num_floors":null,"render_height_m":6.4,"height_label":"assumed"}},{"type":"Feature","geometry":{"type":"Polygon","coordinates":[[[78.323556,17.47872],[78.323435,17.478729],[78.323424,17.478594],[78.323545,17.478585],[78.323556,17.47872]]]},"properties":{"id":"e77bc3015566","height":null,"num_floors":null,"render_height_m":9.6,"height_label":"assumed"}},{"type":"Feature","geometry":{"type":"Polygon","coordinates":[[[78.3233,17.478747],[78.323242,17.478755],[78.323213,17.478555],[78.323271,17.478548],[78.3233,17.478747]]]},"properties":{"id":"33b08f133377","height":null,"num_floors":null,"render_height_m":9.6,"height_label":"assumed"}},{"type":"Feature","geometry":{"type":"Polygon","coordinates":[[[78.323192,17.478753],[78.323215,17.478751],[78.32322,17.478805],[78.323196,17.478807],[78.323192,17.478753]]]},"properties":{"id":"ee3a2a667e44","height":null,"num_floors":null,"render_height_m":6.4,"height_label":"assumed"}},{"type":"Feature","geometry":{"type":"Polygon","coordinates":[[[78.323265,17.478858],[78.323251,17.478774],[78.323401,17.478752],[78.323415,17.478836],[78.323265,17.478858]]]},"properties":{"id":"020574a03c95","height":null,"num_floors":null,"render_height_m":9.6,"height_label":"assumed"}},{"type":"Feature","geometry":{"type":"Polygon","coordinates":[[[78.323525,17.478861],[78.323439,17.478872],[78.323423,17.478751],[78.323508,17.47874],[78.323525,17.478861]]]},"properties":{"id":"b6acce87976c","height":null,"num_floors":null,"render_height_m":9.6,"height_label":"assumed"}},{"type":"Feature","geometry":{"type":"Polygon","coordinates":[[[78.32365,17.478835],[78.323651,17.478853],[78.323601,17.478856],[78.3236,17.478839],[78.32365,17.478835]]]},"properties":{"id":"671843bdca0f","height":null,"num_floors":null,"render_height_m":6.4,"height_label":"assumed"}},{"type":"Feature","geometry":{"type":"Polygon","coordinates":[[[78.323598,17.478841],[78.323528,17.478845],[78.32352,17.478732],[78.323591,17.478728],[78.323598,17.478841]]]},"properties":{"id":"95343bfbd74e","height":null,"num_floors":null,"render_height_m":9.6,"height_label":"assumed"}},{"type":"Feature","geometry":{"type":"Polygon","coordinates":[[[78.323688,17.478826],[78.323613,17.478829],[78.323609,17.478729],[78.323684,17.478726],[78.323688,17.478826]]]},"properties":{"id":"04ea3ab107fd","height":null,"num_floors":null,"render_height_m":9.6,"height_label":"assumed"}},{"type":"Feature","geometry":{"type":"Polygon","coordinates":[[[78.32378,17.47883],[78.323692,17.478824],[78.323705,17.478631],[78.323794,17.478636],[78.32378,17.47883]]]},"properties":{"id":"17d774c6eae6","height":null,"num_floors":null,"render_height_m":9.6,"height_label":"assumed"}},{"type":"Feature","geometry":{"type":"Polygon","coordinates":[[[78.323647,17.478709],[78.323576,17.478715],[78.323568,17.478628],[78.323639,17.478623],[78.323647,17.478709]]]},"properties":{"id":"c93124c12ffb","height":null,"num_floors":null,"render_height_m":6.4,"height_label":"assumed"}},{"type":"Feature","geometry":{"type":"Polygon","coordinates":[[[78.323619,17.4785],[78.323554,17.478516],[78.323533,17.47844],[78.323598,17.478424],[78.323619,17.4785]]]},"properties":{"id":"acdc9a44cf23","height":null,"num_floors":null,"render_height_m":6.4,"height_label":"assumed"}},{"type":"Feature","geometry":{"type":"Polygon","coordinates":[[[78.323688,17.478446],[78.323623,17.478463],[78.323611,17.478418],[78.323676,17.478402],[78.323688,17.478446]]]},"properties":{"id":"9ceef3a4cfb7","height":null,"num_floors":null,"render_height_m":6.4,"height_label":"assumed"}},{"type":"Feature","geometry":{"type":"Polygon","coordinates":[[[78.323755,17.478494],[78.323709,17.478506],[78.323682,17.47841],[78.323729,17.478398],[78.323755,17.478494]]]},"properties":{"id":"f69416158503","height":null,"num_floors":null,"render_height_m":6.4,"height_label":"assumed"}},{"type":"Feature","geometry":{"type":"Polygon","coordinates":[[[78.323767,17.478395],[78.323831,17.478381],[78.323851,17.478462],[78.323786,17.478476],[78.323767,17.478395]]]},"properties":{"id":"2ebc8d03c06c","height":null,"num_floors":null,"render_height_m":6.4,"height_label":"assumed"}},{"type":"Feature","geometry":{"type":"Polygon","coordinates":[[[78.323787,17.4786],[78.323785,17.478518],[78.323892,17.478516],[78.323894,17.478597],[78.323787,17.4786]]]},"properties":{"id":"1472c99eb92f","height":null,"num_floors":null,"render_height_m":9.6,"height_label":"assumed"}},{"type":"Feature","geometry":{"type":"Polygon","coordinates":[[[78.324074,17.478465],[78.323999,17.478482],[78.323977,17.478397],[78.324052,17.478379],[78.324074,17.478465]]]},"properties":{"id":"4d99713f10fc","height":null,"num_floors":null,"render_height_m":6.4,"height_label":"assumed"}},{"type":"Feature","geometry":{"type":"Polygon","coordinates":[[[78.3241,17.478559],[78.324004,17.478577],[78.323987,17.478492],[78.324083,17.478474],[78.3241,17.478559]]]},"properties":{"id":"4faf1a18f58c","height":null,"num_floors":null,"render_height_m":9.6,"height_label":"assumed"}},{"type":"Feature","geometry":{"type":"Polygon","coordinates":[[[78.324005,17.478621],[78.323937,17.478622],[78.323937,17.478559],[78.323987,17.478558],[78.323987,17.478589],[78.324005,17.478589],[78.324005,17.478621]]]},"properties":{"id":"299fc4aecece","height":null,"num_floors":null,"render_height_m":6.4,"height_label":"assumed"}},{"type":"Feature","geometry":{"type":"Polygon","coordinates":[[[78.32409,17.478644],[78.324015,17.478645],[78.324014,17.47859],[78.324089,17.478588],[78.32409,17.478644]]]},"properties":{"id":"138d0616e521","height":null,"num_floors":null,"render_height_m":6.4,"height_label":"assumed"}},{"type":"Feature","geometry":{"type":"Polygon","coordinates":[[[78.323846,17.478854],[78.323785,17.47885],[78.3238,17.47865],[78.323861,17.478655],[78.323846,17.478854]]]},"properties":{"id":"7afd40e9e6d1","height":null,"num_floors":null,"render_height_m":9.6,"height_label":"assumed"}},{"type":"Feature","geometry":{"type":"Polygon","coordinates":[[[78.323936,17.478857],[78.323853,17.478849],[78.323872,17.47868],[78.323955,17.478688],[78.323936,17.478857]]]},"properties":{"id":"ab7bacdd5732","height":null,"num_floors":null,"render_height_m":9.6,"height_label":"assumed"}},{"type":"Feature","geometry":{"type":"Polygon","coordinates":[[[78.324174,17.478963],[78.324031,17.478995],[78.324015,17.478931],[78.324157,17.478898],[78.324174,17.478963]]]},"properties":{"id":"c1067a6b3ac4","height":null,"num_floors":null,"render_height_m":9.6,"height_label":"assumed"}},{"type":"Feature","geometry":{"type":"Polygon","coordinates":[[[78.324148,17.47888],[78.324038,17.47891],[78.324018,17.478846],[78.324129,17.478816],[78.324148,17.47888]]]},"properties":{"id":"34215c61a520","height":null,"num_floors":null,"render_height_m":9.6,"height_label":"assumed"}},{"type":"Feature","geometry":{"type":"Polygon","coordinates":[[[78.324061,17.478832],[78.324003,17.478823],[78.324015,17.478751],[78.324072,17.478759],[78.324061,17.478832]]]},"properties":{"id":"26d48c1bda69","height":null,"num_floors":null,"render_height_m":6.4,"height_label":"assumed"}},{"type":"Feature","geometry":{"type":"Polygon","coordinates":[[[78.32421,17.478672],[78.324094,17.478672],[78.324094,17.478564],[78.32421,17.478564],[78.32421,17.478672]]]},"properties":{"id":"5ea38c1ea0b4","height":null,"num_floors":null,"render_height_m":9.6,"height_label":"assumed"}},{"type":"Feature","geometry":{"type":"Polygon","coordinates":[[[78.324202,17.478528],[78.324115,17.478547],[78.324102,17.478494],[78.324189,17.478475],[78.324202,17.478528]]]},"properties":{"id":"3cded97795ef","height":null,"num_floors":null,"render_height_m":6.4,"height_label":"assumed"}},{"type":"Feature","geometry":{"type":"Polygon","coordinates":[[[78.32419,17.478458],[78.324093,17.478482],[78.324078,17.478426],[78.324174,17.478402],[78.32419,17.478458]]]},"properties":{"id":"1d3e11f12634","height":null,"num_floors":null,"render_height_m":6.4,"height_label":"assumed"}},{"type":"Feature","geometry":{"type":"Polygon","coordinates":[[[78.324168,17.478352],[78.324067,17.478377],[78.324039,17.478272],[78.324139,17.478247],[78.324168,17.478352]]]},"properties":{"id":"f5f212826777","height":null,"num_floors":null,"render_height_m":9.6,"height_label":"assumed"}},{"type":"Feature","geometry":{"type":"Polygon","coordinates":[[[78.324044,17.478369],[78.323974,17.478388],[78.323956,17.478325],[78.324025,17.478306],[78.324044,17.478369]]]},"properties":{"id":"4c00a5bc8bb8","height":null,"num_floors":null,"render_height_m":6.4,"height_label":"assumed"}},{"type":"Feature","geometry":{"type":"Polygon","coordinates":[[[78.323843,17.478359],[78.323881,17.478351],[78.323911,17.478469],[78.323873,17.478478],[78.323843,17.478359]]]},"properties":{"id":"01b0e6109932","height":null,"num_floors":null,"render_height_m":6.4,"height_label":"assumed"}},{"type":"Feature","geometry":{"type":"Polygon","coordinates":[[[78.323931,17.478317],[78.323866,17.478334],[78.323843,17.478251],[78.323908,17.478235],[78.323931,17.478317]]]},"properties":{"id":"24ef5f998875","height":null,"num_floors":null,"render_height_m":6.4,"height_label":"assumed"}},{"type":"Feature","geometry":{"type":"Polygon","coordinates":[[[78.323904,17.47822],[78.323839,17.478237],[78.323814,17.478146],[78.323879,17.47813],[78.323904,17.47822]]]},"properties":{"id":"2193c951d5b5","height":null,"num_floors":null,"render_height_m":6.4,"height_label":"assumed"}},{"type":"Feature","geometry":{"type":"Polygon","coordinates":[[[78.323985,17.478196],[78.323928,17.478213],[78.323904,17.478139],[78.323961,17.478122],[78.323985,17.478196]]]},"properties":{"id":"19f56804a953","height":null,"num_floors":null,"render_height_m":6.4,"height_label":"assumed"}},{"type":"Feature","geometry":{"type":"Polygon","coordinates":[[[78.324031,17.478292],[78.323953,17.478314],[78.323936,17.478259],[78.324014,17.478237],[78.324031,17.478292]]]},"properties":{"id":"6b16be427c37","height":null,"num_floors":null,"render_height_m":6.4,"height_label":"assumed"}},{"type":"Feature","geometry":{"type":"Polygon","coordinates":[[[78.324135,17.478238],[78.324048,17.478261],[78.324024,17.478177],[78.324111,17.478154],[78.324135,17.478238]]]},"properties":{"id":"049123f0366e","height":null,"num_floors":null,"render_height_m":9.6,"height_label":"assumed"}},{"type":"Feature","geometry":{"type":"Polygon","coordinates":[[[78.324016,17.478174],[78.324002,17.478141],[78.324084,17.478108],[78.324099,17.478141],[78.324016,17.478174]]]},"properties":{"id":"4cdc93face23","height":null,"num_floors":null,"render_height_m":6.4,"height_label":"assumed"}},{"type":"Feature","geometry":{"type":"Polygon","coordinates":[[[78.324097,17.478094],[78.32402,17.47812],[78.324002,17.478072],[78.32408,17.478046],[78.324097,17.478094]]]},"properties":{"id":"97b7fb016f01","height":null,"num_floors":null,"render_height_m":6.4,"height_label":"assumed"}},{"type":"Feature","geometry":{"type":"Polygon","coordinates":[[[78.323956,17.478005],[78.32397,17.478043],[78.323914,17.478062],[78.3239,17.478023],[78.323956,17.478005]]]},"properties":{"id":"1cfd148a5a57","height":null,"num_floors":null,"render_height_m":6.4,"height_label":"assumed"}},{"type":"Feature","geometry":{"type":"Polygon","coordinates":[[[78.324068,17.478041],[78.324008,17.478054],[78.323975,17.477916],[78.324034,17.477903],[78.324068,17.478041]]]},"properties":{"id":"4f437bc5caa9","height":null,"num_floors":null,"render_height_m":9.6,"height_label":"assumed"}},{"type":"Feature","geometry":{"type":"Polygon","coordinates":[[[78.32412,17.47792],[78.324084,17.477922],[78.324078,17.477818],[78.324114,17.477816],[78.32412,17.47792]]]},"properties":{"id":"d7515d0c9d0a","height":null,"num_floors":null,"render_height_m":6.4,"height_label":"assumed"}},{"type":"Feature","geometry":{"type":"Polygon","coordinates":[[[78.323983,17.477455],[78.324022,17.47751],[78.323965,17.477548],[78.323926,17.477493],[78.323983,17.477455]]]},"properties":{"id":"45d9a52956f0","height":null,"num_floors":null,"render_height_m":6.4,"height_label":"assumed"}},{"type":"Feature","geometry":{"type":"Polygon","coordinates":[[[78.323941,17.47738],[78.323973,17.477435],[78.32391,17.477468],[78.323879,17.477414],[78.323941,17.47738]]]},"properties":{"id":"65c52082b898","height":null,"num_floors":null,"render_height_m":6.4,"height_label":"assumed"}},{"type":"Feature","geometry":{"type":"Polygon","coordinates":[[[78.323741,17.477267],[78.323581,17.477342],[78.323551,17.477284],[78.323711,17.477209],[78.323741,17.477267]]]},"properties":{"id":"14dc2fbb07d1","height":null,"num_floors":null,"render_height_m":9.6,"height_label":"assumed"}},{"type":"Feature","geometry":{"type":"Polygon","coordinates":[[[78.322143,17.477565],[78.322134,17.477521],[78.322203,17.477508],[78.322212,17.477552],[78.322143,17.477565]]]},"properties":{"id":"af8ca3d0ca27","height":null,"num_floors":null,"render_height_m":6.4,"height_label":"assumed"}},{"type":"Feature","geometry":{"type":"Polygon","coordinates":[[[78.322421,17.475811],[78.322348,17.475655],[78.322484,17.475597],[78.322557,17.475753],[78.322421,17.475811]]]},"properties":{"id":"6daf681981a5","height":null,"num_floors":null,"render_height_m":12.8,"height_label":"assumed"}},{"type":"Feature","geometry":{"type":"Polygon","coordinates":[[[78.323529,17.476056],[78.322861,17.476364],[78.32274,17.476126],[78.323408,17.475817],[78.323529,17.476056]]]},"properties":{"id":"add7b622f339","height":null,"num_floors":null,"render_height_m":19.2,"height_label":"assumed"}},{"type":"Feature","geometry":{"type":"Polygon","coordinates":[[[78.323448,17.475805],[78.323463,17.475797],[78.323429,17.475735],[78.323505,17.475697],[78.323542,17.475765],[78.32351,17.47578],[78.32354,17.475836],[78.323481,17.475865],[78.323448,17.475805]]]},"properties":{"id":"6a6b8eae5613","height":null,"num_floors":null,"render_height_m":9.6,"height_label":"assumed"}},{"type":"Feature","geometry":{"type":"Polygon","coordinates":[[[78.323609,17.475608],[78.323655,17.47571],[78.323597,17.475734],[78.323551,17.475632],[78.323609,17.475608]]]},"properties":{"id":"79bde6661a93","height":null,"num_floors":null,"render_height_m":9.6,"height_label":"assumed"}},{"type":"Feature","geometry":{"type":"Polygon","coordinates":[[[78.323928,17.476067],[78.323715,17.476141],[78.323658,17.475995],[78.323871,17.475921],[78.323928,17.476067]]]},"properties":{"id":"cb391b798bb2","height":null,"num_floors":null,"render_height_m":12.8,"height_label":"assumed"}},{"type":"Feature","geometry":{"type":"Polygon","coordinates":[[[78.32302,17.476602],[78.322964,17.476495],[78.32344,17.476264],[78.323497,17.476371],[78.32302,17.476602]]]},"properties":{"id":"5622b2fd6f59","height":null,"num_floors":null,"render_height_m":12.8,"height_label":"assumed"}},{"type":"Feature","geometry":{"type":"Polygon","coordinates":[[[78.323852,17.47648],[78.323796,17.476344],[78.324029,17.476256],[78.324085,17.476391],[78.323852,17.47648]]]},"properties":{"id":"724521f3dca2","height":null,"num_floors":null,"render_height_m":12.8,"height_label":"assumed"}},{"type":"Feature","geometry":{"type":"Polygon","coordinates":[[[78.323894,17.47659],[78.323783,17.476631],[78.323743,17.476532],[78.323853,17.476491],[78.323894,17.47659]]]},"properties":{"id":"db3b31c77da5","height":null,"num_floors":null,"render_height_m":9.6,"height_label":"assumed"}},{"type":"Feature","geometry":{"type":"Polygon","coordinates":[[[78.324135,17.476143],[78.324172,17.476223],[78.324136,17.476239],[78.324099,17.476158],[78.324135,17.476143]]]},"properties":{"id":"035e3f708aff","height":null,"num_floors":null,"render_height_m":6.4,"height_label":"assumed"}},{"type":"Feature","geometry":{"type":"Polygon","coordinates":[[[78.324017,17.475971],[78.324061,17.475953],[78.324096,17.476035],[78.324051,17.476053],[78.324017,17.475971]]]},"properties":{"id":"0fb668099889","height":null,"num_floors":null,"render_height_m":6.4,"height_label":"assumed"}},{"type":"Feature","geometry":{"type":"Polygon","coordinates":[[[78.323907,17.475691],[78.323915,17.475714],[78.323844,17.475736],[78.323827,17.475686],[78.32388,17.475669],[78.323889,17.475697],[78.323907,17.475691]]]},"properties":{"id":"bd30bc1a83e8","height":null,"num_floors":null,"render_height_m":6.4,"height_label":"assumed"}},{"type":"Feature","geometry":{"type":"Polygon","coordinates":[[[78.323927,17.47571],[78.323935,17.475734],[78.323893,17.475748],[78.323885,17.475723],[78.323927,17.47571]]]},"properties":{"id":"50670702cabc","height":null,"num_floors":null,"render_height_m":6.4,"height_label":"assumed"}},{"type":"Feature","geometry":{"type":"Polygon","coordinates":[[[78.323782,17.475486],[78.323824,17.475575],[78.323733,17.475615],[78.323691,17.475526],[78.323782,17.475486]]]},"properties":{"id":"a9a0a16d8ac5","height":null,"num_floors":null,"render_height_m":9.6,"height_label":"assumed"}}]}