{"type":"FeatureCollection","features":[{"type":"Feature","geometry":{"type":"Polygon","coordinates":[[[78.348484,17.441531],[78.348347,17.441591],[78.348299,17.441492],[78.348436,17.441432],[78.348484,17.441531]]]},"properties":{"id":"1c2260ce0a51","height":null,"num_floors":null,"render_height_m":9.6,"height_label":"assumed"}},{"type":"Feature","geometry":{"type":"Polygon","coordinates":[[[78.348421,17.441387],[78.348284,17.441447],[78.348237,17.441348],[78.348374,17.441288],[78.348421,17.441387]]]},"properties":{"id":"6574829cd8d5","height":null,"num_floors":null,"render_height_m":9.6,"height_label":"assumed"}},{"type":"Feature","geometry":{"type":"Polygon","coordinates":[[[78.348681,17.441967],[78.348544,17.442027],[78.348496,17.441927],[78.348633,17.441867],[78.348681,17.441967]]]},"properties":{"id":"1dc38fcc8600","height":null,"num_floors":null,"render_height_m":9.6,"height_label":"assumed"}},{"type":"Feature","geometry":{"type":"Polygon","coordinates":[[[78.348616,17.441823],[78.348479,17.441883],[78.348431,17.441785],[78.348568,17.441725],[78.348616,17.441823]]]},"properties":{"id":"dcabbeab3ce7","height":null,"num_floors":null,"render_height_m":9.6,"height_label":"assumed"}},{"type":"Feature","geometry":{"type":"Polygon","coordinates":[[[78.348552,17.44168],[78.348415,17.44174],[78.348368,17.441641],[78.348505,17.441581],[78.348552,17.44168]]]},"properties":{"id":"7c34414dc4a0","height":null,"num_floors":null,"render_height_m":9.6,"height_label":"assumed"}},{"type":"Feature","geometry":{"type":"Polygon","coordinates":[[[78.349407,17.441793],[78.349335,17.441826],[78.349294,17.441745],[78.349367,17.441712],[78.349407,17.441793]]]},"properties":{"id":"4c81e8c7886b","height":null,"num_floors":null,"render_height_m":9.6,"height_label":"assumed"}},{"type":"Feature","geometry":{"type":"Polygon","coordinates":[[[78.350995,17.441243],[78.35085,17.441317],[78.35078,17.441191],[78.350924,17.441118],[78.350995,17.441243]]]},"properties":{"id":"7b122a1b6bf8","height":null,"num_floors":null,"render_height_m":12.8,"height_label":"assumed"}},{"type":"Feature","geometry":{"type":"Polygon","coordinates":[[[78.350491,17.442094],[78.350499,17.442129],[78.350428,17.442145],[78.350419,17.44211],[78.350491,17.442094]]]},"properties":{"id":"fc4ee63d0810","height":null,"num_floors":null,"render_height_m":6.4,"height_label":"assumed"}},{"type":"Feature","geometry":{"type":"Polygon","coordinates":[[[78.350529,17.442029],[78.350464,17.442074],[78.350413,17.442006],[78.350477,17.441961],[78.350529,17.442029]]]},"properties":{"id":"6644976e2eae","height":null,"num_floors":null,"render_height_m":6.4,"height_label":"assumed"}},{"type":"Feature","geometry":{"type":"Polygon","coordinates":[[[78.351818,17.44244],[78.351418,17.442663],[78.351386,17.442611],[78.351476,17.442561],[78.351427,17.442481],[78.351365,17.442516],[78.351281,17.442379],[78.351247,17.442398],[78.351215,17.442347],[78.351202,17.442354],[78.351193,17.442339],[78.351157,17.442359],[78.351167,17.442375],[78.351141,17.442389],[78.351121,17.442356],[78.351069,17.442385],[78.351091,17.44242],[78.351048,17.442444],[78.351029,17.442415],[78.351002,17.44243],[78.35101,17.442443],[78.350984,17.442457],[78.350964,17.442425],[78.350921,17.442449],[78.350881,17.442384],[78.350945,17.442348],[78.350907,17.442286],[78.350847,17.44232],[78.350809,17.442259],[78.350842,17.44224],[78.350828,17.442217],[78.350982,17.442131],[78.35094,17.442064],[78.350839,17.442121],[78.350832,17.44211],[78.350801,17.442127],[78.350794,17.442116],[78.350772,17.442129],[78.350766,17.442118],[78.350727,17.44214],[78.350697,17.442091],[78.350718,17.442079],[78.350708,17.442062],[78.350725,17.442053],[78.350712,17.442031],[78.350725,17.442024],[78.350711,17.442001],[78.350696,17.442009],[78.350686,17.441993],[78.350668,17.442003],[78.350628,17.441938],[78.350643,17.44193],[78.350634,17.441915],[78.350653,17.441904],[78.350645,17.441891],[78.350675,17.441875],[78.350653,17.441838],[78.350692,17.441816],[78.350715,17.441854],[78.350734,17.441843],[78.350742,17.441856],[78.350765,17.441843],[78.350756,17.441829],[78.350778,17.441817],[78.350772,17.441806],[78.350762,17.441811],[78.350745,17.441783],[78.350786,17.44176],[78.350806,17.441792],[78.350835,17.441776],[78.350827,17.441763],[78.350853,17.441748],[78.350875,17.441784],[78.350958,17.441737],[78.350934,17.441699],[78.35097,17.441679],[78.350987,17.441707],[78.351005,17.441697],[78.35101,17.441704],[78.351037,17.441689],[78.351047,17.441706],[78.351079,17.441687],[78.351068,17.441669],[78.351091,17.441657],[78.351086,17.441648],[78.351104,17.441638],[78.351084,17.441606],[78.35112,17.441585],[78.351129,17.4416],[78.351219,17.44155],[78.351251,17.441602],[78.351234,17.441612],[78.351253,17.441644],[78.351235,17.441654],[78.35127,17.44171],[78.35129,17.441698],[78.3513,17.441715],[78.351322,17.441703],[78.351346,17.441742],[78.351326,17.441753],[78.351338,17.441771],[78.351318,17.441782],[78.351342,17.441822],[78.351305,17.441842],[78.351313,17.441855],[78.351262,17.441883],[78.351234,17.441837],[78.351172,17.441871],[78.351244,17.441988],[78.351308,17.441952],[78.351284,17.441913],[78.351303,17.441902],[78.351289,17.441879],[78.351318,17.441862],[78.351333,17.441886],[78.351371,17.441864],[78.351388,17.441892],[78.351409,17.44188],[78.351413,17.441886],[78.351434,17.441874],[78.351466,17.441927],[78.351437,17.441943],[78.351447,17.441958],[78.351417,17.441974],[78.351461,17.442046],[78.351518,17.442014],[78.351548,17.442062],[78.351636,17.442012],[78.351707,17.442126],[78.351953,17.441988],[78.352017,17.442092],[78.351965,17.442121],[78.352018,17.442207],[78.352074,17.442176],[78.352133,17.442273],[78.352084,17.442301],[78.352101,17.442329],[78.352061,17.442352],[78.352085,17.442391],[78.352118,17.442372],[78.352159,17.442438],[78.352143,17.442447],[78.352166,17.442485],[78.351927,17.442618],[78.351818,17.44244]],[[78.351158,17.441693],[78.351067,17.441744],[78.351118,17.441826],[78.351209,17.441776],[78.351158,17.441693]],[[78.350944,17.441938],[78.351031,17.441889],[78.350984,17.441812],[78.350897,17.441861],[78.350944,17.441938]],[[78.350838,17.441889],[78.350751,17.441938],[78.3508,17.442017],[78.350887,17.441969],[78.350838,17.441889]],[[78.351056,17.442102],[78.351179,17.442033],[78.351108,17.441918],[78.350985,17.441987],[78.351056,17.442102]],[[78.351268,17.442076],[78.351317,17.442151],[78.351401,17.442101],[78.351352,17.442026],[78.351268,17.442076]],[[78.351609,17.442134],[78.351644,17.442114],[78.351624,17.442081],[78.351588,17.4421],[78.351609,17.442134]],[[78.351465,17.442168],[78.351414,17.442197],[78.351446,17.442248],[78.351497,17.44222],[78.351465,17.442168]],[[78.35185,17.442304],[78.351945,17.442251],[78.35188,17.442144],[78.351784,17.442197],[78.35185,17.442304]],[[78.351148,17.44221],[78.351234,17.442162],[78.351225,17.442148],[78.351242,17.442138],[78.35123,17.442117],[78.351212,17.442127],[78.351205,17.442117],[78.35112,17.442165],[78.351125,17.442175],[78.351114,17.442181],[78.351126,17.442201],[78.351138,17.442194],[78.351148,17.44221]],[[78.351005,17.442327],[78.35109,17.442279],[78.351039,17.442195],[78.350953,17.442243],[78.351005,17.442327]],[[78.351687,17.442363],[78.351726,17.442342],[78.351703,17.442304],[78.351664,17.442326],[78.351687,17.442363]],[[78.352029,17.442421],[78.351996,17.442367],[78.351938,17.4424],[78.351971,17.442454],[78.352029,17.442421]]]},"properties":{"id":"85279703c3fb","height":null,"num_floors":null,"render_height_m":19.2,"height_label":"assumed"}},{"type":"Feature","geometry":{"type":"Polygon","coordinates":[[[78.35137,17.442577],[78.351161,17.4427],[78.351111,17.442622],[78.351131,17.442611],[78.351091,17.442549],[78.351171,17.442503],[78.351215,17.442572],[78.351326,17.442508],[78.35137,17.442577]]]},"properties":{"id":"017c43bf7232","height":null,"num_floors":null,"render_height_m":12.8,"height_label":"assumed"}},{"type":"Feature","geometry":{"type":"Polygon","coordinates":[[[78.351221,17.442837],[78.351191,17.44279],[78.351219,17.442774],[78.351199,17.442743],[78.351285,17.442693],[78.3513,17.442716],[78.351331,17.442698],[78.351316,17.442675],[78.351382,17.442637],[78.351432,17.442716],[78.351221,17.442837]]]},"properties":{"id":"02fdd40d1dd5","height":null,"num_floors":null,"render_height_m":9.6,"height_label":"assumed"}},{"type":"Feature","geometry":{"type":"Polygon","coordinates":[[[78.351491,17.442701],[78.35153,17.44269],[78.351545,17.442739],[78.351506,17.44275],[78.351491,17.442701]]]},"properties":{"id":"b4ae5d812ea4","height":null,"num_floors":null,"render_height_m":6.4,"height_label":"assumed"}},{"type":"Feature","geometry":{"type":"Polygon","coordinates":[[[78.351535,17.442636],[78.351587,17.442717],[78.351566,17.442729],[78.351515,17.442648],[78.351535,17.442636]]]},"properties":{"id":"ba4e35db199c","height":null,"num_floors":null,"render_height_m":6.4,"height_label":"assumed"}},{"type":"Feature","geometry":{"type":"Polygon","coordinates":[[[78.351722,17.441951],[78.351781,17.441919],[78.351812,17.441972],[78.351754,17.442004],[78.351722,17.441951]]]},"properties":{"id":"e17276c181f8","height":null,"num_floors":null,"render_height_m":6.4,"height_label":"assumed"}},{"type":"Feature","geometry":{"type":"Polygon","coordinates":[[[78.351735,17.441738],[78.351701,17.441759],[78.351682,17.44173],[78.351639,17.441755],[78.351574,17.441655],[78.351539,17.441676],[78.351499,17.441613],[78.351517,17.441602],[78.351511,17.441592],[78.351483,17.441609],[78.351438,17.441538],[78.351507,17.441498],[78.351494,17.441478],[78.351471,17.441492],[78.351447,17.441453],[78.351496,17.441424],[78.351429,17.44132],[78.351566,17.441239],[78.35163,17.441338],[78.351669,17.441315],[78.351696,17.441356],[78.351676,17.441367],[78.351691,17.441389],[78.351756,17.441351],[78.351801,17.441421],[78.351797,17.441424],[78.351843,17.441495],[78.351806,17.441517],[78.351871,17.441618],[78.351836,17.441639],[78.351854,17.441667],[78.35182,17.441687],[78.351836,17.441713],[78.351846,17.441707],[78.351893,17.441779],[78.351771,17.441851],[78.351735,17.441796],[78.351743,17.441786],[78.351741,17.441761],[78.351746,17.441757],[78.351735,17.441738]],[[78.351733,17.441552],[78.351781,17.441523],[78.351753,17.441481],[78.351705,17.441509],[78.351733,17.441552]],[[78.35156,17.441595],[78.351587,17.441638],[78.351634,17.44161],[78.351606,17.441568],[78.35156,17.441595]],[[78.351765,17.441655],[78.351731,17.441605],[78.351681,17.441636],[78.351715,17.441685],[78.351765,17.441655]]]},"properties":{"id":"8c1611564c3b","height":null,"num_floors":null,"render_height_m":19.2,"height_label":"assumed"}},{"type":"Feature","geometry":{"type":"Polygon","coordinates":[[[78.350964,17.441379],[78.35101,17.441444],[78.350986,17.441459],[78.35094,17.441394],[78.350964,17.441379]]]},"properties":{"id":"4f1e28fc1c6b","height":null,"num_floors":null,"render_height_m":6.4,"height_label":"assumed"}},{"type":"Feature","geometry":{"type":"Polygon","coordinates":[[[78.353402,17.442722],[78.353317,17.442762],[78.353269,17.44267],[78.353354,17.44263],[78.353402,17.442722]]]},"properties":{"id":"1608466dcdce","height":null,"num_floors":null,"render_height_m":9.6,"height_label":"assumed"}},{"type":"Feature","geometry":{"type":"Polygon","coordinates":[[[78.353443,17.442725],[78.353374,17.442601],[78.353473,17.44255],[78.353542,17.442674],[78.353443,17.442725]]]},"properties":{"id":"f497a74ae72b","height":null,"num_floors":null,"render_height_m":9.6,"height_label":"assumed"}},{"type":"Feature","geometry":{"type":"Polygon","coordinates":[[[78.353627,17.442605],[78.353555,17.442641],[78.353498,17.442539],[78.35357,17.442503],[78.353627,17.442605]]]},"properties":{"id":"c6e301ef82db","height":null,"num_floors":null,"render_height_m":9.6,"height_label":"assumed"}},{"type":"Feature","geometry":{"type":"Polygon","coordinates":[[[78.353518,17.442711],[78.353531,17.442741],[78.353487,17.442758],[78.353475,17.442728],[78.353518,17.442711]]]},"properties":{"id":"680aa3009ce8","height":null,"num_floors":null,"render_height_m":6.4,"height_label":"assumed"}},{"type":"Feature","geometry":{"type":"Polygon","coordinates":[[[78.353671,17.44262],[78.3536,17.442494],[78.353695,17.442446],[78.353766,17.442572],[78.353671,17.44262]]]},"properties":{"id":"5d91ff242794","height":null,"num_floors":null,"render_height_m":9.6,"height_label":"assumed"}},{"type":"Feature","geometry":{"type":"Polygon","coordinates":[[[78.353722,17.442443],[78.353819,17.442393],[78.353885,17.44251],[78.353788,17.442559],[78.353722,17.442443]]]},"properties":{"id":"67d6b2bb189f","height":null,"num_floors":null,"render_height_m":9.6,"height_label":"assumed"}},{"type":"Feature","geometry":{"type":"Polygon","coordinates":[[[78.353841,17.44266],[78.353901,17.442632],[78.353963,17.442751],[78.353895,17.442783],[78.3539,17.442793],[78.353858,17.442813],[78.353792,17.442687],[78.353798,17.442684],[78.353793,17.442675],[78.353838,17.442653],[78.353841,17.44266]]]},"properties":{"id":"346f04f713de","height":null,"num_floors":null,"render_height_m":9.6,"height_label":"assumed"}},{"type":"Feature","geometry":{"type":"Polygon","coordinates":[[[78.353976,17.442464],[78.353891,17.442508],[78.353824,17.442391],[78.35391,17.442347],[78.353976,17.442464]]]},"properties":{"id":"10251bc402f3","height":null,"num_floors":null,"render_height_m":9.6,"height_label":"assumed"}},{"type":"Feature","geometry":{"type":"Polygon","coordinates":[[[78.354675,17.441321],[78.354644,17.441345],[78.354619,17.441317],[78.354636,17.441303],[78.354613,17.441277],[78.354652,17.441245],[78.354673,17.441269],[78.354689,17.441257],[78.354666,17.441231],[78.354705,17.4412],[78.354724,17.44122],[78.354736,17.441211],[78.354766,17.441246],[78.354748,17.44126],[78.354753,17.441266],[78.354679,17.441325],[78.354675,17.441321]]]},"properties":{"id":"08b5df812d63","height":null,"num_floors":null,"render_height_m":9.6,"height_label":"assumed"}},{"type":"Feature","geometry":{"type":"Polygon","coordinates":[[[78.3548,17.441463],[78.354774,17.441436],[78.354808,17.441407],[78.354802,17.441401],[78.35482,17.441385],[78.354814,17.441378],[78.354855,17.441342],[78.354867,17.441355],[78.354905,17.441322],[78.354931,17.44135],[78.354912,17.441367],[78.354931,17.441387],[78.354889,17.441424],[78.354869,17.441403],[78.354854,17.441416],[78.354873,17.441437],[78.354833,17.441472],[78.354814,17.441452],[78.3548,17.441463]]]},"properties":{"id":"5d99f2ed3593","height":null,"num_floors":null,"render_height_m":9.6,"height_label":"assumed"}},{"type":"Feature","geometry":{"type":"Polygon","coordinates":[[[78.354624,17.441623],[78.354598,17.441596],[78.354631,17.441567],[78.354625,17.441561],[78.354643,17.441545],[78.354637,17.441538],[78.354678,17.441502],[78.354691,17.441515],[78.354726,17.441483],[78.354755,17.44151],[78.354735,17.441527],[78.354754,17.441547],[78.354712,17.441584],[78.354692,17.441563],[78.354677,17.441576],[78.354697,17.441597],[78.354656,17.441632],[78.354637,17.441612],[78.354624,17.441623]]]},"properties":{"id":"2514ccd0d401","height":null,"num_floors":null,"render_height_m":9.6,"height_label":"assumed"}},{"type":"Feature","geometry":{"type":"Polygon","coordinates":[[[78.354426,17.442236],[78.35435,17.442103],[78.354429,17.442061],[78.354506,17.442194],[78.354426,17.442236]]]},"properties":{"id":"e968be71217e","height":null,"num_floors":null,"render_height_m":9.6,"height_label":"assumed"}},{"type":"Feature","geometry":{"type":"Polygon","coordinates":[[[78.354172,17.442319],[78.354117,17.442346],[78.354057,17.442236],[78.354112,17.442208],[78.354172,17.442319]]]},"properties":{"id":"0c4ed9661150","height":null,"num_floors":null,"render_height_m":9.6,"height_label":"assumed"}},{"type":"Feature","geometry":{"type":"Polygon","coordinates":[[[78.35454,17.442477],[78.354433,17.442535],[78.354393,17.442466],[78.3545,17.442408],[78.35454,17.442477]]]},"properties":{"id":"b348ee3d60b4","height":null,"num_floors":null,"render_height_m":9.6,"height_label":"assumed"}},{"type":"Feature","geometry":{"type":"Polygon","coordinates":[[[78.354492,17.442387],[78.354383,17.442446],[78.354339,17.442371],[78.354448,17.442312],[78.354492,17.442387]]]},"properties":{"id":"45188346d1f8","height":null,"num_floors":null,"render_height_m":9.6,"height_label":"assumed"}},{"type":"Feature","geometry":{"type":"Polygon","coordinates":[[[78.354331,17.442273],[78.354268,17.442305],[78.354201,17.442184],[78.354264,17.442152],[78.354331,17.442273]]]},"properties":{"id":"4a329dbd8ff8","height":null,"num_floors":null,"render_height_m":9.6,"height_label":"assumed"}},{"type":"Feature","geometry":{"type":"Polygon","coordinates":[[[78.354335,17.442261],[78.354268,17.442141],[78.354333,17.442107],[78.354401,17.442228],[78.354335,17.442261]]]},"properties":{"id":"4fa74a5cff11","height":null,"num_floors":null,"render_height_m":9.6,"height_label":"assumed"}},{"type":"Feature","geometry":{"type":"Polygon","coordinates":[[[78.35463,17.442317],[78.354526,17.442373],[78.354483,17.4423],[78.354587,17.442244],[78.35463,17.442317]]]},"properties":{"id":"73fe43336b8a","height":null,"num_floors":null,"render_height_m":9.6,"height_label":"assumed"}},{"type":"Feature","geometry":{"type":"Polygon","coordinates":[[[78.354682,17.442398],[78.354574,17.442456],[78.354534,17.442389],[78.354642,17.442331],[78.354682,17.442398]]]},"properties":{"id":"ee4f2ae1dc7b","height":null,"num_floors":null,"render_height_m":9.6,"height_label":"assumed"}},{"type":"Feature","geometry":{"type":"Polygon","coordinates":[[[78.354583,17.442557],[78.354476,17.442615],[78.354436,17.442547],[78.354543,17.442489],[78.354583,17.442557]]]},"properties":{"id":"a93e67327148","height":null,"num_floors":null,"render_height_m":9.6,"height_label":"assumed"}},{"type":"Feature","geometry":{"type":"Polygon","coordinates":[[[78.354541,17.442593],[78.354614,17.442562],[78.35467,17.44268],[78.354598,17.442712],[78.354541,17.442593]]]},"properties":{"id":"7fe6522f431c","height":null,"num_floors":null,"render_height_m":9.6,"height_label":"assumed"}},{"type":"Feature","geometry":{"type":"Polygon","coordinates":[[[78.354617,17.442536],[78.354579,17.442472],[78.354688,17.442414],[78.354725,17.442477],[78.354617,17.442536]]]},"properties":{"id":"977fd4c4fb45","height":null,"num_floors":null,"render_height_m":9.6,"height_label":"assumed"}},{"type":"Feature","geometry":{"type":"Polygon","coordinates":[[[78.354893,17.442569],[78.354802,17.442608],[78.354746,17.44249],[78.354838,17.442451],[78.354893,17.442569]]]},"properties":{"id":"a8e427f66f57","height":null,"num_floors":null,"render_height_m":9.6,"height_label":"assumed"}},{"type":"Feature","geometry":{"type":"Polygon","coordinates":[[[78.355024,17.442769],[78.354935,17.442811],[78.354872,17.442688],[78.354961,17.442647],[78.355024,17.442769]]]},"properties":{"id":"c58b8a482436","height":null,"num_floors":null,"render_height_m":9.6,"height_label":"assumed"}},{"type":"Feature","geometry":{"type":"Polygon","coordinates":[[[78.354907,17.442565],[78.354844,17.44244],[78.354936,17.442398],[78.354999,17.442523],[78.354907,17.442565]]]},"properties":{"id":"0637db55439c","height":null,"num_floors":null,"render_height_m":9.6,"height_label":"assumed"}},{"type":"Feature","geometry":{"type":"Polygon","coordinates":[[[78.354761,17.442322],[78.354701,17.442219],[78.354812,17.44216],[78.354928,17.44236],[78.354881,17.442385],[78.354862,17.442352],[78.354847,17.44236],[78.354864,17.44239],[78.354816,17.442416],[78.354783,17.442359],[78.354774,17.442363],[78.354758,17.442335],[78.354803,17.442312],[78.354797,17.442303],[78.354761,17.442322]]]},"properties":{"id":"7abaeca8461b","height":null,"num_floors":null,"render_height_m":12.8,"height_label":"assumed"}},{"type":"Feature","geometry":{"type":"Polygon","coordinates":[[[78.354858,17.441983],[78.354794,17.441873],[78.354874,17.44182],[78.354952,17.441934],[78.354858,17.441983]]]},"properties":{"id":"bcee6e59f629","height":null,"num_floors":null,"render_height_m":9.6,"height_label":"assumed"}},{"type":"Feature","geometry":{"type":"Polygon","coordinates":[[[78.354443,17.442053],[78.35454,17.441997],[78.354606,17.442101],[78.354508,17.442157],[78.354443,17.442053]]]},"properties":{"id":"af1b1c1e30d4","height":null,"num_floors":null,"render_height_m":9.6,"height_label":"assumed"}},{"type":"Feature","geometry":{"type":"Polygon","coordinates":[[[78.354793,17.441815],[78.354807,17.441853],[78.35476,17.441869],[78.354746,17.441831],[78.354793,17.441815]]]},"properties":{"id":"a0f3e8097f94","height":null,"num_floors":null,"render_height_m":6.4,"height_label":"assumed"}},{"type":"Feature","geometry":{"type":"Polygon","coordinates":[[[78.35494,17.441782],[78.354978,17.441763],[78.355042,17.441874],[78.354946,17.441924],[78.354874,17.4418],[78.354933,17.441769],[78.35494,17.441782]]]},"properties":{"id":"65cb28453eb3","height":null,"num_floors":null,"render_height_m":9.6,"height_label":"assumed"}},{"type":"Feature","geometry":{"type":"Polygon","coordinates":[[[78.355446,17.441685],[78.355346,17.441731],[78.355278,17.441603],[78.355375,17.441557],[78.355446,17.441685]]]},"properties":{"id":"2d34d80e4b87","height":null,"num_floors":null,"render_height_m":9.6,"height_label":"assumed"}},{"type":"Feature","geometry":{"type":"Polygon","coordinates":[[[78.355454,17.441966],[78.355387,17.441868],[78.355502,17.4418],[78.355567,17.44191],[78.355454,17.441966]]]},"properties":{"id":"0947aa16f065","height":null,"num_floors":null,"render_height_m":9.6,"height_label":"assumed"}},{"type":"Feature","geometry":{"type":"Polygon","coordinates":[[[78.355259,17.441881],[78.35535,17.441835],[78.355414,17.441953],[78.355323,17.441998],[78.355259,17.441881]]]},"properties":{"id":"7c884ae6e7c3","height":null,"num_floors":null,"render_height_m":9.6,"height_label":"assumed"}},{"type":"Feature","geometry":{"type":"Polygon","coordinates":[[[78.355163,17.442143],[78.355146,17.441956],[78.355237,17.441925],[78.355327,17.442103],[78.35518,17.442173],[78.355163,17.442143]]]},"properties":{"id":"233855a2d742","height":null,"num_floors":null,"render_height_m":12.8,"height_label":"assumed"}},{"type":"Feature","geometry":{"type":"Polygon","coordinates":[[[78.355116,17.442232],[78.355139,17.442273],[78.35505,17.442319],[78.355033,17.442289],[78.355044,17.442283],[78.355023,17.442245],[78.355002,17.442256],[78.354952,17.442168],[78.354967,17.442161],[78.354945,17.442123],[78.35493,17.44213],[78.354905,17.442086],[78.355068,17.442004],[78.355095,17.442051],[78.355101,17.442048],[78.355135,17.442108],[78.3551,17.442125],[78.355112,17.442146],[78.355098,17.442153],[78.355136,17.442222],[78.355116,17.442232]]]},"properties":{"id":"f4a25c3d4cd1","height":null,"num_floors":null,"render_height_m":12.8,"height_label":"assumed"}},{"type":"Feature","geometry":{"type":"Polygon","coordinates":[[[78.355225,17.442436],[78.355154,17.442296],[78.355245,17.442254],[78.355317,17.442394],[78.355225,17.442436]]]},"properties":{"id":"9d0a123bd198","height":null,"num_floors":null,"render_height_m":9.6,"height_label":"assumed"}},{"type":"Feature","geometry":{"type":"Polygon","coordinates":[[[78.354939,17.442389],[78.355036,17.442344],[78.355108,17.442483],[78.355011,17.442529],[78.354939,17.442389]]]},"properties":{"id":"c19fc1e042db","height":null,"num_floors":null,"render_height_m":9.6,"height_label":"assumed"}},{"type":"Feature","geometry":{"type":"Polygon","coordinates":[[[78.355215,17.442661],[78.355128,17.442702],[78.355078,17.442604],[78.355165,17.442563],[78.355215,17.442661]]]},"properties":{"id":"44e493aa5068","height":null,"num_floors":null,"render_height_m":9.6,"height_label":"assumed"}},{"type":"Feature","geometry":{"type":"Polygon","coordinates":[[[78.355431,17.442588],[78.355339,17.442629],[78.355283,17.442512],[78.355375,17.442471],[78.355431,17.442588]]]},"properties":{"id":"15980e0d46e8","height":null,"num_floors":null,"render_height_m":9.6,"height_label":"assumed"}},{"type":"Feature","geometry":{"type":"Polygon","coordinates":[[[78.355333,17.44263],[78.35524,17.442673],[78.355179,17.442553],[78.355271,17.44251],[78.355333,17.44263]]]},"properties":{"id":"8c63d07e1393","height":null,"num_floors":null,"render_height_m":9.6,"height_label":"assumed"}},{"type":"Feature","geometry":{"type":"Polygon","coordinates":[[[78.35548,17.44282],[78.355394,17.442653],[78.355485,17.44261],[78.355568,17.442778],[78.35548,17.44282]]]},"properties":{"id":"77f173b1dfc5","height":null,"num_floors":null,"render_height_m":9.6,"height_label":"assumed"}},{"type":"Feature","geometry":{"type":"Polygon","coordinates":[[[78.355543,17.442534],[78.355449,17.442579],[78.35539,17.442467],[78.355484,17.442422],[78.355543,17.442534]]]},"properties":{"id":"5587efe0fd8a","height":null,"num_floors":null,"render_height_m":9.6,"height_label":"assumed"}},{"type":"Feature","geometry":{"type":"Polygon","coordinates":[[[78.355348,17.442397],[78.355266,17.442245],[78.35534,17.442206],[78.355433,17.442357],[78.355348,17.442397]]]},"properties":{"id":"bc3c669d6b3f","height":null,"num_floors":null,"render_height_m":9.6,"height_label":"assumed"}},{"type":"Feature","geometry":{"type":"Polygon","coordinates":[[[78.355429,17.442143],[78.355511,17.442296],[78.355425,17.442338],[78.355343,17.442184],[78.355429,17.442143]]]},"properties":{"id":"9264bfed5601","height":null,"num_floors":null,"render_height_m":9.6,"height_label":"assumed"}},{"type":"Feature","geometry":{"type":"Polygon","coordinates":[[[78.355516,17.44228],[78.355438,17.442131],[78.355502,17.442101],[78.355579,17.44225],[78.355516,17.44228]]]},"properties":{"id":"7a57842b7300","height":null,"num_floors":null,"render_height_m":9.6,"height_label":"assumed"}},{"type":"Feature","geometry":{"type":"Polygon","coordinates":[[[78.355677,17.442507],[78.35562,17.442396],[78.355702,17.442359],[78.355762,17.442465],[78.355677,17.442507]]]},"properties":{"id":"e6b4804b7baf","height":null,"num_floors":null,"render_height_m":9.6,"height_label":"assumed"}},{"type":"Feature","geometry":{"type":"Polygon","coordinates":[[[78.355657,17.442501],[78.35556,17.442548],[78.355497,17.442428],[78.355594,17.442381],[78.355657,17.442501]]]},"properties":{"id":"c8b9e3e86780","height":null,"num_floors":null,"render_height_m":9.6,"height_label":"assumed"}},{"type":"Feature","geometry":{"type":"Polygon","coordinates":[[[78.355562,17.442722],[78.355503,17.442597],[78.355661,17.442529],[78.35572,17.442654],[78.355562,17.442722]]]},"properties":{"id":"3746c5c02f10","height":12.8,"num_floors":4,"render_height_m":12.8,"height_label":"estimated"}},{"type":"Feature","geometry":{"type":"Polygon","coordinates":[[[78.355716,17.442509],[78.35601,17.442383],[78.356072,17.442515],[78.355778,17.442641],[78.355716,17.442509]]]},"properties":{"id":"4c1cd2182eff","height":16.0,"num_floors":5,"render_height_m":16.0,"height_label":"estimated"}},{"type":"Feature","geometry":{"type":"Polygon","coordinates":[[[78.355876,17.442408],[78.355821,17.44229],[78.35592,17.442248],[78.355976,17.442366],[78.355876,17.442408]]]},"properties":{"id":"a75311e7dfa7","height":null,"num_floors":null,"render_height_m":9.6,"height_label":"assumed"}},{"type":"Feature","geometry":{"type":"Polygon","coordinates":[[[78.355782,17.442465],[78.355714,17.442344],[78.355804,17.442302],[78.355867,17.442425],[78.355782,17.442465]]]},"properties":{"id":"fa704578f6f8","height":null,"num_floors":null,"render_height_m":9.6,"height_label":"assumed"}},{"type":"Feature","geometry":{"type":"Polygon","coordinates":[[[78.356071,17.442312],[78.355977,17.442353],[78.355927,17.442246],[78.356021,17.442206],[78.356071,17.442312]]]},"properties":{"id":"7dc9eaf53faa","height":null,"num_floors":null,"render_height_m":9.6,"height_label":"assumed"}},{"type":"Feature","geometry":{"type":"Polygon","coordinates":[[[78.356042,17.441943],[78.355947,17.441946],[78.355946,17.441901],[78.356041,17.441899],[78.356042,17.441943]]]},"properties":{"id":"63ff8fc5a8d3","height":null,"num_floors":null,"render_height_m":6.4,"height_label":"assumed"}},{"type":"Feature","geometry":{"type":"Polygon","coordinates":[[[78.356087,17.442093],[78.355809,17.442101],[78.355807,17.441972],[78.356082,17.441963],[78.356087,17.442093]]]},"properties":{"id":"24e6eb0475f0","height":null,"num_floors":null,"render_height_m":12.8,"height_label":"assumed"}},{"type":"Feature","geometry":{"type":"Polygon","coordinates":[[[78.355503,17.442095],[78.355593,17.442054],[78.355676,17.442218],[78.355586,17.442259],[78.355503,17.442095]]]},"properties":{"id":"6cdfde5a9557","height":null,"num_floors":null,"render_height_m":9.6,"height_label":"assumed"}},{"type":"Feature","geometry":{"type":"Polygon","coordinates":[[[78.35573,17.441956],[78.355616,17.44175],[78.355795,17.441667],[78.35591,17.441866],[78.35573,17.441956]]]},"properties":{"id":"f56ba2256a1b","height":null,"num_floors":null,"render_height_m":12.8,"height_label":"assumed"}},{"type":"Feature","geometry":{"type":"Polygon","coordinates":[[[78.355909,17.441685],[78.356012,17.441649],[78.356073,17.441808],[78.35597,17.441844],[78.355909,17.441685]]]},"properties":{"id":"637a6f450881","height":null,"num_floors":null,"render_height_m":9.6,"height_label":"assumed"}},{"type":"Feature","geometry":{"type":"Polygon","coordinates":[[[78.355968,17.44136],[78.355994,17.441345],[78.356028,17.441401],[78.356002,17.441416],[78.355968,17.44136]]]},"properties":{"id":"c767b50026ff","height":null,"num_floors":null,"render_height_m":6.4,"height_label":"assumed"}},{"type":"Feature","geometry":{"type":"Polygon","coordinates":[[[78.355556,17.441295],[78.355598,17.441295],[78.355598,17.441394],[78.355482,17.441395],[78.355482,17.441368],[78.35547,17.441368],[78.355469,17.441315],[78.355489,17.441315],[78.355489,17.441277],[78.355556,17.441276],[78.355556,17.441295]]]},"properties":{"id":"b5d1de09cf7b","height":null,"num_floors":null,"render_height_m":9.6,"height_label":"assumed"}},{"type":"Feature","geometry":{"type":"Polygon","coordinates":[[[78.355688,17.441348],[78.355719,17.44133],[78.355745,17.441374],[78.355713,17.441391],[78.355688,17.441348]]]},"properties":{"id":"6693ab444c2f","height":null,"num_floors":null,"render_height_m":6.4,"height_label":"assumed"}},{"type":"Feature","geometry":{"type":"Polygon","coordinates":[[[78.355769,17.441509],[78.35567,17.441558],[78.355603,17.441429],[78.355693,17.441384],[78.355769,17.441509]]]},"properties":{"id":"cc155436a6e4","height":null,"num_floors":null,"render_height_m":9.6,"height_label":"assumed"}},{"type":"Feature","geometry":{"type":"Polygon","coordinates":[[[78.355242,17.441319],[78.35511,17.441426],[78.355064,17.441374],[78.355195,17.441267],[78.355242,17.441319]]]},"properties":{"id":"45d0e56a0169","height":null,"num_floors":null,"render_height_m":9.6,"height_label":"assumed"}},{"type":"Feature","geometry":{"type":"Polygon","coordinates":[[[78.355205,17.441173],[78.355227,17.441199],[78.355168,17.441245],[78.355146,17.441219],[78.355205,17.441173]]]},"properties":{"id":"9b36545b6eb6","height":null,"num_floors":null,"render_height_m":6.4,"height_label":"assumed"}},{"type":"Feature","geometry":{"type":"Polygon","coordinates":[[[78.356042,17.441497],[78.3561,17.441592],[78.356061,17.441613],[78.356004,17.441518],[78.356042,17.441497]]]},"properties":{"id":"08b10277adb8","height":null,"num_floors":null,"render_height_m":6.4,"height_label":"assumed"}},{"type":"Feature","geometry":{"type":"Polygon","coordinates":[[[78.356127,17.441536],[78.356144,17.441566],[78.3561,17.44159],[78.356083,17.44156],[78.356127,17.441536]]]},"properties":{"id":"09c2df0a6528","height":null,"num_floors":null,"render_height_m":6.4,"height_label":"assumed"}},{"type":"Feature","geometry":{"type":"Polygon","coordinates":[[[78.356092,17.4415],[78.35611,17.441541],[78.356072,17.441556],[78.356054,17.441515],[78.356092,17.4415]]]},"properties":{"id":"bb26f88db8c1","height":null,"num_floors":null,"render_height_m":6.4,"height_label":"assumed"}},{"type":"Feature","geometry":{"type":"Polygon","coordinates":[[[78.356242,17.441712],[78.356128,17.441515],[78.356296,17.441427],[78.356411,17.441621],[78.356242,17.441712]]]},"properties":{"id":"0b61a490b098","height":null,"num_floors":null,"render_height_m":12.8,"height_label":"assumed"}},{"type":"Feature","geometry":{"type":"Polygon","coordinates":[[[78.356683,17.441396],[78.356421,17.441533],[78.356335,17.441379],[78.356591,17.441238],[78.356683,17.441396]]]},"properties":{"id":"59fae97d7694","height":null,"num_floors":null,"render_height_m":12.8,"height_label":"assumed"}},{"type":"Feature","geometry":{"type":"Polygon","coordinates":[[[78.356727,17.441246],[78.356636,17.441287],[78.356592,17.4412],[78.356683,17.441158],[78.356727,17.441246]]]},"properties":{"id":"5634c468dae7","height":null,"num_floors":null,"render_height_m":9.6,"height_label":"assumed"}},{"type":"Feature","geometry":{"type":"Polygon","coordinates":[[[78.356621,17.441583],[78.356474,17.44165],[78.356431,17.441564],[78.356577,17.441497],[78.356621,17.441583]]]},"properties":{"id":"c5e7f40f111d","height":null,"num_floors":null,"render_height_m":9.6,"height_label":"assumed"}},{"type":"Feature","geometry":{"type":"Polygon","coordinates":[[[78.356769,17.441516],[78.356628,17.441581],[78.356578,17.441482],[78.356719,17.441417],[78.356769,17.441516]]]},"properties":{"id":"2610a18cb80d","height":null,"num_floors":null,"render_height_m":9.6,"height_label":"assumed"}},{"type":"Feature","geometry":{"type":"Polygon","coordinates":[[[78.356673,17.441672],[78.356632,17.44159],[78.356771,17.441526],[78.356812,17.441609],[78.356673,17.441672]]]},"properties":{"id":"dc3cbafd4c7e","height":null,"num_floors":null,"render_height_m":9.6,"height_label":"assumed"}},{"type":"Feature","geometry":{"type":"Polygon","coordinates":[[[78.356618,17.441919],[78.356572,17.441843],[78.356705,17.441782],[78.356747,17.441851],[78.356618,17.441919]]]},"properties":{"id":"4f159675cd82","height":null,"num_floors":null,"render_height_m":9.6,"height_label":"assumed"}},{"type":"Feature","geometry":{"type":"Polygon","coordinates":[[[78.356714,17.441752],[78.356711,17.441746],[78.356679,17.441683],[78.356812,17.441622],[78.356846,17.441691],[78.356714,17.441752]]]},"properties":{"id":"a38476a316f8","height":null,"num_floors":null,"render_height_m":9.6,"height_label":"assumed"}},{"type":"Feature","geometry":{"type":"Polygon","coordinates":[[[78.356706,17.441768],[78.356587,17.441823],[78.356504,17.441659],[78.356624,17.441604],[78.356706,17.441768]]]},"properties":{"id":"45ab7e49fea5","height":null,"num_floors":null,"render_height_m":12.8,"height_label":"assumed"}},{"type":"Feature","geometry":{"type":"Polygon","coordinates":[[[78.356505,17.442147],[78.356449,17.44203],[78.356566,17.441978],[78.356611,17.442094],[78.356505,17.442147]]]},"properties":{"id":"46b8346d286d","height":null,"num_floors":null,"render_height_m":9.6,"height_label":"assumed"}},{"type":"Feature","geometry":{"type":"Polygon","coordinates":[[[78.356449,17.442152],[78.356377,17.442186],[78.356317,17.442067],[78.356389,17.442034],[78.356449,17.442152]]]},"properties":{"id":"6a58062a3250","height":null,"num_floors":null,"render_height_m":9.6,"height_label":"assumed"}},{"type":"Feature","geometry":{"type":"Polygon","coordinates":[[[78.356197,17.441766],[78.356218,17.44182],[78.356181,17.441834],[78.356159,17.441779],[78.356197,17.441766]]]},"properties":{"id":"40918a671f27","height":null,"num_floors":null,"render_height_m":6.4,"height_label":"assumed"}},{"type":"Feature","geometry":{"type":"Polygon","coordinates":[[[78.356119,17.441782],[78.356147,17.441773],[78.356165,17.441822],[78.356138,17.441831],[78.356119,17.441782]]]},"properties":{"id":"16a989e82f66","height":null,"num_floors":null,"render_height_m":6.4,"height_label":"assumed"}},{"type":"Feature","geometry":{"type":"Polygon","coordinates":[[[78.356182,17.441628],[78.356234,17.441715],[78.356189,17.441739],[78.356137,17.441652],[78.356182,17.441628]]]},"properties":{"id":"ee4b267c74fd","height":null,"num_floors":null,"render_height_m":6.4,"height_label":"assumed"}},{"type":"Feature","geometry":{"type":"Polygon","coordinates":[[[78.356059,17.441613],[78.3561,17.44159],[78.356201,17.441758],[78.356159,17.441781],[78.356059,17.441613]]]},"properties":{"id":"b5aa6f3ade5e","height":null,"num_floors":null,"render_height_m":9.6,"height_label":"assumed"}},{"type":"Feature","geometry":{"type":"Polygon","coordinates":[[[78.356106,17.441887],[78.356159,17.44189],[78.356156,17.441946],[78.356103,17.441944],[78.356106,17.441887]]]},"properties":{"id":"28b37b9362be","height":null,"num_floors":null,"render_height_m":6.4,"height_label":"assumed"}},{"type":"Feature","geometry":{"type":"Polygon","coordinates":[[[78.356209,17.44204],[78.356154,17.442039],[78.356155,17.441991],[78.35621,17.441992],[78.356209,17.44204]]]},"properties":{"id":"699f32a0eca8","height":null,"num_floors":null,"render_height_m":6.4,"height_label":"assumed"}},{"type":"Feature","geometry":{"type":"Polygon","coordinates":[[[78.356051,17.442257],[78.356092,17.442239],[78.356141,17.442344],[78.356099,17.442361],[78.356051,17.442257]]]},"properties":{"id":"566a981e2171","height":null,"num_floors":null,"render_height_m":6.4,"height_label":"assumed"}},{"type":"Feature","geometry":{"type":"Polygon","coordinates":[[[78.356425,17.44239],[78.356366,17.442262],[78.356582,17.442166],[78.356643,17.442297],[78.356425,17.44239]]]},"properties":{"id":"51c254050ecd","height":null,"num_floors":null,"render_height_m":12.8,"height_label":"assumed"}},{"type":"Feature","geometry":{"type":"Polygon","coordinates":[[[78.356245,17.443],[78.356235,17.442955],[78.356278,17.442946],[78.356289,17.442991],[78.356245,17.443]]]},"properties":{"id":"96a2bd824492","height":null,"num_floors":null,"render_height_m":6.4,"height_label":"assumed"}},{"type":"Feature","geometry":{"type":"Polygon","coordinates":[[[78.356442,17.442978],[78.356485,17.442966],[78.356498,17.443011],[78.356456,17.443023],[78.356442,17.442978]]]},"properties":{"id":"4e867e81dd1f","height":null,"num_floors":null,"render_height_m":6.4,"height_label":"assumed"}},{"type":"Feature","geometry":{"type":"Polygon","coordinates":[[[78.356346,17.443015],[78.356361,17.443076],[78.356328,17.443083],[78.356313,17.443023],[78.356346,17.443015]]]},"properties":{"id":"27ffd0acb762","height":null,"num_floors":null,"render_height_m":6.4,"height_label":"assumed"}},{"type":"Feature","geometry":{"type":"Polygon","coordinates":[[[78.356456,17.443023],[78.356498,17.443011],[78.35651,17.443053],[78.356468,17.443064],[78.356456,17.443023]]]},"properties":{"id":"35ad074481bb","height":null,"num_floors":null,"render_height_m":6.4,"height_label":"assumed"}},{"type":"Feature","geometry":{"type":"Polygon","coordinates":[[[78.356272,17.443167],[78.356313,17.443158],[78.356328,17.443224],[78.356288,17.443233],[78.356272,17.443167]]]},"properties":{"id":"b3c44042c5d9","height":null,"num_floors":null,"render_height_m":6.4,"height_label":"assumed"}},{"type":"Feature","geometry":{"type":"Polygon","coordinates":[[[78.356378,17.443411],[78.356346,17.443416],[78.35634,17.443384],[78.356373,17.443379],[78.356378,17.443411]]]},"properties":{"id":"da272ad01c36","height":null,"num_floors":null,"render_height_m":6.4,"height_label":"assumed"}},{"type":"Feature","geometry":{"type":"Polygon","coordinates":[[[78.356246,17.443344],[78.356293,17.443341],[78.356298,17.443412],[78.356251,17.443415],[78.356246,17.443344]]]},"properties":{"id":"e8c477c82148","height":null,"num_floors":null,"render_height_m":6.4,"height_label":"assumed"}},{"type":"Feature","geometry":{"type":"Polygon","coordinates":[[[78.356306,17.443321],[78.356381,17.443315],[78.356386,17.443375],[78.356312,17.443382],[78.356306,17.443321]]]},"properties":{"id":"e8028d49ba74","height":null,"num_floors":null,"render_height_m":6.4,"height_label":"assumed"}},{"type":"Feature","geometry":{"type":"Polygon","coordinates":[[[78.356543,17.443755],[78.356521,17.443674],[78.356638,17.443645],[78.35666,17.443725],[78.356543,17.443755]]]},"properties":{"id":"e9dcc81b9a85","height":null,"num_floors":null,"render_height_m":9.6,"height_label":"assumed"}},{"type":"Feature","geometry":{"type":"Polygon","coordinates":[[[78.356572,17.443846],[78.35655,17.443766],[78.356667,17.443736],[78.356689,17.443817],[78.356572,17.443846]]]},"properties":{"id":"d51c637be465","height":null,"num_floors":null,"render_height_m":9.6,"height_label":"assumed"}},{"type":"Feature","geometry":{"type":"Polygon","coordinates":[[[78.356566,17.443152],[78.356574,17.443175],[78.356526,17.443191],[78.356518,17.443167],[78.356566,17.443152]]]},"properties":{"id":"e906724b453e","height":null,"num_floors":null,"render_height_m":6.4,"height_label":"assumed"}},{"type":"Feature","geometry":{"type":"Polygon","coordinates":[[[78.356843,17.442925],[78.356852,17.442955],[78.356733,17.442989],[78.356814,17.44325],[78.356766,17.443264],[78.356641,17.442863],[78.356714,17.442842],[78.356748,17.442951],[78.356843,17.442925]]]},"properties":{"id":"780604c981d6","height":null,"num_floors":null,"render_height_m":12.8,"height_label":"assumed"}},{"type":"Feature","geometry":{"type":"Polygon","coordinates":[[[78.356803,17.442871],[78.35673,17.442894],[78.356704,17.442816],[78.356776,17.442794],[78.356803,17.442871]]]},"properties":{"id":"7a60525df30b","height":null,"num_floors":null,"render_height_m":6.4,"height_label":"assumed"}},{"type":"Feature","geometry":{"type":"Polygon","coordinates":[[[78.356735,17.444435],[78.356713,17.444354],[78.35683,17.444325],[78.356852,17.444406],[78.356735,17.444435]]]},"properties":{"id":"9f94b1e78d97","height":null,"num_floors":null,"render_height_m":9.6,"height_label":"assumed"}},{"type":"Feature","geometry":{"type":"Polygon","coordinates":[[[78.356649,17.444136],[78.356627,17.444055],[78.356744,17.444026],[78.356766,17.444107],[78.356649,17.444136]]]},"properties":{"id":"1ffeeb135861","height":null,"num_floors":null,"render_height_m":9.6,"height_label":"assumed"}},{"type":"Feature","geometry":{"type":"Polygon","coordinates":[[[78.356598,17.443945],[78.356576,17.443865],[78.356693,17.443836],[78.356715,17.443916],[78.356598,17.443945]]]},"properties":{"id":"d901422eb193","height":null,"num_floors":null,"render_height_m":9.6,"height_label":"assumed"}},{"type":"Feature","geometry":{"type":"Polygon","coordinates":[[[78.356623,17.444036],[78.356601,17.443956],[78.356718,17.443927],[78.35674,17.444007],[78.356623,17.444036]]]},"properties":{"id":"652e4e796771","height":null,"num_floors":null,"render_height_m":9.6,"height_label":"assumed"}},{"type":"Feature","geometry":{"type":"Polygon","coordinates":[[[78.35668,17.444244],[78.356658,17.444163],[78.356776,17.444134],[78.356798,17.444215],[78.35668,17.444244]]]},"properties":{"id":"8c222280454b","height":null,"num_floors":null,"render_height_m":9.6,"height_label":"assumed"}},{"type":"Feature","geometry":{"type":"Polygon","coordinates":[[[78.356709,17.444335],[78.356687,17.444255],[78.356804,17.444226],[78.356826,17.444306],[78.356709,17.444335]]]},"properties":{"id":"6f0b90ec211a","height":null,"num_floors":null,"render_height_m":9.6,"height_label":"assumed"}},{"type":"Feature","geometry":{"type":"Polygon","coordinates":[[[78.356029,17.444018],[78.356056,17.444015],[78.356061,17.444048],[78.356033,17.444051],[78.356029,17.444018]]]},"properties":{"id":"4f475db66431","height":null,"num_floors":null,"render_height_m":6.4,"height_label":"assumed"}},{"type":"Feature","geometry":{"type":"Polygon","coordinates":[[[78.35606,17.444257],[78.356064,17.444284],[78.356028,17.444289],[78.356024,17.444261],[78.35606,17.444257]]]},"properties":{"id":"f53966c9c688","height":null,"num_floors":null,"render_height_m":6.4,"height_label":"assumed"}},{"type":"Feature","geometry":{"type":"Polygon","coordinates":[[[78.356063,17.444285],[78.356077,17.444326],[78.356046,17.444336],[78.356032,17.444295],[78.356063,17.444285]]]},"properties":{"id":"e8876a261933","height":null,"num_floors":null,"render_height_m":6.4,"height_label":"assumed"}},{"type":"Feature","geometry":{"type":"Polygon","coordinates":[[[78.35608,17.44448],[78.356112,17.444469],[78.356165,17.44462],[78.356133,17.44463],[78.35608,17.44448]]]},"properties":{"id":"d3e0dc68828a","height":null,"num_floors":null,"render_height_m":6.4,"height_label":"assumed"}},{"type":"Feature","geometry":{"type":"Polygon","coordinates":[[[78.35618,17.444653],[78.35619,17.444697],[78.356158,17.444704],[78.356148,17.44466],[78.35618,17.444653]]]},"properties":{"id":"c991af489df2","height":null,"num_floors":null,"render_height_m":6.4,"height_label":"assumed"}},{"type":"Feature","geometry":{"type":"Polygon","coordinates":[[[78.356353,17.444534],[78.356374,17.444631],[78.356301,17.444646],[78.356286,17.444576],[78.356321,17.444569],[78.356316,17.444542],[78.356353,17.444534]]]},"properties":{"id":"70fa4f30c326","height":null,"num_floors":null,"render_height_m":6.4,"height_label":"assumed"}},{"type":"Feature","geometry":{"type":"Polygon","coordinates":[[[78.356492,17.444903],[78.356524,17.4449],[78.356527,17.444938],[78.356495,17.44494],[78.356492,17.444903]]]},"properties":{"id":"2c4f357be8e9","height":null,"num_floors":null,"render_height_m":6.4,"height_label":"assumed"}},{"type":"Feature","geometry":{"type":"Polygon","coordinates":[[[78.356234,17.444905],[78.356271,17.444899],[78.35628,17.444955],[78.356244,17.444961],[78.356234,17.444905]]]},"properties":{"id":"ff88076873f9","height":null,"num_floors":null,"render_height_m":6.4,"height_label":"assumed"}},{"type":"Feature","geometry":{"type":"Polygon","coordinates":[[[78.355971,17.444716],[78.356162,17.445067],[78.35614,17.445077],[78.35595,17.444727],[78.355971,17.444716]]]},"properties":{"id":"a1fd910b8725","height":null,"num_floors":null,"render_height_m":9.6,"height_label":"assumed"}},{"type":"Feature","geometry":{"type":"Polygon","coordinates":[[[78.356115,17.445369],[78.356134,17.445406],[78.356074,17.445436],[78.356054,17.445399],[78.356115,17.445369]]]},"properties":{"id":"26b4ed25f026","height":null,"num_floors":null,"render_height_m":6.4,"height_label":"assumed"}},{"type":"Feature","geometry":{"type":"Polygon","coordinates":[[[78.356169,17.445343],[78.35619,17.445391],[78.356145,17.44541],[78.356124,17.445361],[78.356169,17.445343]]]},"properties":{"id":"e2cd1e61bf95","height":null,"num_floors":null,"render_height_m":6.4,"height_label":"assumed"}},{"type":"Feature","geometry":{"type":"Polygon","coordinates":[[[78.356655,17.445338],[78.356591,17.445384],[78.356493,17.445261],[78.356558,17.445215],[78.356655,17.445338]]]},"properties":{"id":"a8f5b4d8c373","height":null,"num_floors":null,"render_height_m":9.6,"height_label":"assumed"}},{"type":"Feature","geometry":{"type":"Polygon","coordinates":[[[78.356682,17.445526],[78.356539,17.445626],[78.356492,17.445566],[78.356635,17.445466],[78.356682,17.445526]]]},"properties":{"id":"aa86b57fb3da","height":null,"num_floors":null,"render_height_m":9.6,"height_label":"assumed"}},{"type":"Feature","geometry":{"type":"Polygon","coordinates":[[[78.356604,17.445723],[78.356563,17.445666],[78.356674,17.445593],[78.356724,17.445664],[78.356676,17.445695],[78.356672,17.445689],[78.356634,17.445714],[78.356629,17.445707],[78.356604,17.445723]]]},"properties":{"id":"32f88a2e235f","height":null,"num_floors":null,"render_height_m":9.6,"height_label":"assumed"}},{"type":"Feature","geometry":{"type":"Polygon","coordinates":[[[78.356688,17.445531],[78.356713,17.445514],[78.35676,17.445576],[78.356735,17.445594],[78.356688,17.445531]]]},"properties":{"id":"aa4fd515d0ce","height":null,"num_floors":null,"render_height_m":6.4,"height_label":"assumed"}},{"type":"Feature","geometry":{"type":"Polygon","coordinates":[[[78.356835,17.445893],[78.35667,17.445961],[78.35664,17.445896],[78.356806,17.445828],[78.356835,17.445893]]]},"properties":{"id":"57147c88f072","height":null,"num_floors":null,"render_height_m":9.6,"height_label":"assumed"}},{"type":"Feature","geometry":{"type":"Polygon","coordinates":[[[78.356591,17.445816],[78.356622,17.445825],[78.356614,17.445853],[78.356583,17.445844],[78.356591,17.445816]]]},"properties":{"id":"5df6f57ae750","height":null,"num_floors":null,"render_height_m":6.4,"height_label":"assumed"}},{"type":"Feature","geometry":{"type":"Polygon","coordinates":[[[78.356572,17.445816],[78.356589,17.445867],[78.356528,17.445885],[78.356512,17.445833],[78.356572,17.445816]]]},"properties":{"id":"80d5d7a952c8","height":null,"num_floors":null,"render_height_m":6.4,"height_label":"assumed"}},{"type":"Feature","geometry":{"type":"Polygon","coordinates":[[[78.356524,17.446046],[78.356584,17.446049],[78.356579,17.44614],[78.356519,17.446137],[78.356524,17.446046]]]},"properties":{"id":"3c8c14af2aab","height":null,"num_floors":null,"render_height_m":6.4,"height_label":"assumed"}},{"type":"Feature","geometry":{"type":"Polygon","coordinates":[[[78.356388,17.446046],[78.356273,17.446043],[78.356265,17.445996],[78.356387,17.445998],[78.356388,17.446046]]]},"properties":{"id":"29f8d1b460ff","height":null,"num_floors":null,"render_height_m":6.4,"height_label":"assumed"}},{"type":"Feature","geometry":{"type":"Polygon","coordinates":[[[78.356465,17.445797],[78.356424,17.445827],[78.356405,17.445803],[78.356445,17.445773],[78.356465,17.445797]]]},"properties":{"id":"47e837bb7df4","height":null,"num_floors":null,"render_height_m":6.4,"height_label":"assumed"}},{"type":"Feature","geometry":{"type":"Polygon","coordinates":[[[78.356393,17.445739],[78.35643,17.445722],[78.356453,17.445768],[78.356416,17.445785],[78.356393,17.445739]]]},"properties":{"id":"3b9b448c4723","height":null,"num_floors":null,"render_height_m":6.4,"height_label":"assumed"}},{"type":"Feature","geometry":{"type":"Polygon","coordinates":[[[78.356406,17.445687],[78.356424,17.445718],[78.356389,17.445736],[78.356371,17.445705],[78.356406,17.445687]]]},"properties":{"id":"c42a76c679d0","height":null,"num_floors":null,"render_height_m":6.4,"height_label":"assumed"}},{"type":"Feature","geometry":{"type":"Polygon","coordinates":[[[78.356246,17.445864],[78.356165,17.445766],[78.356204,17.44574],[78.356283,17.445837],[78.356246,17.445864]]]},"properties":{"id":"c38b56d5ae8e","height":null,"num_floors":null,"render_height_m":6.4,"height_label":"assumed"}},{"type":"Feature","geometry":{"type":"Polygon","coordinates":[[[78.356133,17.446017],[78.356058,17.44592],[78.356125,17.445892],[78.35619,17.445971],[78.356133,17.446017]]]},"properties":{"id":"1af12cacda16","height":null,"num_floors":null,"render_height_m":9.6,"height_label":"assumed"}},{"type":"Feature","geometry":{"type":"Polygon","coordinates":[[[78.356181,17.445921],[78.356112,17.445825],[78.356153,17.445793],[78.356232,17.445885],[78.356181,17.445921]]]},"properties":{"id":"a83508b004ca","height":null,"num_floors":null,"render_height_m":9.6,"height_label":"assumed"}},{"type":"Feature","geometry":{"type":"Polygon","coordinates":[[[78.356249,17.44611],[78.356182,17.446105],[78.356187,17.446046],[78.356249,17.446054],[78.356249,17.44611]]]},"properties":{"id":"dd839be9e057","height":null,"num_floors":null,"render_height_m":6.4,"height_label":"assumed"}},{"type":"Feature","geometry":{"type":"Polygon","coordinates":[[[78.356077,17.446039],[78.356108,17.446084],[78.356058,17.446114],[78.356028,17.446069],[78.356077,17.446039]]]},"properties":{"id":"228be573224f","height":null,"num_floors":null,"render_height_m":6.4,"height_label":"assumed"}},{"type":"Feature","geometry":{"type":"Polygon","coordinates":[[[78.356089,17.446159],[78.356072,17.446134],[78.356122,17.446096],[78.356137,17.446118],[78.356089,17.446159]]]},"properties":{"id":"18434e41ac33","height":null,"num_floors":null,"render_height_m":6.4,"height_label":"assumed"}},{"type":"Feature","geometry":{"type":"Polygon","coordinates":[[[78.356102,17.446224],[78.356068,17.446224],[78.356069,17.446186],[78.356101,17.446187],[78.356102,17.446224]]]},"properties":{"id":"bdb29b10f125","height":null,"num_floors":null,"render_height_m":6.4,"height_label":"assumed"}},{"type":"Feature","geometry":{"type":"Polygon","coordinates":[[[78.356035,17.446283],[78.35599,17.446282],[78.355991,17.446242],[78.356038,17.446245],[78.356035,17.446283]]]},"properties":{"id":"39fd9c97107b","height":null,"num_floors":null,"render_height_m":6.4,"height_label":"assumed"}},{"type":"Feature","geometry":{"type":"Polygon","coordinates":[[[78.356098,17.446326],[78.355959,17.446323],[78.355958,17.446295],[78.356099,17.446295],[78.356098,17.446326]]]},"properties":{"id":"6f044b0fb793","height":null,"num_floors":null,"render_height_m":6.4,"height_label":"assumed"}},{"type":"Feature","geometry":{"type":"Polygon","coordinates":[[[78.356094,17.446354],[78.356094,17.446384],[78.355961,17.446386],[78.355963,17.446353],[78.356094,17.446354]]]},"properties":{"id":"3a1e445a40e3","height":null,"num_floors":null,"render_height_m":6.4,"height_label":"assumed"}},{"type":"Feature","geometry":{"type":"Polygon","coordinates":[[[78.356103,17.446282],[78.356055,17.446282],[78.356055,17.44624],[78.356104,17.446244],[78.356103,17.446282]]]},"properties":{"id":"44b2e650a454","height":null,"num_floors":null,"render_height_m":6.4,"height_label":"assumed"}},{"type":"Feature","geometry":{"type":"Polygon","coordinates":[[[78.356179,17.446415],[78.35619,17.446161],[78.356257,17.446161],[78.356246,17.44641],[78.356179,17.446415]]]},"properties":{"id":"51e32af36313","height":null,"num_floors":null,"render_height_m":9.6,"height_label":"assumed"}},{"type":"Feature","geometry":{"type":"Polygon","coordinates":[[[78.356397,17.446276],[78.356284,17.446276],[78.356287,17.446174],[78.356394,17.446177],[78.356397,17.446276]]]},"properties":{"id":"4698f5547933","height":null,"num_floors":null,"render_height_m":9.6,"height_label":"assumed"}},{"type":"Feature","geometry":{"type":"Polygon","coordinates":[[[78.356395,17.446151],[78.356287,17.44615],[78.356281,17.446091],[78.356398,17.446091],[78.356395,17.446151]]]},"properties":{"id":"748f4c282e18","height":null,"num_floors":null,"render_height_m":6.4,"height_label":"assumed"}},{"type":"Feature","geometry":{"type":"Polygon","coordinates":[[[78.35648,17.446187],[78.356437,17.446184],[78.356446,17.446147],[78.356484,17.446147],[78.35648,17.446187]]]},"properties":{"id":"42955c661d45","height":null,"num_floors":null,"render_height_m":6.4,"height_label":"assumed"}},{"type":"Feature","geometry":{"type":"Polygon","coordinates":[[[78.356461,17.446264],[78.35641,17.446265],[78.356409,17.446201],[78.356462,17.446201],[78.356461,17.446264]]]},"properties":{"id":"a9fd73b5b477","height":null,"num_floors":null,"render_height_m":6.4,"height_label":"assumed"}},{"type":"Feature","geometry":{"type":"Polygon","coordinates":[[[78.356409,17.446392],[78.356409,17.446305],[78.356462,17.446304],[78.356462,17.446393],[78.356409,17.446392]]]},"properties":{"id":"74684962f0e6","height":null,"num_floors":null,"render_height_m":6.4,"height_label":"assumed"}},{"type":"Feature","geometry":{"type":"Polygon","coordinates":[[[78.356397,17.446407],[78.356279,17.446412],[78.356283,17.446294],[78.356398,17.446294],[78.356397,17.446407]]]},"properties":{"id":"c129238f77a6","height":null,"num_floors":null,"render_height_m":9.6,"height_label":"assumed"}},{"type":"Feature","geometry":{"type":"Polygon","coordinates":[[[78.356316,17.446417],[78.356379,17.446415],[78.356379,17.446446],[78.356317,17.446448],[78.356316,17.446417]]]},"properties":{"id":"a1f7bb8acc24","height":null,"num_floors":null,"render_height_m":6.4,"height_label":"assumed"}},{"type":"Feature","geometry":{"type":"Polygon","coordinates":[[[78.356691,17.446368],[78.35674,17.446386],[78.356715,17.446447],[78.356666,17.446428],[78.356691,17.446368]]]},"properties":{"id":"c75224094b53","height":null,"num_floors":null,"render_height_m":6.4,"height_label":"assumed"}},{"type":"Feature","geometry":{"type":"Polygon","coordinates":[[[78.356669,17.446424],[78.356758,17.446459],[78.356734,17.446515],[78.356645,17.446479],[78.356669,17.446424]]]},"properties":{"id":"d72be94ad29d","height":null,"num_floors":null,"render_height_m":6.4,"height_label":"assumed"}},{"type":"Feature","geometry":{"type":"Polygon","coordinates":[[[78.356557,17.446345],[78.356486,17.446338],[78.35649,17.446252],[78.356583,17.446256],[78.356557,17.446345]]]},"properties":{"id":"f8b320710795","height":null,"num_floors":null,"render_height_m":9.6,"height_label":"assumed"}},{"type":"Feature","geometry":{"type":"Polygon","coordinates":[[[78.356582,17.446238],[78.356499,17.446238],[78.356496,17.446183],[78.356588,17.446184],[78.356582,17.446238]]]},"properties":{"id":"e1891a8f412e","height":null,"num_floors":null,"render_height_m":6.4,"height_label":"assumed"}},{"type":"Feature","geometry":{"type":"Polygon","coordinates":[[[78.356744,17.446234],[78.356837,17.446265],[78.356817,17.446319],[78.356724,17.446288],[78.356744,17.446234]]]},"properties":{"id":"33b4ce5aae2a","height":null,"num_floors":null,"render_height_m":6.4,"height_label":"assumed"}},{"type":"Feature","geometry":{"type":"Polygon","coordinates":[[[78.356745,17.448306],[78.356648,17.448306],[78.356648,17.448216],[78.356746,17.448216],[78.356745,17.448306]]]},"properties":{"id":"662162eeed0d","height":null,"num_floors":null,"render_height_m":9.6,"height_label":"assumed"}},{"type":"Feature","geometry":{"type":"Polygon","coordinates":[[[78.356805,17.44811],[78.356808,17.448165],[78.356722,17.44817],[78.356718,17.448115],[78.356805,17.44811]]]},"properties":{"id":"a85e530da4d2","height":null,"num_floors":null,"render_height_m":6.4,"height_label":"assumed"}},{"type":"Feature","geometry":{"type":"Polygon","coordinates":[[[78.356586,17.448044],[78.356668,17.448042],[78.35667,17.4481],[78.356587,17.448102],[78.356586,17.448044]]]},"properties":{"id":"6ba312f30881","height":null,"num_floors":null,"render_height_m":6.4,"height_label":"assumed"}},{"type":"Feature","geometry":{"type":"Polygon","coordinates":[[[78.356544,17.447625],[78.356655,17.447623],[78.356658,17.447817],[78.356547,17.447819],[78.356544,17.447625]]]},"properties":{"id":"85157caf523a","height":null,"num_floors":null,"render_height_m":12.8,"height_label":"assumed"}},{"type":"Feature","geometry":{"type":"Polygon","coordinates":[[[78.356516,17.448191],[78.356402,17.44819],[78.356403,17.448103],[78.356516,17.448104],[78.356516,17.448191]]]},"properties":{"id":"cd53b8054a33","height":null,"num_floors":null,"render_height_m":9.6,"height_label":"assumed"}},{"type":"Feature","geometry":{"type":"Polygon","coordinates":[[[78.356537,17.448297],[78.356402,17.448297],[78.356403,17.448237],[78.356538,17.448238],[78.356537,17.448297]]]},"properties":{"id":"b2e5bcd22a0a","height":null,"num_floors":null,"render_height_m":9.6,"height_label":"assumed"}},{"type":"Feature","geometry":{"type":"Polygon","coordinates":[[[78.356165,17.448941],[78.356064,17.448941],[78.356064,17.448844],[78.356101,17.448844],[78.356101,17.448809],[78.356148,17.448809],[78.356148,17.448885],[78.356165,17.448885],[78.356165,17.448941]]]},"properties":{"id":"0ac5c63b78de","height":null,"num_floors":null,"render_height_m":9.6,"height_label":"assumed"}},{"type":"Feature","geometry":{"type":"Polygon","coordinates":[[[78.35628,17.448947],[78.356195,17.448947],[78.356196,17.448822],[78.356281,17.448823],[78.35628,17.448947]]]},"properties":{"id":"8b47c0a71aff","height":null,"num_floors":null,"render_height_m":9.6,"height_label":"assumed"}},{"type":"Feature","geometry":{"type":"Polygon","coordinates":[[[78.356258,17.448776],[78.356289,17.448777],[78.356287,17.448822],[78.356256,17.448821],[78.356258,17.448776]]]},"properties":{"id":"51af3a21765e","height":null,"num_floors":null,"render_height_m":6.4,"height_label":"assumed"}},{"type":"Feature","geometry":{"type":"Polygon","coordinates":[[[78.356289,17.448777],[78.356331,17.448779],[78.35633,17.448814],[78.356287,17.448812],[78.356289,17.448777]]]},"properties":{"id":"f877e7417544","height":null,"num_floors":null,"render_height_m":6.4,"height_label":"assumed"}},{"type":"Feature","geometry":{"type":"Polygon","coordinates":[[[78.356331,17.448779],[78.356386,17.448782],[78.356385,17.448816],[78.35633,17.448814],[78.356331,17.448779]]]},"properties":{"id":"4b5406577dcf","height":null,"num_floors":null,"render_height_m":6.4,"height_label":"assumed"}},{"type":"Feature","geometry":{"type":"Polygon","coordinates":[[[78.356554,17.448939],[78.356452,17.448939],[78.356452,17.448853],[78.35649,17.448853],[78.35649,17.448819],[78.356531,17.448819],[78.356531,17.448852],[78.356554,17.448852],[78.356554,17.448939]]]},"properties":{"id":"1d5c163734f7","height":null,"num_floors":null,"render_height_m":9.6,"height_label":"assumed"}},{"type":"Feature","geometry":{"type":"Polygon","coordinates":[[[78.356498,17.448554],[78.356379,17.448554],[78.35638,17.448439],[78.356498,17.448439],[78.356498,17.448554]]]},"properties":{"id":"ade13b199fa1","height":null,"num_floors":null,"render_height_m":9.6,"height_label":"assumed"}},{"type":"Feature","geometry":{"type":"Polygon","coordinates":[[[78.356737,17.448516],[78.356651,17.448515],[78.356651,17.448455],[78.356737,17.448455],[78.356737,17.448516]]]},"properties":{"id":"d8ff05dddba5","height":null,"num_floors":null,"render_height_m":6.4,"height_label":"assumed"}},{"type":"Feature","geometry":{"type":"Polygon","coordinates":[[[78.356777,17.448417],[78.356631,17.448416],[78.356631,17.448341],[78.356778,17.448342],[78.356777,17.448417]]]},"properties":{"id":"2c610b11ac28","height":null,"num_floors":null,"render_height_m":9.6,"height_label":"assumed"}},{"type":"Feature","geometry":{"type":"Polygon","coordinates":[[[78.35681,17.448946],[78.356716,17.448946],[78.356716,17.448857],[78.356751,17.448857],[78.356751,17.448822],[78.356789,17.448822],[78.356789,17.448861],[78.35681,17.448861],[78.35681,17.448946]]]},"properties":{"id":"06882858df7f","height":null,"num_floors":null,"render_height_m":9.6,"height_label":"assumed"}},{"type":"Feature","geometry":{"type":"Polygon","coordinates":[[[78.356576,17.448769],[78.3566,17.448768],[78.356602,17.448824],[78.356578,17.448825],[78.356576,17.448769]]]},"properties":{"id":"26ad0221724c","height":null,"num_floors":null,"render_height_m":6.4,"height_label":"assumed"}},{"type":"Feature","geometry":{"type":"Polygon","coordinates":[[[78.35668,17.448944],[78.356583,17.448944],[78.356583,17.448853],[78.356615,17.448853],[78.356615,17.44882],[78.356659,17.44882],[78.356659,17.448853],[78.35668,17.448853],[78.35668,17.448944]]]},"properties":{"id":"00a96c723b84","height":null,"num_floors":null,"render_height_m":9.6,"height_label":"assumed"}},{"type":"Feature","geometry":{"type":"Polygon","coordinates":[[[78.356683,17.449101],[78.356615,17.449101],[78.356615,17.449065],[78.356576,17.449065],[78.356576,17.448981],[78.356683,17.448981],[78.356683,17.449101]]]},"properties":{"id":"2568989c3723","height":null,"num_floors":null,"render_height_m":9.6,"height_label":"assumed"}},{"type":"Feature","geometry":{"type":"Polygon","coordinates":[[[78.356827,17.449104],[78.356703,17.449104],[78.356703,17.448983],[78.356827,17.448983],[78.356827,17.449104]]]},"properties":{"id":"325da0f531b0","height":null,"num_floors":null,"render_height_m":9.6,"height_label":"assumed"}},{"type":"Feature","geometry":{"type":"Polygon","coordinates":[[[78.356572,17.449232],[78.35676,17.449231],[78.35676,17.449336],[78.356706,17.449336],[78.356706,17.449403],[78.356616,17.449403],[78.356615,17.449335],[78.356573,17.449335],[78.356572,17.449232]],[[78.356696,17.449257],[78.356648,17.449257],[78.356648,17.449301],[78.356696,17.449301],[78.356696,17.449257]]]},"properties":{"id":"b04bea99d67d","height":null,"num_floors":null,"render_height_m":12.8,"height_label":"assumed"}},{"type":"Feature","geometry":{"type":"Polygon","coordinates":[[[78.356235,17.449309],[78.35624,17.449196],[78.356364,17.449201],[78.356358,17.449314],[78.356235,17.449309]]]},"properties":{"id":"ef8fa982c101","height":null,"num_floors":null,"render_height_m":9.6,"height_label":"assumed"}},{"type":"Feature","geometry":{"type":"Polygon","coordinates":[[[78.356384,17.449312],[78.356387,17.449206],[78.356462,17.449208],[78.356459,17.449314],[78.356384,17.449312]]]},"properties":{"id":"fba18d3d9df9","height":null,"num_floors":null,"render_height_m":9.6,"height_label":"assumed"}},{"type":"Feature","geometry":{"type":"Polygon","coordinates":[[[78.35656,17.449104],[78.356484,17.449104],[78.356484,17.449067],[78.356447,17.449067],[78.356447,17.448973],[78.356546,17.448973],[78.356546,17.449052],[78.35656,17.449052],[78.35656,17.449104]]]},"properties":{"id":"938e02f22ebf","height":null,"num_floors":null,"render_height_m":9.6,"height_label":"assumed"}},{"type":"Feature","geometry":{"type":"Polygon","coordinates":[[[78.356434,17.4491],[78.356358,17.4491],[78.356358,17.449064],[78.356314,17.449064],[78.356314,17.448971],[78.356434,17.448971],[78.356434,17.4491]]]},"properties":{"id":"029c096cdd25","height":null,"num_floors":null,"render_height_m":9.6,"height_label":"assumed"}},{"type":"Feature","geometry":{"type":"Polygon","coordinates":[[[78.356299,17.449094],[78.356191,17.449094],[78.356191,17.448975],[78.356299,17.448975],[78.356299,17.449094]]]},"properties":{"id":"dc6d3f0a55d7","height":null,"num_floors":null,"render_height_m":9.6,"height_label":"assumed"}},{"type":"Feature","geometry":{"type":"Polygon","coordinates":[[[78.356176,17.449122],[78.356071,17.449122],[78.356071,17.448976],[78.356176,17.448976],[78.356176,17.449021],[78.356188,17.449021],[78.356188,17.449088],[78.356176,17.449088],[78.356176,17.449122]]]},"properties":{"id":"826924a50639","height":null,"num_floors":null,"render_height_m":9.6,"height_label":"assumed"}},{"type":"Feature","geometry":{"type":"Polygon","coordinates":[[[78.353712,17.449699],[78.353729,17.449776],[78.353651,17.449792],[78.353654,17.449806],[78.353616,17.449814],[78.353615,17.449807],[78.353591,17.449813],[78.353593,17.449821],[78.353558,17.449828],[78.353554,17.449812],[78.353454,17.449832],[78.353439,17.449763],[78.353417,17.449768],[78.35341,17.44976],[78.353403,17.44976],[78.353394,17.449764],[78.35339,17.449775],[78.353391,17.449789],[78.353227,17.44973],[78.353233,17.449715],[78.353207,17.449683],[78.353153,17.44972],[78.353095,17.449644],[78.353081,17.449653],[78.35306,17.449624],[78.353065,17.449621],[78.353051,17.449604],[78.353045,17.449608],[78.353024,17.449577],[78.353038,17.449568],[78.35299,17.449506],[78.353055,17.449461],[78.353002,17.449391],[78.352999,17.449368],[78.352987,17.449354],[78.352998,17.449288],[78.353018,17.449277],[78.353024,17.449289],[78.353044,17.449287],[78.353029,17.449264],[78.35316,17.449177],[78.353163,17.44918],[78.35318,17.449148],[78.353071,17.44909],[78.353091,17.449057],[78.353199,17.449115],[78.353209,17.449098],[78.353216,17.449101],[78.353218,17.448998],[78.353234,17.449],[78.353235,17.44897],[78.353225,17.448969],[78.353227,17.448936],[78.353236,17.448936],[78.353237,17.448898],[78.353293,17.44886],[78.353323,17.448864],[78.353337,17.448857],[78.353408,17.448859],[78.353411,17.4488],[78.353511,17.448805],[78.353511,17.44879],[78.353553,17.448791],[78.353553,17.448796],[78.353576,17.448798],[78.353577,17.448793],[78.353614,17.448795],[78.353613,17.448811],[78.353704,17.448816],[78.3537,17.448889],[78.353743,17.448893],[78.353749,17.44889],[78.353759,17.448889],[78.353772,17.448897],[78.353887,17.448988],[78.353881,17.448995],[78.353877,17.449006],[78.353878,17.449018],[78.353879,17.44903],[78.353885,17.449042],[78.353956,17.449024],[78.353981,17.449116],[78.354001,17.449111],[78.354009,17.449145],[78.354001,17.449147],[78.354008,17.449172],[78.354017,17.44917],[78.354024,17.449198],[78.354004,17.449202],[78.354029,17.449294],[78.353946,17.449318],[78.353949,17.449328],[78.353954,17.449337],[78.353969,17.44935],[78.35399,17.449384],[78.353999,17.449449],[78.354002,17.449491],[78.354059,17.449524],[78.353966,17.44967],[78.353913,17.449639],[78.353913,17.44964],[78.353864,17.449653],[78.353863,17.449662],[78.353712,17.449699]],[[78.353821,17.449271],[78.353803,17.449269],[78.353795,17.44926],[78.353794,17.449248],[78.353799,17.449235],[78.353816,17.449233],[78.353806,17.44918],[78.353794,17.44918],[78.353783,17.44918],[78.353773,17.449175],[78.35377,17.449164],[78.35377,17.44915],[78.353775,17.449142],[78.353788,17.44914],[78.353803,17.449143],[78.353809,17.44914],[78.353795,17.449086],[78.35379,17.449088],[78.353778,17.449082],[78.353771,17.449069],[78.353774,17.449057],[78.353796,17.449052],[78.353721,17.448986],[78.35371,17.448985],[78.353698,17.44898],[78.353693,17.448966],[78.353691,17.448949],[78.353681,17.448948],[78.353679,17.448981],[78.35361,17.448977],[78.35361,17.448994],[78.353607,17.449007],[78.353599,17.449015],[78.353587,17.449015],[78.353577,17.449012],[78.353571,17.449004],[78.353571,17.448988],[78.353512,17.448983],[78.353511,17.448996],[78.353503,17.449005],[78.35349,17.44901],[78.353476,17.449009],[78.353464,17.448999],[78.353462,17.448987],[78.353465,17.448969],[78.353401,17.448966],[78.353402,17.448956],[78.353376,17.448956],[78.353379,17.448977],[78.353374,17.448988],[78.353357,17.44899],[78.353355,17.44899],[78.353353,17.44906],[78.353367,17.44906],[78.353366,17.449109],[78.353353,17.449109],[78.353353,17.44911],[78.353355,17.44911],[78.353353,17.449145],[78.353364,17.449157],[78.353371,17.449176],[78.353373,17.449192],[78.353383,17.449197],[78.353367,17.449218],[78.353519,17.449302],[78.353531,17.449281],[78.353558,17.449296],[78.353576,17.449268],[78.353574,17.449254],[78.353579,17.449241],[78.353593,17.449228],[78.353606,17.449217],[78.353625,17.449212],[78.353648,17.449211],[78.353664,17.449221],[78.353675,17.449235],[78.35368,17.449246],[78.353682,17.449261],[78.353682,17.449271],[78.35368,17.449283],[78.353677,17.449293],[78.35367,17.449292],[78.353828,17.44938],[78.353788,17.449445],[78.353805,17.449454],[78.353838,17.449398],[78.35388,17.449421],[78.353885,17.449413],[78.353894,17.449398],[78.353897,17.449384],[78.353886,17.449366],[78.353876,17.449379],[78.353846,17.449265],[78.353834,17.449269],[78.353821,17.449271]],[[78.353729,17.449543],[78.353721,17.449556],[78.353552,17.449463],[78.353546,17.449473],[78.353533,17.449478],[78.353518,17.449479],[78.353496,17.449477],[78.353482,17.449471],[78.353468,17.449455],[78.353461,17.449442],[78.353469,17.449424],[78.353482,17.449404],[78.353499,17.449398],[78.353525,17.449402],[78.353552,17.449422],[78.353575,17.449384],[78.353549,17.449371],[78.353559,17.449354],[78.353354,17.449241],[78.353334,17.44927],[78.353324,17.449263],[78.353314,17.449269],[78.353297,17.449272],[78.353276,17.449272],[78.35327,17.44927],[78.353242,17.449289],[78.353255,17.449305],[78.353117,17.449389],[78.353112,17.449393],[78.353104,17.449403],[78.353106,17.449413],[78.353111,17.449418],[78.353113,17.449421],[78.353126,17.449412],[78.353166,17.449465],[78.353169,17.449457],[78.353184,17.449442],[78.353201,17.449437],[78.35322,17.449448],[78.353219,17.449459],[78.353213,17.449472],[78.3532,17.449488],[78.353233,17.449528],[78.353244,17.449522],[78.353257,17.44952],[78.353271,17.449523],[78.353278,17.449535],[78.353273,17.449545],[78.35326,17.449556],[78.353245,17.449569],[78.353289,17.449626],[78.353287,17.449627],[78.353305,17.449648],[78.353393,17.44968],[78.353417,17.449676],[78.353419,17.449675],[78.353418,17.44967],[78.353489,17.449656],[78.353484,17.449625],[78.35349,17.449609],[78.3535,17.449606],[78.353511,17.449609],[78.35352,17.449617],[78.353526,17.449629],[78.353579,17.449627],[78.35358,17.449615],[78.353578,17.4496],[78.353582,17.449587],[78.353592,17.449584],[78.353606,17.449585],[78.353613,17.449589],[78.353619,17.449597],[78.353621,17.449611],[78.353621,17.449626],[78.353692,17.449614],[78.353695,17.449624],[78.353759,17.449611],[78.35376,17.449619],[78.353787,17.449575],[78.353729,17.449543]]]},"properties":{"id":"7839697edb55","height":null,"num_floors":null,"render_height_m":19.2,"height_label":"assumed"}},{"type":"Feature","geometry":{"type":"Polygon","coordinates":[[[78.352052,17.449317],[78.351969,17.449346],[78.351916,17.449208],[78.351999,17.44918],[78.352052,17.449317]]]},"properties":{"id":"acaa8d575a57","height":null,"num_floors":null,"render_height_m":9.6,"height_label":"assumed"}},{"type":"Feature","geometry":{"type":"Polygon","coordinates":[[[78.352252,17.449288],[78.352163,17.4493],[78.352153,17.449234],[78.352242,17.449222],[78.352252,17.449288]]]},"properties":{"id":"e1cae3949acb","height":null,"num_floors":null,"render_height_m":6.4,"height_label":"assumed"}},{"type":"Feature","geometry":{"type":"Polygon","coordinates":[[[78.352426,17.448702],[78.352491,17.448731],[78.352469,17.448777],[78.352404,17.448748],[78.352426,17.448702]]]},"properties":{"id":"b690c9ea102d","height":null,"num_floors":null,"render_height_m":6.4,"height_label":"assumed"}},{"type":"Feature","geometry":{"type":"Polygon","coordinates":[[[78.352436,17.448453],[78.352339,17.448494],[78.352288,17.448385],[78.352386,17.448344],[78.352436,17.448453]]]},"properties":{"id":"9e127c8763a1","height":null,"num_floors":null,"render_height_m":9.6,"height_label":"assumed"}},{"type":"Feature","geometry":{"type":"Polygon","coordinates":[[[78.352486,17.448407],[78.352459,17.448341],[78.352519,17.448318],[78.352547,17.448384],[78.352486,17.448407]]]},"properties":{"id":"cbb46c093680","height":null,"num_floors":null,"render_height_m":6.4,"height_label":"assumed"}},{"type":"Feature","geometry":{"type":"Polygon","coordinates":[[[78.352299,17.448151],[78.352303,17.448149],[78.352291,17.448126],[78.352286,17.448129],[78.352277,17.448109],[78.352277,17.448109],[78.352278,17.448109],[78.352251,17.448053],[78.35226,17.448049],[78.352251,17.44803],[78.352343,17.447992],[78.352361,17.44803],[78.352279,17.448064],[78.352288,17.448084],[78.352371,17.448049],[78.352391,17.448094],[78.352315,17.448126],[78.352322,17.448141],[78.352398,17.448109],[78.352415,17.448145],[78.352348,17.448173],[78.352359,17.448197],[78.35233,17.448209],[78.352319,17.448185],[78.352315,17.448187],[78.352299,17.448151]]]},"properties":{"id":"549641e8839e","height":null,"num_floors":null,"render_height_m":9.6,"height_label":"assumed"}},{"type":"Feature","geometry":{"type":"Polygon","coordinates":[[[78.353068,17.447242],[78.353083,17.447273],[78.35303,17.447296],[78.353016,17.447264],[78.353068,17.447242]]]},"properties":{"id":"c8f91c042e24","height":null,"num_floors":null,"render_height_m":6.4,"height_label":"assumed"}},{"type":"Feature","geometry":{"type":"Polygon","coordinates":[[[78.353102,17.447307],[78.353051,17.447332],[78.353034,17.447301],[78.353085,17.447275],[78.353102,17.447307]]]},"properties":{"id":"0e24e010a677","height":null,"num_floors":null,"render_height_m":6.4,"height_label":"assumed"}},{"type":"Feature","geometry":{"type":"Polygon","coordinates":[[[78.353099,17.447303],[78.353112,17.447329],[78.353066,17.447351],[78.353053,17.447324],[78.353099,17.447303]]]},"properties":{"id":"a1fa4adb3169","height":null,"num_floors":null,"render_height_m":6.4,"height_label":"assumed"}},{"type":"Feature","geometry":{"type":"Polygon","coordinates":[[[78.353553,17.448253],[78.353665,17.448365],[78.353603,17.448423],[78.35349,17.448311],[78.353553,17.448253]]]},"properties":{"id":"5876aa96704f","height":null,"num_floors":null,"render_height_m":9.6,"height_label":"assumed"}},{"type":"Feature","geometry":{"type":"Polygon","coordinates":[[[78.3536,17.448222],[78.353634,17.448246],[78.353618,17.448268],[78.353583,17.448244],[78.3536,17.448222]]]},"properties":{"id":"930ba9d4dfd5","height":null,"num_floors":null,"render_height_m":6.4,"height_label":"assumed"}},{"type":"Feature","geometry":{"type":"Polygon","coordinates":[[[78.353838,17.447799],[78.353909,17.447871],[78.353865,17.44791],[78.353795,17.447839],[78.353838,17.447799]]]},"properties":{"id":"dba6ee620883","height":null,"num_floors":null,"render_height_m":6.4,"height_label":"assumed"}},{"type":"Feature","geometry":{"type":"Polygon","coordinates":[[[78.353727,17.447642],[78.353745,17.447676],[78.353691,17.447703],[78.353672,17.447669],[78.353727,17.447642]]]},"properties":{"id":"3e85cdc1106a","height":null,"num_floors":null,"render_height_m":6.4,"height_label":"assumed"}},{"type":"Feature","geometry":{"type":"Polygon","coordinates":[[[78.354363,17.448875],[78.354402,17.448921],[78.354371,17.448946],[78.354331,17.448901],[78.354363,17.448875]]]},"properties":{"id":"934763aab21e","height":null,"num_floors":null,"render_height_m":6.4,"height_label":"assumed"}},{"type":"Feature","geometry":{"type":"Polygon","coordinates":[[[78.354662,17.449088],[78.354694,17.449171],[78.354564,17.449219],[78.354531,17.449136],[78.354662,17.449088]]]},"properties":{"id":"3cd91c3c2d72","height":null,"num_floors":null,"render_height_m":9.6,"height_label":"assumed"}},{"type":"Feature","geometry":{"type":"Polygon","coordinates":[[[78.354823,17.449221],[78.354856,17.449306],[78.35468,17.44937],[78.354646,17.449285],[78.354823,17.449221]]]},"properties":{"id":"84fc520ecc63","height":null,"num_floors":null,"render_height_m":9.6,"height_label":"assumed"}},{"type":"Feature","geometry":{"type":"Polygon","coordinates":[[[78.354541,17.44892],[78.354489,17.448898],[78.354523,17.448826],[78.354574,17.448848],[78.354541,17.44892]]]},"properties":{"id":"ffa98745e36a","height":null,"num_floors":null,"render_height_m":6.4,"height_label":"assumed"}},{"type":"Feature","geometry":{"type":"Polygon","coordinates":[[[78.355446,17.448794],[78.35547,17.448856],[78.355425,17.448873],[78.355401,17.44881],[78.355446,17.448794]]]},"properties":{"id":"5b35504cd91c","height":null,"num_floors":null,"render_height_m":6.4,"height_label":"assumed"}},{"type":"Feature","geometry":{"type":"Polygon","coordinates":[[[78.355403,17.448846],[78.355214,17.448922],[78.355181,17.448848],[78.35537,17.448772],[78.355403,17.448846]]]},"properties":{"id":"48a9064eae3e","height":null,"num_floors":null,"render_height_m":9.6,"height_label":"assumed"}},{"type":"Feature","geometry":{"type":"Polygon","coordinates":[[[78.355081,17.448942],[78.355115,17.448934],[78.355123,17.448965],[78.355089,17.448973],[78.355081,17.448942]]]},"properties":{"id":"9d54ece717b7","height":null,"num_floors":null,"render_height_m":6.4,"height_label":"assumed"}},{"type":"Feature","geometry":{"type":"Polygon","coordinates":[[[78.35518,17.449001],[78.355146,17.449011],[78.355114,17.448913],[78.355148,17.448902],[78.35518,17.449001]]]},"properties":{"id":"499063362e49","height":null,"num_floors":null,"render_height_m":6.4,"height_label":"assumed"}},{"type":"Feature","geometry":{"type":"Polygon","coordinates":[[[78.355549,17.449204],[78.355383,17.44927],[78.35533,17.44915],[78.355496,17.449084],[78.355549,17.449204]]]},"properties":{"id":"6069821628ab","height":null,"num_floors":null,"render_height_m":12.8,"height_label":"assumed"}},{"type":"Feature","geometry":{"type":"Polygon","coordinates":[[[78.355363,17.448967],[78.355309,17.448989],[78.355288,17.448942],[78.355334,17.448924],[78.355321,17.448895],[78.355409,17.44886],[78.355457,17.448968],[78.355378,17.449],[78.355363,17.448967]]]},"properties":{"id":"260cd59d1efb","height":null,"num_floors":null,"render_height_m":9.6,"height_label":"assumed"}},{"type":"Feature","geometry":{"type":"Polygon","coordinates":[[[78.355493,17.44906],[78.355365,17.449112],[78.355333,17.44904],[78.355461,17.448989],[78.355493,17.44906]]]},"properties":{"id":"a40fa62ba0f6","height":null,"num_floors":null,"render_height_m":9.6,"height_label":"assumed"}},{"type":"Feature","geometry":{"type":"Polygon","coordinates":[[[78.355572,17.449028],[78.355532,17.449046],[78.355493,17.44897],[78.355586,17.448927],[78.355604,17.448961],[78.355627,17.44895],[78.355646,17.448988],[78.355598,17.44901],[78.355603,17.449021],[78.355575,17.449034],[78.355572,17.449028]]]},"properties":{"id":"df77e7da3799","height":null,"num_floors":null,"render_height_m":9.6,"height_label":"assumed"}},{"type":"Feature","geometry":{"type":"Polygon","coordinates":[[[78.355691,17.449105],[78.355579,17.449153],[78.355546,17.449083],[78.355634,17.449045],[78.355647,17.449072],[78.355671,17.449062],[78.355691,17.449105]]]},"properties":{"id":"a7a1e577b2b7","height":null,"num_floors":null,"render_height_m":9.6,"height_label":"assumed"}},{"type":"Feature","geometry":{"type":"Polygon","coordinates":[[[78.355594,17.44929],[78.35548,17.449336],[78.355445,17.449257],[78.355559,17.44921],[78.355594,17.44929]]]},"properties":{"id":"cb99822bf237","height":null,"num_floors":null,"render_height_m":9.6,"height_label":"assumed"}},{"type":"Feature","geometry":{"type":"Polygon","coordinates":[[[78.355844,17.449327],[78.355673,17.449403],[78.355622,17.449298],[78.355793,17.449222],[78.355844,17.449327]]]},"properties":{"id":"5921131ced2f","height":null,"num_floors":null,"render_height_m":12.8,"height_label":"assumed"}},{"type":"Feature","geometry":{"type":"Polygon","coordinates":[[[78.355666,17.449248],[78.355632,17.449262],[78.355599,17.44919],[78.355681,17.449157],[78.355692,17.44918],[78.355724,17.449167],[78.355748,17.449221],[78.355668,17.449254],[78.355666,17.449248]]]},"properties":{"id":"c15cc742a9b9","height":null,"num_floors":null,"render_height_m":9.6,"height_label":"assumed"}},{"type":"Feature","geometry":{"type":"Polygon","coordinates":[[[78.355774,17.449054],[78.355821,17.44916],[78.35576,17.449185],[78.355712,17.44908],[78.355774,17.449054]]]},"properties":{"id":"1cf445e7f152","height":null,"num_floors":null,"render_height_m":9.6,"height_label":"assumed"}},{"type":"Feature","geometry":{"type":"Polygon","coordinates":[[[78.355995,17.449092],[78.355889,17.449135],[78.355834,17.449012],[78.35594,17.448969],[78.355995,17.449092]]]},"properties":{"id":"862f95d59146","height":null,"num_floors":null,"render_height_m":9.6,"height_label":"assumed"}},{"type":"Feature","geometry":{"type":"Polygon","coordinates":[[[78.356021,17.448939],[78.355939,17.448939],[78.355938,17.448801],[78.35602,17.448801],[78.356021,17.448939]]]},"properties":{"id":"fb90a8b61189","height":null,"num_floors":null,"render_height_m":9.6,"height_label":"assumed"}},{"type":"Feature","geometry":{"type":"Polygon","coordinates":[[[78.35593,17.448942],[78.355813,17.448943],[78.355812,17.448812],[78.355929,17.448811],[78.35593,17.448942]]]},"properties":{"id":"e0132d7673ec","height":null,"num_floors":null,"render_height_m":9.6,"height_label":"assumed"}},{"type":"Feature","geometry":{"type":"Polygon","coordinates":[[[78.355709,17.448781],[78.355709,17.448746],[78.355796,17.448746],[78.355796,17.448911],[78.355771,17.448911],[78.355709,17.448781]]]},"properties":{"id":"aff43763b63c","height":null,"num_floors":null,"render_height_m":9.6,"height_label":"assumed"}},{"type":"Feature","geometry":{"type":"Polygon","coordinates":[[[78.355663,17.448887],[78.355518,17.448946],[78.355473,17.448847],[78.355618,17.448788],[78.355663,17.448887]]]},"properties":{"id":"ceb44ff1bb0c","height":null,"num_floors":null,"render_height_m":9.6,"height_label":"assumed"}},{"type":"Feature","geometry":{"type":"Polygon","coordinates":[[[78.355408,17.448115],[78.355411,17.447823],[78.355601,17.447812],[78.355577,17.448116],[78.355408,17.448115]]]},"properties":{"id":"d156ce304d43","height":null,"num_floors":null,"render_height_m":12.8,"height_label":"assumed"}},{"type":"Feature","geometry":{"type":"Polygon","coordinates":[[[78.35443,17.448159],[78.354401,17.448144],[78.354401,17.448114],[78.354341,17.448114],[78.354341,17.44801],[78.354245,17.44801],[78.354244,17.447926],[78.354135,17.447926],[78.354058,17.44787],[78.353988,17.447785],[78.353959,17.447725],[78.353952,17.447671],[78.353951,17.447606],[78.353979,17.447546],[78.354006,17.447506],[78.354047,17.447471],[78.354128,17.447429],[78.354186,17.447406],[78.354257,17.447371],[78.354318,17.447351],[78.354395,17.447324],[78.354458,17.447312],[78.354517,17.447298],[78.354593,17.447282],[78.35467,17.447275],[78.354743,17.44727],[78.354833,17.447268],[78.354905,17.447266],[78.354907,17.447278],[78.354995,17.447278],[78.354983,17.447157],[78.354989,17.447157],[78.355288,17.447074],[78.355301,17.447114],[78.355784,17.446991],[78.355784,17.446986],[78.355825,17.446981],[78.355823,17.446714],[78.356014,17.446716],[78.356328,17.44671],[78.356506,17.446709],[78.356508,17.446901],[78.356517,17.446899],[78.356548,17.44694],[78.356564,17.446986],[78.356568,17.447037],[78.35656,17.447072],[78.356551,17.447089],[78.356538,17.447108],[78.356538,17.447163],[78.356538,17.447211],[78.356539,17.447318],[78.356591,17.447338],[78.356624,17.447373],[78.356637,17.447417],[78.356631,17.447451],[78.356618,17.447478],[78.356595,17.447501],[78.35657,17.447515],[78.356538,17.447524],[78.356539,17.447721],[78.356439,17.447722],[78.35644,17.447787],[78.356346,17.447788],[78.356347,17.447832],[78.356347,17.447885],[78.356233,17.447886],[78.356233,17.447864],[78.356243,17.447864],[78.356243,17.447842],[78.356256,17.447842],[78.356256,17.447833],[78.356172,17.447833],[78.356173,17.447951],[78.356159,17.448005],[78.356148,17.448006],[78.356147,17.448],[78.356132,17.448],[78.356133,17.448222],[78.356109,17.448222],[78.356109,17.448214],[78.356051,17.448213],[78.356051,17.448203],[78.355975,17.448203],[78.355975,17.448185],[78.355352,17.448192],[78.355351,17.448105],[78.35531,17.448105],[78.355308,17.447916],[78.355224,17.447917],[78.355224,17.448295],[78.354988,17.448295],[78.354988,17.448129],[78.354904,17.448129],[78.354904,17.448157],[78.354924,17.448157],[78.354924,17.448243],[78.354748,17.448246],[78.354655,17.448237],[78.354607,17.44823],[78.354563,17.448215],[78.354582,17.448144],[78.354565,17.448155],[78.354542,17.448162],[78.354518,17.448169],[78.354495,17.44817],[78.354464,17.448168],[78.35443,17.448159]]]},"properties":{"id":"f13c276c40db","height":null,"num_floors":null,"render_height_m":19.2,"height_label":"assumed"}},{"type":"Feature","geometry":{"type":"Polygon","coordinates":[[[78.355835,17.446467],[78.355839,17.446503],[78.355751,17.446512],[78.355747,17.446476],[78.355835,17.446467]]]},"properties":{"id":"9a472acfadbd","height":null,"num_floors":null,"render_height_m":6.4,"height_label":"assumed"}},{"type":"Feature","geometry":{"type":"Polygon","coordinates":[[[78.356033,17.446429],[78.355966,17.446429],[78.355968,17.446397],[78.356033,17.446398],[78.356033,17.446429]]]},"properties":{"id":"0fca6bb01f03","height":null,"num_floors":null,"render_height_m":6.4,"height_label":"assumed"}},{"type":"Feature","geometry":{"type":"Polygon","coordinates":[[[78.355898,17.446444],[78.355904,17.446316],[78.355948,17.446317],[78.355947,17.446447],[78.355898,17.446444]]]},"properties":{"id":"027ade41246c","height":null,"num_floors":null,"render_height_m":6.4,"height_label":"assumed"}},{"type":"Feature","geometry":{"type":"Polygon","coordinates":[[[78.356029,17.446228],[78.355992,17.446225],[78.355998,17.446189],[78.356028,17.446186],[78.356029,17.446228]]]},"properties":{"id":"7ae85d70e512","height":null,"num_floors":null,"render_height_m":6.4,"height_label":"assumed"}},{"type":"Feature","geometry":{"type":"Polygon","coordinates":[[[78.355839,17.446444],[78.355845,17.446316],[78.355889,17.446317],[78.355888,17.446447],[78.355839,17.446444]]]},"properties":{"id":"6108cd177eb1","height":null,"num_floors":null,"render_height_m":6.4,"height_label":"assumed"}},{"type":"Feature","geometry":{"type":"Polygon","coordinates":[[[78.355783,17.446444],[78.355788,17.446316],[78.355833,17.446317],[78.355831,17.446447],[78.355783,17.446444]]]},"properties":{"id":"ce05faba48a0","height":null,"num_floors":null,"render_height_m":6.4,"height_label":"assumed"}},{"type":"Feature","geometry":{"type":"Polygon","coordinates":[[[78.355731,17.446444],[78.355736,17.446316],[78.35578,17.446317],[78.355779,17.446447],[78.355731,17.446444]]]},"properties":{"id":"c82b8c18d87f","height":null,"num_floors":null,"render_height_m":6.4,"height_label":"assumed"}},{"type":"Feature","geometry":{"type":"Polygon","coordinates":[[[78.355678,17.446441],[78.355684,17.446313],[78.355728,17.446315],[78.355727,17.446444],[78.355678,17.446441]]]},"properties":{"id":"1b91da5c3f97","height":null,"num_floors":null,"render_height_m":6.4,"height_label":"assumed"}},{"type":"Feature","geometry":{"type":"Polygon","coordinates":[[[78.355624,17.446443],[78.355629,17.446315],[78.355674,17.446316],[78.355672,17.446445],[78.355624,17.446443]]]},"properties":{"id":"aeb16b73ffc9","height":null,"num_floors":null,"render_height_m":6.4,"height_label":"assumed"}},{"type":"Feature","geometry":{"type":"Polygon","coordinates":[[[78.355526,17.446131],[78.355554,17.446116],[78.355576,17.446152],[78.355547,17.446167],[78.355526,17.446131]]]},"properties":{"id":"7b67d2c65fc6","height":null,"num_floors":null,"render_height_m":6.4,"height_label":"assumed"}},{"type":"Feature","geometry":{"type":"Polygon","coordinates":[[[78.355508,17.446451],[78.355534,17.446453],[78.35553,17.446496],[78.355504,17.446494],[78.355508,17.446451]]]},"properties":{"id":"9e44006d8648","height":null,"num_floors":null,"render_height_m":6.4,"height_label":"assumed"}},{"type":"Feature","geometry":{"type":"Polygon","coordinates":[[[78.355521,17.446477],[78.355547,17.446473],[78.355554,17.446516],[78.355527,17.44652],[78.355521,17.446477]]]},"properties":{"id":"e9efad0cefeb","height":null,"num_floors":null,"render_height_m":6.4,"height_label":"assumed"}},{"type":"Feature","geometry":{"type":"Polygon","coordinates":[[[78.355468,17.44643],[78.355405,17.446298],[78.355484,17.446264],[78.355547,17.446396],[78.355468,17.44643]]]},"properties":{"id":"db9f0cb49741","height":null,"num_floors":null,"render_height_m":9.6,"height_label":"assumed"}},{"type":"Feature","geometry":{"type":"Polygon","coordinates":[[[78.355472,17.446084],[78.355515,17.446126],[78.355538,17.446156],[78.355434,17.446237],[78.355372,17.446166],[78.355472,17.446084]]]},"properties":{"id":"424d046dd83e","height":null,"num_floors":null,"render_height_m":9.6,"height_label":"assumed"}},{"type":"Feature","geometry":{"type":"Polygon","coordinates":[[[78.354817,17.446974],[78.354704,17.446746],[78.354799,17.446703],[78.35479,17.446685],[78.354887,17.446641],[78.354896,17.446659],[78.354965,17.446628],[78.354955,17.446608],[78.355056,17.446562],[78.355049,17.446548],[78.355142,17.446505],[78.355137,17.446494],[78.355283,17.446428],[78.355305,17.446474],[78.355379,17.44644],[78.35549,17.446664],[78.355395,17.446707],[78.355407,17.44673],[78.355308,17.446774],[78.355319,17.446795],[78.355215,17.446842],[78.355208,17.446828],[78.355109,17.446873],[78.355097,17.446847],[78.355019,17.446882],[78.355027,17.446899],[78.354917,17.446948],[78.354909,17.446932],[78.354817,17.446974]]]},"properties":{"id":"a6f8b24a7299","height":null,"num_floors":null,"render_height_m":19.2,"height_label":"assumed"}},{"type":"Feature","geometry":{"type":"Polygon","coordinates":[[[78.354641,17.446765],[78.354711,17.446972],[78.354408,17.447059],[78.354252,17.447093],[78.354005,17.447167],[78.353799,17.447221],[78.353657,17.447277],[78.35363,17.447213],[78.353686,17.44718],[78.353869,17.447087],[78.354064,17.446995],[78.354343,17.446878],[78.354641,17.446765]]]},"properties":{"id":"90b52d028e34","height":null,"num_floors":null,"render_height_m":19.2,"height_label":"assumed"}},{"type":"Feature","geometry":{"type":"Polygon","coordinates":[[[78.354309,17.446678],[78.354339,17.446666],[78.354355,17.446701],[78.354325,17.446714],[78.354309,17.446678]]]},"properties":{"id":"f4808e9f3566","height":null,"num_floors":null,"render_height_m":6.4,"height_label":"assumed"}},{"type":"Feature","geometry":{"type":"Polygon","coordinates":[[[78.354439,17.44659],[78.354476,17.446622],[78.354446,17.446652],[78.35441,17.446621],[78.354439,17.44659]]]},"properties":{"id":"2c3e3c1b622e","height":null,"num_floors":null,"render_height_m":6.4,"height_label":"assumed"}},{"type":"Feature","geometry":{"type":"Polygon","coordinates":[[[78.354382,17.446633],[78.354415,17.446665],[78.354395,17.446683],[78.354363,17.446651],[78.354382,17.446633]]]},"properties":{"id":"733e6b1cdf9f","height":null,"num_floors":null,"render_height_m":6.4,"height_label":"assumed"}},{"type":"Feature","geometry":{"type":"Polygon","coordinates":[[[78.354411,17.446543],[78.35443,17.446568],[78.354364,17.446616],[78.354345,17.446591],[78.354411,17.446543]]]},"properties":{"id":"7966bb4d10d0","height":null,"num_floors":null,"render_height_m":6.4,"height_label":"assumed"}},{"type":"Feature","geometry":{"type":"Polygon","coordinates":[[[78.354496,17.446554],[78.354518,17.446596],[78.354481,17.446614],[78.354459,17.446572],[78.354496,17.446554]]]},"properties":{"id":"0f5f7e1ada14","height":null,"num_floors":null,"render_height_m":6.4,"height_label":"assumed"}},{"type":"Feature","geometry":{"type":"Polygon","coordinates":[[[78.354114,17.445684],[78.354146,17.44567],[78.35419,17.445766],[78.354158,17.44578],[78.354114,17.445684]]]},"properties":{"id":"c353f55e46a6","height":null,"num_floors":null,"render_height_m":6.4,"height_label":"assumed"}},{"type":"Feature","geometry":{"type":"Polygon","coordinates":[[[78.354174,17.445551],[78.354184,17.445577],[78.354131,17.445594],[78.354122,17.445568],[78.354174,17.445551]]]},"properties":{"id":"621c9a11025f","height":null,"num_floors":null,"render_height_m":6.4,"height_label":"assumed"}},{"type":"Feature","geometry":{"type":"Polygon","coordinates":[[[78.354128,17.445164],[78.354159,17.445153],[78.354183,17.445212],[78.354152,17.445224],[78.354128,17.445164]]]},"properties":{"id":"fcbc12b5a0e0","height":null,"num_floors":null,"render_height_m":6.4,"height_label":"assumed"}},{"type":"Feature","geometry":{"type":"Polygon","coordinates":[[[78.354088,17.445087],[78.354127,17.445079],[78.354133,17.445106],[78.354094,17.445114],[78.354088,17.445087]]]},"properties":{"id":"5872294b3a9b","height":null,"num_floors":null,"render_height_m":6.4,"height_label":"assumed"}},{"type":"Feature","geometry":{"type":"Polygon","coordinates":[[[78.355102,17.44483],[78.355257,17.445116],[78.355182,17.445154],[78.355026,17.444867],[78.355102,17.44483]]]},"properties":{"id":"d4b4f77beb35","height":null,"num_floors":null,"render_height_m":12.8,"height_label":"assumed"}},{"type":"Feature","geometry":{"type":"Polygon","coordinates":[[[78.355274,17.445414],[78.355331,17.445522],[78.355252,17.44556],[78.355195,17.445453],[78.355274,17.445414]]]},"properties":{"id":"94ebd8d99f1f","height":null,"num_floors":null,"render_height_m":9.6,"height_label":"assumed"}},{"type":"Feature","geometry":{"type":"Polygon","coordinates":[[[78.355707,17.446066],[78.355659,17.446107],[78.355603,17.446041],[78.355652,17.44601],[78.355707,17.446066]]]},"properties":{"id":"917b341cbc25","height":null,"num_floors":null,"render_height_m":6.4,"height_label":"assumed"}},{"type":"Feature","geometry":{"type":"Polygon","coordinates":[[[78.355682,17.445909],[78.35575,17.445978],[78.355682,17.446032],[78.355617,17.445959],[78.355682,17.445909]]]},"properties":{"id":"4e2eb29b5551","height":null,"num_floors":null,"render_height_m":9.6,"height_label":"assumed"}},{"type":"Feature","geometry":{"type":"Polygon","coordinates":[[[78.355868,17.445885],[78.355779,17.445963],[78.355684,17.445869],[78.355768,17.445788],[78.355868,17.445885]]]},"properties":{"id":"ce884edd3b8f","height":null,"num_floors":null,"render_height_m":9.6,"height_label":"assumed"}},{"type":"Feature","geometry":{"type":"Polygon","coordinates":[[[78.355981,17.445734],[78.355949,17.445759],[78.355891,17.445692],[78.355922,17.445667],[78.355981,17.445734]]]},"properties":{"id":"2d6c05fd9f52","height":null,"num_floors":null,"render_height_m":6.4,"height_label":"assumed"}},{"type":"Feature","geometry":{"type":"Polygon","coordinates":[[[78.355991,17.445825],[78.355954,17.445855],[78.355847,17.445736],[78.355884,17.445706],[78.355991,17.445825]]]},"properties":{"id":"c2ecf77e78f6","height":null,"num_floors":null,"render_height_m":9.6,"height_label":"assumed"}},{"type":"Feature","geometry":{"type":"Polygon","coordinates":[[[78.355611,17.445456],[78.355665,17.445557],[78.355702,17.445539],[78.355717,17.445565],[78.355566,17.44564],[78.355497,17.445512],[78.355611,17.445456]]]},"properties":{"id":"2cd68d15cdc9","height":null,"num_floors":null,"render_height_m":9.6,"height_label":"assumed"}},{"type":"Feature","geometry":{"type":"Polygon","coordinates":[[[78.356177,17.44521],[78.355648,17.445464],[78.355376,17.44495],[78.355906,17.444696],[78.356177,17.44521]]]},"properties":{"id":"102075134555","height":null,"num_floors":null,"render_height_m":19.2,"height_label":"assumed"}},{"type":"Feature","geometry":{"type":"Polygon","coordinates":[[[78.35524,17.444636],[78.355246,17.444649],[78.355125,17.444709],[78.355083,17.44463],[78.355188,17.444578],[78.355223,17.444644],[78.35524,17.444636]]]},"properties":{"id":"10e7608395b1","height":null,"num_floors":null,"render_height_m":9.6,"height_label":"assumed"}},{"type":"Feature","geometry":{"type":"Polygon","coordinates":[[[78.355693,17.444076],[78.355829,17.444325],[78.35524,17.444623],[78.355103,17.444373],[78.355693,17.444076]]]},"properties":{"id":"888ecf9632fa","height":null,"num_floors":null,"render_height_m":19.2,"height_label":"assumed"}},{"type":"Feature","geometry":{"type":"Polygon","coordinates":[[[78.355006,17.444022],[78.355098,17.444135],[78.355036,17.444182],[78.354944,17.444069],[78.355006,17.444022]]]},"properties":{"id":"f32f52fb9b6c","height":null,"num_floors":null,"render_height_m":9.6,"height_label":"assumed"}},{"type":"Feature","geometry":{"type":"Polygon","coordinates":[[[78.355048,17.44399],[78.355062,17.444011],[78.355013,17.44404],[78.354999,17.444018],[78.355048,17.44399]]]},"properties":{"id":"364cbe5fa0fc","height":null,"num_floors":null,"render_height_m":6.4,"height_label":"assumed"}},{"type":"Feature","geometry":{"type":"Polygon","coordinates":[[[78.355334,17.443854],[78.355404,17.444031],[78.355255,17.444085],[78.355186,17.443908],[78.355334,17.443854]]]},"properties":{"id":"595360979b52","height":null,"num_floors":null,"render_height_m":12.8,"height_label":"assumed"}},{"type":"Feature","geometry":{"type":"Polygon","coordinates":[[[78.355983,17.444042],[78.356011,17.444037],[78.356034,17.44415],[78.356006,17.444156],[78.355983,17.444042]]]},"properties":{"id":"e3263204cfd6","height":null,"num_floors":null,"render_height_m":6.4,"height_label":"assumed"}},{"type":"Feature","geometry":{"type":"Polygon","coordinates":[[[78.355938,17.443875],[78.355968,17.44387],[78.355992,17.444003],[78.355962,17.444008],[78.355938,17.443875]]]},"properties":{"id":"aaa1861c1e9a","height":null,"num_floors":null,"render_height_m":6.4,"height_label":"assumed"}},{"type":"Feature","geometry":{"type":"Polygon","coordinates":[[[78.355534,17.443757],[78.355545,17.443791],[78.355495,17.443807],[78.355483,17.443773],[78.355534,17.443757]]]},"properties":{"id":"2110a5fb385f","height":null,"num_floors":null,"render_height_m":6.4,"height_label":"assumed"}},{"type":"Feature","geometry":{"type":"Polygon","coordinates":[[[78.355826,17.44324],[78.355873,17.443227],[78.355887,17.443274],[78.355841,17.443287],[78.355826,17.44324]]]},"properties":{"id":"941977580114","height":null,"num_floors":null,"render_height_m":6.4,"height_label":"assumed"}},{"type":"Feature","geometry":{"type":"Polygon","coordinates":[[[78.355265,17.442916],[78.355189,17.442757],[78.35538,17.442674],[78.355466,17.442829],[78.355265,17.442916]]]},"properties":{"id":"73f64a2d3177","height":null,"num_floors":null,"render_height_m":12.8,"height_label":"assumed"}},{"type":"Feature","geometry":{"type":"Polygon","coordinates":[[[78.35505,17.442945],[78.355001,17.442848],[78.355163,17.442776],[78.355209,17.442873],[78.35505,17.442945]]]},"properties":{"id":"f7108c00d656","height":null,"num_floors":null,"render_height_m":9.6,"height_label":"assumed"}},{"type":"Feature","geometry":{"type":"Polygon","coordinates":[[[78.355229,17.443474],[78.355292,17.443451],[78.355319,17.443518],[78.355255,17.443541],[78.355229,17.443474]]]},"properties":{"id":"6c1fa2ed5a7c","height":null,"num_floors":null,"render_height_m":6.4,"height_label":"assumed"}},{"type":"Feature","geometry":{"type":"Polygon","coordinates":[[[78.35543,17.443511],[78.355477,17.443618],[78.355342,17.443673],[78.355295,17.443565],[78.35543,17.443511]]]},"properties":{"id":"be1c81db3941","height":null,"num_floors":null,"render_height_m":9.6,"height_label":"assumed"}},{"type":"Feature","geometry":{"type":"Polygon","coordinates":[[[78.355267,17.443582],[78.355308,17.443677],[78.355127,17.443747],[78.355086,17.443652],[78.355267,17.443582]]]},"properties":{"id":"565c8d9ca1a4","height":null,"num_floors":null,"render_height_m":9.6,"height_label":"assumed"}},{"type":"Feature","geometry":{"type":"Polygon","coordinates":[[[78.355064,17.443576],[78.355077,17.443629],[78.355034,17.443639],[78.355021,17.443585],[78.355064,17.443576]]]},"properties":{"id":"160e0dda8662","height":null,"num_floors":null,"render_height_m":6.4,"height_label":"assumed"}},{"type":"Feature","geometry":{"type":"Polygon","coordinates":[[[78.354745,17.443061],[78.354647,17.442867],[78.354859,17.442769],[78.354916,17.442882],[78.354952,17.44287],[78.354986,17.442959],[78.354745,17.443061]]]},"properties":{"id":"3d4a4dd9c341","height":null,"num_floors":null,"render_height_m":12.8,"height_label":"assumed"}},{"type":"Feature","geometry":{"type":"Polygon","coordinates":[[[78.354517,17.443173],[78.35446,17.443073],[78.354547,17.443037],[78.354491,17.442925],[78.354554,17.442892],[78.354668,17.443101],[78.354517,17.443173]]]},"properties":{"id":"e6b45eeb9ed0","height":null,"num_floors":null,"render_height_m":12.8,"height_label":"assumed"}},{"type":"Feature","geometry":{"type":"Polygon","coordinates":[[[78.354425,17.443272],[78.35426,17.443028],[78.354348,17.442972],[78.354516,17.443222],[78.354425,17.443272]]]},"properties":{"id":"5ccb94fd5847","height":null,"num_floors":null,"render_height_m":12.8,"height_label":"assumed"}},{"type":"Feature","geometry":{"type":"Polygon","coordinates":[[[78.354423,17.443064],[78.354351,17.442953],[78.354448,17.442907],[78.354514,17.443013],[78.354423,17.443064]]]},"properties":{"id":"19c21188290a","height":null,"num_floors":null,"render_height_m":9.6,"height_label":"assumed"}},{"type":"Feature","geometry":{"type":"Polygon","coordinates":[[[78.354235,17.442753],[78.354531,17.442607],[78.354585,17.442709],[78.35455,17.442726],[78.354551,17.442728],[78.354422,17.44279],[78.35443,17.442804],[78.354394,17.442821],[78.354387,17.442811],[78.354298,17.442855],[78.354303,17.442865],[78.354263,17.442884],[78.35426,17.442879],[78.354228,17.442895],[78.354158,17.442777],[78.35423,17.442742],[78.354235,17.442753]]]},"properties":{"id":"5f4d43a905b3","height":null,"num_floors":null,"render_height_m":12.8,"height_label":"assumed"}},{"type":"Feature","geometry":{"type":"Polygon","coordinates":[[[78.354074,17.442947],[78.353961,17.443023],[78.353942,17.442997],[78.35395,17.442992],[78.353932,17.442967],[78.353948,17.442956],[78.353933,17.442936],[78.354023,17.442876],[78.354074,17.442947]]]},"properties":{"id":"a5db246ec3c7","height":null,"num_floors":null,"render_height_m":9.6,"height_label":"assumed"}},{"type":"Feature","geometry":{"type":"Polygon","coordinates":[[[78.354039,17.443124],[78.353985,17.443056],[78.354081,17.442987],[78.354135,17.443055],[78.354039,17.443124]]]},"properties":{"id":"e8ba42fd66a3","height":null,"num_floors":null,"render_height_m":9.6,"height_label":"assumed"}},{"type":"Feature","geometry":{"type":"Polygon","coordinates":[[[78.354179,17.443314],[78.354074,17.443167],[78.354181,17.4431],[78.354283,17.443255],[78.354179,17.443314]]]},"properties":{"id":"41d6870544f2","height":null,"num_floors":null,"render_height_m":12.8,"height_label":"assumed"}},{"type":"Feature","geometry":{"type":"Polygon","coordinates":[[[78.354364,17.443347],[78.354245,17.443417],[78.354187,17.443331],[78.354309,17.443261],[78.354364,17.443347]]]},"properties":{"id":"51f6ba891fdf","height":null,"num_floors":null,"render_height_m":9.6,"height_label":"assumed"}},{"type":"Feature","geometry":{"type":"Polygon","coordinates":[[[78.354445,17.443435],[78.35447,17.44347],[78.354372,17.443537],[78.354318,17.443464],[78.354394,17.443412],[78.354422,17.44345],[78.354445,17.443435]]]},"properties":{"id":"5fc7d494b51e","height":null,"num_floors":null,"render_height_m":9.6,"height_label":"assumed"}},{"type":"Feature","geometry":{"type":"Polygon","coordinates":[[[78.354366,17.444131],[78.354394,17.444174],[78.354346,17.444202],[78.354318,17.444159],[78.354366,17.444131]]]},"properties":{"id":"b40608e3a364","height":null,"num_floors":null,"render_height_m":6.4,"height_label":"assumed"}},{"type":"Feature","geometry":{"type":"Polygon","coordinates":[[[78.354493,17.444327],[78.354544,17.444385],[78.354445,17.444465],[78.354395,17.444407],[78.354493,17.444327]]]},"properties":{"id":"f6e69e980bab","height":null,"num_floors":null,"render_height_m":9.6,"height_label":"assumed"}},{"type":"Feature","geometry":{"type":"Polygon","coordinates":[[[78.354505,17.443996],[78.354533,17.444044],[78.354481,17.444072],[78.354453,17.444025],[78.354505,17.443996]]]},"properties":{"id":"1a3181a71adc","height":null,"num_floors":null,"render_height_m":6.4,"height_label":"assumed"}},{"type":"Feature","geometry":{"type":"Polygon","coordinates":[[[78.354454,17.444082],[78.354475,17.444115],[78.35439,17.444166],[78.354369,17.444133],[78.354454,17.444082]]]},"properties":{"id":"1e94213c4960","height":null,"num_floors":null,"render_height_m":6.4,"height_label":"assumed"}},{"type":"Feature","geometry":{"type":"Polygon","coordinates":[[[78.35435,17.44408],[78.354377,17.444128],[78.354321,17.444156],[78.354294,17.444108],[78.35435,17.44408]]]},"properties":{"id":"3468120dc465","height":null,"num_floors":null,"render_height_m":6.4,"height_label":"assumed"}},{"type":"Feature","geometry":{"type":"Polygon","coordinates":[[[78.354333,17.444336],[78.354445,17.444465],[78.354242,17.444629],[78.35413,17.4445],[78.354333,17.444336]]]},"properties":{"id":"d5f0421ebe36","height":null,"num_floors":null,"render_height_m":12.8,"height_label":"assumed"}},{"type":"Feature","geometry":{"type":"Polygon","coordinates":[[[78.354134,17.44461],[78.354163,17.444589],[78.354217,17.444654],[78.354187,17.444676],[78.354134,17.44461]]]},"properties":{"id":"493dfdbe5fa9","height":null,"num_floors":null,"render_height_m":6.4,"height_label":"assumed"}},{"type":"Feature","geometry":{"type":"Polygon","coordinates":[[[78.353987,17.444633],[78.354,17.444662],[78.353971,17.444674],[78.353958,17.444645],[78.353987,17.444633]]]},"properties":{"id":"020bdfcb3b9a","height":null,"num_floors":null,"render_height_m":6.4,"height_label":"assumed"}},{"type":"Feature","geometry":{"type":"Polygon","coordinates":[[[78.353926,17.444437],[78.35394,17.444424],[78.35398,17.444466],[78.353965,17.444478],[78.353926,17.444437]]]},"properties":{"id":"a58ae0df827d","height":null,"num_floors":null,"render_height_m":6.4,"height_label":"assumed"}},{"type":"Feature","geometry":{"type":"Polygon","coordinates":[[[78.353698,17.444546],[78.353696,17.44457],[78.353668,17.444597],[78.353649,17.444596],[78.353651,17.444576],[78.353698,17.444546]]]},"properties":{"id":"83cd680a2ef4","height":null,"num_floors":null,"render_height_m":6.4,"height_label":"assumed"}},{"type":"Feature","geometry":{"type":"Polygon","coordinates":[[[78.353569,17.444756],[78.353591,17.444784],[78.353554,17.444811],[78.353531,17.444782],[78.353569,17.444756]]]},"properties":{"id":"74c6287d501f","height":null,"num_floors":null,"render_height_m":6.4,"height_label":"assumed"}},{"type":"Feature","geometry":{"type":"Polygon","coordinates":[[[78.353461,17.444792],[78.353496,17.444816],[78.353491,17.444848],[78.353453,17.444842],[78.353461,17.444792]]]},"properties":{"id":"c83b02c8d038","height":null,"num_floors":null,"render_height_m":6.4,"height_label":"assumed"}},{"type":"Feature","geometry":{"type":"Polygon","coordinates":[[[78.353355,17.444945],[78.353381,17.444979],[78.353332,17.445013],[78.353306,17.444978],[78.353355,17.444945]]]},"properties":{"id":"98ede2e3252c","height":null,"num_floors":null,"render_height_m":6.4,"height_label":"assumed"}},{"type":"Feature","geometry":{"type":"Polygon","coordinates":[[[78.35305,17.444382],[78.353079,17.444416],[78.353063,17.444429],[78.353068,17.444434],[78.353,17.444486],[78.352967,17.444446],[78.35305,17.444382]]]},"properties":{"id":"8ee3b60966f1","height":null,"num_floors":null,"render_height_m":6.4,"height_label":"assumed"}},{"type":"Feature","geometry":{"type":"Polygon","coordinates":[[[78.353483,17.443605],[78.353409,17.443499],[78.353644,17.44335],[78.353803,17.443577],[78.353568,17.443727],[78.353503,17.443634],[78.353646,17.443543],[78.353626,17.443514],[78.353483,17.443605]]]},"properties":{"id":"332474bddf22","height":null,"num_floors":null,"render_height_m":19.2,"height_label":"assumed"}},{"type":"Feature","geometry":{"type":"Polygon","coordinates":[[[78.353936,17.44289],[78.353881,17.44292],[78.353837,17.442846],[78.353856,17.442835],[78.353866,17.442853],[78.353899,17.442835],[78.353888,17.442817],[78.353904,17.442809],[78.3539,17.442801],[78.353923,17.442789],[78.353956,17.442844],[78.353921,17.442864],[78.353936,17.44289]]]},"properties":{"id":"4ac763b2cb7a","height":null,"num_floors":null,"render_height_m":9.6,"height_label":"assumed"}},{"type":"Feature","geometry":{"type":"Polygon","coordinates":[[[78.353756,17.442855],[78.353681,17.442729],[78.353763,17.442685],[78.353838,17.442811],[78.353756,17.442855]]]},"properties":{"id":"3f19ccee43f9","height":null,"num_floors":null,"render_height_m":9.6,"height_label":"assumed"}},{"type":"Feature","geometry":{"type":"Polygon","coordinates":[[[78.353758,17.442998],[78.353708,17.442913],[78.353798,17.442865],[78.353848,17.44295],[78.353758,17.442998]]]},"properties":{"id":"d75ebf12f462","height":null,"num_floors":null,"render_height_m":9.6,"height_label":"assumed"}},{"type":"Feature","geometry":{"type":"Polygon","coordinates":[[[78.353599,17.442776],[78.353663,17.442744],[78.353718,17.442842],[78.353654,17.442874],[78.353599,17.442776]]]},"properties":{"id":"a270aa2953e3","height":null,"num_floors":null,"render_height_m":9.6,"height_label":"assumed"}},{"type":"Feature","geometry":{"type":"Polygon","coordinates":[[[78.353565,17.442997],[78.35345,17.443056],[78.353412,17.442987],[78.353527,17.442929],[78.353565,17.442997]]]},"properties":{"id":"8951a4f6cc6a","height":null,"num_floors":null,"render_height_m":9.6,"height_label":"assumed"}},{"type":"Feature","geometry":{"type":"Polygon","coordinates":[[[78.353496,17.44313],[78.353466,17.443075],[78.353578,17.443021],[78.353607,17.443076],[78.353574,17.443092],[78.353579,17.443102],[78.353516,17.443132],[78.353511,17.443123],[78.353496,17.44313]]]},"properties":{"id":"4d203a0a6139","height":null,"num_floors":null,"render_height_m":9.6,"height_label":"assumed"}},{"type":"Feature","geometry":{"type":"Polygon","coordinates":[[[78.353623,17.442977],[78.353667,17.443057],[78.353613,17.443084],[78.35357,17.443003],[78.353623,17.442977]]]},"properties":{"id":"6f2c4556753b","height":null,"num_floors":null,"render_height_m":6.4,"height_label":"assumed"}},{"type":"Feature","geometry":{"type":"Polygon","coordinates":[[[78.353601,17.443203],[78.353639,17.443265],[78.353453,17.443369],[78.353415,17.443306],[78.353601,17.443203]]]},"properties":{"id":"e6721de367b8","height":null,"num_floors":null,"render_height_m":9.6,"height_label":"assumed"}},{"type":"Feature","geometry":{"type":"Polygon","coordinates":[[[78.353348,17.443225],[78.353316,17.443164],[78.353432,17.443108],[78.353465,17.44317],[78.353348,17.443225]]]},"properties":{"id":"310ac5c46adf","height":null,"num_floors":null,"render_height_m":9.6,"height_label":"assumed"}},{"type":"Feature","geometry":{"type":"Polygon","coordinates":[[[78.353406,17.443078],[78.35329,17.443134],[78.353259,17.443076],[78.353374,17.443019],[78.353406,17.443078]]]},"properties":{"id":"574e29d8c49c","height":null,"num_floors":null,"render_height_m":9.6,"height_label":"assumed"}},{"type":"Feature","geometry":{"type":"Polygon","coordinates":[[[78.353516,17.442906],[78.353389,17.44297],[78.353347,17.442893],[78.353439,17.442847],[78.353448,17.442864],[78.353483,17.442846],[78.353516,17.442906]]]},"properties":{"id":"00078fe93679","height":null,"num_floors":null,"render_height_m":9.6,"height_label":"assumed"}},{"type":"Feature","geometry":{"type":"Polygon","coordinates":[[[78.35325,17.443024],[78.353222,17.442969],[78.353335,17.442916],[78.353363,17.442971],[78.35325,17.443024]]]},"properties":{"id":"05375678387c","height":null,"num_floors":null,"render_height_m":9.6,"height_label":"assumed"}},{"type":"Feature","geometry":{"type":"Polygon","coordinates":[[[78.353213,17.442838],[78.353145,17.442708],[78.353241,17.442662],[78.353309,17.442792],[78.353213,17.442838]]]},"properties":{"id":"f19739d42b94","height":null,"num_floors":null,"render_height_m":9.6,"height_label":"assumed"}},{"type":"Feature","geometry":{"type":"Polygon","coordinates":[[[78.353184,17.442842],[78.353099,17.442884],[78.353034,17.442766],[78.35312,17.442723],[78.353184,17.442842]]]},"properties":{"id":"64811962989b","height":null,"num_floors":null,"render_height_m":9.6,"height_label":"assumed"}},{"type":"Feature","geometry":{"type":"Polygon","coordinates":[[[78.352996,17.442919],[78.352944,17.442818],[78.353005,17.442789],[78.353057,17.442891],[78.352996,17.442919]]]},"properties":{"id":"36e364ee2692","height":null,"num_floors":null,"render_height_m":9.6,"height_label":"assumed"}},{"type":"Feature","geometry":{"type":"Polygon","coordinates":[[[78.353119,17.443092],[78.353003,17.443148],[78.352973,17.44309],[78.353088,17.443034],[78.353119,17.443092]]]},"properties":{"id":"2dd47311821a","height":null,"num_floors":null,"render_height_m":9.6,"height_label":"assumed"}},{"type":"Feature","geometry":{"type":"Polygon","coordinates":[[[78.353063,17.44327],[78.353019,17.443187],[78.353118,17.44314],[78.353145,17.443191],[78.353137,17.443194],[78.353152,17.443222],[78.353114,17.44324],[78.353116,17.443244],[78.353063,17.44327]]]},"properties":{"id":"ea62aba56854","height":null,"num_floors":null,"render_height_m":9.6,"height_label":"assumed"}},{"type":"Feature","geometry":{"type":"Polygon","coordinates":[[[78.353233,17.443319],[78.353116,17.443379],[78.353065,17.44329],[78.353182,17.44323],[78.353233,17.443319]]]},"properties":{"id":"dea5de17dd3c","height":null,"num_floors":null,"render_height_m":9.6,"height_label":"assumed"}},{"type":"Feature","geometry":{"type":"Polygon","coordinates":[[[78.353414,17.443344],[78.353437,17.443382],[78.353338,17.443438],[78.353315,17.4434],[78.353414,17.443344]]]},"properties":{"id":"7d7a07869f1c","height":null,"num_floors":null,"render_height_m":6.4,"height_label":"assumed"}},{"type":"Feature","geometry":{"type":"Polygon","coordinates":[[[78.352899,17.442959],[78.352847,17.44286],[78.352909,17.442831],[78.352961,17.442929],[78.352899,17.442959]]]},"properties":{"id":"03078e8ac58a","height":null,"num_floors":null,"render_height_m":9.6,"height_label":"assumed"}},{"type":"Feature","geometry":{"type":"Polygon","coordinates":[[[78.352588,17.442704],[78.352623,17.442765],[78.352572,17.442792],[78.352537,17.442732],[78.352588,17.442704]]]},"properties":{"id":"dde04be3fd81","height":null,"num_floors":null,"render_height_m":6.4,"height_label":"assumed"}},{"type":"Feature","geometry":{"type":"Polygon","coordinates":[[[78.352529,17.442742],[78.352565,17.442804],[78.352404,17.442889],[78.352368,17.442828],[78.352529,17.442742]]]},"properties":{"id":"f841660ede80","height":null,"num_floors":null,"render_height_m":9.6,"height_label":"assumed"}},{"type":"Feature","geometry":{"type":"Polygon","coordinates":[[[78.352454,17.444072],[78.352184,17.44427],[78.352162,17.444174],[78.352068,17.444118],[78.352194,17.444031],[78.352172,17.443998],[78.352272,17.44394],[78.352292,17.443955],[78.352343,17.443922],[78.352454,17.444072]]]},"properties":{"id":"46d4b7773d97","height":null,"num_floors":null,"render_height_m":12.8,"height_label":"assumed"}},{"type":"Feature","geometry":{"type":"Polygon","coordinates":[[[78.352474,17.444436],[78.352435,17.44442],[78.352415,17.444393],[78.352429,17.44435],[78.35246,17.444317],[78.352551,17.444263],[78.352626,17.444259],[78.352675,17.444288],[78.352716,17.444346],[78.352759,17.444412],[78.352756,17.444451],[78.352734,17.444476],[78.352689,17.444482],[78.352663,17.444463],[78.352618,17.444432],[78.352584,17.444412],[78.352535,17.444416],[78.352474,17.444436]]]},"properties":{"id":"fbdc6b432187","height":null,"num_floors":null,"render_height_m":12.8,"height_label":"assumed"}},{"type":"Feature","geometry":{"type":"Polygon","coordinates":[[[78.352922,17.444659],[78.352843,17.444728],[78.352807,17.444691],[78.352886,17.444622],[78.352922,17.444659]]]},"properties":{"id":"287165ae5f5b","height":null,"num_floors":null,"render_height_m":6.4,"height_label":"assumed"}},{"type":"Feature","geometry":{"type":"Polygon","coordinates":[[[78.352047,17.44485],[78.352187,17.444844],[78.35219,17.444913],[78.352051,17.444919],[78.352047,17.44485]]]},"properties":{"id":"c7c5ec08c43c","height":null,"num_floors":null,"render_height_m":9.6,"height_label":"assumed"}},{"type":"Feature","geometry":{"type":"Polygon","coordinates":[[[78.352115,17.446055],[78.352026,17.446147],[78.351959,17.446088],[78.352047,17.445995],[78.352115,17.446055]]]},"properties":{"id":"fe334197a049","height":null,"num_floors":null,"render_height_m":9.6,"height_label":"assumed"}},{"type":"Feature","geometry":{"type":"Polygon","coordinates":[[[78.352143,17.44594],[78.352176,17.445975],[78.352124,17.44602],[78.352092,17.445985],[78.352143,17.44594]]]},"properties":{"id":"1e39baef5717","height":null,"num_floors":null,"render_height_m":6.4,"height_label":"assumed"}},{"type":"Feature","geometry":{"type":"Polygon","coordinates":[[[78.35226,17.445905],[78.352187,17.445979],[78.352152,17.445947],[78.352225,17.445873],[78.35226,17.445905]]]},"properties":{"id":"aff8f2e8da58","height":null,"num_floors":null,"render_height_m":6.4,"height_label":"assumed"}},{"type":"Feature","geometry":{"type":"Polygon","coordinates":[[[78.352832,17.445995],[78.352862,17.445988],[78.35287,17.446026],[78.352841,17.446033],[78.352832,17.445995]]]},"properties":{"id":"3c68fcc6d115","height":null,"num_floors":null,"render_height_m":6.4,"height_label":"assumed"}},{"type":"Feature","geometry":{"type":"Polygon","coordinates":[[[78.352972,17.445267],[78.352993,17.445311],[78.352956,17.445327],[78.352936,17.445283],[78.352972,17.445267]]]},"properties":{"id":"8045f0d46dd7","height":null,"num_floors":null,"render_height_m":6.4,"height_label":"assumed"}},{"type":"Feature","geometry":{"type":"Polygon","coordinates":[[[78.352898,17.445252],[78.352911,17.445283],[78.352863,17.445302],[78.35285,17.44527],[78.352898,17.445252]]]},"properties":{"id":"400450dd5ee9","height":null,"num_floors":null,"render_height_m":6.4,"height_label":"assumed"}},{"type":"Feature","geometry":{"type":"Polygon","coordinates":[[[78.352814,17.445287],[78.35284,17.445321],[78.352813,17.445339],[78.352788,17.445305],[78.352814,17.445287]]]},"properties":{"id":"60382d470dab","height":null,"num_floors":null,"render_height_m":6.4,"height_label":"assumed"}},{"type":"Feature","geometry":{"type":"Polygon","coordinates":[[[78.352728,17.445327],[78.352777,17.445346],[78.35276,17.445386],[78.352711,17.445366],[78.352728,17.445327]]]},"properties":{"id":"a1bd5c87be9f","height":null,"num_floors":null,"render_height_m":6.4,"height_label":"assumed"}},{"type":"Feature","geometry":{"type":"Polygon","coordinates":[[[78.352627,17.44544],[78.352642,17.445468],[78.352589,17.445494],[78.352574,17.445466],[78.352627,17.44544]]]},"properties":{"id":"0fbb35efe861","height":null,"num_floors":null,"render_height_m":6.4,"height_label":"assumed"}},{"type":"Feature","geometry":{"type":"Polygon","coordinates":[[[78.352491,17.445013],[78.352487,17.445008],[78.352513,17.444987],[78.352554,17.445032],[78.352469,17.445103],[78.352431,17.445063],[78.352491,17.445013]]]},"properties":{"id":"bf2186e47abe","height":null,"num_floors":null,"render_height_m":6.4,"height_label":"assumed"}},{"type":"Feature","geometry":{"type":"Polygon","coordinates":[[[78.352957,17.445178],[78.352982,17.445209],[78.352956,17.445228],[78.352931,17.445197],[78.352957,17.445178]]]},"properties":{"id":"06fa670e7bdc","height":null,"num_floors":null,"render_height_m":6.4,"height_label":"assumed"}},{"type":"Feature","geometry":{"type":"Polygon","coordinates":[[[78.353313,17.444987],[78.35333,17.44502],[78.353287,17.445042],[78.353269,17.44501],[78.353313,17.444987]]]},"properties":{"id":"a2f96d89c446","height":null,"num_floors":null,"render_height_m":6.4,"height_label":"assumed"}},{"type":"Feature","geometry":{"type":"Polygon","coordinates":[[[78.353925,17.445171],[78.35396,17.445222],[78.353786,17.445333],[78.35375,17.445282],[78.353925,17.445171]]]},"properties":{"id":"8fdb3b15485e","height":null,"num_floors":null,"render_height_m":9.6,"height_label":"assumed"}},{"type":"Feature","geometry":{"type":"Polygon","coordinates":[[[78.353746,17.445279],[78.353787,17.445323],[78.353762,17.445346],[78.35372,17.445302],[78.353746,17.445279]]]},"properties":{"id":"93baab467a2b","height":null,"num_floors":null,"render_height_m":6.4,"height_label":"assumed"}},{"type":"Feature","geometry":{"type":"Polygon","coordinates":[[[78.353825,17.4453],[78.353874,17.44537],[78.353835,17.445394],[78.35381,17.445359],[78.353786,17.445374],[78.353762,17.445341],[78.353825,17.4453]]]},"properties":{"id":"c4f9f3e13617","height":null,"num_floors":null,"render_height_m":6.4,"height_label":"assumed"}},{"type":"Feature","geometry":{"type":"Polygon","coordinates":[[[78.354007,17.445387],[78.353998,17.445409],[78.353948,17.445427],[78.353958,17.445404],[78.353993,17.445381],[78.354007,17.445387]]]},"properties":{"id":"ef0b76af5366","height":null,"num_floors":null,"render_height_m":6.4,"height_label":"assumed"}},{"type":"Feature","geometry":{"type":"Polygon","coordinates":[[[78.353936,17.445415],[78.354231,17.445979],[78.353507,17.446325],[78.353394,17.446109],[78.353272,17.446168],[78.353089,17.445819],[78.353936,17.445415]]]},"properties":{"id":"53ba59f73176","height":null,"num_floors":null,"render_height_m":19.2,"height_label":"assumed"}},{"type":"Feature","geometry":{"type":"Polygon","coordinates":[[[78.35385,17.446663],[78.353873,17.44665],[78.353899,17.446693],[78.353877,17.446706],[78.35385,17.446663]]]},"properties":{"id":"028ed3ae4ab1","height":null,"num_floors":null,"render_height_m":6.4,"height_label":"assumed"}},{"type":"Feature","geometry":{"type":"Polygon","coordinates":[[[78.353594,17.447043],[78.353617,17.447032],[78.35364,17.447074],[78.353617,17.447086],[78.353594,17.447043]]]},"properties":{"id":"cbf0b2427f5a","height":null,"num_floors":null,"render_height_m":6.4,"height_label":"assumed"}},{"type":"Feature","geometry":{"type":"Polygon","coordinates":[[[78.353443,17.446979],[78.353518,17.446935],[78.353587,17.447044],[78.353512,17.447087],[78.353443,17.446979]]]},"properties":{"id":"06379abfba60","height":null,"num_floors":null,"render_height_m":9.6,"height_label":"assumed"}},{"type":"Feature","geometry":{"type":"Polygon","coordinates":[[[78.35357,17.447206],[78.353397,17.447296],[78.353373,17.447252],[78.353545,17.447163],[78.35357,17.447206]]]},"properties":{"id":"707abf95ef1d","height":null,"num_floors":null,"render_height_m":9.6,"height_label":"assumed"}},{"type":"Feature","geometry":{"type":"Polygon","coordinates":[[[78.353482,17.447049],[78.353545,17.447163],[78.353502,17.447185],[78.353462,17.447115],[78.353404,17.447145],[78.353419,17.447171],[78.3534,17.447181],[78.353425,17.447225],[78.353393,17.447242],[78.353353,17.447172],[78.353333,17.447182],[78.353309,17.447139],[78.353482,17.447049]]]},"properties":{"id":"34ede0da3860","height":null,"num_floors":null,"render_height_m":9.6,"height_label":"assumed"}},{"type":"Feature","geometry":{"type":"Polygon","coordinates":[[[78.353458,17.447012],[78.353465,17.447042],[78.353428,17.44705],[78.35342,17.44702],[78.353458,17.447012]]]},"properties":{"id":"3bb0996d75e4","height":null,"num_floors":null,"render_height_m":6.4,"height_label":"assumed"}},{"type":"Feature","geometry":{"type":"Polygon","coordinates":[[[78.353237,17.447008],[78.353167,17.446906],[78.353307,17.446829],[78.353392,17.446947],[78.353237,17.447008]]]},"properties":{"id":"38572a9cf24e","height":null,"num_floors":null,"render_height_m":12.8,"height_label":"assumed"}},{"type":"Feature","geometry":{"type":"Polygon","coordinates":[[[78.353165,17.446956],[78.353193,17.446944],[78.353252,17.447069],[78.353224,17.447081],[78.353165,17.446956]]]},"properties":{"id":"d9172b1881b2","height":null,"num_floors":null,"render_height_m":6.4,"height_label":"assumed"}},{"type":"Feature","geometry":{"type":"Polygon","coordinates":[[[78.352987,17.447097],[78.353,17.44713],[78.352967,17.447141],[78.352954,17.447109],[78.352987,17.447097]]]},"properties":{"id":"98fe8687b922","height":null,"num_floors":null,"render_height_m":6.4,"height_label":"assumed"}},{"type":"Feature","geometry":{"type":"Polygon","coordinates":[[[78.353,17.44713],[78.353012,17.447162],[78.352979,17.447174],[78.352967,17.447141],[78.353,17.44713]]]},"properties":{"id":"1a4e7f44e21d","height":null,"num_floors":null,"render_height_m":6.4,"height_label":"assumed"}},{"type":"Feature","geometry":{"type":"Polygon","coordinates":[[[78.352967,17.447101],[78.352923,17.447117],[78.3529,17.447059],[78.352945,17.447043],[78.352967,17.447101]]]},"properties":{"id":"4f85a59a1da2","height":null,"num_floors":null,"render_height_m":6.4,"height_label":"assumed"}},{"type":"Feature","geometry":{"type":"Polygon","coordinates":[[[78.352794,17.446735],[78.352801,17.44678],[78.352767,17.446785],[78.352759,17.446741],[78.352794,17.446735]]]},"properties":{"id":"d6884b0f0be2","height":null,"num_floors":null,"render_height_m":6.4,"height_label":"assumed"}},{"type":"Feature","geometry":{"type":"Polygon","coordinates":[[[78.352864,17.44683],[78.352885,17.446887],[78.352828,17.446906],[78.352807,17.446849],[78.352864,17.44683]]]},"properties":{"id":"f7e925820e40","height":null,"num_floors":null,"render_height_m":6.4,"height_label":"assumed"}},{"type":"Feature","geometry":{"type":"Polygon","coordinates":[[[78.352874,17.446908],[78.352884,17.446937],[78.352846,17.446949],[78.352836,17.44692],[78.352874,17.446908]]]},"properties":{"id":"df3d5a86e438","height":null,"num_floors":null,"render_height_m":6.4,"height_label":"assumed"}},{"type":"Feature","geometry":{"type":"Polygon","coordinates":[[[78.352845,17.446236],[78.352802,17.446041],[78.35292,17.446036],[78.352963,17.44621],[78.352845,17.446236]]]},"properties":{"id":"49a7c7aa703d","height":null,"num_floors":null,"render_height_m":12.8,"height_label":"assumed"}},{"type":"Feature","geometry":{"type":"Polygon","coordinates":[[[78.352247,17.446176],[78.35233,17.446339],[78.352259,17.446372],[78.352175,17.446209],[78.352247,17.446176]]]},"properties":{"id":"b67ce9349f99","height":null,"num_floors":null,"render_height_m":9.6,"height_label":"assumed"}},{"type":"Feature","geometry":{"type":"Polygon","coordinates":[[[78.352088,17.446251],[78.352173,17.446211],[78.352252,17.446369],[78.352166,17.446408],[78.352088,17.446251]]]},"properties":{"id":"a9c65d286185","height":null,"num_floors":null,"render_height_m":9.6,"height_label":"assumed"}},{"type":"Feature","geometry":{"type":"Polygon","coordinates":[[[78.352085,17.446237],[78.352164,17.446402],[78.352082,17.446437],[78.352003,17.446273],[78.352085,17.446237]]]},"properties":{"id":"0bd8cb3adb9e","height":null,"num_floors":null,"render_height_m":9.6,"height_label":"assumed"}},{"type":"Feature","geometry":{"type":"Polygon","coordinates":[[[78.352637,17.446943],[78.351854,17.447271],[78.351822,17.447201],[78.351796,17.447212],[78.351732,17.447075],[78.351759,17.447064],[78.351712,17.446962],[78.351799,17.446926],[78.351771,17.446867],[78.352385,17.44661],[78.352412,17.446669],[78.352495,17.446634],[78.352539,17.446731],[78.352558,17.446723],[78.352629,17.446877],[78.35261,17.446885],[78.352637,17.446943]]]},"properties":{"id":"a27c9596099e","height":null,"num_floors":null,"render_height_m":19.2,"height_label":"assumed"}},{"type":"Feature","geometry":{"type":"Polygon","coordinates":[[[78.35148,17.446676],[78.351505,17.44665],[78.351615,17.446748],[78.351589,17.446775],[78.35148,17.446676]]]},"properties":{"id":"5fb3e53c23ab","height":null,"num_floors":null,"render_height_m":6.4,"height_label":"assumed"}},{"type":"Feature","geometry":{"type":"Polygon","coordinates":[[[78.351566,17.446765],[78.35144,17.446892],[78.35133,17.446793],[78.351456,17.446666],[78.351566,17.446765]]]},"properties":{"id":"ad9fee24b2a0","height":null,"num_floors":null,"render_height_m":12.8,"height_label":"assumed"}},{"type":"Feature","geometry":{"type":"Polygon","coordinates":[[[78.351275,17.446874],[78.35131,17.446883],[78.351298,17.446929],[78.351263,17.446921],[78.351275,17.446874]]]},"properties":{"id":"8758fd7222ef","height":null,"num_floors":null,"render_height_m":6.4,"height_label":"assumed"}},{"type":"Feature","geometry":{"type":"Polygon","coordinates":[[[78.350263,17.445145],[78.350291,17.445175],[78.350237,17.44522],[78.35021,17.44519],[78.350263,17.445145]]]},"properties":{"id":"48e05d8e3c9a","height":null,"num_floors":null,"render_height_m":6.4,"height_label":"assumed"}},{"type":"Feature","geometry":{"type":"Polygon","coordinates":[[[78.351545,17.445513],[78.351654,17.445514],[78.351652,17.445621],[78.351543,17.44562],[78.351545,17.445513]]]},"properties":{"id":"874e1a8a9351","height":null,"num_floors":null,"render_height_m":9.6,"height_label":"assumed"}},{"type":"Feature","geometry":{"type":"Polygon","coordinates":[[[78.351608,17.445841],[78.351577,17.445867],[78.351541,17.445828],[78.351571,17.445802],[78.351603,17.445836],[78.351608,17.445841]]]},"properties":{"id":"46b09ce39814","height":null,"num_floors":null,"render_height_m":6.4,"height_label":"assumed"}},{"type":"Feature","geometry":{"type":"Polygon","coordinates":[[[78.351987,17.445533],[78.351955,17.445567],[78.351941,17.445554],[78.351916,17.44558],[78.351866,17.445537],[78.351923,17.445477],[78.351987,17.445533]]]},"properties":{"id":"a9368de0e503","height":null,"num_floors":null,"render_height_m":6.4,"height_label":"assumed"}},{"type":"Feature","geometry":{"type":"Polygon","coordinates":[[[78.351631,17.445316],[78.351674,17.445314],[78.351677,17.445374],[78.351634,17.445376],[78.351631,17.445316]]]},"properties":{"id":"e6438c6ddb44","height":null,"num_floors":null,"render_height_m":6.4,"height_label":"assumed"}},{"type":"Feature","geometry":{"type":"Polygon","coordinates":[[[78.351595,17.44518],[78.351652,17.445183],[78.35165,17.445224],[78.351593,17.445221],[78.351595,17.44518]]]},"properties":{"id":"7c0b0dca7998","height":null,"num_floors":null,"render_height_m":6.4,"height_label":"assumed"}},{"type":"Feature","geometry":{"type":"Polygon","coordinates":[[[78.351784,17.444888],[78.351815,17.444921],[78.351721,17.445001],[78.35169,17.444967],[78.351784,17.444888]]]},"properties":{"id":"857f85f4e162","height":null,"num_floors":null,"render_height_m":6.4,"height_label":"assumed"}},{"type":"Feature","geometry":{"type":"Polygon","coordinates":[[[78.351758,17.444896],[78.351649,17.444776],[78.351702,17.444732],[78.351811,17.444852],[78.351758,17.444896]]]},"properties":{"id":"3d7d7d9b5bf4","height":null,"num_floors":null,"render_height_m":9.6,"height_label":"assumed"}},{"type":"Feature","geometry":{"type":"Polygon","coordinates":[[[78.351643,17.444916],[78.351614,17.44494],[78.351551,17.444871],[78.351646,17.444792],[78.351676,17.444824],[78.35161,17.444879],[78.351643,17.444916]]]},"properties":{"id":"947e346a9866","height":null,"num_floors":null,"render_height_m":9.6,"height_label":"assumed"}},{"type":"Feature","geometry":{"type":"Polygon","coordinates":[[[78.351195,17.444696],[78.351227,17.444706],[78.351215,17.444738],[78.351184,17.444728],[78.351195,17.444696]]]},"properties":{"id":"9438497d4f9b","height":null,"num_floors":null,"render_height_m":6.4,"height_label":"assumed"}},{"type":"Feature","geometry":{"type":"Polygon","coordinates":[[[78.351147,17.444658],[78.351006,17.444508],[78.351079,17.444445],[78.351221,17.444596],[78.351147,17.444658]]]},"properties":{"id":"768362db8003","height":null,"num_floors":null,"render_height_m":9.6,"height_label":"assumed"}},{"type":"Feature","geometry":{"type":"Polygon","coordinates":[[[78.351439,17.444385],[78.351511,17.444494],[78.351318,17.444612],[78.351246,17.444502],[78.351439,17.444385]]]},"properties":{"id":"723f55f06cd5","height":null,"num_floors":null,"render_height_m":12.8,"height_label":"assumed"}},{"type":"Feature","geometry":{"type":"Polygon","coordinates":[[[78.351587,17.442717],[78.351645,17.442808],[78.351608,17.44283],[78.351551,17.442739],[78.351587,17.442717]]]},"properties":{"id":"7935951cfcb6","height":null,"num_floors":null,"render_height_m":6.4,"height_label":"assumed"}},{"type":"Feature","geometry":{"type":"Polygon","coordinates":[[[78.351659,17.442798],[78.351676,17.442827],[78.351632,17.442851],[78.351615,17.442822],[78.351659,17.442798]]]},"properties":{"id":"09a86bad9ad2","height":null,"num_floors":null,"render_height_m":6.4,"height_label":"assumed"}},{"type":"Feature","geometry":{"type":"Polygon","coordinates":[[[78.351591,17.443114],[78.351502,17.44297],[78.351781,17.442813],[78.351914,17.443028],[78.351603,17.443204],[78.35162,17.443231],[78.351576,17.443256],[78.351545,17.443206],[78.351558,17.443198],[78.351536,17.443161],[78.351575,17.443139],[78.351568,17.443127],[78.351591,17.443114]]]},"properties":{"id":"395762fa7d20","height":null,"num_floors":null,"render_height_m":19.2,"height_label":"assumed"}},{"type":"Feature","geometry":{"type":"Polygon","coordinates":[[[78.351245,17.443067],[78.351193,17.443097],[78.351149,17.443028],[78.351221,17.442987],[78.351231,17.443004],[78.351274,17.442979],[78.351307,17.443032],[78.351292,17.44304],[78.351301,17.443054],[78.351254,17.443081],[78.351245,17.443067]]]},"properties":{"id":"814e2160c39c","height":null,"num_floors":null,"render_height_m":9.6,"height_label":"assumed"}},{"type":"Feature","geometry":{"type":"Polygon","coordinates":[[[78.351341,17.443395],[78.351255,17.443445],[78.351079,17.443175],[78.351165,17.443124],[78.351341,17.443395]]]},"properties":{"id":"575de919953d","height":null,"num_floors":null,"render_height_m":12.8,"height_label":"assumed"}},{"type":"Feature","geometry":{"type":"Polygon","coordinates":[[[78.351371,17.44341],[78.351321,17.443335],[78.351487,17.443236],[78.351537,17.443311],[78.351371,17.44341]]]},"properties":{"id":"217993e39e8d","height":null,"num_floors":null,"render_height_m":9.6,"height_label":"assumed"}},{"type":"Feature","geometry":{"type":"Polygon","coordinates":[[[78.351038,17.443027],[78.350949,17.443077],[78.350774,17.442794],[78.351098,17.442612],[78.351147,17.442691],[78.351077,17.44273],[78.351048,17.442683],[78.350998,17.442711],[78.351014,17.442736],[78.350921,17.442789],[78.350938,17.442817],[78.350853,17.442865],[78.350882,17.442912],[78.350923,17.442889],[78.350953,17.442937],[78.350915,17.442958],[78.35096,17.443031],[78.35098,17.44302],[78.350961,17.442989],[78.351,17.442967],[78.351038,17.443027]]]},"properties":{"id":"3c87ec07d692","height":null,"num_floors":null,"render_height_m":12.8,"height_label":"assumed"}},{"type":"Feature","geometry":{"type":"Polygon","coordinates":[[[78.350983,17.444695],[78.350802,17.444854],[78.350754,17.444804],[78.350844,17.444725],[78.35081,17.444691],[78.350902,17.444611],[78.350983,17.444695]]]},"properties":{"id":"56ef0893d069","height":3.2,"num_floors":1,"render_height_m":3.2,"height_label":"estimated"}},{"type":"Feature","geometry":{"type":"Polygon","coordinates":[[[78.350915,17.444813],[78.35093,17.444832],[78.350893,17.444857],[78.350878,17.444838],[78.350915,17.444813]]]},"properties":{"id":"a2b19970b6c6","height":null,"num_floors":null,"render_height_m":6.4,"height_label":"assumed"}},{"type":"Feature","geometry":{"type":"Polygon","coordinates":[[[78.349897,17.445014],[78.349865,17.445034],[78.349726,17.444879],[78.34989,17.444741],[78.350069,17.444928],[78.349925,17.445042],[78.349897,17.445014]]]},"properties":{"id":"7c40f39787b8","height":16.0,"num_floors":5,"render_height_m":16.0,"height_label":"estimated"}},{"type":"Feature","geometry":{"type":"Polygon","coordinates":[[[78.349809,17.444731],[78.349846,17.444753],[78.349826,17.444783],[78.349789,17.444762],[78.349809,17.444731]]]},"properties":{"id":"a1f8c3d665ec","height":null,"num_floors":null,"render_height_m":6.4,"height_label":"assumed"}},{"type":"Feature","geometry":{"type":"Polygon","coordinates":[[[78.349797,17.444692],[78.349834,17.444715],[78.349809,17.444752],[78.349771,17.444729],[78.349797,17.444692]]]},"properties":{"id":"4a4292fc7463","height":null,"num_floors":null,"render_height_m":6.4,"height_label":"assumed"}},{"type":"Feature","geometry":{"type":"Polygon","coordinates":[[[78.349875,17.444677],[78.349917,17.444677],[78.349917,17.444714],[78.349875,17.444713],[78.349875,17.444677]]]},"properties":{"id":"ebdeee77cdf4","height":null,"num_floors":null,"render_height_m":6.4,"height_label":"assumed"}},{"type":"Feature","geometry":{"type":"Polygon","coordinates":[[[78.349895,17.444637],[78.349897,17.444675],[78.349854,17.444678],[78.349851,17.444641],[78.349895,17.444637]]]},"properties":{"id":"e5edfe972f24","height":null,"num_floors":null,"render_height_m":6.4,"height_label":"assumed"}},{"type":"Feature","geometry":{"type":"Polygon","coordinates":[[[78.349136,17.443905],[78.349151,17.443958],[78.34898,17.444001],[78.348966,17.443948],[78.349136,17.443905]]]},"properties":{"id":"1f8a2e99407f","height":null,"num_floors":null,"render_height_m":9.6,"height_label":"assumed"}},{"type":"Feature","geometry":{"type":"Polygon","coordinates":[[[78.349024,17.443852],[78.348907,17.443878],[78.348896,17.443836],[78.349013,17.44381],[78.349024,17.443852]]]},"properties":{"id":"f323659d15c8","height":null,"num_floors":null,"render_height_m":6.4,"height_label":"assumed"}},{"type":"Feature","geometry":{"type":"Polygon","coordinates":[[[78.348597,17.443498],[78.348547,17.44354],[78.348274,17.44324],[78.348325,17.443197],[78.348337,17.443211],[78.348377,17.443178],[78.348402,17.443205],[78.34852,17.443107],[78.348589,17.443183],[78.34855,17.443215],[78.348607,17.443278],[78.348646,17.443245],[78.348714,17.44332],[78.348591,17.443422],[78.348623,17.443457],[78.348587,17.443487],[78.348597,17.443498]]]},"properties":{"id":"61b34f737c07","height":19.2,"num_floors":6,"render_height_m":19.2,"height_label":"estimated"}},{"type":"Feature","geometry":{"type":"Polygon","coordinates":[[[78.348287,17.444015],[78.348218,17.443941],[78.348524,17.443681],[78.348606,17.443769],[78.348536,17.443828],[78.348552,17.443846],[78.348576,17.443825],[78.348639,17.443893],[78.348634,17.443897],[78.348662,17.443928],[78.348579,17.443999],[78.348537,17.443955],[78.348525,17.443965],[78.348516,17.443956],[78.348494,17.443975],[78.348507,17.443988],[78.348494,17.443999],[78.348523,17.44403],[78.348487,17.444061],[78.348453,17.444025],[78.348432,17.444043],[78.348459,17.444073],[78.348463,17.444069],[78.348469,17.444075],[78.348438,17.444101],[78.348407,17.444067],[78.348399,17.444074],[78.348318,17.443988],[78.348287,17.444015]]]},"properties":{"id":"32c956523586","height":19.2,"num_floors":6,"render_height_m":19.2,"height_label":"estimated"}},{"type":"Feature","geometry":{"type":"Polygon","coordinates":[[[78.348952,17.443963],[78.348975,17.444008],[78.348888,17.444049],[78.348865,17.444003],[78.348952,17.443963]]]},"properties":{"id":"001110406468","height":null,"num_floors":null,"render_height_m":6.4,"height_label":"assumed"}},{"type":"Feature","geometry":{"type":"Polygon","coordinates":[[[78.348434,17.44602],[78.34845,17.446049],[78.34841,17.446069],[78.348394,17.44604],[78.348434,17.44602]]]},"properties":{"id":"a26db37fdd38","height":null,"num_floors":null,"render_height_m":6.4,"height_label":"assumed"}},{"type":"Feature","geometry":{"type":"Polygon","coordinates":[[[78.348614,17.445548],[78.348632,17.445578],[78.348591,17.445601],[78.348573,17.445572],[78.348614,17.445548]]]},"properties":{"id":"653aba2c14db","height":null,"num_floors":null,"render_height_m":6.4,"height_label":"assumed"}},{"type":"Feature","geometry":{"type":"Polygon","coordinates":[[[78.348579,17.445704],[78.348596,17.445731],[78.348552,17.445757],[78.348535,17.445729],[78.348579,17.445704]]]},"properties":{"id":"b9a221b6515f","height":null,"num_floors":null,"render_height_m":6.4,"height_label":"assumed"}},{"type":"Feature","geometry":{"type":"Polygon","coordinates":[[[78.348598,17.445744],[78.348609,17.445777],[78.348567,17.44579],[78.348556,17.445757],[78.348598,17.445744]]]},"properties":{"id":"8bf34479f5b8","height":null,"num_floors":null,"render_height_m":6.4,"height_label":"assumed"}},{"type":"Feature","geometry":{"type":"Polygon","coordinates":[[[78.348587,17.445667],[78.348802,17.445492],[78.349056,17.445777],[78.348841,17.445952],[78.348587,17.445667]]]},"properties":{"id":"1454ec6814e1","height":19.2,"num_floors":6,"render_height_m":19.2,"height_label":"estimated"}},{"type":"Feature","geometry":{"type":"Polygon","coordinates":[[[78.348551,17.445505],[78.348588,17.445525],[78.348574,17.445548],[78.348537,17.445529],[78.348551,17.445505]]]},"properties":{"id":"1cbe1342a050","height":null,"num_floors":null,"render_height_m":6.4,"height_label":"assumed"}},{"type":"Feature","geometry":{"type":"Polygon","coordinates":[[[78.348991,17.445537],[78.348897,17.445437],[78.348967,17.445377],[78.348945,17.445354],[78.349018,17.445292],[78.349134,17.445417],[78.34915,17.445403],[78.349093,17.445342],[78.349157,17.445287],[78.349213,17.445347],[78.349224,17.445338],[78.349109,17.445214],[78.34918,17.445154],[78.349382,17.44537],[78.349316,17.445427],[78.349345,17.445458],[78.349271,17.445521],[78.349244,17.445492],[78.349225,17.445509],[78.349286,17.445574],[78.34914,17.445698],[78.349105,17.445661],[78.349054,17.445705],[78.348939,17.445582],[78.348991,17.445537]]]},"properties":{"id":"122969e22a0d","height":9.6,"num_floors":3,"render_height_m":9.6,"height_label":"estimated"}},{"type":"Feature","geometry":{"type":"Polygon","coordinates":[[[78.349385,17.445228],[78.34945,17.445176],[78.349425,17.445147],[78.349377,17.445185],[78.349292,17.445089],[78.349548,17.444882],[78.349569,17.444906],[78.349644,17.444845],[78.349757,17.444972],[78.349707,17.445012],[78.34973,17.445038],[78.349781,17.444998],[78.349865,17.445093],[78.349796,17.445149],[78.349827,17.445183],[78.349632,17.445339],[78.349605,17.445309],[78.349536,17.445365],[78.349455,17.445273],[78.349503,17.445235],[78.349481,17.445209],[78.349416,17.445262],[78.349385,17.445228]],[[78.349505,17.445072],[78.349455,17.445112],[78.349485,17.445146],[78.349646,17.445017],[78.349616,17.444983],[78.349565,17.445024],[78.349538,17.444994],[78.349479,17.445042],[78.349505,17.445072]],[[78.349559,17.445224],[78.349611,17.445182],[78.349639,17.445213],[78.349693,17.445169],[78.349666,17.445138],[78.349718,17.445097],[78.349671,17.445044],[78.349627,17.44508],[78.349636,17.445094],[78.349637,17.445113],[78.34963,17.445131],[78.349615,17.445144],[78.349596,17.44515],[78.349575,17.445148],[78.349559,17.445138],[78.349514,17.445174],[78.349558,17.445223],[78.349559,17.445224]]]},"properties":{"id":"fe27f05bd77b","height":16.0,"num_floors":5,"render_height_m":16.0,"height_label":"estimated"}},{"type":"Feature","geometry":{"type":"Polygon","coordinates":[[[78.349421,17.445325],[78.349448,17.445301],[78.34948,17.445335],[78.349452,17.445358],[78.349421,17.445325]]]},"properties":{"id":"779a7c64a54e","height":null,"num_floors":null,"render_height_m":6.4,"height_label":"assumed"}},{"type":"Feature","geometry":{"type":"Polygon","coordinates":[[[78.349985,17.445192],[78.350129,17.445072],[78.350206,17.445156],[78.350109,17.445237],[78.350369,17.445522],[78.350507,17.445407],[78.35066,17.445573],[78.350474,17.445728],[78.350072,17.446063],[78.349668,17.4464],[78.349489,17.44655],[78.349349,17.446397],[78.349472,17.446295],[78.349221,17.44602],[78.349132,17.446094],[78.349034,17.445986],[78.349186,17.445858],[78.349597,17.445527],[78.349985,17.445192]],[[78.349806,17.445664],[78.350094,17.44542],[78.350029,17.445351],[78.349742,17.445596],[78.349806,17.445664]],[[78.349956,17.445902],[78.350283,17.445623],[78.350196,17.44553],[78.349869,17.445808],[78.349956,17.445902]],[[78.349346,17.445932],[78.34941,17.446001],[78.349701,17.445754],[78.349637,17.445685],[78.349346,17.445932]],[[78.349599,17.446204],[78.349933,17.445921],[78.349846,17.445828],[78.349512,17.446111],[78.349599,17.446204]]]},"properties":{"id":"dcc94b3076d6","height":9.6,"num_floors":3,"render_height_m":9.6,"height_label":"estimated"}},{"type":"Feature","geometry":{"type":"Polygon","coordinates":[[[78.349045,17.446898],[78.349096,17.446941],[78.349066,17.446973],[78.349016,17.44693],[78.349045,17.446898]]]},"properties":{"id":"2b02bbd3f3f1","height":null,"num_floors":null,"render_height_m":6.4,"height_label":"assumed"}},{"type":"Feature","geometry":{"type":"Polygon","coordinates":[[[78.349061,17.446953],[78.349099,17.446981],[78.349075,17.447011],[78.349036,17.446984],[78.349061,17.446953]]]},"properties":{"id":"aa61f2dcea00","height":null,"num_floors":null,"render_height_m":6.4,"height_label":"assumed"}},{"type":"Feature","geometry":{"type":"Polygon","coordinates":[[[78.348574,17.447628],[78.348439,17.447482],[78.348299,17.447332],[78.348353,17.447287],[78.348328,17.44726],[78.348797,17.446864],[78.348813,17.446881],[78.348861,17.446841],[78.348972,17.446961],[78.348996,17.446941],[78.349014,17.446961],[78.34903,17.446978],[78.349007,17.446998],[78.349145,17.447147],[78.349095,17.447189],[78.349116,17.447211],[78.348965,17.447338],[78.348921,17.447291],[78.348908,17.447301],[78.348932,17.447327],[78.348865,17.447383],[78.348797,17.44744],[78.348775,17.447416],[78.348763,17.447427],[78.348806,17.447473],[78.348643,17.447611],[78.348622,17.447588],[78.348574,17.447628]],[[78.348985,17.447096],[78.348976,17.447104],[78.348953,17.44708],[78.348964,17.447071],[78.34892,17.447026],[78.348907,17.447037],[78.348875,17.447004],[78.34889,17.446991],[78.348878,17.446979],[78.348816,17.447033],[78.348937,17.447158],[78.34897,17.447129],[78.348973,17.447133],[78.348999,17.44711],[78.348985,17.447096]],[[78.348747,17.447327],[78.348819,17.447268],[78.348698,17.447134],[78.348626,17.447194],[78.348747,17.447327]],[[78.348444,17.447368],[78.348457,17.447357],[78.348493,17.447395],[78.348479,17.447407],[78.348502,17.447433],[78.348516,17.447422],[78.348568,17.447478],[78.348623,17.447432],[78.348603,17.44741],[78.348649,17.447371],[78.34857,17.447286],[78.34852,17.447329],[78.348498,17.447305],[78.348435,17.447358],[78.348444,17.447368]]]},"properties":{"id":"6b96a2cf2dda","height":6.4,"num_floors":2,"render_height_m":6.4,"height_label":"estimated"}},{"type":"Feature","geometry":{"type":"Polygon","coordinates":[[[78.348393,17.44747],[78.348438,17.447516],[78.348399,17.447551],[78.348354,17.447505],[78.348393,17.44747]]]},"properties":{"id":"6e515e824019","height":null,"num_floors":null,"render_height_m":6.4,"height_label":"assumed"}},{"type":"Feature","geometry":{"type":"Polygon","coordinates":[[[78.3485,17.448532],[78.348147,17.448152],[78.348549,17.447813],[78.348901,17.448192],[78.348824,17.448257],[78.348542,17.447954],[78.348304,17.448155],[78.348587,17.448459],[78.3485,17.448532]]]},"properties":{"id":"876f1d18d0ff","height":16.0,"num_floors":5,"render_height_m":16.0,"height_label":"estimated"}},{"type":"Feature","geometry":{"type":"Polygon","coordinates":[[[78.348457,17.448109],[78.348492,17.448125],[78.348476,17.448158],[78.34844,17.448142],[78.348457,17.448109]]]},"properties":{"id":"83f5d749601b","height":null,"num_floors":null,"render_height_m":6.4,"height_label":"assumed"}},{"type":"Feature","geometry":{"type":"Polygon","coordinates":[[[78.348748,17.44924],[78.348752,17.449265],[78.348718,17.449285],[78.348712,17.449244],[78.348748,17.44924]]]},"properties":{"id":"cd76897823af","height":null,"num_floors":null,"render_height_m":6.4,"height_label":"assumed"}},{"type":"Feature","geometry":{"type":"Polygon","coordinates":[[[78.348753,17.449262],[78.348763,17.449291],[78.348728,17.449302],[78.348718,17.449273],[78.348753,17.449262]]]},"properties":{"id":"9952360b3df1","height":null,"num_floors":null,"render_height_m":6.4,"height_label":"assumed"}},{"type":"Feature","geometry":{"type":"Polygon","coordinates":[[[78.349268,17.449225],[78.349304,17.449261],[78.34932,17.449245],[78.34938,17.449304],[78.349363,17.449319],[78.349396,17.449351],[78.349322,17.44942],[78.349307,17.449405],[78.34927,17.449441],[78.349157,17.44933],[78.349268,17.449225]]]},"properties":{"id":"0f8e04f54446","height":null,"num_floors":null,"render_height_m":12.8,"height_label":"assumed"}},{"type":"Feature","geometry":{"type":"Polygon","coordinates":[[[78.349567,17.448548],[78.349621,17.448604],[78.34952,17.448693],[78.349466,17.448638],[78.349567,17.448548]]]},"properties":{"id":"20cccd95846b","height":null,"num_floors":null,"render_height_m":9.6,"height_label":"assumed"}},{"type":"Feature","geometry":{"type":"Polygon","coordinates":[[[78.35188,17.447628],[78.351085,17.447965],[78.351051,17.447893],[78.351026,17.447904],[78.350963,17.447769],[78.350988,17.447758],[78.350946,17.447667],[78.351038,17.447627],[78.351006,17.447558],[78.351614,17.4473],[78.351646,17.447369],[78.351732,17.447333],[78.351775,17.447425],[78.351798,17.447415],[78.351869,17.447568],[78.351855,17.447574],[78.35188,17.447628]]]},"properties":{"id":"d23c11df496a","height":null,"num_floors":null,"render_height_m":19.2,"height_label":"assumed"}},{"type":"Feature","geometry":{"type":"Polygon","coordinates":[[[78.35172,17.448021],[78.351753,17.448014],[78.35176,17.448047],[78.351727,17.448053],[78.35172,17.448021]]]},"properties":{"id":"19c355668e9d","height":null,"num_floors":null,"render_height_m":6.4,"height_label":"assumed"}},{"type":"Feature","geometry":{"type":"Polygon","coordinates":[[[78.351873,17.448403],[78.351722,17.448466],[78.351601,17.448202],[78.352159,17.447969],[78.352281,17.448232],[78.352075,17.448318],[78.352089,17.448348],[78.352007,17.448382],[78.351993,17.448353],[78.351945,17.448373],[78.351953,17.448391],[78.351881,17.448421],[78.351873,17.448403]]]},"properties":{"id":"a6dcd56976bf","height":null,"num_floors":null,"render_height_m":19.2,"height_label":"assumed"}},{"type":"Feature","geometry":{"type":"Polygon","coordinates":[[[78.351407,17.448331],[78.351443,17.44832],[78.351457,17.448366],[78.35142,17.448376],[78.351407,17.448331]]]},"properties":{"id":"eeb396c4c2de","height":null,"num_floors":null,"render_height_m":6.4,"height_label":"assumed"}},{"type":"Feature","geometry":{"type":"Polygon","coordinates":[[[78.351323,17.44828],[78.351352,17.448342],[78.351311,17.448359],[78.351282,17.448297],[78.351323,17.44828]]]},"properties":{"id":"5865bc28fec0","height":null,"num_floors":null,"render_height_m":6.4,"height_label":"assumed"}},{"type":"Feature","geometry":{"type":"Polygon","coordinates":[[[78.351293,17.448534],[78.35097,17.448674],[78.350824,17.448367],[78.351147,17.448227],[78.351293,17.448534]]]},"properties":{"id":"dbbd889c3fb9","height":null,"num_floors":null,"render_height_m":19.2,"height_label":"assumed"}},{"type":"Feature","geometry":{"type":"Polygon","coordinates":[[[78.351922,17.448415],[78.351931,17.448449],[78.351898,17.448458],[78.351888,17.448424],[78.351922,17.448415]]]},"properties":{"id":"66e1b24365b0","height":null,"num_floors":null,"render_height_m":6.4,"height_label":"assumed"}},{"type":"Feature","geometry":{"type":"Polygon","coordinates":[[[78.352193,17.448776],[78.352179,17.448784],[78.352194,17.448788],[78.352176,17.448855],[78.352153,17.448849],[78.352128,17.448869],[78.352149,17.448901],[78.352016,17.448981],[78.351998,17.448953],[78.351971,17.448969],[78.351947,17.448932],[78.351874,17.448976],[78.351767,17.448814],[78.351782,17.448805],[78.351768,17.448784],[78.35171,17.448819],[78.351678,17.44877],[78.35196,17.448601],[78.351996,17.448654],[78.352079,17.448604],[78.352193,17.448776]]]},"properties":{"id":"4a2750b1fe08","height":null,"num_floors":null,"render_height_m":19.2,"height_label":"assumed"}},{"type":"Feature","geometry":{"type":"Polygon","coordinates":[[[78.349535,17.449209],[78.349497,17.449126],[78.349592,17.449086],[78.349561,17.449019],[78.350145,17.448701],[78.350263,17.448679],[78.350325,17.44874],[78.350415,17.448795],[78.350478,17.448851],[78.35048,17.449065],[78.349638,17.449432],[78.34961,17.449371],[78.349582,17.449383],[78.349507,17.449221],[78.349535,17.449209]]]},"properties":{"id":"177ca6cda8a8","height":null,"num_floors":null,"render_height_m":19.2,"height_label":"assumed"}}]}