{"type":"FeatureCollection","features":[{"type":"Feature","geometry":{"type":"Polygon","coordinates":[[[78.359822,17.436648],[78.359855,17.436643],[78.35986,17.436673],[78.359827,17.436678],[78.359822,17.436648]]]},"properties":{"id":"76468fb59aa6","height":null,"num_floors":null,"render_height_m":6.4,"height_label":"assumed"}},{"type":"Feature","geometry":{"type":"Polygon","coordinates":[[[78.359648,17.436371],[78.359688,17.436412],[78.359661,17.436437],[78.359621,17.436395],[78.359648,17.436371]]]},"properties":{"id":"368a88bc4128","height":null,"num_floors":null,"render_height_m":6.4,"height_label":"assumed"}},{"type":"Feature","geometry":{"type":"Polygon","coordinates":[[[78.359688,17.436412],[78.359744,17.43647],[78.359717,17.436495],[78.359661,17.436437],[78.359688,17.436412]]]},"properties":{"id":"be4da76f9cb3","height":null,"num_floors":null,"render_height_m":6.4,"height_label":"assumed"}},{"type":"Feature","geometry":{"type":"Polygon","coordinates":[[[78.360061,17.435651],[78.360144,17.435903],[78.360002,17.435945],[78.359909,17.435707],[78.360061,17.435651]]]},"properties":{"id":"05fc6b489db7","height":19.2,"num_floors":6,"render_height_m":19.2,"height_label":"estimated"}},{"type":"Feature","geometry":{"type":"Polygon","coordinates":[[[78.359925,17.435972],[78.359885,17.435982],[78.35984,17.43581],[78.35988,17.4358],[78.359925,17.435972]]]},"properties":{"id":"727ec22b097f","height":null,"num_floors":null,"render_height_m":9.6,"height_label":"assumed"}},{"type":"Feature","geometry":{"type":"Polygon","coordinates":[[[78.359957,17.435187],[78.359996,17.43517],[78.360029,17.435239],[78.359991,17.435256],[78.359957,17.435187]]]},"properties":{"id":"b6319096c458","height":null,"num_floors":null,"render_height_m":6.4,"height_label":"assumed"}},{"type":"Feature","geometry":{"type":"Polygon","coordinates":[[[78.359958,17.435117],[78.35997,17.435146],[78.359934,17.435159],[78.359923,17.43513],[78.359958,17.435117]]]},"properties":{"id":"8713aaa9d056","height":null,"num_floors":null,"render_height_m":6.4,"height_label":"assumed"}},{"type":"Feature","geometry":{"type":"Polygon","coordinates":[[[78.359857,17.434945],[78.359902,17.435033],[78.359876,17.435046],[78.359867,17.435028],[78.359764,17.435077],[78.359728,17.435006],[78.359857,17.434945]]]},"properties":{"id":"7cb23d96776d","height":null,"num_floors":null,"render_height_m":9.6,"height_label":"assumed"}},{"type":"Feature","geometry":{"type":"Polygon","coordinates":[[[78.359788,17.434873],[78.359831,17.434957],[78.359728,17.435006],[78.359685,17.434922],[78.359788,17.434873]]]},"properties":{"id":"2f81c72b79c4","height":null,"num_floors":null,"render_height_m":9.6,"height_label":"assumed"}},{"type":"Feature","geometry":{"type":"Polygon","coordinates":[[[78.360514,17.435316],[78.360467,17.435347],[78.360455,17.435331],[78.360502,17.4353],[78.360514,17.435316]]]},"properties":{"id":"0458a48e5687","height":null,"num_floors":null,"render_height_m":6.4,"height_label":"assumed"}},{"type":"Feature","geometry":{"type":"Polygon","coordinates":[[[78.360525,17.435319],[78.360549,17.435364],[78.360479,17.435399],[78.360454,17.435354],[78.360525,17.435319]]]},"properties":{"id":"a864ec3ec2a2","height":null,"num_floors":null,"render_height_m":6.4,"height_label":"assumed"}},{"type":"Feature","geometry":{"type":"Polygon","coordinates":[[[78.360578,17.435216],[78.360173,17.435468],[78.360104,17.435367],[78.360494,17.435124],[78.360534,17.435181],[78.360548,17.435173],[78.360578,17.435216]]]},"properties":{"id":"2926f15eec83","height":null,"num_floors":null,"render_height_m":12.8,"height_label":"assumed"}},{"type":"Feature","geometry":{"type":"Polygon","coordinates":[[[78.360111,17.435407],[78.36006,17.435437],[78.360011,17.435359],[78.360063,17.43533],[78.360111,17.435407]]]},"properties":{"id":"2416c44c038c","height":null,"num_floors":null,"render_height_m":6.4,"height_label":"assumed"}},{"type":"Feature","geometry":{"type":"Polygon","coordinates":[[[78.360177,17.435494],[78.360124,17.435527],[78.360074,17.435454],[78.360127,17.435421],[78.360177,17.435494]]]},"properties":{"id":"d9174a752a14","height":null,"num_floors":null,"render_height_m":6.4,"height_label":"assumed"}},{"type":"Feature","geometry":{"type":"Polygon","coordinates":[[[78.3602,17.435938],[78.360197,17.435862],[78.360165,17.435851],[78.360163,17.435851],[78.360199,17.435708],[78.360201,17.435566],[78.360474,17.435574],[78.360473,17.436071],[78.36028,17.436068],[78.360104,17.436066],[78.360106,17.43604],[78.360068,17.43604],[78.360065,17.435993],[78.360097,17.435985],[78.360096,17.435947],[78.360145,17.435928],[78.360153,17.435943],[78.3602,17.435938]],[[78.360417,17.435932],[78.360418,17.435714],[78.36028,17.435714],[78.360275,17.435887],[78.360274,17.435906],[78.360273,17.435925],[78.360287,17.435925],[78.360417,17.435932]]]},"properties":{"id":"a604afe5d501","height":6.4,"num_floors":2,"render_height_m":6.4,"height_label":"estimated"}},{"type":"Feature","geometry":{"type":"Polygon","coordinates":[[[78.360948,17.435503],[78.361108,17.435754],[78.361082,17.435769],[78.360922,17.435518],[78.360948,17.435503]]]},"properties":{"id":"8be4e260141e","height":null,"num_floors":null,"render_height_m":9.6,"height_label":"assumed"}},{"type":"Feature","geometry":{"type":"Polygon","coordinates":[[[78.360582,17.435366],[78.360618,17.435363],[78.360625,17.435431],[78.360589,17.435434],[78.360582,17.435366]]]},"properties":{"id":"9e7833bdd7ac","height":null,"num_floors":null,"render_height_m":6.4,"height_label":"assumed"}},{"type":"Feature","geometry":{"type":"Polygon","coordinates":[[[78.360708,17.434955],[78.360582,17.434957],[78.360581,17.434907],[78.360708,17.434905],[78.360708,17.434955]]]},"properties":{"id":"c8b849611091","height":null,"num_floors":null,"render_height_m":6.4,"height_label":"assumed"}},{"type":"Feature","geometry":{"type":"Polygon","coordinates":[[[78.361268,17.435999],[78.361096,17.435718],[78.361175,17.435674],[78.361347,17.435955],[78.361268,17.435999]]]},"properties":{"id":"7369e9e84c3c","height":3.2,"num_floors":1,"render_height_m":3.2,"height_label":"estimated"}},{"type":"Feature","geometry":{"type":"Polygon","coordinates":[[[78.361974,17.434995],[78.361882,17.435045],[78.361826,17.434952],[78.361918,17.434901],[78.361974,17.434995]]]},"properties":{"id":"0ce118d9bb62","height":null,"num_floors":null,"render_height_m":9.6,"height_label":"assumed"}},{"type":"Feature","geometry":{"type":"Polygon","coordinates":[[[78.363711,17.435028],[78.363761,17.435102],[78.363705,17.435138],[78.363671,17.435087],[78.363687,17.435077],[78.363671,17.435053],[78.363711,17.435028]]]},"properties":{"id":"d52536c83e40","height":null,"num_floors":null,"render_height_m":6.4,"height_label":"assumed"}},{"type":"Feature","geometry":{"type":"Polygon","coordinates":[[[78.363934,17.435521],[78.364105,17.435759],[78.363953,17.435859],[78.363783,17.435622],[78.363934,17.435521]]]},"properties":{"id":"445acad4fc4d","height":null,"num_floors":null,"render_height_m":12.8,"height_label":"assumed"}},{"type":"Feature","geometry":{"type":"Polygon","coordinates":[[[78.364022,17.435814],[78.364041,17.43584],[78.363847,17.435972],[78.363828,17.435945],[78.364022,17.435814]]]},"properties":{"id":"51391f87d7f0","height":null,"num_floors":null,"render_height_m":9.6,"height_label":"assumed"}},{"type":"Feature","geometry":{"type":"Polygon","coordinates":[[[78.363821,17.435948],[78.363837,17.435976],[78.363798,17.435996],[78.363783,17.435969],[78.363821,17.435948]]]},"properties":{"id":"bf6de0de0fd0","height":null,"num_floors":null,"render_height_m":6.4,"height_label":"assumed"}},{"type":"Feature","geometry":{"type":"Polygon","coordinates":[[[78.36314,17.435658],[78.363172,17.435661],[78.363167,17.435711],[78.363135,17.435708],[78.36314,17.435658]]]},"properties":{"id":"ba4c91f47421","height":null,"num_floors":null,"render_height_m":6.4,"height_label":"assumed"}},{"type":"Feature","geometry":{"type":"Polygon","coordinates":[[[78.363185,17.435591],[78.363207,17.435577],[78.363228,17.435588],[78.363243,17.435561],[78.363273,17.435576],[78.363258,17.435603],[78.363306,17.435627],[78.363318,17.435605],[78.363344,17.435618],[78.363332,17.43564],[78.36342,17.435685],[78.363359,17.435755],[78.363109,17.435625],[78.363091,17.435636],[78.363114,17.435669],[78.363084,17.435688],[78.363061,17.435654],[78.363044,17.435665],[78.363072,17.435707],[78.363042,17.435725],[78.363034,17.435714],[78.362992,17.43574],[78.362999,17.435751],[78.362971,17.435769],[78.362958,17.43575],[78.362933,17.435765],[78.362946,17.435784],[78.362908,17.435807],[78.3629,17.435796],[78.362864,17.435818],[78.362872,17.43583],[78.362843,17.435847],[78.362815,17.435805],[78.362799,17.435815],[78.362816,17.435841],[78.362788,17.435857],[78.362771,17.435832],[78.362747,17.435846],[78.36275,17.436103],[78.362686,17.436136],[78.362667,17.436117],[78.362662,17.436117],[78.36266,17.43604],[78.362636,17.436041],[78.362635,17.435999],[78.362659,17.435999],[78.362658,17.435959],[78.362627,17.43596],[78.362626,17.435922],[78.362657,17.435921],[78.362656,17.435896],[78.362661,17.435896],[78.36266,17.435894],[78.36268,17.435879],[78.362655,17.435848],[78.362634,17.435864],[78.362607,17.435849],[78.362597,17.435866],[78.362568,17.435851],[78.362578,17.435834],[78.362526,17.435806],[78.362515,17.435826],[78.362488,17.435811],[78.362499,17.435792],[78.36244,17.43576],[78.362426,17.435734],[78.362488,17.435687],[78.362723,17.435809],[78.36273,17.435804],[78.362708,17.435775],[78.362786,17.435723],[78.362808,17.435752],[78.362852,17.435722],[78.362831,17.435694],[78.362927,17.43563],[78.362948,17.435658],[78.362976,17.435639],[78.362961,17.435619],[78.362985,17.435603],[78.363,17.435623],[78.363112,17.435549],[78.363097,17.435541],[78.363089,17.435329],[78.363131,17.435309],[78.363175,17.435319],[78.363177,17.435403],[78.3632,17.435402],[78.363201,17.435428],[78.363178,17.435429],[78.363179,17.435473],[78.363199,17.435473],[78.3632,17.435513],[78.36318,17.435513],[78.363181,17.435542],[78.363159,17.435556],[78.363185,17.435591]]]},"properties":{"id":"3cf0467d7e83","height":null,"num_floors":null,"render_height_m":19.2,"height_label":"assumed"}},{"type":"Feature","geometry":{"type":"Polygon","coordinates":[[[78.362701,17.435566],[78.362611,17.435618],[78.362555,17.43553],[78.362645,17.435478],[78.362701,17.435566]]]},"properties":{"id":"98b5d16d23f6","height":null,"num_floors":null,"render_height_m":9.6,"height_label":"assumed"}},{"type":"Feature","geometry":{"type":"Polygon","coordinates":[[[78.362752,17.43554],[78.362762,17.435574],[78.362725,17.435584],[78.362715,17.435549],[78.362752,17.43554]]]},"properties":{"id":"9c6958e43f70","height":null,"num_floors":null,"render_height_m":6.4,"height_label":"assumed"}},{"type":"Feature","geometry":{"type":"Polygon","coordinates":[[[78.362876,17.435348],[78.362873,17.43537],[78.362913,17.435374],[78.362911,17.435397],[78.362952,17.435402],[78.36294,17.435516],[78.362804,17.435502],[78.36277,17.435456],[78.362783,17.435339],[78.362876,17.435348]]]},"properties":{"id":"d5b2d28cf37e","height":null,"num_floors":null,"render_height_m":12.8,"height_label":"assumed"}},{"type":"Feature","geometry":{"type":"Polygon","coordinates":[[[78.36218,17.435898],[78.362202,17.435885],[78.36226,17.435973],[78.362238,17.435986],[78.36218,17.435898]]]},"properties":{"id":"2bba753677b5","height":null,"num_floors":null,"render_height_m":6.4,"height_label":"assumed"}},{"type":"Feature","geometry":{"type":"Polygon","coordinates":[[[78.363093,17.436224],[78.363155,17.436306],[78.36311,17.436338],[78.363048,17.436256],[78.363093,17.436224]]]},"properties":{"id":"b26d0f737ee8","height":null,"num_floors":null,"render_height_m":6.4,"height_label":"assumed"}},{"type":"Feature","geometry":{"type":"Polygon","coordinates":[[[78.363458,17.436641],[78.363424,17.436593],[78.363492,17.436548],[78.363526,17.436596],[78.363458,17.436641]]]},"properties":{"id":"09743280441d","height":null,"num_floors":null,"render_height_m":6.4,"height_label":"assumed"}},{"type":"Feature","geometry":{"type":"Polygon","coordinates":[[[78.363006,17.436815],[78.363317,17.437273],[78.363244,17.437319],[78.362933,17.436861],[78.363006,17.436815]]]},"properties":{"id":"2eb3185edd98","height":null,"num_floors":null,"render_height_m":12.8,"height_label":"assumed"}},{"type":"Feature","geometry":{"type":"Polygon","coordinates":[[[78.363088,17.43765],[78.363112,17.43765],[78.363136,17.437697],[78.363087,17.437676],[78.363088,17.43765]]]},"properties":{"id":"9d08ea18ee95","height":null,"num_floors":null,"render_height_m":6.4,"height_label":"assumed"}},{"type":"Feature","geometry":{"type":"Polygon","coordinates":[[[78.363556,17.437652],[78.363597,17.437633],[78.363623,17.437687],[78.363583,17.437705],[78.363556,17.437652]]]},"properties":{"id":"f7bfbb5c001e","height":null,"num_floors":null,"render_height_m":6.4,"height_label":"assumed"}},{"type":"Feature","geometry":{"type":"Polygon","coordinates":[[[78.364122,17.43745],[78.363999,17.437562],[78.363912,17.437475],[78.364035,17.437363],[78.364122,17.43745]]]},"properties":{"id":"13573f6a883c","height":null,"num_floors":null,"render_height_m":9.6,"height_label":"assumed"}},{"type":"Feature","geometry":{"type":"Polygon","coordinates":[[[78.363932,17.437499],[78.363954,17.437521],[78.363892,17.43758],[78.363869,17.437558],[78.363932,17.437499]]]},"properties":{"id":"1378207a674c","height":null,"num_floors":null,"render_height_m":6.4,"height_label":"assumed"}},{"type":"Feature","geometry":{"type":"Polygon","coordinates":[[[78.363706,17.437679],[78.363836,17.437599],[78.363872,17.437651],[78.363742,17.437731],[78.363706,17.437679]]]},"properties":{"id":"d1e1306ba50f","height":null,"num_floors":null,"render_height_m":9.6,"height_label":"assumed"}},{"type":"Feature","geometry":{"type":"Polygon","coordinates":[[[78.363705,17.437759],[78.363675,17.437713],[78.363707,17.437694],[78.363738,17.437739],[78.363705,17.437759]]]},"properties":{"id":"d1ff3a84a184","height":null,"num_floors":null,"render_height_m":6.4,"height_label":"assumed"}},{"type":"Feature","geometry":{"type":"Polygon","coordinates":[[[78.36301,17.438111],[78.363021,17.438141],[78.362975,17.438156],[78.362964,17.438126],[78.36301,17.438111]]]},"properties":{"id":"9dff0db8d989","height":null,"num_floors":null,"render_height_m":6.4,"height_label":"assumed"}},{"type":"Feature","geometry":{"type":"Polygon","coordinates":[[[78.362848,17.437959],[78.362865,17.437996],[78.362825,17.438012],[78.362809,17.437975],[78.362848,17.437959]]]},"properties":{"id":"29373927cbd7","height":null,"num_floors":null,"render_height_m":6.4,"height_label":"assumed"}},{"type":"Feature","geometry":{"type":"Polygon","coordinates":[[[78.362909,17.43818],[78.36294,17.438221],[78.362914,17.438239],[78.362884,17.438198],[78.362909,17.43818]]]},"properties":{"id":"2e23348ba6c5","height":null,"num_floors":null,"render_height_m":6.4,"height_label":"assumed"}},{"type":"Feature","geometry":{"type":"Polygon","coordinates":[[[78.362378,17.438089],[78.362214,17.437817],[78.362545,17.437636],[78.362708,17.437909],[78.362378,17.438089]]]},"properties":{"id":"78df920cbca3","height":null,"num_floors":null,"render_height_m":19.2,"height_label":"assumed"}},{"type":"Feature","geometry":{"type":"Polygon","coordinates":[[[78.362061,17.438198],[78.361995,17.438246],[78.361922,17.438156],[78.361988,17.438108],[78.362061,17.438198]]]},"properties":{"id":"285cf9f59459","height":null,"num_floors":null,"render_height_m":9.6,"height_label":"assumed"}},{"type":"Feature","geometry":{"type":"Polygon","coordinates":[[[78.361919,17.438299],[78.361851,17.438204],[78.361917,17.438161],[78.361985,17.438256],[78.361919,17.438299]]]},"properties":{"id":"880cfc41aa6c","height":null,"num_floors":null,"render_height_m":9.6,"height_label":"assumed"}},{"type":"Feature","geometry":{"type":"Polygon","coordinates":[[[78.36184,17.43818],[78.36177,17.438085],[78.361862,17.438023],[78.36187,17.438033],[78.361909,17.438007],[78.361932,17.438038],[78.361908,17.438054],[78.361922,17.438073],[78.361946,17.438057],[78.361971,17.438092],[78.36184,17.43818]]]},"properties":{"id":"5255abb0087d","height":null,"num_floors":null,"render_height_m":9.6,"height_label":"assumed"}},{"type":"Feature","geometry":{"type":"Polygon","coordinates":[[[78.362041,17.438002],[78.361953,17.437874],[78.362052,17.437812],[78.362141,17.43794],[78.362041,17.438002]]]},"properties":{"id":"088f31c1890d","height":null,"num_floors":null,"render_height_m":9.6,"height_label":"assumed"}},{"type":"Feature","geometry":{"type":"Polygon","coordinates":[[[78.361587,17.437794],[78.361613,17.437818],[78.361591,17.437841],[78.361565,17.437817],[78.361587,17.437794]]]},"properties":{"id":"8af2700f4946","height":null,"num_floors":null,"render_height_m":6.4,"height_label":"assumed"}},{"type":"Feature","geometry":{"type":"Polygon","coordinates":[[[78.36178,17.438352],[78.361648,17.438154],[78.361752,17.438092],[78.361883,17.438289],[78.36178,17.438352]]]},"properties":{"id":"b66b4a478d3f","height":null,"num_floors":null,"render_height_m":12.8,"height_label":"assumed"}},{"type":"Feature","geometry":{"type":"Polygon","coordinates":[[[78.361309,17.438047],[78.361351,17.438023],[78.361386,17.43808],[78.361345,17.438103],[78.361309,17.438047]]]},"properties":{"id":"fdb6dc26306d","height":null,"num_floors":null,"render_height_m":6.4,"height_label":"assumed"}},{"type":"Feature","geometry":{"type":"Polygon","coordinates":[[[78.361481,17.437711],[78.361437,17.437628],[78.361476,17.437609],[78.361521,17.437692],[78.361481,17.437711]]]},"properties":{"id":"727804b59fbf","height":null,"num_floors":null,"render_height_m":6.4,"height_label":"assumed"}},{"type":"Feature","geometry":{"type":"Polygon","coordinates":[[[78.361676,17.437828],[78.361542,17.437606],[78.362019,17.437344],[78.362153,17.437567],[78.361676,17.437828]]]},"properties":{"id":"71ee2230cb5c","height":null,"num_floors":null,"render_height_m":19.2,"height_label":"assumed"}},{"type":"Feature","geometry":{"type":"Polygon","coordinates":[[[78.362084,17.437003],[78.362002,17.437048],[78.36194,17.436946],[78.362022,17.4369],[78.362084,17.437003]]]},"properties":{"id":"7ba617704ba6","height":null,"num_floors":null,"render_height_m":9.6,"height_label":"assumed"}},{"type":"Feature","geometry":{"type":"Polygon","coordinates":[[[78.361925,17.436802],[78.361962,17.436785],[78.361986,17.436834],[78.361948,17.436851],[78.361925,17.436802]]]},"properties":{"id":"4c14eadd8c30","height":null,"num_floors":null,"render_height_m":6.4,"height_label":"assumed"}},{"type":"Feature","geometry":{"type":"Polygon","coordinates":[[[78.361408,17.436199],[78.361494,17.436145],[78.361677,17.436406],[78.361701,17.43639],[78.361761,17.436476],[78.361737,17.436492],[78.361936,17.436778],[78.361851,17.436833],[78.361408,17.436199]]]},"properties":{"id":"3e8396bab05e","height":null,"num_floors":null,"render_height_m":19.2,"height_label":"assumed"}},{"type":"Feature","geometry":{"type":"Polygon","coordinates":[[[78.361357,17.436223],[78.361806,17.436855],[78.361721,17.436911],[78.361272,17.436279],[78.361357,17.436223]]]},"properties":{"id":"1d9420e72a30","height":null,"num_floors":null,"render_height_m":19.2,"height_label":"assumed"}},{"type":"Feature","geometry":{"type":"Polygon","coordinates":[[[78.360799,17.437044],[78.360827,17.437054],[78.360816,17.437085],[78.360787,17.437075],[78.360799,17.437044]]]},"properties":{"id":"ed2b10d34714","height":null,"num_floors":null,"render_height_m":6.4,"height_label":"assumed"}},{"type":"Feature","geometry":{"type":"Polygon","coordinates":[[[78.360709,17.436809],[78.360664,17.436845],[78.360641,17.436818],[78.360685,17.436782],[78.360709,17.436809]]]},"properties":{"id":"8f3a0d36dca2","height":null,"num_floors":null,"render_height_m":6.4,"height_label":"assumed"}},{"type":"Feature","geometry":{"type":"Polygon","coordinates":[[[78.36057,17.436647],[78.360685,17.436783],[78.360638,17.436819],[78.360524,17.436683],[78.36057,17.436647]]]},"properties":{"id":"2b1ad8ca30bf","height":null,"num_floors":null,"render_height_m":9.6,"height_label":"assumed"}},{"type":"Feature","geometry":{"type":"Polygon","coordinates":[[[78.360795,17.436654],[78.360771,17.43662],[78.360906,17.436532],[78.360954,17.436598],[78.360987,17.4366],[78.361018,17.436629],[78.361033,17.436672],[78.361022,17.43669],[78.361075,17.436764],[78.361066,17.43677],[78.361118,17.436843],[78.361141,17.436828],[78.3612,17.436911],[78.361092,17.436982],[78.361101,17.436995],[78.361037,17.437036],[78.36099,17.436969],[78.361004,17.436959],[78.360891,17.4368],[78.360884,17.436805],[78.360782,17.436662],[78.360795,17.436654]]]},"properties":{"id":"2dc4ad5815c3","height":null,"num_floors":null,"render_height_m":19.2,"height_label":"assumed"}},{"type":"Feature","geometry":{"type":"Polygon","coordinates":[[[78.360536,17.436559],[78.360581,17.436614],[78.360557,17.436632],[78.360512,17.436576],[78.360536,17.436559]]]},"properties":{"id":"3500a28f42fd","height":null,"num_floors":null,"render_height_m":6.4,"height_label":"assumed"}},{"type":"Feature","geometry":{"type":"Polygon","coordinates":[[[78.360322,17.436896],[78.360357,17.4369],[78.360353,17.436935],[78.360318,17.436932],[78.360322,17.436896]]]},"properties":{"id":"5d2a154adc9d","height":null,"num_floors":null,"render_height_m":6.4,"height_label":"assumed"}},{"type":"Feature","geometry":{"type":"Polygon","coordinates":[[[78.3604,17.43707],[78.360464,17.4371],[78.360436,17.437156],[78.360372,17.437126],[78.3604,17.43707]]]},"properties":{"id":"1f01c9813bbe","height":null,"num_floors":null,"render_height_m":6.4,"height_label":"assumed"}},{"type":"Feature","geometry":{"type":"Polygon","coordinates":[[[78.360219,17.437297],[78.360191,17.437292],[78.360181,17.437337],[78.360148,17.437361],[78.360131,17.437331],[78.360134,17.437282],[78.36012,17.437278],[78.360121,17.437241],[78.36007,17.437248],[78.360095,17.437288],[78.360006,17.437342],[78.359997,17.437326],[78.359977,17.437328],[78.359971,17.437316],[78.359983,17.437311],[78.359954,17.437272],[78.359928,17.437273],[78.359923,17.437257],[78.35994,17.437253],[78.359924,17.437223],[78.360042,17.437174],[78.360056,17.437222],[78.36012,17.437212],[78.360116,17.437158],[78.360179,17.437162],[78.360182,17.437108],[78.360131,17.437109],[78.360125,17.437093],[78.360117,17.437092],[78.360113,17.437077],[78.360125,17.437069],[78.360126,17.437056],[78.360041,17.437063],[78.360031,17.437003],[78.360097,17.436994],[78.360105,17.437034],[78.360151,17.437029],[78.360155,17.436984],[78.36019,17.436986],[78.360189,17.436946],[78.360144,17.436942],[78.360142,17.436888],[78.360296,17.436902],[78.36029,17.43696],[78.360246,17.436956],[78.36024,17.436992],[78.360285,17.436995],[78.360267,17.43705],[78.360311,17.437068],[78.360329,17.43703],[78.360394,17.437061],[78.360366,17.437114],[78.360283,17.437081],[78.360279,17.437093],[78.360291,17.437103],[78.36029,17.437113],[78.360269,17.437117],[78.360268,17.437125],[78.360217,17.437116],[78.36021,17.437171],[78.360262,17.437177],[78.360242,17.437227],[78.3603,17.437258],[78.360342,17.43723],[78.360375,17.437259],[78.360369,17.437264],[78.360394,17.437292],[78.360403,17.437285],[78.360429,17.437314],[78.360413,17.437323],[78.360422,17.437336],[78.360398,17.437351],[78.360392,17.437342],[78.360347,17.437369],[78.360353,17.437378],[78.360335,17.437389],[78.360329,17.43738],[78.360318,17.437387],[78.360247,17.437312],[78.360283,17.43728],[78.360233,17.437256],[78.360219,17.437297]]]},"properties":{"id":"e17d1c0d7d88","height":null,"num_floors":null,"render_height_m":19.2,"height_label":"assumed"}},{"type":"Feature","geometry":{"type":"Polygon","coordinates":[[[78.360704,17.438985],[78.360727,17.438963],[78.360803,17.439039],[78.36078,17.43906],[78.360704,17.438985]]]},"properties":{"id":"9d12868295c7","height":null,"num_floors":null,"render_height_m":6.4,"height_label":"assumed"}},{"type":"Feature","geometry":{"type":"Polygon","coordinates":[[[78.360885,17.439151],[78.360719,17.439263],[78.360687,17.43922],[78.360853,17.439107],[78.360885,17.439151]]]},"properties":{"id":"951eeaec2ce7","height":null,"num_floors":null,"render_height_m":9.6,"height_label":"assumed"}},{"type":"Feature","geometry":{"type":"Polygon","coordinates":[[[78.360834,17.43912],[78.360707,17.439206],[78.360672,17.439159],[78.360799,17.439073],[78.360834,17.43912]]]},"properties":{"id":"ac8f085f2f33","height":null,"num_floors":null,"render_height_m":9.6,"height_label":"assumed"}},{"type":"Feature","geometry":{"type":"Polygon","coordinates":[[[78.360375,17.439192],[78.360389,17.439222],[78.360342,17.439243],[78.360327,17.439213],[78.360375,17.439192]]]},"properties":{"id":"32649f6e4cb1","height":null,"num_floors":null,"render_height_m":6.4,"height_label":"assumed"}},{"type":"Feature","geometry":{"type":"Polygon","coordinates":[[[78.360546,17.43912],[78.360595,17.439185],[78.360556,17.439212],[78.360507,17.439147],[78.360546,17.43912]]]},"properties":{"id":"6c5e231115e4","height":null,"num_floors":null,"render_height_m":6.4,"height_label":"assumed"}},{"type":"Feature","geometry":{"type":"Polygon","coordinates":[[[78.360518,17.439076],[78.360535,17.439101],[78.360493,17.439128],[78.360475,17.439104],[78.360518,17.439076]]]},"properties":{"id":"021d0764b969","height":null,"num_floors":null,"render_height_m":6.4,"height_label":"assumed"}},{"type":"Feature","geometry":{"type":"Polygon","coordinates":[[[78.360446,17.43964],[78.360478,17.439685],[78.360362,17.439761],[78.36033,17.439716],[78.360446,17.43964]]]},"properties":{"id":"6456bc4679b9","height":null,"num_floors":null,"render_height_m":9.6,"height_label":"assumed"}},{"type":"Feature","geometry":{"type":"Polygon","coordinates":[[[78.360486,17.439702],[78.360533,17.43976],[78.360331,17.439912],[78.360284,17.439854],[78.360486,17.439702]]]},"properties":{"id":"d59e7ed37f2e","height":null,"num_floors":null,"render_height_m":9.6,"height_label":"assumed"}},{"type":"Feature","geometry":{"type":"Polygon","coordinates":[[[78.360316,17.439723],[78.360364,17.439786],[78.36024,17.439873],[78.360192,17.43981],[78.360316,17.439723]]]},"properties":{"id":"42c0ba275662","height":null,"num_floors":null,"render_height_m":9.6,"height_label":"assumed"}},{"type":"Feature","geometry":{"type":"Polygon","coordinates":[[[78.359996,17.440422],[78.360034,17.440133],[78.360404,17.440474],[78.360128,17.44062],[78.359996,17.440422]]]},"properties":{"id":"3d2301745841","height":null,"num_floors":null,"render_height_m":19.2,"height_label":"assumed"}},{"type":"Feature","geometry":{"type":"Polygon","coordinates":[[[78.360399,17.440383],[78.360428,17.440404],[78.360425,17.440422],[78.360392,17.440416],[78.360399,17.440383]]]},"properties":{"id":"ce44d97c0726","height":null,"num_floors":null,"render_height_m":6.4,"height_label":"assumed"}},{"type":"Feature","geometry":{"type":"Polygon","coordinates":[[[78.360604,17.439769],[78.360883,17.440016],[78.360667,17.440241],[78.360388,17.439994],[78.360604,17.439769]]]},"properties":{"id":"bbd7d7103511","height":null,"num_floors":null,"render_height_m":19.2,"height_label":"assumed"}},{"type":"Feature","geometry":{"type":"Polygon","coordinates":[[[78.360941,17.44025],[78.360959,17.440293],[78.360915,17.44031],[78.360897,17.440267],[78.360941,17.44025]]]},"properties":{"id":"d56438beed56","height":null,"num_floors":null,"render_height_m":6.4,"height_label":"assumed"}},{"type":"Feature","geometry":{"type":"Polygon","coordinates":[[[78.360896,17.440284],[78.360794,17.440352],[78.36076,17.440307],[78.360862,17.440238],[78.360896,17.440284]]]},"properties":{"id":"6e8e3beb5397","height":null,"num_floors":null,"render_height_m":9.6,"height_label":"assumed"}},{"type":"Feature","geometry":{"type":"Polygon","coordinates":[[[78.361052,17.439771],[78.361067,17.439806],[78.361015,17.439826],[78.361001,17.439791],[78.361052,17.439771]]]},"properties":{"id":"578df0ca48b2","height":null,"num_floors":null,"render_height_m":6.4,"height_label":"assumed"}},{"type":"Feature","geometry":{"type":"Polygon","coordinates":[[[78.360959,17.439811],[78.360917,17.439758],[78.360962,17.439726],[78.361004,17.439779],[78.360959,17.439811]]]},"properties":{"id":"38045f4d4385","height":null,"num_floors":null,"render_height_m":6.4,"height_label":"assumed"}},{"type":"Feature","geometry":{"type":"Polygon","coordinates":[[[78.360637,17.439761],[78.360524,17.439592],[78.36055,17.439577],[78.360569,17.439606],[78.360598,17.439589],[78.360592,17.43958],[78.360631,17.439556],[78.36073,17.439705],[78.360637,17.439761]]]},"properties":{"id":"2fae44e7c354","height":null,"num_floors":null,"render_height_m":9.6,"height_label":"assumed"}},{"type":"Feature","geometry":{"type":"Polygon","coordinates":[[[78.360848,17.439533],[78.360798,17.439565],[78.360715,17.43945],[78.360765,17.439418],[78.360848,17.439533]]]},"properties":{"id":"ff631c9a5a43","height":null,"num_floors":null,"render_height_m":9.6,"height_label":"assumed"}},{"type":"Feature","geometry":{"type":"Polygon","coordinates":[[[78.361585,17.439714],[78.361521,17.43975],[78.361495,17.439707],[78.361558,17.439671],[78.361585,17.439714]]]},"properties":{"id":"b1f9446ae126","height":null,"num_floors":null,"render_height_m":6.4,"height_label":"assumed"}},{"type":"Feature","geometry":{"type":"Polygon","coordinates":[[[78.361576,17.439799],[78.361585,17.439819],[78.361531,17.439841],[78.361522,17.439822],[78.361576,17.439799]]]},"properties":{"id":"5fc7fc89291d","height":null,"num_floors":null,"render_height_m":6.4,"height_label":"assumed"}},{"type":"Feature","geometry":{"type":"Polygon","coordinates":[[[78.361272,17.439791],[78.361311,17.439817],[78.361298,17.439835],[78.361259,17.439808],[78.361272,17.439791]]]},"properties":{"id":"6c6ca4ebae54","height":null,"num_floors":null,"render_height_m":6.4,"height_label":"assumed"}},{"type":"Feature","geometry":{"type":"Polygon","coordinates":[[[78.361091,17.439857],[78.36106,17.439818],[78.361105,17.439785],[78.361136,17.439824],[78.361091,17.439857]]]},"properties":{"id":"df38df1b7fdf","height":null,"num_floors":null,"render_height_m":6.4,"height_label":"assumed"}},{"type":"Feature","geometry":{"type":"Polygon","coordinates":[[[78.361197,17.440031],[78.361251,17.440144],[78.361233,17.440152],[78.361225,17.440134],[78.361133,17.440174],[78.361088,17.440079],[78.361197,17.440031]]]},"properties":{"id":"5cdcb0c3022f","height":null,"num_floors":null,"render_height_m":9.6,"height_label":"assumed"}},{"type":"Feature","geometry":{"type":"Polygon","coordinates":[[[78.361819,17.440483],[78.361745,17.440372],[78.36202,17.440203],[78.362095,17.440313],[78.361819,17.440483]]]},"properties":{"id":"361a35e68c7d","height":null,"num_floors":null,"render_height_m":12.8,"height_label":"assumed"}},{"type":"Feature","geometry":{"type":"Polygon","coordinates":[[[78.361953,17.440115],[78.361999,17.440112],[78.362001,17.440132],[78.361955,17.440136],[78.361953,17.440115]]]},"properties":{"id":"94c6890481f2","height":null,"num_floors":null,"render_height_m":6.4,"height_label":"assumed"}},{"type":"Feature","geometry":{"type":"Polygon","coordinates":[[[78.361711,17.439549],[78.361798,17.439674],[78.361728,17.439719],[78.361641,17.439594],[78.361711,17.439549]]]},"properties":{"id":"1f22ee0934b7","height":null,"num_floors":null,"render_height_m":9.6,"height_label":"assumed"}},{"type":"Feature","geometry":{"type":"Polygon","coordinates":[[[78.361698,17.43945],[78.361842,17.439353],[78.361945,17.439493],[78.361801,17.439589],[78.361698,17.43945]]]},"properties":{"id":"c4448605f3a9","height":null,"num_floors":null,"render_height_m":12.8,"height_label":"assumed"}},{"type":"Feature","geometry":{"type":"Polygon","coordinates":[[[78.362103,17.439434],[78.362057,17.439463],[78.362011,17.439398],[78.362057,17.439369],[78.362103,17.439434]]]},"properties":{"id":"394e07fd24a8","height":null,"num_floors":null,"render_height_m":6.4,"height_label":"assumed"}},{"type":"Feature","geometry":{"type":"Polygon","coordinates":[[[78.361946,17.439172],[78.361875,17.43922],[78.36179,17.439104],[78.361862,17.439057],[78.361946,17.439172]]]},"properties":{"id":"dc2e56023c03","height":null,"num_floors":null,"render_height_m":9.6,"height_label":"assumed"}},{"type":"Feature","geometry":{"type":"Polygon","coordinates":[[[78.362106,17.438933],[78.362041,17.438977],[78.361946,17.438849],[78.362011,17.438805],[78.362106,17.438933]]]},"properties":{"id":"f11e9613266c","height":null,"num_floors":null,"render_height_m":9.6,"height_label":"assumed"}},{"type":"Feature","geometry":{"type":"Polygon","coordinates":[[[78.361798,17.438842],[78.361702,17.438909],[78.361632,17.438819],[78.361728,17.438752],[78.361798,17.438842]]]},"properties":{"id":"42ee4bb801d6","height":null,"num_floors":null,"render_height_m":9.6,"height_label":"assumed"}},{"type":"Feature","geometry":{"type":"Polygon","coordinates":[[[78.361516,17.439187],[78.36147,17.439126],[78.3616,17.439035],[78.361689,17.439152],[78.361602,17.439212],[78.361609,17.439221],[78.361559,17.439255],[78.361511,17.439191],[78.361516,17.439187]]]},"properties":{"id":"f474084c18f6","height":null,"num_floors":null,"render_height_m":12.8,"height_label":"assumed"}},{"type":"Feature","geometry":{"type":"Polygon","coordinates":[[[78.361462,17.439166],[78.361628,17.439394],[78.36153,17.439459],[78.361364,17.439231],[78.361462,17.439166]]]},"properties":{"id":"759230eb459e","height":null,"num_floors":null,"render_height_m":12.8,"height_label":"assumed"}},{"type":"Feature","geometry":{"type":"Polygon","coordinates":[[[78.361199,17.439038],[78.361323,17.438951],[78.361418,17.439074],[78.361294,17.439161],[78.361199,17.439038]]]},"properties":{"id":"b1f3e73b601f","height":null,"num_floors":null,"render_height_m":12.8,"height_label":"assumed"}},{"type":"Feature","geometry":{"type":"Polygon","coordinates":[[[78.361244,17.438969],[78.361181,17.438882],[78.361244,17.43884],[78.361307,17.438927],[78.361244,17.438969]]]},"properties":{"id":"77775907eb9f","height":null,"num_floors":null,"render_height_m":9.6,"height_label":"assumed"}},{"type":"Feature","geometry":{"type":"Polygon","coordinates":[[[78.36137,17.43888],[78.361401,17.438872],[78.361411,17.438904],[78.361379,17.438913],[78.36137,17.43888]]]},"properties":{"id":"1c1f98193982","height":null,"num_floors":null,"render_height_m":6.4,"height_label":"assumed"}},{"type":"Feature","geometry":{"type":"Polygon","coordinates":[[[78.361439,17.438904],[78.361535,17.439035],[78.361468,17.43908],[78.361372,17.438949],[78.361439,17.438904]]]},"properties":{"id":"76f50e86a18c","height":null,"num_floors":null,"render_height_m":9.6,"height_label":"assumed"}},{"type":"Feature","geometry":{"type":"Polygon","coordinates":[[[78.361625,17.438619],[78.361496,17.438703],[78.361448,17.438637],[78.361577,17.438552],[78.361625,17.438619]]]},"properties":{"id":"84be140d3509","height":null,"num_floors":null,"render_height_m":9.6,"height_label":"assumed"}},{"type":"Feature","geometry":{"type":"Polygon","coordinates":[[[78.361094,17.43854],[78.361183,17.438479],[78.361288,17.43862],[78.361067,17.43877],[78.360962,17.438629],[78.36105,17.43857],[78.361083,17.438614],[78.361127,17.438585],[78.361094,17.43854]]]},"properties":{"id":"11db749e8424","height":null,"num_floors":null,"render_height_m":12.8,"height_label":"assumed"}},{"type":"Feature","geometry":{"type":"Polygon","coordinates":[[[78.361138,17.438418],[78.361076,17.438456],[78.361043,17.438407],[78.361105,17.438369],[78.361138,17.438418]]]},"properties":{"id":"a9fb3440649c","height":null,"num_floors":null,"render_height_m":6.4,"height_label":"assumed"}},{"type":"Feature","geometry":{"type":"Polygon","coordinates":[[[78.361386,17.4383],[78.361288,17.438355],[78.361251,17.438293],[78.361349,17.438239],[78.361386,17.4383]]]},"properties":{"id":"725b9c8110c6","height":null,"num_floors":null,"render_height_m":9.6,"height_label":"assumed"}},{"type":"Feature","geometry":{"type":"Polygon","coordinates":[[[78.361498,17.438395],[78.361428,17.438295],[78.36157,17.438205],[78.361639,17.438305],[78.361498,17.438395]]]},"properties":{"id":"1f9abdadea08","height":null,"num_floors":null,"render_height_m":9.6,"height_label":"assumed"}},{"type":"Feature","geometry":{"type":"Polygon","coordinates":[[[78.361632,17.438563],[78.361748,17.438488],[78.361818,17.438587],[78.361703,17.438662],[78.361632,17.438563]]]},"properties":{"id":"7f3cfbee3f0d","height":null,"num_floors":null,"render_height_m":9.6,"height_label":"assumed"}},{"type":"Feature","geometry":{"type":"Polygon","coordinates":[[[78.361948,17.438616],[78.361981,17.438609],[78.361988,17.438637],[78.361955,17.438644],[78.361948,17.438616]]]},"properties":{"id":"76968c3f637e","height":null,"num_floors":null,"render_height_m":6.4,"height_label":"assumed"}},{"type":"Feature","geometry":{"type":"Polygon","coordinates":[[[78.362071,17.438522],[78.361994,17.438571],[78.3619,17.438437],[78.361977,17.438388],[78.362071,17.438522]]]},"properties":{"id":"63a0239bb930","height":null,"num_floors":null,"render_height_m":9.6,"height_label":"assumed"}},{"type":"Feature","geometry":{"type":"Polygon","coordinates":[[[78.362157,17.438421],[78.362055,17.43828],[78.362085,17.43826],[78.362187,17.438401],[78.362157,17.438421]]]},"properties":{"id":"f85a5eaca79d","height":null,"num_floors":null,"render_height_m":6.4,"height_label":"assumed"}},{"type":"Feature","geometry":{"type":"Polygon","coordinates":[[[78.362321,17.438782],[78.362383,17.438863],[78.36234,17.438894],[78.362278,17.438812],[78.362321,17.438782]]]},"properties":{"id":"57f69566af43","height":null,"num_floors":null,"render_height_m":6.4,"height_label":"assumed"}},{"type":"Feature","geometry":{"type":"Polygon","coordinates":[[[78.36218,17.439071],[78.362073,17.439147],[78.361998,17.439051],[78.362106,17.438975],[78.36218,17.439071]]]},"properties":{"id":"5e933b45b84b","height":null,"num_floors":null,"render_height_m":9.6,"height_label":"assumed"}},{"type":"Feature","geometry":{"type":"Polygon","coordinates":[[[78.362309,17.439269],[78.3622,17.439348],[78.362096,17.439209],[78.362207,17.439134],[78.362309,17.439269]]]},"properties":{"id":"aeb2b412b560","height":null,"num_floors":null,"render_height_m":12.8,"height_label":"assumed"}},{"type":"Feature","geometry":{"type":"Polygon","coordinates":[[[78.362437,17.439282],[78.362471,17.439315],[78.362448,17.439337],[78.362414,17.439304],[78.362437,17.439282]]]},"properties":{"id":"19136db0419d","height":null,"num_floors":null,"render_height_m":6.4,"height_label":"assumed"}},{"type":"Feature","geometry":{"type":"Polygon","coordinates":[[[78.362415,17.439228],[78.362435,17.439251],[78.362404,17.439275],[78.362384,17.439252],[78.362415,17.439228]]]},"properties":{"id":"87d9b2d9450a","height":null,"num_floors":null,"render_height_m":6.4,"height_label":"assumed"}},{"type":"Feature","geometry":{"type":"Polygon","coordinates":[[[78.362499,17.439206],[78.36254,17.43926],[78.362476,17.439304],[78.362436,17.43925],[78.362499,17.439206]]]},"properties":{"id":"edc2e99dd0f4","height":null,"num_floors":null,"render_height_m":6.4,"height_label":"assumed"}},{"type":"Feature","geometry":{"type":"Polygon","coordinates":[[[78.362423,17.438859],[78.362506,17.438979],[78.362462,17.439007],[78.362379,17.438887],[78.362423,17.438859]]]},"properties":{"id":"dcd759b22b62","height":null,"num_floors":null,"render_height_m":9.6,"height_label":"assumed"}},{"type":"Feature","geometry":{"type":"Polygon","coordinates":[[[78.363202,17.438704],[78.362978,17.438865],[78.36284,17.438692],[78.363064,17.43853],[78.363202,17.438704]]]},"properties":{"id":"cdefa0eff9e5","height":null,"num_floors":null,"render_height_m":12.8,"height_label":"assumed"}},{"type":"Feature","geometry":{"type":"Polygon","coordinates":[[[78.363063,17.438517],[78.362835,17.438681],[78.362726,17.438543],[78.362954,17.438379],[78.363063,17.438517]]]},"properties":{"id":"cb1d74576794","height":null,"num_floors":null,"render_height_m":12.8,"height_label":"assumed"}},{"type":"Feature","geometry":{"type":"Polygon","coordinates":[[[78.362775,17.438147],[78.362873,17.438279],[78.362723,17.438382],[78.362724,17.438384],[78.362627,17.438451],[78.362602,17.438418],[78.362396,17.43856],[78.362321,17.43846],[78.362775,17.438147]]]},"properties":{"id":"54df8e0d4927","height":null,"num_floors":null,"render_height_m":19.2,"height_label":"assumed"}},{"type":"Feature","geometry":{"type":"Polygon","coordinates":[[[78.363114,17.438273],[78.363045,17.438318],[78.362966,17.438207],[78.363036,17.438162],[78.363114,17.438273]]]},"properties":{"id":"bafca4b42f15","height":null,"num_floors":null,"render_height_m":9.6,"height_label":"assumed"}},{"type":"Feature","geometry":{"type":"Polygon","coordinates":[[[78.363458,17.439301],[78.363375,17.439357],[78.363307,17.439265],[78.36339,17.439209],[78.363458,17.439301]]]},"properties":{"id":"bc56a1d86d14","height":null,"num_floors":null,"render_height_m":9.6,"height_label":"assumed"}},{"type":"Feature","geometry":{"type":"Polygon","coordinates":[[[78.363369,17.439397],[78.363165,17.439527],[78.363087,17.439416],[78.363291,17.439286],[78.363369,17.439397]]]},"properties":{"id":"188fb6a2d98a","height":null,"num_floors":null,"render_height_m":12.8,"height_label":"assumed"}},{"type":"Feature","geometry":{"type":"Polygon","coordinates":[[[78.36318,17.439679],[78.363114,17.439591],[78.36321,17.439526],[78.363276,17.439614],[78.36318,17.439679]]]},"properties":{"id":"3afe800cb345","height":null,"num_floors":null,"render_height_m":9.6,"height_label":"assumed"}},{"type":"Feature","geometry":{"type":"Polygon","coordinates":[[[78.363266,17.439808],[78.363145,17.439882],[78.363067,17.439765],[78.363189,17.439691],[78.363266,17.439808]]]},"properties":{"id":"d789ffadcb5b","height":null,"num_floors":null,"render_height_m":9.6,"height_label":"assumed"}},{"type":"Feature","geometry":{"type":"Polygon","coordinates":[[[78.363278,17.439748],[78.36331,17.439729],[78.363344,17.439781],[78.363312,17.4398],[78.363278,17.439748]]]},"properties":{"id":"a6cb3de41d6c","height":null,"num_floors":null,"render_height_m":6.4,"height_label":"assumed"}},{"type":"Feature","geometry":{"type":"Polygon","coordinates":[[[78.363536,17.43941],[78.363456,17.439464],[78.363405,17.439394],[78.363485,17.43934],[78.363536,17.43941]]]},"properties":{"id":"41a7a6762e2d","height":null,"num_floors":null,"render_height_m":9.6,"height_label":"assumed"}},{"type":"Feature","geometry":{"type":"Polygon","coordinates":[[[78.364114,17.439511],[78.363972,17.439511],[78.363972,17.43936],[78.364114,17.43936],[78.364114,17.439511]]]},"properties":{"id":"91d36c648f3f","height":null,"num_floors":null,"render_height_m":12.8,"height_label":"assumed"}},{"type":"Feature","geometry":{"type":"Polygon","coordinates":[[[78.364078,17.439818],[78.363968,17.439818],[78.363968,17.43973],[78.364078,17.43973],[78.364078,17.439818]]]},"properties":{"id":"da03d598de89","height":null,"num_floors":null,"render_height_m":9.6,"height_label":"assumed"}},{"type":"Feature","geometry":{"type":"Polygon","coordinates":[[[78.363906,17.439953],[78.363835,17.439981],[78.363791,17.439899],[78.363777,17.439836],[78.363852,17.439829],[78.363906,17.439953]]]},"properties":{"id":"9f4b4c5087b1","height":null,"num_floors":null,"render_height_m":9.6,"height_label":"assumed"}},{"type":"Feature","geometry":{"type":"Polygon","coordinates":[[[78.363802,17.439938],[78.363684,17.439975],[78.363725,17.439864],[78.363767,17.439855],[78.363802,17.439938]]]},"properties":{"id":"53635be79639","height":null,"num_floors":null,"render_height_m":9.6,"height_label":"assumed"}},{"type":"Feature","geometry":{"type":"Polygon","coordinates":[[[78.36386,17.439771],[78.363759,17.439768],[78.363794,17.43969],[78.363862,17.439692],[78.36386,17.439771]]]},"properties":{"id":"5251571cb80f","height":null,"num_floors":null,"render_height_m":6.4,"height_label":"assumed"}},{"type":"Feature","geometry":{"type":"Polygon","coordinates":[[[78.363944,17.440247],[78.363778,17.440291],[78.363716,17.440082],[78.363852,17.440045],[78.363885,17.440157],[78.363915,17.440149],[78.363944,17.440247]]]},"properties":{"id":"c886479cfff9","height":null,"num_floors":null,"render_height_m":12.8,"height_label":"assumed"}},{"type":"Feature","geometry":{"type":"Polygon","coordinates":[[[78.363827,17.440034],[78.3637,17.440071],[78.363676,17.439992],[78.363802,17.439956],[78.363827,17.440034]]]},"properties":{"id":"0ea56bd4d933","height":null,"num_floors":null,"render_height_m":9.6,"height_label":"assumed"}},{"type":"Feature","geometry":{"type":"Polygon","coordinates":[[[78.363964,17.44],[78.363961,17.440115],[78.363877,17.440113],[78.363879,17.439998],[78.363964,17.44]]]},"properties":{"id":"c65a543bf77e","height":null,"num_floors":null,"render_height_m":9.6,"height_label":"assumed"}},{"type":"Feature","geometry":{"type":"Polygon","coordinates":[[[78.36408,17.440132],[78.363972,17.440129],[78.363975,17.440002],[78.364084,17.440005],[78.36408,17.440132]]]},"properties":{"id":"5ad76222e3bd","height":null,"num_floors":null,"render_height_m":9.6,"height_label":"assumed"}},{"type":"Feature","geometry":{"type":"Polygon","coordinates":[[[78.364108,17.44025],[78.364064,17.44025],[78.364064,17.440151],[78.364108,17.440151],[78.364108,17.44025]]]},"properties":{"id":"b78d72bdbdc4","height":null,"num_floors":null,"render_height_m":6.4,"height_label":"assumed"}},{"type":"Feature","geometry":{"type":"Polygon","coordinates":[[[78.364046,17.440267],[78.363967,17.440271],[78.363962,17.440159],[78.364041,17.440155],[78.364046,17.440267]]]},"properties":{"id":"24677d8a11b8","height":null,"num_floors":null,"render_height_m":9.6,"height_label":"assumed"}},{"type":"Feature","geometry":{"type":"Polygon","coordinates":[[[78.364072,17.440437],[78.364111,17.440434],[78.364114,17.440478],[78.364075,17.44048],[78.364072,17.440437]]]},"properties":{"id":"f7bb88c0618d","height":null,"num_floors":null,"render_height_m":6.4,"height_label":"assumed"}},{"type":"Feature","geometry":{"type":"Polygon","coordinates":[[[78.36371,17.44055],[78.363592,17.440585],[78.363532,17.4404],[78.36365,17.440365],[78.36371,17.44055]]]},"properties":{"id":"ec15a6bebbe3","height":null,"num_floors":null,"render_height_m":12.8,"height_label":"assumed"}},{"type":"Feature","geometry":{"type":"Polygon","coordinates":[[[78.363333,17.439946],[78.363377,17.439949],[78.363375,17.439978],[78.363331,17.439975],[78.363333,17.439946]]]},"properties":{"id":"00d84afbc422","height":null,"num_floors":null,"render_height_m":6.4,"height_label":"assumed"}},{"type":"Feature","geometry":{"type":"Polygon","coordinates":[[[78.363232,17.439978],[78.363325,17.439995],[78.363292,17.440159],[78.363199,17.440143],[78.363232,17.439978]]]},"properties":{"id":"5b176948ecd3","height":null,"num_floors":null,"render_height_m":9.6,"height_label":"assumed"}},{"type":"Feature","geometry":{"type":"Polygon","coordinates":[[[78.363095,17.439981],[78.363152,17.439987],[78.363144,17.440057],[78.363179,17.440061],[78.363174,17.440103],[78.363082,17.440094],[78.363095,17.439981]]]},"properties":{"id":"d02f9432afd0","height":null,"num_floors":null,"render_height_m":9.6,"height_label":"assumed"}},{"type":"Feature","geometry":{"type":"Polygon","coordinates":[[[78.363121,17.440113],[78.363249,17.440162],[78.36323,17.440208],[78.363102,17.440158],[78.363121,17.440113]]]},"properties":{"id":"08aee35b20ae","height":null,"num_floors":null,"render_height_m":6.4,"height_label":"assumed"}},{"type":"Feature","geometry":{"type":"Polygon","coordinates":[[[78.363047,17.440084],[78.363121,17.440113],[78.363102,17.440158],[78.36323,17.440208],[78.363217,17.440238],[78.363016,17.440159],[78.363047,17.440084]]]},"properties":{"id":"d40b9267088e","height":null,"num_floors":null,"render_height_m":9.6,"height_label":"assumed"}},{"type":"Feature","geometry":{"type":"Polygon","coordinates":[[[78.36305,17.440345],[78.363098,17.440364],[78.363069,17.440433],[78.363021,17.440414],[78.36305,17.440345]]]},"properties":{"id":"0f426a067795","height":null,"num_floors":null,"render_height_m":6.4,"height_label":"assumed"}},{"type":"Feature","geometry":{"type":"Polygon","coordinates":[[[78.362922,17.440388],[78.362798,17.440387],[78.362791,17.440273],[78.362928,17.440279],[78.362922,17.440388]]]},"properties":{"id":"3e02d19cbcba","height":null,"num_floors":null,"render_height_m":9.6,"height_label":"assumed"}},{"type":"Feature","geometry":{"type":"Polygon","coordinates":[[[78.362649,17.440437],[78.3626,17.440362],[78.362692,17.440307],[78.362741,17.440382],[78.362649,17.440437]]]},"properties":{"id":"233643ec8646","height":null,"num_floors":null,"render_height_m":9.6,"height_label":"assumed"}},{"type":"Feature","geometry":{"type":"Polygon","coordinates":[[[78.36256,17.440299],[78.362521,17.440241],[78.362631,17.440173],[78.36267,17.440232],[78.36256,17.440299]]]},"properties":{"id":"aa25a7d26efd","height":null,"num_floors":null,"render_height_m":9.6,"height_label":"assumed"}},{"type":"Feature","geometry":{"type":"Polygon","coordinates":[[[78.36287,17.440243],[78.362756,17.440238],[78.36276,17.440142],[78.362874,17.440146],[78.36287,17.440243]]]},"properties":{"id":"9cd34449d9b6","height":null,"num_floors":null,"render_height_m":9.6,"height_label":"assumed"}},{"type":"Feature","geometry":{"type":"Polygon","coordinates":[[[78.3629,17.440115],[78.362789,17.44011],[78.362792,17.440035],[78.362904,17.440039],[78.3629,17.440115]]]},"properties":{"id":"fe76c7a9eb68","height":null,"num_floors":null,"render_height_m":9.6,"height_label":"assumed"}},{"type":"Feature","geometry":{"type":"Polygon","coordinates":[[[78.362996,17.439928],[78.363041,17.439926],[78.363044,17.439988],[78.363049,17.439987],[78.363052,17.440044],[78.363001,17.440046],[78.362996,17.439928]]]},"properties":{"id":"496d70368e59","height":null,"num_floors":null,"render_height_m":6.4,"height_label":"assumed"}},{"type":"Feature","geometry":{"type":"Polygon","coordinates":[[[78.363141,17.439897],[78.363001,17.439902],[78.363009,17.439788],[78.363072,17.439792],[78.363141,17.439897]]]},"properties":{"id":"16ff1c2c6f7b","height":null,"num_floors":null,"render_height_m":9.6,"height_label":"assumed"}},{"type":"Feature","geometry":{"type":"Polygon","coordinates":[[[78.362906,17.439885],[78.36278,17.439877],[78.362788,17.439763],[78.362914,17.439771],[78.362906,17.439885]]]},"properties":{"id":"ad31153e4956","height":null,"num_floors":null,"render_height_m":9.6,"height_label":"assumed"}},{"type":"Feature","geometry":{"type":"Polygon","coordinates":[[[78.363036,17.439751],[78.362965,17.439789],[78.362921,17.439716],[78.362992,17.439677],[78.363036,17.439751]]]},"properties":{"id":"703e8b5304c5","height":null,"num_floors":null,"render_height_m":9.6,"height_label":"assumed"}},{"type":"Feature","geometry":{"type":"Polygon","coordinates":[[[78.363158,17.439697],[78.363043,17.43975],[78.362998,17.43966],[78.363113,17.439607],[78.363158,17.439697]]]},"properties":{"id":"18be4ebd6452","height":null,"num_floors":null,"render_height_m":9.6,"height_label":"assumed"}},{"type":"Feature","geometry":{"type":"Polygon","coordinates":[[[78.363163,17.43954],[78.363085,17.439589],[78.363005,17.439474],[78.363083,17.439424],[78.363163,17.43954]]]},"properties":{"id":"6920d6999b54","height":null,"num_floors":null,"render_height_m":9.6,"height_label":"assumed"}},{"type":"Feature","geometry":{"type":"Polygon","coordinates":[[[78.362988,17.43967],[78.36292,17.439708],[78.362837,17.439574],[78.362905,17.439535],[78.362988,17.43967]]]},"properties":{"id":"7e56d788c451","height":null,"num_floors":null,"render_height_m":9.6,"height_label":"assumed"}},{"type":"Feature","geometry":{"type":"Polygon","coordinates":[[[78.362599,17.439852],[78.362616,17.439875],[78.362573,17.439904],[78.362557,17.439881],[78.362599,17.439852]]]},"properties":{"id":"b2be3ef7b420","height":null,"num_floors":null,"render_height_m":6.4,"height_label":"assumed"}},{"type":"Feature","geometry":{"type":"Polygon","coordinates":[[[78.362547,17.439837],[78.362572,17.43986],[78.362545,17.439887],[78.36252,17.439864],[78.362547,17.439837]]]},"properties":{"id":"799aec5f3861","height":null,"num_floors":null,"render_height_m":6.4,"height_label":"assumed"}},{"type":"Feature","geometry":{"type":"Polygon","coordinates":[[[78.362324,17.439405],[78.362268,17.439444],[78.362218,17.439379],[78.362274,17.43934],[78.362324,17.439405]]]},"properties":{"id":"845c7cb90a36","height":null,"num_floors":null,"render_height_m":6.4,"height_label":"assumed"}},{"type":"Feature","geometry":{"type":"Polygon","coordinates":[[[78.362195,17.439511],[78.362116,17.439558],[78.362071,17.439489],[78.36215,17.439442],[78.362195,17.439511]]]},"properties":{"id":"ac33d19e2ba5","height":null,"num_floors":null,"render_height_m":9.6,"height_label":"assumed"}},{"type":"Feature","geometry":{"type":"Polygon","coordinates":[[[78.362233,17.440273],[78.362167,17.440168],[78.362555,17.439946],[78.362621,17.440051],[78.362233,17.440273]]]},"properties":{"id":"2c18e266a975","height":null,"num_floors":null,"render_height_m":12.8,"height_label":"assumed"}},{"type":"Feature","geometry":{"type":"Polygon","coordinates":[[[78.362379,17.440446],[78.362323,17.440364],[78.362394,17.440321],[78.362449,17.440403],[78.362379,17.440446]]]},"properties":{"id":"48f55c4ab8b7","height":null,"num_floors":null,"render_height_m":9.6,"height_label":"assumed"}},{"type":"Feature","geometry":{"type":"Polygon","coordinates":[[[78.362076,17.440558],[78.362018,17.44047],[78.362122,17.440407],[78.362181,17.440494],[78.362076,17.440558]]]},"properties":{"id":"36eb741b47c3","height":null,"num_floors":null,"render_height_m":9.6,"height_label":"assumed"}},{"type":"Feature","geometry":{"type":"Polygon","coordinates":[[[78.362167,17.440705],[78.362108,17.440614],[78.362225,17.440544],[78.362285,17.440635],[78.362167,17.440705]]]},"properties":{"id":"3517805508e4","height":null,"num_floors":null,"render_height_m":9.6,"height_label":"assumed"}},{"type":"Feature","geometry":{"type":"Polygon","coordinates":[[[78.362446,17.440582],[78.362392,17.440503],[78.362473,17.440452],[78.362528,17.440531],[78.362446,17.440582]]]},"properties":{"id":"b31441b8dd62","height":null,"num_floors":null,"render_height_m":9.6,"height_label":"assumed"}},{"type":"Feature","geometry":{"type":"Polygon","coordinates":[[[78.362513,17.440689],[78.362463,17.440615],[78.362575,17.440546],[78.362625,17.44062],[78.362513,17.440689]]]},"properties":{"id":"68e2f5b9185c","height":null,"num_floors":null,"render_height_m":9.6,"height_label":"assumed"}},{"type":"Feature","geometry":{"type":"Polygon","coordinates":[[[78.362181,17.44077],[78.362171,17.440796],[78.362136,17.440812],[78.362122,17.440807],[78.362132,17.440779],[78.362181,17.44077]]]},"properties":{"id":"cac1fa92bbcd","height":null,"num_floors":null,"render_height_m":6.4,"height_label":"assumed"}},{"type":"Feature","geometry":{"type":"Polygon","coordinates":[[[78.36224,17.441329],[78.362128,17.441404],[78.36207,17.441325],[78.362182,17.441249],[78.36224,17.441329]]]},"properties":{"id":"4558b1b9db1d","height":null,"num_floors":null,"render_height_m":9.6,"height_label":"assumed"}},{"type":"Feature","geometry":{"type":"Polygon","coordinates":[[[78.362391,17.441555],[78.362327,17.44161],[78.362247,17.441526],[78.362312,17.441471],[78.362391,17.441555]]]},"properties":{"id":"2635b523b197","height":null,"num_floors":null,"render_height_m":9.6,"height_label":"assumed"}},{"type":"Feature","geometry":{"type":"Polygon","coordinates":[[[78.362989,17.441295],[78.362975,17.44141],[78.362859,17.441398],[78.362872,17.441283],[78.362989,17.441295]]]},"properties":{"id":"7f24924c4328","height":null,"num_floors":null,"render_height_m":9.6,"height_label":"assumed"}},{"type":"Feature","geometry":{"type":"Polygon","coordinates":[[[78.362818,17.441554],[78.362825,17.441504],[78.362955,17.441522],[78.362948,17.441572],[78.362818,17.441554]]]},"properties":{"id":"783d81322035","height":null,"num_floors":null,"render_height_m":6.4,"height_label":"assumed"}},{"type":"Feature","geometry":{"type":"Polygon","coordinates":[[[78.363064,17.441594],[78.362959,17.441575],[78.362977,17.441479],[78.363083,17.441498],[78.363064,17.441594]]]},"properties":{"id":"f013c65caa00","height":null,"num_floors":null,"render_height_m":9.6,"height_label":"assumed"}},{"type":"Feature","geometry":{"type":"Polygon","coordinates":[[[78.363002,17.441353],[78.363049,17.441269],[78.36316,17.441325],[78.363112,17.441409],[78.363002,17.441353]]]},"properties":{"id":"0e612e341563","height":null,"num_floors":null,"render_height_m":9.6,"height_label":"assumed"}},{"type":"Feature","geometry":{"type":"Polygon","coordinates":[[[78.363049,17.44123],[78.362921,17.441151],[78.362982,17.441061],[78.363111,17.44114],[78.363049,17.44123]]]},"properties":{"id":"2c0e550c24db","height":null,"num_floors":null,"render_height_m":9.6,"height_label":"assumed"}},{"type":"Feature","geometry":{"type":"Polygon","coordinates":[[[78.362723,17.440807],[78.362745,17.440841],[78.36268,17.440879],[78.362659,17.440845],[78.362723,17.440807]]]},"properties":{"id":"37fcfb865a0f","height":null,"num_floors":null,"render_height_m":6.4,"height_label":"assumed"}},{"type":"Feature","geometry":{"type":"Polygon","coordinates":[[[78.36266,17.440818],[78.36259,17.440722],[78.362676,17.440666],[78.362745,17.440762],[78.36266,17.440818]]]},"properties":{"id":"b4b260793628","height":null,"num_floors":null,"render_height_m":9.6,"height_label":"assumed"}},{"type":"Feature","geometry":{"type":"Polygon","coordinates":[[[78.362745,17.440566],[78.362674,17.440604],[78.36262,17.440513],[78.362691,17.440475],[78.362745,17.440566]]]},"properties":{"id":"6abcc0bf269c","height":null,"num_floors":null,"render_height_m":9.6,"height_label":"assumed"}},{"type":"Feature","geometry":{"type":"Polygon","coordinates":[[[78.362874,17.440557],[78.362942,17.440601],[78.362927,17.440623],[78.362991,17.440663],[78.362925,17.440758],[78.362793,17.440675],[78.362874,17.440557]]]},"properties":{"id":"3086aa32382e","height":null,"num_floors":null,"render_height_m":9.6,"height_label":"assumed"}},{"type":"Feature","geometry":{"type":"Polygon","coordinates":[[[78.363096,17.44046],[78.363,17.440598],[78.362961,17.440573],[78.363058,17.440435],[78.363096,17.44046]]]},"properties":{"id":"a1cfc04b4788","height":null,"num_floors":null,"render_height_m":9.6,"height_label":"assumed"}},{"type":"Feature","geometry":{"type":"Polygon","coordinates":[[[78.363364,17.440653],[78.36332,17.440739],[78.363265,17.440714],[78.363309,17.440628],[78.363364,17.440653]]]},"properties":{"id":"5e379425f931","height":null,"num_floors":null,"render_height_m":6.4,"height_label":"assumed"}},{"type":"Feature","geometry":{"type":"Polygon","coordinates":[[[78.363295,17.440815],[78.363194,17.440765],[78.363227,17.440704],[78.363328,17.440754],[78.363295,17.440815]]]},"properties":{"id":"5ced73ac11f8","height":null,"num_floors":null,"render_height_m":9.6,"height_label":"assumed"}},{"type":"Feature","geometry":{"type":"Polygon","coordinates":[[[78.363157,17.440859],[78.363206,17.440885],[78.363174,17.44094],[78.363125,17.440915],[78.363157,17.440859]]]},"properties":{"id":"305e06676f15","height":null,"num_floors":null,"render_height_m":6.4,"height_label":"assumed"}},{"type":"Feature","geometry":{"type":"Polygon","coordinates":[[[78.363209,17.440959],[78.363163,17.44104],[78.363128,17.441021],[78.363174,17.44094],[78.363209,17.440959]]]},"properties":{"id":"2df5f8ce5c4e","height":null,"num_floors":null,"render_height_m":6.4,"height_label":"assumed"}},{"type":"Feature","geometry":{"type":"Polygon","coordinates":[[[78.363209,17.441006],[78.363259,17.440924],[78.363354,17.440977],[78.363303,17.441059],[78.363209,17.441006]]]},"properties":{"id":"88f417d41e1d","height":null,"num_floors":null,"render_height_m":9.6,"height_label":"assumed"}},{"type":"Feature","geometry":{"type":"Polygon","coordinates":[[[78.363265,17.440888],[78.363152,17.440824],[78.363186,17.440771],[78.363298,17.440835],[78.363265,17.440888]]]},"properties":{"id":"c2f272bd16d8","height":null,"num_floors":null,"render_height_m":9.6,"height_label":"assumed"}},{"type":"Feature","geometry":{"type":"Polygon","coordinates":[[[78.363301,17.440839],[78.363332,17.440783],[78.363399,17.440818],[78.363368,17.440873],[78.363301,17.440839]]]},"properties":{"id":"4bc3a58c42f9","height":null,"num_floors":null,"render_height_m":6.4,"height_label":"assumed"}},{"type":"Feature","geometry":{"type":"Polygon","coordinates":[[[78.363659,17.440888],[78.363518,17.44093],[78.363488,17.440839],[78.363629,17.440796],[78.363659,17.440888]]]},"properties":{"id":"78784fa00efc","height":null,"num_floors":null,"render_height_m":9.6,"height_label":"assumed"}},{"type":"Feature","geometry":{"type":"Polygon","coordinates":[[[78.363456,17.440727],[78.363427,17.440639],[78.363552,17.440601],[78.363581,17.440689],[78.363456,17.440727]]]},"properties":{"id":"dac6c9953d72","height":null,"num_floors":null,"render_height_m":9.6,"height_label":"assumed"}},{"type":"Feature","geometry":{"type":"Polygon","coordinates":[[[78.363474,17.440821],[78.363445,17.440734],[78.363583,17.440693],[78.363612,17.440779],[78.363474,17.440821]]]},"properties":{"id":"cc75d0aee1d8","height":null,"num_floors":null,"render_height_m":9.6,"height_label":"assumed"}},{"type":"Feature","geometry":{"type":"Polygon","coordinates":[[[78.363913,17.440762],[78.363865,17.440603],[78.364106,17.440536],[78.364154,17.440696],[78.363913,17.440762]]]},"properties":{"id":"89ae3452b09e","height":null,"num_floors":null,"render_height_m":12.8,"height_label":"assumed"}},{"type":"Feature","geometry":{"type":"Polygon","coordinates":[[[78.363988,17.440938],[78.363942,17.440792],[78.36418,17.440723],[78.364227,17.44087],[78.363988,17.440938]]]},"properties":{"id":"f96cd3aba264","height":null,"num_floors":null,"render_height_m":12.8,"height_label":"assumed"}},{"type":"Feature","geometry":{"type":"Polygon","coordinates":[[[78.363991,17.441061],[78.363966,17.440978],[78.364109,17.440938],[78.364135,17.441021],[78.363991,17.441061]]]},"properties":{"id":"3796c7a14dc5","height":null,"num_floors":null,"render_height_m":9.6,"height_label":"assumed"}},{"type":"Feature","geometry":{"type":"Polygon","coordinates":[[[78.363707,17.441049],[78.363682,17.440971],[78.363843,17.440923],[78.363868,17.441001],[78.363707,17.441049]]]},"properties":{"id":"d6001e3c6717","height":null,"num_floors":null,"render_height_m":9.6,"height_label":"assumed"}},{"type":"Feature","geometry":{"type":"Polygon","coordinates":[[[78.363685,17.440946],[78.363662,17.440876],[78.36381,17.440832],[78.363833,17.440902],[78.363685,17.440946]]]},"properties":{"id":"20ab2d2ec53b","height":null,"num_floors":null,"render_height_m":9.6,"height_label":"assumed"}},{"type":"Feature","geometry":{"type":"Polygon","coordinates":[[[78.36367,17.440945],[78.363678,17.441006],[78.363593,17.441016],[78.363585,17.440956],[78.36367,17.440945]]]},"properties":{"id":"7d3858dfca5a","height":null,"num_floors":null,"render_height_m":6.4,"height_label":"assumed"}},{"type":"Feature","geometry":{"type":"Polygon","coordinates":[[[78.363726,17.441164],[78.363597,17.441202],[78.363553,17.441067],[78.363681,17.441029],[78.363726,17.441164]]]},"properties":{"id":"97d7fea84e28","height":null,"num_floors":null,"render_height_m":9.6,"height_label":"assumed"}},{"type":"Feature","geometry":{"type":"Polygon","coordinates":[[[78.363739,17.44114],[78.363716,17.441069],[78.36387,17.441023],[78.363894,17.441094],[78.363739,17.44114]]]},"properties":{"id":"90dc513dc246","height":null,"num_floors":null,"render_height_m":9.6,"height_label":"assumed"}},{"type":"Feature","geometry":{"type":"Polygon","coordinates":[[[78.364164,17.441107],[78.364028,17.441142],[78.364013,17.441091],[78.364149,17.441056],[78.364164,17.441107]]]},"properties":{"id":"6906b2c81c5f","height":null,"num_floors":null,"render_height_m":9.6,"height_label":"assumed"}},{"type":"Feature","geometry":{"type":"Polygon","coordinates":[[[78.364098,17.441282],[78.363991,17.441336],[78.363946,17.441254],[78.364053,17.441201],[78.364098,17.441282]]]},"properties":{"id":"77e75f5aa76b","height":null,"num_floors":null,"render_height_m":9.6,"height_label":"assumed"}},{"type":"Feature","geometry":{"type":"Polygon","coordinates":[[[78.363842,17.441535],[78.363794,17.441448],[78.363916,17.441387],[78.363964,17.441474],[78.363842,17.441535]]]},"properties":{"id":"6a3cc5b171f7","height":null,"num_floors":null,"render_height_m":9.6,"height_label":"assumed"}},{"type":"Feature","geometry":{"type":"Polygon","coordinates":[[[78.363893,17.441627],[78.363847,17.441544],[78.363969,17.441482],[78.364015,17.441565],[78.363893,17.441627]]]},"properties":{"id":"0d4b8d35ba50","height":null,"num_floors":null,"render_height_m":9.6,"height_label":"assumed"}},{"type":"Feature","geometry":{"type":"Polygon","coordinates":[[[78.363904,17.44137],[78.3638,17.441422],[78.363761,17.44135],[78.363865,17.441299],[78.363904,17.44137]]]},"properties":{"id":"4c7865b5779b","height":null,"num_floors":null,"render_height_m":9.6,"height_label":"assumed"}},{"type":"Feature","geometry":{"type":"Polygon","coordinates":[[[78.363706,17.441491],[78.363692,17.441403],[78.363739,17.441396],[78.363753,17.441484],[78.363706,17.441491]]]},"properties":{"id":"ee5104faf547","height":null,"num_floors":null,"render_height_m":6.4,"height_label":"assumed"}},{"type":"Feature","geometry":{"type":"Polygon","coordinates":[[[78.363646,17.441317],[78.36367,17.441309],[78.363687,17.441356],[78.363663,17.441364],[78.363646,17.441317]]]},"properties":{"id":"5f54c6c83774","height":null,"num_floors":null,"render_height_m":6.4,"height_label":"assumed"}},{"type":"Feature","geometry":{"type":"Polygon","coordinates":[[[78.363596,17.441584],[78.363511,17.441616],[78.363452,17.441473],[78.363537,17.441441],[78.363596,17.441584]]]},"properties":{"id":"68683e8ff5a9","height":null,"num_floors":null,"render_height_m":9.6,"height_label":"assumed"}},{"type":"Feature","geometry":{"type":"Polygon","coordinates":[[[78.36349,17.441587],[78.363417,17.441613],[78.363391,17.441546],[78.363464,17.44152],[78.36349,17.441587]]]},"properties":{"id":"cb9f4a3d81ce","height":null,"num_floors":null,"render_height_m":6.4,"height_label":"assumed"}},{"type":"Feature","geometry":{"type":"Polygon","coordinates":[[[78.363575,17.441484],[78.363551,17.441432],[78.36362,17.441402],[78.363644,17.441454],[78.363575,17.441484]]]},"properties":{"id":"902fe47d824e","height":null,"num_floors":null,"render_height_m":6.4,"height_label":"assumed"}},{"type":"Feature","geometry":{"type":"Polygon","coordinates":[[[78.363625,17.441306],[78.363557,17.44133],[78.363522,17.441241],[78.36359,17.441216],[78.363625,17.441306]]]},"properties":{"id":"24bb07487d6e","height":null,"num_floors":null,"render_height_m":9.6,"height_label":"assumed"}},{"type":"Feature","geometry":{"type":"Polygon","coordinates":[[[78.363375,17.441203],[78.363349,17.441135],[78.363487,17.441088],[78.363512,17.441156],[78.363375,17.441203]]]},"properties":{"id":"d3893c6e53ea","height":null,"num_floors":null,"render_height_m":9.6,"height_label":"assumed"}},{"type":"Feature","geometry":{"type":"Polygon","coordinates":[[[78.363451,17.441387],[78.363386,17.441241],[78.363484,17.441202],[78.363549,17.441347],[78.363451,17.441387]]]},"properties":{"id":"70de1a7e0ce6","height":null,"num_floors":null,"render_height_m":9.6,"height_label":"assumed"}},{"type":"Feature","geometry":{"type":"Polygon","coordinates":[[[78.363348,17.441209],[78.363369,17.441259],[78.36333,17.441274],[78.363309,17.441224],[78.363348,17.441209]]]},"properties":{"id":"3ea312a9e9cc","height":null,"num_floors":null,"render_height_m":6.4,"height_label":"assumed"}},{"type":"Feature","geometry":{"type":"Polygon","coordinates":[[[78.363249,17.441148],[78.363151,17.441091],[78.363199,17.441014],[78.363298,17.441071],[78.363249,17.441148]]]},"properties":{"id":"a1e13fe2f9b0","height":null,"num_floors":null,"render_height_m":9.6,"height_label":"assumed"}},{"type":"Feature","geometry":{"type":"Polygon","coordinates":[[[78.363209,17.441229],[78.363107,17.441172],[78.363151,17.441101],[78.363253,17.441158],[78.363209,17.441229]]]},"properties":{"id":"b8faed03ec86","height":null,"num_floors":null,"render_height_m":9.6,"height_label":"assumed"}},{"type":"Feature","geometry":{"type":"Polygon","coordinates":[[[78.363168,17.441313],[78.363059,17.441255],[78.363102,17.441183],[78.36321,17.441241],[78.363168,17.441313]]]},"properties":{"id":"7c87cea06bce","height":null,"num_floors":null,"render_height_m":9.6,"height_label":"assumed"}},{"type":"Feature","geometry":{"type":"Polygon","coordinates":[[[78.363313,17.44144],[78.363231,17.441466],[78.363208,17.441398],[78.363289,17.441372],[78.363313,17.44144]]]},"properties":{"id":"9bba342906bf","height":null,"num_floors":null,"render_height_m":6.4,"height_label":"assumed"}},{"type":"Feature","geometry":{"type":"Polygon","coordinates":[[[78.363228,17.441585],[78.363186,17.441504],[78.363312,17.441445],[78.363354,17.441526],[78.363228,17.441585]]]},"properties":{"id":"9f067705991c","height":null,"num_floors":null,"render_height_m":9.6,"height_label":"assumed"}},{"type":"Feature","geometry":{"type":"Polygon","coordinates":[[[78.36327,17.441711],[78.363227,17.441627],[78.3633,17.441593],[78.363343,17.441676],[78.36327,17.441711]]]},"properties":{"id":"96bdf0788dfc","height":null,"num_floors":null,"render_height_m":9.6,"height_label":"assumed"}},{"type":"Feature","geometry":{"type":"Polygon","coordinates":[[[78.363343,17.441824],[78.363199,17.441872],[78.363185,17.441834],[78.363329,17.441786],[78.363343,17.441824]]]},"properties":{"id":"750167439bc8","height":null,"num_floors":null,"render_height_m":6.4,"height_label":"assumed"}},{"type":"Feature","geometry":{"type":"Polygon","coordinates":[[[78.363273,17.441879],[78.363297,17.441947],[78.363208,17.441976],[78.363184,17.441908],[78.363273,17.441879]]]},"properties":{"id":"d754d78b822a","height":null,"num_floors":null,"render_height_m":6.4,"height_label":"assumed"}},{"type":"Feature","geometry":{"type":"Polygon","coordinates":[[[78.363346,17.441855],[78.36337,17.441922],[78.363297,17.441947],[78.363273,17.441879],[78.363346,17.441855]]]},"properties":{"id":"e1d275b9a802","height":null,"num_floors":null,"render_height_m":6.4,"height_label":"assumed"}},{"type":"Feature","geometry":{"type":"Polygon","coordinates":[[[78.363558,17.441813],[78.363469,17.441828],[78.36345,17.441727],[78.363538,17.441711],[78.363558,17.441813]]]},"properties":{"id":"b7140c15293d","height":null,"num_floors":null,"render_height_m":9.6,"height_label":"assumed"}},{"type":"Feature","geometry":{"type":"Polygon","coordinates":[[[78.363441,17.441824],[78.363465,17.441892],[78.36337,17.441922],[78.363346,17.441855],[78.363441,17.441824]]]},"properties":{"id":"89529409e5ef","height":null,"num_floors":null,"render_height_m":9.6,"height_label":"assumed"}},{"type":"Feature","geometry":{"type":"Polygon","coordinates":[[[78.363607,17.441826],[78.363576,17.441766],[78.363669,17.441723],[78.363699,17.441782],[78.363607,17.441826]]]},"properties":{"id":"554fcef09243","height":null,"num_floors":null,"render_height_m":6.4,"height_label":"assumed"}},{"type":"Feature","geometry":{"type":"Polygon","coordinates":[[[78.363943,17.441742],[78.363846,17.441786],[78.36381,17.441715],[78.363907,17.441671],[78.363943,17.441742]]]},"properties":{"id":"ca99db69fc3a","height":null,"num_floors":null,"render_height_m":9.6,"height_label":"assumed"}},{"type":"Feature","geometry":{"type":"Polygon","coordinates":[[[78.364001,17.441693],[78.363946,17.44172],[78.3639,17.441637],[78.363955,17.44161],[78.364001,17.441693]]]},"properties":{"id":"fdae8811e875","height":null,"num_floors":null,"render_height_m":6.4,"height_label":"assumed"}},{"type":"Feature","geometry":{"type":"Polygon","coordinates":[[[78.364069,17.44166],[78.364011,17.44169],[78.363961,17.4416],[78.36402,17.441571],[78.364069,17.44166]]]},"properties":{"id":"3af6c024048b","height":null,"num_floors":null,"render_height_m":6.4,"height_label":"assumed"}},{"type":"Feature","geometry":{"type":"Polygon","coordinates":[[[78.363752,17.44189],[78.363784,17.441964],[78.363639,17.442023],[78.36362,17.441979],[78.363708,17.441943],[78.363695,17.441913],[78.363752,17.44189]]]},"properties":{"id":"5723b7b1c675","height":null,"num_floors":null,"render_height_m":9.6,"height_label":"assumed"}},{"type":"Feature","geometry":{"type":"Polygon","coordinates":[[[78.363642,17.442021],[78.363719,17.442196],[78.363653,17.442222],[78.363576,17.442048],[78.363642,17.442021]]]},"properties":{"id":"a2447d3b7d69","height":null,"num_floors":null,"render_height_m":9.6,"height_label":"assumed"}},{"type":"Feature","geometry":{"type":"Polygon","coordinates":[[[78.363132,17.44253],[78.363176,17.442646],[78.363074,17.442683],[78.363029,17.442567],[78.363132,17.44253]]]},"properties":{"id":"fe5f0d89768a","height":null,"num_floors":null,"render_height_m":9.6,"height_label":"assumed"}},{"type":"Feature","geometry":{"type":"Polygon","coordinates":[[[78.362942,17.44247],[78.36295,17.44249],[78.362906,17.442507],[78.362898,17.442487],[78.362942,17.44247]]]},"properties":{"id":"160668eaaabb","height":null,"num_floors":null,"render_height_m":6.4,"height_label":"assumed"}},{"type":"Feature","geometry":{"type":"Polygon","coordinates":[[[78.363008,17.442649],[78.362953,17.442667],[78.362914,17.442559],[78.362968,17.442541],[78.363008,17.442649]]]},"properties":{"id":"721d164dbdbe","height":null,"num_floors":null,"render_height_m":6.4,"height_label":"assumed"}},{"type":"Feature","geometry":{"type":"Polygon","coordinates":[[[78.362944,17.441941],[78.362953,17.441978],[78.362884,17.441994],[78.362875,17.441958],[78.362944,17.441941]]]},"properties":{"id":"2589a68d10ac","height":null,"num_floors":null,"render_height_m":6.4,"height_label":"assumed"}},{"type":"Feature","geometry":{"type":"Polygon","coordinates":[[[78.362845,17.441965],[78.362875,17.441958],[78.362891,17.442021],[78.362862,17.442028],[78.362845,17.441965]]]},"properties":{"id":"81917871e2a1","height":null,"num_floors":null,"render_height_m":6.4,"height_label":"assumed"}},{"type":"Feature","geometry":{"type":"Polygon","coordinates":[[[78.363171,17.441882],[78.362991,17.441941],[78.362978,17.441904],[78.363158,17.441845],[78.363171,17.441882]]]},"properties":{"id":"f32a53a61b0b","height":null,"num_floors":null,"render_height_m":9.6,"height_label":"assumed"}},{"type":"Feature","geometry":{"type":"Polygon","coordinates":[[[78.363141,17.441695],[78.363045,17.441723],[78.363026,17.441664],[78.363122,17.441636],[78.363141,17.441695]]]},"properties":{"id":"ff14c53baca1","height":null,"num_floors":null,"render_height_m":6.4,"height_label":"assumed"}},{"type":"Feature","geometry":{"type":"Polygon","coordinates":[[[78.36305,17.44181],[78.362971,17.441824],[78.362946,17.441696],[78.363025,17.441682],[78.36305,17.44181]]]},"properties":{"id":"21ccd3d22214","height":null,"num_floors":null,"render_height_m":9.6,"height_label":"assumed"}},{"type":"Feature","geometry":{"type":"Polygon","coordinates":[[[78.362825,17.441742],[78.362859,17.441737],[78.362865,17.441774],[78.362831,17.441779],[78.362825,17.441742]]]},"properties":{"id":"960b63da0b13","height":null,"num_floors":null,"render_height_m":6.4,"height_label":"assumed"}},{"type":"Feature","geometry":{"type":"Polygon","coordinates":[[[78.362879,17.441793],[78.362916,17.441785],[78.362937,17.441872],[78.3629,17.441881],[78.362879,17.441793]]]},"properties":{"id":"4f442d051bbf","height":null,"num_floors":null,"render_height_m":6.4,"height_label":"assumed"}},{"type":"Feature","geometry":{"type":"Polygon","coordinates":[[[78.362391,17.442305],[78.362419,17.442306],[78.362417,17.442346],[78.362389,17.442345],[78.362391,17.442305]]]},"properties":{"id":"227d23393d8f","height":null,"num_floors":null,"render_height_m":6.4,"height_label":"assumed"}},{"type":"Feature","geometry":{"type":"Polygon","coordinates":[[[78.362338,17.442569],[78.362407,17.442406],[78.362474,17.442431],[78.362405,17.442595],[78.362338,17.442569]]]},"properties":{"id":"829dcd48a66c","height":null,"num_floors":null,"render_height_m":9.6,"height_label":"assumed"}},{"type":"Feature","geometry":{"type":"Polygon","coordinates":[[[78.362556,17.442445],[78.362603,17.442443],[78.362608,17.442525],[78.362562,17.442528],[78.362556,17.442445]]]},"properties":{"id":"dda090e84840","height":null,"num_floors":null,"render_height_m":6.4,"height_label":"assumed"}},{"type":"Feature","geometry":{"type":"Polygon","coordinates":[[[78.362362,17.442614],[78.362391,17.442611],[78.362393,17.442641],[78.362364,17.442643],[78.362362,17.442614]]]},"properties":{"id":"3386324f0391","height":null,"num_floors":null,"render_height_m":6.4,"height_label":"assumed"}},{"type":"Feature","geometry":{"type":"Polygon","coordinates":[[[78.362114,17.442791],[78.362066,17.44269],[78.361953,17.442716],[78.361901,17.442542],[78.361947,17.442522],[78.362037,17.442559],[78.362262,17.442691],[78.362114,17.442791]]]},"properties":{"id":"c0555045b0eb","height":null,"num_floors":null,"render_height_m":12.8,"height_label":"assumed"}},{"type":"Feature","geometry":{"type":"Polygon","coordinates":[[[78.361927,17.442671],[78.361819,17.442698],[78.361779,17.442548],[78.361886,17.442522],[78.361927,17.442671]]]},"properties":{"id":"79778381a000","height":null,"num_floors":null,"render_height_m":9.6,"height_label":"assumed"}},{"type":"Feature","geometry":{"type":"Polygon","coordinates":[[[78.361784,17.442631],[78.361685,17.44266],[78.361654,17.442562],[78.361753,17.442534],[78.361784,17.442631]]]},"properties":{"id":"e7c4a31fa63d","height":null,"num_floors":null,"render_height_m":9.6,"height_label":"assumed"}},{"type":"Feature","geometry":{"type":"Polygon","coordinates":[[[78.361188,17.442808],[78.361051,17.442859],[78.360989,17.442707],[78.361213,17.442624],[78.361209,17.442614],[78.361314,17.442575],[78.36131,17.442566],[78.36149,17.4425],[78.361496,17.442515],[78.361547,17.442496],[78.361574,17.442565],[78.361498,17.442593],[78.361509,17.442622],[78.361586,17.442594],[78.361619,17.442674],[78.36143,17.442743],[78.361416,17.442707],[78.361196,17.442788],[78.361191,17.442776],[78.361177,17.442781],[78.361188,17.442808]]]},"properties":{"id":"5bc60ddf0751","height":null,"num_floors":null,"render_height_m":19.2,"height_label":"assumed"}},{"type":"Feature","geometry":{"type":"Polygon","coordinates":[[[78.36104,17.442538],[78.360986,17.442444],[78.361111,17.442383],[78.361161,17.442474],[78.36104,17.442538]]]},"properties":{"id":"4052fb0c308f","height":null,"num_floors":null,"render_height_m":9.6,"height_label":"assumed"}},{"type":"Feature","geometry":{"type":"Polygon","coordinates":[[[78.361384,17.442401],[78.361293,17.442441],[78.361242,17.442334],[78.361332,17.442294],[78.361384,17.442401]]]},"properties":{"id":"45490e10694b","height":null,"num_floors":null,"render_height_m":9.6,"height_label":"assumed"}},{"type":"Feature","geometry":{"type":"Polygon","coordinates":[[[78.361284,17.44246],[78.36121,17.442491],[78.361157,17.442376],[78.361231,17.442345],[78.361284,17.44246]]]},"properties":{"id":"5b884f4f906e","height":null,"num_floors":null,"render_height_m":9.6,"height_label":"assumed"}},{"type":"Feature","geometry":{"type":"Polygon","coordinates":[[[78.361129,17.442329],[78.361053,17.442188],[78.361133,17.442131],[78.36122,17.442287],[78.361129,17.442329]]]},"properties":{"id":"8cfae49597f4","height":null,"num_floors":null,"render_height_m":9.6,"height_label":"assumed"}},{"type":"Feature","geometry":{"type":"Polygon","coordinates":[[[78.361335,17.44225],[78.361236,17.442291],[78.361198,17.44221],[78.361297,17.442168],[78.361335,17.44225]]]},"properties":{"id":"38b030d48993","height":null,"num_floors":null,"render_height_m":9.6,"height_label":"assumed"}},{"type":"Feature","geometry":{"type":"Polygon","coordinates":[[[78.361439,17.442209],[78.361351,17.442246],[78.361313,17.442165],[78.361401,17.442128],[78.361439,17.442209]]]},"properties":{"id":"d211bc626dcd","height":null,"num_floors":null,"render_height_m":9.6,"height_label":"assumed"}},{"type":"Feature","geometry":{"type":"Polygon","coordinates":[[[78.361489,17.442355],[78.361408,17.442389],[78.361359,17.442282],[78.361439,17.442248],[78.361489,17.442355]]]},"properties":{"id":"63abf683233e","height":null,"num_floors":null,"render_height_m":9.6,"height_label":"assumed"}},{"type":"Feature","geometry":{"type":"Polygon","coordinates":[[[78.361546,17.442112],[78.361452,17.442113],[78.361452,17.442057],[78.361546,17.442056],[78.361546,17.442112]]]},"properties":{"id":"3d9d083b9f92","height":null,"num_floors":null,"render_height_m":6.4,"height_label":"assumed"}},{"type":"Feature","geometry":{"type":"Polygon","coordinates":[[[78.361409,17.441894],[78.361467,17.441884],[78.361488,17.441998],[78.361431,17.442008],[78.361409,17.441894]]]},"properties":{"id":"ab65896eeffe","height":null,"num_floors":null,"render_height_m":9.6,"height_label":"assumed"}},{"type":"Feature","geometry":{"type":"Polygon","coordinates":[[[78.361328,17.441914],[78.361388,17.441894],[78.361432,17.442015],[78.361372,17.442035],[78.361328,17.441914]]]},"properties":{"id":"9c45557f686c","height":null,"num_floors":null,"render_height_m":9.6,"height_label":"assumed"}},{"type":"Feature","geometry":{"type":"Polygon","coordinates":[[[78.361376,17.441877],[78.361386,17.441897],[78.361319,17.441928],[78.3613,17.44189],[78.361356,17.441864],[78.361366,17.441882],[78.361376,17.441877]]]},"properties":{"id":"3a854c32aec8","height":null,"num_floors":null,"render_height_m":6.4,"height_label":"assumed"}},{"type":"Feature","geometry":{"type":"Polygon","coordinates":[[[78.361366,17.442121],[78.36119,17.4422],[78.361122,17.442061],[78.361298,17.441982],[78.361366,17.442121]]]},"properties":{"id":"f67af40f873f","height":null,"num_floors":null,"render_height_m":12.8,"height_label":"assumed"}},{"type":"Feature","geometry":{"type":"Polygon","coordinates":[[[78.36114,17.442119],[78.361039,17.442167],[78.361007,17.442105],[78.361108,17.442057],[78.36114,17.442119]]]},"properties":{"id":"3f5d8f8b483d","height":null,"num_floors":null,"render_height_m":9.6,"height_label":"assumed"}},{"type":"Feature","geometry":{"type":"Polygon","coordinates":[[[78.3613,17.441909],[78.361222,17.441947],[78.361199,17.441901],[78.361276,17.441864],[78.3613,17.441909]]]},"properties":{"id":"54c5a9500d27","height":null,"num_floors":null,"render_height_m":6.4,"height_label":"assumed"}},{"type":"Feature","geometry":{"type":"Polygon","coordinates":[[[78.361284,17.441803],[78.361238,17.44182],[78.361203,17.44174],[78.361248,17.441722],[78.361284,17.441803]]]},"properties":{"id":"df89088c71fd","height":null,"num_floors":null,"render_height_m":6.4,"height_label":"assumed"}},{"type":"Feature","geometry":{"type":"Polygon","coordinates":[[[78.361159,17.441804],[78.361028,17.441874],[78.361003,17.441832],[78.361135,17.441762],[78.361159,17.441804]]]},"properties":{"id":"2bbe596c333f","height":null,"num_floors":null,"render_height_m":9.6,"height_label":"assumed"}},{"type":"Feature","geometry":{"type":"Polygon","coordinates":[[[78.361446,17.441771],[78.361379,17.441769],[78.361384,17.441668],[78.36145,17.44167],[78.361446,17.441771]]]},"properties":{"id":"51e310005e9c","height":null,"num_floors":null,"render_height_m":6.4,"height_label":"assumed"}},{"type":"Feature","geometry":{"type":"Polygon","coordinates":[[[78.361636,17.44172],[78.361638,17.441753],[78.361673,17.441751],[78.361683,17.441905],[78.361589,17.441911],[78.361577,17.441724],[78.361636,17.44172]]]},"properties":{"id":"b8ca9af197fd","height":null,"num_floors":null,"render_height_m":9.6,"height_label":"assumed"}},{"type":"Feature","geometry":{"type":"Polygon","coordinates":[[[78.361991,17.441894],[78.361885,17.441898],[78.36188,17.441772],[78.361986,17.441769],[78.361991,17.441894]]]},"properties":{"id":"3c3b19d45f3b","height":null,"num_floors":null,"render_height_m":9.6,"height_label":"assumed"}},{"type":"Feature","geometry":{"type":"Polygon","coordinates":[[[78.361976,17.441463],[78.361937,17.441409],[78.362044,17.441339],[78.362083,17.441392],[78.361976,17.441463]]]},"properties":{"id":"555f9860e878","height":null,"num_floors":null,"render_height_m":9.6,"height_label":"assumed"}},{"type":"Feature","geometry":{"type":"Polygon","coordinates":[[[78.361743,17.441524],[78.361747,17.441584],[78.361715,17.441586],[78.361718,17.441627],[78.361695,17.441629],[78.361693,17.441588],[78.361624,17.441592],[78.36162,17.441532],[78.361743,17.441524]]]},"properties":{"id":"402cc1811edc","height":null,"num_floors":null,"render_height_m":9.6,"height_label":"assumed"}},{"type":"Feature","geometry":{"type":"Polygon","coordinates":[[[78.36168,17.441381],[78.361623,17.441416],[78.361559,17.441322],[78.361676,17.44125],[78.361736,17.441339],[78.361704,17.441358],[78.361716,17.441376],[78.361688,17.441393],[78.36168,17.441381]]]},"properties":{"id":"9d523b8bceee","height":null,"num_floors":null,"render_height_m":9.6,"height_label":"assumed"}},{"type":"Feature","geometry":{"type":"Polygon","coordinates":[[[78.361602,17.441265],[78.361546,17.4413],[78.361482,17.441205],[78.361604,17.44113],[78.361676,17.441236],[78.36161,17.441277],[78.361602,17.441265]]]},"properties":{"id":"43690836b481","height":null,"num_floors":null,"render_height_m":9.6,"height_label":"assumed"}},{"type":"Feature","geometry":{"type":"Polygon","coordinates":[[[78.361861,17.44112],[78.361786,17.441169],[78.361717,17.441073],[78.361825,17.441001],[78.361879,17.441076],[78.361845,17.441098],[78.361861,17.44112]]]},"properties":{"id":"44f6d2648fe2","height":null,"num_floors":null,"render_height_m":9.6,"height_label":"assumed"}},{"type":"Feature","geometry":{"type":"Polygon","coordinates":[[[78.361843,17.441271],[78.361785,17.441183],[78.36191,17.441109],[78.361968,17.441197],[78.361843,17.441271]]]},"properties":{"id":"b0f3ce92d434","height":null,"num_floors":null,"render_height_m":9.6,"height_label":"assumed"}},{"type":"Feature","geometry":{"type":"Polygon","coordinates":[[[78.361905,17.441365],[78.361857,17.441295],[78.361976,17.441222],[78.362023,17.441292],[78.361905,17.441365]]]},"properties":{"id":"ac04190e3e7b","height":null,"num_floors":null,"render_height_m":9.6,"height_label":"assumed"}},{"type":"Feature","geometry":{"type":"Polygon","coordinates":[[[78.362044,17.441296],[78.361988,17.441209],[78.362071,17.441161],[78.362127,17.441247],[78.362044,17.441296]]]},"properties":{"id":"8a5ac7f0eb10","height":null,"num_floors":null,"render_height_m":9.6,"height_label":"assumed"}},{"type":"Feature","geometry":{"type":"Polygon","coordinates":[[[78.361975,17.441182],[78.361914,17.441093],[78.361992,17.441045],[78.362053,17.441134],[78.361975,17.441182]]]},"properties":{"id":"27512e02e62f","height":null,"num_floors":null,"render_height_m":9.6,"height_label":"assumed"}},{"type":"Feature","geometry":{"type":"Polygon","coordinates":[[[78.361903,17.441066],[78.361835,17.44097],[78.361945,17.440899],[78.362013,17.440995],[78.361903,17.441066]]]},"properties":{"id":"57b2054b09fd","height":null,"num_floors":null,"render_height_m":9.6,"height_label":"assumed"}},{"type":"Feature","geometry":{"type":"Polygon","coordinates":[[[78.361912,17.440909],[78.361832,17.440962],[78.361769,17.440874],[78.361849,17.440822],[78.361912,17.440909]]]},"properties":{"id":"56152c900e7a","height":null,"num_floors":null,"render_height_m":9.6,"height_label":"assumed"}},{"type":"Feature","geometry":{"type":"Polygon","coordinates":[[[78.362039,17.440797],[78.361983,17.440715],[78.362095,17.440645],[78.362151,17.440728],[78.362039,17.440797]]]},"properties":{"id":"30324420112b","height":null,"num_floors":null,"render_height_m":9.6,"height_label":"assumed"}},{"type":"Feature","geometry":{"type":"Polygon","coordinates":[[[78.36193,17.440626],[78.361872,17.440545],[78.36198,17.440475],[78.362037,17.440556],[78.36193,17.440626]]]},"properties":{"id":"bd715617e0b8","height":null,"num_floors":null,"render_height_m":9.6,"height_label":"assumed"}},{"type":"Feature","geometry":{"type":"Polygon","coordinates":[[[78.361847,17.440682],[78.361898,17.440762],[78.361863,17.440783],[78.361811,17.440703],[78.361847,17.440682]]]},"properties":{"id":"78f48f215b13","height":null,"num_floors":null,"render_height_m":6.4,"height_label":"assumed"}},{"type":"Feature","geometry":{"type":"Polygon","coordinates":[[[78.361797,17.440544],[78.36166,17.440634],[78.361593,17.440541],[78.36173,17.440451],[78.361797,17.440544]]]},"properties":{"id":"8287d6e4a334","height":null,"num_floors":null,"render_height_m":9.6,"height_label":"assumed"}},{"type":"Feature","geometry":{"type":"Polygon","coordinates":[[[78.361699,17.440872],[78.361619,17.440924],[78.361556,17.440836],[78.361648,17.440776],[78.36166,17.440792],[78.361666,17.440788],[78.361678,17.440805],[78.361667,17.440813],[78.361692,17.440849],[78.361685,17.440853],[78.361699,17.440872]]]},"properties":{"id":"1be198d8b66e","height":null,"num_floors":null,"render_height_m":9.6,"height_label":"assumed"}},{"type":"Feature","geometry":{"type":"Polygon","coordinates":[[[78.361806,17.440793],[78.361734,17.440839],[78.361673,17.440754],[78.361744,17.440708],[78.361806,17.440793]]]},"properties":{"id":"d36d7e70b156","height":null,"num_floors":null,"render_height_m":9.6,"height_label":"assumed"}},{"type":"Feature","geometry":{"type":"Polygon","coordinates":[[[78.361774,17.440991],[78.361696,17.441042],[78.36163,17.440949],[78.361741,17.440876],[78.361803,17.440963],[78.36177,17.440985],[78.361774,17.440991]]]},"properties":{"id":"557594ef31b3","height":null,"num_floors":null,"render_height_m":9.6,"height_label":"assumed"}},{"type":"Feature","geometry":{"type":"Polygon","coordinates":[[[78.36146,17.441029],[78.361393,17.441073],[78.361322,17.440973],[78.361447,17.440892],[78.361525,17.441003],[78.361468,17.44104],[78.36146,17.441029]]]},"properties":{"id":"f0ad6e0d112b","height":null,"num_floors":null,"render_height_m":9.6,"height_label":"assumed"}},{"type":"Feature","geometry":{"type":"Polygon","coordinates":[[[78.361558,17.440675],[78.361424,17.440763],[78.361365,17.440682],[78.361472,17.440612],[78.361493,17.440642],[78.361521,17.440623],[78.361558,17.440675]]]},"properties":{"id":"79f56f60d7d8","height":null,"num_floors":null,"render_height_m":9.6,"height_label":"assumed"}},{"type":"Feature","geometry":{"type":"Polygon","coordinates":[[[78.361386,17.440474],[78.361384,17.440494],[78.361327,17.440517],[78.361331,17.440491],[78.361366,17.440472],[78.361386,17.440474]]]},"properties":{"id":"033c08317f2a","height":null,"num_floors":null,"render_height_m":6.4,"height_label":"assumed"}},{"type":"Feature","geometry":{"type":"Polygon","coordinates":[[[78.361398,17.44077],[78.361281,17.440847],[78.36122,17.440763],[78.361338,17.440686],[78.361398,17.44077]]]},"properties":{"id":"f322ff64a626","height":null,"num_floors":null,"render_height_m":9.6,"height_label":"assumed"}},{"type":"Feature","geometry":{"type":"Polygon","coordinates":[[[78.361209,17.440891],[78.361127,17.440945],[78.361064,17.440856],[78.36118,17.44078],[78.361241,17.440865],[78.361206,17.440888],[78.361209,17.440891]]]},"properties":{"id":"df580c50cae1","height":null,"num_floors":null,"render_height_m":9.6,"height_label":"assumed"}},{"type":"Feature","geometry":{"type":"Polygon","coordinates":[[[78.361155,17.441227],[78.361052,17.441294],[78.36104,17.441277],[78.361044,17.441274],[78.360991,17.4412],[78.361089,17.441136],[78.361155,17.441227]]]},"properties":{"id":"6ee1b37e2418","height":null,"num_floors":null,"render_height_m":9.6,"height_label":"assumed"}},{"type":"Feature","geometry":{"type":"Polygon","coordinates":[[[78.361279,17.441134],[78.361257,17.441148],[78.361198,17.44106],[78.36131,17.440991],[78.361383,17.441098],[78.361293,17.441154],[78.361279,17.441134]]]},"properties":{"id":"16e7b3dd2861","height":null,"num_floors":null,"render_height_m":9.6,"height_label":"assumed"}},{"type":"Feature","geometry":{"type":"Polygon","coordinates":[[[78.361525,17.44115],[78.361469,17.441185],[78.361407,17.441094],[78.361523,17.441022],[78.361596,17.441129],[78.361536,17.441165],[78.361525,17.44115]]]},"properties":{"id":"a446fee8d2e7","height":null,"num_floors":null,"render_height_m":9.6,"height_label":"assumed"}},{"type":"Feature","geometry":{"type":"Polygon","coordinates":[[[78.361458,17.441223],[78.361354,17.441287],[78.361288,17.441188],[78.361391,17.441125],[78.361458,17.441223]]]},"properties":{"id":"78c5118da191","height":null,"num_floors":null,"render_height_m":9.6,"height_label":"assumed"}},{"type":"Feature","geometry":{"type":"Polygon","coordinates":[[[78.361523,17.441417],[78.361365,17.441394],[78.361378,17.441313],[78.361536,17.441335],[78.361523,17.441417]]]},"properties":{"id":"1d57a887a6f6","height":null,"num_floors":null,"render_height_m":9.6,"height_label":"assumed"}},{"type":"Feature","geometry":{"type":"Polygon","coordinates":[[[78.36134,17.441697],[78.361204,17.441692],[78.361206,17.441651],[78.361186,17.44165],[78.361192,17.441514],[78.361212,17.441515],[78.361213,17.441478],[78.361348,17.441483],[78.361347,17.441508],[78.361374,17.441509],[78.361368,17.441657],[78.361341,17.441656],[78.36134,17.441697]]]},"properties":{"id":"f3486f3823b2","height":null,"num_floors":null,"render_height_m":12.8,"height_label":"assumed"}},{"type":"Feature","geometry":{"type":"Polygon","coordinates":[[[78.36122,17.441396],[78.361143,17.441446],[78.361128,17.441425],[78.36113,17.441423],[78.36106,17.441326],[78.361135,17.441277],[78.36122,17.441396]]]},"properties":{"id":"83001b8484ef","height":null,"num_floors":null,"render_height_m":9.6,"height_label":"assumed"}},{"type":"Feature","geometry":{"type":"Polygon","coordinates":[[[78.36069,17.441511],[78.360714,17.44155],[78.360638,17.441593],[78.360614,17.441553],[78.36069,17.441511]]]},"properties":{"id":"803fdd4abff8","height":null,"num_floors":null,"render_height_m":6.4,"height_label":"assumed"}},{"type":"Feature","geometry":{"type":"Polygon","coordinates":[[[78.36058,17.441471],[78.360595,17.441504],[78.360569,17.441515],[78.360555,17.441482],[78.36058,17.441471]]]},"properties":{"id":"abffb62139b1","height":null,"num_floors":null,"render_height_m":6.4,"height_label":"assumed"}},{"type":"Feature","geometry":{"type":"Polygon","coordinates":[[[78.360653,17.441459],[78.360679,17.441515],[78.360617,17.441541],[78.360591,17.441485],[78.360653,17.441459]]]},"properties":{"id":"12c2fd6dfbe6","height":null,"num_floors":null,"render_height_m":6.4,"height_label":"assumed"}},{"type":"Feature","geometry":{"type":"Polygon","coordinates":[[[78.360633,17.441423],[78.360651,17.441446],[78.360593,17.441488],[78.360575,17.441465],[78.360633,17.441423]]]},"properties":{"id":"a2dfe19f400b","height":null,"num_floors":null,"render_height_m":6.4,"height_label":"assumed"}},{"type":"Feature","geometry":{"type":"Polygon","coordinates":[[[78.361105,17.440959],[78.360989,17.441035],[78.360929,17.440951],[78.361045,17.440875],[78.361105,17.440959]]]},"properties":{"id":"b2e626096709","height":null,"num_floors":null,"render_height_m":9.6,"height_label":"assumed"}},{"type":"Feature","geometry":{"type":"Polygon","coordinates":[[[78.361016,17.441096],[78.360937,17.441147],[78.360831,17.441],[78.36091,17.440948],[78.361016,17.441096]]]},"properties":{"id":"36f9e47de6ef","height":null,"num_floors":null,"render_height_m":9.6,"height_label":"assumed"}},{"type":"Feature","geometry":{"type":"Polygon","coordinates":[[[78.360872,17.440869],[78.360883,17.4409],[78.360841,17.440915],[78.360829,17.440884],[78.360872,17.440869]]]},"properties":{"id":"f47ed79a2673","height":null,"num_floors":null,"render_height_m":6.4,"height_label":"assumed"}},{"type":"Feature","geometry":{"type":"Polygon","coordinates":[[[78.360835,17.440836],[78.360861,17.440872],[78.360821,17.440899],[78.360795,17.440863],[78.360835,17.440836]]]},"properties":{"id":"7dd8c0b2e7c7","height":null,"num_floors":null,"render_height_m":6.4,"height_label":"assumed"}},{"type":"Feature","geometry":{"type":"Polygon","coordinates":[[[78.360876,17.440762],[78.360909,17.440752],[78.360918,17.440779],[78.360886,17.440789],[78.360876,17.440762]]]},"properties":{"id":"9b592568f490","height":null,"num_floors":null,"render_height_m":6.4,"height_label":"assumed"}},{"type":"Feature","geometry":{"type":"Polygon","coordinates":[[[78.36047,17.440647],[78.360482,17.440674],[78.360447,17.440689],[78.360435,17.440661],[78.36047,17.440647]]]},"properties":{"id":"88121f983846","height":null,"num_floors":null,"render_height_m":6.4,"height_label":"assumed"}},{"type":"Feature","geometry":{"type":"Polygon","coordinates":[[[78.360535,17.440592],[78.360463,17.440641],[78.360428,17.440595],[78.3605,17.440545],[78.360535,17.440592]]]},"properties":{"id":"c77300cecad7","height":null,"num_floors":null,"render_height_m":6.4,"height_label":"assumed"}},{"type":"Feature","geometry":{"type":"Polygon","coordinates":[[[78.360291,17.440733],[78.360259,17.44068],[78.360362,17.440624],[78.360394,17.440677],[78.360291,17.440733]]]},"properties":{"id":"c72959e71ffd","height":null,"num_floors":null,"render_height_m":9.6,"height_label":"assumed"}},{"type":"Feature","geometry":{"type":"Polygon","coordinates":[[[78.360271,17.440723],[78.360206,17.440752],[78.360175,17.440689],[78.360241,17.44066],[78.360271,17.440723]]]},"properties":{"id":"f801ff887293","height":null,"num_floors":null,"render_height_m":6.4,"height_label":"assumed"}},{"type":"Feature","geometry":{"type":"Polygon","coordinates":[[[78.360135,17.440838],[78.360071,17.440717],[78.360134,17.440687],[78.360197,17.440808],[78.360135,17.440838]]]},"properties":{"id":"0a7b4fe23f10","height":null,"num_floors":null,"render_height_m":9.6,"height_label":"assumed"}},{"type":"Feature","geometry":{"type":"Polygon","coordinates":[[[78.360294,17.441309],[78.360202,17.441367],[78.360105,17.441229],[78.360197,17.44117],[78.360294,17.441309]]]},"properties":{"id":"ab3dde31aaeb","height":null,"num_floors":null,"render_height_m":9.6,"height_label":"assumed"}},{"type":"Feature","geometry":{"type":"Polygon","coordinates":[[[78.360886,17.441113],[78.360536,17.441342],[78.360467,17.441245],[78.360621,17.441144],[78.360598,17.441112],[78.360404,17.441239],[78.36041,17.441247],[78.360306,17.441315],[78.360229,17.441207],[78.360519,17.441017],[78.360503,17.440995],[78.360569,17.440952],[78.360585,17.440974],[78.360725,17.440883],[78.360792,17.440976],[78.360637,17.441077],[78.360666,17.441117],[78.360817,17.441017],[78.360886,17.441113]]]},"properties":{"id":"b030ae88850a","height":null,"num_floors":null,"render_height_m":19.2,"height_label":"assumed"}},{"type":"Feature","geometry":{"type":"Polygon","coordinates":[[[78.360448,17.441465],[78.36039,17.441527],[78.360233,17.441391],[78.360291,17.44133],[78.360448,17.441465]]]},"properties":{"id":"9681d33070bc","height":null,"num_floors":null,"render_height_m":9.6,"height_label":"assumed"}},{"type":"Feature","geometry":{"type":"Polygon","coordinates":[[[78.360547,17.441386],[78.360439,17.44145],[78.360353,17.441318],[78.360461,17.441254],[78.360547,17.441386]]]},"properties":{"id":"0c64453e06c5","height":null,"num_floors":null,"render_height_m":9.6,"height_label":"assumed"}},{"type":"Feature","geometry":{"type":"Polygon","coordinates":[[[78.360577,17.441578],[78.36053,17.441626],[78.36041,17.441519],[78.360457,17.44147],[78.360577,17.441578]]]},"properties":{"id":"3104d26ee156","height":null,"num_floors":null,"render_height_m":9.6,"height_label":"assumed"}},{"type":"Feature","geometry":{"type":"Polygon","coordinates":[[[78.360405,17.441704],[78.360267,17.441714],[78.360248,17.441688],[78.360244,17.441588],[78.360197,17.441512],[78.360259,17.441472],[78.360294,17.441517],[78.360338,17.44151],[78.360478,17.441646],[78.360405,17.441704]]]},"properties":{"id":"4dfa30033be5","height":null,"num_floors":null,"render_height_m":12.8,"height_label":"assumed"}},{"type":"Feature","geometry":{"type":"Polygon","coordinates":[[[78.360205,17.441412],[78.360071,17.441492],[78.359978,17.441349],[78.360112,17.44127],[78.360205,17.441412]]]},"properties":{"id":"96fd42efa77e","height":null,"num_floors":null,"render_height_m":12.8,"height_label":"assumed"}},{"type":"Feature","geometry":{"type":"Polygon","coordinates":[[[78.360231,17.441623],[78.360139,17.441697],[78.360069,17.441619],[78.360162,17.441544],[78.360231,17.441623]]]},"properties":{"id":"185b591a6b31","height":null,"num_floors":null,"render_height_m":9.6,"height_label":"assumed"}},{"type":"Feature","geometry":{"type":"Polygon","coordinates":[[[78.360209,17.441928],[78.360137,17.44197],[78.360073,17.44187],[78.360146,17.441828],[78.360209,17.441928]]]},"properties":{"id":"fd0ec15804e7","height":null,"num_floors":null,"render_height_m":9.6,"height_label":"assumed"}},{"type":"Feature","geometry":{"type":"Polygon","coordinates":[[[78.360143,17.442097],[78.36005,17.44214],[78.360021,17.442084],[78.360114,17.44204],[78.360143,17.442097]]]},"properties":{"id":"f9cc696f6364","height":null,"num_floors":null,"render_height_m":6.4,"height_label":"assumed"}},{"type":"Feature","geometry":{"type":"Polygon","coordinates":[[[78.360207,17.442195],[78.360111,17.44224],[78.360062,17.442144],[78.360158,17.442099],[78.360207,17.442195]]]},"properties":{"id":"e4e981650224","height":null,"num_floors":null,"render_height_m":9.6,"height_label":"assumed"}},{"type":"Feature","geometry":{"type":"Polygon","coordinates":[[[78.36038,17.442116],[78.360259,17.442178],[78.360213,17.442097],[78.360333,17.442034],[78.36038,17.442116]]]},"properties":{"id":"97ef6fa2b64e","height":null,"num_floors":null,"render_height_m":9.6,"height_label":"assumed"}},{"type":"Feature","geometry":{"type":"Polygon","coordinates":[[[78.360336,17.442027],[78.360204,17.442095],[78.360145,17.44199],[78.360214,17.441954],[78.360221,17.441965],[78.36026,17.441945],[78.360266,17.441955],[78.360289,17.441944],[78.360336,17.442027]]]},"properties":{"id":"a1cbd77c181d","height":null,"num_floors":null,"render_height_m":9.6,"height_label":"assumed"}},{"type":"Feature","geometry":{"type":"Polygon","coordinates":[[[78.360467,17.441962],[78.360342,17.442027],[78.360287,17.441933],[78.360413,17.441867],[78.360467,17.441962]]]},"properties":{"id":"0cbb90a80cd1","height":null,"num_floors":null,"render_height_m":9.6,"height_label":"assumed"}},{"type":"Feature","geometry":{"type":"Polygon","coordinates":[[[78.360519,17.442047],[78.360389,17.442114],[78.360342,17.442031],[78.360472,17.441964],[78.360519,17.442047]]]},"properties":{"id":"0ce248fc2e66","height":null,"num_floors":null,"render_height_m":9.6,"height_label":"assumed"}},{"type":"Feature","geometry":{"type":"Polygon","coordinates":[[[78.360352,17.441744],[78.360394,17.44179],[78.360344,17.441831],[78.36029,17.44177],[78.360335,17.441732],[78.360348,17.441747],[78.360352,17.441744]]]},"properties":{"id":"a39540d866c2","height":null,"num_floors":null,"render_height_m":6.4,"height_label":"assumed"}},{"type":"Feature","geometry":{"type":"Polygon","coordinates":[[[78.360721,17.441915],[78.360686,17.441934],[78.360647,17.441867],[78.360746,17.441814],[78.360784,17.441879],[78.360768,17.441888],[78.360774,17.441899],[78.360726,17.441924],[78.360721,17.441915]]]},"properties":{"id":"8c51b9c681ab","height":null,"num_floors":null,"render_height_m":9.6,"height_label":"assumed"}},{"type":"Feature","geometry":{"type":"Polygon","coordinates":[[[78.360743,17.441697],[78.360756,17.44172],[78.360674,17.441767],[78.36066,17.441744],[78.360743,17.441697]]]},"properties":{"id":"67f8d66c4e34","height":null,"num_floors":null,"render_height_m":6.4,"height_label":"assumed"}},{"type":"Feature","geometry":{"type":"Polygon","coordinates":[[[78.360865,17.441723],[78.360883,17.441758],[78.360854,17.441772],[78.360836,17.441736],[78.360865,17.441723]]]},"properties":{"id":"3bf64140f44e","height":null,"num_floors":null,"render_height_m":6.4,"height_label":"assumed"}},{"type":"Feature","geometry":{"type":"Polygon","coordinates":[[[78.360975,17.441807],[78.36093,17.441829],[78.36083,17.441644],[78.360875,17.441622],[78.360975,17.441807]]]},"properties":{"id":"16860aee2c52","height":null,"num_floors":null,"render_height_m":9.6,"height_label":"assumed"}},{"type":"Feature","geometry":{"type":"Polygon","coordinates":[[[78.361016,17.441877],[78.360962,17.441896],[78.36094,17.441838],[78.360994,17.44182],[78.361016,17.441877]]]},"properties":{"id":"cc1fb3803186","height":null,"num_floors":null,"render_height_m":6.4,"height_label":"assumed"}},{"type":"Feature","geometry":{"type":"Polygon","coordinates":[[[78.360965,17.441952],[78.360927,17.441972],[78.360861,17.441858],[78.360898,17.441838],[78.360965,17.441952]]]},"properties":{"id":"94c47091dca6","height":null,"num_floors":null,"render_height_m":6.4,"height_label":"assumed"}},{"type":"Feature","geometry":{"type":"Polygon","coordinates":[[[78.361107,17.442035],[78.361,17.442085],[78.360966,17.44202],[78.361074,17.44197],[78.361107,17.442035]]]},"properties":{"id":"87fc6142c9ca","height":null,"num_floors":null,"render_height_m":9.6,"height_label":"assumed"}},{"type":"Feature","geometry":{"type":"Polygon","coordinates":[[[78.360965,17.442125],[78.360821,17.442196],[78.360789,17.442136],[78.360933,17.442066],[78.360965,17.442125]]]},"properties":{"id":"4a5449b5d3e6","height":null,"num_floors":null,"render_height_m":9.6,"height_label":"assumed"}},{"type":"Feature","geometry":{"type":"Polygon","coordinates":[[[78.360915,17.44206],[78.360782,17.442129],[78.360735,17.442047],[78.360869,17.441978],[78.360915,17.44206]]]},"properties":{"id":"775ba8fa84b7","height":null,"num_floors":null,"render_height_m":9.6,"height_label":"assumed"}},{"type":"Feature","geometry":{"type":"Polygon","coordinates":[[[78.360771,17.442127],[78.360654,17.442185],[78.360613,17.442109],[78.360729,17.442051],[78.360771,17.442127]]]},"properties":{"id":"0558bfac375b","height":null,"num_floors":null,"render_height_m":9.6,"height_label":"assumed"}},{"type":"Feature","geometry":{"type":"Polygon","coordinates":[[[78.360864,17.441968],[78.360735,17.442038],[78.360682,17.44195],[78.360812,17.44188],[78.360864,17.441968]]]},"properties":{"id":"799d7722a8b7","height":null,"num_floors":null,"render_height_m":9.6,"height_label":"assumed"}},{"type":"Feature","geometry":{"type":"Polygon","coordinates":[[[78.360666,17.441949],[78.360551,17.44201],[78.360503,17.441927],[78.360618,17.441866],[78.360666,17.441949]]]},"properties":{"id":"63b0c9e375a1","height":null,"num_floors":null,"render_height_m":9.6,"height_label":"assumed"}},{"type":"Feature","geometry":{"type":"Polygon","coordinates":[[[78.360726,17.442042],[78.360624,17.442096],[78.360612,17.442074],[78.360602,17.44208],[78.36059,17.442059],[78.3606,17.442054],[78.360585,17.442029],[78.360687,17.441975],[78.360726,17.442042]]]},"properties":{"id":"2e5e15a0cd0f","height":null,"num_floors":null,"render_height_m":9.6,"height_label":"assumed"}},{"type":"Feature","geometry":{"type":"Polygon","coordinates":[[[78.360733,17.442426],[78.360608,17.442487],[78.360556,17.442389],[78.360681,17.442328],[78.360733,17.442426]]]},"properties":{"id":"e39c2def4c57","height":null,"num_floors":null,"render_height_m":9.6,"height_label":"assumed"}},{"type":"Feature","geometry":{"type":"Polygon","coordinates":[[[78.360894,17.442331],[78.360773,17.44239],[78.36073,17.442309],[78.360851,17.44225],[78.360894,17.442331]]]},"properties":{"id":"47d2295bcb75","height":null,"num_floors":null,"render_height_m":9.6,"height_label":"assumed"}},{"type":"Feature","geometry":{"type":"Polygon","coordinates":[[[78.360819,17.44221],[78.360707,17.442265],[78.360698,17.442248],[78.360689,17.442253],[78.360675,17.442227],[78.360684,17.442223],[78.360665,17.442188],[78.360778,17.442133],[78.360819,17.44221]]]},"properties":{"id":"3122baed83a3","height":null,"num_floors":null,"render_height_m":9.6,"height_label":"assumed"}},{"type":"Feature","geometry":{"type":"Polygon","coordinates":[[[78.360925,17.44234],[78.360874,17.442256],[78.360985,17.442191],[78.361037,17.442277],[78.360925,17.44234]]]},"properties":{"id":"36b385a5d308","height":null,"num_floors":null,"render_height_m":9.6,"height_label":"assumed"}},{"type":"Feature","geometry":{"type":"Polygon","coordinates":[[[78.360979,17.442428],[78.360933,17.442352],[78.36105,17.442293],[78.36109,17.442375],[78.360979,17.442428]]]},"properties":{"id":"67043a31812d","height":null,"num_floors":null,"render_height_m":9.6,"height_label":"assumed"}},{"type":"Feature","geometry":{"type":"Polygon","coordinates":[[[78.360961,17.442454],[78.3609,17.442516],[78.360833,17.442456],[78.360893,17.442394],[78.360961,17.442454]]]},"properties":{"id":"18f5473641b5","height":null,"num_floors":null,"render_height_m":9.6,"height_label":"assumed"}},{"type":"Feature","geometry":{"type":"Polygon","coordinates":[[[78.361014,17.442544],[78.36092,17.442601],[78.360875,17.442532],[78.36097,17.442476],[78.361014,17.442544]]]},"properties":{"id":"8bbf9d09a99b","height":null,"num_floors":null,"render_height_m":9.6,"height_label":"assumed"}},{"type":"Feature","geometry":{"type":"Polygon","coordinates":[[[78.360834,17.442777],[78.360801,17.442788],[78.36075,17.442644],[78.36083,17.442618],[78.360871,17.442732],[78.360824,17.442747],[78.360834,17.442777]]]},"properties":{"id":"fc6647f4670c","height":null,"num_floors":null,"render_height_m":9.6,"height_label":"assumed"}},{"type":"Feature","geometry":{"type":"Polygon","coordinates":[[[78.360804,17.442553],[78.360698,17.4426],[78.360674,17.442551],[78.36066,17.442557],[78.36063,17.442493],[78.360749,17.44244],[78.360804,17.442553]]]},"properties":{"id":"f75fd19d914e","height":null,"num_floors":null,"render_height_m":9.6,"height_label":"assumed"}},{"type":"Feature","geometry":{"type":"Polygon","coordinates":[[[78.360696,17.442608],[78.36054,17.44267],[78.360515,17.442614],[78.360656,17.442558],[78.360658,17.442563],[78.360674,17.442557],[78.360696,17.442608]]]},"properties":{"id":"52a14a0ce599","height":null,"num_floors":null,"render_height_m":9.6,"height_label":"assumed"}},{"type":"Feature","geometry":{"type":"Polygon","coordinates":[[[78.360751,17.442679],[78.360571,17.44275],[78.36054,17.442676],[78.360719,17.442605],[78.360751,17.442679]]]},"properties":{"id":"6dfe5e85b4e9","height":null,"num_floors":null,"render_height_m":9.6,"height_label":"assumed"}},{"type":"Feature","geometry":{"type":"Polygon","coordinates":[[[78.360388,17.44276],[78.360327,17.44279],[78.360275,17.442693],[78.360336,17.442663],[78.360388,17.44276]]]},"properties":{"id":"68760a88691d","height":null,"num_floors":null,"render_height_m":9.6,"height_label":"assumed"}},{"type":"Feature","geometry":{"type":"Polygon","coordinates":[[[78.360543,17.442591],[78.360507,17.442609],[78.360426,17.442466],[78.360551,17.442402],[78.360571,17.442437],[78.360482,17.442483],[78.360543,17.442591]]]},"properties":{"id":"1cd8e9cea84f","height":null,"num_floors":null,"render_height_m":9.6,"height_label":"assumed"}},{"type":"Feature","geometry":{"type":"Polygon","coordinates":[[[78.36048,17.442276],[78.36035,17.442342],[78.360308,17.442267],[78.360438,17.4422],[78.36048,17.442276]]]},"properties":{"id":"7b68c0d5441e","height":null,"num_floors":null,"render_height_m":9.6,"height_label":"assumed"}},{"type":"Feature","geometry":{"type":"Polygon","coordinates":[[[78.360432,17.442198],[78.360306,17.442264],[78.360261,17.442185],[78.360387,17.44212],[78.360432,17.442198]]]},"properties":{"id":"79e0c0b112dd","height":null,"num_floors":null,"render_height_m":9.6,"height_label":"assumed"}},{"type":"Feature","geometry":{"type":"Polygon","coordinates":[[[78.360463,17.442375],[78.360391,17.442411],[78.360358,17.44235],[78.360478,17.442289],[78.360517,17.442359],[78.360467,17.442383],[78.360463,17.442375]]]},"properties":{"id":"c796577d5614","height":null,"num_floors":null,"render_height_m":9.6,"height_label":"assumed"}},{"type":"Feature","geometry":{"type":"Polygon","coordinates":[[[78.360326,17.442407],[78.36021,17.442431],[78.360164,17.442356],[78.360266,17.442299],[78.360326,17.442407]]]},"properties":{"id":"ebbf5cdcca10","height":null,"num_floors":null,"render_height_m":9.6,"height_label":"assumed"}},{"type":"Feature","geometry":{"type":"Polygon","coordinates":[[[78.360264,17.442292],[78.360162,17.442352],[78.360136,17.442313],[78.360239,17.442253],[78.360264,17.442292]]]},"properties":{"id":"9d31e03dfda9","height":null,"num_floors":null,"render_height_m":6.4,"height_label":"assumed"}},{"type":"Feature","geometry":{"type":"Polygon","coordinates":[[[78.360228,17.44224],[78.360128,17.442294],[78.360107,17.442258],[78.360207,17.442204],[78.360228,17.44224]]]},"properties":{"id":"3d00ba6b5e9b","height":null,"num_floors":null,"render_height_m":6.4,"height_label":"assumed"}},{"type":"Feature","geometry":{"type":"Polygon","coordinates":[[[78.360193,17.442443],[78.360128,17.442479],[78.360093,17.442422],[78.360158,17.442385],[78.360193,17.442443]]]},"properties":{"id":"ed77645a89ef","height":null,"num_floors":null,"render_height_m":6.4,"height_label":"assumed"}},{"type":"Feature","geometry":{"type":"Polygon","coordinates":[[[78.360329,17.442641],[78.360255,17.442677],[78.360162,17.442502],[78.360236,17.442466],[78.360329,17.442641]]]},"properties":{"id":"bb7efca263cc","height":null,"num_floors":null,"render_height_m":9.6,"height_label":"assumed"}},{"type":"Feature","geometry":{"type":"Polygon","coordinates":[[[78.359811,17.442021],[78.3602,17.442607],[78.360106,17.442658],[78.3599,17.442625],[78.359846,17.442535],[78.359758,17.442589],[78.359589,17.442364],[78.359712,17.442295],[78.359597,17.442146],[78.359811,17.442021]]]},"properties":{"id":"c8975b8955c1","height":null,"num_floors":null,"render_height_m":19.2,"height_label":"assumed"}},{"type":"Feature","geometry":{"type":"Polygon","coordinates":[[[78.360087,17.442262],[78.36002,17.442306],[78.359972,17.442239],[78.360039,17.442195],[78.360087,17.442262]]]},"properties":{"id":"c5c9917fbac9","height":null,"num_floors":null,"render_height_m":6.4,"height_label":"assumed"}},{"type":"Feature","geometry":{"type":"Polygon","coordinates":[[[78.36,17.442135],[78.36002,17.442183],[78.359974,17.4422],[78.359954,17.442152],[78.36,17.442135]]]},"properties":{"id":"2e89222359cb","height":null,"num_floors":null,"render_height_m":6.4,"height_label":"assumed"}},{"type":"Feature","geometry":{"type":"Polygon","coordinates":[[[78.360064,17.442022],[78.359955,17.442075],[78.359909,17.44199],[78.360019,17.441937],[78.360064,17.442022]]]},"properties":{"id":"ea4c40f9e646","height":null,"num_floors":null,"render_height_m":9.6,"height_label":"assumed"}},{"type":"Feature","geometry":{"type":"Polygon","coordinates":[[[78.360103,17.441837],[78.360057,17.441865],[78.359998,17.441774],[78.360045,17.441746],[78.360103,17.441837]]]},"properties":{"id":"4973dbf36089","height":null,"num_floors":null,"render_height_m":6.4,"height_label":"assumed"}},{"type":"Feature","geometry":{"type":"Polygon","coordinates":[[[78.360007,17.44168],[78.359946,17.441719],[78.359888,17.441637],[78.359949,17.441598],[78.360007,17.44168]]]},"properties":{"id":"6fd7dac2b66e","height":null,"num_floors":null,"render_height_m":9.6,"height_label":"assumed"}},{"type":"Feature","geometry":{"type":"Polygon","coordinates":[[[78.359947,17.441833],[78.359722,17.441967],[78.359574,17.441742],[78.359799,17.441608],[78.359947,17.441833]]]},"properties":{"id":"56bc4d9659a8","height":null,"num_floors":null,"render_height_m":19.2,"height_label":"assumed"}},{"type":"Feature","geometry":{"type":"Polygon","coordinates":[[[78.359562,17.440565],[78.359526,17.440579],[78.35948,17.440467],[78.359516,17.440454],[78.359562,17.440565]]]},"properties":{"id":"c00ac423532e","height":null,"num_floors":null,"render_height_m":6.4,"height_label":"assumed"}},{"type":"Feature","geometry":{"type":"Polygon","coordinates":[[[78.359583,17.440775],[78.359515,17.440796],[78.35945,17.440608],[78.359517,17.440587],[78.359583,17.440775]]]},"properties":{"id":"e89cd86f74d5","height":null,"num_floors":null,"render_height_m":9.6,"height_label":"assumed"}},{"type":"Feature","geometry":{"type":"Polygon","coordinates":[[[78.359504,17.441048],[78.359427,17.440928],[78.359517,17.440876],[78.359593,17.440996],[78.359504,17.441048]]]},"properties":{"id":"f9bebd44f904","height":null,"num_floors":null,"render_height_m":9.6,"height_label":"assumed"}},{"type":"Feature","geometry":{"type":"Polygon","coordinates":[[[78.359423,17.441125],[78.359508,17.441074],[78.359583,17.441186],[78.359498,17.441237],[78.359423,17.441125]]]},"properties":{"id":"7e00ef855861","height":null,"num_floors":null,"render_height_m":9.6,"height_label":"assumed"}},{"type":"Feature","geometry":{"type":"Polygon","coordinates":[[[78.359606,17.441211],[78.359504,17.441056],[78.359598,17.441],[78.359699,17.441155],[78.359606,17.441211]]]},"properties":{"id":"ba4a36c360f3","height":null,"num_floors":null,"render_height_m":9.6,"height_label":"assumed"}},{"type":"Feature","geometry":{"type":"Polygon","coordinates":[[[78.360041,17.441471],[78.359923,17.441543],[78.359846,17.441429],[78.359965,17.441357],[78.360041,17.441471]]]},"properties":{"id":"434eaa72092b","height":null,"num_floors":null,"render_height_m":9.6,"height_label":"assumed"}},{"type":"Feature","geometry":{"type":"Polygon","coordinates":[[[78.35988,17.441073],[78.359765,17.441136],[78.359746,17.441105],[78.359861,17.441041],[78.35988,17.441073]]]},"properties":{"id":"74f1e953beda","height":null,"num_floors":null,"render_height_m":6.4,"height_label":"assumed"}},{"type":"Feature","geometry":{"type":"Polygon","coordinates":[[[78.360039,17.440859],[78.359978,17.440765],[78.360048,17.440724],[78.360109,17.440818],[78.360039,17.440859]]]},"properties":{"id":"8c267773dcbc","height":null,"num_floors":null,"render_height_m":9.6,"height_label":"assumed"}},{"type":"Feature","geometry":{"type":"Polygon","coordinates":[[[78.359977,17.440926],[78.359903,17.440807],[78.35997,17.440769],[78.360044,17.440888],[78.359977,17.440926]]]},"properties":{"id":"c9835e000c39","height":null,"num_floors":null,"render_height_m":9.6,"height_label":"assumed"}},{"type":"Feature","geometry":{"type":"Polygon","coordinates":[[[78.359899,17.440959],[78.359831,17.440847],[78.3599,17.440809],[78.359968,17.440921],[78.359899,17.440959]]]},"properties":{"id":"bd8f7ecb0aa9","height":null,"num_floors":null,"render_height_m":9.6,"height_label":"assumed"}},{"type":"Feature","geometry":{"type":"Polygon","coordinates":[[[78.359819,17.440834],[78.359768,17.440753],[78.359832,17.440716],[78.359883,17.440798],[78.359819,17.440834]]]},"properties":{"id":"b74b622329f3","height":null,"num_floors":null,"render_height_m":9.6,"height_label":"assumed"}},{"type":"Feature","geometry":{"type":"Polygon","coordinates":[[[78.359893,17.440964],[78.359793,17.441019],[78.359729,17.440913],[78.359829,17.440858],[78.359893,17.440964]]]},"properties":{"id":"6cba04503f17","height":null,"num_floors":null,"render_height_m":9.6,"height_label":"assumed"}},{"type":"Feature","geometry":{"type":"Polygon","coordinates":[[[78.359701,17.441113],[78.359616,17.440976],[78.359716,17.440919],[78.359801,17.441056],[78.359701,17.441113]]]},"properties":{"id":"479f5eb22700","height":null,"num_floors":null,"render_height_m":9.6,"height_label":"assumed"}},{"type":"Feature","geometry":{"type":"Polygon","coordinates":[[[78.359549,17.440867],[78.35961,17.440834],[78.359628,17.440866],[78.359599,17.440881],[78.359637,17.440947],[78.359605,17.440964],[78.359549,17.440867]]]},"properties":{"id":"d3f19fef6e48","height":null,"num_floors":null,"render_height_m":6.4,"height_label":"assumed"}},{"type":"Feature","geometry":{"type":"Polygon","coordinates":[[[78.35973,17.440892],[78.359671,17.440801],[78.359757,17.440751],[78.359815,17.440841],[78.35973,17.440892]]]},"properties":{"id":"4d4d3a43d615","height":null,"num_floors":null,"render_height_m":9.6,"height_label":"assumed"}},{"type":"Feature","geometry":{"type":"Polygon","coordinates":[[[78.359687,17.440629],[78.359762,17.440582],[78.359823,17.44067],[78.359748,17.440717],[78.359687,17.440629]]]},"properties":{"id":"756882ba7f20","height":null,"num_floors":null,"render_height_m":9.6,"height_label":"assumed"}},{"type":"Feature","geometry":{"type":"Polygon","coordinates":[[[78.359744,17.440722],[78.359652,17.440778],[78.359594,17.44069],[78.359684,17.440635],[78.359744,17.440722]]]},"properties":{"id":"a1871311ec65","height":null,"num_floors":null,"render_height_m":9.6,"height_label":"assumed"}},{"type":"Feature","geometry":{"type":"Polygon","coordinates":[[[78.359668,17.440536],[78.359706,17.440579],[78.359679,17.440602],[78.35964,17.440559],[78.359668,17.440536]]]},"properties":{"id":"a0c93e30e69d","height":null,"num_floors":null,"render_height_m":6.4,"height_label":"assumed"}},{"type":"Feature","geometry":{"type":"Polygon","coordinates":[[[78.359616,17.440653],[78.359578,17.440671],[78.359533,17.440589],[78.359571,17.44057],[78.359616,17.440653]]]},"properties":{"id":"d36eb41729e0","height":null,"num_floors":null,"render_height_m":6.4,"height_label":"assumed"}},{"type":"Feature","geometry":{"type":"Polygon","coordinates":[[[78.359589,17.440461],[78.359611,17.440527],[78.359554,17.440544],[78.359533,17.440478],[78.359589,17.440461]]]},"properties":{"id":"3cfd75d92b20","height":null,"num_floors":null,"render_height_m":6.4,"height_label":"assumed"}},{"type":"Feature","geometry":{"type":"Polygon","coordinates":[[[78.359933,17.440547],[78.359977,17.440524],[78.359996,17.440556],[78.359919,17.440597],[78.359841,17.440464],[78.359938,17.440412],[78.359956,17.440441],[78.359891,17.440476],[78.359933,17.440547]]]},"properties":{"id":"e5762763e9e4","height":null,"num_floors":null,"render_height_m":9.6,"height_label":"assumed"}},{"type":"Feature","geometry":{"type":"Polygon","coordinates":[[[78.359904,17.440607],[78.359822,17.440653],[78.359774,17.440574],[78.359856,17.440528],[78.359904,17.440607]]]},"properties":{"id":"5a22a45774c1","height":null,"num_floors":null,"render_height_m":9.6,"height_label":"assumed"}},{"type":"Feature","geometry":{"type":"Polygon","coordinates":[[[78.35995,17.440759],[78.359896,17.440792],[78.35984,17.440709],[78.359894,17.440676],[78.35995,17.440759]]]},"properties":{"id":"fd26ff8e6cc5","height":null,"num_floors":null,"render_height_m":6.4,"height_label":"assumed"}},{"type":"Feature","geometry":{"type":"Polygon","coordinates":[[[78.359964,17.440759],[78.35991,17.440673],[78.359948,17.440652],[78.360001,17.440737],[78.359964,17.440759]]]},"properties":{"id":"260b4f1cbf95","height":null,"num_floors":null,"render_height_m":6.4,"height_label":"assumed"}},{"type":"Feature","geometry":{"type":"Polygon","coordinates":[[[78.35996,17.440056],[78.359938,17.440074],[78.359897,17.440028],[78.359919,17.44001],[78.35996,17.440056]]]},"properties":{"id":"b3edbf36613b","height":null,"num_floors":null,"render_height_m":6.4,"height_label":"assumed"}},{"type":"Feature","geometry":{"type":"Polygon","coordinates":[[[78.359534,17.440176],[78.359516,17.440082],[78.359734,17.440042],[78.359753,17.440136],[78.359534,17.440176]]]},"properties":{"id":"e036cb482cc3","height":null,"num_floors":null,"render_height_m":12.8,"height_label":"assumed"}},{"type":"Feature","geometry":{"type":"Polygon","coordinates":[[[78.35961,17.439405],[78.359633,17.439388],[78.359663,17.439427],[78.35964,17.439443],[78.35961,17.439405]]]},"properties":{"id":"b3926c731bec","height":null,"num_floors":null,"render_height_m":6.4,"height_label":"assumed"}},{"type":"Feature","geometry":{"type":"Polygon","coordinates":[[[78.359853,17.439286],[78.359886,17.43926],[78.359947,17.439331],[78.359726,17.439506],[78.359664,17.439435],[78.359687,17.439417],[78.359681,17.43941],[78.359846,17.439279],[78.359853,17.439286]]]},"properties":{"id":"c29dfb7dc6e5","height":null,"num_floors":null,"render_height_m":12.8,"height_label":"assumed"}},{"type":"Feature","geometry":{"type":"Polygon","coordinates":[[[78.359646,17.439726],[78.359652,17.439757],[78.359598,17.439767],[78.359592,17.439735],[78.359646,17.439726]]]},"properties":{"id":"6f6d3c1d95ed","height":null,"num_floors":null,"render_height_m":6.4,"height_label":"assumed"}},{"type":"Feature","geometry":{"type":"Polygon","coordinates":[[[78.36006,17.439394],[78.360082,17.439428],[78.360032,17.439458],[78.36001,17.439424],[78.36006,17.439394]]]},"properties":{"id":"b4f8253c7663","height":null,"num_floors":null,"render_height_m":6.4,"height_label":"assumed"}},{"type":"Feature","geometry":{"type":"Polygon","coordinates":[[[78.360086,17.439136],[78.360155,17.439218],[78.359999,17.439339],[78.35993,17.439258],[78.360086,17.439136]]]},"properties":{"id":"7dd2d26240da","height":null,"num_floors":null,"render_height_m":9.6,"height_label":"assumed"}},{"type":"Feature","geometry":{"type":"Polygon","coordinates":[[[78.359629,17.438951],[78.35966,17.439031],[78.359606,17.439051],[78.359574,17.438971],[78.359629,17.438951]]]},"properties":{"id":"72b7a50b8096","height":null,"num_floors":null,"render_height_m":6.4,"height_label":"assumed"}},{"type":"Feature","geometry":{"type":"Polygon","coordinates":[[[78.359623,17.44293],[78.359606,17.442916],[78.359618,17.442902],[78.359612,17.442898],[78.359638,17.442869],[78.359646,17.442875],[78.359692,17.442824],[78.359687,17.44282],[78.359711,17.442793],[78.359719,17.4428],[78.359731,17.442788],[78.359838,17.442876],[78.359834,17.442881],[78.359861,17.442903],[78.359851,17.442914],[78.359861,17.442922],[78.359836,17.44295],[78.359821,17.442938],[78.359773,17.442992],[78.359782,17.443],[78.359757,17.443027],[78.359746,17.443019],[78.359739,17.443026],[78.359708,17.443001],[78.359702,17.443007],[78.359694,17.443001],[78.359682,17.443013],[78.359652,17.442989],[78.359641,17.443001],[78.359594,17.442963],[78.359623,17.44293]]]},"properties":{"id":"c82f230e2c44","height":null,"num_floors":null,"render_height_m":12.8,"height_label":"assumed"}},{"type":"Feature","geometry":{"type":"Polygon","coordinates":[[[78.360554,17.442923],[78.360399,17.442982],[78.360385,17.44295],[78.36054,17.44289],[78.360554,17.442923]]]},"properties":{"id":"202430b74d22","height":null,"num_floors":null,"render_height_m":6.4,"height_label":"assumed"}},{"type":"Feature","geometry":{"type":"Polygon","coordinates":[[[78.360454,17.442919],[78.360378,17.442947],[78.360363,17.442912],[78.360359,17.442914],[78.360333,17.44285],[78.360413,17.44282],[78.360454,17.442919]]]},"properties":{"id":"3ba8b7459c69","height":null,"num_floors":null,"render_height_m":9.6,"height_label":"assumed"}},{"type":"Feature","geometry":{"type":"Polygon","coordinates":[[[78.360811,17.442873],[78.360717,17.442908],[78.360677,17.442812],[78.36077,17.442777],[78.360811,17.442873]]]},"properties":{"id":"2425572c8792","height":null,"num_floors":null,"render_height_m":9.6,"height_label":"assumed"}},{"type":"Feature","geometry":{"type":"Polygon","coordinates":[[[78.360893,17.442837],[78.360833,17.442859],[78.360805,17.442791],[78.360865,17.442768],[78.360893,17.442837]]]},"properties":{"id":"508fac4313e3","height":null,"num_floors":null,"render_height_m":6.4,"height_label":"assumed"}},{"type":"Feature","geometry":{"type":"Polygon","coordinates":[[[78.361449,17.442893],[78.361083,17.443026],[78.361041,17.44292],[78.361406,17.442787],[78.361449,17.442893]]]},"properties":{"id":"f73858247f95","height":null,"num_floors":null,"render_height_m":12.8,"height_label":"assumed"}},{"type":"Feature","geometry":{"type":"Polygon","coordinates":[[[78.361626,17.442841],[78.361554,17.442868],[78.361518,17.442779],[78.36159,17.442752],[78.361626,17.442841]]]},"properties":{"id":"9a5c29f6c872","height":null,"num_floors":null,"render_height_m":9.6,"height_label":"assumed"}},{"type":"Feature","geometry":{"type":"Polygon","coordinates":[[[78.361967,17.442886],[78.361875,17.442915],[78.361807,17.442716],[78.361899,17.442687],[78.361967,17.442886]]]},"properties":{"id":"aacd9f6e6cbe","height":null,"num_floors":null,"render_height_m":9.6,"height_label":"assumed"}},{"type":"Feature","geometry":{"type":"Polygon","coordinates":[[[78.361969,17.442868],[78.361928,17.442743],[78.362044,17.442708],[78.362085,17.442834],[78.361969,17.442868]]]},"properties":{"id":"71055fcb1ad8","height":null,"num_floors":null,"render_height_m":9.6,"height_label":"assumed"}},{"type":"Feature","geometry":{"type":"Polygon","coordinates":[[[78.362247,17.442974],[78.362195,17.443003],[78.362135,17.442904],[78.362188,17.442875],[78.362247,17.442974]]]},"properties":{"id":"7a4ec9df3b32","height":null,"num_floors":null,"render_height_m":9.6,"height_label":"assumed"}},{"type":"Feature","geometry":{"type":"Polygon","coordinates":[[[78.362251,17.442956],[78.362193,17.442865],[78.362238,17.442839],[78.362296,17.44293],[78.362251,17.442956]]]},"properties":{"id":"a3304332c72e","height":null,"num_floors":null,"render_height_m":6.4,"height_label":"assumed"}},{"type":"Feature","geometry":{"type":"Polygon","coordinates":[[[78.362304,17.442928],[78.362246,17.442838],[78.362295,17.442809],[78.362353,17.442899],[78.362304,17.442928]]]},"properties":{"id":"872f58390760","height":null,"num_floors":null,"render_height_m":6.4,"height_label":"assumed"}},{"type":"Feature","geometry":{"type":"Polygon","coordinates":[[[78.362508,17.442788],[78.362344,17.442871],[78.36231,17.442811],[78.362474,17.442727],[78.362508,17.442788]]]},"properties":{"id":"09f6c7684a8b","height":null,"num_floors":null,"render_height_m":9.6,"height_label":"assumed"}},{"type":"Feature","geometry":{"type":"Polygon","coordinates":[[[78.362522,17.442895],[78.362386,17.442945],[78.362356,17.442869],[78.362492,17.442819],[78.362522,17.442895]]]},"properties":{"id":"2382e0b40869","height":null,"num_floors":null,"render_height_m":9.6,"height_label":"assumed"}},{"type":"Feature","geometry":{"type":"Polygon","coordinates":[[[78.367861,17.442638],[78.367773,17.442655],[78.367748,17.442538],[78.367768,17.442534],[78.367759,17.442491],[78.367722,17.442499],[78.367688,17.442335],[78.367816,17.44231],[78.367832,17.442387],[78.367841,17.442385],[78.367824,17.442308],[78.367992,17.442276],[78.368059,17.4426],[78.367914,17.442628],[78.36791,17.442608],[78.367857,17.442618],[78.367861,17.442638]]]},"properties":{"id":"01bb6a9c2239","height":null,"num_floors":null,"render_height_m":19.2,"height_label":"assumed"}},{"type":"Feature","geometry":{"type":"Polygon","coordinates":[[[78.367655,17.442663],[78.367456,17.442703],[78.367402,17.442459],[78.367464,17.442426],[78.367458,17.442457],[78.367478,17.442454],[78.367508,17.442403],[78.367556,17.442408],[78.367582,17.442433],[78.367602,17.44243],[78.367623,17.442387],[78.367667,17.442391],[78.36771,17.442472],[78.367643,17.442486],[78.367647,17.442507],[78.367622,17.442512],[78.367655,17.442663]]]},"properties":{"id":"a66971c68e3b","height":null,"num_floors":null,"render_height_m":12.8,"height_label":"assumed"}},{"type":"Feature","geometry":{"type":"Polygon","coordinates":[[[78.367432,17.442159],[78.367447,17.442248],[78.367303,17.442271],[78.367288,17.442182],[78.367432,17.442159]]]},"properties":{"id":"4dad04f334de","height":null,"num_floors":null,"render_height_m":9.6,"height_label":"assumed"}},{"type":"Feature","geometry":{"type":"Polygon","coordinates":[[[78.367473,17.441882],[78.367489,17.441979],[78.36737,17.441997],[78.367354,17.441901],[78.367473,17.441882]]]},"properties":{"id":"3adba8f9881a","height":null,"num_floors":null,"render_height_m":9.6,"height_label":"assumed"}},{"type":"Feature","geometry":{"type":"Polygon","coordinates":[[[78.367351,17.442148],[78.367203,17.442177],[78.367186,17.442094],[78.367333,17.442065],[78.367351,17.442148]]]},"properties":{"id":"923059ebee49","height":null,"num_floors":null,"render_height_m":9.6,"height_label":"assumed"}},{"type":"Feature","geometry":{"type":"Polygon","coordinates":[[[78.367347,17.441842],[78.367299,17.441852],[78.367285,17.441789],[78.367334,17.44178],[78.367347,17.441842]]]},"properties":{"id":"181c9d1a8c23","height":null,"num_floors":null,"render_height_m":6.4,"height_label":"assumed"}},{"type":"Feature","geometry":{"type":"Polygon","coordinates":[[[78.367344,17.441739],[78.367272,17.441751],[78.367265,17.441716],[78.367337,17.441704],[78.367344,17.441739]]]},"properties":{"id":"23fd1185751a","height":null,"num_floors":null,"render_height_m":6.4,"height_label":"assumed"}},{"type":"Feature","geometry":{"type":"Polygon","coordinates":[[[78.36768,17.441762],[78.367649,17.441767],[78.367616,17.441566],[78.367688,17.441556],[78.367704,17.441657],[78.367728,17.441653],[78.367736,17.441702],[78.36769,17.441709],[78.367694,17.441736],[78.367676,17.441739],[78.36768,17.441762]]]},"properties":{"id":"3c5bae724d81","height":null,"num_floors":null,"render_height_m":9.6,"height_label":"assumed"}},{"type":"Feature","geometry":{"type":"Polygon","coordinates":[[[78.367822,17.441605],[78.367885,17.441593],[78.367914,17.441726],[78.367852,17.441739],[78.367822,17.441605]]]},"properties":{"id":"5976032828de","height":null,"num_floors":null,"render_height_m":9.6,"height_label":"assumed"}},{"type":"Feature","geometry":{"type":"Polygon","coordinates":[[[78.367822,17.442031],[78.367717,17.442047],[78.367696,17.441913],[78.367801,17.441897],[78.367822,17.442031]]]},"properties":{"id":"182bf10def09","height":null,"num_floors":null,"render_height_m":9.6,"height_label":"assumed"}},{"type":"Feature","geometry":{"type":"Polygon","coordinates":[[[78.367974,17.442097],[78.3679,17.442123],[78.367885,17.442086],[78.367959,17.442059],[78.367974,17.442097]]]},"properties":{"id":"972e9df92d40","height":null,"num_floors":null,"render_height_m":6.4,"height_label":"assumed"}},{"type":"Feature","geometry":{"type":"Polygon","coordinates":[[[78.367893,17.441525],[78.367968,17.441511],[78.368027,17.4418],[78.367952,17.441814],[78.367893,17.441525]]]},"properties":{"id":"d9075399e142","height":null,"num_floors":null,"render_height_m":12.8,"height_label":"assumed"}},{"type":"Feature","geometry":{"type":"Polygon","coordinates":[[[78.367901,17.44157],[78.367856,17.441578],[78.367847,17.441532],[78.367891,17.441524],[78.367901,17.44157]]]},"properties":{"id":"33573c79760f","height":null,"num_floors":null,"render_height_m":6.4,"height_label":"assumed"}},{"type":"Feature","geometry":{"type":"Polygon","coordinates":[[[78.367724,17.441391],[78.3677,17.441393],[78.367698,17.441364],[78.367722,17.441363],[78.367724,17.441391]]]},"properties":{"id":"97732b753243","height":null,"num_floors":null,"render_height_m":6.4,"height_label":"assumed"}},{"type":"Feature","geometry":{"type":"Polygon","coordinates":[[[78.36784,17.441362],[78.367813,17.441366],[78.367809,17.441341],[78.367836,17.441337],[78.36784,17.441362]]]},"properties":{"id":"84c65d875d4c","height":null,"num_floors":null,"render_height_m":6.4,"height_label":"assumed"}},{"type":"Feature","geometry":{"type":"Polygon","coordinates":[[[78.367691,17.441261],[78.367657,17.441264],[78.367653,17.441228],[78.367687,17.441225],[78.367691,17.441261]]]},"properties":{"id":"b92668ab9618","height":null,"num_floors":null,"render_height_m":6.4,"height_label":"assumed"}},{"type":"Feature","geometry":{"type":"Polygon","coordinates":[[[78.367342,17.441305],[78.367122,17.441343],[78.367111,17.441287],[78.367331,17.441249],[78.367342,17.441305]]]},"properties":{"id":"6eadb898d6da","height":null,"num_floors":null,"render_height_m":9.6,"height_label":"assumed"}},{"type":"Feature","geometry":{"type":"Polygon","coordinates":[[[78.367384,17.44114],[78.367255,17.441168],[78.367234,17.44108],[78.367362,17.441052],[78.367384,17.44114]]]},"properties":{"id":"cf4b46ce4073","height":null,"num_floors":null,"render_height_m":9.6,"height_label":"assumed"}},{"type":"Feature","geometry":{"type":"Polygon","coordinates":[[[78.367588,17.441278],[78.367527,17.441285],[78.367523,17.441257],[78.367584,17.441249],[78.367588,17.441278]]]},"properties":{"id":"dddba93e6027","height":null,"num_floors":null,"render_height_m":6.4,"height_label":"assumed"}},{"type":"Feature","geometry":{"type":"Polygon","coordinates":[[[78.367614,17.441412],[78.367594,17.441417],[78.367587,17.441388],[78.367607,17.441384],[78.367614,17.441412]]]},"properties":{"id":"21164ddc6387","height":null,"num_floors":null,"render_height_m":6.4,"height_label":"assumed"}},{"type":"Feature","geometry":{"type":"Polygon","coordinates":[[[78.367352,17.441386],[78.367146,17.441423],[78.367133,17.44136],[78.36734,17.441323],[78.367352,17.441386]]]},"properties":{"id":"12849e2293a8","height":null,"num_floors":null,"render_height_m":9.6,"height_label":"assumed"}},{"type":"Feature","geometry":{"type":"Polygon","coordinates":[[[78.367129,17.441606],[78.367094,17.441464],[78.367346,17.441408],[78.367381,17.44155],[78.367129,17.441606]]]},"properties":{"id":"cf3cc1614697","height":null,"num_floors":null,"render_height_m":12.8,"height_label":"assumed"}},{"type":"Feature","geometry":{"type":"Polygon","coordinates":[[[78.366986,17.441533],[78.367032,17.441524],[78.367048,17.441601],[78.367002,17.44161],[78.366986,17.441533]]]},"properties":{"id":"40240151c47b","height":null,"num_floors":null,"render_height_m":6.4,"height_label":"assumed"}},{"type":"Feature","geometry":{"type":"Polygon","coordinates":[[[78.366862,17.441584],[78.366841,17.441505],[78.366909,17.441489],[78.366916,17.441516],[78.366881,17.441525],[78.366895,17.441577],[78.366862,17.441584]]]},"properties":{"id":"c1ba2e61c2cc","height":null,"num_floors":null,"render_height_m":6.4,"height_label":"assumed"}},{"type":"Feature","geometry":{"type":"Polygon","coordinates":[[[78.366793,17.44155],[78.366785,17.441519],[78.366827,17.441509],[78.366835,17.44154],[78.366793,17.44155]]]},"properties":{"id":"3c91f66d9325","height":null,"num_floors":null,"render_height_m":6.4,"height_label":"assumed"}},{"type":"Feature","geometry":{"type":"Polygon","coordinates":[[[78.366765,17.441574],[78.366735,17.441583],[78.366722,17.441547],[78.366753,17.441538],[78.366765,17.441574]]]},"properties":{"id":"25b8426bb26c","height":null,"num_floors":null,"render_height_m":6.4,"height_label":"assumed"}},{"type":"Feature","geometry":{"type":"Polygon","coordinates":[[[78.366708,17.441588],[78.36668,17.441598],[78.366668,17.441568],[78.366696,17.441557],[78.366708,17.441588]]]},"properties":{"id":"d472f82fbb8b","height":null,"num_floors":null,"render_height_m":6.4,"height_label":"assumed"}},{"type":"Feature","geometry":{"type":"Polygon","coordinates":[[[78.366667,17.441466],[78.366634,17.441478],[78.36658,17.441341],[78.366677,17.441306],[78.366713,17.441398],[78.366649,17.44142],[78.366667,17.441466]]]},"properties":{"id":"a582ad9f6556","height":null,"num_floors":null,"render_height_m":9.6,"height_label":"assumed"}},{"type":"Feature","geometry":{"type":"Polygon","coordinates":[[[78.36689,17.441295],[78.366843,17.441312],[78.36683,17.441277],[78.366877,17.441261],[78.36689,17.441295]]]},"properties":{"id":"83e4338638e9","height":null,"num_floors":null,"render_height_m":6.4,"height_label":"assumed"}},{"type":"Feature","geometry":{"type":"Polygon","coordinates":[[[78.367069,17.441083],[78.366991,17.441099],[78.366981,17.441056],[78.367058,17.441039],[78.367069,17.441083]]]},"properties":{"id":"b1b814b33247","height":null,"num_floors":null,"render_height_m":6.4,"height_label":"assumed"}},{"type":"Feature","geometry":{"type":"Polygon","coordinates":[[[78.367007,17.44086],[78.366945,17.440869],[78.366933,17.440788],[78.366995,17.440779],[78.367007,17.44086]]]},"properties":{"id":"59b7a230e7a5","height":null,"num_floors":null,"render_height_m":6.4,"height_label":"assumed"}},{"type":"Feature","geometry":{"type":"Polygon","coordinates":[[[78.367075,17.440778],[78.367098,17.440882],[78.367002,17.440901],[78.366996,17.440875],[78.367053,17.440863],[78.367036,17.440786],[78.367075,17.440778]]]},"properties":{"id":"32e9c5514e86","height":null,"num_floors":null,"render_height_m":6.4,"height_label":"assumed"}},{"type":"Feature","geometry":{"type":"Polygon","coordinates":[[[78.36687,17.440804],[78.36689,17.440895],[78.366753,17.440924],[78.366732,17.440832],[78.36687,17.440804]]]},"properties":{"id":"c70eb6a0970a","height":null,"num_floors":null,"render_height_m":9.6,"height_label":"assumed"}},{"type":"Feature","geometry":{"type":"Polygon","coordinates":[[[78.366904,17.440958],[78.366924,17.441047],[78.366679,17.441098],[78.366659,17.441009],[78.366904,17.440958]]]},"properties":{"id":"fbcd776dc016","height":null,"num_floors":null,"render_height_m":12.8,"height_label":"assumed"}},{"type":"Feature","geometry":{"type":"Polygon","coordinates":[[[78.366732,17.440832],[78.366767,17.440987],[78.366659,17.441009],[78.366624,17.440855],[78.366732,17.440832]]]},"properties":{"id":"4a840e6f8983","height":null,"num_floors":null,"render_height_m":9.6,"height_label":"assumed"}},{"type":"Feature","geometry":{"type":"Polygon","coordinates":[[[78.366439,17.440772],[78.366474,17.440862],[78.366392,17.440891],[78.366357,17.440802],[78.366439,17.440772]]]},"properties":{"id":"9369c594c5c1","height":null,"num_floors":null,"render_height_m":9.6,"height_label":"assumed"}},{"type":"Feature","geometry":{"type":"Polygon","coordinates":[[[78.3666,17.440616],[78.365812,17.440875],[78.365751,17.440664],[78.366542,17.440367],[78.3666,17.440616]]]},"properties":{"id":"6c62a8da77fd","height":null,"num_floors":null,"render_height_m":19.2,"height_label":"assumed"}},{"type":"Feature","geometry":{"type":"Polygon","coordinates":[[[78.366307,17.440895],[78.366202,17.440931],[78.366177,17.440863],[78.366282,17.440828],[78.366307,17.440895]]]},"properties":{"id":"3b4eb2e7b115","height":null,"num_floors":null,"render_height_m":9.6,"height_label":"assumed"}},{"type":"Feature","geometry":{"type":"Polygon","coordinates":[[[78.366282,17.440817],[78.366169,17.440852],[78.366142,17.440772],[78.366255,17.440737],[78.366282,17.440817]]]},"properties":{"id":"d321af797c74","height":null,"num_floors":null,"render_height_m":9.6,"height_label":"assumed"}},{"type":"Feature","geometry":{"type":"Polygon","coordinates":[[[78.366376,17.440915],[78.366334,17.440929],[78.366296,17.440825],[78.366339,17.440811],[78.366376,17.440915]]]},"properties":{"id":"3b21da841ace","height":null,"num_floors":null,"render_height_m":6.4,"height_label":"assumed"}},{"type":"Feature","geometry":{"type":"Polygon","coordinates":[[[78.366313,17.440946],[78.36622,17.440978],[78.366207,17.44094],[78.366299,17.440909],[78.366313,17.440946]]]},"properties":{"id":"21a02f421943","height":null,"num_floors":null,"render_height_m":6.4,"height_label":"assumed"}},{"type":"Feature","geometry":{"type":"Polygon","coordinates":[[[78.366348,17.441019],[78.36625,17.441052],[78.366226,17.440989],[78.366325,17.440955],[78.366348,17.441019]]]},"properties":{"id":"0e678fd5a99a","height":null,"num_floors":null,"render_height_m":9.6,"height_label":"assumed"}},{"type":"Feature","geometry":{"type":"Polygon","coordinates":[[[78.366101,17.441123],[78.366062,17.441028],[78.366167,17.440989],[78.366206,17.441084],[78.366101,17.441123]]]},"properties":{"id":"81c43e7ddd20","height":null,"num_floors":null,"render_height_m":9.6,"height_label":"assumed"}},{"type":"Feature","geometry":{"type":"Polygon","coordinates":[[[78.36627,17.441243],[78.366219,17.441264],[78.36617,17.441156],[78.36622,17.441135],[78.36627,17.441243]]]},"properties":{"id":"24b33812543a","height":null,"num_floors":null,"render_height_m":6.4,"height_label":"assumed"}},{"type":"Feature","geometry":{"type":"Polygon","coordinates":[[[78.366378,17.4412],[78.366278,17.441242],[78.366231,17.441139],[78.366332,17.441097],[78.366378,17.4412]]]},"properties":{"id":"fbd86ac8e7d4","height":null,"num_floors":null,"render_height_m":9.6,"height_label":"assumed"}},{"type":"Feature","geometry":{"type":"Polygon","coordinates":[[[78.366472,17.441159],[78.366389,17.441193],[78.366345,17.441096],[78.366428,17.441062],[78.366472,17.441159]]]},"properties":{"id":"4bb0c08f2361","height":null,"num_floors":null,"render_height_m":9.6,"height_label":"assumed"}},{"type":"Feature","geometry":{"type":"Polygon","coordinates":[[[78.366552,17.441143],[78.366488,17.44117],[78.366438,17.44106],[78.366502,17.441033],[78.366552,17.441143]]]},"properties":{"id":"86d00d88a6a8","height":null,"num_floors":null,"render_height_m":9.6,"height_label":"assumed"}},{"type":"Feature","geometry":{"type":"Polygon","coordinates":[[[78.36662,17.441168],[78.366628,17.441197],[78.366568,17.441211],[78.36656,17.441182],[78.36662,17.441168]]]},"properties":{"id":"387ca3a9c81c","height":null,"num_floors":null,"render_height_m":6.4,"height_label":"assumed"}},{"type":"Feature","geometry":{"type":"Polygon","coordinates":[[[78.366623,17.441202],[78.366646,17.44128],[78.366589,17.441295],[78.366566,17.441217],[78.366623,17.441202]]]},"properties":{"id":"1d546281d436","height":null,"num_floors":null,"render_height_m":6.4,"height_label":"assumed"}},{"type":"Feature","geometry":{"type":"Polygon","coordinates":[[[78.366498,17.441243],[78.36642,17.441275],[78.366391,17.44121],[78.366469,17.441178],[78.366498,17.441243]]]},"properties":{"id":"062777fb56b3","height":null,"num_floors":null,"render_height_m":6.4,"height_label":"assumed"}},{"type":"Feature","geometry":{"type":"Polygon","coordinates":[[[78.366384,17.441479],[78.366354,17.441409],[78.366389,17.441395],[78.366419,17.441466],[78.366384,17.441479]]]},"properties":{"id":"634b2b507548","height":null,"num_floors":null,"render_height_m":6.4,"height_label":"assumed"}},{"type":"Feature","geometry":{"type":"Polygon","coordinates":[[[78.366608,17.441419],[78.366568,17.441435],[78.366546,17.441382],[78.366585,17.441366],[78.366608,17.441419]]]},"properties":{"id":"e67343fb960a","height":null,"num_floors":null,"render_height_m":6.4,"height_label":"assumed"}},{"type":"Feature","geometry":{"type":"Polygon","coordinates":[[[78.366575,17.441489],[78.366519,17.44151],[78.366465,17.441383],[78.36652,17.441361],[78.366575,17.441489]]]},"properties":{"id":"c3b2a3cc02cb","height":null,"num_floors":null,"render_height_m":9.6,"height_label":"assumed"}},{"type":"Feature","geometry":{"type":"Polygon","coordinates":[[[78.366644,17.441597],[78.366617,17.441606],[78.366604,17.441574],[78.366632,17.441565],[78.366644,17.441597]]]},"properties":{"id":"320b7e11a849","height":null,"num_floors":null,"render_height_m":6.4,"height_label":"assumed"}},{"type":"Feature","geometry":{"type":"Polygon","coordinates":[[[78.366415,17.441556],[78.366388,17.441491],[78.366487,17.441453],[78.366515,17.441518],[78.366415,17.441556]]]},"properties":{"id":"b42636386080","height":null,"num_floors":null,"render_height_m":9.6,"height_label":"assumed"}},{"type":"Feature","geometry":{"type":"Polygon","coordinates":[[[78.366247,17.441638],[78.366231,17.4416],[78.366326,17.441563],[78.366343,17.441601],[78.366247,17.441638]]]},"properties":{"id":"dbc023eca7ed","height":null,"num_floors":null,"render_height_m":6.4,"height_label":"assumed"}},{"type":"Feature","geometry":{"type":"Polygon","coordinates":[[[78.366301,17.44155],[78.366271,17.441565],[78.366249,17.441527],[78.36628,17.441511],[78.366301,17.44155]]]},"properties":{"id":"9a7962e0df62","height":null,"num_floors":null,"render_height_m":6.4,"height_label":"assumed"}},{"type":"Feature","geometry":{"type":"Polygon","coordinates":[[[78.366298,17.441492],[78.366241,17.441514],[78.366222,17.441469],[78.366279,17.441447],[78.366298,17.441492]]]},"properties":{"id":"2b8758958cf9","height":null,"num_floors":null,"render_height_m":6.4,"height_label":"assumed"}},{"type":"Feature","geometry":{"type":"Polygon","coordinates":[[[78.366406,17.441566],[78.366374,17.441579],[78.366312,17.441436],[78.366344,17.441423],[78.366406,17.441566]]]},"properties":{"id":"1ba272e9e7a9","height":null,"num_floors":null,"render_height_m":6.4,"height_label":"assumed"}},{"type":"Feature","geometry":{"type":"Polygon","coordinates":[[[78.366223,17.441519],[78.366161,17.441541],[78.366147,17.441506],[78.366209,17.441484],[78.366223,17.441519]]]},"properties":{"id":"45b49e613236","height":null,"num_floors":null,"render_height_m":6.4,"height_label":"assumed"}},{"type":"Feature","geometry":{"type":"Polygon","coordinates":[[[78.366125,17.441723],[78.366097,17.441658],[78.366154,17.441636],[78.366182,17.441701],[78.366125,17.441723]]]},"properties":{"id":"4575e31b0c55","height":null,"num_floors":null,"render_height_m":6.4,"height_label":"assumed"}},{"type":"Feature","geometry":{"type":"Polygon","coordinates":[[[78.366337,17.44176],[78.366287,17.441781],[78.366254,17.441711],[78.366304,17.44169],[78.366337,17.44176]]]},"properties":{"id":"d7ecc1439dee","height":null,"num_floors":null,"render_height_m":6.4,"height_label":"assumed"}},{"type":"Feature","geometry":{"type":"Polygon","coordinates":[[[78.366211,17.441878],[78.366184,17.441825],[78.366269,17.441787],[78.366295,17.44184],[78.366211,17.441878]]]},"properties":{"id":"aff977b7b6fe","height":null,"num_floors":null,"render_height_m":6.4,"height_label":"assumed"}},{"type":"Feature","geometry":{"type":"Polygon","coordinates":[[[78.366115,17.441836],[78.366152,17.44182],[78.366184,17.44189],[78.366147,17.441906],[78.366115,17.441836]]]},"properties":{"id":"472a91757ffc","height":null,"num_floors":null,"render_height_m":6.4,"height_label":"assumed"}},{"type":"Feature","geometry":{"type":"Polygon","coordinates":[[[78.366168,17.442039],[78.366139,17.441976],[78.366189,17.441955],[78.366218,17.442018],[78.366168,17.442039]]]},"properties":{"id":"f2a8314985c2","height":null,"num_floors":null,"render_height_m":6.4,"height_label":"assumed"}},{"type":"Feature","geometry":{"type":"Polygon","coordinates":[[[78.366223,17.441995],[78.366286,17.441998],[78.366282,17.442069],[78.36622,17.442067],[78.366223,17.441995]]]},"properties":{"id":"0f67ebd8ee22","height":null,"num_floors":null,"render_height_m":6.4,"height_label":"assumed"}},{"type":"Feature","geometry":{"type":"Polygon","coordinates":[[[78.366351,17.441954],[78.366325,17.441966],[78.366298,17.441915],[78.366325,17.441903],[78.366351,17.441954]]]},"properties":{"id":"fc8f0b896a66","height":null,"num_floors":null,"render_height_m":6.4,"height_label":"assumed"}},{"type":"Feature","geometry":{"type":"Polygon","coordinates":[[[78.366407,17.441928],[78.366364,17.441949],[78.366338,17.4419],[78.366381,17.441879],[78.366407,17.441928]]]},"properties":{"id":"3a4faac92f82","height":null,"num_floors":null,"render_height_m":6.4,"height_label":"assumed"}},{"type":"Feature","geometry":{"type":"Polygon","coordinates":[[[78.366451,17.441918],[78.366477,17.441973],[78.366423,17.441996],[78.366398,17.441941],[78.366451,17.441918]]]},"properties":{"id":"bd5331478290","height":null,"num_floors":null,"render_height_m":6.4,"height_label":"assumed"}},{"type":"Feature","geometry":{"type":"Polygon","coordinates":[[[78.36661,17.442084],[78.366669,17.442211],[78.366605,17.442238],[78.366547,17.442111],[78.36661,17.442084]]]},"properties":{"id":"babdaa45086c","height":null,"num_floors":null,"render_height_m":9.6,"height_label":"assumed"}},{"type":"Feature","geometry":{"type":"Polygon","coordinates":[[[78.366561,17.441841],[78.366555,17.441816],[78.366623,17.4418],[78.366629,17.441825],[78.366561,17.441841]]]},"properties":{"id":"93227584594a","height":null,"num_floors":null,"render_height_m":6.4,"height_label":"assumed"}},{"type":"Feature","geometry":{"type":"Polygon","coordinates":[[[78.366517,17.441861],[78.366508,17.441827],[78.366539,17.44182],[78.366547,17.441854],[78.366517,17.441861]]]},"properties":{"id":"5c823d9d9f1b","height":null,"num_floors":null,"render_height_m":6.4,"height_label":"assumed"}},{"type":"Feature","geometry":{"type":"Polygon","coordinates":[[[78.36653,17.441916],[78.36652,17.441883],[78.366572,17.441869],[78.366581,17.441902],[78.36653,17.441916]]]},"properties":{"id":"86dd106b128e","height":null,"num_floors":null,"render_height_m":6.4,"height_label":"assumed"}},{"type":"Feature","geometry":{"type":"Polygon","coordinates":[[[78.366454,17.441912],[78.366424,17.441925],[78.366398,17.441872],[78.366427,17.441859],[78.366454,17.441912]]]},"properties":{"id":"c3e454915462","height":null,"num_floors":null,"render_height_m":6.4,"height_label":"assumed"}},{"type":"Feature","geometry":{"type":"Polygon","coordinates":[[[78.366364,17.441838],[78.366337,17.441781],[78.366443,17.441736],[78.366469,17.441793],[78.366364,17.441838]]]},"properties":{"id":"16fb8b23798d","height":null,"num_floors":null,"render_height_m":9.6,"height_label":"assumed"}},{"type":"Feature","geometry":{"type":"Polygon","coordinates":[[[78.36651,17.441706],[78.366486,17.441711],[78.366478,17.441679],[78.366501,17.441674],[78.36651,17.441706]]]},"properties":{"id":"1557e2841696","height":null,"num_floors":null,"render_height_m":6.4,"height_label":"assumed"}},{"type":"Feature","geometry":{"type":"Polygon","coordinates":[[[78.366386,17.441734],[78.366355,17.44167],[78.366401,17.441649],[78.366433,17.441714],[78.366386,17.441734]]]},"properties":{"id":"e7c3c2adddf4","height":null,"num_floors":null,"render_height_m":6.4,"height_label":"assumed"}},{"type":"Feature","geometry":{"type":"Polygon","coordinates":[[[78.366507,17.441644],[78.366466,17.441656],[78.366454,17.441619],[78.366495,17.441607],[78.366507,17.441644]]]},"properties":{"id":"82e0178da3fa","height":null,"num_floors":null,"render_height_m":6.4,"height_label":"assumed"}},{"type":"Feature","geometry":{"type":"Polygon","coordinates":[[[78.36658,17.441645],[78.366547,17.441652],[78.366531,17.441587],[78.366563,17.44158],[78.36658,17.441645]]]},"properties":{"id":"233242fca9d1","height":null,"num_floors":null,"render_height_m":6.4,"height_label":"assumed"}},{"type":"Feature","geometry":{"type":"Polygon","coordinates":[[[78.366591,17.441692],[78.366558,17.441699],[78.36655,17.441666],[78.366583,17.441659],[78.366591,17.441692]]]},"properties":{"id":"a303de02afd5","height":null,"num_floors":null,"render_height_m":6.4,"height_label":"assumed"}},{"type":"Feature","geometry":{"type":"Polygon","coordinates":[[[78.366665,17.441675],[78.366629,17.441682],[78.366622,17.441644],[78.366658,17.441638],[78.366665,17.441675]]]},"properties":{"id":"c632a9673be8","height":null,"num_floors":null,"render_height_m":6.4,"height_label":"assumed"}},{"type":"Feature","geometry":{"type":"Polygon","coordinates":[[[78.366744,17.441651],[78.366706,17.441661],[78.366696,17.441623],[78.366733,17.441613],[78.366744,17.441651]]]},"properties":{"id":"9bb345393ba2","height":null,"num_floors":null,"render_height_m":6.4,"height_label":"assumed"}},{"type":"Feature","geometry":{"type":"Polygon","coordinates":[[[78.366648,17.441858],[78.366634,17.441796],[78.366683,17.441786],[78.366698,17.441848],[78.366648,17.441858]]]},"properties":{"id":"3654b7e0dd90","height":null,"num_floors":null,"render_height_m":6.4,"height_label":"assumed"}},{"type":"Feature","geometry":{"type":"Polygon","coordinates":[[[78.366658,17.44192],[78.366646,17.441865],[78.366701,17.441854],[78.366713,17.441909],[78.366658,17.44192]]]},"properties":{"id":"bf156e32fb2e","height":null,"num_floors":null,"render_height_m":6.4,"height_label":"assumed"}},{"type":"Feature","geometry":{"type":"Polygon","coordinates":[[[78.366747,17.441895],[78.366719,17.441899],[78.36671,17.441848],[78.366737,17.441844],[78.366747,17.441895]]]},"properties":{"id":"f80a8034ec8d","height":null,"num_floors":null,"render_height_m":6.4,"height_label":"assumed"}},{"type":"Feature","geometry":{"type":"Polygon","coordinates":[[[78.366739,17.44183],[78.3667,17.441836],[78.36669,17.441782],[78.366729,17.441775],[78.366739,17.44183]]]},"properties":{"id":"44075794eb52","height":null,"num_floors":null,"render_height_m":6.4,"height_label":"assumed"}},{"type":"Feature","geometry":{"type":"Polygon","coordinates":[[[78.366802,17.441824],[78.366771,17.441829],[78.366758,17.441757],[78.366789,17.441752],[78.366802,17.441824]]]},"properties":{"id":"c6450f1a6735","height":null,"num_floors":null,"render_height_m":6.4,"height_label":"assumed"}},{"type":"Feature","geometry":{"type":"Polygon","coordinates":[[[78.366825,17.441898],[78.366786,17.441903],[78.366776,17.44184],[78.366815,17.441835],[78.366825,17.441898]]]},"properties":{"id":"7b69a1085ca8","height":null,"num_floors":null,"render_height_m":6.4,"height_label":"assumed"}},{"type":"Feature","geometry":{"type":"Polygon","coordinates":[[[78.366849,17.441792],[78.36682,17.441796],[78.366812,17.441746],[78.366841,17.441741],[78.366849,17.441792]]]},"properties":{"id":"bc5dbc2fb59a","height":null,"num_floors":null,"render_height_m":6.4,"height_label":"assumed"}},{"type":"Feature","geometry":{"type":"Polygon","coordinates":[[[78.366818,17.441639],[78.366782,17.441647],[78.366773,17.441612],[78.36681,17.441605],[78.366818,17.441639]]]},"properties":{"id":"8f29dfdbfbac","height":null,"num_floors":null,"render_height_m":6.4,"height_label":"assumed"}},{"type":"Feature","geometry":{"type":"Polygon","coordinates":[[[78.366864,17.441667],[78.366852,17.441598],[78.366889,17.441592],[78.366902,17.441661],[78.366864,17.441667]]]},"properties":{"id":"737afd2fb852","height":null,"num_floors":null,"render_height_m":6.4,"height_label":"assumed"}},{"type":"Feature","geometry":{"type":"Polygon","coordinates":[[[78.36702,17.441812],[78.366968,17.441822],[78.366941,17.441703],[78.366994,17.441693],[78.36702,17.441812]]]},"properties":{"id":"d764ee958612","height":null,"num_floors":null,"render_height_m":6.4,"height_label":"assumed"}},{"type":"Feature","geometry":{"type":"Polygon","coordinates":[[[78.366955,17.441823],[78.366822,17.441854],[78.366814,17.441823],[78.366892,17.441804],[78.366882,17.441767],[78.366938,17.441754],[78.366955,17.441823]]]},"properties":{"id":"3287749f16f0","height":null,"num_floors":null,"render_height_m":6.4,"height_label":"assumed"}},{"type":"Feature","geometry":{"type":"Polygon","coordinates":[[[78.366995,17.44194],[78.367011,17.44199],[78.366912,17.44202],[78.366896,17.44197],[78.366995,17.44194]]]},"properties":{"id":"f2903e839089","height":null,"num_floors":null,"render_height_m":6.4,"height_label":"assumed"}},{"type":"Feature","geometry":{"type":"Polygon","coordinates":[[[78.367099,17.441904],[78.367115,17.441951],[78.367014,17.441983],[78.366998,17.441936],[78.367099,17.441904]]]},"properties":{"id":"fb18ad9c538f","height":null,"num_floors":null,"render_height_m":6.4,"height_label":"assumed"}},{"type":"Feature","geometry":{"type":"Polygon","coordinates":[[[78.366804,17.4421],[78.366817,17.442142],[78.36677,17.442155],[78.366757,17.442113],[78.366804,17.4421]]]},"properties":{"id":"2fdee6950d2e","height":null,"num_floors":null,"render_height_m":6.4,"height_label":"assumed"}},{"type":"Feature","geometry":{"type":"Polygon","coordinates":[[[78.366715,17.442049],[78.366752,17.44213],[78.366652,17.442172],[78.366615,17.442092],[78.366715,17.442049]]]},"properties":{"id":"c74fce6ece1c","height":null,"num_floors":null,"render_height_m":9.6,"height_label":"assumed"}},{"type":"Feature","geometry":{"type":"Polygon","coordinates":[[[78.367205,17.442693],[78.366758,17.442768],[78.366688,17.442437],[78.366738,17.442282],[78.366766,17.442213],[78.366855,17.442195],[78.366819,17.442042],[78.367036,17.441996],[78.367205,17.442693]]]},"properties":{"id":"f90c09ecb7e0","height":19.2,"num_floors":6,"render_height_m":19.2,"height_label":"estimated"}},{"type":"Feature","geometry":{"type":"Polygon","coordinates":[[[78.366623,17.442255],[78.366649,17.442329],[78.366593,17.442348],[78.366567,17.442274],[78.366623,17.442255]]]},"properties":{"id":"95afb9c831f2","height":null,"num_floors":null,"render_height_m":6.4,"height_label":"assumed"}},{"type":"Feature","geometry":{"type":"Polygon","coordinates":[[[78.366535,17.44211],[78.36659,17.442229],[78.366473,17.442279],[78.366418,17.44216],[78.366535,17.44211]]]},"properties":{"id":"ccdcfe400eec","height":null,"num_floors":null,"render_height_m":9.6,"height_label":"assumed"}},{"type":"Feature","geometry":{"type":"Polygon","coordinates":[[[78.366256,17.442466],[78.366225,17.442402],[78.366298,17.442369],[78.36633,17.442433],[78.366256,17.442466]]]},"properties":{"id":"0df81385950a","height":null,"num_floors":null,"render_height_m":6.4,"height_label":"assumed"}},{"type":"Feature","geometry":{"type":"Polygon","coordinates":[[[78.366409,17.442244],[78.366443,17.442329],[78.366309,17.44238],[78.366274,17.442295],[78.366409,17.442244]]]},"properties":{"id":"376fd4ac6c30","height":null,"num_floors":null,"render_height_m":9.6,"height_label":"assumed"}},{"type":"Feature","geometry":{"type":"Polygon","coordinates":[[[78.366375,17.442162],[78.366409,17.442244],[78.366329,17.442274],[78.366296,17.442192],[78.366375,17.442162]]]},"properties":{"id":"0138a7a54102","height":null,"num_floors":null,"render_height_m":9.6,"height_label":"assumed"}},{"type":"Feature","geometry":{"type":"Polygon","coordinates":[[[78.366296,17.442192],[78.366321,17.442254],[78.366208,17.442297],[78.366183,17.442235],[78.366296,17.442192]]]},"properties":{"id":"bc60b511ebbb","height":null,"num_floors":null,"render_height_m":9.6,"height_label":"assumed"}},{"type":"Feature","geometry":{"type":"Polygon","coordinates":[[[78.366223,17.442386],[78.366193,17.442328],[78.366268,17.442294],[78.366297,17.442353],[78.366223,17.442386]]]},"properties":{"id":"0d7dd3a77fa6","height":null,"num_floors":null,"render_height_m":6.4,"height_label":"assumed"}},{"type":"Feature","geometry":{"type":"Polygon","coordinates":[[[78.366205,17.44251],[78.366173,17.442527],[78.36614,17.442472],[78.366171,17.442455],[78.366205,17.44251]]]},"properties":{"id":"7cb31260d4bf","height":null,"num_floors":null,"render_height_m":6.4,"height_label":"assumed"}},{"type":"Feature","geometry":{"type":"Polygon","coordinates":[[[78.366191,17.44258],[78.366161,17.442596],[78.366131,17.442544],[78.366162,17.442528],[78.366191,17.44258]]]},"properties":{"id":"688230ecaf5e","height":null,"num_floors":null,"render_height_m":6.4,"height_label":"assumed"}},{"type":"Feature","geometry":{"type":"Polygon","coordinates":[[[78.366293,17.442528],[78.366275,17.442489],[78.366351,17.442456],[78.366369,17.442495],[78.366293,17.442528]]]},"properties":{"id":"38a4dc14495d","height":null,"num_floors":null,"render_height_m":6.4,"height_label":"assumed"}},{"type":"Feature","geometry":{"type":"Polygon","coordinates":[[[78.366105,17.442631],[78.366065,17.442646],[78.366039,17.442584],[78.366078,17.442569],[78.366105,17.442631]]]},"properties":{"id":"d07cfb11ee15","height":null,"num_floors":null,"render_height_m":6.4,"height_label":"assumed"}},{"type":"Feature","geometry":{"type":"Polygon","coordinates":[[[78.366127,17.442546],[78.366096,17.44256],[78.366057,17.442479],[78.366087,17.442465],[78.366127,17.442546]]]},"properties":{"id":"abd1be51fd57","height":null,"num_floors":null,"render_height_m":6.4,"height_label":"assumed"}},{"type":"Feature","geometry":{"type":"Polygon","coordinates":[[[78.366041,17.442579],[78.366005,17.442594],[78.365966,17.44251],[78.366002,17.442495],[78.366041,17.442579]]]},"properties":{"id":"500e35cc95da","height":null,"num_floors":null,"render_height_m":6.4,"height_label":"assumed"}},{"type":"Feature","geometry":{"type":"Polygon","coordinates":[[[78.366084,17.442559],[78.366051,17.442574],[78.366014,17.442497],[78.366046,17.442483],[78.366084,17.442559]]]},"properties":{"id":"5a9bc7b05b81","height":null,"num_floors":null,"render_height_m":6.4,"height_label":"assumed"}},{"type":"Feature","geometry":{"type":"Polygon","coordinates":[[[78.365968,17.442553],[78.365922,17.442569],[78.365907,17.44253],[78.365954,17.442514],[78.365968,17.442553]]]},"properties":{"id":"96d8f6ddf64d","height":null,"num_floors":null,"render_height_m":6.4,"height_label":"assumed"}},{"type":"Feature","geometry":{"type":"Polygon","coordinates":[[[78.365929,17.442704],[78.365909,17.442659],[78.365999,17.442624],[78.366018,17.44267],[78.365929,17.442704]]]},"properties":{"id":"1e14be1ec85d","height":null,"num_floors":null,"render_height_m":6.4,"height_label":"assumed"}},{"type":"Feature","geometry":{"type":"Polygon","coordinates":[[[78.365922,17.442717],[78.365887,17.442731],[78.365852,17.442652],[78.365887,17.442637],[78.365922,17.442717]]]},"properties":{"id":"28a278c8914d","height":null,"num_floors":null,"render_height_m":6.4,"height_label":"assumed"}},{"type":"Feature","geometry":{"type":"Polygon","coordinates":[[[78.365876,17.442732],[78.365809,17.442758],[78.365788,17.442711],[78.365825,17.442697],[78.365813,17.442668],[78.365844,17.442656],[78.365876,17.442732]]]},"properties":{"id":"74420354652a","height":null,"num_floors":null,"render_height_m":6.4,"height_label":"assumed"}},{"type":"Feature","geometry":{"type":"Polygon","coordinates":[[[78.365873,17.442627],[78.365839,17.442641],[78.365807,17.442567],[78.36584,17.442554],[78.365873,17.442627]]]},"properties":{"id":"c04d6acb26bd","height":null,"num_floors":null,"render_height_m":6.4,"height_label":"assumed"}},{"type":"Feature","geometry":{"type":"Polygon","coordinates":[[[78.365751,17.442626],[78.365731,17.442581],[78.365793,17.442556],[78.365814,17.442601],[78.365751,17.442626]]]},"properties":{"id":"cb3d6082ca35","height":null,"num_floors":null,"render_height_m":6.4,"height_label":"assumed"}},{"type":"Feature","geometry":{"type":"Polygon","coordinates":[[[78.365833,17.442488],[78.365794,17.442391],[78.365868,17.442365],[78.365907,17.442462],[78.365833,17.442488]]]},"properties":{"id":"e4e4abdbe595","height":null,"num_floors":null,"render_height_m":9.6,"height_label":"assumed"}},{"type":"Feature","geometry":{"type":"Polygon","coordinates":[[[78.365883,17.442285],[78.365908,17.442339],[78.365835,17.44237],[78.365811,17.442316],[78.365883,17.442285]]]},"properties":{"id":"97c7218b639e","height":null,"num_floors":null,"render_height_m":6.4,"height_label":"assumed"}},{"type":"Feature","geometry":{"type":"Polygon","coordinates":[[[78.365738,17.442403],[78.365717,17.442356],[78.365782,17.442329],[78.365803,17.442376],[78.365738,17.442403]]]},"properties":{"id":"e5084dd02350","height":null,"num_floors":null,"render_height_m":6.4,"height_label":"assumed"}},{"type":"Feature","geometry":{"type":"Polygon","coordinates":[[[78.365783,17.442507],[78.365744,17.442411],[78.36579,17.442394],[78.365829,17.44249],[78.365783,17.442507]]]},"properties":{"id":"e1d7bc01cf9d","height":null,"num_floors":null,"render_height_m":6.4,"height_label":"assumed"}},{"type":"Feature","geometry":{"type":"Polygon","coordinates":[[[78.36589,17.442258],[78.365719,17.442332],[78.365677,17.442243],[78.365848,17.442169],[78.36589,17.442258]]]},"properties":{"id":"1ffd58a9c07f","height":null,"num_floors":null,"render_height_m":9.6,"height_label":"assumed"}},{"type":"Feature","geometry":{"type":"Polygon","coordinates":[[[78.365942,17.442341],[78.365902,17.442263],[78.366025,17.442205],[78.366065,17.442282],[78.365942,17.442341]]]},"properties":{"id":"82401fc96166","height":null,"num_floors":null,"render_height_m":9.6,"height_label":"assumed"}},{"type":"Feature","geometry":{"type":"Polygon","coordinates":[[[78.365918,17.442468],[78.365894,17.442407],[78.365993,17.442371],[78.366017,17.442433],[78.365918,17.442468]]]},"properties":{"id":"8557362a8d16","height":null,"num_floors":null,"render_height_m":9.6,"height_label":"assumed"}},{"type":"Feature","geometry":{"type":"Polygon","coordinates":[[[78.366063,17.442416],[78.366034,17.442357],[78.366113,17.442321],[78.366142,17.44238],[78.366063,17.442416]]]},"properties":{"id":"92d29505453d","height":null,"num_floors":null,"render_height_m":6.4,"height_label":"assumed"}},{"type":"Feature","geometry":{"type":"Polygon","coordinates":[[[78.366065,17.442121],[78.366017,17.442024],[78.366073,17.441999],[78.366121,17.442096],[78.366065,17.442121]]]},"properties":{"id":"ec7d6589191e","height":null,"num_floors":null,"render_height_m":6.4,"height_label":"assumed"}},{"type":"Feature","geometry":{"type":"Polygon","coordinates":[[[78.365899,17.442253],[78.36585,17.442155],[78.365992,17.442091],[78.366041,17.442189],[78.365899,17.442253]]]},"properties":{"id":"02f01dfadb3e","height":null,"num_floors":null,"render_height_m":9.6,"height_label":"assumed"}},{"type":"Feature","geometry":{"type":"Polygon","coordinates":[[[78.365977,17.442062],[78.365902,17.442095],[78.365848,17.441985],[78.365923,17.441951],[78.365977,17.442062]]]},"properties":{"id":"b4d93cca01da","height":null,"num_floors":null,"render_height_m":9.6,"height_label":"assumed"}},{"type":"Feature","geometry":{"type":"Polygon","coordinates":[[[78.365961,17.44192],[78.365928,17.441858],[78.366043,17.441802],[78.366076,17.441864],[78.365961,17.44192]]]},"properties":{"id":"2557b1de42e7","height":null,"num_floors":null,"render_height_m":9.6,"height_label":"assumed"}},{"type":"Feature","geometry":{"type":"Polygon","coordinates":[[[78.366008,17.441674],[78.365949,17.441697],[78.365907,17.441597],[78.365966,17.441574],[78.366008,17.441674]]]},"properties":{"id":"aa722353cc66","height":null,"num_floors":null,"render_height_m":9.6,"height_label":"assumed"}},{"type":"Feature","geometry":{"type":"Polygon","coordinates":[[[78.36594,17.441701],[78.365863,17.441731],[78.365821,17.441633],[78.365899,17.441603],[78.36594,17.441701]]]},"properties":{"id":"fa7a723749ab","height":null,"num_floors":null,"render_height_m":9.6,"height_label":"assumed"}},{"type":"Feature","geometry":{"type":"Polygon","coordinates":[[[78.365962,17.441786],[78.365902,17.44181],[78.365876,17.441749],[78.365937,17.441726],[78.365962,17.441786]]]},"properties":{"id":"ec83861cd859","height":null,"num_floors":null,"render_height_m":6.4,"height_label":"assumed"}},{"type":"Feature","geometry":{"type":"Polygon","coordinates":[[[78.365855,17.44187],[78.365721,17.441928],[78.365693,17.44187],[78.365828,17.441812],[78.365855,17.44187]]]},"properties":{"id":"04d2d0fcde63","height":null,"num_floors":null,"render_height_m":9.6,"height_label":"assumed"}},{"type":"Feature","geometry":{"type":"Polygon","coordinates":[[[78.36584,17.4418],[78.365769,17.441833],[78.365746,17.441787],[78.365817,17.441754],[78.36584,17.4418]]]},"properties":{"id":"6d8717bb568c","height":null,"num_floors":null,"render_height_m":6.4,"height_label":"assumed"}},{"type":"Feature","geometry":{"type":"Polygon","coordinates":[[[78.365807,17.441751],[78.365747,17.441778],[78.365727,17.441738],[78.365786,17.44171],[78.365807,17.441751]]]},"properties":{"id":"f61f7c4273d7","height":null,"num_floors":null,"render_height_m":6.4,"height_label":"assumed"}},{"type":"Feature","geometry":{"type":"Polygon","coordinates":[[[78.36579,17.441698],[78.365718,17.44173],[78.365695,17.441683],[78.365766,17.44165],[78.36579,17.441698]]]},"properties":{"id":"2b6594741b4e","height":null,"num_floors":null,"render_height_m":6.4,"height_label":"assumed"}},{"type":"Feature","geometry":{"type":"Polygon","coordinates":[[[78.365713,17.44174],[78.365638,17.441774],[78.365611,17.44172],[78.365685,17.441685],[78.365713,17.44174]]]},"properties":{"id":"46cd1389bcfa","height":null,"num_floors":null,"render_height_m":6.4,"height_label":"assumed"}},{"type":"Feature","geometry":{"type":"Polygon","coordinates":[[[78.365734,17.441783],[78.365665,17.441815],[78.365647,17.441781],[78.365717,17.441749],[78.365734,17.441783]]]},"properties":{"id":"32605f928f9d","height":null,"num_floors":null,"render_height_m":6.4,"height_label":"assumed"}},{"type":"Feature","geometry":{"type":"Polygon","coordinates":[[[78.365684,17.441867],[78.365661,17.441821],[78.365735,17.441787],[78.365758,17.441834],[78.365684,17.441867]]]},"properties":{"id":"987541f27c1c","height":null,"num_floors":null,"render_height_m":6.4,"height_label":"assumed"}},{"type":"Feature","geometry":{"type":"Polygon","coordinates":[[[78.365589,17.441993],[78.36557,17.441956],[78.36567,17.441908],[78.36569,17.441945],[78.365589,17.441993]]]},"properties":{"id":"610e34622e9b","height":null,"num_floors":null,"render_height_m":6.4,"height_label":"assumed"}},{"type":"Feature","geometry":{"type":"Polygon","coordinates":[[[78.365817,17.442108],[78.365861,17.442094],[78.365876,17.44214],[78.365832,17.442154],[78.365817,17.442108]]]},"properties":{"id":"e1f93b7f58ac","height":null,"num_floors":null,"render_height_m":6.4,"height_label":"assumed"}},{"type":"Feature","geometry":{"type":"Polygon","coordinates":[[[78.36568,17.44223],[78.365578,17.442024],[78.365676,17.44198],[78.365778,17.442186],[78.36568,17.44223]]]},"properties":{"id":"17eed75881a0","height":null,"num_floors":null,"render_height_m":12.8,"height_label":"assumed"}},{"type":"Feature","geometry":{"type":"Polygon","coordinates":[[[78.365658,17.44189],[78.365556,17.441938],[78.365533,17.441894],[78.365635,17.441846],[78.365658,17.44189]]]},"properties":{"id":"b4027eea27ae","height":null,"num_floors":null,"render_height_m":6.4,"height_label":"assumed"}},{"type":"Feature","geometry":{"type":"Polygon","coordinates":[[[78.365621,17.441848],[78.36553,17.441888],[78.36548,17.441786],[78.365571,17.441746],[78.365621,17.441848]]]},"properties":{"id":"349c2a20c527","height":null,"num_floors":null,"render_height_m":9.6,"height_label":"assumed"}},{"type":"Feature","geometry":{"type":"Polygon","coordinates":[[[78.365488,17.441653],[78.365514,17.441706],[78.365454,17.441733],[78.365428,17.441679],[78.365488,17.441653]]]},"properties":{"id":"1541ac7b9b00","height":null,"num_floors":null,"render_height_m":6.4,"height_label":"assumed"}},{"type":"Feature","geometry":{"type":"Polygon","coordinates":[[[78.364613,17.442196],[78.364645,17.442187],[78.364655,17.44222],[78.364623,17.442229],[78.364613,17.442196]]]},"properties":{"id":"43032eab9e38","height":null,"num_floors":null,"render_height_m":6.4,"height_label":"assumed"}},{"type":"Feature","geometry":{"type":"Polygon","coordinates":[[[78.364179,17.44229],[78.364131,17.442198],[78.364277,17.442129],[78.364324,17.442221],[78.364179,17.44229]]]},"properties":{"id":"8d5cccb9c741","height":null,"num_floors":null,"render_height_m":9.6,"height_label":"assumed"}},{"type":"Feature","geometry":{"type":"Polygon","coordinates":[[[78.364609,17.442168],[78.364622,17.442203],[78.364581,17.442217],[78.364568,17.442182],[78.364609,17.442168]]]},"properties":{"id":"e1ed1836db71","height":null,"num_floors":null,"render_height_m":6.4,"height_label":"assumed"}},{"type":"Feature","geometry":{"type":"Polygon","coordinates":[[[78.364503,17.441856],[78.364572,17.441975],[78.364472,17.442029],[78.364402,17.44191],[78.364503,17.441856]]]},"properties":{"id":"098a1454382d","height":null,"num_floors":null,"render_height_m":9.6,"height_label":"assumed"}},{"type":"Feature","geometry":{"type":"Polygon","coordinates":[[[78.364292,17.441783],[78.364224,17.441812],[78.364187,17.441731],[78.364256,17.441703],[78.364292,17.441783]]]},"properties":{"id":"9a48092693d2","height":null,"num_floors":null,"render_height_m":6.4,"height_label":"assumed"}},{"type":"Feature","geometry":{"type":"Polygon","coordinates":[[[78.364379,17.441746],[78.364326,17.441771],[78.364271,17.441664],[78.364324,17.441639],[78.364379,17.441746]]]},"properties":{"id":"38a301491640","height":null,"num_floors":null,"render_height_m":9.6,"height_label":"assumed"}},{"type":"Feature","geometry":{"type":"Polygon","coordinates":[[[78.364782,17.44177],[78.364745,17.441712],[78.364878,17.441634],[78.364915,17.441692],[78.364782,17.44177]]]},"properties":{"id":"cded5cd7b207","height":null,"num_floors":null,"render_height_m":9.6,"height_label":"assumed"}},{"type":"Feature","geometry":{"type":"Polygon","coordinates":[[[78.364589,17.442091],[78.364537,17.442012],[78.364659,17.44194],[78.36471,17.442019],[78.364589,17.442091]]]},"properties":{"id":"a2d40e900d0e","height":null,"num_floors":null,"render_height_m":9.6,"height_label":"assumed"}},{"type":"Feature","geometry":{"type":"Polygon","coordinates":[[[78.364666,17.442199],[78.36462,17.442132],[78.364728,17.442064],[78.364774,17.44213],[78.364666,17.442199]]]},"properties":{"id":"c02657b1000d","height":null,"num_floors":null,"render_height_m":9.6,"height_label":"assumed"}},{"type":"Feature","geometry":{"type":"Polygon","coordinates":[[[78.364891,17.441919],[78.36485,17.441849],[78.364961,17.44179],[78.365002,17.44186],[78.364891,17.441919]]]},"properties":{"id":"aa0099cb0d5b","height":null,"num_floors":null,"render_height_m":9.6,"height_label":"assumed"}},{"type":"Feature","geometry":{"type":"Polygon","coordinates":[[[78.364881,17.441822],[78.364844,17.441764],[78.364932,17.441713],[78.364969,17.441771],[78.364881,17.441822]]]},"properties":{"id":"3120b3ebf8f5","height":null,"num_floors":null,"render_height_m":9.6,"height_label":"assumed"}},{"type":"Feature","geometry":{"type":"Polygon","coordinates":[[[78.365007,17.441729],[78.36493,17.441603],[78.365146,17.441482],[78.365223,17.441608],[78.365007,17.441729]]]},"properties":{"id":"47d693137d63","height":null,"num_floors":null,"render_height_m":12.8,"height_label":"assumed"}},{"type":"Feature","geometry":{"type":"Polygon","coordinates":[[[78.364887,17.441388],[78.364899,17.441422],[78.364864,17.441433],[78.364852,17.441399],[78.364887,17.441388]]]},"properties":{"id":"f83243926ff0","height":null,"num_floors":null,"render_height_m":6.4,"height_label":"assumed"}},{"type":"Feature","geometry":{"type":"Polygon","coordinates":[[[78.365077,17.441268],[78.365048,17.441217],[78.365103,17.441189],[78.365131,17.44124],[78.365077,17.441268]]]},"properties":{"id":"6dc29b67ea1a","height":null,"num_floors":null,"render_height_m":6.4,"height_label":"assumed"}},{"type":"Feature","geometry":{"type":"Polygon","coordinates":[[[78.36514,17.441152],[78.365096,17.441175],[78.365031,17.441061],[78.365075,17.441038],[78.36514,17.441152]]]},"properties":{"id":"5ac8dd54c99e","height":null,"num_floors":null,"render_height_m":6.4,"height_label":"assumed"}},{"type":"Feature","geometry":{"type":"Polygon","coordinates":[[[78.365075,17.441153],[78.365027,17.441179],[78.364988,17.441112],[78.365036,17.441087],[78.365075,17.441153]]]},"properties":{"id":"bb2255351fa5","height":null,"num_floors":null,"render_height_m":6.4,"height_label":"assumed"}},{"type":"Feature","geometry":{"type":"Polygon","coordinates":[[[78.364999,17.441247],[78.364904,17.441295],[78.364844,17.441185],[78.364939,17.441137],[78.364999,17.441247]]]},"properties":{"id":"9803d21fe102","height":null,"num_floors":null,"render_height_m":9.6,"height_label":"assumed"}},{"type":"Feature","geometry":{"type":"Polygon","coordinates":[[[78.365035,17.441296],[78.364935,17.441355],[78.364907,17.441312],[78.365007,17.441253],[78.365035,17.441296]]]},"properties":{"id":"8ab895126eab","height":null,"num_floors":null,"render_height_m":6.4,"height_label":"assumed"}},{"type":"Feature","geometry":{"type":"Polygon","coordinates":[[[78.364895,17.44132],[78.364795,17.441377],[78.364748,17.441303],[78.364848,17.441246],[78.364895,17.44132]]]},"properties":{"id":"ab6fb1301a49","height":null,"num_floors":null,"render_height_m":9.6,"height_label":"assumed"}},{"type":"Feature","geometry":{"type":"Polygon","coordinates":[[[78.364867,17.441142],[78.364814,17.441168],[78.364783,17.441109],[78.364835,17.441083],[78.364867,17.441142]]]},"properties":{"id":"9f40ee21e08e","height":null,"num_floors":null,"render_height_m":6.4,"height_label":"assumed"}},{"type":"Feature","geometry":{"type":"Polygon","coordinates":[[[78.364698,17.441342],[78.364608,17.441385],[78.364585,17.441342],[78.364675,17.441298],[78.364698,17.441342]]]},"properties":{"id":"d661a4ec1eff","height":null,"num_floors":null,"render_height_m":6.4,"height_label":"assumed"}},{"type":"Feature","geometry":{"type":"Polygon","coordinates":[[[78.364667,17.441534],[78.364595,17.441405],[78.364662,17.441371],[78.364692,17.441426],[78.364667,17.441438],[78.364709,17.441513],[78.364667,17.441534]]]},"properties":{"id":"d61c131f115e","height":null,"num_floors":null,"render_height_m":9.6,"height_label":"assumed"}},{"type":"Feature","geometry":{"type":"Polygon","coordinates":[[[78.36457,17.441651],[78.364543,17.441609],[78.364637,17.441554],[78.364664,17.441596],[78.36457,17.441651]]]},"properties":{"id":"d1624b312add","height":null,"num_floors":null,"render_height_m":6.4,"height_label":"assumed"}},{"type":"Feature","geometry":{"type":"Polygon","coordinates":[[[78.364585,17.44143],[78.364464,17.441492],[78.364429,17.44143],[78.36455,17.441368],[78.364585,17.44143]]]},"properties":{"id":"79f96745e00d","height":null,"num_floors":null,"render_height_m":9.6,"height_label":"assumed"}},{"type":"Feature","geometry":{"type":"Polygon","coordinates":[[[78.364547,17.441363],[78.364433,17.441422],[78.364392,17.441349],[78.364505,17.44129],[78.364547,17.441363]]]},"properties":{"id":"d59b8808a723","height":null,"num_floors":null,"render_height_m":9.6,"height_label":"assumed"}},{"type":"Feature","geometry":{"type":"Polygon","coordinates":[[[78.364144,17.441622],[78.364085,17.441514],[78.364143,17.441485],[78.364202,17.441593],[78.364144,17.441622]]]},"properties":{"id":"eeeed364af32","height":null,"num_floors":null,"render_height_m":9.6,"height_label":"assumed"}},{"type":"Feature","geometry":{"type":"Polygon","coordinates":[[[78.364345,17.441395],[78.364219,17.441458],[78.364182,17.441389],[78.364307,17.441326],[78.364345,17.441395]]]},"properties":{"id":"377011af2f1d","height":null,"num_floors":null,"render_height_m":9.6,"height_label":"assumed"}},{"type":"Feature","geometry":{"type":"Polygon","coordinates":[[[78.364169,17.441369],[78.364125,17.44129],[78.364253,17.441226],[78.364297,17.441305],[78.364169,17.441369]]]},"properties":{"id":"f8b8a30ea967","height":null,"num_floors":null,"render_height_m":9.6,"height_label":"assumed"}},{"type":"Feature","geometry":{"type":"Polygon","coordinates":[[[78.364239,17.441212],[78.364117,17.441273],[78.36407,17.441188],[78.364192,17.441127],[78.364239,17.441212]]]},"properties":{"id":"eaa73a5c05f5","height":null,"num_floors":null,"render_height_m":9.6,"height_label":"assumed"}},{"type":"Feature","geometry":{"type":"Polygon","coordinates":[[[78.36431,17.441184],[78.364273,17.441116],[78.364353,17.441076],[78.36439,17.441143],[78.36431,17.441184]]]},"properties":{"id":"0fc0dd9556d1","height":null,"num_floors":null,"render_height_m":9.6,"height_label":"assumed"}},{"type":"Feature","geometry":{"type":"Polygon","coordinates":[[[78.364468,17.441196],[78.364348,17.441257],[78.364311,17.441191],[78.364431,17.441129],[78.364468,17.441196]]]},"properties":{"id":"91c0be3802eb","height":null,"num_floors":null,"render_height_m":9.6,"height_label":"assumed"}},{"type":"Feature","geometry":{"type":"Polygon","coordinates":[[[78.3645,17.441248],[78.364392,17.441305],[78.364367,17.441262],[78.364475,17.441205],[78.3645,17.441248]]]},"properties":{"id":"3eb70e2cc032","height":null,"num_floors":null,"render_height_m":6.4,"height_label":"assumed"}},{"type":"Feature","geometry":{"type":"Polygon","coordinates":[[[78.364678,17.441288],[78.364568,17.441341],[78.36454,17.441287],[78.364649,17.441234],[78.364678,17.441288]]]},"properties":{"id":"06f0d32dfe2e","height":null,"num_floors":null,"render_height_m":9.6,"height_label":"assumed"}},{"type":"Feature","geometry":{"type":"Polygon","coordinates":[[[78.364528,17.44128],[78.36449,17.441208],[78.364617,17.441147],[78.364656,17.441219],[78.364528,17.44128]]]},"properties":{"id":"02eab7e7b8ac","height":null,"num_floors":null,"render_height_m":9.6,"height_label":"assumed"}},{"type":"Feature","geometry":{"type":"Polygon","coordinates":[[[78.36442,17.441039],[78.364358,17.441064],[78.364317,17.440975],[78.364379,17.440949],[78.36442,17.441039]]]},"properties":{"id":"1cb82421ac8e","height":null,"num_floors":null,"render_height_m":6.4,"height_label":"assumed"}},{"type":"Feature","geometry":{"type":"Polygon","coordinates":[[[78.364294,17.440583],[78.364291,17.440445],[78.364402,17.440443],[78.364405,17.440582],[78.364294,17.440583]]]},"properties":{"id":"857190d06c1f","height":null,"num_floors":null,"render_height_m":9.6,"height_label":"assumed"}},{"type":"Feature","geometry":{"type":"Polygon","coordinates":[[[78.364304,17.440602],[78.364341,17.440604],[78.364338,17.440669],[78.364413,17.440673],[78.364411,17.44071],[78.364299,17.440704],[78.364304,17.440602]]]},"properties":{"id":"dfe00c0423c2","height":null,"num_floors":null,"render_height_m":6.4,"height_label":"assumed"}},{"type":"Feature","geometry":{"type":"Polygon","coordinates":[[[78.3646,17.440745],[78.36446,17.440751],[78.364456,17.440669],[78.364596,17.440663],[78.3646,17.440745]]]},"properties":{"id":"b974e2ecfce8","height":null,"num_floors":null,"render_height_m":9.6,"height_label":"assumed"}},{"type":"Feature","geometry":{"type":"Polygon","coordinates":[[[78.364594,17.44062],[78.364459,17.440618],[78.36446,17.440579],[78.364594,17.44058],[78.364594,17.44062]]]},"properties":{"id":"df2a44f3ea20","height":null,"num_floors":null,"render_height_m":6.4,"height_label":"assumed"}},{"type":"Feature","geometry":{"type":"Polygon","coordinates":[[[78.36492,17.440672],[78.364737,17.440689],[78.364725,17.440573],[78.364908,17.440556],[78.36492,17.440672]]]},"properties":{"id":"5686268aa479","height":null,"num_floors":null,"render_height_m":12.8,"height_label":"assumed"}},{"type":"Feature","geometry":{"type":"Polygon","coordinates":[[[78.364888,17.440811],[78.36451,17.440909],[78.364482,17.440812],[78.364861,17.440715],[78.364888,17.440811]]]},"properties":{"id":"a3c523089e87","height":null,"num_floors":null,"render_height_m":12.8,"height_label":"assumed"}},{"type":"Feature","geometry":{"type":"Polygon","coordinates":[[[78.364792,17.440947],[78.364604,17.440996],[78.364583,17.440924],[78.364772,17.440876],[78.364792,17.440947]]]},"properties":{"id":"8e4eceb0a113","height":null,"num_floors":null,"render_height_m":9.6,"height_label":"assumed"}},{"type":"Feature","geometry":{"type":"Polygon","coordinates":[[[78.364997,17.440876],[78.364915,17.440911],[78.364882,17.440843],[78.364965,17.440808],[78.364997,17.440876]]]},"properties":{"id":"5f9e121c546f","height":null,"num_floors":null,"render_height_m":6.4,"height_label":"assumed"}},{"type":"Feature","geometry":{"type":"Polygon","coordinates":[[[78.364939,17.441035],[78.36491,17.44099],[78.364958,17.440962],[78.364987,17.441007],[78.364939,17.441035]]]},"properties":{"id":"ec2652701c15","height":null,"num_floors":null,"render_height_m":6.4,"height_label":"assumed"}},{"type":"Feature","geometry":{"type":"Polygon","coordinates":[[[78.365062,17.441016],[78.365021,17.441042],[78.364954,17.440943],[78.364995,17.440917],[78.365062,17.441016]]]},"properties":{"id":"2dbf862f41fe","height":null,"num_floors":null,"render_height_m":6.4,"height_label":"assumed"}},{"type":"Feature","geometry":{"type":"Polygon","coordinates":[[[78.365067,17.44065],[78.364936,17.440666],[78.364927,17.440594],[78.365058,17.440578],[78.365067,17.44065]]]},"properties":{"id":"1307d4bdaf8e","height":null,"num_floors":null,"render_height_m":9.6,"height_label":"assumed"}},{"type":"Feature","geometry":{"type":"Polygon","coordinates":[[[78.36513,17.440575],[78.365084,17.440479],[78.365203,17.440427],[78.365249,17.440524],[78.36513,17.440575]]]},"properties":{"id":"43af2156de86","height":null,"num_floors":null,"render_height_m":9.6,"height_label":"assumed"}},{"type":"Feature","geometry":{"type":"Polygon","coordinates":[[[78.365284,17.440659],[78.36521,17.440693],[78.365166,17.440602],[78.36524,17.440569],[78.365284,17.440659]]]},"properties":{"id":"4536b6c484b0","height":null,"num_floors":null,"render_height_m":9.6,"height_label":"assumed"}},{"type":"Feature","geometry":{"type":"Polygon","coordinates":[[[78.365356,17.440619],[78.365304,17.440641],[78.365255,17.440537],[78.365307,17.440515],[78.365356,17.440619]]]},"properties":{"id":"a26220437647","height":null,"num_floors":null,"render_height_m":6.4,"height_label":"assumed"}},{"type":"Feature","geometry":{"type":"Polygon","coordinates":[[[78.365381,17.440689],[78.365454,17.440854],[78.365334,17.440902],[78.365261,17.440737],[78.365381,17.440689]]]},"properties":{"id":"bcdb0f62d88c","height":null,"num_floors":null,"render_height_m":12.8,"height_label":"assumed"}},{"type":"Feature","geometry":{"type":"Polygon","coordinates":[[[78.365295,17.44088],[78.365254,17.440893],[78.365238,17.44085],[78.365279,17.440836],[78.365295,17.44088]]]},"properties":{"id":"044bd79849fa","height":null,"num_floors":null,"render_height_m":6.4,"height_label":"assumed"}},{"type":"Feature","geometry":{"type":"Polygon","coordinates":[[[78.365251,17.441087],[78.365153,17.441139],[78.365076,17.441008],[78.365174,17.440955],[78.365251,17.441087]]]},"properties":{"id":"59bb397dddd0","height":null,"num_floors":null,"render_height_m":9.6,"height_label":"assumed"}},{"type":"Feature","geometry":{"type":"Polygon","coordinates":[[[78.365203,17.441156],[78.365221,17.441196],[78.36517,17.441217],[78.365152,17.441177],[78.365203,17.441156]]]},"properties":{"id":"2d8681c993c2","height":null,"num_floors":null,"render_height_m":6.4,"height_label":"assumed"}},{"type":"Feature","geometry":{"type":"Polygon","coordinates":[[[78.365243,17.441301],[78.365197,17.441226],[78.365254,17.441194],[78.3653,17.441269],[78.365243,17.441301]]]},"properties":{"id":"4d495dae29e2","height":null,"num_floors":null,"render_height_m":6.4,"height_label":"assumed"}},{"type":"Feature","geometry":{"type":"Polygon","coordinates":[[[78.365134,17.441365],[78.365092,17.441292],[78.365137,17.441269],[78.365178,17.441342],[78.365134,17.441365]]]},"properties":{"id":"22801bc67916","height":null,"num_floors":null,"render_height_m":6.4,"height_label":"assumed"}},{"type":"Feature","geometry":{"type":"Polygon","coordinates":[[[78.365407,17.441571],[78.365288,17.441632],[78.365209,17.441492],[78.365327,17.441431],[78.365407,17.441571]]]},"properties":{"id":"65f5302562cd","height":null,"num_floors":null,"render_height_m":12.8,"height_label":"assumed"}},{"type":"Feature","geometry":{"type":"Polygon","coordinates":[[[78.365627,17.441516],[78.365494,17.441571],[78.365446,17.441466],[78.365579,17.441411],[78.365627,17.441516]]]},"properties":{"id":"c4ec50b66d8d","height":null,"num_floors":null,"render_height_m":9.6,"height_label":"assumed"}},{"type":"Feature","geometry":{"type":"Polygon","coordinates":[[[78.365534,17.441671],[78.365494,17.441582],[78.365636,17.441523],[78.365676,17.441612],[78.365534,17.441671]]]},"properties":{"id":"120513f214e9","height":null,"num_floors":null,"render_height_m":9.6,"height_label":"assumed"}},{"type":"Feature","geometry":{"type":"Polygon","coordinates":[[[78.36567,17.441281],[78.365574,17.441333],[78.365509,17.441223],[78.365605,17.441172],[78.36567,17.441281]]]},"properties":{"id":"388f1d27149f","height":null,"num_floors":null,"render_height_m":9.6,"height_label":"assumed"}},{"type":"Feature","geometry":{"type":"Polygon","coordinates":[[[78.36565,17.441032],[78.365707,17.441104],[78.365622,17.441166],[78.365565,17.441095],[78.36565,17.441032]]]},"properties":{"id":"29a78173c77f","height":null,"num_floors":null,"render_height_m":9.6,"height_label":"assumed"}},{"type":"Feature","geometry":{"type":"Polygon","coordinates":[[[78.36583,17.441037],[78.365849,17.441072],[78.365752,17.44112],[78.365733,17.441085],[78.36583,17.441037]]]},"properties":{"id":"23e41f41fed7","height":null,"num_floors":null,"render_height_m":6.4,"height_label":"assumed"}},{"type":"Feature","geometry":{"type":"Polygon","coordinates":[[[78.365759,17.441237],[78.365714,17.441261],[78.365668,17.441183],[78.365713,17.441159],[78.365759,17.441237]]]},"properties":{"id":"f5a74ef519ea","height":null,"num_floors":null,"render_height_m":6.4,"height_label":"assumed"}},{"type":"Feature","geometry":{"type":"Polygon","coordinates":[[[78.365593,17.441395],[78.365642,17.441374],[78.365688,17.441475],[78.365639,17.441495],[78.365593,17.441395]]]},"properties":{"id":"a0c5dab7dc16","height":null,"num_floors":null,"render_height_m":6.4,"height_label":"assumed"}},{"type":"Feature","geometry":{"type":"Polygon","coordinates":[[[78.365897,17.441541],[78.36581,17.441577],[78.365767,17.441481],[78.365854,17.441445],[78.365897,17.441541]]]},"properties":{"id":"1002fba1e53a","height":null,"num_floors":null,"render_height_m":9.6,"height_label":"assumed"}},{"type":"Feature","geometry":{"type":"Polygon","coordinates":[[[78.365847,17.441424],[78.365755,17.441462],[78.365704,17.44135],[78.365796,17.441312],[78.365847,17.441424]]]},"properties":{"id":"b7235012be1d","height":null,"num_floors":null,"render_height_m":9.6,"height_label":"assumed"}},{"type":"Feature","geometry":{"type":"Polygon","coordinates":[[[78.365949,17.441382],[78.365853,17.441422],[78.365801,17.441308],[78.365898,17.441268],[78.365949,17.441382]]]},"properties":{"id":"a1c3b9a1cee1","height":null,"num_floors":null,"render_height_m":9.6,"height_label":"assumed"}},{"type":"Feature","geometry":{"type":"Polygon","coordinates":[[[78.36591,17.441519],[78.365865,17.44142],[78.365955,17.441383],[78.366,17.441482],[78.36591,17.441519]]]},"properties":{"id":"741528d855a3","height":null,"num_floors":null,"render_height_m":9.6,"height_label":"assumed"}},{"type":"Feature","geometry":{"type":"Polygon","coordinates":[[[78.366015,17.441674],[78.36597,17.441567],[78.366022,17.441547],[78.366067,17.441654],[78.366015,17.441674]]]},"properties":{"id":"f98f8146685f","height":null,"num_floors":null,"render_height_m":6.4,"height_label":"assumed"}},{"type":"Feature","geometry":{"type":"Polygon","coordinates":[[[78.366102,17.441647],[78.366054,17.441534],[78.366128,17.441506],[78.366176,17.441619],[78.366102,17.441647]]]},"properties":{"id":"f4c08ecde631","height":null,"num_floors":null,"render_height_m":9.6,"height_label":"assumed"}},{"type":"Feature","geometry":{"type":"Polygon","coordinates":[[[78.366057,17.441455],[78.366006,17.441476],[78.365963,17.441383],[78.366014,17.441362],[78.366057,17.441455]]]},"properties":{"id":"a90529736154","height":null,"num_floors":null,"render_height_m":6.4,"height_label":"assumed"}},{"type":"Feature","geometry":{"type":"Polygon","coordinates":[[[78.366164,17.441422],[78.366068,17.441461],[78.366024,17.441363],[78.366119,17.441323],[78.366164,17.441422]]]},"properties":{"id":"f9836e78c854","height":null,"num_floors":null,"render_height_m":9.6,"height_label":"assumed"}},{"type":"Feature","geometry":{"type":"Polygon","coordinates":[[[78.36616,17.441289],[78.366065,17.441329],[78.366015,17.44122],[78.366111,17.441181],[78.36616,17.441289]]]},"properties":{"id":"5ba599052a0a","height":null,"num_floors":null,"render_height_m":9.6,"height_label":"assumed"}},{"type":"Feature","geometry":{"type":"Polygon","coordinates":[[[78.366049,17.441334],[78.365955,17.441373],[78.365906,17.441268],[78.366001,17.441229],[78.366049,17.441334]]]},"properties":{"id":"c07c5720b02b","height":null,"num_floors":null,"render_height_m":9.6,"height_label":"assumed"}},{"type":"Feature","geometry":{"type":"Polygon","coordinates":[[[78.365942,17.441182],[78.365885,17.441204],[78.365839,17.441093],[78.365896,17.441071],[78.365942,17.441182]]]},"properties":{"id":"f61903b6aeda","height":null,"num_floors":null,"render_height_m":9.6,"height_label":"assumed"}},{"type":"Feature","geometry":{"type":"Polygon","coordinates":[[[78.366164,17.440977],[78.366057,17.441018],[78.366026,17.440942],[78.366132,17.440901],[78.366164,17.440977]]]},"properties":{"id":"e583f743077e","height":null,"num_floors":null,"render_height_m":9.6,"height_label":"assumed"}},{"type":"Feature","geometry":{"type":"Polygon","coordinates":[[[78.366129,17.440895],[78.366025,17.440937],[78.365988,17.440852],[78.366093,17.440811],[78.366129,17.440895]]]},"properties":{"id":"82fcb3846eb8","height":null,"num_floors":null,"render_height_m":9.6,"height_label":"assumed"}},{"type":"Feature","geometry":{"type":"Polygon","coordinates":[[[78.36592,17.440923],[78.365986,17.441056],[78.365948,17.441074],[78.365881,17.440941],[78.36592,17.440923]]]},"properties":{"id":"6030bd55bd8c","height":null,"num_floors":null,"render_height_m":6.4,"height_label":"assumed"}},{"type":"Feature","geometry":{"type":"Polygon","coordinates":[[[78.365925,17.441043],[78.365886,17.441058],[78.365836,17.440943],[78.365875,17.440928],[78.365925,17.441043]]]},"properties":{"id":"718a5c5b8320","height":null,"num_floors":null,"render_height_m":6.4,"height_label":"assumed"}},{"type":"Feature","geometry":{"type":"Polygon","coordinates":[[[78.365783,17.440935],[78.36584,17.441006],[78.365785,17.441046],[78.365728,17.440975],[78.365783,17.440935]]]},"properties":{"id":"af9210f9cc4d","height":null,"num_floors":null,"render_height_m":6.4,"height_label":"assumed"}},{"type":"Feature","geometry":{"type":"Polygon","coordinates":[[[78.365728,17.440975],[78.365785,17.441046],[78.365707,17.441104],[78.36565,17.441032],[78.365728,17.440975]]]},"properties":{"id":"70cdf2e0b56b","height":null,"num_floors":null,"render_height_m":9.6,"height_label":"assumed"}},{"type":"Feature","geometry":{"type":"Polygon","coordinates":[[[78.365652,17.440643],[78.365698,17.440621],[78.365745,17.440708],[78.3657,17.440731],[78.365652,17.440643]]]},"properties":{"id":"c2799357b828","height":null,"num_floors":null,"render_height_m":6.4,"height_label":"assumed"}},{"type":"Feature","geometry":{"type":"Polygon","coordinates":[[[78.365735,17.439283],[78.366364,17.439975],[78.366224,17.440092],[78.366102,17.439958],[78.366068,17.439987],[78.365999,17.439911],[78.365937,17.439962],[78.365727,17.439731],[78.365568,17.439865],[78.365415,17.439697],[78.365575,17.439564],[78.365499,17.439481],[78.365735,17.439283]]]},"properties":{"id":"7f0009cda0fe","height":null,"num_floors":null,"render_height_m":19.2,"height_label":"assumed"}},{"type":"Feature","geometry":{"type":"Polygon","coordinates":[[[78.365499,17.439481],[78.365575,17.439564],[78.365487,17.439637],[78.365412,17.439555],[78.365499,17.439481]]]},"properties":{"id":"0872a08d21bf","height":null,"num_floors":null,"render_height_m":9.6,"height_label":"assumed"}},{"type":"Feature","geometry":{"type":"Polygon","coordinates":[[[78.365231,17.439332],[78.365313,17.439409],[78.365183,17.439538],[78.3651,17.43946],[78.365231,17.439332]]]},"properties":{"id":"16f3a4c270aa","height":null,"num_floors":null,"render_height_m":9.6,"height_label":"assumed"}},{"type":"Feature","geometry":{"type":"Polygon","coordinates":[[[78.36532,17.440207],[78.365202,17.440267],[78.365069,17.440029],[78.365186,17.439969],[78.36532,17.440207]]]},"properties":{"id":"d4f4f2a20b3a","height":null,"num_floors":null,"render_height_m":12.8,"height_label":"assumed"}},{"type":"Feature","geometry":{"type":"Polygon","coordinates":[[[78.365063,17.440433],[78.365039,17.440382],[78.365144,17.440337],[78.365168,17.440388],[78.365063,17.440433]]]},"properties":{"id":"b5349e4c99e5","height":null,"num_floors":null,"render_height_m":6.4,"height_label":"assumed"}},{"type":"Feature","geometry":{"type":"Polygon","coordinates":[[[78.36493,17.440288],[78.364986,17.440426],[78.364887,17.440473],[78.364757,17.440472],[78.364767,17.44034],[78.36493,17.440288]]]},"properties":{"id":"84d3206dc985","height":null,"num_floors":null,"render_height_m":12.8,"height_label":"assumed"}},{"type":"Feature","geometry":{"type":"Polygon","coordinates":[[[78.364942,17.440015],[78.364863,17.440051],[78.364835,17.439995],[78.364969,17.439934],[78.365009,17.440015],[78.364954,17.44004],[78.364942,17.440015]]]},"properties":{"id":"95af1884156d","height":null,"num_floors":null,"render_height_m":9.6,"height_label":"assumed"}},{"type":"Feature","geometry":{"type":"Polygon","coordinates":[[[78.364894,17.440245],[78.364761,17.440244],[78.364763,17.440028],[78.364797,17.440036],[78.364894,17.440245]]]},"properties":{"id":"88cb87ba5885","height":null,"num_floors":null,"render_height_m":9.6,"height_label":"assumed"}},{"type":"Feature","geometry":{"type":"Polygon","coordinates":[[[78.364668,17.440514],[78.364563,17.440518],[78.364559,17.440442],[78.364664,17.440437],[78.364668,17.440514]]]},"properties":{"id":"d9a92b2c52f4","height":null,"num_floors":null,"render_height_m":9.6,"height_label":"assumed"}},{"type":"Feature","geometry":{"type":"Polygon","coordinates":[[[78.364494,17.440361],[78.364497,17.440262],[78.364602,17.440266],[78.364598,17.440365],[78.364494,17.440361]]]},"properties":{"id":"da58b5926bde","height":null,"num_floors":null,"render_height_m":9.6,"height_label":"assumed"}},{"type":"Feature","geometry":{"type":"Polygon","coordinates":[[[78.36417,17.440429],[78.364054,17.440423],[78.364059,17.440335],[78.364174,17.440341],[78.36417,17.440429]]]},"properties":{"id":"795f38e34b17","height":null,"num_floors":null,"render_height_m":9.6,"height_label":"assumed"}},{"type":"Feature","geometry":{"type":"Polygon","coordinates":[[[78.364251,17.440452],[78.364186,17.44045],[78.364188,17.440325],[78.364254,17.440327],[78.364251,17.440452]]]},"properties":{"id":"00c15b596ce4","height":null,"num_floors":null,"render_height_m":9.6,"height_label":"assumed"}},{"type":"Feature","geometry":{"type":"Polygon","coordinates":[[[78.364211,17.440287],[78.364112,17.440281],[78.36412,17.440151],[78.364219,17.440156],[78.364211,17.440287]]]},"properties":{"id":"919250235640","height":null,"num_floors":null,"render_height_m":9.6,"height_label":"assumed"}},{"type":"Feature","geometry":{"type":"Polygon","coordinates":[[[78.364191,17.440123],[78.364098,17.440123],[78.364099,17.440007],[78.364192,17.440008],[78.364191,17.440123]]]},"properties":{"id":"cbf99a58901d","height":null,"num_floors":null,"render_height_m":9.6,"height_label":"assumed"}},{"type":"Feature","geometry":{"type":"Polygon","coordinates":[[[78.36454,17.439961],[78.364672,17.439965],[78.364666,17.440127],[78.364534,17.440122],[78.36454,17.439961]]]},"properties":{"id":"096cdc060aad","height":null,"num_floors":null,"render_height_m":12.8,"height_label":"assumed"}},{"type":"Feature","geometry":{"type":"Polygon","coordinates":[[[78.364615,17.439946],[78.364481,17.439945],[78.364483,17.439759],[78.36452,17.439766],[78.364615,17.439946]]]},"properties":{"id":"cb64f14bed63","height":null,"num_floors":null,"render_height_m":9.6,"height_label":"assumed"}},{"type":"Feature","geometry":{"type":"Polygon","coordinates":[[[78.364325,17.43986],[78.364377,17.439863],[78.36437,17.439984],[78.364317,17.439981],[78.364325,17.43986]]]},"properties":{"id":"277f5afae122","height":null,"num_floors":null,"render_height_m":6.4,"height_label":"assumed"}},{"type":"Feature","geometry":{"type":"Polygon","coordinates":[[[78.364315,17.439961],[78.364173,17.439957],[78.364179,17.439791],[78.364321,17.439796],[78.364315,17.439961]]]},"properties":{"id":"9fe1f0786818","height":null,"num_floors":null,"render_height_m":12.8,"height_label":"assumed"}},{"type":"Feature","geometry":{"type":"Polygon","coordinates":[[[78.364413,17.439801],[78.364282,17.439788],[78.364287,17.439743],[78.364417,17.439756],[78.364413,17.439801]]]},"properties":{"id":"43100ceac0c4","height":null,"num_floors":null,"render_height_m":6.4,"height_label":"assumed"}},{"type":"Feature","geometry":{"type":"Polygon","coordinates":[[[78.364417,17.439734],[78.364276,17.439726],[78.364279,17.439686],[78.36442,17.439694],[78.364417,17.439734]]]},"properties":{"id":"e70a14d0a8ee","height":null,"num_floors":null,"render_height_m":6.4,"height_label":"assumed"}},{"type":"Feature","geometry":{"type":"Polygon","coordinates":[[[78.364277,17.439531],[78.364154,17.439526],[78.364159,17.43943],[78.364281,17.439434],[78.364277,17.439531]]]},"properties":{"id":"bff038c8bdf7","height":null,"num_floors":null,"render_height_m":9.6,"height_label":"assumed"}},{"type":"Feature","geometry":{"type":"Polygon","coordinates":[[[78.364773,17.43964],[78.364682,17.439681],[78.364595,17.439509],[78.364686,17.439467],[78.364773,17.43964]]]},"properties":{"id":"d8c00c87652c","height":null,"num_floors":null,"render_height_m":9.6,"height_label":"assumed"}},{"type":"Feature","geometry":{"type":"Polygon","coordinates":[[[78.36482,17.439966],[78.364783,17.439901],[78.364894,17.439842],[78.364932,17.439907],[78.36482,17.439966]]]},"properties":{"id":"be847b30580f","height":null,"num_floors":null,"render_height_m":9.6,"height_label":"assumed"}},{"type":"Feature","geometry":{"type":"Polygon","coordinates":[[[78.364876,17.439826],[78.364768,17.439881],[78.364729,17.439812],[78.364837,17.439756],[78.364876,17.439826]]]},"properties":{"id":"bd105f863ec1","height":null,"num_floors":null,"render_height_m":9.6,"height_label":"assumed"}},{"type":"Feature","geometry":{"type":"Polygon","coordinates":[[[78.365003,17.439285],[78.364591,17.438834],[78.365031,17.438469],[78.365443,17.438921],[78.365003,17.439285]]]},"properties":{"id":"e83a4987bf96","height":null,"num_floors":null,"render_height_m":19.2,"height_label":"assumed"}},{"type":"Feature","geometry":{"type":"Polygon","coordinates":[[[78.3646,17.439184],[78.364657,17.439294],[78.364579,17.439331],[78.364549,17.439274],[78.364573,17.439263],[78.364557,17.439233],[78.364593,17.439216],[78.364581,17.439193],[78.3646,17.439184]]]},"properties":{"id":"cb9fcdcc1bae","height":null,"num_floors":null,"render_height_m":9.6,"height_label":"assumed"}},{"type":"Feature","geometry":{"type":"Polygon","coordinates":[[[78.364426,17.439315],[78.364313,17.439308],[78.364319,17.439219],[78.364432,17.439226],[78.364426,17.439315]]]},"properties":{"id":"0ba7be8b1a7a","height":null,"num_floors":null,"render_height_m":9.6,"height_label":"assumed"}},{"type":"Feature","geometry":{"type":"Polygon","coordinates":[[[78.364425,17.439386],[78.36431,17.43938],[78.364313,17.43932],[78.364428,17.439325],[78.364425,17.439386]]]},"properties":{"id":"8385f1b3fa18","height":null,"num_floors":null,"render_height_m":9.6,"height_label":"assumed"}},{"type":"Feature","geometry":{"type":"Polygon","coordinates":[[[78.364287,17.439397],[78.36416,17.439391],[78.364165,17.439294],[78.364292,17.4393],[78.364287,17.439397]]]},"properties":{"id":"5e260ee545ca","height":null,"num_floors":null,"render_height_m":9.6,"height_label":"assumed"}},{"type":"Feature","geometry":{"type":"Polygon","coordinates":[[[78.364437,17.439205],[78.36421,17.439205],[78.36421,17.439127],[78.364437,17.439127],[78.364437,17.439205]]]},"properties":{"id":"a3b112d67c63","height":null,"num_floors":null,"render_height_m":9.6,"height_label":"assumed"}},{"type":"Feature","geometry":{"type":"Polygon","coordinates":[[[78.364224,17.439058],[78.364119,17.439023],[78.364162,17.438907],[78.364267,17.438943],[78.364224,17.439058]]]},"properties":{"id":"e28830bdbf19","height":null,"num_floors":null,"render_height_m":9.6,"height_label":"assumed"}},{"type":"Feature","geometry":{"type":"Polygon","coordinates":[[[78.364289,17.43894],[78.364183,17.438896],[78.364232,17.438787],[78.364278,17.438808],[78.364316,17.438894],[78.364289,17.43894]]]},"properties":{"id":"6555aec7c931","height":null,"num_floors":null,"render_height_m":9.6,"height_label":"assumed"}},{"type":"Feature","geometry":{"type":"Polygon","coordinates":[[[78.364381,17.438948],[78.364407,17.438939],[78.36443,17.439001],[78.364383,17.439017],[78.364373,17.438989],[78.364394,17.438981],[78.364381,17.438948]]]},"properties":{"id":"e8d59bd6cff7","height":null,"num_floors":null,"render_height_m":6.4,"height_label":"assumed"}},{"type":"Feature","geometry":{"type":"Polygon","coordinates":[[[78.36616,17.438608],[78.365919,17.438776],[78.365857,17.438681],[78.366104,17.438531],[78.36616,17.438608]]]},"properties":{"id":"9c512e34bee2","height":null,"num_floors":null,"render_height_m":12.8,"height_label":"assumed"}},{"type":"Feature","geometry":{"type":"Polygon","coordinates":[[[78.365976,17.438546],[78.365865,17.438623],[78.365787,17.438524],[78.365899,17.438448],[78.365976,17.438546]]]},"properties":{"id":"0be7a69107c7","height":null,"num_floors":null,"render_height_m":9.6,"height_label":"assumed"}},{"type":"Feature","geometry":{"type":"Polygon","coordinates":[[[78.365763,17.43846],[78.365657,17.438535],[78.365557,17.438415],[78.365662,17.438337],[78.365763,17.43846]]]},"properties":{"id":"6281f90d2a90","height":null,"num_floors":null,"render_height_m":9.6,"height_label":"assumed"}},{"type":"Feature","geometry":{"type":"Polygon","coordinates":[[[78.365778,17.438434],[78.365704,17.43834],[78.365764,17.438299],[78.365804,17.438349],[78.36585,17.438318],[78.365817,17.438276],[78.365984,17.438161],[78.366052,17.438249],[78.365778,17.438434]]]},"properties":{"id":"f61520e3bed9","height":null,"num_floors":null,"render_height_m":12.8,"height_label":"assumed"}},{"type":"Feature","geometry":{"type":"Polygon","coordinates":[[[78.365999,17.438429],[78.366021,17.438465],[78.36599,17.438482],[78.365968,17.438445],[78.365999,17.438429]]]},"properties":{"id":"8f1b2a382f43","height":null,"num_floors":null,"render_height_m":6.4,"height_label":"assumed"}},{"type":"Feature","geometry":{"type":"Polygon","coordinates":[[[78.366147,17.438412],[78.366063,17.438451],[78.366037,17.438399],[78.366121,17.43836],[78.366147,17.438412]]]},"properties":{"id":"b833d163d5a2","height":null,"num_floors":null,"render_height_m":6.4,"height_label":"assumed"}},{"type":"Feature","geometry":{"type":"Polygon","coordinates":[[[78.366115,17.438342],[78.366029,17.438392],[78.366,17.438346],[78.366085,17.438296],[78.366115,17.438342]]]},"properties":{"id":"9bb5dce18ab5","height":null,"num_floors":null,"render_height_m":6.4,"height_label":"assumed"}},{"type":"Feature","geometry":{"type":"Polygon","coordinates":[[[78.366459,17.43852],[78.366503,17.43865],[78.36643,17.438672],[78.366386,17.438543],[78.366459,17.43852]]]},"properties":{"id":"bdbb648b8067","height":null,"num_floors":null,"render_height_m":9.6,"height_label":"assumed"}},{"type":"Feature","geometry":{"type":"Polygon","coordinates":[[[78.366725,17.438644],[78.366577,17.438693],[78.366536,17.438581],[78.366683,17.438531],[78.366725,17.438644]]]},"properties":{"id":"96729dfaf3ab","height":null,"num_floors":null,"render_height_m":9.6,"height_label":"assumed"}},{"type":"Feature","geometry":{"type":"Polygon","coordinates":[[[78.366537,17.438436],[78.366555,17.43849],[78.366386,17.438543],[78.366368,17.438489],[78.366537,17.438436]]]},"properties":{"id":"b00fb38cb5d8","height":null,"num_floors":null,"render_height_m":9.6,"height_label":"assumed"}},{"type":"Feature","geometry":{"type":"Polygon","coordinates":[[[78.366465,17.438323],[78.366504,17.438401],[78.366486,17.438409],[78.366478,17.438393],[78.366345,17.438455],[78.366314,17.438395],[78.366465,17.438323]]]},"properties":{"id":"1d709971f50e","height":null,"num_floors":null,"render_height_m":9.6,"height_label":"assumed"}},{"type":"Feature","geometry":{"type":"Polygon","coordinates":[[[78.366861,17.438519],[78.366787,17.438548],[78.366764,17.438495],[78.366839,17.438467],[78.366861,17.438519]]]},"properties":{"id":"d1cb58f980fc","height":null,"num_floors":null,"render_height_m":6.4,"height_label":"assumed"}},{"type":"Feature","geometry":{"type":"Polygon","coordinates":[[[78.366915,17.438289],[78.366936,17.438339],[78.366855,17.438371],[78.366834,17.43832],[78.366915,17.438289]]]},"properties":{"id":"508c576f5a89","height":null,"num_floors":null,"render_height_m":6.4,"height_label":"assumed"}},{"type":"Feature","geometry":{"type":"Polygon","coordinates":[[[78.36709,17.438757],[78.367057,17.438619],[78.367162,17.438596],[78.367194,17.438734],[78.36709,17.438757]]]},"properties":{"id":"e5f0ecf71cd3","height":null,"num_floors":null,"render_height_m":9.6,"height_label":"assumed"}},{"type":"Feature","geometry":{"type":"Polygon","coordinates":[[[78.366893,17.438599],[78.366827,17.438624],[78.366807,17.438577],[78.366873,17.438551],[78.366893,17.438599]]]},"properties":{"id":"a8525e917ea4","height":null,"num_floors":null,"render_height_m":6.4,"height_label":"assumed"}},{"type":"Feature","geometry":{"type":"Polygon","coordinates":[[[78.366804,17.438858],[78.366543,17.438924],[78.366522,17.438852],[78.366779,17.438779],[78.366804,17.438858]]]},"properties":{"id":"10b1968464a9","height":null,"num_floors":null,"render_height_m":9.6,"height_label":"assumed"}},{"type":"Feature","geometry":{"type":"Polygon","coordinates":[[[78.366852,17.438986],[78.36659,17.439067],[78.366567,17.43899],[78.36683,17.438912],[78.366852,17.438986]]]},"properties":{"id":"6daf21acca95","height":null,"num_floors":null,"render_height_m":12.8,"height_label":"assumed"}},{"type":"Feature","geometry":{"type":"Polygon","coordinates":[[[78.36725,17.439531],[78.367034,17.439568],[78.366936,17.439055],[78.367154,17.439013],[78.36725,17.439531]]]},"properties":{"id":"50c9faba4a43","height":20.0,"num_floors":null,"render_height_m":20.0,"height_label":"measured"}},{"type":"Feature","geometry":{"type":"Polygon","coordinates":[[[78.366893,17.439288],[78.366789,17.439314],[78.36675,17.439158],[78.366855,17.439131],[78.366893,17.439288]]]},"properties":{"id":"de79c1f7a408","height":null,"num_floors":null,"render_height_m":9.6,"height_label":"assumed"}},{"type":"Feature","geometry":{"type":"Polygon","coordinates":[[[78.366752,17.439238],[78.366653,17.439268],[78.366619,17.43917],[78.366722,17.439136],[78.366752,17.439238]]]},"properties":{"id":"814c611f15ea","height":null,"num_floors":null,"render_height_m":9.6,"height_label":"assumed"}},{"type":"Feature","geometry":{"type":"Polygon","coordinates":[[[78.366573,17.439402],[78.366472,17.439431],[78.366415,17.439256],[78.366494,17.439233],[78.366509,17.43928],[78.366531,17.439273],[78.366573,17.439402]]]},"properties":{"id":"950a113314be","height":null,"num_floors":null,"render_height_m":9.6,"height_label":"assumed"}},{"type":"Feature","geometry":{"type":"Polygon","coordinates":[[[78.366478,17.439201],[78.366384,17.439243],[78.366318,17.439106],[78.366418,17.439066],[78.366478,17.439201]]]},"properties":{"id":"73431728396a","height":null,"num_floors":null,"render_height_m":9.6,"height_label":"assumed"}},{"type":"Feature","geometry":{"type":"Polygon","coordinates":[[[78.36656,17.438792],[78.366593,17.438789],[78.366596,17.438818],[78.366563,17.438821],[78.36656,17.438792]]]},"properties":{"id":"1debff54d67d","height":null,"num_floors":null,"render_height_m":6.4,"height_label":"assumed"}},{"type":"Feature","geometry":{"type":"Polygon","coordinates":[[[78.366165,17.439084],[78.366652,17.439639],[78.36659,17.439689],[78.366104,17.439133],[78.366165,17.439084]]]},"properties":{"id":"917eeb0ca8a3","height":null,"num_floors":null,"render_height_m":12.8,"height_label":"assumed"}},{"type":"Feature","geometry":{"type":"Polygon","coordinates":[[[78.366615,17.440299],[78.366607,17.440256],[78.366717,17.440239],[78.366725,17.440281],[78.366615,17.440299]]]},"properties":{"id":"20dafcf9a8a9","height":null,"num_floors":null,"render_height_m":6.4,"height_label":"assumed"}},{"type":"Feature","geometry":{"type":"Polygon","coordinates":[[[78.366801,17.440639],[78.366706,17.440657],[78.366639,17.44033],[78.366735,17.440312],[78.366801,17.440639]]]},"properties":{"id":"c63c41d5eaae","height":null,"num_floors":null,"render_height_m":12.8,"height_label":"assumed"}},{"type":"Feature","geometry":{"type":"Polygon","coordinates":[[[78.366967,17.439778],[78.36701,17.439768],[78.367028,17.43984],[78.366985,17.439849],[78.366967,17.439778]]]},"properties":{"id":"28f3b48f0127","height":null,"num_floors":null,"render_height_m":6.4,"height_label":"assumed"}},{"type":"Feature","geometry":{"type":"Polygon","coordinates":[[[78.36718,17.439753],[78.367209,17.439756],[78.367204,17.439802],[78.367177,17.439779],[78.36718,17.439753]]]},"properties":{"id":"a7544e70337f","height":null,"num_floors":null,"render_height_m":6.4,"height_label":"assumed"}},{"type":"Feature","geometry":{"type":"Polygon","coordinates":[[[78.367675,17.440739],[78.367066,17.439964],[78.367276,17.439792],[78.367547,17.440089],[78.367941,17.440552],[78.367675,17.440739]]]},"properties":{"id":"d46b83c7a205","height":null,"num_floors":null,"render_height_m":19.2,"height_label":"assumed"}},{"type":"Feature","geometry":{"type":"Polygon","coordinates":[[[78.367739,17.439999],[78.367796,17.440048],[78.367747,17.4401],[78.36769,17.440051],[78.367739,17.439999]]]},"properties":{"id":"3725cee4021f","height":null,"num_floors":null,"render_height_m":6.4,"height_label":"assumed"}},{"type":"Feature","geometry":{"type":"Polygon","coordinates":[[[78.367924,17.440175],[78.367966,17.440245],[78.367901,17.440282],[78.367858,17.440213],[78.367924,17.440175]]]},"properties":{"id":"e05d55f47f39","height":null,"num_floors":null,"render_height_m":6.4,"height_label":"assumed"}},{"type":"Feature","geometry":{"type":"Polygon","coordinates":[[[78.36799,17.439057],[78.367843,17.439082],[78.367827,17.438991],[78.367978,17.438968],[78.36799,17.439057]]]},"properties":{"id":"13d312ef7cc0","height":null,"num_floors":null,"render_height_m":9.6,"height_label":"assumed"}},{"type":"Feature","geometry":{"type":"Polygon","coordinates":[[[78.367713,17.439446],[78.367588,17.439466],[78.367571,17.439358],[78.367674,17.439339],[78.367671,17.439322],[78.367569,17.439341],[78.367554,17.43925],[78.367643,17.439234],[78.367641,17.439219],[78.367552,17.439235],[78.367537,17.439144],[78.367608,17.439132],[78.367605,17.439117],[78.367535,17.439129],[78.367519,17.439039],[78.367612,17.439023],[78.367609,17.439009],[78.367516,17.439024],[78.367501,17.438934],[78.367592,17.438919],[78.36759,17.438906],[78.367499,17.43892],[78.367476,17.438771],[78.367593,17.438752],[78.367607,17.438851],[78.367625,17.438848],[78.36761,17.438749],[78.367717,17.438729],[78.367731,17.438832],[78.367748,17.438829],[78.367734,17.438727],[78.367841,17.438706],[78.367857,17.43881],[78.36787,17.438808],[78.367856,17.438705],[78.36794,17.438691],[78.367959,17.438836],[78.367883,17.438848],[78.367885,17.438866],[78.367963,17.438856],[78.367976,17.438952],[78.36776,17.438987],[78.367755,17.438952],[78.367739,17.438954],[78.367745,17.439003],[78.367646,17.439017],[78.36765,17.439037],[78.367672,17.439034],[78.367674,17.439054],[78.367689,17.439052],[78.367697,17.439102],[78.367662,17.439108],[78.367663,17.439118],[78.367751,17.439106],[78.367767,17.439215],[78.367783,17.439213],[78.367765,17.439103],[78.367871,17.439087],[78.367884,17.439184],[78.367897,17.439182],[78.367884,17.439085],[78.367992,17.439067],[78.368018,17.439231],[78.367922,17.439246],[78.367924,17.439258],[78.368019,17.439244],[78.368045,17.439395],[78.367935,17.439412],[78.367927,17.439363],[78.36791,17.439366],[78.367919,17.439415],[78.367829,17.439429],[78.367824,17.439382],[78.36781,17.439384],[78.367815,17.439431],[78.367727,17.439445],[78.367721,17.439397],[78.367707,17.439398],[78.367713,17.439446]]]},"properties":{"id":"07153c4afb48","height":24.0,"num_floors":7,"render_height_m":24.0,"height_label":"measured"}},{"type":"Feature","geometry":{"type":"Polygon","coordinates":[[[78.367614,17.43867],[78.367626,17.438704],[78.367546,17.438728],[78.367535,17.438694],[78.367614,17.43867]]]},"properties":{"id":"0ff4639409dc","height":null,"num_floors":null,"render_height_m":6.4,"height_label":"assumed"}},{"type":"Feature","geometry":{"type":"Polygon","coordinates":[[[78.367656,17.438471],[78.367718,17.438616],[78.3676,17.438663],[78.367538,17.438517],[78.367656,17.438471]]]},"properties":{"id":"33183bf4482f","height":null,"num_floors":null,"render_height_m":9.6,"height_label":"assumed"}},{"type":"Feature","geometry":{"type":"Polygon","coordinates":[[[78.367174,17.438149],[78.367465,17.438026],[78.367615,17.43835],[78.367324,17.438473],[78.367174,17.438149]]]},"properties":{"id":"12f73af86580","height":null,"num_floors":null,"render_height_m":19.2,"height_label":"assumed"}},{"type":"Feature","geometry":{"type":"Polygon","coordinates":[[[78.367812,17.438498],[78.367719,17.438539],[78.367688,17.438474],[78.36778,17.438433],[78.367812,17.438498]]]},"properties":{"id":"955a37ea1c9b","height":null,"num_floors":null,"render_height_m":9.6,"height_label":"assumed"}},{"type":"Feature","geometry":{"type":"Polygon","coordinates":[[[78.367717,17.437989],[78.367753,17.438003],[78.367739,17.438037],[78.367703,17.438023],[78.367717,17.437989]]]},"properties":{"id":"33844d075d77","height":null,"num_floors":null,"render_height_m":6.4,"height_label":"assumed"}},{"type":"Feature","geometry":{"type":"Polygon","coordinates":[[[78.367263,17.437746],[78.367176,17.437767],[78.367163,17.43772],[78.367149,17.437723],[78.367142,17.437696],[78.367156,17.437692],[78.367143,17.437644],[78.36723,17.437622],[78.367263,17.437746]]]},"properties":{"id":"26be085a784d","height":null,"num_floors":null,"render_height_m":9.6,"height_label":"assumed"}},{"type":"Feature","geometry":{"type":"Polygon","coordinates":[[[78.367462,17.437311],[78.36748,17.437363],[78.367437,17.437377],[78.367483,17.437507],[78.367391,17.437537],[78.367338,17.437388],[78.367362,17.43738],[78.367351,17.437348],[78.367462,17.437311]]]},"properties":{"id":"5d2047115d3f","height":null,"num_floors":null,"render_height_m":9.6,"height_label":"assumed"}},{"type":"Feature","geometry":{"type":"Polygon","coordinates":[[[78.367516,17.437374],[78.367488,17.43738],[78.367477,17.437331],[78.367505,17.437325],[78.367516,17.437374]]]},"properties":{"id":"b4fa25d79b5a","height":null,"num_floors":null,"render_height_m":6.4,"height_label":"assumed"}},{"type":"Feature","geometry":{"type":"Polygon","coordinates":[[[78.367787,17.437266],[78.367847,17.437317],[78.367824,17.437341],[78.367765,17.437289],[78.367787,17.437266]]]},"properties":{"id":"bf1dce75e54a","height":null,"num_floors":null,"render_height_m":6.4,"height_label":"assumed"}},{"type":"Feature","geometry":{"type":"Polygon","coordinates":[[[78.367936,17.437367],[78.367786,17.437209],[78.36787,17.437146],[78.368018,17.437303],[78.367936,17.437367]]]},"properties":{"id":"29b59a2f2e86","height":null,"num_floors":null,"render_height_m":12.8,"height_label":"assumed"}},{"type":"Feature","geometry":{"type":"Polygon","coordinates":[[[78.367646,17.436978],[78.36768,17.436966],[78.367696,17.437008],[78.367661,17.437019],[78.367646,17.436978]]]},"properties":{"id":"a64235714f90","height":null,"num_floors":null,"render_height_m":6.4,"height_label":"assumed"}},{"type":"Feature","geometry":{"type":"Polygon","coordinates":[[[78.367827,17.436042],[78.367901,17.436124],[78.367797,17.43621],[78.367723,17.436129],[78.367827,17.436042]]]},"properties":{"id":"bf7f41b5ce8b","height":null,"num_floors":null,"render_height_m":9.6,"height_label":"assumed"}},{"type":"Feature","geometry":{"type":"Polygon","coordinates":[[[78.367721,17.435951],[78.36777,17.436005],[78.367707,17.436058],[78.367658,17.436004],[78.367721,17.435951]]]},"properties":{"id":"1a5e11257b15","height":null,"num_floors":null,"render_height_m":6.4,"height_label":"assumed"}},{"type":"Feature","geometry":{"type":"Polygon","coordinates":[[[78.367655,17.436818],[78.367236,17.436365],[78.367489,17.436196],[78.367866,17.436622],[78.367655,17.436818]]]},"properties":{"id":"aef343f6096e","height":null,"num_floors":null,"render_height_m":19.2,"height_label":"assumed"}},{"type":"Feature","geometry":{"type":"Polygon","coordinates":[[[78.367214,17.436274],[78.367258,17.436318],[78.36719,17.436379],[78.367147,17.436334],[78.367214,17.436274]]]},"properties":{"id":"f9628ffec914","height":null,"num_floors":null,"render_height_m":6.4,"height_label":"assumed"}},{"type":"Feature","geometry":{"type":"Polygon","coordinates":[[[78.367441,17.436878],[78.367098,17.437163],[78.366771,17.436793],[78.367123,17.436511],[78.367441,17.436878]]]},"properties":{"id":"377bfc2f2a61","height":30.0,"num_floors":null,"render_height_m":30.0,"height_label":"measured"}},{"type":"Feature","geometry":{"type":"Polygon","coordinates":[[[78.36667,17.436674],[78.366702,17.436656],[78.366726,17.436696],[78.366768,17.436672],[78.366792,17.436711],[78.366719,17.436753],[78.36667,17.436674]]]},"properties":{"id":"ef1c5c8e0090","height":null,"num_floors":null,"render_height_m":6.4,"height_label":"assumed"}},{"type":"Feature","geometry":{"type":"Polygon","coordinates":[[[78.366788,17.436594],[78.366742,17.436628],[78.366693,17.436566],[78.36674,17.436533],[78.366788,17.436594]]]},"properties":{"id":"c41404aab132","height":null,"num_floors":null,"render_height_m":6.4,"height_label":"assumed"}},{"type":"Feature","geometry":{"type":"Polygon","coordinates":[[[78.366556,17.436872],[78.366479,17.436787],[78.366549,17.43673],[78.366625,17.436816],[78.366556,17.436872]]]},"properties":{"id":"4a7073b7705a","height":null,"num_floors":null,"render_height_m":9.6,"height_label":"assumed"}},{"type":"Feature","geometry":{"type":"Polygon","coordinates":[[[78.366649,17.436838],[78.366691,17.436888],[78.366607,17.436954],[78.366565,17.436903],[78.366649,17.436838]]]},"properties":{"id":"fea612880611","height":null,"num_floors":null,"render_height_m":9.6,"height_label":"assumed"}},{"type":"Feature","geometry":{"type":"Polygon","coordinates":[[[78.366641,17.437082],[78.366563,17.437137],[78.366363,17.436875],[78.366442,17.436821],[78.366641,17.437082]]]},"properties":{"id":"a5aec7fd1001","height":null,"num_floors":null,"render_height_m":12.8,"height_label":"assumed"}},{"type":"Feature","geometry":{"type":"Polygon","coordinates":[[[78.36609,17.437286],[78.366003,17.437176],[78.366211,17.437025],[78.366288,17.437123],[78.366229,17.437166],[78.366238,17.437178],[78.36609,17.437286]]]},"properties":{"id":"8266ae010db1","height":null,"num_floors":null,"render_height_m":12.8,"height_label":"assumed"}},{"type":"Feature","geometry":{"type":"Polygon","coordinates":[[[78.366348,17.437155],[78.366375,17.437189],[78.366321,17.437228],[78.366294,17.437194],[78.366348,17.437155]]]},"properties":{"id":"6b299aff1ed3","height":null,"num_floors":null,"render_height_m":6.4,"height_label":"assumed"}},{"type":"Feature","geometry":{"type":"Polygon","coordinates":[[[78.366315,17.437356],[78.366204,17.437434],[78.366107,17.437308],[78.366219,17.43723],[78.366315,17.437356]]]},"properties":{"id":"1d2ad4e31786","height":null,"num_floors":null,"render_height_m":12.8,"height_label":"assumed"}},{"type":"Feature","geometry":{"type":"Polygon","coordinates":[[[78.36614,17.437583],[78.366166,17.437612],[78.366121,17.437648],[78.366095,17.437619],[78.36614,17.437583]]]},"properties":{"id":"5a3dab9abba2","height":null,"num_floors":null,"render_height_m":6.4,"height_label":"assumed"}},{"type":"Feature","geometry":{"type":"Polygon","coordinates":[[[78.3663,17.437531],[78.366258,17.437484],[78.36642,17.437359],[78.366511,17.437464],[78.3663,17.437531]]]},"properties":{"id":"78cc324e2f91","height":null,"num_floors":null,"render_height_m":9.6,"height_label":"assumed"}},{"type":"Feature","geometry":{"type":"Polygon","coordinates":[[[78.366565,17.437705],[78.366433,17.437748],[78.366393,17.437635],[78.366525,17.437592],[78.366565,17.437705]]]},"properties":{"id":"838ae2bd5a78","height":null,"num_floors":null,"render_height_m":9.6,"height_label":"assumed"}},{"type":"Feature","geometry":{"type":"Polygon","coordinates":[[[78.366524,17.437449],[78.366464,17.437379],[78.366586,17.437277],[78.366655,17.437382],[78.36659,17.437431],[78.366571,17.437413],[78.366524,17.437449]]]},"properties":{"id":"cf4f07fd3d33","height":null,"num_floors":null,"render_height_m":9.6,"height_label":"assumed"}},{"type":"Feature","geometry":{"type":"Polygon","coordinates":[[[78.366784,17.437319],[78.366682,17.437382],[78.366604,17.437267],[78.366695,17.437201],[78.366784,17.437319]]]},"properties":{"id":"1a6a6b8acb40","height":19.2,"num_floors":6,"render_height_m":19.2,"height_label":"estimated"}},{"type":"Feature","geometry":{"type":"Polygon","coordinates":[[[78.366828,17.437301],[78.366726,17.43717],[78.366827,17.437092],[78.366939,17.437223],[78.366828,17.437301]]]},"properties":{"id":"5f897f5478c0","height":null,"num_floors":null,"render_height_m":12.8,"height_label":"assumed"}},{"type":"Feature","geometry":{"type":"Polygon","coordinates":[[[78.366946,17.437442],[78.366965,17.437521],[78.366849,17.437546],[78.366831,17.437466],[78.366946,17.437442]]]},"properties":{"id":"2233c36c201c","height":null,"num_floors":null,"render_height_m":9.6,"height_label":"assumed"}},{"type":"Feature","geometry":{"type":"Polygon","coordinates":[[[78.367096,17.43747],[78.367131,17.437599],[78.367028,17.437625],[78.366992,17.437497],[78.367096,17.43747]]]},"properties":{"id":"0945f5adf779","height":null,"num_floors":null,"render_height_m":9.6,"height_label":"assumed"}},{"type":"Feature","geometry":{"type":"Polygon","coordinates":[[[78.366965,17.437521],[78.366992,17.43764],[78.366876,17.437665],[78.366849,17.437546],[78.366965,17.437521]]]},"properties":{"id":"77261f2a46ca","height":null,"num_floors":null,"render_height_m":9.6,"height_label":"assumed"}},{"type":"Feature","geometry":{"type":"Polygon","coordinates":[[[78.366708,17.437842],[78.36675,17.437948],[78.366617,17.437996],[78.366575,17.43789],[78.366708,17.437842]]]},"properties":{"id":"843e50b4a7c2","height":null,"num_floors":null,"render_height_m":9.6,"height_label":"assumed"}},{"type":"Feature","geometry":{"type":"Polygon","coordinates":[[[78.36681,17.43792],[78.366822,17.437963],[78.366773,17.437976],[78.36676,17.437933],[78.36681,17.43792]]]},"properties":{"id":"d24f815157cd","height":null,"num_floors":null,"render_height_m":6.4,"height_label":"assumed"}},{"type":"Feature","geometry":{"type":"Polygon","coordinates":[[[78.366867,17.437862],[78.366771,17.437887],[78.366729,17.437744],[78.366824,17.437719],[78.366867,17.437862]]]},"properties":{"id":"8edfc364a6e4","height":null,"num_floors":null,"render_height_m":9.6,"height_label":"assumed"}},{"type":"Feature","geometry":{"type":"Polygon","coordinates":[[[78.367002,17.437739],[78.36704,17.437859],[78.366948,17.437886],[78.366911,17.437765],[78.367002,17.437739]]]},"properties":{"id":"0ecb28cf82ae","height":null,"num_floors":null,"render_height_m":9.6,"height_label":"assumed"}},{"type":"Feature","geometry":{"type":"Polygon","coordinates":[[[78.367282,17.438481],[78.36706,17.43857],[78.366805,17.437987],[78.36703,17.437902],[78.367282,17.438481]]]},"properties":{"id":"6b97152a0ece","height":null,"num_floors":null,"render_height_m":19.2,"height_label":"assumed"}},{"type":"Feature","geometry":{"type":"Polygon","coordinates":[[[78.366753,17.437993],[78.36687,17.43826],[78.366766,17.438302],[78.366649,17.438034],[78.366753,17.437993]]]},"properties":{"id":"91815bd369be","height":null,"num_floors":null,"render_height_m":12.8,"height_label":"assumed"}},{"type":"Feature","geometry":{"type":"Polygon","coordinates":[[[78.366429,17.437951],[78.366272,17.437999],[78.366234,17.437883],[78.36639,17.437835],[78.366429,17.437951]]]},"properties":{"id":"eb19b7825234","height":null,"num_floors":null,"render_height_m":9.6,"height_label":"assumed"}},{"type":"Feature","geometry":{"type":"Polygon","coordinates":[[[78.366263,17.43801],[78.366204,17.438032],[78.366152,17.437902],[78.366211,17.43788],[78.366263,17.43801]]]},"properties":{"id":"ccccebd7fcf6","height":null,"num_floors":null,"render_height_m":9.6,"height_label":"assumed"}},{"type":"Feature","geometry":{"type":"Polygon","coordinates":[[[78.366202,17.438041],[78.366108,17.438077],[78.366053,17.43795],[78.366147,17.437913],[78.366202,17.438041]]]},"properties":{"id":"cfceaec3bf56","height":null,"num_floors":null,"render_height_m":9.6,"height_label":"assumed"}},{"type":"Feature","geometry":{"type":"Polygon","coordinates":[[[78.366405,17.43808],[78.366314,17.438108],[78.366282,17.438018],[78.366434,17.43797],[78.366447,17.438008],[78.366387,17.438027],[78.366405,17.43808]]]},"properties":{"id":"7e02d6f66514","height":null,"num_floors":null,"render_height_m":9.6,"height_label":"assumed"}},{"type":"Feature","geometry":{"type":"Polygon","coordinates":[[[78.366229,17.43823],[78.366218,17.438234],[78.36619,17.438172],[78.366294,17.438128],[78.366325,17.438191],[78.366229,17.43823]]]},"properties":{"id":"5c1f43058052","height":null,"num_floors":null,"render_height_m":9.6,"height_label":"assumed"}},{"type":"Feature","geometry":{"type":"Polygon","coordinates":[[[78.366302,17.438114],[78.366167,17.438169],[78.36613,17.438085],[78.366265,17.43803],[78.366302,17.438114]]]},"properties":{"id":"bea2feb26409","height":null,"num_floors":null,"render_height_m":9.6,"height_label":"assumed"}},{"type":"Feature","geometry":{"type":"Polygon","coordinates":[[[78.365952,17.438119],[78.365842,17.438197],[78.365779,17.438116],[78.365889,17.438038],[78.365952,17.438119]]]},"properties":{"id":"e05bc94b8112","height":null,"num_floors":null,"render_height_m":9.6,"height_label":"assumed"}},{"type":"Feature","geometry":{"type":"Polygon","coordinates":[[[78.365673,17.437982],[78.365704,17.437998],[78.365692,17.438021],[78.36566,17.438005],[78.365673,17.437982]]]},"properties":{"id":"966524e31070","height":null,"num_floors":null,"render_height_m":6.4,"height_label":"assumed"}},{"type":"Feature","geometry":{"type":"Polygon","coordinates":[[[78.365887,17.438031],[78.365773,17.438111],[78.365713,17.438033],[78.365826,17.437954],[78.365887,17.438031]]]},"properties":{"id":"79a260623f8c","height":null,"num_floors":null,"render_height_m":9.6,"height_label":"assumed"}},{"type":"Feature","geometry":{"type":"Polygon","coordinates":[[[78.365786,17.437868],[78.365635,17.437971],[78.365547,17.437853],[78.365698,17.43775],[78.365786,17.437868]]]},"properties":{"id":"f3f5dc1622f0","height":null,"num_floors":null,"render_height_m":12.8,"height_label":"assumed"}},{"type":"Feature","geometry":{"type":"Polygon","coordinates":[[[78.365822,17.43769],[78.365867,17.437741],[78.365807,17.43779],[78.365762,17.437739],[78.365822,17.43769]]]},"properties":{"id":"cae412cef653","height":null,"num_floors":null,"render_height_m":6.4,"height_label":"assumed"}},{"type":"Feature","geometry":{"type":"Polygon","coordinates":[[[78.366154,17.437699],[78.366206,17.43784],[78.366035,17.437897],[78.365984,17.437757],[78.366154,17.437699]]]},"properties":{"id":"4d302851f143","height":null,"num_floors":null,"render_height_m":12.8,"height_label":"assumed"}},{"type":"Feature","geometry":{"type":"Polygon","coordinates":[[[78.36599,17.437647],[78.365925,17.437699],[78.365822,17.437581],[78.365887,17.43753],[78.36599,17.437647]]]},"properties":{"id":"9c5670b5ce36","height":null,"num_floors":null,"render_height_m":9.6,"height_label":"assumed"}},{"type":"Feature","geometry":{"type":"Polygon","coordinates":[[[78.366144,17.437522],[78.366048,17.437598],[78.365961,17.437498],[78.366057,17.437423],[78.366144,17.437522]]]},"properties":{"id":"320a642ce330","height":null,"num_floors":null,"render_height_m":9.6,"height_label":"assumed"}},{"type":"Feature","geometry":{"type":"Polygon","coordinates":[[[78.365826,17.437292],[78.365916,17.437219],[78.366034,17.437351],[78.365945,17.437424],[78.365826,17.437292]]]},"properties":{"id":"bd491d021159","height":null,"num_floors":null,"render_height_m":9.6,"height_label":"assumed"}},{"type":"Feature","geometry":{"type":"Polygon","coordinates":[[[78.365658,17.437737],[78.365569,17.437803],[78.36545,17.437658],[78.365539,17.437591],[78.365658,17.437737]]]},"properties":{"id":"822121089da0","height":null,"num_floors":null,"render_height_m":9.6,"height_label":"assumed"}},{"type":"Feature","geometry":{"type":"Polygon","coordinates":[[[78.365564,17.438337],[78.365293,17.437997],[78.365485,17.437874],[78.365745,17.438209],[78.365564,17.438337]]]},"properties":{"id":"daf7d7aca03d","height":null,"num_floors":null,"render_height_m":19.2,"height_label":"assumed"}},{"type":"Feature","geometry":{"type":"Polygon","coordinates":[[[78.364246,17.437345],[78.364187,17.437404],[78.364134,17.437356],[78.364193,17.437296],[78.364246,17.437345]]]},"properties":{"id":"a27ae52b6bd5","height":null,"num_floors":null,"render_height_m":6.4,"height_label":"assumed"}},{"type":"Feature","geometry":{"type":"Polygon","coordinates":[[[78.364691,17.436799],[78.364722,17.436847],[78.36465,17.43689],[78.364619,17.436841],[78.364691,17.436799]]]},"properties":{"id":"fca2edcddde2","height":null,"num_floors":null,"render_height_m":6.4,"height_label":"assumed"}},{"type":"Feature","geometry":{"type":"Polygon","coordinates":[[[78.363817,17.436556],[78.36376,17.436594],[78.363723,17.436542],[78.36368,17.436571],[78.363492,17.436313],[78.363823,17.436093],[78.363792,17.43605],[78.364369,17.435667],[78.364431,17.435751],[78.364729,17.435553],[78.365041,17.435982],[78.364968,17.436031],[78.364998,17.436072],[78.364928,17.436118],[78.364957,17.436158],[78.364887,17.436204],[78.364921,17.436251],[78.364861,17.436291],[78.364917,17.436368],[78.364861,17.436405],[78.364892,17.436448],[78.364824,17.436493],[78.36484,17.436515],[78.364787,17.43655],[78.364806,17.436577],[78.36475,17.436614],[78.364762,17.436632],[78.364708,17.436668],[78.364726,17.436692],[78.364678,17.436724],[78.364715,17.436775],[78.364632,17.43683],[78.364599,17.436784],[78.364543,17.436822],[78.36452,17.436789],[78.364466,17.436825],[78.364443,17.436793],[78.364401,17.436821],[78.364383,17.436797],[78.364327,17.436834],[78.364305,17.436804],[78.364256,17.436837],[78.364231,17.436803],[78.36416,17.43685],[78.364093,17.436758],[78.364031,17.4368],[78.364007,17.436767],[78.363961,17.436798],[78.363916,17.436737],[78.363938,17.436722],[78.363817,17.436556]],[[78.363764,17.436396],[78.363953,17.436669],[78.364247,17.436492],[78.36428,17.436532],[78.364232,17.436563],[78.364331,17.4367],[78.364366,17.436677],[78.364389,17.436709],[78.36445,17.436669],[78.36447,17.436697],[78.364633,17.43659],[78.364613,17.436562],[78.364657,17.436533],[78.364634,17.436501],[78.364698,17.436459],[78.36461,17.436338],[78.364567,17.436367],[78.364558,17.436355],[78.364917,17.436119],[78.364709,17.43583],[78.363764,17.436396]]]},"properties":{"id":"f268f0d9ddf9","height":null,"num_floors":null,"render_height_m":19.2,"height_label":"assumed"}},{"type":"Feature","geometry":{"type":"Polygon","coordinates":[[[78.365772,17.436703],[78.3658,17.436732],[78.365619,17.43689],[78.365591,17.43686],[78.365772,17.436703]]]},"properties":{"id":"d7d5190fcfc2","height":null,"num_floors":null,"render_height_m":9.6,"height_label":"assumed"}},{"type":"Feature","geometry":{"type":"Polygon","coordinates":[[[78.365887,17.435398],[78.365912,17.435412],[78.36593,17.435432],[78.36594,17.435458],[78.365941,17.435483],[78.365933,17.435507],[78.365918,17.435528],[78.365896,17.435543],[78.365871,17.435551],[78.365845,17.435551],[78.36582,17.435543],[78.365799,17.435527],[78.365783,17.435507],[78.365776,17.435483],[78.365777,17.435455],[78.365787,17.43543],[78.365806,17.43541],[78.365831,17.435397],[78.365859,17.435393],[78.365887,17.435398]]]},"properties":{"id":"f5932762450f","height":null,"num_floors":null,"render_height_m":9.6,"height_label":"assumed"}},{"type":"Feature","geometry":{"type":"Polygon","coordinates":[[[78.365607,17.434922],[78.365607,17.434971],[78.36559,17.435017],[78.365558,17.435054],[78.365514,17.435079],[78.365464,17.435088],[78.365413,17.43508],[78.365369,17.435057],[78.365335,17.43502],[78.365318,17.434979],[78.365315,17.434935],[78.365326,17.434892],[78.365351,17.434854],[78.365387,17.434826],[78.36543,17.43481],[78.365476,17.434807],[78.365521,17.434819],[78.36556,17.434842],[78.365589,17.434877],[78.365607,17.434922]]]},"properties":{"id":"4c379c9b5022","height":null,"num_floors":null,"render_height_m":12.8,"height_label":"assumed"}},{"type":"Feature","geometry":{"type":"Polygon","coordinates":[[[78.365137,17.435509],[78.365039,17.435415],[78.365141,17.435318],[78.365239,17.435412],[78.365137,17.435509]]]},"properties":{"id":"7d29f107ae0c","height":null,"num_floors":null,"render_height_m":9.6,"height_label":"assumed"}},{"type":"Feature","geometry":{"type":"Polygon","coordinates":[[[78.364232,17.435717],[78.364191,17.435657],[78.364453,17.435493],[78.364495,17.435554],[78.364232,17.435717]]]},"properties":{"id":"e3cbe04d2984","height":null,"num_floors":null,"render_height_m":12.8,"height_label":"assumed"}},{"type":"Feature","geometry":{"type":"Polygon","coordinates":[[[78.364246,17.435277],[78.364278,17.435325],[78.364228,17.435356],[78.364197,17.435308],[78.364246,17.435277]]]},"properties":{"id":"65c0f1dbd4f2","height":null,"num_floors":null,"render_height_m":6.4,"height_label":"assumed"}},{"type":"Feature","geometry":{"type":"Polygon","coordinates":[[[78.364354,17.435202],[78.364377,17.435243],[78.364322,17.435272],[78.364299,17.435231],[78.364354,17.435202]]]},"properties":{"id":"b01b5d89efeb","height":null,"num_floors":null,"render_height_m":6.4,"height_label":"assumed"}},{"type":"Feature","geometry":{"type":"Polygon","coordinates":[[[78.364285,17.434967],[78.364228,17.435005],[78.364103,17.434833],[78.36416,17.434796],[78.364285,17.434967]]]},"properties":{"id":"00eac082af14","height":null,"num_floors":null,"render_height_m":9.6,"height_label":"assumed"}},{"type":"Feature","geometry":{"type":"Polygon","coordinates":[[[78.364382,17.434919],[78.364316,17.434832],[78.364373,17.434792],[78.364439,17.434879],[78.364382,17.434919]]]},"properties":{"id":"bed1102c2869","height":null,"num_floors":null,"render_height_m":9.6,"height_label":"assumed"}},{"type":"Feature","geometry":{"type":"Polygon","coordinates":[[[78.366726,17.434846],[78.366717,17.434838],[78.366674,17.434797],[78.366768,17.434707],[78.366817,17.434754],[78.366806,17.434764],[78.366861,17.434816],[78.366763,17.434908],[78.366712,17.434859],[78.366726,17.434846]]]},"properties":{"id":"33ee54cbd002","height":null,"num_floors":null,"render_height_m":9.6,"height_label":"assumed"}},{"type":"Feature","geometry":{"type":"Polygon","coordinates":[[[78.366692,17.435014],[78.366621,17.435058],[78.366536,17.434936],[78.366606,17.434891],[78.366692,17.435014]]]},"properties":{"id":"66bb0cb9545e","height":null,"num_floors":null,"render_height_m":9.6,"height_label":"assumed"}},{"type":"Feature","geometry":{"type":"Polygon","coordinates":[[[78.36655,17.435119],[78.366474,17.435163],[78.366398,17.435044],[78.366474,17.435],[78.36655,17.435119]]]},"properties":{"id":"8d33438d9bc7","height":null,"num_floors":null,"render_height_m":9.6,"height_label":"assumed"}},{"type":"Feature","geometry":{"type":"Polygon","coordinates":[[[78.366545,17.435282],[78.366607,17.435378],[78.366536,17.43542],[78.366474,17.435324],[78.366545,17.435282]]]},"properties":{"id":"32acb5efa16d","height":null,"num_floors":null,"render_height_m":9.6,"height_label":"assumed"}},{"type":"Feature","geometry":{"type":"Polygon","coordinates":[[[78.366646,17.435222],[78.366708,17.435318],[78.366607,17.435378],[78.366545,17.435282],[78.366646,17.435222]]]},"properties":{"id":"b4e3e30dc325","height":null,"num_floors":null,"render_height_m":9.6,"height_label":"assumed"}},{"type":"Feature","geometry":{"type":"Polygon","coordinates":[[[78.366466,17.435191],[78.366364,17.435251],[78.366285,17.435129],[78.366387,17.435069],[78.366466,17.435191]]]},"properties":{"id":"9053cb7b6f14","height":null,"num_floors":null,"render_height_m":9.6,"height_label":"assumed"}},{"type":"Feature","geometry":{"type":"Polygon","coordinates":[[[78.366327,17.435266],[78.366151,17.435368],[78.366087,17.435269],[78.366264,17.435166],[78.366327,17.435266]]]},"properties":{"id":"bb11074acaf4","height":null,"num_floors":null,"render_height_m":12.8,"height_label":"assumed"}},{"type":"Feature","geometry":{"type":"Polygon","coordinates":[[[78.366309,17.435423],[78.366369,17.435515],[78.36632,17.435544],[78.36626,17.435453],[78.366309,17.435423]]]},"properties":{"id":"c9f0940b268b","height":null,"num_floors":null,"render_height_m":6.4,"height_label":"assumed"}},{"type":"Feature","geometry":{"type":"Polygon","coordinates":[[[78.366553,17.435824],[78.366581,17.435868],[78.366625,17.435842],[78.366694,17.435952],[78.366601,17.436006],[78.366505,17.435852],[78.366553,17.435824]]]},"properties":{"id":"63f45f42be17","height":null,"num_floors":null,"render_height_m":9.6,"height_label":"assumed"}},{"type":"Feature","geometry":{"type":"Polygon","coordinates":[[[78.366602,17.435673],[78.366393,17.435793],[78.366326,17.435688],[78.366535,17.435567],[78.366602,17.435673]]]},"properties":{"id":"6f48a6ed01b5","height":null,"num_floors":null,"render_height_m":12.8,"height_label":"assumed"}},{"type":"Feature","geometry":{"type":"Polygon","coordinates":[[[78.366425,17.435354],[78.366485,17.435446],[78.366369,17.435515],[78.366309,17.435423],[78.366425,17.435354]]]},"properties":{"id":"297c0dd752a7","height":null,"num_floors":null,"render_height_m":9.6,"height_label":"assumed"}},{"type":"Feature","geometry":{"type":"Polygon","coordinates":[[[78.366728,17.435354],[78.366793,17.435451],[78.366628,17.435554],[78.366563,17.435457],[78.366728,17.435354]]]},"properties":{"id":"b1e48736d1f5","height":null,"num_floors":null,"render_height_m":12.8,"height_label":"assumed"}},{"type":"Feature","geometry":{"type":"Polygon","coordinates":[[[78.366837,17.435678],[78.366737,17.43574],[78.366679,17.435654],[78.36677,17.435598],[78.3668,17.435643],[78.36681,17.435637],[78.366837,17.435678]]]},"properties":{"id":"59c086b446f0","height":null,"num_floors":null,"render_height_m":9.6,"height_label":"assumed"}},{"type":"Feature","geometry":{"type":"Polygon","coordinates":[[[78.366816,17.435836],[78.366678,17.435919],[78.366625,17.43584],[78.366763,17.435756],[78.366816,17.435836]]]},"properties":{"id":"39837ab71952","height":null,"num_floors":null,"render_height_m":9.6,"height_label":"assumed"}},{"type":"Feature","geometry":{"type":"Polygon","coordinates":[[[78.366943,17.435716],[78.366836,17.435817],[78.366785,17.435747],[78.366916,17.435668],[78.366943,17.435716]]]},"properties":{"id":"d2a5b6daa778","height":null,"num_floors":null,"render_height_m":9.6,"height_label":"assumed"}},{"type":"Feature","geometry":{"type":"Polygon","coordinates":[[[78.366891,17.43582],[78.366922,17.435828],[78.366914,17.435855],[78.366883,17.435846],[78.366891,17.43582]]]},"properties":{"id":"b210a38cd4d5","height":null,"num_floors":null,"render_height_m":6.4,"height_label":"assumed"}},{"type":"Feature","geometry":{"type":"Polygon","coordinates":[[[78.366934,17.435523],[78.366973,17.435499],[78.367001,17.435544],[78.366965,17.435568],[78.366934,17.435523]]]},"properties":{"id":"15ad2b6ec418","height":null,"num_floors":null,"render_height_m":6.4,"height_label":"assumed"}},{"type":"Feature","geometry":{"type":"Polygon","coordinates":[[[78.367001,17.435544],[78.366965,17.435568],[78.366934,17.435523],[78.366907,17.435484],[78.367035,17.435402],[78.367094,17.435485],[78.367001,17.435544]]]},"properties":{"id":"188a4a887da2","height":null,"num_floors":null,"render_height_m":9.6,"height_label":"assumed"}},{"type":"Feature","geometry":{"type":"Polygon","coordinates":[[[78.367146,17.435335],[78.367052,17.435392],[78.366977,17.43528],[78.367069,17.435226],[78.367146,17.435335]]]},"properties":{"id":"653fe54c32a9","height":null,"num_floors":null,"render_height_m":9.6,"height_label":"assumed"}},{"type":"Feature","geometry":{"type":"Polygon","coordinates":[[[78.366854,17.435293],[78.366889,17.435306],[78.366874,17.435343],[78.366839,17.43533],[78.366854,17.435293]]]},"properties":{"id":"dc4b8cc81694","height":null,"num_floors":null,"render_height_m":6.4,"height_label":"assumed"}},{"type":"Feature","geometry":{"type":"Polygon","coordinates":[[[78.366806,17.435135],[78.366869,17.435219],[78.36682,17.435252],[78.366757,17.435168],[78.366806,17.435135]]]},"properties":{"id":"86b38269dd6c","height":null,"num_floors":null,"render_height_m":6.4,"height_label":"assumed"}},{"type":"Feature","geometry":{"type":"Polygon","coordinates":[[[78.36676,17.434973],[78.3667,17.435009],[78.36662,17.434886],[78.366679,17.43485],[78.36676,17.434973]]]},"properties":{"id":"e2d9727b516a","height":null,"num_floors":null,"render_height_m":9.6,"height_label":"assumed"}},{"type":"Feature","geometry":{"type":"Polygon","coordinates":[[[78.366974,17.43508],[78.366894,17.435132],[78.366828,17.43504],[78.366908,17.434988],[78.366974,17.43508]]]},"properties":{"id":"5b644ff3d42c","height":null,"num_floors":null,"render_height_m":9.6,"height_label":"assumed"}},{"type":"Feature","geometry":{"type":"Polygon","coordinates":[[[78.367077,17.434937],[78.367137,17.435029],[78.367059,17.435076],[78.366999,17.434984],[78.367077,17.434937]]]},"properties":{"id":"7184bee5043e","height":null,"num_floors":null,"render_height_m":9.6,"height_label":"assumed"}},{"type":"Feature","geometry":{"type":"Polygon","coordinates":[[[78.367137,17.435029],[78.367183,17.435099],[78.367106,17.435146],[78.367059,17.435076],[78.367137,17.435029]]]},"properties":{"id":"4f067cf38233","height":null,"num_floors":null,"render_height_m":9.6,"height_label":"assumed"}},{"type":"Feature","geometry":{"type":"Polygon","coordinates":[[[78.367231,17.435078],[78.367359,17.435002],[78.367461,17.43516],[78.367332,17.435236],[78.367231,17.435078]]]},"properties":{"id":"4488e05e610c","height":null,"num_floors":null,"render_height_m":12.8,"height_label":"assumed"}},{"type":"Feature","geometry":{"type":"Polygon","coordinates":[[[78.367203,17.43513],[78.367308,17.435288],[78.367234,17.435334],[78.367129,17.435175],[78.367203,17.43513]]]},"properties":{"id":"34f19a29a21d","height":null,"num_floors":null,"render_height_m":9.6,"height_label":"assumed"}},{"type":"Feature","geometry":{"type":"Polygon","coordinates":[[[78.367216,17.435416],[78.367119,17.435478],[78.367082,17.435426],[78.367178,17.435363],[78.367216,17.435416]]]},"properties":{"id":"d28bba721b62","height":null,"num_floors":null,"render_height_m":9.6,"height_label":"assumed"}},{"type":"Feature","geometry":{"type":"Polygon","coordinates":[[[78.367792,17.436024],[78.367577,17.435771],[78.367684,17.435689],[78.367899,17.435942],[78.367792,17.436024]]]},"properties":{"id":"a288ffa3d8a0","height":null,"num_floors":null,"render_height_m":12.8,"height_label":"assumed"}},{"type":"Feature","geometry":{"type":"Polygon","coordinates":[[[78.367396,17.434997],[78.367291,17.434874],[78.367547,17.434675],[78.367652,17.434798],[78.367396,17.434997]]]},"properties":{"id":"6e124c204587","height":null,"num_floors":null,"render_height_m":12.8,"height_label":"assumed"}},{"type":"Feature","geometry":{"type":"Polygon","coordinates":[[[78.36725,17.434874],[78.367174,17.434916],[78.367086,17.434768],[78.367162,17.434726],[78.36725,17.434874]]]},"properties":{"id":"22018816b526","height":null,"num_floors":null,"render_height_m":9.6,"height_label":"assumed"}}]}