{"type":"FeatureCollection","features":[{"type":"Feature","geometry":{"type":"Polygon","coordinates":[[[78.390286,17.412085],[78.39016,17.41211],[78.390147,17.412051],[78.390272,17.412025],[78.390286,17.412085]]]},"properties":{"id":"34fb2f52153d","height":null,"num_floors":null,"render_height_m":9.6,"height_label":"assumed"}},{"type":"Feature","geometry":{"type":"Polygon","coordinates":[[[78.390306,17.41223],[78.390235,17.412247],[78.390201,17.41212],[78.390272,17.412103],[78.390306,17.41223]]]},"properties":{"id":"bdcd20f163dc","height":null,"num_floors":null,"render_height_m":9.6,"height_label":"assumed"}},{"type":"Feature","geometry":{"type":"Polygon","coordinates":[[[78.390273,17.412749],[78.390195,17.412776],[78.390156,17.412675],[78.390234,17.412647],[78.390273,17.412749]]]},"properties":{"id":"d0e1866333dd","height":null,"num_floors":null,"render_height_m":9.6,"height_label":"assumed"}},{"type":"Feature","geometry":{"type":"Polygon","coordinates":[[[78.390299,17.412862],[78.390214,17.412888],[78.39018,17.41279],[78.390266,17.412763],[78.390299,17.412862]]]},"properties":{"id":"8cc1a17091eb","height":null,"num_floors":null,"render_height_m":9.6,"height_label":"assumed"}},{"type":"Feature","geometry":{"type":"Polygon","coordinates":[[[78.390274,17.413105],[78.390223,17.413124],[78.390186,17.413035],[78.390237,17.413016],[78.390274,17.413105]]]},"properties":{"id":"559416125ab0","height":null,"num_floors":null,"render_height_m":6.4,"height_label":"assumed"}},{"type":"Feature","geometry":{"type":"Polygon","coordinates":[[[78.390326,17.413594],[78.390235,17.413629],[78.390204,17.413557],[78.390295,17.413521],[78.390326,17.413594]]]},"properties":{"id":"d829ba400d64","height":null,"num_floors":null,"render_height_m":9.6,"height_label":"assumed"}},{"type":"Feature","geometry":{"type":"Polygon","coordinates":[[[78.39035,17.415581],[78.390223,17.415628],[78.390188,17.415541],[78.390315,17.415494],[78.39035,17.415581]]]},"properties":{"id":"6f8ac505c334","height":null,"num_floors":null,"render_height_m":9.6,"height_label":"assumed"}},{"type":"Feature","geometry":{"type":"Polygon","coordinates":[[[78.390324,17.415483],[78.390199,17.41553],[78.390164,17.415444],[78.390289,17.415398],[78.390324,17.415483]]]},"properties":{"id":"624814f121d8","height":null,"num_floors":null,"render_height_m":9.6,"height_label":"assumed"}},{"type":"Feature","geometry":{"type":"Polygon","coordinates":[[[78.390285,17.415392],[78.390162,17.415438],[78.390126,17.415351],[78.390249,17.415305],[78.390285,17.415392]]]},"properties":{"id":"151c8beaefc5","height":null,"num_floors":null,"render_height_m":9.6,"height_label":"assumed"}},{"type":"Feature","geometry":{"type":"Polygon","coordinates":[[[78.39035,17.415092],[78.390236,17.415137],[78.390209,17.415074],[78.390323,17.415029],[78.39035,17.415092]]]},"properties":{"id":"fb885de7ade5","height":null,"num_floors":null,"render_height_m":9.6,"height_label":"assumed"}},{"type":"Feature","geometry":{"type":"Polygon","coordinates":[[[78.390307,17.415026],[78.390202,17.415069],[78.390186,17.415034],[78.390291,17.414991],[78.390307,17.415026]]]},"properties":{"id":"0230eba26c16","height":null,"num_floors":null,"render_height_m":6.4,"height_label":"assumed"}},{"type":"Feature","geometry":{"type":"Polygon","coordinates":[[[78.390279,17.414991],[78.390182,17.415032],[78.390159,17.414981],[78.390256,17.414941],[78.390279,17.414991]]]},"properties":{"id":"d12cb591cb45","height":null,"num_floors":null,"render_height_m":6.4,"height_label":"assumed"}},{"type":"Feature","geometry":{"type":"Polygon","coordinates":[[[78.390306,17.414439],[78.390214,17.41447],[78.390172,17.414354],[78.390263,17.414323],[78.390306,17.414439]]]},"properties":{"id":"b322c0da1357","height":null,"num_floors":null,"render_height_m":9.6,"height_label":"assumed"}},{"type":"Feature","geometry":{"type":"Polygon","coordinates":[[[78.390313,17.414137],[78.390202,17.414178],[78.39017,17.4141],[78.390282,17.414059],[78.390313,17.414137]]]},"properties":{"id":"f9366151caaa","height":null,"num_floors":null,"render_height_m":9.6,"height_label":"assumed"}},{"type":"Feature","geometry":{"type":"Polygon","coordinates":[[[78.390289,17.413825],[78.390212,17.413855],[78.390147,17.413702],[78.390224,17.413672],[78.390289,17.413825]]]},"properties":{"id":"13f6fe90f8b4","height":null,"num_floors":null,"render_height_m":9.6,"height_label":"assumed"}},{"type":"Feature","geometry":{"type":"Polygon","coordinates":[[[78.390628,17.41367],[78.390545,17.413702],[78.390498,17.413592],[78.390581,17.41356],[78.390628,17.41367]]]},"properties":{"id":"d291277b7fe3","height":null,"num_floors":null,"render_height_m":9.6,"height_label":"assumed"}},{"type":"Feature","geometry":{"type":"Polygon","coordinates":[[[78.390496,17.413721],[78.39043,17.413747],[78.390393,17.413662],[78.390458,17.413635],[78.390496,17.413721]]]},"properties":{"id":"1f9dcfa99c3d","height":null,"num_floors":null,"render_height_m":6.4,"height_label":"assumed"}},{"type":"Feature","geometry":{"type":"Polygon","coordinates":[[[78.390577,17.413822],[78.390499,17.413861],[78.390454,17.413779],[78.390532,17.41374],[78.390577,17.413822]]]},"properties":{"id":"ba0cc6dd21eb","height":null,"num_floors":null,"render_height_m":9.6,"height_label":"assumed"}},{"type":"Feature","geometry":{"type":"Polygon","coordinates":[[[78.390474,17.413892],[78.390386,17.413936],[78.390339,17.41385],[78.390428,17.413806],[78.390474,17.413892]]]},"properties":{"id":"8b70f23e9a2d","height":null,"num_floors":null,"render_height_m":9.6,"height_label":"assumed"}},{"type":"Feature","geometry":{"type":"Polygon","coordinates":[[[78.390396,17.413773],[78.390299,17.413811],[78.390266,17.413735],[78.390364,17.413697],[78.390396,17.413773]]]},"properties":{"id":"748f997b1b17","height":null,"num_floors":null,"render_height_m":9.6,"height_label":"assumed"}},{"type":"Feature","geometry":{"type":"Polygon","coordinates":[[[78.390385,17.413949],[78.390293,17.413993],[78.39024,17.413892],[78.390333,17.413849],[78.390385,17.413949]]]},"properties":{"id":"3d0d9a11d996","height":null,"num_floors":null,"render_height_m":9.6,"height_label":"assumed"}},{"type":"Feature","geometry":{"type":"Polygon","coordinates":[[[78.390533,17.414034],[78.390349,17.41412],[78.390303,17.414031],[78.390487,17.413944],[78.390533,17.414034]]]},"properties":{"id":"6a2f43a50afc","height":null,"num_floors":null,"render_height_m":9.6,"height_label":"assumed"}},{"type":"Feature","geometry":{"type":"Polygon","coordinates":[[[78.390573,17.414116],[78.390383,17.414202],[78.390345,17.414126],[78.390535,17.41404],[78.390573,17.414116]]]},"properties":{"id":"d7df21d44082","height":null,"num_floors":null,"render_height_m":9.6,"height_label":"assumed"}},{"type":"Feature","geometry":{"type":"Polygon","coordinates":[[[78.390596,17.413995],[78.390691,17.413956],[78.39072,17.41402],[78.390625,17.414059],[78.390596,17.413995]]]},"properties":{"id":"cb91e2a27dbf","height":null,"num_floors":null,"render_height_m":9.6,"height_label":"assumed"}},{"type":"Feature","geometry":{"type":"Polygon","coordinates":[[[78.390733,17.414133],[78.39065,17.41417],[78.390616,17.4141],[78.390699,17.414064],[78.390733,17.414133]]]},"properties":{"id":"8bbd9f92225a","height":null,"num_floors":null,"render_height_m":9.6,"height_label":"assumed"}},{"type":"Feature","geometry":{"type":"Polygon","coordinates":[[[78.390822,17.413914],[78.39072,17.413955],[78.390686,17.413878],[78.390789,17.413837],[78.390822,17.413914]]]},"properties":{"id":"d20ac8313d0a","height":null,"num_floors":null,"render_height_m":9.6,"height_label":"assumed"}},{"type":"Feature","geometry":{"type":"Polygon","coordinates":[[[78.390725,17.413843],[78.390541,17.413932],[78.390504,17.413861],[78.390687,17.413773],[78.390725,17.413843]]]},"properties":{"id":"327d394b59f7","height":null,"num_floors":null,"render_height_m":9.6,"height_label":"assumed"}},{"type":"Feature","geometry":{"type":"Polygon","coordinates":[[[78.390678,17.413764],[78.390581,17.413809],[78.390543,17.413735],[78.390639,17.41369],[78.390678,17.413764]]]},"properties":{"id":"97a44aa3006a","height":null,"num_floors":null,"render_height_m":9.6,"height_label":"assumed"}},{"type":"Feature","geometry":{"type":"Polygon","coordinates":[[[78.390741,17.413678],[78.390772,17.413758],[78.390724,17.413775],[78.390693,17.413695],[78.390741,17.413678]]]},"properties":{"id":"9ef8a06d0a5f","height":null,"num_floors":null,"render_height_m":6.4,"height_label":"assumed"}},{"type":"Feature","geometry":{"type":"Polygon","coordinates":[[[78.390871,17.413685],[78.390776,17.413726],[78.390742,17.413654],[78.390838,17.413613],[78.390871,17.413685]]]},"properties":{"id":"37e90d6d61e5","height":null,"num_floors":null,"render_height_m":9.6,"height_label":"assumed"}},{"type":"Feature","geometry":{"type":"Polygon","coordinates":[[[78.390946,17.413815],[78.390857,17.41385],[78.390825,17.413775],[78.390914,17.41374],[78.390946,17.413815]]]},"properties":{"id":"f735fddf6056","height":null,"num_floors":null,"render_height_m":9.6,"height_label":"assumed"}},{"type":"Feature","geometry":{"type":"Polygon","coordinates":[[[78.390982,17.413863],[78.390839,17.413919],[78.39082,17.413875],[78.390963,17.413819],[78.390982,17.413863]]]},"properties":{"id":"383d86468355","height":null,"num_floors":null,"render_height_m":9.6,"height_label":"assumed"}},{"type":"Feature","geometry":{"type":"Polygon","coordinates":[[[78.391019,17.413826],[78.390977,17.413838],[78.390944,17.413736],[78.390985,17.413723],[78.391019,17.413826]]]},"properties":{"id":"e109f213decd","height":null,"num_floors":null,"render_height_m":6.4,"height_label":"assumed"}},{"type":"Feature","geometry":{"type":"Polygon","coordinates":[[[78.391065,17.413659],[78.390972,17.413685],[78.390949,17.413609],[78.391042,17.413584],[78.391065,17.413659]]]},"properties":{"id":"29507ce5f298","height":null,"num_floors":null,"render_height_m":9.6,"height_label":"assumed"}},{"type":"Feature","geometry":{"type":"Polygon","coordinates":[[[78.391439,17.413827],[78.39133,17.413864],[78.391288,17.413753],[78.391397,17.413716],[78.391439,17.413827]]]},"properties":{"id":"6fabbbf661fe","height":null,"num_floors":null,"render_height_m":9.6,"height_label":"assumed"}},{"type":"Feature","geometry":{"type":"Polygon","coordinates":[[[78.391339,17.413916],[78.391238,17.413949],[78.391214,17.413882],[78.391314,17.413849],[78.391339,17.413916]]]},"properties":{"id":"a75b9027a4ba","height":null,"num_floors":null,"render_height_m":9.6,"height_label":"assumed"}},{"type":"Feature","geometry":{"type":"Polygon","coordinates":[[[78.391474,17.413965],[78.391361,17.414001],[78.391335,17.413925],[78.391448,17.41389],[78.391474,17.413965]]]},"properties":{"id":"18106edeb4cd","height":null,"num_floors":null,"render_height_m":9.6,"height_label":"assumed"}},{"type":"Feature","geometry":{"type":"Polygon","coordinates":[[[78.391357,17.414024],[78.391401,17.414134],[78.391334,17.414159],[78.39129,17.414049],[78.391357,17.414024]]]},"properties":{"id":"3582059b78fa","height":null,"num_floors":null,"render_height_m":9.6,"height_label":"assumed"}},{"type":"Feature","geometry":{"type":"Polygon","coordinates":[[[78.391274,17.414131],[78.391217,17.41415],[78.391196,17.414089],[78.391253,17.414071],[78.391274,17.414131]]]},"properties":{"id":"1c3ab8f1f90e","height":null,"num_floors":null,"render_height_m":6.4,"height_label":"assumed"}},{"type":"Feature","geometry":{"type":"Polygon","coordinates":[[[78.391045,17.41411],[78.391014,17.414119],[78.390984,17.414026],[78.391011,17.414006],[78.391045,17.41411]]]},"properties":{"id":"de3de83f4b1c","height":null,"num_floors":null,"render_height_m":6.4,"height_label":"assumed"}},{"type":"Feature","geometry":{"type":"Polygon","coordinates":[[[78.39119,17.414079],[78.391084,17.414115],[78.391058,17.414045],[78.391164,17.414009],[78.39119,17.414079]]]},"properties":{"id":"a2e9cf8aa3cb","height":null,"num_floors":null,"render_height_m":9.6,"height_label":"assumed"}},{"type":"Feature","geometry":{"type":"Polygon","coordinates":[[[78.391103,17.413934],[78.390979,17.413977],[78.390944,17.413883],[78.391069,17.413841],[78.391103,17.413934]]]},"properties":{"id":"b9db544ff080","height":null,"num_floors":null,"render_height_m":9.6,"height_label":"assumed"}},{"type":"Feature","geometry":{"type":"Polygon","coordinates":[[[78.390969,17.413978],[78.390885,17.414009],[78.390848,17.413918],[78.390933,17.413887],[78.390969,17.413978]]]},"properties":{"id":"e274d9c92a94","height":null,"num_floors":null,"render_height_m":9.6,"height_label":"assumed"}},{"type":"Feature","geometry":{"type":"Polygon","coordinates":[[[78.390919,17.414014],[78.390954,17.414095],[78.390852,17.414136],[78.390816,17.414056],[78.390919,17.414014]]]},"properties":{"id":"4f59c3f8398c","height":null,"num_floors":null,"render_height_m":9.6,"height_label":"assumed"}},{"type":"Feature","geometry":{"type":"Polygon","coordinates":[[[78.391018,17.414254],[78.390935,17.414282],[78.390912,17.414219],[78.390994,17.414191],[78.391018,17.414254]]]},"properties":{"id":"8f903684c115","height":null,"num_floors":null,"render_height_m":6.4,"height_label":"assumed"}},{"type":"Feature","geometry":{"type":"Polygon","coordinates":[[[78.391103,17.414306],[78.390966,17.414353],[78.390944,17.414292],[78.39108,17.414245],[78.391103,17.414306]]]},"properties":{"id":"c8caebf3db9b","height":null,"num_floors":null,"render_height_m":9.6,"height_label":"assumed"}},{"type":"Feature","geometry":{"type":"Polygon","coordinates":[[[78.391155,17.414401],[78.391028,17.414444],[78.390993,17.414351],[78.391121,17.414308],[78.391155,17.414401]]]},"properties":{"id":"d8b64b860e9c","height":null,"num_floors":null,"render_height_m":9.6,"height_label":"assumed"}},{"type":"Feature","geometry":{"type":"Polygon","coordinates":[[[78.391088,17.414236],[78.391026,17.414256],[78.390987,17.41415],[78.39105,17.414129],[78.391088,17.414236]]]},"properties":{"id":"7459b645c080","height":null,"num_floors":null,"render_height_m":9.6,"height_label":"assumed"}},{"type":"Feature","geometry":{"type":"Polygon","coordinates":[[[78.391213,17.414166],[78.391097,17.414204],[78.39107,17.414128],[78.391186,17.41409],[78.391213,17.414166]]]},"properties":{"id":"8d1d27545955","height":null,"num_floors":null,"render_height_m":9.6,"height_label":"assumed"}},{"type":"Feature","geometry":{"type":"Polygon","coordinates":[[[78.391321,17.414329],[78.391177,17.414379],[78.391116,17.414219],[78.391261,17.414169],[78.391321,17.414329]]]},"properties":{"id":"0474cab7620a","height":null,"num_floors":null,"render_height_m":12.8,"height_label":"assumed"}},{"type":"Feature","geometry":{"type":"Polygon","coordinates":[[[78.391362,17.414518],[78.391237,17.414553],[78.391214,17.414476],[78.391339,17.414442],[78.391362,17.414518]]]},"properties":{"id":"6a4283865ed8","height":null,"num_floors":null,"render_height_m":9.6,"height_label":"assumed"}},{"type":"Feature","geometry":{"type":"Polygon","coordinates":[[[78.391407,17.414675],[78.391286,17.414707],[78.391248,17.414577],[78.391369,17.414545],[78.391407,17.414675]]]},"properties":{"id":"8c9d985b089e","height":null,"num_floors":null,"render_height_m":9.6,"height_label":"assumed"}},{"type":"Feature","geometry":{"type":"Polygon","coordinates":[[[78.391181,17.414576],[78.391143,17.414586],[78.39112,17.414513],[78.391157,17.414502],[78.391181,17.414576]]]},"properties":{"id":"e669acea1907","height":null,"num_floors":null,"render_height_m":6.4,"height_label":"assumed"}},{"type":"Feature","geometry":{"type":"Polygon","coordinates":[[[78.391151,17.414623],[78.391034,17.414664],[78.39102,17.414628],[78.391137,17.414587],[78.391151,17.414623]]]},"properties":{"id":"bfe8a00498b1","height":null,"num_floors":null,"render_height_m":6.4,"height_label":"assumed"}},{"type":"Feature","geometry":{"type":"Polygon","coordinates":[[[78.391133,17.414584],[78.391023,17.414619],[78.390998,17.414547],[78.391108,17.414512],[78.391133,17.414584]]]},"properties":{"id":"78f62a671936","height":null,"num_floors":null,"render_height_m":9.6,"height_label":"assumed"}},{"type":"Feature","geometry":{"type":"Polygon","coordinates":[[[78.391015,17.414518],[78.390844,17.414567],[78.390792,17.414401],[78.390963,17.414353],[78.391015,17.414518]]]},"properties":{"id":"389d1519b01d","height":null,"num_floors":null,"render_height_m":12.8,"height_label":"assumed"}},{"type":"Feature","geometry":{"type":"Polygon","coordinates":[[[78.390896,17.414683],[78.390798,17.414707],[78.39078,17.41464],[78.390878,17.414615],[78.390896,17.414683]]]},"properties":{"id":"e5850171bb1b","height":null,"num_floors":null,"render_height_m":9.6,"height_label":"assumed"}},{"type":"Feature","geometry":{"type":"Polygon","coordinates":[[[78.390654,17.414563],[78.390673,17.414624],[78.39059,17.414648],[78.390571,17.414587],[78.390654,17.414563]]]},"properties":{"id":"d869657027bc","height":null,"num_floors":null,"render_height_m":6.4,"height_label":"assumed"}},{"type":"Feature","geometry":{"type":"Polygon","coordinates":[[[78.390606,17.414512],[78.390618,17.414555],[78.390561,17.41457],[78.390549,17.414527],[78.390606,17.414512]]]},"properties":{"id":"e9703a7dcabb","height":null,"num_floors":null,"render_height_m":6.4,"height_label":"assumed"}},{"type":"Feature","geometry":{"type":"Polygon","coordinates":[[[78.390788,17.41455],[78.390689,17.414584],[78.390652,17.414484],[78.39075,17.414451],[78.390788,17.41455]]]},"properties":{"id":"cd4085a2f212","height":null,"num_floors":null,"render_height_m":9.6,"height_label":"assumed"}},{"type":"Feature","geometry":{"type":"Polygon","coordinates":[[[78.390797,17.41436],[78.390765,17.414372],[78.390749,17.414334],[78.390911,17.414262],[78.390952,17.414339],[78.39081,17.414392],[78.390797,17.41436]]]},"properties":{"id":"0deb88f115ce","height":null,"num_floors":null,"render_height_m":9.6,"height_label":"assumed"}},{"type":"Feature","geometry":{"type":"Polygon","coordinates":[[[78.390891,17.414243],[78.390807,17.41428],[78.390739,17.414141],[78.390823,17.414103],[78.390891,17.414243]]]},"properties":{"id":"7000a9a998f5","height":null,"num_floors":null,"render_height_m":9.6,"height_label":"assumed"}},{"type":"Feature","geometry":{"type":"Polygon","coordinates":[[[78.39073,17.414144],[78.390801,17.414286],[78.39073,17.414318],[78.390659,17.414176],[78.39073,17.414144]]]},"properties":{"id":"1ae12480b4db","height":null,"num_floors":null,"render_height_m":9.6,"height_label":"assumed"}},{"type":"Feature","geometry":{"type":"Polygon","coordinates":[[[78.390758,17.414437],[78.390655,17.414471],[78.390614,17.41436],[78.390718,17.414326],[78.390758,17.414437]]]},"properties":{"id":"e57dd68f909e","height":null,"num_floors":null,"render_height_m":9.6,"height_label":"assumed"}},{"type":"Feature","geometry":{"type":"Polygon","coordinates":[[[78.390603,17.414336],[78.390462,17.414388],[78.390435,17.414323],[78.390577,17.414271],[78.390603,17.414336]]]},"properties":{"id":"000ef3f3c1f1","height":null,"num_floors":null,"render_height_m":9.6,"height_label":"assumed"}},{"type":"Feature","geometry":{"type":"Polygon","coordinates":[[[78.390636,17.414234],[78.390531,17.414272],[78.390494,17.414177],[78.390599,17.41414],[78.390636,17.414234]]]},"properties":{"id":"0cd141df6b97","height":null,"num_floors":null,"render_height_m":9.6,"height_label":"assumed"}},{"type":"Feature","geometry":{"type":"Polygon","coordinates":[[[78.390354,17.414222],[78.390246,17.414258],[78.390217,17.41418],[78.390325,17.414144],[78.390354,17.414222]]]},"properties":{"id":"79ccc3622d1b","height":null,"num_floors":null,"render_height_m":9.6,"height_label":"assumed"}},{"type":"Feature","geometry":{"type":"Polygon","coordinates":[[[78.390383,17.414309],[78.390278,17.414344],[78.390253,17.414276],[78.390358,17.41424],[78.390383,17.414309]]]},"properties":{"id":"7b60f7bab195","height":null,"num_floors":null,"render_height_m":9.6,"height_label":"assumed"}},{"type":"Feature","geometry":{"type":"Polygon","coordinates":[[[78.39042,17.414386],[78.390312,17.414423],[78.390285,17.414349],[78.390393,17.414313],[78.39042,17.414386]]]},"properties":{"id":"7f39c3cffb48","height":null,"num_floors":null,"render_height_m":9.6,"height_label":"assumed"}},{"type":"Feature","geometry":{"type":"Polygon","coordinates":[[[78.390337,17.414541],[78.390258,17.41457],[78.390229,17.414498],[78.390308,17.414469],[78.390337,17.414541]]]},"properties":{"id":"3162b03e405b","height":null,"num_floors":null,"render_height_m":6.4,"height_label":"assumed"}},{"type":"Feature","geometry":{"type":"Polygon","coordinates":[[[78.390468,17.414536],[78.390355,17.414574],[78.390323,17.414486],[78.390436,17.414448],[78.390468,17.414536]]]},"properties":{"id":"c980a7117af2","height":null,"num_floors":null,"render_height_m":9.6,"height_label":"assumed"}},{"type":"Feature","geometry":{"type":"Polygon","coordinates":[[[78.390433,17.414444],[78.390331,17.414478],[78.390312,17.414427],[78.390414,17.414393],[78.390433,17.414444]]]},"properties":{"id":"602836b34bf4","height":null,"num_floors":null,"render_height_m":6.4,"height_label":"assumed"}},{"type":"Feature","geometry":{"type":"Polygon","coordinates":[[[78.390601,17.414429],[78.39049,17.414466],[78.390463,17.414392],[78.390574,17.414355],[78.390601,17.414429]]]},"properties":{"id":"f3889a31c4a3","height":null,"num_floors":null,"render_height_m":9.6,"height_label":"assumed"}},{"type":"Feature","geometry":{"type":"Polygon","coordinates":[[[78.39049,17.414631],[78.390304,17.414702],[78.390268,17.414615],[78.390454,17.414545],[78.39049,17.414631]]]},"properties":{"id":"3beb71464eb4","height":null,"num_floors":null,"render_height_m":9.6,"height_label":"assumed"}},{"type":"Feature","geometry":{"type":"Polygon","coordinates":[[[78.39046,17.414925],[78.390366,17.414965],[78.390337,17.414902],[78.390431,17.414862],[78.39046,17.414925]]]},"properties":{"id":"367415fc3b1f","height":null,"num_floors":null,"render_height_m":9.6,"height_label":"assumed"}},{"type":"Feature","geometry":{"type":"Polygon","coordinates":[[[78.390447,17.414853],[78.390383,17.414878],[78.390343,17.414781],[78.390408,17.414757],[78.390447,17.414853]]]},"properties":{"id":"d05eaa4ef44d","height":null,"num_floors":null,"render_height_m":9.6,"height_label":"assumed"}},{"type":"Feature","geometry":{"type":"Polygon","coordinates":[[[78.390634,17.414947],[78.390507,17.414993],[78.390454,17.414863],[78.390581,17.414816],[78.390634,17.414947]]]},"properties":{"id":"87f25f2c3532","height":null,"num_floors":null,"render_height_m":9.6,"height_label":"assumed"}},{"type":"Feature","geometry":{"type":"Polygon","coordinates":[[[78.390513,17.41483],[78.390455,17.414852],[78.390407,17.414737],[78.390465,17.414715],[78.390513,17.41483]]]},"properties":{"id":"fd0f9cd655e8","height":null,"num_floors":null,"render_height_m":9.6,"height_label":"assumed"}},{"type":"Feature","geometry":{"type":"Polygon","coordinates":[[[78.390577,17.414707],[78.390582,17.414735],[78.390542,17.414742],[78.390537,17.414714],[78.390577,17.414707]]]},"properties":{"id":"20022e93c2ff","height":null,"num_floors":null,"render_height_m":6.4,"height_label":"assumed"}},{"type":"Feature","geometry":{"type":"Polygon","coordinates":[[[78.390802,17.414791],[78.390641,17.414845],[78.390578,17.414675],[78.390739,17.414621],[78.390802,17.414791]]]},"properties":{"id":"60c8b7cca2c8","height":null,"num_floors":null,"render_height_m":12.8,"height_label":"assumed"}},{"type":"Feature","geometry":{"type":"Polygon","coordinates":[[[78.390872,17.414764],[78.390841,17.414773],[78.390821,17.414707],[78.390851,17.414698],[78.390872,17.414764]]]},"properties":{"id":"21a971f984b0","height":null,"num_floors":null,"render_height_m":6.4,"height_label":"assumed"}},{"type":"Feature","geometry":{"type":"Polygon","coordinates":[[[78.390826,17.414967],[78.390733,17.415015],[78.390697,17.41495],[78.39079,17.414903],[78.390826,17.414967]]]},"properties":{"id":"81e02d31b96e","height":null,"num_floors":null,"render_height_m":9.6,"height_label":"assumed"}},{"type":"Feature","geometry":{"type":"Polygon","coordinates":[[[78.390862,17.415048],[78.390772,17.415093],[78.390735,17.415026],[78.390824,17.414981],[78.390862,17.415048]]]},"properties":{"id":"08e65910b3c3","height":null,"num_floors":null,"render_height_m":9.6,"height_label":"assumed"}},{"type":"Feature","geometry":{"type":"Polygon","coordinates":[[[78.390751,17.415097],[78.390636,17.415146],[78.390612,17.415097],[78.390728,17.415048],[78.390751,17.415097]]]},"properties":{"id":"293eddbee481","height":null,"num_floors":null,"render_height_m":9.6,"height_label":"assumed"}},{"type":"Feature","geometry":{"type":"Polygon","coordinates":[[[78.390617,17.415165],[78.390516,17.415199],[78.390499,17.415151],[78.390599,17.415117],[78.390617,17.415165]]]},"properties":{"id":"280d0fe9a575","height":null,"num_floors":null,"render_height_m":6.4,"height_label":"assumed"}},{"type":"Feature","geometry":{"type":"Polygon","coordinates":[[[78.390506,17.41519],[78.390453,17.415208],[78.390411,17.415097],[78.390464,17.415079],[78.390506,17.41519]]]},"properties":{"id":"63b31dade066","height":null,"num_floors":null,"render_height_m":6.4,"height_label":"assumed"}},{"type":"Feature","geometry":{"type":"Polygon","coordinates":[[[78.3906,17.415108],[78.390545,17.415127],[78.390524,17.415071],[78.39058,17.415053],[78.3906,17.415108]]]},"properties":{"id":"f0d4dd64f135","height":null,"num_floors":null,"render_height_m":6.4,"height_label":"assumed"}},{"type":"Feature","geometry":{"type":"Polygon","coordinates":[[[78.390519,17.415039],[78.39041,17.415087],[78.390384,17.415033],[78.390493,17.414985],[78.390519,17.415039]]]},"properties":{"id":"74a280909912","height":null,"num_floors":null,"render_height_m":9.6,"height_label":"assumed"}},{"type":"Feature","geometry":{"type":"Polygon","coordinates":[[[78.390494,17.414982],[78.390379,17.415032],[78.390354,17.414978],[78.390468,17.414928],[78.390494,17.414982]]]},"properties":{"id":"154757a42d76","height":null,"num_floors":null,"render_height_m":9.6,"height_label":"assumed"}},{"type":"Feature","geometry":{"type":"Polygon","coordinates":[[[78.390272,17.414909],[78.390303,17.414898],[78.390335,17.414979],[78.390303,17.41499],[78.390272,17.414909]]]},"properties":{"id":"7923cb7ba73d","height":null,"num_floors":null,"render_height_m":6.4,"height_label":"assumed"}},{"type":"Feature","geometry":{"type":"Polygon","coordinates":[[[78.39042,17.415204],[78.390329,17.415233],[78.3903,17.415152],[78.390391,17.415123],[78.39042,17.415204]]]},"properties":{"id":"745ca4df9d13","height":null,"num_floors":null,"render_height_m":9.6,"height_label":"assumed"}},{"type":"Feature","geometry":{"type":"Polygon","coordinates":[[[78.390445,17.415328],[78.39032,17.415374],[78.390287,17.415292],[78.390411,17.415245],[78.390445,17.415328]]]},"properties":{"id":"df53296108c7","height":null,"num_floors":null,"render_height_m":9.6,"height_label":"assumed"}},{"type":"Feature","geometry":{"type":"Polygon","coordinates":[[[78.390513,17.415321],[78.390463,17.415341],[78.390421,17.415243],[78.39047,17.415224],[78.390513,17.415321]]]},"properties":{"id":"4c37a5d89e01","height":null,"num_floors":null,"render_height_m":6.4,"height_label":"assumed"}},{"type":"Feature","geometry":{"type":"Polygon","coordinates":[[[78.390596,17.415401],[78.390507,17.415432],[78.390472,17.415343],[78.390561,17.415311],[78.390596,17.415401]]]},"properties":{"id":"5e5b689ccfb2","height":null,"num_floors":null,"render_height_m":9.6,"height_label":"assumed"}},{"type":"Feature","geometry":{"type":"Polygon","coordinates":[[[78.390456,17.415439],[78.390332,17.415485],[78.390293,17.415391],[78.390417,17.415345],[78.390456,17.415439]]]},"properties":{"id":"e932ce9682f9","height":null,"num_floors":null,"render_height_m":9.6,"height_label":"assumed"}},{"type":"Feature","geometry":{"type":"Polygon","coordinates":[[[78.39049,17.415548],[78.390362,17.415596],[78.39032,17.415494],[78.390448,17.415446],[78.39049,17.415548]]]},"properties":{"id":"da9bd138cae3","height":null,"num_floors":null,"render_height_m":9.6,"height_label":"assumed"}},{"type":"Feature","geometry":{"type":"Polygon","coordinates":[[[78.39041,17.415597],[78.390433,17.415665],[78.390373,17.415684],[78.390379,17.415701],[78.39031,17.415723],[78.39028,17.415638],[78.39041,17.415597]]]},"properties":{"id":"24030a464557","height":null,"num_floors":null,"render_height_m":9.6,"height_label":"assumed"}},{"type":"Feature","geometry":{"type":"Polygon","coordinates":[[[78.39055,17.415713],[78.390425,17.415751],[78.390401,17.415678],[78.390526,17.41564],[78.39055,17.415713]]]},"properties":{"id":"e240103050c0","height":null,"num_floors":null,"render_height_m":9.6,"height_label":"assumed"}},{"type":"Feature","geometry":{"type":"Polygon","coordinates":[[[78.390648,17.415506],[78.390534,17.415549],[78.390492,17.415447],[78.390607,17.415404],[78.390648,17.415506]]]},"properties":{"id":"316135a7dd34","height":null,"num_floors":null,"render_height_m":9.6,"height_label":"assumed"}},{"type":"Feature","geometry":{"type":"Polygon","coordinates":[[[78.390692,17.415607],[78.390575,17.41563],[78.390558,17.415553],[78.390675,17.415529],[78.390692,17.415607]]]},"properties":{"id":"33cfaf30f981","height":null,"num_floors":null,"render_height_m":9.6,"height_label":"assumed"}},{"type":"Feature","geometry":{"type":"Polygon","coordinates":[[[78.390719,17.415684],[78.390607,17.415715],[78.390589,17.415656],[78.390702,17.415626],[78.390719,17.415684]]]},"properties":{"id":"e723d8ae20b9","height":null,"num_floors":null,"render_height_m":9.6,"height_label":"assumed"}},{"type":"Feature","geometry":{"type":"Polygon","coordinates":[[[78.390807,17.415647],[78.390735,17.415676],[78.390705,17.415606],[78.390777,17.415578],[78.390807,17.415647]]]},"properties":{"id":"41512b6819e9","height":null,"num_floors":null,"render_height_m":6.4,"height_label":"assumed"}},{"type":"Feature","geometry":{"type":"Polygon","coordinates":[[[78.390734,17.415357],[78.39061,17.415398],[78.390581,17.415322],[78.390705,17.41528],[78.390734,17.415357]]]},"properties":{"id":"60a376c1d8d4","height":null,"num_floors":null,"render_height_m":9.6,"height_label":"assumed"}},{"type":"Feature","geometry":{"type":"Polygon","coordinates":[[[78.390731,17.41523],[78.39061,17.415276],[78.390571,17.415184],[78.390693,17.415138],[78.390731,17.41523]]]},"properties":{"id":"86f87fb7968d","height":null,"num_floors":null,"render_height_m":9.6,"height_label":"assumed"}},{"type":"Feature","geometry":{"type":"Polygon","coordinates":[[[78.391071,17.415313],[78.390921,17.415392],[78.390867,17.4153],[78.391018,17.415221],[78.391071,17.415313]]]},"properties":{"id":"aa8cd715c2e3","height":null,"num_floors":null,"render_height_m":9.6,"height_label":"assumed"}},{"type":"Feature","geometry":{"type":"Polygon","coordinates":[[[78.391196,17.415239],[78.391075,17.415306],[78.39102,17.415216],[78.39114,17.415149],[78.391196,17.415239]]]},"properties":{"id":"543c9bf547cf","height":null,"num_floors":null,"render_height_m":9.6,"height_label":"assumed"}},{"type":"Feature","geometry":{"type":"Polygon","coordinates":[[[78.39117,17.415483],[78.3911,17.415516],[78.391061,17.415441],[78.391131,17.415408],[78.39117,17.415483]]]},"properties":{"id":"29d7e3338102","height":null,"num_floors":null,"render_height_m":6.4,"height_label":"assumed"}},{"type":"Feature","geometry":{"type":"Polygon","coordinates":[[[78.391056,17.415412],[78.390956,17.41546],[78.39093,17.415411],[78.391047,17.415356],[78.391058,17.415379],[78.391042,17.415386],[78.391056,17.415412]]]},"properties":{"id":"9333f2536569","height":null,"num_floors":null,"render_height_m":6.4,"height_label":"assumed"}},{"type":"Feature","geometry":{"type":"Polygon","coordinates":[[[78.390979,17.415726],[78.390789,17.415789],[78.390751,17.415687],[78.390942,17.415624],[78.390979,17.415726]]]},"properties":{"id":"eebeef319285","height":null,"num_floors":null,"render_height_m":12.8,"height_label":"assumed"}},{"type":"Feature","geometry":{"type":"Polygon","coordinates":[[[78.391163,17.415634],[78.391048,17.415654],[78.391032,17.415572],[78.391147,17.415552],[78.39115,17.415567],[78.391163,17.415634]]]},"properties":{"id":"da4623482a89","height":null,"num_floors":null,"render_height_m":9.6,"height_label":"assumed"}},{"type":"Feature","geometry":{"type":"Polygon","coordinates":[[[78.391095,17.415538],[78.391006,17.415581],[78.390955,17.415484],[78.391045,17.415441],[78.391095,17.415538]]]},"properties":{"id":"f4f77098dfff","height":null,"num_floors":null,"render_height_m":9.6,"height_label":"assumed"}},{"type":"Feature","geometry":{"type":"Polygon","coordinates":[[[78.391293,17.415513],[78.391199,17.415536],[78.391171,17.415455],[78.391261,17.415403],[78.391293,17.415513]]]},"properties":{"id":"848687fd8e16","height":null,"num_floors":null,"render_height_m":9.6,"height_label":"assumed"}},{"type":"Feature","geometry":{"type":"Polygon","coordinates":[[[78.391246,17.415724],[78.391067,17.415759],[78.391046,17.415662],[78.391225,17.415626],[78.391246,17.415724]]]},"properties":{"id":"1525d0633cd7","height":null,"num_floors":null,"render_height_m":9.6,"height_label":"assumed"}},{"type":"Feature","geometry":{"type":"Polygon","coordinates":[[[78.391271,17.415684],[78.391314,17.415676],[78.391323,17.415724],[78.39128,17.415732],[78.391271,17.415684]]]},"properties":{"id":"84b34645466d","height":null,"num_floors":null,"render_height_m":6.4,"height_label":"assumed"}},{"type":"Feature","geometry":{"type":"Polygon","coordinates":[[[78.391405,17.415646],[78.391243,17.415677],[78.391216,17.415549],[78.391379,17.415518],[78.391405,17.415646]]]},"properties":{"id":"36f6ac033781","height":null,"num_floors":null,"render_height_m":12.8,"height_label":"assumed"}},{"type":"Feature","geometry":{"type":"Polygon","coordinates":[[[78.391366,17.415503],[78.391298,17.415515],[78.391273,17.415383],[78.391341,17.415372],[78.391366,17.415503]]]},"properties":{"id":"d28d69eeba71","height":null,"num_floors":null,"render_height_m":9.6,"height_label":"assumed"}},{"type":"Feature","geometry":{"type":"Polygon","coordinates":[[[78.391264,17.415372],[78.391157,17.415429],[78.391097,17.415326],[78.391204,17.415269],[78.391264,17.415372]]]},"properties":{"id":"641d40b721b5","height":null,"num_floors":null,"render_height_m":9.6,"height_label":"assumed"}},{"type":"Feature","geometry":{"type":"Polygon","coordinates":[[[78.391352,17.415341],[78.391274,17.415377],[78.391223,17.415276],[78.391301,17.415241],[78.391352,17.415341]]]},"properties":{"id":"2407bd829750","height":null,"num_floors":null,"render_height_m":9.6,"height_label":"assumed"}},{"type":"Feature","geometry":{"type":"Polygon","coordinates":[[[78.391235,17.415173],[78.391268,17.415236],[78.391241,17.415249],[78.391208,17.415186],[78.391235,17.415173]]]},"properties":{"id":"1af98423e339","height":null,"num_floors":null,"render_height_m":6.4,"height_label":"assumed"}},{"type":"Feature","geometry":{"type":"Polygon","coordinates":[[[78.391408,17.415299],[78.391344,17.415306],[78.391331,17.415201],[78.391395,17.415194],[78.391408,17.415299]]]},"properties":{"id":"b7567c403702","height":null,"num_floors":null,"render_height_m":6.4,"height_label":"assumed"}},{"type":"Feature","geometry":{"type":"Polygon","coordinates":[[[78.391415,17.415149],[78.391355,17.415181],[78.391292,17.415073],[78.391352,17.415041],[78.391415,17.415149]]]},"properties":{"id":"74b9e54ffdd5","height":null,"num_floors":null,"render_height_m":9.6,"height_label":"assumed"}},{"type":"Feature","geometry":{"type":"Polygon","coordinates":[[[78.391361,17.414993],[78.391251,17.415036],[78.391203,17.414926],[78.391312,17.414882],[78.391361,17.414993]]]},"properties":{"id":"9148d8bb984c","height":null,"num_floors":null,"render_height_m":9.6,"height_label":"assumed"}},{"type":"Feature","geometry":{"type":"Polygon","coordinates":[[[78.391249,17.415052],[78.391156,17.415087],[78.391105,17.414961],[78.391198,17.414927],[78.391249,17.415052]]]},"properties":{"id":"faa57ec0c714","height":null,"num_floors":null,"render_height_m":9.6,"height_label":"assumed"}},{"type":"Feature","geometry":{"type":"Polygon","coordinates":[[[78.391347,17.415185],[78.39128,17.415222],[78.391218,17.415118],[78.391285,17.415082],[78.391347,17.415185]]]},"properties":{"id":"157ed763ba1d","height":null,"num_floors":null,"render_height_m":9.6,"height_label":"assumed"}},{"type":"Feature","geometry":{"type":"Polygon","coordinates":[[[78.391081,17.415158],[78.390942,17.415233],[78.390872,17.415115],[78.39101,17.415039],[78.391081,17.415158]]]},"properties":{"id":"f22a1f55a069","height":null,"num_floors":null,"render_height_m":12.8,"height_label":"assumed"}},{"type":"Feature","geometry":{"type":"Polygon","coordinates":[[[78.390856,17.414951],[78.390886,17.414941],[78.390898,17.414974],[78.390868,17.414984],[78.390856,17.414951]]]},"properties":{"id":"7047348a44dc","height":null,"num_floors":null,"render_height_m":6.4,"height_label":"assumed"}},{"type":"Feature","geometry":{"type":"Polygon","coordinates":[[[78.391044,17.41498],[78.391009,17.414989],[78.390993,17.414934],[78.391028,17.414925],[78.391044,17.41498]]]},"properties":{"id":"9effa6899688","height":null,"num_floors":null,"render_height_m":6.4,"height_label":"assumed"}},{"type":"Feature","geometry":{"type":"Polygon","coordinates":[[[78.391149,17.414943],[78.391058,17.414976],[78.391006,17.414847],[78.391097,17.414814],[78.391149,17.414943]]]},"properties":{"id":"c983c3f311d8","height":null,"num_floors":null,"render_height_m":9.6,"height_label":"assumed"}},{"type":"Feature","geometry":{"type":"Polygon","coordinates":[[[78.391223,17.41489],[78.391186,17.414903],[78.391145,17.414793],[78.391183,17.414781],[78.391223,17.41489]]]},"properties":{"id":"6f8f31049aa5","height":null,"num_floors":null,"render_height_m":6.4,"height_label":"assumed"}},{"type":"Feature","geometry":{"type":"Polygon","coordinates":[[[78.391341,17.414859],[78.391243,17.414895],[78.391185,17.414752],[78.391247,17.414729],[78.391258,17.414756],[78.391295,17.414743],[78.391341,17.414859]]]},"properties":{"id":"868deeda32e8","height":null,"num_floors":null,"render_height_m":9.6,"height_label":"assumed"}},{"type":"Feature","geometry":{"type":"Polygon","coordinates":[[[78.391494,17.414677],[78.391547,17.414671],[78.391557,17.414756],[78.391504,17.414761],[78.391494,17.414677]]]},"properties":{"id":"37aac12e35f1","height":null,"num_floors":null,"render_height_m":6.4,"height_label":"assumed"}},{"type":"Feature","geometry":{"type":"Polygon","coordinates":[[[78.39146,17.414792],[78.391519,17.414934],[78.391463,17.414956],[78.391404,17.414813],[78.39146,17.414792]]]},"properties":{"id":"9678a323efa7","height":null,"num_floors":null,"render_height_m":9.6,"height_label":"assumed"}},{"type":"Feature","geometry":{"type":"Polygon","coordinates":[[[78.391653,17.414736],[78.391568,17.414752],[78.39155,17.41467],[78.391635,17.414654],[78.391653,17.414736]]]},"properties":{"id":"fe12f2de244d","height":null,"num_floors":null,"render_height_m":9.6,"height_label":"assumed"}},{"type":"Feature","geometry":{"type":"Polygon","coordinates":[[[78.39184,17.414627],[78.391861,17.414734],[78.391683,17.414766],[78.391675,17.414725],[78.391771,17.414707],[78.391758,17.414642],[78.39184,17.414627]]]},"properties":{"id":"e3a49c788dc0","height":null,"num_floors":null,"render_height_m":9.6,"height_label":"assumed"}},{"type":"Feature","geometry":{"type":"Polygon","coordinates":[[[78.391597,17.415107],[78.391644,17.415098],[78.391678,17.415274],[78.391631,17.415283],[78.391597,17.415107]]]},"properties":{"id":"a5b7fe377151","height":null,"num_floors":null,"render_height_m":9.6,"height_label":"assumed"}},{"type":"Feature","geometry":{"type":"Polygon","coordinates":[[[78.391556,17.415078],[78.391549,17.414883],[78.391601,17.414881],[78.391608,17.415077],[78.391556,17.415078]]]},"properties":{"id":"74b0fbf5ea85","height":null,"num_floors":null,"render_height_m":9.6,"height_label":"assumed"}},{"type":"Feature","geometry":{"type":"Polygon","coordinates":[[[78.391521,17.415092],[78.391435,17.415144],[78.391365,17.415039],[78.391452,17.414987],[78.391521,17.415092]]]},"properties":{"id":"bcbdf80af0ff","height":null,"num_floors":null,"render_height_m":9.6,"height_label":"assumed"}},{"type":"Feature","geometry":{"type":"Polygon","coordinates":[[[78.391534,17.415119],[78.391553,17.415198],[78.391523,17.415205],[78.391541,17.415276],[78.391504,17.415285],[78.391467,17.415134],[78.391534,17.415119]]]},"properties":{"id":"77ef4fb24b82","height":null,"num_floors":null,"render_height_m":9.6,"height_label":"assumed"}},{"type":"Feature","geometry":{"type":"Polygon","coordinates":[[[78.391589,17.41547],[78.391434,17.415505],[78.39142,17.41545],[78.391575,17.415414],[78.391589,17.41547]]]},"properties":{"id":"ec899adb04cc","height":null,"num_floors":null,"render_height_m":9.6,"height_label":"assumed"}},{"type":"Feature","geometry":{"type":"Polygon","coordinates":[[[78.391582,17.415379],[78.391412,17.415408],[78.391395,17.415319],[78.391565,17.41529],[78.391582,17.415379]]]},"properties":{"id":"b37af96adf8c","height":null,"num_floors":null,"render_height_m":9.6,"height_label":"assumed"}},{"type":"Feature","geometry":{"type":"Polygon","coordinates":[[[78.391611,17.415551],[78.391473,17.415583],[78.391455,17.415512],[78.391593,17.41548],[78.391611,17.415551]]]},"properties":{"id":"ac0c40332a42","height":null,"num_floors":null,"render_height_m":9.6,"height_label":"assumed"}},{"type":"Feature","geometry":{"type":"Polygon","coordinates":[[[78.391634,17.415562],[78.391643,17.415605],[78.391503,17.415632],[78.391494,17.415589],[78.391634,17.415562]]]},"properties":{"id":"c805b377ca2b","height":null,"num_floors":null,"render_height_m":6.4,"height_label":"assumed"}},{"type":"Feature","geometry":{"type":"Polygon","coordinates":[[[78.391594,17.415762],[78.391515,17.415778],[78.391486,17.415652],[78.391566,17.415635],[78.391594,17.415762]]]},"properties":{"id":"48b7f9b896c1","height":null,"num_floors":null,"render_height_m":9.6,"height_label":"assumed"}},{"type":"Feature","geometry":{"type":"Polygon","coordinates":[[[78.391747,17.415603],[78.39175,17.415636],[78.3917,17.415639],[78.391697,17.415606],[78.391747,17.415603]]]},"properties":{"id":"aab26b94a22d","height":null,"num_floors":null,"render_height_m":6.4,"height_label":"assumed"}},{"type":"Feature","geometry":{"type":"Polygon","coordinates":[[[78.39175,17.415636],[78.391753,17.415678],[78.391703,17.415681],[78.3917,17.415639],[78.39175,17.415636]]]},"properties":{"id":"2da2d172beb4","height":null,"num_floors":null,"render_height_m":6.4,"height_label":"assumed"}},{"type":"Feature","geometry":{"type":"Polygon","coordinates":[[[78.391813,17.415679],[78.391822,17.415723],[78.391801,17.415727],[78.391811,17.415772],[78.391757,17.415782],[78.391738,17.415694],[78.391813,17.415679]]]},"properties":{"id":"528d8fa929bf","height":null,"num_floors":null,"render_height_m":6.4,"height_label":"assumed"}},{"type":"Feature","geometry":{"type":"Polygon","coordinates":[[[78.392591,17.41568],[78.392623,17.415714],[78.392566,17.415762],[78.392534,17.415728],[78.392591,17.41568]]]},"properties":{"id":"3dfabcbc94be","height":null,"num_floors":null,"render_height_m":6.4,"height_label":"assumed"}},{"type":"Feature","geometry":{"type":"Polygon","coordinates":[[[78.392488,17.415285],[78.392457,17.415226],[78.392515,17.415199],[78.392546,17.415257],[78.392488,17.415285]]]},"properties":{"id":"924e190b8281","height":null,"num_floors":null,"render_height_m":6.4,"height_label":"assumed"}},{"type":"Feature","geometry":{"type":"Polygon","coordinates":[[[78.39231,17.414157],[78.392331,17.414241],[78.39226,17.414258],[78.392239,17.414173],[78.39231,17.414157]]]},"properties":{"id":"a34228c04555","height":null,"num_floors":null,"render_height_m":6.4,"height_label":"assumed"}},{"type":"Feature","geometry":{"type":"Polygon","coordinates":[[[78.391989,17.414549],[78.392,17.414603],[78.391844,17.414632],[78.391834,17.414577],[78.391989,17.414549]]]},"properties":{"id":"90c46de81684","height":null,"num_floors":null,"render_height_m":9.6,"height_label":"assumed"}},{"type":"Feature","geometry":{"type":"Polygon","coordinates":[[[78.391791,17.414615],[78.391463,17.414676],[78.391402,17.414383],[78.391731,17.414322],[78.391791,17.414615]],[[78.391681,17.414538],[78.391485,17.414569],[78.391499,17.414648],[78.391761,17.414605],[78.39172,17.414375],[78.391654,17.414386],[78.391681,17.414538]]]},"properties":{"id":"dcb693e1ac27","height":null,"num_floors":null,"render_height_m":19.2,"height_label":"assumed"}},{"type":"Feature","geometry":{"type":"Polygon","coordinates":[[[78.391562,17.414281],[78.391471,17.414304],[78.391459,17.414262],[78.391446,17.414265],[78.39142,17.414171],[78.391524,17.414145],[78.391562,17.414281]]]},"properties":{"id":"016841704357","height":null,"num_floors":null,"render_height_m":9.6,"height_label":"assumed"}},{"type":"Feature","geometry":{"type":"Polygon","coordinates":[[[78.391675,17.414257],[78.391577,17.414286],[78.391528,17.414132],[78.391625,17.414104],[78.391675,17.414257]]]},"properties":{"id":"5298fe014a86","height":null,"num_floors":null,"render_height_m":9.6,"height_label":"assumed"}},{"type":"Feature","geometry":{"type":"Polygon","coordinates":[[[78.391791,17.414212],[78.391715,17.414228],[78.391692,17.414131],[78.391768,17.414115],[78.391791,17.414212]]]},"properties":{"id":"2787069fa773","height":null,"num_floors":null,"render_height_m":9.6,"height_label":"assumed"}},{"type":"Feature","geometry":{"type":"Polygon","coordinates":[[[78.391755,17.414367],[78.391791,17.414361],[78.391807,17.414441],[78.391771,17.414447],[78.391755,17.414367]]]},"properties":{"id":"469621e85366","height":null,"num_floors":null,"render_height_m":6.4,"height_label":"assumed"}},{"type":"Feature","geometry":{"type":"Polygon","coordinates":[[[78.391843,17.414269],[78.391854,17.414324],[78.391786,17.414336],[78.391775,17.414282],[78.391843,17.414269]]]},"properties":{"id":"50b72e78b639","height":null,"num_floors":null,"render_height_m":6.4,"height_label":"assumed"}},{"type":"Feature","geometry":{"type":"Polygon","coordinates":[[[78.391889,17.414261],[78.3919,17.414315],[78.391854,17.414324],[78.391843,17.414269],[78.391889,17.414261]]]},"properties":{"id":"cc7890264c55","height":null,"num_floors":null,"render_height_m":6.4,"height_label":"assumed"}},{"type":"Feature","geometry":{"type":"Polygon","coordinates":[[[78.39188,17.414026],[78.391793,17.414051],[78.391767,17.413969],[78.391854,17.413944],[78.39188,17.414026]]]},"properties":{"id":"3e8583fc5e8a","height":null,"num_floors":null,"render_height_m":9.6,"height_label":"assumed"}},{"type":"Feature","geometry":{"type":"Polygon","coordinates":[[[78.391744,17.413995],[78.391763,17.414063],[78.391718,17.414075],[78.391699,17.414007],[78.391744,17.413995]]]},"properties":{"id":"60219c23dcd7","height":null,"num_floors":null,"render_height_m":6.4,"height_label":"assumed"}},{"type":"Feature","geometry":{"type":"Polygon","coordinates":[[[78.391798,17.414078],[78.391835,17.414068],[78.391851,17.414128],[78.391814,17.414138],[78.391798,17.414078]]]},"properties":{"id":"03dc8458452e","height":null,"num_floors":null,"render_height_m":6.4,"height_label":"assumed"}},{"type":"Feature","geometry":{"type":"Polygon","coordinates":[[[78.39167,17.414072],[78.391598,17.414089],[78.391579,17.41402],[78.391652,17.414003],[78.39167,17.414072]]]},"properties":{"id":"386bb4a05361","height":null,"num_floors":null,"render_height_m":6.4,"height_label":"assumed"}},{"type":"Feature","geometry":{"type":"Polygon","coordinates":[[[78.391542,17.414113],[78.391447,17.414146],[78.391414,17.41406],[78.391509,17.414027],[78.391542,17.414113]]]},"properties":{"id":"a3c9955b9fbd","height":null,"num_floors":null,"render_height_m":9.6,"height_label":"assumed"}},{"type":"Feature","geometry":{"type":"Polygon","coordinates":[[[78.391633,17.413981],[78.391496,17.414016],[78.391473,17.413934],[78.391609,17.413898],[78.391633,17.413981]]]},"properties":{"id":"429677805ae2","height":null,"num_floors":null,"render_height_m":9.6,"height_label":"assumed"}},{"type":"Feature","geometry":{"type":"Polygon","coordinates":[[[78.39172,17.413922],[78.391649,17.413933],[78.391637,17.413863],[78.391708,17.413852],[78.39172,17.413922]]]},"properties":{"id":"7bd859a14c42","height":null,"num_floors":null,"render_height_m":6.4,"height_label":"assumed"}},{"type":"Feature","geometry":{"type":"Polygon","coordinates":[[[78.391654,17.413749],[78.391672,17.413815],[78.391632,17.413825],[78.391614,17.413759],[78.391654,17.413749]]]},"properties":{"id":"47744abec7b8","height":null,"num_floors":null,"render_height_m":6.4,"height_label":"assumed"}},{"type":"Feature","geometry":{"type":"Polygon","coordinates":[[[78.391591,17.41375],[78.391613,17.41383],[78.391516,17.413854],[78.391494,17.413775],[78.391591,17.41375]]]},"properties":{"id":"e9f841605cf2","height":null,"num_floors":null,"render_height_m":9.6,"height_label":"assumed"}},{"type":"Feature","geometry":{"type":"Polygon","coordinates":[[[78.391548,17.413742],[78.391445,17.413771],[78.391419,17.413686],[78.391473,17.413671],[78.391482,17.413699],[78.39153,17.413686],[78.391548,17.413742]]]},"properties":{"id":"4061410c879a","height":null,"num_floors":null,"render_height_m":9.6,"height_label":"assumed"}},{"type":"Feature","geometry":{"type":"Polygon","coordinates":[[[78.391572,17.413643],[78.39149,17.413669],[78.391472,17.413617],[78.391554,17.413591],[78.391572,17.413643]]]},"properties":{"id":"0c70c1c96d31","height":null,"num_floors":null,"render_height_m":6.4,"height_label":"assumed"}},{"type":"Feature","geometry":{"type":"Polygon","coordinates":[[[78.391632,17.413672],[78.391654,17.413749],[78.391614,17.413759],[78.391593,17.413681],[78.391632,17.413672]]]},"properties":{"id":"49030180ea26","height":null,"num_floors":null,"render_height_m":6.4,"height_label":"assumed"}},{"type":"Feature","geometry":{"type":"Polygon","coordinates":[[[78.391831,17.41384],[78.391724,17.413874],[78.391676,17.413715],[78.391781,17.413679],[78.391831,17.41384]]]},"properties":{"id":"90b4c27f572d","height":null,"num_floors":null,"render_height_m":9.6,"height_label":"assumed"}},{"type":"Feature","geometry":{"type":"Polygon","coordinates":[[[78.39206,17.413663],[78.391967,17.413694],[78.391935,17.413608],[78.391993,17.413588],[78.391983,17.413561],[78.392018,17.413549],[78.39206,17.413663]]]},"properties":{"id":"b7b0e24cb321","height":null,"num_floors":null,"render_height_m":9.6,"height_label":"assumed"}},{"type":"Feature","geometry":{"type":"Polygon","coordinates":[[[78.391981,17.413701],[78.392048,17.413687],[78.392058,17.413732],[78.391991,17.413746],[78.391981,17.413701]]]},"properties":{"id":"a27616c233ea","height":null,"num_floors":null,"render_height_m":6.4,"height_label":"assumed"}},{"type":"Feature","geometry":{"type":"Polygon","coordinates":[[[78.392149,17.414084],[78.392164,17.41414],[78.392118,17.414152],[78.392103,17.414095],[78.392149,17.414084]]]},"properties":{"id":"f907b91a4679","height":null,"num_floors":null,"render_height_m":6.4,"height_label":"assumed"}},{"type":"Feature","geometry":{"type":"Polygon","coordinates":[[[78.392207,17.413543],[78.392194,17.413591],[78.392153,17.413581],[78.392167,17.413533],[78.392207,17.413543]]]},"properties":{"id":"3a3dac3b5ebf","height":null,"num_floors":null,"render_height_m":6.4,"height_label":"assumed"}},{"type":"Feature","geometry":{"type":"Polygon","coordinates":[[[78.39222,17.413337],[78.392269,17.413327],[78.392274,17.413346],[78.392225,17.413357],[78.39222,17.413337]]]},"properties":{"id":"2e02d5d4a664","height":null,"num_floors":null,"render_height_m":6.4,"height_label":"assumed"}},{"type":"Feature","geometry":{"type":"Polygon","coordinates":[[[78.392206,17.413244],[78.392115,17.413255],[78.392108,17.413197],[78.392199,17.413187],[78.392206,17.413244]]]},"properties":{"id":"b0b8c5bc4b39","height":null,"num_floors":null,"render_height_m":6.4,"height_label":"assumed"}},{"type":"Feature","geometry":{"type":"Polygon","coordinates":[[[78.392079,17.41334],[78.391992,17.413353],[78.391971,17.413224],[78.392058,17.413211],[78.392079,17.41334]]]},"properties":{"id":"84c9ba718856","height":null,"num_floors":null,"render_height_m":9.6,"height_label":"assumed"}},{"type":"Feature","geometry":{"type":"Polygon","coordinates":[[[78.392276,17.413166],[78.392186,17.413186],[78.392177,17.413147],[78.392267,17.413126],[78.392276,17.413166]]]},"properties":{"id":"aebd9bff0cd3","height":null,"num_floors":null,"render_height_m":6.4,"height_label":"assumed"}},{"type":"Feature","geometry":{"type":"Polygon","coordinates":[[[78.392595,17.413318],[78.392502,17.413351],[78.392467,17.413259],[78.392559,17.413226],[78.392595,17.413318]]]},"properties":{"id":"3936c49b847c","height":null,"num_floors":null,"render_height_m":9.6,"height_label":"assumed"}},{"type":"Feature","geometry":{"type":"Polygon","coordinates":[[[78.392538,17.413217],[78.392468,17.413241],[78.392436,17.413155],[78.392506,17.413131],[78.392538,17.413217]]]},"properties":{"id":"97c0d2dc7817","height":null,"num_floors":null,"render_height_m":6.4,"height_label":"assumed"}},{"type":"Feature","geometry":{"type":"Polygon","coordinates":[[[78.392602,17.413032],[78.392408,17.413092],[78.392377,17.413],[78.392571,17.412941],[78.392602,17.413032]]]},"properties":{"id":"3db0664f38aa","height":null,"num_floors":null,"render_height_m":9.6,"height_label":"assumed"}},{"type":"Feature","geometry":{"type":"Polygon","coordinates":[[[78.392559,17.412925],[78.39238,17.41298],[78.392348,17.412885],[78.392527,17.41283],[78.392559,17.412925]]]},"properties":{"id":"f12596a3f8d2","height":null,"num_floors":null,"render_height_m":9.6,"height_label":"assumed"}},{"type":"Feature","geometry":{"type":"Polygon","coordinates":[[[78.392618,17.412718],[78.392532,17.412741],[78.392495,17.412618],[78.392581,17.412594],[78.392618,17.412718]]]},"properties":{"id":"ac39b89d7473","height":null,"num_floors":null,"render_height_m":9.6,"height_label":"assumed"}},{"type":"Feature","geometry":{"type":"Polygon","coordinates":[[[78.392382,17.412627],[78.392315,17.412647],[78.392274,17.412523],[78.392341,17.412503],[78.392382,17.412627]]]},"properties":{"id":"b7ea77365674","height":null,"num_floors":null,"render_height_m":9.6,"height_label":"assumed"}},{"type":"Feature","geometry":{"type":"Polygon","coordinates":[[[78.392425,17.412705],[78.392458,17.412838],[78.392391,17.412858],[78.392379,17.412823],[78.392338,17.412835],[78.392317,17.412773],[78.392331,17.412768],[78.392325,17.41275],[78.392385,17.412731],[78.392381,17.412719],[78.392425,17.412705]]]},"properties":{"id":"2819de6187ad","height":null,"num_floors":null,"render_height_m":9.6,"height_label":"assumed"}},{"type":"Feature","geometry":{"type":"Polygon","coordinates":[[[78.392198,17.412843],[78.392088,17.412865],[78.392065,17.412754],[78.39219,17.412772],[78.392198,17.412843]]]},"properties":{"id":"eb0ef70c4ce0","height":null,"num_floors":null,"render_height_m":9.6,"height_label":"assumed"}},{"type":"Feature","geometry":{"type":"Polygon","coordinates":[[[78.392216,17.412947],[78.391984,17.413006],[78.391957,17.41291],[78.392189,17.412851],[78.392216,17.412947]]]},"properties":{"id":"9ed5e13f6616","height":null,"num_floors":null,"render_height_m":12.8,"height_label":"assumed"}},{"type":"Feature","geometry":{"type":"Polygon","coordinates":[[[78.392262,17.413014],[78.392164,17.413038],[78.392147,17.412978],[78.392246,17.412954],[78.392262,17.413014]]]},"properties":{"id":"6e8210503d2c","height":null,"num_floors":null,"render_height_m":6.4,"height_label":"assumed"}},{"type":"Feature","geometry":{"type":"Polygon","coordinates":[[[78.392287,17.413095],[78.392189,17.413118],[78.392169,17.413044],[78.392267,17.41302],[78.392287,17.413095]]]},"properties":{"id":"8c1fc24225e4","height":null,"num_floors":null,"render_height_m":9.6,"height_label":"assumed"}},{"type":"Feature","geometry":{"type":"Polygon","coordinates":[[[78.392165,17.413094],[78.392052,17.413123],[78.392025,17.413023],[78.392138,17.412994],[78.392165,17.413094]]]},"properties":{"id":"72da1c825a6e","height":null,"num_floors":null,"render_height_m":9.6,"height_label":"assumed"}},{"type":"Feature","geometry":{"type":"Polygon","coordinates":[[[78.391888,17.412937],[78.39191,17.41304],[78.391855,17.413051],[78.391832,17.412949],[78.391888,17.412937]]]},"properties":{"id":"1c0dcf4f7dd9","height":null,"num_floors":null,"render_height_m":6.4,"height_label":"assumed"}},{"type":"Feature","geometry":{"type":"Polygon","coordinates":[[[78.391835,17.412961],[78.391846,17.41301],[78.391782,17.413023],[78.391771,17.412974],[78.391835,17.412961]]]},"properties":{"id":"2c805d46fd8c","height":null,"num_floors":null,"render_height_m":6.4,"height_label":"assumed"}},{"type":"Feature","geometry":{"type":"Polygon","coordinates":[[[78.391885,17.412927],[78.391733,17.412972],[78.391688,17.412835],[78.39184,17.41279],[78.391885,17.412927]]]},"properties":{"id":"d6c81457246f","height":null,"num_floors":null,"render_height_m":12.8,"height_label":"assumed"}},{"type":"Feature","geometry":{"type":"Polygon","coordinates":[[[78.391899,17.412794],[78.391958,17.412779],[78.391975,17.41284],[78.391954,17.412845],[78.391961,17.412869],[78.392025,17.412853],[78.392035,17.412887],[78.391932,17.412913],[78.391899,17.412794]]]},"properties":{"id":"0169ac31fad9","height":null,"num_floors":null,"render_height_m":9.6,"height_label":"assumed"}},{"type":"Feature","geometry":{"type":"Polygon","coordinates":[[[78.391965,17.412777],[78.392004,17.412766],[78.392031,17.412857],[78.391992,17.412868],[78.391965,17.412777]]]},"properties":{"id":"8b9181722b00","height":null,"num_floors":null,"render_height_m":6.4,"height_label":"assumed"}},{"type":"Feature","geometry":{"type":"Polygon","coordinates":[[[78.392034,17.412682],[78.39197,17.412707],[78.391898,17.412538],[78.392026,17.412488],[78.392103,17.412667],[78.392039,17.412692],[78.392034,17.412682]]]},"properties":{"id":"4b6e8083ce7f","height":null,"num_floors":null,"render_height_m":12.8,"height_label":"assumed"}},{"type":"Feature","geometry":{"type":"Polygon","coordinates":[[[78.391873,17.412736],[78.39181,17.412748],[78.391774,17.412585],[78.391836,17.412573],[78.391873,17.412736]]]},"properties":{"id":"1f93ee48581d","height":null,"num_floors":null,"render_height_m":9.6,"height_label":"assumed"}},{"type":"Feature","geometry":{"type":"Polygon","coordinates":[[[78.391773,17.412678],[78.391728,17.412687],[78.391708,17.412599],[78.391753,17.41259],[78.391773,17.412678]]]},"properties":{"id":"6edbc94100ce","height":null,"num_floors":null,"render_height_m":6.4,"height_label":"assumed"}},{"type":"Feature","geometry":{"type":"Polygon","coordinates":[[[78.391665,17.412777],[78.391596,17.412796],[78.39155,17.41265],[78.391619,17.41263],[78.391665,17.412777]]]},"properties":{"id":"8161af03b400","height":null,"num_floors":null,"render_height_m":9.6,"height_label":"assumed"}},{"type":"Feature","geometry":{"type":"Polygon","coordinates":[[[78.391578,17.41261],[78.391471,17.412667],[78.391441,17.412615],[78.391469,17.4126],[78.39146,17.412585],[78.391538,17.412543],[78.391578,17.41261]]]},"properties":{"id":"c17838067124","height":null,"num_floors":null,"render_height_m":9.6,"height_label":"assumed"}},{"type":"Feature","geometry":{"type":"Polygon","coordinates":[[[78.391549,17.412761],[78.391451,17.412802],[78.391419,17.412733],[78.391517,17.412691],[78.391549,17.412761]]]},"properties":{"id":"cbf814cd3206","height":null,"num_floors":null,"render_height_m":9.6,"height_label":"assumed"}},{"type":"Feature","geometry":{"type":"Polygon","coordinates":[[[78.391554,17.412843],[78.391439,17.41289],[78.391414,17.412834],[78.391529,17.412787],[78.391554,17.412843]]]},"properties":{"id":"0449deb70ff7","height":null,"num_floors":null,"render_height_m":9.6,"height_label":"assumed"}},{"type":"Feature","geometry":{"type":"Polygon","coordinates":[[[78.391593,17.412886],[78.391651,17.41287],[78.391683,17.412979],[78.391588,17.413005],[78.391564,17.412921],[78.391601,17.412911],[78.391593,17.412886]]]},"properties":{"id":"efdd9ac5f171","height":null,"num_floors":null,"render_height_m":9.6,"height_label":"assumed"}},{"type":"Feature","geometry":{"type":"Polygon","coordinates":[[[78.391588,17.413005],[78.391623,17.413121],[78.39156,17.413138],[78.391525,17.413022],[78.391588,17.413005]]]},"properties":{"id":"448c998dafb7","height":null,"num_floors":null,"render_height_m":9.6,"height_label":"assumed"}},{"type":"Feature","geometry":{"type":"Polygon","coordinates":[[[78.391556,17.412896],[78.391588,17.413005],[78.391525,17.413022],[78.391537,17.413063],[78.391484,17.413078],[78.391464,17.413013],[78.391445,17.413018],[78.391419,17.412933],[78.391556,17.412896]]]},"properties":{"id":"9bae85718a3d","height":null,"num_floors":null,"render_height_m":9.6,"height_label":"assumed"}},{"type":"Feature","geometry":{"type":"Polygon","coordinates":[[[78.391546,17.413312],[78.391415,17.413338],[78.391398,17.413259],[78.391529,17.413233],[78.391546,17.413312]]]},"properties":{"id":"369b138d1df2","height":null,"num_floors":null,"render_height_m":9.6,"height_label":"assumed"}},{"type":"Feature","geometry":{"type":"Polygon","coordinates":[[[78.391612,17.413124],[78.39164,17.413166],[78.391602,17.413188],[78.391575,17.413146],[78.391612,17.413124]]]},"properties":{"id":"1f3937bf90ee","height":null,"num_floors":null,"render_height_m":6.4,"height_label":"assumed"}},{"type":"Feature","geometry":{"type":"Polygon","coordinates":[[[78.391894,17.41311],[78.39192,17.413224],[78.391831,17.413243],[78.391805,17.413129],[78.391894,17.41311]]]},"properties":{"id":"417273f00d69","height":null,"num_floors":null,"render_height_m":9.6,"height_label":"assumed"}},{"type":"Feature","geometry":{"type":"Polygon","coordinates":[[[78.391993,17.413168],[78.391923,17.413178],[78.391917,17.413142],[78.391988,17.413132],[78.391993,17.413168]]]},"properties":{"id":"64a1b512e560","height":null,"num_floors":null,"render_height_m":6.4,"height_label":"assumed"}},{"type":"Feature","geometry":{"type":"Polygon","coordinates":[[[78.391924,17.413246],[78.391932,17.413281],[78.391872,17.413294],[78.391864,17.413259],[78.391924,17.413246]]]},"properties":{"id":"fee1951f9392","height":null,"num_floors":null,"render_height_m":6.4,"height_label":"assumed"}},{"type":"Feature","geometry":{"type":"Polygon","coordinates":[[[78.391839,17.41329],[78.391716,17.413321],[78.391695,17.413246],[78.391819,17.413215],[78.391839,17.41329]]]},"properties":{"id":"c63974e12620","height":null,"num_floors":null,"render_height_m":9.6,"height_label":"assumed"}},{"type":"Feature","geometry":{"type":"Polygon","coordinates":[[[78.391918,17.41339],[78.391807,17.413416],[78.391782,17.413321],[78.391894,17.413295],[78.391918,17.41339]]]},"properties":{"id":"c35f63284d89","height":null,"num_floors":null,"render_height_m":9.6,"height_label":"assumed"}},{"type":"Feature","geometry":{"type":"Polygon","coordinates":[[[78.391746,17.413576],[78.391616,17.413622],[78.391585,17.413543],[78.391716,17.413497],[78.391746,17.413576]]]},"properties":{"id":"c441e1465251","height":null,"num_floors":null,"render_height_m":9.6,"height_label":"assumed"}},{"type":"Feature","geometry":{"type":"Polygon","coordinates":[[[78.391562,17.413534],[78.391459,17.413563],[78.391429,17.413462],[78.391531,17.413434],[78.391562,17.413534]]]},"properties":{"id":"22a4d5f6f447","height":null,"num_floors":null,"render_height_m":9.6,"height_label":"assumed"}},{"type":"Feature","geometry":{"type":"Polygon","coordinates":[[[78.391573,17.413583],[78.391473,17.413611],[78.39146,17.41357],[78.391561,17.413542],[78.391573,17.413583]]]},"properties":{"id":"a8fe69ba4852","height":null,"num_floors":null,"render_height_m":6.4,"height_label":"assumed"}},{"type":"Feature","geometry":{"type":"Polygon","coordinates":[[[78.391429,17.413593],[78.391458,17.413594],[78.391456,17.413626],[78.391427,17.413625],[78.391429,17.413593]]]},"properties":{"id":"296c37dfc0ed","height":null,"num_floors":null,"render_height_m":6.4,"height_label":"assumed"}},{"type":"Feature","geometry":{"type":"Polygon","coordinates":[[[78.391394,17.413554],[78.391425,17.413551],[78.391429,17.413584],[78.391397,17.413587],[78.391394,17.413554]]]},"properties":{"id":"424ce8b15d4b","height":null,"num_floors":null,"render_height_m":6.4,"height_label":"assumed"}},{"type":"Feature","geometry":{"type":"Polygon","coordinates":[[[78.39137,17.413501],[78.3914,17.413612],[78.391237,17.413651],[78.391216,17.413574],[78.391278,17.413559],[78.39127,17.413525],[78.39137,17.413501]]]},"properties":{"id":"7a743d9f1ce3","height":null,"num_floors":null,"render_height_m":9.6,"height_label":"assumed"}},{"type":"Feature","geometry":{"type":"Polygon","coordinates":[[[78.391181,17.413447],[78.391148,17.413297],[78.391247,17.413277],[78.39128,17.413427],[78.391181,17.413447]]]},"properties":{"id":"7ffd7bbfbb2d","height":null,"num_floors":null,"render_height_m":9.6,"height_label":"assumed"}},{"type":"Feature","geometry":{"type":"Polygon","coordinates":[[[78.391292,17.413282],[78.391367,17.413268],[78.391401,17.413427],[78.391326,17.413442],[78.391292,17.413282]]]},"properties":{"id":"ead0434ccd67","height":null,"num_floors":null,"render_height_m":9.6,"height_label":"assumed"}},{"type":"Feature","geometry":{"type":"Polygon","coordinates":[[[78.391486,17.413224],[78.391331,17.413259],[78.391317,17.413179],[78.391456,17.413147],[78.391486,17.413224]]]},"properties":{"id":"578bc1a6e05b","height":null,"num_floors":null,"render_height_m":9.6,"height_label":"assumed"}},{"type":"Feature","geometry":{"type":"Polygon","coordinates":[[[78.391254,17.413207],[78.391204,17.413215],[78.391184,17.413091],[78.391234,17.413084],[78.391254,17.413207]]]},"properties":{"id":"578388ce54a3","height":null,"num_floors":null,"render_height_m":6.4,"height_label":"assumed"}},{"type":"Feature","geometry":{"type":"Polygon","coordinates":[[[78.391201,17.413283],[78.391147,17.413294],[78.391128,17.413209],[78.391183,17.413199],[78.391201,17.413283]]]},"properties":{"id":"85540ba2b6e0","height":null,"num_floors":null,"render_height_m":6.4,"height_label":"assumed"}},{"type":"Feature","geometry":{"type":"Polygon","coordinates":[[[78.391146,17.413384],[78.391055,17.413397],[78.39103,17.413235],[78.391121,17.413223],[78.391146,17.413384]]]},"properties":{"id":"f66d06012a5c","height":null,"num_floors":null,"render_height_m":9.6,"height_label":"assumed"}},{"type":"Feature","geometry":{"type":"Polygon","coordinates":[[[78.391005,17.413303],[78.391034,17.4133],[78.391038,17.413334],[78.391009,17.413336],[78.391005,17.413303]]]},"properties":{"id":"328493b2f774","height":null,"num_floors":null,"render_height_m":6.4,"height_label":"assumed"}},{"type":"Feature","geometry":{"type":"Polygon","coordinates":[[[78.391036,17.41319],[78.390973,17.413201],[78.39095,17.413086],[78.391013,17.413074],[78.391036,17.41319]]]},"properties":{"id":"1fa57d6e0722","height":null,"num_floors":null,"render_height_m":9.6,"height_label":"assumed"}},{"type":"Feature","geometry":{"type":"Polygon","coordinates":[[[78.390968,17.413207],[78.390918,17.413219],[78.39089,17.413107],[78.390941,17.413095],[78.390968,17.413207]]]},"properties":{"id":"d55f56ea6334","height":null,"num_floors":null,"render_height_m":6.4,"height_label":"assumed"}},{"type":"Feature","geometry":{"type":"Polygon","coordinates":[[[78.390934,17.413334],[78.390872,17.413347],[78.390851,17.413259],[78.390913,17.413245],[78.390934,17.413334]]]},"properties":{"id":"ce48756d0719","height":null,"num_floors":null,"render_height_m":6.4,"height_label":"assumed"}},{"type":"Feature","geometry":{"type":"Polygon","coordinates":[[[78.391013,17.413513],[78.390964,17.413525],[78.390945,17.413454],[78.390994,17.413442],[78.391013,17.413513]]]},"properties":{"id":"c7917e2a3434","height":null,"num_floors":null,"render_height_m":6.4,"height_label":"assumed"}},{"type":"Feature","geometry":{"type":"Polygon","coordinates":[[[78.390908,17.413362],[78.390966,17.413344],[78.390985,17.413402],[78.390946,17.413414],[78.390941,17.413398],[78.390923,17.413404],[78.390908,17.413362]]]},"properties":{"id":"b30c50dd918e","height":null,"num_floors":null,"render_height_m":6.4,"height_label":"assumed"}},{"type":"Feature","geometry":{"type":"Polygon","coordinates":[[[78.391032,17.413426],[78.391062,17.41342],[78.391077,17.413501],[78.391047,17.413506],[78.391032,17.413426]]]},"properties":{"id":"059bf49d8445","height":null,"num_floors":null,"render_height_m":6.4,"height_label":"assumed"}},{"type":"Feature","geometry":{"type":"Polygon","coordinates":[[[78.39119,17.413639],[78.391077,17.413674],[78.391045,17.41358],[78.391158,17.413546],[78.39119,17.413639]]]},"properties":{"id":"4c1f3b132044","height":null,"num_floors":null,"render_height_m":9.6,"height_label":"assumed"}},{"type":"Feature","geometry":{"type":"Polygon","coordinates":[[[78.391037,17.413581],[78.39096,17.4136],[78.390943,17.413537],[78.39102,17.413518],[78.391037,17.413581]]]},"properties":{"id":"0fbb1773ae50","height":null,"num_floors":null,"render_height_m":6.4,"height_label":"assumed"}},{"type":"Feature","geometry":{"type":"Polygon","coordinates":[[[78.390951,17.413582],[78.390863,17.413606],[78.390837,17.413519],[78.390925,17.413495],[78.390951,17.413582]]]},"properties":{"id":"761a0a5ef417","height":null,"num_floors":null,"render_height_m":9.6,"height_label":"assumed"}},{"type":"Feature","geometry":{"type":"Polygon","coordinates":[[[78.390895,17.413448],[78.390827,17.413469],[78.390806,17.413407],[78.390873,17.413386],[78.390895,17.413448]]]},"properties":{"id":"39a6dbc3519b","height":null,"num_floors":null,"render_height_m":6.4,"height_label":"assumed"}},{"type":"Feature","geometry":{"type":"Polygon","coordinates":[[[78.390708,17.413325],[78.390742,17.41333],[78.390732,17.413386],[78.390699,17.413381],[78.390708,17.413325]]]},"properties":{"id":"905e30701de8","height":null,"num_floors":null,"render_height_m":6.4,"height_label":"assumed"}},{"type":"Feature","geometry":{"type":"Polygon","coordinates":[[[78.390727,17.413481],[78.390675,17.413494],[78.390648,17.413394],[78.390699,17.413381],[78.390727,17.413481]]]},"properties":{"id":"262997792db6","height":null,"num_floors":null,"render_height_m":6.4,"height_label":"assumed"}},{"type":"Feature","geometry":{"type":"Polygon","coordinates":[[[78.390636,17.413494],[78.390591,17.413511],[78.390554,17.413421],[78.390599,17.413405],[78.390636,17.413494]]]},"properties":{"id":"769dba48dbae","height":null,"num_floors":null,"render_height_m":6.4,"height_label":"assumed"}},{"type":"Feature","geometry":{"type":"Polygon","coordinates":[[[78.390724,17.413641],[78.390686,17.413656],[78.390634,17.413534],[78.390672,17.413519],[78.390724,17.413641]]]},"properties":{"id":"60d4610d1559","height":null,"num_floors":null,"render_height_m":6.4,"height_label":"assumed"}},{"type":"Feature","geometry":{"type":"Polygon","coordinates":[[[78.390489,17.413584],[78.390384,17.413625],[78.390357,17.413563],[78.390462,17.413522],[78.390489,17.413584]]]},"properties":{"id":"08774eaad968","height":null,"num_floors":null,"render_height_m":9.6,"height_label":"assumed"}},{"type":"Feature","geometry":{"type":"Polygon","coordinates":[[[78.39038,17.413501],[78.390423,17.413486],[78.390432,17.413507],[78.390389,17.413522],[78.39038,17.413501]]]},"properties":{"id":"9155baa7ed97","height":null,"num_floors":null,"render_height_m":6.4,"height_label":"assumed"}},{"type":"Feature","geometry":{"type":"Polygon","coordinates":[[[78.390336,17.413425],[78.390352,17.413479],[78.39032,17.413488],[78.390304,17.413433],[78.390336,17.413425]]]},"properties":{"id":"1efcbc8357e9","height":null,"num_floors":null,"render_height_m":6.4,"height_label":"assumed"}},{"type":"Feature","geometry":{"type":"Polygon","coordinates":[[[78.390248,17.413356],[78.390288,17.413342],[78.390311,17.413401],[78.390341,17.413391],[78.390346,17.413405],[78.390276,17.41343],[78.390248,17.413356]]]},"properties":{"id":"e38278bb0506","height":null,"num_floors":null,"render_height_m":6.4,"height_label":"assumed"}},{"type":"Feature","geometry":{"type":"Polygon","coordinates":[[[78.390456,17.413416],[78.390372,17.413449],[78.39034,17.413376],[78.390425,17.413343],[78.390456,17.413416]]]},"properties":{"id":"78252983c517","height":null,"num_floors":null,"render_height_m":9.6,"height_label":"assumed"}},{"type":"Feature","geometry":{"type":"Polygon","coordinates":[[[78.390573,17.413394],[78.390484,17.413435],[78.390441,17.413349],[78.39053,17.413308],[78.390573,17.413394]]]},"properties":{"id":"be35150f1729","height":null,"num_floors":null,"render_height_m":9.6,"height_label":"assumed"}},{"type":"Feature","geometry":{"type":"Polygon","coordinates":[[[78.390391,17.413297],[78.390321,17.41333],[78.390282,17.413256],[78.390352,17.413223],[78.390391,17.413297]]]},"properties":{"id":"43d5fd072274","height":null,"num_floors":null,"render_height_m":6.4,"height_label":"assumed"}},{"type":"Feature","geometry":{"type":"Polygon","coordinates":[[[78.390465,17.413231],[78.390385,17.413271],[78.390351,17.413208],[78.390431,17.413168],[78.390465,17.413231]]]},"properties":{"id":"a837d5126db6","height":null,"num_floors":null,"render_height_m":6.4,"height_label":"assumed"}},{"type":"Feature","geometry":{"type":"Polygon","coordinates":[[[78.390434,17.413163],[78.390346,17.413205],[78.390314,17.413144],[78.390402,17.413103],[78.390434,17.413163]]]},"properties":{"id":"a5417b2dd648","height":null,"num_floors":null,"render_height_m":6.4,"height_label":"assumed"}},{"type":"Feature","geometry":{"type":"Polygon","coordinates":[[[78.390517,17.413222],[78.390487,17.413234],[78.390426,17.413102],[78.39051,17.413066],[78.390546,17.413145],[78.39052,17.413156],[78.390508,17.41313],[78.39048,17.413142],[78.390517,17.413222]]]},"properties":{"id":"c1224e341661","height":null,"num_floors":null,"render_height_m":9.6,"height_label":"assumed"}},{"type":"Feature","geometry":{"type":"Polygon","coordinates":[[[78.390662,17.413151],[78.39057,17.413182],[78.390524,17.413056],[78.390588,17.413035],[78.390608,17.413088],[78.390635,17.413079],[78.390662,17.413151]]]},"properties":{"id":"871116735154","height":null,"num_floors":null,"render_height_m":9.6,"height_label":"assumed"}},{"type":"Feature","geometry":{"type":"Polygon","coordinates":[[[78.390739,17.413137],[78.390679,17.413161],[78.390629,17.413042],[78.39069,17.413019],[78.390739,17.413137]]]},"properties":{"id":"924d61bb04ed","height":null,"num_floors":null,"render_height_m":9.6,"height_label":"assumed"}},{"type":"Feature","geometry":{"type":"Polygon","coordinates":[[[78.390673,17.41333],[78.390578,17.413379],[78.390518,17.413272],[78.390613,17.413223],[78.390673,17.41333]]]},"properties":{"id":"999bfa5ee22f","height":null,"num_floors":null,"render_height_m":9.6,"height_label":"assumed"}},{"type":"Feature","geometry":{"type":"Polygon","coordinates":[[[78.390766,17.413277],[78.390675,17.413311],[78.390631,17.413206],[78.390722,17.413172],[78.390766,17.413277]]]},"properties":{"id":"f1705558cdda","height":null,"num_floors":null,"render_height_m":9.6,"height_label":"assumed"}},{"type":"Feature","geometry":{"type":"Polygon","coordinates":[[[78.390871,17.413356],[78.390801,17.413374],[78.390772,17.413268],[78.390841,17.41325],[78.390871,17.413356]]]},"properties":{"id":"9d2e3bd3b95c","height":null,"num_floors":null,"render_height_m":9.6,"height_label":"assumed"}},{"type":"Feature","geometry":{"type":"Polygon","coordinates":[[[78.390913,17.41322],[78.390807,17.413246],[78.390777,17.413132],[78.39082,17.413122],[78.390829,17.413157],[78.390892,17.413141],[78.390913,17.41322]]]},"properties":{"id":"0fa2be4209f6","height":null,"num_floors":null,"render_height_m":9.6,"height_label":"assumed"}},{"type":"Feature","geometry":{"type":"Polygon","coordinates":[[[78.390871,17.412939],[78.390784,17.41297],[78.390746,17.412872],[78.390834,17.412842],[78.390871,17.412939]]]},"properties":{"id":"69f29f65476d","height":null,"num_floors":null,"render_height_m":9.6,"height_label":"assumed"}},{"type":"Feature","geometry":{"type":"Polygon","coordinates":[[[78.390743,17.41293],[78.390654,17.412965],[78.390621,17.412888],[78.390711,17.412853],[78.390743,17.41293]]]},"properties":{"id":"a5e546297d8d","height":null,"num_floors":null,"render_height_m":9.6,"height_label":"assumed"}},{"type":"Feature","geometry":{"type":"Polygon","coordinates":[[[78.390619,17.412976],[78.390529,17.413012],[78.390496,17.412935],[78.390585,17.412899],[78.390619,17.412976]]]},"properties":{"id":"60d7db941d56","height":null,"num_floors":null,"render_height_m":9.6,"height_label":"assumed"}},{"type":"Feature","geometry":{"type":"Polygon","coordinates":[[[78.390526,17.413024],[78.390462,17.413047],[78.390418,17.412935],[78.390482,17.412912],[78.390526,17.413024]]]},"properties":{"id":"3e12a8ec06df","height":null,"num_floors":null,"render_height_m":9.6,"height_label":"assumed"}},{"type":"Feature","geometry":{"type":"Polygon","coordinates":[[[78.390336,17.413063],[78.39028,17.413085],[78.390242,17.412995],[78.390297,17.412973],[78.390336,17.413063]]]},"properties":{"id":"9c2bbec39c3c","height":null,"num_floors":null,"render_height_m":6.4,"height_label":"assumed"}},{"type":"Feature","geometry":{"type":"Polygon","coordinates":[[[78.390433,17.413045],[78.390355,17.413073],[78.390314,17.412967],[78.390392,17.41294],[78.390433,17.413045]]]},"properties":{"id":"2627f83bf845","height":null,"num_floors":null,"render_height_m":9.6,"height_label":"assumed"}},{"type":"Feature","geometry":{"type":"Polygon","coordinates":[[[78.3905,17.412891],[78.390409,17.412927],[78.390387,17.412878],[78.390479,17.412842],[78.3905,17.412891]]]},"properties":{"id":"a239c47d1175","height":null,"num_floors":null,"render_height_m":6.4,"height_label":"assumed"}},{"type":"Feature","geometry":{"type":"Polygon","coordinates":[[[78.390618,17.412774],[78.390558,17.4128],[78.390515,17.412709],[78.390575,17.412682],[78.390618,17.412774]]]},"properties":{"id":"38ec3ba2a520","height":null,"num_floors":null,"render_height_m":6.4,"height_label":"assumed"}},{"type":"Feature","geometry":{"type":"Polygon","coordinates":[[[78.390508,17.412826],[78.390355,17.412882],[78.390334,17.41283],[78.390325,17.412833],[78.390298,17.412768],[78.390461,17.412708],[78.390508,17.412826]]]},"properties":{"id":"da372a785c00","height":null,"num_floors":null,"render_height_m":12.8,"height_label":"assumed"}},{"type":"Feature","geometry":{"type":"Polygon","coordinates":[[[78.390418,17.412717],[78.390322,17.412749],[78.390292,17.412665],[78.390387,17.412633],[78.390418,17.412717]]]},"properties":{"id":"222b099b428e","height":null,"num_floors":null,"render_height_m":9.6,"height_label":"assumed"}},{"type":"Feature","geometry":{"type":"Polygon","coordinates":[[[78.390717,17.412714],[78.390616,17.412754],[78.390595,17.412705],[78.390696,17.412665],[78.390717,17.412714]]]},"properties":{"id":"5cbb14bd2c51","height":null,"num_floors":null,"render_height_m":6.4,"height_label":"assumed"}},{"type":"Feature","geometry":{"type":"Polygon","coordinates":[[[78.390649,17.412753],[78.390698,17.412736],[78.390705,17.412755],[78.390749,17.412739],[78.39078,17.41282],[78.390726,17.412839],[78.3907,17.412771],[78.390661,17.412785],[78.390649,17.412753]]]},"properties":{"id":"167fceaefb6e","height":null,"num_floors":null,"render_height_m":6.4,"height_label":"assumed"}},{"type":"Feature","geometry":{"type":"Polygon","coordinates":[[[78.390782,17.412605],[78.390702,17.41263],[78.390661,17.41251],[78.390741,17.412485],[78.390782,17.412605]]]},"properties":{"id":"7d075c53b83e","height":null,"num_floors":null,"render_height_m":9.6,"height_label":"assumed"}},{"type":"Feature","geometry":{"type":"Polygon","coordinates":[[[78.390968,17.412655],[78.390836,17.412711],[78.390803,17.41264],[78.390934,17.412584],[78.390968,17.412655]]]},"properties":{"id":"fac6cfa78579","height":null,"num_floors":null,"render_height_m":9.6,"height_label":"assumed"}},{"type":"Feature","geometry":{"type":"Polygon","coordinates":[[[78.391173,17.412655],[78.391033,17.412707],[78.390986,17.412592],[78.391126,17.41254],[78.391173,17.412655]]]},"properties":{"id":"54b220ae9b80","height":null,"num_floors":null,"render_height_m":9.6,"height_label":"assumed"}},{"type":"Feature","geometry":{"type":"Polygon","coordinates":[[[78.391184,17.412824],[78.39111,17.412854],[78.391052,17.412722],[78.391126,17.412692],[78.391184,17.412824]]]},"properties":{"id":"368117b59c46","height":null,"num_floors":null,"render_height_m":9.6,"height_label":"assumed"}},{"type":"Feature","geometry":{"type":"Polygon","coordinates":[[[78.391032,17.412786],[78.390913,17.412836],[78.390885,17.412775],[78.391004,17.412725],[78.391032,17.412786]]]},"properties":{"id":"38e6cc778f61","height":null,"num_floors":null,"render_height_m":9.6,"height_label":"assumed"}},{"type":"Feature","geometry":{"type":"Polygon","coordinates":[[[78.391001,17.412721],[78.390882,17.412772],[78.390854,17.412711],[78.390973,17.412661],[78.391001,17.412721]]]},"properties":{"id":"6964293987ed","height":null,"num_floors":null,"render_height_m":9.6,"height_label":"assumed"}},{"type":"Feature","geometry":{"type":"Polygon","coordinates":[[[78.391068,17.412874],[78.390921,17.412934],[78.390897,17.412882],[78.390942,17.412864],[78.390936,17.412851],[78.391039,17.412809],[78.391068,17.412874]]]},"properties":{"id":"3372f9b64d2a","height":null,"num_floors":null,"render_height_m":9.6,"height_label":"assumed"}},{"type":"Feature","geometry":{"type":"Polygon","coordinates":[[[78.390904,17.413099],[78.39085,17.413112],[78.390819,17.412992],[78.390873,17.412979],[78.390904,17.413099]]]},"properties":{"id":"6747b6793eb4","height":null,"num_floors":null,"render_height_m":9.6,"height_label":"assumed"}},{"type":"Feature","geometry":{"type":"Polygon","coordinates":[[[78.391118,17.413035],[78.391035,17.413049],[78.391013,17.412931],[78.391096,17.412917],[78.391118,17.413035]]]},"properties":{"id":"cc8e6ed9d294","height":null,"num_floors":null,"render_height_m":9.6,"height_label":"assumed"}},{"type":"Feature","geometry":{"type":"Polygon","coordinates":[[[78.39125,17.412815],[78.391296,17.412919],[78.391227,17.412916],[78.391192,17.412839],[78.39125,17.412815]]]},"properties":{"id":"141e1df6251d","height":null,"num_floors":null,"render_height_m":6.4,"height_label":"assumed"}},{"type":"Feature","geometry":{"type":"Polygon","coordinates":[[[78.391245,17.413057],[78.391269,17.413052],[78.391277,17.413089],[78.391253,17.413093],[78.391245,17.413057]]]},"properties":{"id":"5494cb32cc99","height":null,"num_floors":null,"render_height_m":6.4,"height_label":"assumed"}},{"type":"Feature","geometry":{"type":"Polygon","coordinates":[[[78.391282,17.412975],[78.391323,17.412966],[78.391336,17.413018],[78.391295,17.413027],[78.391282,17.412975]]]},"properties":{"id":"0ce34ccdbee0","height":null,"num_floors":null,"render_height_m":6.4,"height_label":"assumed"}},{"type":"Feature","geometry":{"type":"Polygon","coordinates":[[[78.391398,17.412896],[78.391308,17.412925],[78.391263,17.412797],[78.391353,17.412769],[78.391398,17.412896]]]},"properties":{"id":"b397f0f9fc68","height":null,"num_floors":null,"render_height_m":9.6,"height_label":"assumed"}},{"type":"Feature","geometry":{"type":"Polygon","coordinates":[[[78.391357,17.412754],[78.391292,17.412783],[78.391259,17.412715],[78.391325,17.412686],[78.391357,17.412754]]]},"properties":{"id":"b58e2886bb9d","height":null,"num_floors":null,"render_height_m":6.4,"height_label":"assumed"}},{"type":"Feature","geometry":{"type":"Polygon","coordinates":[[[78.391261,17.412788],[78.39119,17.412817],[78.391131,17.412686],[78.391203,17.412657],[78.391261,17.412788]]]},"properties":{"id":"9c7320469d33","height":null,"num_floors":null,"render_height_m":9.6,"height_label":"assumed"}},{"type":"Feature","geometry":{"type":"Polygon","coordinates":[[[78.391254,17.41262],[78.391265,17.412648],[78.39122,17.412665],[78.391209,17.412637],[78.391254,17.41262]]]},"properties":{"id":"983cabcf0bf6","height":null,"num_floors":null,"render_height_m":6.4,"height_label":"assumed"}},{"type":"Feature","geometry":{"type":"Polygon","coordinates":[[[78.391238,17.412586],[78.391239,17.412613],[78.391202,17.412615],[78.3912,17.412587],[78.391238,17.412586]]]},"properties":{"id":"8b87c4239bcd","height":null,"num_floors":null,"render_height_m":6.4,"height_label":"assumed"}},{"type":"Feature","geometry":{"type":"Polygon","coordinates":[[[78.391443,17.412625],[78.391376,17.412654],[78.391345,17.412589],[78.391413,17.41256],[78.391443,17.412625]]]},"properties":{"id":"e17112e728e5","height":null,"num_floors":null,"render_height_m":6.4,"height_label":"assumed"}},{"type":"Feature","geometry":{"type":"Polygon","coordinates":[[[78.391391,17.412481],[78.391317,17.412515],[78.391268,17.41242],[78.391343,17.412385],[78.391391,17.412481]]]},"properties":{"id":"391ab8430c8d","height":null,"num_floors":null,"render_height_m":9.6,"height_label":"assumed"}},{"type":"Feature","geometry":{"type":"Polygon","coordinates":[[[78.39138,17.412555],[78.391302,17.412596],[78.391279,17.412556],[78.391357,17.412515],[78.39138,17.412555]]]},"properties":{"id":"5eaabe5ac6b2","height":null,"num_floors":null,"render_height_m":6.4,"height_label":"assumed"}},{"type":"Feature","geometry":{"type":"Polygon","coordinates":[[[78.391335,17.412143],[78.391397,17.412269],[78.391339,17.412295],[78.391277,17.412169],[78.391335,17.412143]]]},"properties":{"id":"b9a263ecb16e","height":null,"num_floors":null,"render_height_m":9.6,"height_label":"assumed"}},{"type":"Feature","geometry":{"type":"Polygon","coordinates":[[[78.391496,17.412058],[78.391313,17.412136],[78.391259,17.412019],[78.391442,17.411942],[78.391496,17.412058]]]},"properties":{"id":"87ecc87c10e2","height":null,"num_floors":null,"render_height_m":12.8,"height_label":"assumed"}},{"type":"Feature","geometry":{"type":"Polygon","coordinates":[[[78.391253,17.41217],[78.391125,17.412214],[78.391085,17.412108],[78.391214,17.412064],[78.391253,17.41217]]]},"properties":{"id":"0d0d26d89779","height":null,"num_floors":null,"render_height_m":9.6,"height_label":"assumed"}},{"type":"Feature","geometry":{"type":"Polygon","coordinates":[[[78.391325,17.412311],[78.391177,17.412375],[78.391127,17.41227],[78.391276,17.412206],[78.391325,17.412311]]]},"properties":{"id":"56af19558b19","height":null,"num_floors":null,"render_height_m":9.6,"height_label":"assumed"}},{"type":"Feature","geometry":{"type":"Polygon","coordinates":[[[78.391076,17.412228],[78.39101,17.412246],[78.390983,17.412153],[78.391049,17.412136],[78.391076,17.412228]]]},"properties":{"id":"a93baccb51b0","height":null,"num_floors":null,"render_height_m":6.4,"height_label":"assumed"}},{"type":"Feature","geometry":{"type":"Polygon","coordinates":[[[78.391058,17.412091],[78.390959,17.412115],[78.390941,17.41205],[78.39104,17.412025],[78.391058,17.412091]]]},"properties":{"id":"f0966bfce3ed","height":null,"num_floors":null,"render_height_m":9.6,"height_label":"assumed"}},{"type":"Feature","geometry":{"type":"Polygon","coordinates":[[[78.391005,17.412253],[78.390945,17.412269],[78.390917,17.412174],[78.390977,17.412158],[78.391005,17.412253]]]},"properties":{"id":"091ab2f4f682","height":null,"num_floors":null,"render_height_m":6.4,"height_label":"assumed"}},{"type":"Feature","geometry":{"type":"Polygon","coordinates":[[[78.390857,17.412408],[78.390831,17.412341],[78.390871,17.412327],[78.390897,17.412394],[78.390857,17.412408]]]},"properties":{"id":"85c22a02ac55","height":null,"num_floors":null,"render_height_m":6.4,"height_label":"assumed"}},{"type":"Feature","geometry":{"type":"Polygon","coordinates":[[[78.391015,17.41245],[78.39095,17.412477],[78.39091,17.412386],[78.390976,17.41236],[78.391015,17.41245]]]},"properties":{"id":"4aaddfd7e413","height":null,"num_floors":null,"render_height_m":9.6,"height_label":"assumed"}},{"type":"Feature","geometry":{"type":"Polygon","coordinates":[[[78.39114,17.412391],[78.391023,17.412441],[78.390989,17.412371],[78.391107,17.41232],[78.39114,17.412391]]]},"properties":{"id":"9038f9c4d50d","height":null,"num_floors":null,"render_height_m":9.6,"height_label":"assumed"}},{"type":"Feature","geometry":{"type":"Polygon","coordinates":[[[78.391188,17.412511],[78.391111,17.412543],[78.391079,17.412474],[78.391156,17.412441],[78.391188,17.412511]]]},"properties":{"id":"7bd66bb6e98a","height":null,"num_floors":null,"render_height_m":6.4,"height_label":"assumed"}},{"type":"Feature","geometry":{"type":"Polygon","coordinates":[[[78.391089,17.412521],[78.390986,17.412565],[78.390947,17.412484],[78.391051,17.41244],[78.391089,17.412521]]]},"properties":{"id":"d6cab79c754b","height":null,"num_floors":null,"render_height_m":9.6,"height_label":"assumed"}},{"type":"Feature","geometry":{"type":"Polygon","coordinates":[[[78.390928,17.41256],[78.390787,17.412603],[78.390751,17.412498],[78.390891,17.412454],[78.390928,17.41256]]]},"properties":{"id":"cda00ff548a5","height":null,"num_floors":null,"render_height_m":9.6,"height_label":"assumed"}},{"type":"Feature","geometry":{"type":"Polygon","coordinates":[[[78.390831,17.412373],[78.390695,17.41242],[78.390675,17.412366],[78.390811,17.41232],[78.390831,17.412373]]]},"properties":{"id":"d7ebafaf03cf","height":null,"num_floors":null,"render_height_m":9.6,"height_label":"assumed"}},{"type":"Feature","geometry":{"type":"Polygon","coordinates":[[[78.390739,17.412336],[78.390657,17.412364],[78.390626,17.412282],[78.390708,17.412253],[78.390739,17.412336]]]},"properties":{"id":"2b85a10a910c","height":null,"num_floors":null,"render_height_m":9.6,"height_label":"assumed"}},{"type":"Feature","geometry":{"type":"Polygon","coordinates":[[[78.390657,17.412392],[78.390567,17.412422],[78.390544,17.41236],[78.39053,17.412365],[78.390513,17.412319],[78.390618,17.412285],[78.390657,17.412392]]]},"properties":{"id":"7aade2d1c8f0","height":null,"num_floors":null,"render_height_m":9.6,"height_label":"assumed"}},{"type":"Feature","geometry":{"type":"Polygon","coordinates":[[[78.390777,17.412463],[78.390669,17.412501],[78.390646,17.412441],[78.390754,17.412404],[78.390777,17.412463]]]},"properties":{"id":"54740a09ef20","height":null,"num_floors":null,"render_height_m":9.6,"height_label":"assumed"}},{"type":"Feature","geometry":{"type":"Polygon","coordinates":[[[78.390569,17.412565],[78.390424,17.412603],[78.390397,17.412508],[78.390542,17.41247],[78.390569,17.412565]]]},"properties":{"id":"5a1d98925b06","height":null,"num_floors":null,"render_height_m":9.6,"height_label":"assumed"}},{"type":"Feature","geometry":{"type":"Polygon","coordinates":[[[78.390414,17.412012],[78.390433,17.412094],[78.390358,17.41211],[78.390339,17.412028],[78.390414,17.412012]]]},"properties":{"id":"0b78401ad2d3","height":null,"num_floors":null,"render_height_m":6.4,"height_label":"assumed"}},{"type":"Feature","geometry":{"type":"Polygon","coordinates":[[[78.390507,17.412077],[78.390532,17.412153],[78.390463,17.412174],[78.390437,17.412098],[78.390507,17.412077]]]},"properties":{"id":"836121d37427","height":null,"num_floors":null,"render_height_m":6.4,"height_label":"assumed"}},{"type":"Feature","geometry":{"type":"Polygon","coordinates":[[[78.390522,17.412061],[78.390582,17.412047],[78.390606,17.412142],[78.390546,17.412156],[78.390522,17.412061]]]},"properties":{"id":"b0bc185d254f","height":null,"num_floors":null,"render_height_m":6.4,"height_label":"assumed"}},{"type":"Feature","geometry":{"type":"Polygon","coordinates":[[[78.390702,17.412248],[78.390618,17.412277],[78.390597,17.412224],[78.390682,17.412195],[78.390702,17.412248]]]},"properties":{"id":"5656976052f0","height":null,"num_floors":null,"render_height_m":6.4,"height_label":"assumed"}},{"type":"Feature","geometry":{"type":"Polygon","coordinates":[[[78.390812,17.412306],[78.390745,17.412331],[78.390712,17.412249],[78.390779,17.412224],[78.390812,17.412306]]]},"properties":{"id":"964468ed5228","height":null,"num_floors":null,"render_height_m":6.4,"height_label":"assumed"}},{"type":"Feature","geometry":{"type":"Polygon","coordinates":[[[78.390897,17.412174],[78.390798,17.412208],[78.390783,17.412169],[78.390765,17.412175],[78.390751,17.412137],[78.390867,17.412097],[78.390897,17.412174]]]},"properties":{"id":"b748a6d8dcc1","height":null,"num_floors":null,"render_height_m":9.6,"height_label":"assumed"}},{"type":"Feature","geometry":{"type":"Polygon","coordinates":[[[78.390859,17.412024],[78.390806,17.412031],[78.390798,17.411979],[78.390851,17.411971],[78.390859,17.412024]]]},"properties":{"id":"f2fafd0ff26f","height":null,"num_floors":null,"render_height_m":6.4,"height_label":"assumed"}},{"type":"Feature","geometry":{"type":"Polygon","coordinates":[[[78.39086,17.411963],[78.390793,17.411974],[78.390776,17.411883],[78.390844,17.411871],[78.39086,17.411963]]]},"properties":{"id":"b69a7f355343","height":null,"num_floors":null,"render_height_m":6.4,"height_label":"assumed"}},{"type":"Feature","geometry":{"type":"Polygon","coordinates":[[[78.390828,17.411864],[78.390771,17.411875],[78.390756,17.411809],[78.390814,17.411797],[78.390828,17.411864]]]},"properties":{"id":"af5e9bcacf98","height":null,"num_floors":null,"render_height_m":6.4,"height_label":"assumed"}},{"type":"Feature","geometry":{"type":"Polygon","coordinates":[[[78.390398,17.411985],[78.39028,17.412007],[78.390266,17.411939],[78.390384,17.411918],[78.390398,17.411985]]]},"properties":{"id":"55ce14080981","height":null,"num_floors":null,"render_height_m":9.6,"height_label":"assumed"}},{"type":"Feature","geometry":{"type":"Polygon","coordinates":[[[78.390385,17.411901],[78.390268,17.411927],[78.39025,17.411852],[78.390367,17.411827],[78.390385,17.411901]]]},"properties":{"id":"04e13f84fd9a","height":null,"num_floors":null,"render_height_m":9.6,"height_label":"assumed"}},{"type":"Feature","geometry":{"type":"Polygon","coordinates":[[[78.390627,17.411834],[78.390497,17.41186],[78.39049,17.411825],[78.39062,17.411799],[78.390627,17.411834]]]},"properties":{"id":"3b4130acac8a","height":null,"num_floors":null,"render_height_m":6.4,"height_label":"assumed"}},{"type":"Feature","geometry":{"type":"Polygon","coordinates":[[[78.390497,17.41154],[78.390365,17.411565],[78.39035,17.41149],[78.390481,17.411465],[78.390497,17.41154]]]},"properties":{"id":"8034ab9b8a81","height":null,"num_floors":null,"render_height_m":9.6,"height_label":"assumed"}},{"type":"Feature","geometry":{"type":"Polygon","coordinates":[[[78.390512,17.41162],[78.390384,17.411645],[78.390368,17.411572],[78.390496,17.411547],[78.390512,17.41162]]]},"properties":{"id":"dd71b87f7896","height":null,"num_floors":null,"render_height_m":9.6,"height_label":"assumed"}},{"type":"Feature","geometry":{"type":"Polygon","coordinates":[[[78.390748,17.411537],[78.390544,17.411564],[78.390533,17.411487],[78.390737,17.411459],[78.390748,17.411537]]]},"properties":{"id":"1789a2c8b8da","height":null,"num_floors":null,"render_height_m":9.6,"height_label":"assumed"}},{"type":"Feature","geometry":{"type":"Polygon","coordinates":[[[78.390757,17.411638],[78.390577,17.411667],[78.390562,17.411582],[78.390742,17.411553],[78.390757,17.411638]]]},"properties":{"id":"d87c6d08d52b","height":null,"num_floors":null,"render_height_m":9.6,"height_label":"assumed"}},{"type":"Feature","geometry":{"type":"Polygon","coordinates":[[[78.390788,17.411786],[78.390707,17.411796],[78.390695,17.411711],[78.390776,17.4117],[78.390788,17.411786]]]},"properties":{"id":"f2b317702360","height":null,"num_floors":null,"render_height_m":9.6,"height_label":"assumed"}},{"type":"Feature","geometry":{"type":"Polygon","coordinates":[[[78.391098,17.411656],[78.390991,17.411685],[78.390958,17.41157],[78.391065,17.411542],[78.391098,17.411656]]]},"properties":{"id":"778235a05530","height":null,"num_floors":null,"render_height_m":9.6,"height_label":"assumed"}},{"type":"Feature","geometry":{"type":"Polygon","coordinates":[[[78.390974,17.411705],[78.39084,17.41173],[78.390813,17.411602],[78.390947,17.411576],[78.390974,17.411705]]]},"properties":{"id":"c9852984a46c","height":null,"num_floors":null,"render_height_m":9.6,"height_label":"assumed"}},{"type":"Feature","geometry":{"type":"Polygon","coordinates":[[[78.390885,17.411767],[78.390925,17.411756],[78.390934,17.411785],[78.390894,17.411796],[78.390885,17.411767]]]},"properties":{"id":"2dc94bfd9839","height":null,"num_floors":null,"render_height_m":6.4,"height_label":"assumed"}},{"type":"Feature","geometry":{"type":"Polygon","coordinates":[[[78.391,17.411864],[78.390884,17.411894],[78.390866,17.411832],[78.390981,17.411801],[78.391,17.411864]]]},"properties":{"id":"8b4f7cb6efb1","height":null,"num_floors":null,"render_height_m":9.6,"height_label":"assumed"}},{"type":"Feature","geometry":{"type":"Polygon","coordinates":[[[78.391039,17.412016],[78.390902,17.412047],[78.390888,17.41199],[78.391025,17.411959],[78.391039,17.412016]]]},"properties":{"id":"feee0a3a3800","height":null,"num_floors":null,"render_height_m":9.6,"height_label":"assumed"}},{"type":"Feature","geometry":{"type":"Polygon","coordinates":[[[78.390904,17.411979],[78.390882,17.411904],[78.391007,17.411871],[78.391029,17.411946],[78.390904,17.411979]]]},"properties":{"id":"d34ee6e18889","height":null,"num_floors":null,"render_height_m":9.6,"height_label":"assumed"}},{"type":"Feature","geometry":{"type":"Polygon","coordinates":[[[78.391137,17.41189],[78.391036,17.411917],[78.391015,17.411845],[78.391116,17.411818],[78.391137,17.41189]]]},"properties":{"id":"4992225dd063","height":null,"num_floors":null,"render_height_m":9.6,"height_label":"assumed"}},{"type":"Feature","geometry":{"type":"Polygon","coordinates":[[[78.391086,17.411813],[78.391009,17.411834],[78.390993,17.411777],[78.39107,17.411756],[78.391086,17.411813]]]},"properties":{"id":"9f129866a1ea","height":null,"num_floors":null,"render_height_m":6.4,"height_label":"assumed"}},{"type":"Feature","geometry":{"type":"Polygon","coordinates":[[[78.391311,17.411803],[78.391227,17.411841],[78.391177,17.411741],[78.391261,17.411703],[78.391311,17.411803]]]},"properties":{"id":"5a803064c7d9","height":null,"num_floors":null,"render_height_m":9.6,"height_label":"assumed"}},{"type":"Feature","geometry":{"type":"Polygon","coordinates":[[[78.39139,17.411947],[78.391277,17.411984],[78.391259,17.411933],[78.391371,17.411896],[78.39139,17.411947]]]},"properties":{"id":"75902fd15684","height":null,"num_floors":null,"render_height_m":6.4,"height_label":"assumed"}},{"type":"Feature","geometry":{"type":"Polygon","coordinates":[[[78.391367,17.411892],[78.391259,17.411927],[78.391229,17.411844],[78.391337,17.411808],[78.391367,17.411892]]]},"properties":{"id":"3ee9a9d3388b","height":null,"num_floors":null,"render_height_m":9.6,"height_label":"assumed"}},{"type":"Feature","geometry":{"type":"Polygon","coordinates":[[[78.391321,17.411747],[78.391354,17.411729],[78.39139,17.41179],[78.391357,17.411808],[78.391321,17.411747]]]},"properties":{"id":"f3b9292689de","height":null,"num_floors":null,"render_height_m":6.4,"height_label":"assumed"}},{"type":"Feature","geometry":{"type":"Polygon","coordinates":[[[78.391359,17.411722],[78.391394,17.411707],[78.391424,17.411773],[78.39139,17.411788],[78.391359,17.411722]]]},"properties":{"id":"1ce264c6214a","height":null,"num_floors":null,"render_height_m":6.4,"height_label":"assumed"}},{"type":"Feature","geometry":{"type":"Polygon","coordinates":[[[78.391276,17.411619],[78.391219,17.41164],[78.391173,17.411526],[78.39123,17.411505],[78.391276,17.411619]]]},"properties":{"id":"93b8a3eb4594","height":null,"num_floors":null,"render_height_m":9.6,"height_label":"assumed"}},{"type":"Feature","geometry":{"type":"Polygon","coordinates":[[[78.391207,17.411616],[78.39112,17.411648],[78.391088,17.411569],[78.391176,17.411537],[78.391207,17.411616]]]},"properties":{"id":"69e1f1ddfb4b","height":null,"num_floors":null,"render_height_m":9.6,"height_label":"assumed"}},{"type":"Feature","geometry":{"type":"Polygon","coordinates":[[[78.391472,17.411548],[78.391297,17.411632],[78.391234,17.411512],[78.391408,17.411428],[78.391472,17.411548]]]},"properties":{"id":"74f5a194f38f","height":null,"num_floors":null,"render_height_m":12.8,"height_label":"assumed"}},{"type":"Feature","geometry":{"type":"Polygon","coordinates":[[[78.391518,17.41173],[78.391467,17.411756],[78.391397,17.411631],[78.391448,17.411605],[78.391518,17.41173]]]},"properties":{"id":"d1ead8c4f5b1","height":null,"num_floors":null,"render_height_m":9.6,"height_label":"assumed"}},{"type":"Feature","geometry":{"type":"Polygon","coordinates":[[[78.391652,17.411672],[78.391529,17.411731],[78.39146,17.4116],[78.391583,17.411541],[78.391652,17.411672]]]},"properties":{"id":"de58e8b733bb","height":null,"num_floors":null,"render_height_m":9.6,"height_label":"assumed"}},{"type":"Feature","geometry":{"type":"Polygon","coordinates":[[[78.391748,17.411525],[78.39179,17.411507],[78.391832,17.4116],[78.39179,17.411617],[78.391748,17.411525]]]},"properties":{"id":"a572cd6470b5","height":null,"num_floors":null,"render_height_m":6.4,"height_label":"assumed"}},{"type":"Feature","geometry":{"type":"Polygon","coordinates":[[[78.391737,17.41151],[78.391789,17.41164],[78.391709,17.411669],[78.391657,17.411539],[78.391737,17.41151]]]},"properties":{"id":"9d9463c51f32","height":null,"num_floors":null,"render_height_m":9.6,"height_label":"assumed"}},{"type":"Feature","geometry":{"type":"Polygon","coordinates":[[[78.391863,17.411539],[78.391881,17.411579],[78.391832,17.4116],[78.391814,17.41156],[78.391863,17.411539]]]},"properties":{"id":"2e2e90077b7e","height":null,"num_floors":null,"render_height_m":6.4,"height_label":"assumed"}},{"type":"Feature","geometry":{"type":"Polygon","coordinates":[[[78.391831,17.41147],[78.391863,17.411539],[78.391814,17.41156],[78.391782,17.411491],[78.391831,17.41147]]]},"properties":{"id":"cbb15e44bee9","height":null,"num_floors":null,"render_height_m":6.4,"height_label":"assumed"}},{"type":"Feature","geometry":{"type":"Polygon","coordinates":[[[78.39197,17.411728],[78.391886,17.411769],[78.391835,17.411673],[78.391919,17.411632],[78.39197,17.411728]]]},"properties":{"id":"8b900bd99e1f","height":null,"num_floors":null,"render_height_m":9.6,"height_label":"assumed"}},{"type":"Feature","geometry":{"type":"Polygon","coordinates":[[[78.391807,17.411752],[78.391694,17.411807],[78.391669,17.411758],[78.391782,17.411704],[78.391807,17.411752]]]},"properties":{"id":"ea11a5d180e9","height":null,"num_floors":null,"render_height_m":9.6,"height_label":"assumed"}},{"type":"Feature","geometry":{"type":"Polygon","coordinates":[[[78.391822,17.411808],[78.391727,17.411854],[78.391703,17.411809],[78.391798,17.411763],[78.391822,17.411808]]]},"properties":{"id":"187d31cc9fe9","height":null,"num_floors":null,"render_height_m":6.4,"height_label":"assumed"}},{"type":"Feature","geometry":{"type":"Polygon","coordinates":[[[78.391904,17.411869],[78.391815,17.41191],[78.391777,17.411834],[78.391866,17.411793],[78.391904,17.411869]]]},"properties":{"id":"219d33950fe9","height":null,"num_floors":null,"render_height_m":9.6,"height_label":"assumed"}},{"type":"Feature","geometry":{"type":"Polygon","coordinates":[[[78.39186,17.412034],[78.391779,17.412077],[78.391732,17.411994],[78.391813,17.411952],[78.39186,17.412034]]]},"properties":{"id":"9ae013b2829f","height":null,"num_floors":null,"render_height_m":9.6,"height_label":"assumed"}},{"type":"Feature","geometry":{"type":"Polygon","coordinates":[[[78.391827,17.411936],[78.391773,17.411962],[78.391722,17.411865],[78.391775,17.411839],[78.391827,17.411936]]]},"properties":{"id":"3c93f919d80a","height":null,"num_floors":null,"render_height_m":6.4,"height_label":"assumed"}},{"type":"Feature","geometry":{"type":"Polygon","coordinates":[[[78.391667,17.411985],[78.391609,17.412022],[78.391572,17.411968],[78.39163,17.411931],[78.391667,17.411985]]]},"properties":{"id":"5167a2934868","height":null,"num_floors":null,"render_height_m":6.4,"height_label":"assumed"}},{"type":"Feature","geometry":{"type":"Polygon","coordinates":[[[78.391704,17.411953],[78.391664,17.411973],[78.39164,17.411927],[78.39168,17.411908],[78.391704,17.411953]]]},"properties":{"id":"df447e038b7c","height":null,"num_floors":null,"render_height_m":6.4,"height_label":"assumed"}},{"type":"Feature","geometry":{"type":"Polygon","coordinates":[[[78.39171,17.411887],[78.391631,17.411925],[78.391595,17.411855],[78.391674,17.411818],[78.39171,17.411887]]]},"properties":{"id":"cb826c8fcd61","height":null,"num_floors":null,"render_height_m":6.4,"height_label":"assumed"}},{"type":"Feature","geometry":{"type":"Polygon","coordinates":[[[78.391661,17.411816],[78.391588,17.411852],[78.391554,17.41179],[78.391647,17.411744],[78.391666,17.411778],[78.391646,17.411787],[78.391661,17.411816]]]},"properties":{"id":"054ec27acce5","height":null,"num_floors":null,"render_height_m":6.4,"height_label":"assumed"}},{"type":"Feature","geometry":{"type":"Polygon","coordinates":[[[78.39158,17.411855],[78.391501,17.41189],[78.391452,17.41179],[78.391532,17.411755],[78.39158,17.411855]]]},"properties":{"id":"b1404be41a9f","height":null,"num_floors":null,"render_height_m":9.6,"height_label":"assumed"}},{"type":"Feature","geometry":{"type":"Polygon","coordinates":[[[78.391543,17.411973],[78.391488,17.412002],[78.39143,17.411898],[78.391485,17.41187],[78.391543,17.411973]]]},"properties":{"id":"7060c8490e87","height":null,"num_floors":null,"render_height_m":9.6,"height_label":"assumed"}},{"type":"Feature","geometry":{"type":"Polygon","coordinates":[[[78.391626,17.41192],[78.391541,17.411963],[78.391505,17.411898],[78.39159,17.411855],[78.391626,17.41192]]]},"properties":{"id":"ffc0c96eeaae","height":null,"num_floors":null,"render_height_m":9.6,"height_label":"assumed"}},{"type":"Feature","geometry":{"type":"Polygon","coordinates":[[[78.391734,17.412149],[78.391684,17.412167],[78.391642,17.412063],[78.391692,17.412044],[78.391734,17.412149]]]},"properties":{"id":"e618bc4486e7","height":null,"num_floors":null,"render_height_m":6.4,"height_label":"assumed"}},{"type":"Feature","geometry":{"type":"Polygon","coordinates":[[[78.391596,17.412288],[78.391575,17.412255],[78.391679,17.412194],[78.391714,17.412249],[78.391665,17.412277],[78.391658,17.412267],[78.391628,17.412284],[78.391621,17.412274],[78.391596,17.412288]]]},"properties":{"id":"8f8964bb21c5","height":null,"num_floors":null,"render_height_m":6.4,"height_label":"assumed"}},{"type":"Feature","geometry":{"type":"Polygon","coordinates":[[[78.391572,17.412203],[78.39148,17.412245],[78.391422,17.412129],[78.391514,17.412087],[78.391572,17.412203]]]},"properties":{"id":"9918db6e1bf8","height":null,"num_floors":null,"render_height_m":9.6,"height_label":"assumed"}},{"type":"Feature","geometry":{"type":"Polygon","coordinates":[[[78.391544,17.412396],[78.391405,17.412469],[78.391374,17.412416],[78.391513,17.412343],[78.391544,17.412396]]]},"properties":{"id":"adc7a0abf354","height":null,"num_floors":null,"render_height_m":9.6,"height_label":"assumed"}},{"type":"Feature","geometry":{"type":"Polygon","coordinates":[[[78.391512,17.412491],[78.391433,17.412529],[78.391407,17.412481],[78.391487,17.412443],[78.391512,17.412491]]]},"properties":{"id":"36e6f600c1b3","height":null,"num_floors":null,"render_height_m":6.4,"height_label":"assumed"}},{"type":"Feature","geometry":{"type":"Polygon","coordinates":[[[78.391645,17.412483],[78.391574,17.412523],[78.391538,17.412464],[78.39161,17.412425],[78.391645,17.412483]]]},"properties":{"id":"5bd76624604f","height":null,"num_floors":null,"render_height_m":6.4,"height_label":"assumed"}},{"type":"Feature","geometry":{"type":"Polygon","coordinates":[[[78.391625,17.412588],[78.391583,17.412522],[78.391626,17.412498],[78.391667,17.412564],[78.391625,17.412588]]]},"properties":{"id":"cb3c8a024abf","height":null,"num_floors":null,"render_height_m":6.4,"height_label":"assumed"}},{"type":"Feature","geometry":{"type":"Polygon","coordinates":[[[78.391613,17.412289],[78.391654,17.412288],[78.391655,17.412336],[78.391615,17.412337],[78.391613,17.412289]]]},"properties":{"id":"114ae9b89fb2","height":null,"num_floors":null,"render_height_m":6.4,"height_label":"assumed"}},{"type":"Feature","geometry":{"type":"Polygon","coordinates":[[[78.39182,17.412443],[78.39174,17.412488],[78.391681,17.412393],[78.391761,17.412347],[78.39182,17.412443]]]},"properties":{"id":"ec1105dcd5df","height":null,"num_floors":null,"render_height_m":9.6,"height_label":"assumed"}},{"type":"Feature","geometry":{"type":"Polygon","coordinates":[[[78.391851,17.412507],[78.391743,17.412577],[78.391707,17.412525],[78.391815,17.412456],[78.391851,17.412507]]]},"properties":{"id":"ad794a6ea80b","height":null,"num_floors":null,"render_height_m":9.6,"height_label":"assumed"}},{"type":"Feature","geometry":{"type":"Polygon","coordinates":[[[78.392031,17.412476],[78.391894,17.412534],[78.391858,17.412455],[78.391995,17.412398],[78.392031,17.412476]]]},"properties":{"id":"3e5e55cec8d1","height":null,"num_floors":null,"render_height_m":9.6,"height_label":"assumed"}},{"type":"Feature","geometry":{"type":"Polygon","coordinates":[[[78.391953,17.412395],[78.391852,17.412443],[78.391792,17.41233],[78.391841,17.412307],[78.391861,17.412345],[78.391887,17.412333],[78.391871,17.412302],[78.391897,17.412289],[78.391953,17.412395]]]},"properties":{"id":"d2616e9fefdb","height":null,"num_floors":null,"render_height_m":9.6,"height_label":"assumed"}},{"type":"Feature","geometry":{"type":"Polygon","coordinates":[[[78.392031,17.412191],[78.391947,17.412233],[78.391897,17.41214],[78.391982,17.412099],[78.392031,17.412191]]]},"properties":{"id":"2fac34c73b1e","height":null,"num_floors":null,"render_height_m":9.6,"height_label":"assumed"}},{"type":"Feature","geometry":{"type":"Polygon","coordinates":[[[78.391836,17.412154],[78.391861,17.412212],[78.391781,17.412243],[78.391757,17.412185],[78.391836,17.412154]]]},"properties":{"id":"eb51408c6762","height":null,"num_floors":null,"render_height_m":6.4,"height_label":"assumed"}},{"type":"Feature","geometry":{"type":"Polygon","coordinates":[[[78.39188,17.412075],[78.391803,17.412118],[78.391785,17.412088],[78.391862,17.412045],[78.39188,17.412075]]]},"properties":{"id":"55f076c8c854","height":null,"num_floors":null,"render_height_m":6.4,"height_label":"assumed"}},{"type":"Feature","geometry":{"type":"Polygon","coordinates":[[[78.392091,17.412104],[78.392032,17.412132],[78.391977,17.412027],[78.392036,17.411999],[78.392091,17.412104]]]},"properties":{"id":"c6cb9c69e92a","height":null,"num_floors":null,"render_height_m":9.6,"height_label":"assumed"}},{"type":"Feature","geometry":{"type":"Polygon","coordinates":[[[78.392187,17.412106],[78.392234,17.412097],[78.392269,17.412178],[78.392275,17.412212],[78.392241,17.412218],[78.392194,17.41214],[78.392187,17.412106]]]},"properties":{"id":"128723c3f99c","height":null,"num_floors":null,"render_height_m":6.4,"height_label":"assumed"}},{"type":"Feature","geometry":{"type":"Polygon","coordinates":[[[78.392129,17.412107],[78.392177,17.412206],[78.392117,17.412233],[78.392068,17.412134],[78.392129,17.412107]]]},"properties":{"id":"11ae0eff4c20","height":null,"num_floors":null,"render_height_m":9.6,"height_label":"assumed"}},{"type":"Feature","geometry":{"type":"Polygon","coordinates":[[[78.392094,17.412341],[78.392004,17.412371],[78.39198,17.412307],[78.392071,17.412277],[78.392094,17.412341]]]},"properties":{"id":"9d2d551a94fb","height":null,"num_floors":null,"render_height_m":6.4,"height_label":"assumed"}},{"type":"Feature","geometry":{"type":"Polygon","coordinates":[[[78.392127,17.412427],[78.392031,17.412457],[78.392004,17.412379],[78.3921,17.412348],[78.392127,17.412427]]]},"properties":{"id":"f8bd4f10bd60","height":null,"num_floors":null,"render_height_m":9.6,"height_label":"assumed"}},{"type":"Feature","geometry":{"type":"Polygon","coordinates":[[[78.392227,17.412357],[78.392132,17.412382],[78.392098,17.412267],[78.392192,17.412241],[78.392227,17.412357]]]},"properties":{"id":"1e478cf6cc4a","height":null,"num_floors":null,"render_height_m":9.6,"height_label":"assumed"}},{"type":"Feature","geometry":{"type":"Polygon","coordinates":[[[78.392483,17.41236],[78.392347,17.412399],[78.392313,17.412291],[78.392449,17.412251],[78.392483,17.41236]]]},"properties":{"id":"a401c0823a3f","height":null,"num_floors":null,"render_height_m":9.6,"height_label":"assumed"}},{"type":"Feature","geometry":{"type":"Polygon","coordinates":[[[78.392677,17.412288],[78.392539,17.412333],[78.392501,17.412228],[78.392639,17.412183],[78.392677,17.412288]]]},"properties":{"id":"8b4ff697d11d","height":null,"num_floors":null,"render_height_m":9.6,"height_label":"assumed"}},{"type":"Feature","geometry":{"type":"Polygon","coordinates":[[[78.392639,17.412177],[78.392498,17.412226],[78.392474,17.412164],[78.392615,17.412115],[78.392639,17.412177]]]},"properties":{"id":"2505fa98987a","height":null,"num_floors":null,"render_height_m":9.6,"height_label":"assumed"}},{"type":"Feature","geometry":{"type":"Polygon","coordinates":[[[78.392454,17.41224],[78.392356,17.412269],[78.392321,17.412161],[78.392419,17.412132],[78.392454,17.41224]]]},"properties":{"id":"4e63ac2b531f","height":null,"num_floors":null,"render_height_m":9.6,"height_label":"assumed"}},{"type":"Feature","geometry":{"type":"Polygon","coordinates":[[[78.392398,17.412106],[78.392292,17.412142],[78.392267,17.412072],[78.392373,17.412037],[78.392398,17.412106]]]},"properties":{"id":"29629a523150","height":null,"num_floors":null,"render_height_m":9.6,"height_label":"assumed"}},{"type":"Feature","geometry":{"type":"Polygon","coordinates":[[[78.392589,17.412046],[78.392456,17.412089],[78.39243,17.412015],[78.392563,17.411973],[78.392589,17.412046]]]},"properties":{"id":"5d9019c6bab4","height":null,"num_floors":null,"render_height_m":9.6,"height_label":"assumed"}},{"type":"Feature","geometry":{"type":"Polygon","coordinates":[[[78.392558,17.411946],[78.39242,17.41199],[78.392396,17.411922],[78.392534,17.411878],[78.392558,17.411946]]]},"properties":{"id":"d54b1d09eec0","height":null,"num_floors":null,"render_height_m":9.6,"height_label":"assumed"}},{"type":"Feature","geometry":{"type":"Polygon","coordinates":[[[78.39252,17.41185],[78.392407,17.411886],[78.392384,17.411821],[78.392498,17.411785],[78.39252,17.41185]]]},"properties":{"id":"5de1a1dc1187","height":null,"num_floors":null,"render_height_m":9.6,"height_label":"assumed"}},{"type":"Feature","geometry":{"type":"Polygon","coordinates":[[[78.392497,17.411783],[78.392376,17.411822],[78.39235,17.411749],[78.392471,17.41171],[78.392497,17.411783]]]},"properties":{"id":"f284179cbb7f","height":null,"num_floors":null,"render_height_m":9.6,"height_label":"assumed"}},{"type":"Feature","geometry":{"type":"Polygon","coordinates":[[[78.392384,17.412027],[78.392261,17.41207],[78.392211,17.411942],[78.392334,17.411898],[78.392384,17.412027]]]},"properties":{"id":"e850ee3dce03","height":null,"num_floors":null,"render_height_m":9.6,"height_label":"assumed"}},{"type":"Feature","geometry":{"type":"Polygon","coordinates":[[[78.392153,17.411978],[78.392182,17.41205],[78.392138,17.412067],[78.392108,17.411994],[78.392153,17.411978]]]},"properties":{"id":"3ce16a48ee39","height":null,"num_floors":null,"render_height_m":6.4,"height_label":"assumed"}},{"type":"Feature","geometry":{"type":"Polygon","coordinates":[[[78.392193,17.411953],[78.392114,17.411991],[78.392081,17.411928],[78.39216,17.41189],[78.392193,17.411953]]]},"properties":{"id":"670aee7a9643","height":null,"num_floors":null,"render_height_m":6.4,"height_label":"assumed"}},{"type":"Feature","geometry":{"type":"Polygon","coordinates":[[[78.392143,17.411865],[78.392043,17.411913],[78.391957,17.41175],[78.392057,17.411702],[78.392143,17.411865]]]},"properties":{"id":"4a035ab84f90","height":null,"num_floors":null,"render_height_m":9.6,"height_label":"assumed"}},{"type":"Feature","geometry":{"type":"Polygon","coordinates":[[[78.392218,17.411647],[78.392114,17.41168],[78.392078,17.411577],[78.392182,17.411544],[78.392218,17.411647]]]},"properties":{"id":"de24dc0ac666","height":null,"num_floors":null,"render_height_m":9.6,"height_label":"assumed"}},{"type":"Feature","geometry":{"type":"Polygon","coordinates":[[[78.392315,17.411614],[78.392224,17.411643],[78.39219,17.411546],[78.392281,17.411517],[78.392315,17.411614]]]},"properties":{"id":"d82e98c4a1a6","height":null,"num_floors":null,"render_height_m":9.6,"height_label":"assumed"}},{"type":"Feature","geometry":{"type":"Polygon","coordinates":[[[78.392436,17.411578],[78.392323,17.411614],[78.392289,17.411516],[78.392401,17.41148],[78.392436,17.411578]]]},"properties":{"id":"e4062832b10f","height":null,"num_floors":null,"render_height_m":9.6,"height_label":"assumed"}},{"type":"Feature","geometry":{"type":"Polygon","coordinates":[[[78.392465,17.411665],[78.392362,17.411698],[78.392335,17.411621],[78.392438,17.411588],[78.392465,17.411665]]]},"properties":{"id":"5c6b81d0fbfd","height":null,"num_floors":null,"render_height_m":9.6,"height_label":"assumed"}},{"type":"Feature","geometry":{"type":"Polygon","coordinates":[[[78.392648,17.411793],[78.392558,17.411821],[78.392543,17.411777],[78.392587,17.411763],[78.392582,17.411748],[78.3926,17.411742],[78.392593,17.411724],[78.392532,17.411743],[78.392515,17.411695],[78.392605,17.411667],[78.392648,17.411793]]]},"properties":{"id":"6c1b3270c8d8","height":null,"num_floors":null,"render_height_m":9.6,"height_label":"assumed"}},{"type":"Feature","geometry":{"type":"Polygon","coordinates":[[[78.392593,17.41165],[78.392505,17.411678],[78.392474,17.411591],[78.392562,17.411563],[78.392593,17.41165]]]},"properties":{"id":"2dc8be80ae45","height":null,"num_floors":null,"render_height_m":9.6,"height_label":"assumed"}},{"type":"Feature","geometry":{"type":"Polygon","coordinates":[[[78.39257,17.41155],[78.392463,17.411584],[78.392429,17.411485],[78.392535,17.411451],[78.39257,17.41155]]]},"properties":{"id":"85e8add9a489","height":null,"num_floors":null,"render_height_m":9.6,"height_label":"assumed"}},{"type":"Feature","geometry":{"type":"Polygon","coordinates":[[[78.392536,17.41143],[78.392431,17.411463],[78.392405,17.411392],[78.392511,17.411358],[78.392536,17.41143]]]},"properties":{"id":"e53a2343a030","height":null,"num_floors":null,"render_height_m":9.6,"height_label":"assumed"}},{"type":"Feature","geometry":{"type":"Polygon","coordinates":[[[78.392514,17.411327],[78.392393,17.411366],[78.392352,17.411248],[78.392472,17.411209],[78.392514,17.411327]]]},"properties":{"id":"67b91ff12409","height":null,"num_floors":null,"render_height_m":9.6,"height_label":"assumed"}},{"type":"Feature","geometry":{"type":"Polygon","coordinates":[[[78.392534,17.411184],[78.392464,17.411207],[78.392429,17.411106],[78.392499,17.411083],[78.392534,17.411184]]]},"properties":{"id":"33a7e38973f5","height":null,"num_floors":null,"render_height_m":9.6,"height_label":"assumed"}},{"type":"Feature","geometry":{"type":"Polygon","coordinates":[[[78.39255,17.411056],[78.392429,17.411094],[78.392392,17.410988],[78.392513,17.410949],[78.39255,17.411056]]]},"properties":{"id":"621b78976db6","height":null,"num_floors":null,"render_height_m":9.6,"height_label":"assumed"}},{"type":"Feature","geometry":{"type":"Polygon","coordinates":[[[78.392396,17.41105],[78.392294,17.411082],[78.392271,17.411017],[78.392373,17.410985],[78.392396,17.41105]]]},"properties":{"id":"984fdc0022af","height":null,"num_floors":null,"render_height_m":9.6,"height_label":"assumed"}},{"type":"Feature","geometry":{"type":"Polygon","coordinates":[[[78.39242,17.411092],[78.392311,17.411127],[78.392296,17.411085],[78.392405,17.41105],[78.39242,17.411092]]]},"properties":{"id":"f4d8a8bfc74c","height":null,"num_floors":null,"render_height_m":6.4,"height_label":"assumed"}},{"type":"Feature","geometry":{"type":"Polygon","coordinates":[[[78.392279,17.411154],[78.392181,17.411183],[78.392144,17.41107],[78.392241,17.411041],[78.392279,17.411154]]]},"properties":{"id":"283116339ccb","height":null,"num_floors":null,"render_height_m":9.6,"height_label":"assumed"}},{"type":"Feature","geometry":{"type":"Polygon","coordinates":[[[78.39222,17.411014],[78.392121,17.411041],[78.392089,17.410933],[78.392189,17.410907],[78.39222,17.411014]]]},"properties":{"id":"72537b0dd3d7","height":null,"num_floors":null,"render_height_m":9.6,"height_label":"assumed"}},{"type":"Feature","geometry":{"type":"Polygon","coordinates":[[[78.392116,17.411049],[78.392011,17.411077],[78.391978,17.410965],[78.392083,17.410937],[78.392116,17.411049]]]},"properties":{"id":"cca1cb40d362","height":null,"num_floors":null,"render_height_m":9.6,"height_label":"assumed"}},{"type":"Feature","geometry":{"type":"Polygon","coordinates":[[[78.39217,17.411185],[78.392071,17.411214],[78.392035,17.411103],[78.392135,17.411075],[78.39217,17.411185]]]},"properties":{"id":"4c4d03219fdc","height":null,"num_floors":null,"render_height_m":9.6,"height_label":"assumed"}},{"type":"Feature","geometry":{"type":"Polygon","coordinates":[[[78.392093,17.411326],[78.391993,17.411353],[78.391961,17.411245],[78.392061,17.411219],[78.392093,17.411326]]]},"properties":{"id":"c2773b09ec39","height":null,"num_floors":null,"render_height_m":9.6,"height_label":"assumed"}},{"type":"Feature","geometry":{"type":"Polygon","coordinates":[[[78.392191,17.411406],[78.392145,17.411421],[78.39211,17.411318],[78.392157,17.411304],[78.392191,17.411406]]]},"properties":{"id":"af93f3ac7a44","height":null,"num_floors":null,"render_height_m":6.4,"height_label":"assumed"}},{"type":"Feature","geometry":{"type":"Polygon","coordinates":[[[78.392303,17.411262],[78.392215,17.411286],[78.392191,17.411206],[78.392279,17.411182],[78.392303,17.411262]]]},"properties":{"id":"c91205d71d2d","height":null,"num_floors":null,"render_height_m":9.6,"height_label":"assumed"}},{"type":"Feature","geometry":{"type":"Polygon","coordinates":[[[78.392263,17.411327],[78.392293,17.411415],[78.39225,17.411429],[78.39222,17.41134],[78.392263,17.411327]]]},"properties":{"id":"ce18c37706e8","height":null,"num_floors":null,"render_height_m":6.4,"height_label":"assumed"}},{"type":"Feature","geometry":{"type":"Polygon","coordinates":[[[78.392132,17.411444],[78.392043,17.411468],[78.392013,17.411368],[78.392103,17.411344],[78.392132,17.411444]]]},"properties":{"id":"cdeca4be9e80","height":null,"num_floors":null,"render_height_m":9.6,"height_label":"assumed"}},{"type":"Feature","geometry":{"type":"Polygon","coordinates":[[[78.391596,17.411349],[78.391559,17.411246],[78.391759,17.411182],[78.391796,17.411284],[78.391596,17.411349]]]},"properties":{"id":"3eccaa9f139a","height":null,"num_floors":null,"render_height_m":12.8,"height_label":"assumed"}},{"type":"Feature","geometry":{"type":"Polygon","coordinates":[[[78.391634,17.411164],[78.391563,17.411176],[78.39155,17.411111],[78.391621,17.411099],[78.391634,17.411164]]]},"properties":{"id":"7e0ced783d74","height":null,"num_floors":null,"render_height_m":6.4,"height_label":"assumed"}},{"type":"Feature","geometry":{"type":"Polygon","coordinates":[[[78.391451,17.411122],[78.391511,17.411115],[78.39152,17.411182],[78.391459,17.411189],[78.391451,17.411122]]]},"properties":{"id":"810d6a1896c4","height":null,"num_floors":null,"render_height_m":6.4,"height_label":"assumed"}},{"type":"Feature","geometry":{"type":"Polygon","coordinates":[[[78.391475,17.411009],[78.391484,17.411059],[78.391438,17.411066],[78.391429,17.411017],[78.391475,17.411009]]]},"properties":{"id":"9b3e75442a5e","height":null,"num_floors":null,"render_height_m":6.4,"height_label":"assumed"}},{"type":"Feature","geometry":{"type":"Polygon","coordinates":[[[78.39165,17.411079],[78.391603,17.411089],[78.391586,17.411012],[78.391632,17.411002],[78.39165,17.411079]]]},"properties":{"id":"04431d33c12b","height":null,"num_floors":null,"render_height_m":6.4,"height_label":"assumed"}},{"type":"Feature","geometry":{"type":"Polygon","coordinates":[[[78.391746,17.411071],[78.391659,17.411081],[78.391651,17.41102],[78.391739,17.411011],[78.391746,17.411071]]]},"properties":{"id":"9fab402ecec3","height":null,"num_floors":null,"render_height_m":6.4,"height_label":"assumed"}},{"type":"Feature","geometry":{"type":"Polygon","coordinates":[[[78.391834,17.411076],[78.391759,17.411086],[78.391748,17.411009],[78.391823,17.410999],[78.391834,17.411076]]]},"properties":{"id":"90cc10f1f272","height":null,"num_floors":null,"render_height_m":6.4,"height_label":"assumed"}},{"type":"Feature","geometry":{"type":"Polygon","coordinates":[[[78.391764,17.411135],[78.391697,17.411147],[78.391685,17.411085],[78.391752,17.411074],[78.391764,17.411135]]]},"properties":{"id":"978e48f889e1","height":null,"num_floors":null,"render_height_m":6.4,"height_label":"assumed"}},{"type":"Feature","geometry":{"type":"Polygon","coordinates":[[[78.391918,17.411249],[78.391808,17.411285],[78.391771,17.411179],[78.391881,17.411143],[78.391918,17.411249]]]},"properties":{"id":"234b9a9fc09d","height":null,"num_floors":null,"render_height_m":9.6,"height_label":"assumed"}},{"type":"Feature","geometry":{"type":"Polygon","coordinates":[[[78.392007,17.411096],[78.391913,17.411121],[78.391873,17.410986],[78.391967,17.410961],[78.392007,17.411096]]]},"properties":{"id":"a23f78d56d55","height":null,"num_floors":null,"render_height_m":9.6,"height_label":"assumed"}},{"type":"Feature","geometry":{"type":"Polygon","coordinates":[[[78.39204,17.410837],[78.391977,17.410859],[78.391946,17.410774],[78.392008,17.410753],[78.39204,17.410837]]]},"properties":{"id":"fb8f2ac32aa6","height":null,"num_floors":null,"render_height_m":6.4,"height_label":"assumed"}},{"type":"Feature","geometry":{"type":"Polygon","coordinates":[[[78.391778,17.410957],[78.391644,17.410985],[78.391613,17.410847],[78.391747,17.410819],[78.391778,17.410957]]]},"properties":{"id":"9a1d8d7496dd","height":null,"num_floors":null,"render_height_m":9.6,"height_label":"assumed"}},{"type":"Feature","geometry":{"type":"Polygon","coordinates":[[[78.391625,17.411001],[78.391537,17.411019],[78.391512,17.41091],[78.3916,17.410892],[78.391625,17.411001]]]},"properties":{"id":"ebe1d4fc486c","height":null,"num_floors":null,"render_height_m":9.6,"height_label":"assumed"}},{"type":"Feature","geometry":{"type":"Polygon","coordinates":[[[78.391611,17.410885],[78.39151,17.410908],[78.391497,17.410855],[78.391599,17.410833],[78.391611,17.410885]]]},"properties":{"id":"3c477b27811f","height":null,"num_floors":null,"render_height_m":6.4,"height_label":"assumed"}},{"type":"Feature","geometry":{"type":"Polygon","coordinates":[[[78.391587,17.410717],[78.391418,17.410769],[78.391386,17.410676],[78.391555,17.410625],[78.391587,17.410717]]]},"properties":{"id":"c18889594564","height":null,"num_floors":null,"render_height_m":9.6,"height_label":"assumed"}},{"type":"Feature","geometry":{"type":"Polygon","coordinates":[[[78.391927,17.410615],[78.391823,17.410629],[78.391803,17.41049],[78.391823,17.410487],[78.391818,17.410453],[78.391798,17.410455],[78.391785,17.410362],[78.391972,17.410337],[78.392009,17.410592],[78.391925,17.410603],[78.391927,17.410615]]]},"properties":{"id":"1b0d8c19e188","height":null,"num_floors":null,"render_height_m":12.8,"height_label":"assumed"}},{"type":"Feature","geometry":{"type":"Polygon","coordinates":[[[78.392231,17.410318],[78.392289,17.410452],[78.392342,17.410575],[78.392177,17.410641],[78.392124,17.410518],[78.392184,17.410494],[78.392126,17.41036],[78.392231,17.410318]]]},"properties":{"id":"552525670c81","height":null,"num_floors":null,"render_height_m":12.8,"height_label":"assumed"}},{"type":"Feature","geometry":{"type":"Polygon","coordinates":[[[78.392141,17.410799],[78.392047,17.41083],[78.392016,17.410747],[78.392111,17.410716],[78.392141,17.410799]]]},"properties":{"id":"a036fb900f56","height":null,"num_floors":null,"render_height_m":9.6,"height_label":"assumed"}},{"type":"Feature","geometry":{"type":"Polygon","coordinates":[[[78.392174,17.410871],[78.392071,17.410902],[78.392049,17.410837],[78.392152,17.410805],[78.392174,17.410871]]]},"properties":{"id":"ca205df8ac07","height":null,"num_floors":null,"render_height_m":9.6,"height_label":"assumed"}},{"type":"Feature","geometry":{"type":"Polygon","coordinates":[[[78.392362,17.410916],[78.392249,17.410952],[78.392227,17.410889],[78.39234,17.410854],[78.392362,17.410916]]]},"properties":{"id":"65e9b43c571a","height":null,"num_floors":null,"render_height_m":9.6,"height_label":"assumed"}},{"type":"Feature","geometry":{"type":"Polygon","coordinates":[[[78.39234,17.410848],[78.392226,17.410885],[78.392183,17.410763],[78.392297,17.410727],[78.39234,17.410848]]]},"properties":{"id":"726bdf990d36","height":null,"num_floors":null,"render_height_m":9.6,"height_label":"assumed"}},{"type":"Feature","geometry":{"type":"Polygon","coordinates":[[[78.39238,17.410972],[78.392269,17.411008],[78.392251,17.410956],[78.392362,17.410921],[78.39238,17.410972]]]},"properties":{"id":"376bcace12a8","height":null,"num_floors":null,"render_height_m":6.4,"height_label":"assumed"}},{"type":"Feature","geometry":{"type":"Polygon","coordinates":[[[78.392531,17.410933],[78.392387,17.410979],[78.392351,17.410877],[78.392495,17.410831],[78.392531,17.410933]]]},"properties":{"id":"36ee7e9d55fc","height":null,"num_floors":null,"render_height_m":9.6,"height_label":"assumed"}},{"type":"Feature","geometry":{"type":"Polygon","coordinates":[[[78.392568,17.410536],[78.392571,17.41065],[78.392521,17.410652],[78.39252,17.410637],[78.392462,17.410638],[78.392459,17.410539],[78.392568,17.410536]]]},"properties":{"id":"f3c3f360dc84","height":null,"num_floors":null,"render_height_m":9.6,"height_label":"assumed"}},{"type":"Feature","geometry":{"type":"Polygon","coordinates":[[[78.392444,17.410598],[78.392345,17.4106],[78.392342,17.41046],[78.39244,17.410458],[78.392444,17.410598]]]},"properties":{"id":"59cae469e4f2","height":null,"num_floors":null,"render_height_m":9.6,"height_label":"assumed"}},{"type":"Feature","geometry":{"type":"Polygon","coordinates":[[[78.392528,17.410433],[78.392592,17.410429],[78.392595,17.410482],[78.392531,17.410486],[78.392528,17.410433]]]},"properties":{"id":"c50b8e3d18ad","height":null,"num_floors":null,"render_height_m":6.4,"height_label":"assumed"}},{"type":"Feature","geometry":{"type":"Polygon","coordinates":[[[78.392545,17.410277],[78.392358,17.410278],[78.392357,17.410169],[78.392544,17.410167],[78.392545,17.410277]]]},"properties":{"id":"37f6c3243170","height":null,"num_floors":null,"render_height_m":9.6,"height_label":"assumed"}},{"type":"Feature","geometry":{"type":"Polygon","coordinates":[[[78.392179,17.410197],[78.392231,17.410318],[78.392127,17.41036],[78.392075,17.410239],[78.392179,17.410197]]]},"properties":{"id":"9c05568c8264","height":null,"num_floors":null,"render_height_m":9.6,"height_label":"assumed"}},{"type":"Feature","geometry":{"type":"Polygon","coordinates":[[[78.392189,17.410101],[78.392258,17.410102],[78.392258,17.41014],[78.392189,17.410139],[78.392189,17.410101]]]},"properties":{"id":"ff9cae44117d","height":null,"num_floors":null,"render_height_m":6.4,"height_label":"assumed"}},{"type":"Feature","geometry":{"type":"Polygon","coordinates":[[[78.392208,17.410139],[78.392235,17.410139],[78.392234,17.410176],[78.392207,17.410176],[78.392208,17.410139]]]},"properties":{"id":"677e5c97bde4","height":null,"num_floors":null,"render_height_m":6.4,"height_label":"assumed"}},{"type":"Feature","geometry":{"type":"Polygon","coordinates":[[[78.392528,17.410103],[78.392377,17.410104],[78.392376,17.410003],[78.392527,17.410002],[78.392528,17.410103]]]},"properties":{"id":"03a74561d30e","height":null,"num_floors":null,"render_height_m":9.6,"height_label":"assumed"}},{"type":"Feature","geometry":{"type":"Polygon","coordinates":[[[78.392062,17.410008],[78.392081,17.410113],[78.391948,17.410135],[78.391929,17.41003],[78.392062,17.410008]]]},"properties":{"id":"1bfa92e6ac93","height":null,"num_floors":null,"render_height_m":9.6,"height_label":"assumed"}},{"type":"Feature","geometry":{"type":"Polygon","coordinates":[[[78.391978,17.410287],[78.391831,17.410306],[78.391811,17.41017],[78.391959,17.410151],[78.391978,17.410287]]]},"properties":{"id":"e15421020956","height":null,"num_floors":null,"render_height_m":9.6,"height_label":"assumed"}},{"type":"Feature","geometry":{"type":"Polygon","coordinates":[[[78.391452,17.410215],[78.391533,17.410205],[78.391546,17.410294],[78.391621,17.410285],[78.391629,17.410346],[78.391554,17.410356],[78.39156,17.410401],[78.391478,17.410411],[78.391469,17.410343],[78.39141,17.41035],[78.391397,17.410258],[78.391456,17.41025],[78.391452,17.410215]]]},"properties":{"id":"c0c107a10687","height":null,"num_floors":null,"render_height_m":12.8,"height_label":"assumed"}},{"type":"Feature","geometry":{"type":"Polygon","coordinates":[[[78.391197,17.410295],[78.391204,17.410393],[78.391138,17.410398],[78.39113,17.4103],[78.391197,17.410295]]]},"properties":{"id":"77b487eac91b","height":null,"num_floors":null,"render_height_m":6.4,"height_label":"assumed"}},{"type":"Feature","geometry":{"type":"Polygon","coordinates":[[[78.391267,17.410298],[78.391283,17.410388],[78.391237,17.410396],[78.391221,17.410306],[78.391267,17.410298]]]},"properties":{"id":"b4863251622a","height":null,"num_floors":null,"render_height_m":6.4,"height_label":"assumed"}},{"type":"Feature","geometry":{"type":"Polygon","coordinates":[[[78.390963,17.410143],[78.390994,17.410298],[78.390886,17.410318],[78.390856,17.410163],[78.390963,17.410143]]]},"properties":{"id":"09b1740cb0d0","height":null,"num_floors":null,"render_height_m":9.6,"height_label":"assumed"}},{"type":"Feature","geometry":{"type":"Polygon","coordinates":[[[78.391123,17.410097],[78.391151,17.410235],[78.391111,17.410242],[78.391113,17.410253],[78.391027,17.410269],[78.390996,17.410121],[78.391123,17.410097]]]},"properties":{"id":"9957287c1237","height":null,"num_floors":null,"render_height_m":9.6,"height_label":"assumed"}},{"type":"Feature","geometry":{"type":"Polygon","coordinates":[[[78.391219,17.410078],[78.391282,17.410066],[78.391312,17.410215],[78.391249,17.410227],[78.391219,17.410078]]]},"properties":{"id":"153074cedee8","height":null,"num_floors":null,"render_height_m":9.6,"height_label":"assumed"}},{"type":"Feature","geometry":{"type":"Polygon","coordinates":[[[78.39042,17.41013],[78.390434,17.410184],[78.390401,17.410193],[78.390387,17.410138],[78.39042,17.41013]]]},"properties":{"id":"81fc4266492e","height":null,"num_floors":null,"render_height_m":6.4,"height_label":"assumed"}},{"type":"Feature","geometry":{"type":"Polygon","coordinates":[[[78.390647,17.410171],[78.390466,17.410217],[78.390444,17.410137],[78.390624,17.410091],[78.390647,17.410171]]]},"properties":{"id":"35e2d7f5d82c","height":null,"num_floors":null,"render_height_m":9.6,"height_label":"assumed"}},{"type":"Feature","geometry":{"type":"Polygon","coordinates":[[[78.390745,17.410392],[78.390778,17.410387],[78.39079,17.410463],[78.390758,17.410468],[78.390745,17.410392]]]},"properties":{"id":"c3c21e08ed17","height":null,"num_floors":null,"render_height_m":6.4,"height_label":"assumed"}},{"type":"Feature","geometry":{"type":"Polygon","coordinates":[[[78.390714,17.410362],[78.390606,17.410383],[78.390593,17.41032],[78.390701,17.4103],[78.390714,17.410362]]]},"properties":{"id":"7fa0042d79ba","height":null,"num_floors":null,"render_height_m":9.6,"height_label":"assumed"}},{"type":"Feature","geometry":{"type":"Polygon","coordinates":[[[78.390627,17.410448],[78.390512,17.410466],[78.390503,17.410416],[78.390618,17.410398],[78.390627,17.410448]]]},"properties":{"id":"a58815a0c18a","height":null,"num_floors":null,"render_height_m":6.4,"height_label":"assumed"}},{"type":"Feature","geometry":{"type":"Polygon","coordinates":[[[78.390594,17.41038],[78.390534,17.410388],[78.390521,17.410304],[78.390581,17.410295],[78.390594,17.41038]]]},"properties":{"id":"6ede9e1460bc","height":null,"num_floors":null,"render_height_m":6.4,"height_label":"assumed"}},{"type":"Feature","geometry":{"type":"Polygon","coordinates":[[[78.390391,17.410231],[78.390309,17.410244],[78.390292,17.410147],[78.390375,17.410134],[78.390391,17.410231]]]},"properties":{"id":"a3ec72fc06af","height":null,"num_floors":null,"render_height_m":9.6,"height_label":"assumed"}},{"type":"Feature","geometry":{"type":"Polygon","coordinates":[[[78.390434,17.410407],[78.390301,17.410412],[78.390295,17.410278],[78.390429,17.410273],[78.390434,17.410407]]]},"properties":{"id":"729c47d8a36a","height":null,"num_floors":null,"render_height_m":9.6,"height_label":"assumed"}},{"type":"Feature","geometry":{"type":"Polygon","coordinates":[[[78.390358,17.410598],[78.390295,17.410597],[78.390297,17.41048],[78.39036,17.410481],[78.390358,17.410598]]]},"properties":{"id":"a1f34ca3c6fc","height":null,"num_floors":null,"render_height_m":9.6,"height_label":"assumed"}},{"type":"Feature","geometry":{"type":"Polygon","coordinates":[[[78.390488,17.41056],[78.390431,17.410565],[78.390417,17.410442],[78.390473,17.410436],[78.390488,17.41056]]]},"properties":{"id":"f6a4e4aa9b7a","height":null,"num_floors":null,"render_height_m":9.6,"height_label":"assumed"}},{"type":"Feature","geometry":{"type":"Polygon","coordinates":[[[78.390517,17.410599],[78.39058,17.410595],[78.390591,17.410728],[78.390527,17.410732],[78.390517,17.410599]]]},"properties":{"id":"e39577fb0662","height":null,"num_floors":null,"render_height_m":9.6,"height_label":"assumed"}},{"type":"Feature","geometry":{"type":"Polygon","coordinates":[[[78.390276,17.410657],[78.390397,17.410662],[78.390395,17.410707],[78.390274,17.410702],[78.390276,17.410657]]]},"properties":{"id":"c3f91c006777","height":null,"num_floors":null,"render_height_m":6.4,"height_label":"assumed"}},{"type":"Feature","geometry":{"type":"Polygon","coordinates":[[[78.390372,17.410965],[78.390305,17.410966],[78.390303,17.410842],[78.390371,17.410841],[78.390372,17.410965]]]},"properties":{"id":"5438479f9ce4","height":null,"num_floors":null,"render_height_m":9.6,"height_label":"assumed"}},{"type":"Feature","geometry":{"type":"Polygon","coordinates":[[[78.390495,17.41095],[78.390385,17.410953],[78.390382,17.410835],[78.390492,17.410833],[78.390495,17.41095]]]},"properties":{"id":"8006e1cb4350","height":null,"num_floors":null,"render_height_m":9.6,"height_label":"assumed"}},{"type":"Feature","geometry":{"type":"Polygon","coordinates":[[[78.390577,17.410934],[78.390504,17.410936],[78.390501,17.410821],[78.39049,17.410821],[78.390488,17.410761],[78.390573,17.410759],[78.390577,17.410934]]]},"properties":{"id":"79ff1c7ab085","height":null,"num_floors":null,"render_height_m":9.6,"height_label":"assumed"}},{"type":"Feature","geometry":{"type":"Polygon","coordinates":[[[78.390485,17.410828],[78.390386,17.410829],[78.390384,17.410717],[78.390484,17.410715],[78.390485,17.410828]]]},"properties":{"id":"86892c931610","height":null,"num_floors":null,"render_height_m":9.6,"height_label":"assumed"}},{"type":"Feature","geometry":{"type":"Polygon","coordinates":[[[78.390839,17.410914],[78.390729,17.41092],[78.390721,17.410794],[78.390831,17.410788],[78.390839,17.410914]]]},"properties":{"id":"703be9b16ff2","height":null,"num_floors":null,"render_height_m":9.6,"height_label":"assumed"}},{"type":"Feature","geometry":{"type":"Polygon","coordinates":[[[78.390843,17.41078],[78.390739,17.410785],[78.390732,17.410676],[78.390836,17.410671],[78.390843,17.41078]]]},"properties":{"id":"2c2a5b92fa2c","height":null,"num_floors":null,"render_height_m":9.6,"height_label":"assumed"}},{"type":"Feature","geometry":{"type":"Polygon","coordinates":[[[78.390878,17.410542],[78.390884,17.410623],[78.390756,17.410632],[78.39075,17.410551],[78.390878,17.410542]]]},"properties":{"id":"d9672817b570","height":null,"num_floors":null,"render_height_m":9.6,"height_label":"assumed"}},{"type":"Feature","geometry":{"type":"Polygon","coordinates":[[[78.39058,17.410595],[78.39067,17.410588],[78.39068,17.410721],[78.390591,17.410728],[78.39058,17.410595]]]},"properties":{"id":"e9c39aeced32","height":null,"num_floors":null,"render_height_m":9.6,"height_label":"assumed"}},{"type":"Feature","geometry":{"type":"Polygon","coordinates":[[[78.390635,17.410532],[78.390522,17.410544],[78.390514,17.410473],[78.390627,17.410461],[78.390635,17.410532]]]},"properties":{"id":"3db976292e72","height":null,"num_floors":null,"render_height_m":9.6,"height_label":"assumed"}},{"type":"Feature","geometry":{"type":"Polygon","coordinates":[[[78.390682,17.410493],[78.390638,17.410497],[78.390632,17.410439],[78.3907,17.410432],[78.39071,17.410519],[78.390686,17.410521],[78.390682,17.410493]]]},"properties":{"id":"354d6363b8a3","height":null,"num_floors":null,"render_height_m":6.4,"height_label":"assumed"}},{"type":"Feature","geometry":{"type":"Polygon","coordinates":[[[78.390786,17.410458],[78.390793,17.410515],[78.390761,17.410519],[78.390754,17.410461],[78.390786,17.410458]]]},"properties":{"id":"d84c800e6dc6","height":null,"num_floors":null,"render_height_m":6.4,"height_label":"assumed"}},{"type":"Feature","geometry":{"type":"Polygon","coordinates":[[[78.390791,17.410458],[78.390824,17.410455],[78.39083,17.410513],[78.390797,17.410517],[78.390791,17.410458]]]},"properties":{"id":"afffb5534086","height":null,"num_floors":null,"render_height_m":6.4,"height_label":"assumed"}},{"type":"Feature","geometry":{"type":"Polygon","coordinates":[[[78.390871,17.410565],[78.390913,17.410555],[78.390924,17.410599],[78.390882,17.410609],[78.390871,17.410565]]]},"properties":{"id":"b736d43d5896","height":null,"num_floors":null,"render_height_m":6.4,"height_label":"assumed"}},{"type":"Feature","geometry":{"type":"Polygon","coordinates":[[[78.391016,17.410708],[78.390845,17.410717],[78.390843,17.410676],[78.391014,17.410667],[78.391016,17.410708]]]},"properties":{"id":"8e91cb9ca937","height":null,"num_floors":null,"render_height_m":9.6,"height_label":"assumed"}},{"type":"Feature","geometry":{"type":"Polygon","coordinates":[[[78.390951,17.410615],[78.390994,17.410617],[78.390992,17.410657],[78.390949,17.410656],[78.390951,17.410615]]]},"properties":{"id":"c4b429c0522f","height":null,"num_floors":null,"render_height_m":6.4,"height_label":"assumed"}},{"type":"Feature","geometry":{"type":"Polygon","coordinates":[[[78.391251,17.410805],[78.391185,17.410834],[78.39111,17.410678],[78.391177,17.410649],[78.391251,17.410805]]]},"properties":{"id":"e9804bfe452b","height":null,"num_floors":null,"render_height_m":9.6,"height_label":"assumed"}},{"type":"Feature","geometry":{"type":"Polygon","coordinates":[[[78.391347,17.410782],[78.391264,17.410816],[78.39118,17.410632],[78.391262,17.410598],[78.391347,17.410782]]]},"properties":{"id":"1fb7db9d6feb","height":null,"num_floors":null,"render_height_m":9.6,"height_label":"assumed"}},{"type":"Feature","geometry":{"type":"Polygon","coordinates":[[[78.391117,17.410915],[78.391029,17.410919],[78.391024,17.410824],[78.391092,17.410821],[78.391094,17.410867],[78.391114,17.410865],[78.391117,17.410915]]]},"properties":{"id":"c904506f0d9a","height":null,"num_floors":null,"render_height_m":9.6,"height_label":"assumed"}},{"type":"Feature","geometry":{"type":"Polygon","coordinates":[[[78.390988,17.410773],[78.390851,17.410781],[78.390848,17.410733],[78.390985,17.410726],[78.390988,17.410773]]]},"properties":{"id":"658059137467","height":null,"num_floors":null,"render_height_m":6.4,"height_label":"assumed"}},{"type":"Feature","geometry":{"type":"Polygon","coordinates":[[[78.390908,17.410871],[78.390847,17.410874],[78.390842,17.410792],[78.390903,17.410789],[78.390908,17.410871]]]},"properties":{"id":"2707066f30a4","height":null,"num_floors":null,"render_height_m":6.4,"height_label":"assumed"}},{"type":"Feature","geometry":{"type":"Polygon","coordinates":[[[78.390986,17.410913],[78.390914,17.410915],[78.390909,17.41079],[78.390982,17.410787],[78.390986,17.410913]]]},"properties":{"id":"f7fce62534bd","height":null,"num_floors":null,"render_height_m":9.6,"height_label":"assumed"}},{"type":"Feature","geometry":{"type":"Polygon","coordinates":[[[78.39098,17.411008],[78.390988,17.411103],[78.390928,17.411107],[78.39092,17.411013],[78.39098,17.411008]]]},"properties":{"id":"f13c1a277ca2","height":null,"num_floors":null,"render_height_m":6.4,"height_label":"assumed"}},{"type":"Feature","geometry":{"type":"Polygon","coordinates":[[[78.39107,17.411225],[78.390932,17.411233],[78.390928,17.411168],[78.391066,17.411161],[78.39107,17.411225]]]},"properties":{"id":"f152c838cf65","height":null,"num_floors":null,"render_height_m":9.6,"height_label":"assumed"}},{"type":"Feature","geometry":{"type":"Polygon","coordinates":[[[78.391189,17.411222],[78.391076,17.411232],[78.391068,17.411154],[78.39112,17.41115],[78.391122,17.411168],[78.391183,17.411163],[78.391189,17.411222]]]},"properties":{"id":"9d2d126ce789","height":null,"num_floors":null,"render_height_m":9.6,"height_label":"assumed"}},{"type":"Feature","geometry":{"type":"Polygon","coordinates":[[[78.391127,17.41098],[78.391138,17.411091],[78.39111,17.411093],[78.391114,17.411139],[78.391068,17.411144],[78.391052,17.410987],[78.391127,17.41098]]]},"properties":{"id":"d8b234c206a2","height":null,"num_floors":null,"render_height_m":9.6,"height_label":"assumed"}},{"type":"Feature","geometry":{"type":"Polygon","coordinates":[[[78.391403,17.411053],[78.39131,17.411057],[78.391306,17.410993],[78.3914,17.410989],[78.391403,17.411053]]]},"properties":{"id":"3e736ea6b568","height":null,"num_floors":null,"render_height_m":6.4,"height_label":"assumed"}},{"type":"Feature","geometry":{"type":"Polygon","coordinates":[[[78.391336,17.41111],[78.391348,17.411206],[78.391307,17.41121],[78.391296,17.411114],[78.391336,17.41111]]]},"properties":{"id":"335598ce1759","height":null,"num_floors":null,"render_height_m":6.4,"height_label":"assumed"}},{"type":"Feature","geometry":{"type":"Polygon","coordinates":[[[78.39136,17.411133],[78.391419,17.411126],[78.391425,17.411167],[78.391456,17.411163],[78.391459,17.411189],[78.391394,17.411197],[78.39139,17.411171],[78.391365,17.411173],[78.39136,17.411133]]]},"properties":{"id":"6206bc88dc9f","height":null,"num_floors":null,"render_height_m":6.4,"height_label":"assumed"}},{"type":"Feature","geometry":{"type":"Polygon","coordinates":[[[78.391263,17.411208],[78.391192,17.411212],[78.391189,17.411159],[78.391259,17.411154],[78.391263,17.411208]]]},"properties":{"id":"7a2e445dedf6","height":null,"num_floors":null,"render_height_m":6.4,"height_label":"assumed"}},{"type":"Feature","geometry":{"type":"Polygon","coordinates":[[[78.391255,17.411149],[78.391127,17.411156],[78.391124,17.411108],[78.391252,17.411101],[78.391255,17.411149]]]},"properties":{"id":"f4929b31033d","height":null,"num_floors":null,"render_height_m":6.4,"height_label":"assumed"}},{"type":"Feature","geometry":{"type":"Polygon","coordinates":[[[78.39128,17.411317],[78.391176,17.411327],[78.391166,17.411233],[78.39127,17.411223],[78.39128,17.411317]]]},"properties":{"id":"9ed6f226a618","height":null,"num_floors":null,"render_height_m":9.6,"height_label":"assumed"}},{"type":"Feature","geometry":{"type":"Polygon","coordinates":[[[78.391479,17.411206],[78.391498,17.411292],[78.391383,17.411315],[78.391365,17.411229],[78.391479,17.411206]]]},"properties":{"id":"948d3fd51c1c","height":null,"num_floors":null,"render_height_m":9.6,"height_label":"assumed"}},{"type":"Feature","geometry":{"type":"Polygon","coordinates":[[[78.391322,17.411445],[78.391193,17.411476],[78.391162,17.411357],[78.391291,17.411327],[78.391322,17.411445]]]},"properties":{"id":"c399934f4f3a","height":null,"num_floors":null,"render_height_m":9.6,"height_label":"assumed"}},{"type":"Feature","geometry":{"type":"Polygon","coordinates":[[[78.391168,17.411516],[78.391086,17.411546],[78.391039,17.41143],[78.391121,17.4114],[78.391168,17.411516]]]},"properties":{"id":"f36b9ade0e78","height":null,"num_floors":null,"render_height_m":9.6,"height_label":"assumed"}},{"type":"Feature","geometry":{"type":"Polygon","coordinates":[[[78.391019,17.411245],[78.391023,17.41129],[78.390972,17.411294],[78.390968,17.411249],[78.391019,17.411245]]]},"properties":{"id":"cf6553f251b9","height":null,"num_floors":null,"render_height_m":6.4,"height_label":"assumed"}},{"type":"Feature","geometry":{"type":"Polygon","coordinates":[[[78.390911,17.411312],[78.390917,17.411342],[78.390809,17.411359],[78.390804,17.411329],[78.390911,17.411312]]]},"properties":{"id":"dde8e0f75d12","height":null,"num_floors":null,"render_height_m":6.4,"height_label":"assumed"}},{"type":"Feature","geometry":{"type":"Polygon","coordinates":[[[78.390678,17.411323],[78.390501,17.411347],[78.390489,17.411266],[78.390666,17.411242],[78.390678,17.411323]]]},"properties":{"id":"fa24755c0209","height":null,"num_floors":null,"render_height_m":9.6,"height_label":"assumed"}},{"type":"Feature","geometry":{"type":"Polygon","coordinates":[[[78.390924,17.411219],[78.390754,17.411233],[78.390746,17.41115],[78.390856,17.411141],[78.390854,17.411116],[78.390914,17.411111],[78.390924,17.411219]]]},"properties":{"id":"780f9ce6109d","height":null,"num_floors":null,"render_height_m":9.6,"height_label":"assumed"}},{"type":"Feature","geometry":{"type":"Polygon","coordinates":[[[78.390869,17.411091],[78.390725,17.4111],[78.390718,17.411003],[78.390863,17.410995],[78.390869,17.411091]]]},"properties":{"id":"0570ad8e70a3","height":null,"num_floors":null,"render_height_m":9.6,"height_label":"assumed"}},{"type":"Feature","geometry":{"type":"Polygon","coordinates":[[[78.390646,17.411127],[78.390516,17.411131],[78.390511,17.411001],[78.390641,17.410997],[78.390646,17.411127]]]},"properties":{"id":"4f3c1f19e07a","height":null,"num_floors":null,"render_height_m":9.6,"height_label":"assumed"}},{"type":"Feature","geometry":{"type":"Polygon","coordinates":[[[78.390634,17.411233],[78.390527,17.411237],[78.390524,17.411163],[78.390631,17.411159],[78.390634,17.411233]]]},"properties":{"id":"5e56fd25c047","height":null,"num_floors":null,"render_height_m":9.6,"height_label":"assumed"}},{"type":"Feature","geometry":{"type":"Polygon","coordinates":[[[78.390357,17.411037],[78.390409,17.411034],[78.390414,17.411119],[78.390362,17.411122],[78.390357,17.411037]]]},"properties":{"id":"c1d054495e6d","height":null,"num_floors":null,"render_height_m":6.4,"height_label":"assumed"}},{"type":"Feature","geometry":{"type":"Polygon","coordinates":[[[78.39049,17.411373],[78.390328,17.411379],[78.390324,17.41129],[78.390486,17.411284],[78.39049,17.411373]]]},"properties":{"id":"b426a56258f6","height":null,"num_floors":null,"render_height_m":9.6,"height_label":"assumed"}},{"type":"Feature","geometry":{"type":"Polygon","coordinates":[[[78.390475,17.411282],[78.390324,17.411285],[78.390321,17.411191],[78.390473,17.411188],[78.390475,17.411282]]]},"properties":{"id":"9f31e9eed2b9","height":null,"num_floors":null,"render_height_m":9.6,"height_label":"assumed"}},{"type":"Feature","geometry":{"type":"Polygon","coordinates":[[[78.390468,17.411462],[78.390335,17.41147],[78.39033,17.411401],[78.390463,17.411393],[78.390468,17.411462]]]},"properties":{"id":"da7b858b6a60","height":null,"num_floors":null,"render_height_m":9.6,"height_label":"assumed"}},{"type":"Feature","geometry":{"type":"Polygon","coordinates":[[[78.390281,17.41096],[78.3902,17.41096],[78.3902,17.410779],[78.390281,17.410779],[78.390281,17.41096]]]},"properties":{"id":"f8b86eec1714","height":null,"num_floors":null,"render_height_m":9.6,"height_label":"assumed"}},{"type":"Feature","geometry":{"type":"Polygon","coordinates":[[[78.390245,17.410686],[78.390179,17.410686],[78.390179,17.410603],[78.390245,17.410603],[78.390245,17.410686]]]},"properties":{"id":"43f341f986e7","height":null,"num_floors":null,"render_height_m":6.4,"height_label":"assumed"}},{"type":"Feature","geometry":{"type":"Polygon","coordinates":[[[78.390263,17.410218],[78.390187,17.41022],[78.390184,17.410093],[78.39026,17.410091],[78.390263,17.410218]]]},"properties":{"id":"06ae9a899200","height":null,"num_floors":null,"render_height_m":9.6,"height_label":"assumed"}},{"type":"Feature","geometry":{"type":"Polygon","coordinates":[[[78.395171,17.410052],[78.395188,17.410199],[78.395075,17.410211],[78.395058,17.410064],[78.395171,17.410052]]]},"properties":{"id":"6a0bc279734d","height":null,"num_floors":null,"render_height_m":9.6,"height_label":"assumed"}},{"type":"Feature","geometry":{"type":"Polygon","coordinates":[[[78.395247,17.40994],[78.395291,17.409935],[78.395318,17.410159],[78.395344,17.410156],[78.395319,17.409932],[78.395393,17.409924],[78.395394,17.409929],[78.395396,17.409929],[78.395404,17.409997],[78.395432,17.409994],[78.395452,17.41017],[78.395348,17.410181],[78.395353,17.410219],[78.395281,17.410226],[78.395279,17.41022],[78.39525,17.410223],[78.395253,17.410251],[78.395264,17.41025],[78.395264,17.410245],[78.395305,17.410245],[78.395356,17.410239],[78.395357,17.410247],[78.395365,17.410247],[78.395364,17.41029],[78.395374,17.410347],[78.395363,17.410349],[78.395363,17.410351],[78.395348,17.410351],[78.39534,17.410352],[78.395343,17.410378],[78.395328,17.410379],[78.395328,17.410384],[78.395295,17.410383],[78.395274,17.410386],[78.395273,17.410385],[78.395241,17.410389],[78.395238,17.410362],[78.395095,17.410378],[78.395079,17.410241],[78.395192,17.410229],[78.395186,17.410177],[78.395216,17.410174],[78.39519,17.409954],[78.395248,17.409948],[78.395247,17.40994]]]},"properties":{"id":"b7580ebaab0e","height":null,"num_floors":null,"render_height_m":19.2,"height_label":"assumed"}},{"type":"Feature","geometry":{"type":"Polygon","coordinates":[[[78.395741,17.410212],[78.395693,17.410213],[78.395691,17.410119],[78.395739,17.410118],[78.395741,17.410212]]]},"properties":{"id":"181f3c2e7a89","height":null,"num_floors":null,"render_height_m":6.4,"height_label":"assumed"}},{"type":"Feature","geometry":{"type":"Polygon","coordinates":[[[78.396715,17.410024],[78.396723,17.410023],[78.396726,17.410058],[78.39682,17.410052],[78.396817,17.410017],[78.396867,17.410014],[78.396871,17.410068],[78.396853,17.410069],[78.396859,17.410164],[78.396734,17.410172],[78.396731,17.410134],[78.396676,17.410137],[78.396671,17.410062],[78.396718,17.410059],[78.396715,17.410024]]]},"properties":{"id":"6967cdeb4c81","height":null,"num_floors":null,"render_height_m":9.6,"height_label":"assumed"}},{"type":"Feature","geometry":{"type":"Polygon","coordinates":[[[78.397269,17.410332],[78.397135,17.410402],[78.397063,17.410277],[78.397198,17.410207],[78.397269,17.410332]]]},"properties":{"id":"cd8977d20860","height":null,"num_floors":null,"render_height_m":12.8,"height_label":"assumed"}},{"type":"Feature","geometry":{"type":"Polygon","coordinates":[[[78.397121,17.410409],[78.396995,17.41047],[78.396951,17.410387],[78.397077,17.410326],[78.397121,17.410409]]]},"properties":{"id":"000ff81a479a","height":null,"num_floors":null,"render_height_m":9.6,"height_label":"assumed"}},{"type":"Feature","geometry":{"type":"Polygon","coordinates":[[[78.396889,17.410415],[78.396768,17.410481],[78.396715,17.410394],[78.396837,17.410328],[78.396889,17.410415]]]},"properties":{"id":"244b0cea6649","height":null,"num_floors":null,"render_height_m":9.6,"height_label":"assumed"}},{"type":"Feature","geometry":{"type":"Polygon","coordinates":[[[78.396664,17.410122],[78.396667,17.410194],[78.396709,17.410192],[78.396712,17.410242],[78.396683,17.410244],[78.396684,17.410268],[78.396536,17.410276],[78.396528,17.410129],[78.396664,17.410122]]]},"properties":{"id":"d225bd7fe101","height":null,"num_floors":null,"render_height_m":12.8,"height_label":"assumed"}},{"type":"Feature","geometry":{"type":"Polygon","coordinates":[[[78.396601,17.410382],[78.396518,17.410412],[78.396492,17.410345],[78.396575,17.410315],[78.396601,17.410382]]]},"properties":{"id":"62c0320c8d8f","height":null,"num_floors":null,"render_height_m":6.4,"height_label":"assumed"}},{"type":"Feature","geometry":{"type":"Polygon","coordinates":[[[78.3963,17.410252],[78.396338,17.410246],[78.396368,17.410415],[78.39633,17.410421],[78.3963,17.410252]]]},"properties":{"id":"6dfbd509c1fe","height":null,"num_floors":null,"render_height_m":6.4,"height_label":"assumed"}},{"type":"Feature","geometry":{"type":"Polygon","coordinates":[[[78.396335,17.409998],[78.396368,17.409997],[78.396373,17.410104],[78.39634,17.410106],[78.396335,17.409998]]]},"properties":{"id":"0e2e458bf559","height":null,"num_floors":null,"render_height_m":6.4,"height_label":"assumed"}},{"type":"Feature","geometry":{"type":"Polygon","coordinates":[[[78.396144,17.410296],[78.396205,17.410286],[78.396237,17.410469],[78.396175,17.410479],[78.396144,17.410296]]]},"properties":{"id":"cb914920e287","height":null,"num_floors":null,"render_height_m":9.6,"height_label":"assumed"}},{"type":"Feature","geometry":{"type":"Polygon","coordinates":[[[78.396146,17.410329],[78.396156,17.410389],[78.396066,17.410403],[78.396056,17.410343],[78.396146,17.410329]]]},"properties":{"id":"635de37501df","height":null,"num_floors":null,"render_height_m":6.4,"height_label":"assumed"}},{"type":"Feature","geometry":{"type":"Polygon","coordinates":[[[78.396276,17.410706],[78.396167,17.410769],[78.396112,17.410683],[78.396221,17.41062],[78.396276,17.410706]]]},"properties":{"id":"47e1bc6b98a9","height":null,"num_floors":null,"render_height_m":9.6,"height_label":"assumed"}},{"type":"Feature","geometry":{"type":"Polygon","coordinates":[[[78.396152,17.410779],[78.396066,17.410819],[78.396014,17.410718],[78.396101,17.410678],[78.396152,17.410779]]]},"properties":{"id":"9513c954b279","height":null,"num_floors":null,"render_height_m":9.6,"height_label":"assumed"}},{"type":"Feature","geometry":{"type":"Polygon","coordinates":[[[78.396214,17.410875],[78.396113,17.410923],[78.39607,17.410839],[78.396171,17.410792],[78.396214,17.410875]]]},"properties":{"id":"02e96a015166","height":null,"num_floors":null,"render_height_m":9.6,"height_label":"assumed"}},{"type":"Feature","geometry":{"type":"Polygon","coordinates":[[[78.396282,17.410994],[78.39619,17.411035],[78.39614,17.410933],[78.396233,17.410892],[78.396282,17.410994]]]},"properties":{"id":"d62541ab7bab","height":null,"num_floors":null,"render_height_m":9.6,"height_label":"assumed"}},{"type":"Feature","geometry":{"type":"Polygon","coordinates":[[[78.396413,17.410935],[78.396314,17.410992],[78.396238,17.410874],[78.396337,17.410816],[78.396413,17.410935]]]},"properties":{"id":"bbed31bdea6c","height":null,"num_floors":null,"render_height_m":9.6,"height_label":"assumed"}},{"type":"Feature","geometry":{"type":"Polygon","coordinates":[[[78.39633,17.4108],[78.396225,17.410859],[78.396175,17.410778],[78.39628,17.410719],[78.39633,17.4108]]]},"properties":{"id":"4f759ef3ebad","height":null,"num_floors":null,"render_height_m":9.6,"height_label":"assumed"}},{"type":"Feature","geometry":{"type":"Polygon","coordinates":[[[78.396551,17.410804],[78.396446,17.41086],[78.396389,17.410763],[78.396494,17.410706],[78.396551,17.410804]]]},"properties":{"id":"9da2ccee858f","height":null,"num_floors":null,"render_height_m":9.6,"height_label":"assumed"}},{"type":"Feature","geometry":{"type":"Polygon","coordinates":[[[78.396625,17.41095],[78.396531,17.410995],[78.396462,17.410865],[78.396557,17.41082],[78.396625,17.41095]]]},"properties":{"id":"5733d27c9ff7","height":null,"num_floors":null,"render_height_m":9.6,"height_label":"assumed"}},{"type":"Feature","geometry":{"type":"Polygon","coordinates":[[[78.396484,17.410697],[78.396381,17.410747],[78.396308,17.410614],[78.396411,17.410563],[78.396484,17.410697]]]},"properties":{"id":"1654b1bb22ac","height":null,"num_floors":null,"render_height_m":9.6,"height_label":"assumed"}},{"type":"Feature","geometry":{"type":"Polygon","coordinates":[[[78.396583,17.410586],[78.396474,17.410644],[78.39642,17.410551],[78.396528,17.410493],[78.396583,17.410586]]]},"properties":{"id":"32df837ef6bb","height":null,"num_floors":null,"render_height_m":9.6,"height_label":"assumed"}},{"type":"Feature","geometry":{"type":"Polygon","coordinates":[[[78.396806,17.410574],[78.396691,17.410638],[78.396569,17.410439],[78.396683,17.410375],[78.396806,17.410574]]]},"properties":{"id":"93d8efa68a2b","height":null,"num_floors":null,"render_height_m":12.8,"height_label":"assumed"}},{"type":"Feature","geometry":{"type":"Polygon","coordinates":[[[78.396956,17.410556],[78.396848,17.410612],[78.396794,17.410517],[78.396902,17.410461],[78.396956,17.410556]]]},"properties":{"id":"1551f8cdc982","height":null,"num_floors":null,"render_height_m":9.6,"height_label":"assumed"}},{"type":"Feature","geometry":{"type":"Polygon","coordinates":[[[78.39719,17.410518],[78.397076,17.410577],[78.39702,17.410479],[78.397134,17.41042],[78.39719,17.410518]]]},"properties":{"id":"8b565d13c67e","height":null,"num_floors":null,"render_height_m":9.6,"height_label":"assumed"}},{"type":"Feature","geometry":{"type":"Polygon","coordinates":[[[78.397226,17.410657],[78.397138,17.410705],[78.397077,17.410603],[78.397165,17.410555],[78.397226,17.410657]]]},"properties":{"id":"136a23206ffe","height":null,"num_floors":null,"render_height_m":9.6,"height_label":"assumed"}},{"type":"Feature","geometry":{"type":"Polygon","coordinates":[[[78.397004,17.410629],[78.396883,17.410693],[78.396844,17.410626],[78.396965,17.410562],[78.397004,17.410629]]]},"properties":{"id":"571b545e6d25","height":null,"num_floors":null,"render_height_m":9.6,"height_label":"assumed"}},{"type":"Feature","geometry":{"type":"Polygon","coordinates":[[[78.397078,17.41079],[78.396998,17.410828],[78.396962,17.410759],[78.397042,17.410721],[78.397078,17.41079]]]},"properties":{"id":"d7fa17c03f1a","height":null,"num_floors":null,"render_height_m":9.6,"height_label":"assumed"}},{"type":"Feature","geometry":{"type":"Polygon","coordinates":[[[78.396956,17.410868],[78.396857,17.410921],[78.396795,17.410815],[78.396894,17.410762],[78.396956,17.410868]]]},"properties":{"id":"8ef573453629","height":null,"num_floors":null,"render_height_m":9.6,"height_label":"assumed"}},{"type":"Feature","geometry":{"type":"Polygon","coordinates":[[[78.396885,17.410733],[78.396783,17.410787],[78.396744,17.410719],[78.396846,17.410665],[78.396885,17.410733]]]},"properties":{"id":"1d9fde806825","height":null,"num_floors":null,"render_height_m":9.6,"height_label":"assumed"}},{"type":"Feature","geometry":{"type":"Polygon","coordinates":[[[78.396702,17.410793],[78.396592,17.410848],[78.396539,17.410753],[78.396649,17.410698],[78.396702,17.410793]]]},"properties":{"id":"21da7dc72f5c","height":null,"num_floors":null,"render_height_m":9.6,"height_label":"assumed"}},{"type":"Feature","geometry":{"type":"Polygon","coordinates":[[[78.396764,17.410898],[78.396656,17.410956],[78.396603,17.410865],[78.396711,17.410808],[78.396764,17.410898]]]},"properties":{"id":"007c9c1024bd","height":null,"num_floors":null,"render_height_m":9.6,"height_label":"assumed"}},{"type":"Feature","geometry":{"type":"Polygon","coordinates":[[[78.396813,17.410982],[78.396701,17.41104],[78.39666,17.410967],[78.396772,17.410909],[78.396813,17.410982]]]},"properties":{"id":"ef29d8b061e5","height":null,"num_floors":null,"render_height_m":9.6,"height_label":"assumed"}},{"type":"Feature","geometry":{"type":"Polygon","coordinates":[[[78.396701,17.411069],[78.39659,17.41112],[78.396543,17.411024],[78.396654,17.410974],[78.396701,17.411069]]]},"properties":{"id":"c0c049037393","height":null,"num_floors":null,"render_height_m":9.6,"height_label":"assumed"}},{"type":"Feature","geometry":{"type":"Polygon","coordinates":[[[78.397045,17.411316],[78.3971,17.411269],[78.39713,17.411301],[78.397075,17.411348],[78.397045,17.411316]]]},"properties":{"id":"4c51d54490f1","height":null,"num_floors":null,"render_height_m":6.4,"height_label":"assumed"}},{"type":"Feature","geometry":{"type":"Polygon","coordinates":[[[78.396916,17.411449],[78.396932,17.411478],[78.396882,17.411503],[78.396866,17.411475],[78.396916,17.411449]]]},"properties":{"id":"87702d7c7b11","height":null,"num_floors":null,"render_height_m":6.4,"height_label":"assumed"}},{"type":"Feature","geometry":{"type":"Polygon","coordinates":[[[78.396463,17.411324],[78.396366,17.41137],[78.396293,17.411231],[78.39639,17.411185],[78.396463,17.411324]]]},"properties":{"id":"41c101528c3d","height":null,"num_floors":null,"render_height_m":9.6,"height_label":"assumed"}},{"type":"Feature","geometry":{"type":"Polygon","coordinates":[[[78.396546,17.411187],[78.396574,17.411238],[78.396487,17.411282],[78.396458,17.411231],[78.396546,17.411187]]]},"properties":{"id":"939833263457","height":null,"num_floors":null,"render_height_m":6.4,"height_label":"assumed"}},{"type":"Feature","geometry":{"type":"Polygon","coordinates":[[[78.396529,17.411167],[78.39643,17.411215],[78.396378,17.411117],[78.396478,17.411069],[78.396529,17.411167]]]},"properties":{"id":"1907acee19c4","height":null,"num_floors":null,"render_height_m":9.6,"height_label":"assumed"}},{"type":"Feature","geometry":{"type":"Polygon","coordinates":[[[78.396377,17.411172],[78.396296,17.411215],[78.396223,17.411088],[78.396304,17.411046],[78.396377,17.411172]]]},"properties":{"id":"cfd8d8df752f","height":null,"num_floors":null,"render_height_m":9.6,"height_label":"assumed"}},{"type":"Feature","geometry":{"type":"Polygon","coordinates":[[[78.396147,17.411153],[78.396054,17.411202],[78.395994,17.411099],[78.396087,17.41105],[78.396147,17.411153]]]},"properties":{"id":"7daa8b7be119","height":null,"num_floors":null,"render_height_m":9.6,"height_label":"assumed"}},{"type":"Feature","geometry":{"type":"Polygon","coordinates":[[[78.396237,17.411302],[78.396143,17.411356],[78.396073,17.411245],[78.396167,17.411191],[78.396237,17.411302]]]},"properties":{"id":"8d36a65e0d7a","height":null,"num_floors":null,"render_height_m":9.6,"height_label":"assumed"}},{"type":"Feature","geometry":{"type":"Polygon","coordinates":[[[78.396318,17.411446],[78.396222,17.411499],[78.396152,17.411382],[78.396247,17.411329],[78.396318,17.411446]]]},"properties":{"id":"fbbfa7adfaa7","height":null,"num_floors":null,"render_height_m":9.6,"height_label":"assumed"}},{"type":"Feature","geometry":{"type":"Polygon","coordinates":[[[78.396226,17.411518],[78.396102,17.411587],[78.396023,17.411458],[78.396147,17.411389],[78.396226,17.411518]]]},"properties":{"id":"d9ac0646f3ff","height":null,"num_floors":null,"render_height_m":12.8,"height_label":"assumed"}},{"type":"Feature","geometry":{"type":"Polygon","coordinates":[[[78.396097,17.411301],[78.395992,17.411359],[78.395953,17.411295],[78.396058,17.411237],[78.396097,17.411301]]]},"properties":{"id":"93999d409071","height":null,"num_floors":null,"render_height_m":9.6,"height_label":"assumed"}},{"type":"Feature","geometry":{"type":"Polygon","coordinates":[[[78.395963,17.411484],[78.395864,17.411526],[78.395792,17.411374],[78.395892,17.411331],[78.395963,17.411484]]]},"properties":{"id":"6140de6a30b9","height":null,"num_floors":null,"render_height_m":9.6,"height_label":"assumed"}},{"type":"Feature","geometry":{"type":"Polygon","coordinates":[[[78.395832,17.41153],[78.39575,17.411567],[78.395676,17.411418],[78.395758,17.411381],[78.395832,17.41153]]]},"properties":{"id":"e968398f40d8","height":null,"num_floors":null,"render_height_m":9.6,"height_label":"assumed"}},{"type":"Feature","geometry":{"type":"Polygon","coordinates":[[[78.395689,17.411485],[78.395598,17.411517],[78.395563,17.411428],[78.395654,17.411396],[78.395689,17.411485]]]},"properties":{"id":"d19cfa21ccae","height":null,"num_floors":null,"render_height_m":9.6,"height_label":"assumed"}},{"type":"Feature","geometry":{"type":"Polygon","coordinates":[[[78.395542,17.411517],[78.395435,17.411538],[78.395416,17.411446],[78.395522,17.411426],[78.395542,17.411517]]]},"properties":{"id":"b54547fcfb81","height":null,"num_floors":null,"render_height_m":9.6,"height_label":"assumed"}},{"type":"Feature","geometry":{"type":"Polygon","coordinates":[[[78.395511,17.411333],[78.395433,17.411343],[78.395422,17.41126],[78.3955,17.41125],[78.395511,17.411333]]]},"properties":{"id":"5fbe0c39e6b0","height":null,"num_floors":null,"render_height_m":6.4,"height_label":"assumed"}},{"type":"Feature","geometry":{"type":"Polygon","coordinates":[[[78.395641,17.411319],[78.395525,17.411336],[78.395507,17.411216],[78.395623,17.411199],[78.395641,17.411319]]]},"properties":{"id":"80f3bd3cbd7b","height":null,"num_floors":null,"render_height_m":9.6,"height_label":"assumed"}},{"type":"Feature","geometry":{"type":"Polygon","coordinates":[[[78.395753,17.411296],[78.395653,17.411312],[78.395636,17.411209],[78.395736,17.411194],[78.395753,17.411296]]]},"properties":{"id":"4bda1db72c70","height":null,"num_floors":null,"render_height_m":9.6,"height_label":"assumed"}},{"type":"Feature","geometry":{"type":"Polygon","coordinates":[[[78.395735,17.411184],[78.395634,17.411196],[78.39562,17.411083],[78.395721,17.411071],[78.395735,17.411184]]]},"properties":{"id":"9d8ec1cf4e3b","height":null,"num_floors":null,"render_height_m":9.6,"height_label":"assumed"}},{"type":"Feature","geometry":{"type":"Polygon","coordinates":[[[78.395614,17.411192],[78.395505,17.411204],[78.395491,17.411093],[78.3956,17.41108],[78.395614,17.411192]]]},"properties":{"id":"f9431c7e64aa","height":null,"num_floors":null,"render_height_m":9.6,"height_label":"assumed"}},{"type":"Feature","geometry":{"type":"Polygon","coordinates":[[[78.395523,17.411019],[78.395436,17.41103],[78.395421,17.410925],[78.395508,17.410913],[78.395523,17.411019]]]},"properties":{"id":"a4e4525601de","height":null,"num_floors":null,"render_height_m":9.6,"height_label":"assumed"}},{"type":"Feature","geometry":{"type":"Polygon","coordinates":[[[78.395949,17.411053],[78.39586,17.411103],[78.395822,17.41104],[78.39591,17.410991],[78.395949,17.411053]]]},"properties":{"id":"264a5077d98e","height":null,"num_floors":null,"render_height_m":9.6,"height_label":"assumed"}},{"type":"Feature","geometry":{"type":"Polygon","coordinates":[[[78.395978,17.411112],[78.395889,17.411158],[78.395863,17.411113],[78.395952,17.411067],[78.395978,17.411112]]]},"properties":{"id":"f184eb8b43ec","height":null,"num_floors":null,"render_height_m":6.4,"height_label":"assumed"}},{"type":"Feature","geometry":{"type":"Polygon","coordinates":[[[78.396051,17.411231],[78.395958,17.411279],[78.395896,17.411168],[78.395989,17.411121],[78.396051,17.411231]]]},"properties":{"id":"f796420c8dad","height":null,"num_floors":null,"render_height_m":9.6,"height_label":"assumed"}},{"type":"Feature","geometry":{"type":"Polygon","coordinates":[[[78.396079,17.411037],[78.39598,17.411084],[78.395963,17.41105],[78.396062,17.411004],[78.396079,17.411037]]]},"properties":{"id":"b1ca5aa46ec9","height":null,"num_floors":null,"render_height_m":6.4,"height_label":"assumed"}},{"type":"Feature","geometry":{"type":"Polygon","coordinates":[[[78.396061,17.41098],[78.395959,17.411043],[78.395919,17.410983],[78.396021,17.410921],[78.396061,17.41098]]]},"properties":{"id":"d728e21404d8","height":null,"num_floors":null,"render_height_m":9.6,"height_label":"assumed"}},{"type":"Feature","geometry":{"type":"Polygon","coordinates":[[[78.396013,17.410913],[78.395918,17.410969],[78.395845,17.410855],[78.39594,17.4108],[78.396013,17.410913]]]},"properties":{"id":"df4c82b1a9fd","height":null,"num_floors":null,"render_height_m":9.6,"height_label":"assumed"}},{"type":"Feature","geometry":{"type":"Polygon","coordinates":[[[78.395906,17.410981],[78.395807,17.411027],[78.395741,17.410899],[78.39584,17.410853],[78.395906,17.410981]]]},"properties":{"id":"7f52e9c00b95","height":null,"num_floors":null,"render_height_m":9.6,"height_label":"assumed"}},{"type":"Feature","geometry":{"type":"Polygon","coordinates":[[[78.395809,17.410833],[78.395721,17.410883],[78.395692,17.410836],[78.39578,17.410786],[78.395809,17.410833]]]},"properties":{"id":"9bc62af1ff78","height":null,"num_floors":null,"render_height_m":6.4,"height_label":"assumed"}},{"type":"Feature","geometry":{"type":"Polygon","coordinates":[[[78.395945,17.410784],[78.395831,17.410844],[78.395778,17.410751],[78.395893,17.410692],[78.395945,17.410784]]]},"properties":{"id":"5b0b325a60b9","height":null,"num_floors":null,"render_height_m":9.6,"height_label":"assumed"}},{"type":"Feature","geometry":{"type":"Polygon","coordinates":[[[78.396057,17.410346],[78.396094,17.410562],[78.396007,17.410575],[78.396004,17.410553],[78.395941,17.410562],[78.395909,17.410369],[78.396057,17.410346]]]},"properties":{"id":"680d37994719","height":null,"num_floors":null,"render_height_m":12.8,"height_label":"assumed"}},{"type":"Feature","geometry":{"type":"Polygon","coordinates":[[[78.395897,17.410374],[78.395932,17.410562],[78.395786,17.410587],[78.395751,17.410399],[78.395897,17.410374]]]},"properties":{"id":"ace2cab2ec01","height":null,"num_floors":null,"render_height_m":12.8,"height_label":"assumed"}},{"type":"Feature","geometry":{"type":"Polygon","coordinates":[[[78.395751,17.410393],[78.395784,17.410587],[78.395756,17.410591],[78.395759,17.410614],[78.395702,17.410622],[78.395699,17.4106],[78.395639,17.410609],[78.395606,17.410415],[78.395751,17.410393]]]},"properties":{"id":"2d4c697097f8","height":null,"num_floors":null,"render_height_m":12.8,"height_label":"assumed"}},{"type":"Feature","geometry":{"type":"Polygon","coordinates":[[[78.3956,17.410512],[78.395547,17.41051],[78.395549,17.410456],[78.395603,17.410458],[78.3956,17.410512]]]},"properties":{"id":"391908002c95","height":null,"num_floors":null,"render_height_m":6.4,"height_label":"assumed"}},{"type":"Feature","geometry":{"type":"Polygon","coordinates":[[[78.395754,17.410756],[78.39568,17.410797],[78.39565,17.410747],[78.395723,17.410706],[78.395754,17.410756]]]},"properties":{"id":"4290b6b4f367","height":null,"num_floors":null,"render_height_m":6.4,"height_label":"assumed"}},{"type":"Feature","geometry":{"type":"Polygon","coordinates":[[[78.395661,17.410981],[78.395542,17.411001],[78.395523,17.410892],[78.395641,17.410873],[78.395661,17.410981]]]},"properties":{"id":"bad32b084869","height":null,"num_floors":null,"render_height_m":9.6,"height_label":"assumed"}},{"type":"Feature","geometry":{"type":"Polygon","coordinates":[[[78.395425,17.410889],[78.395354,17.410899],[78.395336,17.410783],[78.395407,17.410773],[78.395425,17.410889]]]},"properties":{"id":"4d4b12adebc2","height":null,"num_floors":null,"render_height_m":9.6,"height_label":"assumed"}},{"type":"Feature","geometry":{"type":"Polygon","coordinates":[[[78.395332,17.410866],[78.395256,17.410876],[78.395245,17.410804],[78.395322,17.410794],[78.395332,17.410866]]]},"properties":{"id":"d5b4d925a64c","height":null,"num_floors":null,"render_height_m":6.4,"height_label":"assumed"}},{"type":"Feature","geometry":{"type":"Polygon","coordinates":[[[78.395294,17.410504],[78.39533,17.410498],[78.395365,17.410685],[78.395329,17.410691],[78.395294,17.410504]]]},"properties":{"id":"a08b09a235da","height":null,"num_floors":null,"render_height_m":9.6,"height_label":"assumed"}},{"type":"Feature","geometry":{"type":"Polygon","coordinates":[[[78.395552,17.41057],[78.395568,17.410662],[78.395367,17.410694],[78.395345,17.410563],[78.395516,17.410535],[78.395522,17.410574],[78.395552,17.41057]]]},"properties":{"id":"095b75e0167f","height":null,"num_floors":null,"render_height_m":12.8,"height_label":"assumed"}},{"type":"Feature","geometry":{"type":"Polygon","coordinates":[[[78.395302,17.410412],[78.395308,17.410453],[78.395186,17.41047],[78.395179,17.410429],[78.395302,17.410412]]]},"properties":{"id":"ff6b02c3fcae","height":null,"num_floors":null,"render_height_m":6.4,"height_label":"assumed"}},{"type":"Feature","geometry":{"type":"Polygon","coordinates":[[[78.395142,17.410571],[78.395139,17.410502],[78.395278,17.410496],[78.395284,17.410611],[78.395202,17.410615],[78.3952,17.410569],[78.395142,17.410571]]]},"properties":{"id":"39d7e9dbcbcb","height":null,"num_floors":null,"render_height_m":9.6,"height_label":"assumed"}},{"type":"Feature","geometry":{"type":"Polygon","coordinates":[[[78.394991,17.410634],[78.395076,17.410639],[78.395072,17.410698],[78.394987,17.410694],[78.394991,17.410634]]]},"properties":{"id":"f01bcb522083","height":null,"num_floors":null,"render_height_m":6.4,"height_label":"assumed"}},{"type":"Feature","geometry":{"type":"Polygon","coordinates":[[[78.395019,17.410482],[78.395078,17.410487],[78.395073,17.410551],[78.395014,17.410547],[78.395019,17.410482]]]},"properties":{"id":"be5191afe05e","height":null,"num_floors":null,"render_height_m":6.4,"height_label":"assumed"}},{"type":"Feature","geometry":{"type":"Polygon","coordinates":[[[78.395096,17.410951],[78.394993,17.410964],[78.394976,17.410842],[78.395079,17.410829],[78.395096,17.410951]]]},"properties":{"id":"0886fd3afb9a","height":null,"num_floors":null,"render_height_m":9.6,"height_label":"assumed"}},{"type":"Feature","geometry":{"type":"Polygon","coordinates":[[[78.395154,17.411274],[78.395013,17.411295],[78.394992,17.411172],[78.395133,17.41115],[78.395154,17.411274]]]},"properties":{"id":"c2a69d7bc227","height":null,"num_floors":null,"render_height_m":9.6,"height_label":"assumed"}},{"type":"Feature","geometry":{"type":"Polygon","coordinates":[[[78.395202,17.411065],[78.395121,17.41108],[78.395097,17.410967],[78.395178,17.410952],[78.395202,17.411065]]]},"properties":{"id":"7947b317020f","height":null,"num_floors":null,"render_height_m":9.6,"height_label":"assumed"}},{"type":"Feature","geometry":{"type":"Polygon","coordinates":[[[78.395422,17.411005],[78.395208,17.411035],[78.395194,17.410942],[78.395408,17.410911],[78.395422,17.411005]]]},"properties":{"id":"627103195dab","height":null,"num_floors":null,"render_height_m":9.6,"height_label":"assumed"}},{"type":"Feature","geometry":{"type":"Polygon","coordinates":[[[78.395479,17.411202],[78.395327,17.411223],[78.39531,17.411115],[78.395463,17.411094],[78.395479,17.411202]]]},"properties":{"id":"90dee60164f7","height":null,"num_floors":null,"render_height_m":9.6,"height_label":"assumed"}},{"type":"Feature","geometry":{"type":"Polygon","coordinates":[[[78.395305,17.411241],[78.395164,17.411262],[78.395147,17.411164],[78.395288,17.411142],[78.395305,17.411241]]]},"properties":{"id":"07ccf2ce864d","height":null,"num_floors":null,"render_height_m":9.6,"height_label":"assumed"}},{"type":"Feature","geometry":{"type":"Polygon","coordinates":[[[78.395427,17.41136],[78.395343,17.411365],[78.395336,17.411266],[78.39542,17.41126],[78.395427,17.41136]]]},"properties":{"id":"49f31c6e5cd4","height":null,"num_floors":null,"render_height_m":9.6,"height_label":"assumed"}},{"type":"Feature","geometry":{"type":"Polygon","coordinates":[[[78.395417,17.411543],[78.395321,17.411558],[78.395301,17.411441],[78.395397,17.411426],[78.395417,17.411543]]]},"properties":{"id":"217b849c94b5","height":null,"num_floors":null,"render_height_m":9.6,"height_label":"assumed"}},{"type":"Feature","geometry":{"type":"Polygon","coordinates":[[[78.395259,17.411362],[78.395029,17.41139],[78.395017,17.411302],[78.395247,17.411273],[78.395259,17.411362]]]},"properties":{"id":"199bc0ed487a","height":null,"num_floors":null,"render_height_m":9.6,"height_label":"assumed"}},{"type":"Feature","geometry":{"type":"Polygon","coordinates":[[[78.393947,17.410668],[78.393881,17.410681],[78.393862,17.410588],[78.393928,17.410575],[78.393947,17.410668]]]},"properties":{"id":"1c0b2d271ece","height":null,"num_floors":null,"render_height_m":6.4,"height_label":"assumed"}},{"type":"Feature","geometry":{"type":"Polygon","coordinates":[[[78.393947,17.410445],[78.393979,17.410441],[78.393985,17.410495],[78.393953,17.410499],[78.393947,17.410445]]]},"properties":{"id":"3662cc72319a","height":null,"num_floors":null,"render_height_m":6.4,"height_label":"assumed"}},{"type":"Feature","geometry":{"type":"Polygon","coordinates":[[[78.394224,17.410639],[78.394038,17.410674],[78.394022,17.410594],[78.394207,17.410559],[78.394224,17.410639]]]},"properties":{"id":"fbefc0b4c6d8","height":null,"num_floors":null,"render_height_m":9.6,"height_label":"assumed"}},{"type":"Feature","geometry":{"type":"Polygon","coordinates":[[[78.394605,17.410498],[78.394634,17.410608],[78.394565,17.410625],[78.394536,17.410515],[78.394605,17.410498]]]},"properties":{"id":"cbf522ba406e","height":null,"num_floors":null,"render_height_m":9.6,"height_label":"assumed"}},{"type":"Feature","geometry":{"type":"Polygon","coordinates":[[[78.394566,17.410672],[78.394367,17.410715],[78.394307,17.410469],[78.394503,17.410431],[78.394566,17.410672]]]},"properties":{"id":"ac74d1fdbaca","height":null,"num_floors":null,"render_height_m":12.8,"height_label":"assumed"}},{"type":"Feature","geometry":{"type":"Polygon","coordinates":[[[78.394733,17.41084],[78.394763,17.410844],[78.394758,17.410875],[78.394728,17.41087],[78.394733,17.41084]]]},"properties":{"id":"6b62540c28a4","height":null,"num_floors":null,"render_height_m":6.4,"height_label":"assumed"}},{"type":"Feature","geometry":{"type":"Polygon","coordinates":[[[78.394753,17.410205],[78.394774,17.410298],[78.394732,17.410307],[78.394711,17.410213],[78.394753,17.410205]]]},"properties":{"id":"05c09aee8892","height":null,"num_floors":null,"render_height_m":6.4,"height_label":"assumed"}},{"type":"Feature","geometry":{"type":"Polygon","coordinates":[[[78.394713,17.410302],[78.394486,17.410345],[78.394436,17.410107],[78.394663,17.410064],[78.394713,17.410302]]]},"properties":{"id":"49e99911764b","height":null,"num_floors":null,"render_height_m":12.8,"height_label":"assumed"}},{"type":"Feature","geometry":{"type":"Polygon","coordinates":[[[78.394223,17.410163],[78.394231,17.410197],[78.394001,17.410251],[78.393992,17.410217],[78.394223,17.410163]]]},"properties":{"id":"ba7cb44c36b8","height":null,"num_floors":null,"render_height_m":9.6,"height_label":"assumed"}},{"type":"Feature","geometry":{"type":"Polygon","coordinates":[[[78.394002,17.410378],[78.393995,17.410314],[78.394082,17.410305],[78.39409,17.410368],[78.394002,17.410378]]]},"properties":{"id":"8a188e7429d0","height":null,"num_floors":null,"render_height_m":6.4,"height_label":"assumed"}},{"type":"Feature","geometry":{"type":"Polygon","coordinates":[[[78.393601,17.41049],[78.393567,17.410324],[78.39394,17.410253],[78.393974,17.410419],[78.393895,17.410434],[78.393874,17.410335],[78.393657,17.410376],[78.393678,17.410475],[78.393601,17.41049]]]},"properties":{"id":"c40dfde1795e","height":null,"num_floors":null,"render_height_m":12.8,"height_label":"assumed"}},{"type":"Feature","geometry":{"type":"Polygon","coordinates":[[[78.393653,17.410245],[78.393473,17.410246],[78.393472,17.410152],[78.393652,17.41015],[78.393653,17.410245]]]},"properties":{"id":"d3f02eb3581c","height":null,"num_floors":null,"render_height_m":9.6,"height_label":"assumed"}},{"type":"Feature","geometry":{"type":"Polygon","coordinates":[[[78.393298,17.410259],[78.393157,17.41026],[78.393156,17.410148],[78.393297,17.410147],[78.393298,17.410259]]]},"properties":{"id":"50b257b66bc4","height":null,"num_floors":null,"render_height_m":9.6,"height_label":"assumed"}},{"type":"Feature","geometry":{"type":"Polygon","coordinates":[[[78.392747,17.410115],[78.392596,17.410116],[78.392595,17.410001],[78.392746,17.41],[78.392747,17.410115]]]},"properties":{"id":"3e72f7bbb56f","height":null,"num_floors":null,"render_height_m":9.6,"height_label":"assumed"}},{"type":"Feature","geometry":{"type":"Polygon","coordinates":[[[78.393096,17.410106],[78.392923,17.410107],[78.392922,17.410001],[78.393095,17.409999],[78.393096,17.410106]]]},"properties":{"id":"79773e1ffbbc","height":null,"num_floors":null,"render_height_m":9.6,"height_label":"assumed"}},{"type":"Feature","geometry":{"type":"Polygon","coordinates":[[[78.393107,17.410256],[78.392926,17.410258],[78.392925,17.410159],[78.393106,17.410158],[78.393107,17.410256]]]},"properties":{"id":"644c8b9d38ef","height":null,"num_floors":null,"render_height_m":9.6,"height_label":"assumed"}},{"type":"Feature","geometry":{"type":"Polygon","coordinates":[[[78.392753,17.410293],[78.392588,17.410294],[78.392587,17.410167],[78.392752,17.410165],[78.392753,17.410293]]]},"properties":{"id":"c74af7cf871d","height":null,"num_floors":null,"render_height_m":9.6,"height_label":"assumed"}},{"type":"Feature","geometry":{"type":"Polygon","coordinates":[[[78.392812,17.410668],[78.392741,17.41067],[78.392737,17.410522],[78.392808,17.41052],[78.392812,17.410668]]]},"properties":{"id":"eb0150fbd1bd","height":null,"num_floors":null,"render_height_m":9.6,"height_label":"assumed"}},{"type":"Feature","geometry":{"type":"Polygon","coordinates":[[[78.392888,17.410668],[78.392817,17.41067],[78.392813,17.410517],[78.392884,17.410515],[78.392888,17.410668]]]},"properties":{"id":"297300b40b5d","height":null,"num_floors":null,"render_height_m":9.6,"height_label":"assumed"}},{"type":"Feature","geometry":{"type":"Polygon","coordinates":[[[78.392738,17.41068],[78.392665,17.410681],[78.392661,17.410532],[78.392734,17.410531],[78.392738,17.41068]]]},"properties":{"id":"54d21e9a9930","height":null,"num_floors":null,"render_height_m":9.6,"height_label":"assumed"}},{"type":"Feature","geometry":{"type":"Polygon","coordinates":[[[78.392652,17.410671],[78.392581,17.410673],[78.392577,17.410537],[78.392649,17.410535],[78.392652,17.410671]]]},"properties":{"id":"cb17023c309a","height":null,"num_floors":null,"render_height_m":9.6,"height_label":"assumed"}},{"type":"Feature","geometry":{"type":"Polygon","coordinates":[[[78.393146,17.410669],[78.393065,17.410671],[78.393061,17.410517],[78.393142,17.410515],[78.393146,17.410669]]]},"properties":{"id":"8cc6b3422f85","height":null,"num_floors":null,"render_height_m":9.6,"height_label":"assumed"}},{"type":"Feature","geometry":{"type":"Polygon","coordinates":[[[78.393061,17.410663],[78.392989,17.410664],[78.392985,17.410519],[78.393057,17.410517],[78.393061,17.410663]]]},"properties":{"id":"92f4a158970f","height":null,"num_floors":null,"render_height_m":9.6,"height_label":"assumed"}},{"type":"Feature","geometry":{"type":"Polygon","coordinates":[[[78.392973,17.41067],[78.392899,17.410672],[78.392894,17.410518],[78.392969,17.410516],[78.392973,17.41067]]]},"properties":{"id":"a9a3a5e54b62","height":null,"num_floors":null,"render_height_m":9.6,"height_label":"assumed"}},{"type":"Feature","geometry":{"type":"Polygon","coordinates":[[[78.392663,17.411383],[78.392551,17.411419],[78.392517,17.411322],[78.392629,17.411286],[78.392663,17.411383]]]},"properties":{"id":"54f801fec610","height":null,"num_floors":null,"render_height_m":9.6,"height_label":"assumed"}},{"type":"Feature","geometry":{"type":"Polygon","coordinates":[[[78.392707,17.411505],[78.392578,17.411546],[78.392543,17.411446],[78.392671,17.411405],[78.392707,17.411505]]]},"properties":{"id":"d5ec5dfc04f3","height":null,"num_floors":null,"render_height_m":9.6,"height_label":"assumed"}},{"type":"Feature","geometry":{"type":"Polygon","coordinates":[[[78.39273,17.411618],[78.39261,17.411656],[78.392575,17.411558],[78.392695,17.41152],[78.39273,17.411618]]]},"properties":{"id":"a73abd322209","height":null,"num_floors":null,"render_height_m":9.6,"height_label":"assumed"}},{"type":"Feature","geometry":{"type":"Polygon","coordinates":[[[78.393293,17.412118],[78.393199,17.412185],[78.393147,17.412119],[78.393132,17.412129],[78.393012,17.411978],[78.393,17.411986],[78.392948,17.411921],[78.392974,17.411902],[78.392945,17.411865],[78.393095,17.411757],[78.39332,17.412041],[78.393265,17.412081],[78.393293,17.412118]]]},"properties":{"id":"787fb530f7e1","height":null,"num_floors":null,"render_height_m":19.2,"height_label":"assumed"}},{"type":"Feature","geometry":{"type":"Polygon","coordinates":[[[78.392951,17.411912],[78.392851,17.411989],[78.392805,17.411934],[78.392906,17.411858],[78.392951,17.411912]]]},"properties":{"id":"3af97c461a4c","height":null,"num_floors":null,"render_height_m":9.6,"height_label":"assumed"}},{"type":"Feature","geometry":{"type":"Polygon","coordinates":[[[78.39283,17.41197],[78.392848,17.412024],[78.392768,17.412049],[78.39275,17.411995],[78.39283,17.41197]]]},"properties":{"id":"f67dca6d3305","height":null,"num_floors":null,"render_height_m":6.4,"height_label":"assumed"}},{"type":"Feature","geometry":{"type":"Polygon","coordinates":[[[78.392644,17.411894],[78.392683,17.411889],[78.392692,17.411962],[78.392654,17.411967],[78.392644,17.411894]]]},"properties":{"id":"f6629119a2e8","height":null,"num_floors":null,"render_height_m":6.4,"height_label":"assumed"}},{"type":"Feature","geometry":{"type":"Polygon","coordinates":[[[78.392681,17.412367],[78.392561,17.412403],[78.39254,17.412339],[78.39266,17.412303],[78.392681,17.412367]]]},"properties":{"id":"5679aa5381ee","height":null,"num_floors":null,"render_height_m":9.6,"height_label":"assumed"}},{"type":"Feature","geometry":{"type":"Polygon","coordinates":[[[78.392684,17.412569],[78.392605,17.41259],[78.392587,17.412529],[78.392665,17.412507],[78.392684,17.412569]]]},"properties":{"id":"188538cb4650","height":null,"num_floors":null,"render_height_m":6.4,"height_label":"assumed"}},{"type":"Feature","geometry":{"type":"Polygon","coordinates":[[[78.392773,17.412561],[78.392702,17.41258],[78.392671,17.412473],[78.392741,17.412454],[78.392773,17.412561]]]},"properties":{"id":"9eef0de36834","height":null,"num_floors":null,"render_height_m":9.6,"height_label":"assumed"}},{"type":"Feature","geometry":{"type":"Polygon","coordinates":[[[78.392858,17.412552],[78.392788,17.412571],[78.392743,17.412417],[78.392813,17.412398],[78.392858,17.412552]]]},"properties":{"id":"6039c451432a","height":null,"num_floors":null,"render_height_m":9.6,"height_label":"assumed"}},{"type":"Feature","geometry":{"type":"Polygon","coordinates":[[[78.392942,17.412529],[78.392869,17.412548],[78.392845,17.412469],[78.392918,17.41245],[78.392942,17.412529]]]},"properties":{"id":"0de4237ffbde","height":null,"num_floors":null,"render_height_m":6.4,"height_label":"assumed"}},{"type":"Feature","geometry":{"type":"Polygon","coordinates":[[[78.393319,17.41222],[78.393363,17.412209],[78.393383,17.412287],[78.393339,17.412297],[78.393319,17.41222]]]},"properties":{"id":"25b2f94e34fb","height":null,"num_floors":null,"render_height_m":6.4,"height_label":"assumed"}},{"type":"Feature","geometry":{"type":"Polygon","coordinates":[[[78.393289,17.412174],[78.393327,17.412289],[78.393228,17.412318],[78.39319,17.412203],[78.393289,17.412174]]]},"properties":{"id":"a4a41a69f183","height":null,"num_floors":null,"render_height_m":9.6,"height_label":"assumed"}},{"type":"Feature","geometry":{"type":"Polygon","coordinates":[[[78.393351,17.412606],[78.393292,17.41262],[78.393222,17.412357],[78.39328,17.412343],[78.393351,17.412606]]]},"properties":{"id":"cc613e425fbe","height":null,"num_floors":null,"render_height_m":9.6,"height_label":"assumed"}},{"type":"Feature","geometry":{"type":"Polygon","coordinates":[[[78.393549,17.412337],[78.393579,17.412333],[78.393591,17.412414],[78.393561,17.412419],[78.393549,17.412337]]]},"properties":{"id":"a320b2bc91ae","height":null,"num_floors":null,"render_height_m":6.4,"height_label":"assumed"}},{"type":"Feature","geometry":{"type":"Polygon","coordinates":[[[78.393595,17.412409],[78.39363,17.412406],[78.393633,17.412436],[78.393598,17.41244],[78.393595,17.412409]]]},"properties":{"id":"ea8cba8020fd","height":null,"num_floors":null,"render_height_m":6.4,"height_label":"assumed"}},{"type":"Feature","geometry":{"type":"Polygon","coordinates":[[[78.393682,17.412167],[78.393703,17.412271],[78.393633,17.412284],[78.393612,17.41218],[78.393682,17.412167]]]},"properties":{"id":"69a8ef12dc8e","height":null,"num_floors":null,"render_height_m":9.6,"height_label":"assumed"}},{"type":"Feature","geometry":{"type":"Polygon","coordinates":[[[78.393612,17.412137],[78.393647,17.412306],[78.393579,17.412319],[78.393545,17.41215],[78.393612,17.412137]]]},"properties":{"id":"9e53870dc19b","height":null,"num_floors":null,"render_height_m":9.6,"height_label":"assumed"}},{"type":"Feature","geometry":{"type":"Polygon","coordinates":[[[78.393236,17.411773],[78.393183,17.411812],[78.39311,17.411719],[78.393163,17.411681],[78.393236,17.411773]]]},"properties":{"id":"0a7f98113682","height":null,"num_floors":null,"render_height_m":9.6,"height_label":"assumed"}},{"type":"Feature","geometry":{"type":"Polygon","coordinates":[[[78.394026,17.411893],[78.394079,17.411887],[78.394087,17.411953],[78.394034,17.411959],[78.394026,17.411893]]]},"properties":{"id":"7905c47af20f","height":null,"num_floors":null,"render_height_m":6.4,"height_label":"assumed"}},{"type":"Feature","geometry":{"type":"Polygon","coordinates":[[[78.394715,17.411844],[78.394751,17.411844],[78.39475,17.411927],[78.394714,17.411926],[78.394715,17.411844]]]},"properties":{"id":"c098ee475e94","height":null,"num_floors":null,"render_height_m":6.4,"height_label":"assumed"}},{"type":"Feature","geometry":{"type":"Polygon","coordinates":[[[78.394296,17.411929],[78.39436,17.411918],[78.394408,17.412159],[78.394344,17.41217],[78.394296,17.411929]]]},"properties":{"id":"9e5d2be04aaf","height":null,"num_floors":null,"render_height_m":9.6,"height_label":"assumed"}},{"type":"Feature","geometry":{"type":"Polygon","coordinates":[[[78.39436,17.412315],[78.3943,17.412326],[78.394272,17.412184],[78.394332,17.412173],[78.39436,17.412315]]]},"properties":{"id":"7cf58bf786c0","height":null,"num_floors":null,"render_height_m":9.6,"height_label":"assumed"}},{"type":"Feature","geometry":{"type":"Polygon","coordinates":[[[78.394537,17.41192],[78.394571,17.412194],[78.394499,17.412202],[78.394472,17.411978],[78.394505,17.411975],[78.394499,17.411924],[78.394537,17.41192]]]},"properties":{"id":"972b146a2d76","height":null,"num_floors":null,"render_height_m":9.6,"height_label":"assumed"}},{"type":"Feature","geometry":{"type":"Polygon","coordinates":[[[78.394765,17.41236],[78.394693,17.412359],[78.394693,17.41225],[78.394689,17.41225],[78.39469,17.412078],[78.394767,17.412078],[78.394765,17.41236]]]},"properties":{"id":"dedd90fda980","height":null,"num_floors":null,"render_height_m":9.6,"height_label":"assumed"}},{"type":"Feature","geometry":{"type":"Polygon","coordinates":[[[78.394627,17.4122],[78.394658,17.412201],[78.394656,17.412249],[78.394625,17.412247],[78.394627,17.4122]]]},"properties":{"id":"f9d0b5f43e50","height":null,"num_floors":null,"render_height_m":6.4,"height_label":"assumed"}},{"type":"Feature","geometry":{"type":"Polygon","coordinates":[[[78.394579,17.412261],[78.394638,17.412255],[78.394648,17.412333],[78.394588,17.412339],[78.394579,17.412261]]]},"properties":{"id":"387e3627eb6d","height":null,"num_floors":null,"render_height_m":6.4,"height_label":"assumed"}},{"type":"Feature","geometry":{"type":"Polygon","coordinates":[[[78.394771,17.412441],[78.394745,17.412438],[78.394751,17.412393],[78.394777,17.412396],[78.394771,17.412441]]]},"properties":{"id":"40b2a348f7b9","height":null,"num_floors":null,"render_height_m":6.4,"height_label":"assumed"}},{"type":"Feature","geometry":{"type":"Polygon","coordinates":[[[78.394554,17.412373],[78.394566,17.412467],[78.394523,17.412471],[78.394512,17.412378],[78.394554,17.412373]]]},"properties":{"id":"3099991ea917","height":null,"num_floors":null,"render_height_m":6.4,"height_label":"assumed"}},{"type":"Feature","geometry":{"type":"Polygon","coordinates":[[[78.394509,17.412352],[78.394551,17.412346],[78.394556,17.412378],[78.394514,17.412384],[78.394509,17.412352]]]},"properties":{"id":"108fbdc905fa","height":null,"num_floors":null,"render_height_m":6.4,"height_label":"assumed"}},{"type":"Feature","geometry":{"type":"Polygon","coordinates":[[[78.394527,17.412282],[78.394539,17.412352],[78.394496,17.412359],[78.394484,17.412289],[78.394527,17.412282]]]},"properties":{"id":"e23529b9635a","height":null,"num_floors":null,"render_height_m":6.4,"height_label":"assumed"}},{"type":"Feature","geometry":{"type":"Polygon","coordinates":[[[78.394351,17.412194],[78.394407,17.412177],[78.394484,17.41241],[78.394427,17.412427],[78.394351,17.412194]]]},"properties":{"id":"02e59162d454","height":null,"num_floors":null,"render_height_m":9.6,"height_label":"assumed"}},{"type":"Feature","geometry":{"type":"Polygon","coordinates":[[[78.394291,17.412353],[78.394382,17.412335],[78.394397,17.412403],[78.394306,17.412422],[78.394291,17.412353]]]},"properties":{"id":"c46947459bf0","height":null,"num_floors":null,"render_height_m":6.4,"height_label":"assumed"}},{"type":"Feature","geometry":{"type":"Polygon","coordinates":[[[78.39431,17.412428],[78.39434,17.412422],[78.394348,17.412459],[78.394317,17.412465],[78.39431,17.412428]]]},"properties":{"id":"7f913ae03c91","height":null,"num_floors":null,"render_height_m":6.4,"height_label":"assumed"}},{"type":"Feature","geometry":{"type":"Polygon","coordinates":[[[78.394392,17.412413],[78.3944,17.41245],[78.394348,17.412459],[78.39434,17.412422],[78.394392,17.412413]]]},"properties":{"id":"343cc14ed156","height":null,"num_floors":null,"render_height_m":6.4,"height_label":"assumed"}},{"type":"Feature","geometry":{"type":"Polygon","coordinates":[[[78.394033,17.412126],[78.39409,17.412116],[78.394162,17.412479],[78.394105,17.41249],[78.394052,17.412224],[78.394078,17.412219],[78.394068,17.412167],[78.394042,17.412171],[78.394033,17.412126]]]},"properties":{"id":"8a93363446a5","height":null,"num_floors":null,"render_height_m":9.6,"height_label":"assumed"}},{"type":"Feature","geometry":{"type":"Polygon","coordinates":[[[78.39412,17.412212],[78.394152,17.412206],[78.394205,17.412472],[78.394173,17.412478],[78.39412,17.412212]]]},"properties":{"id":"ecc364a8290a","height":null,"num_floors":null,"render_height_m":9.6,"height_label":"assumed"}},{"type":"Feature","geometry":{"type":"Polygon","coordinates":[[[78.39421,17.412256],[78.39425,17.412244],[78.394289,17.412365],[78.39425,17.412377],[78.39421,17.412256]]]},"properties":{"id":"a08b16d7c8d8","height":null,"num_floors":null,"render_height_m":6.4,"height_label":"assumed"}},{"type":"Feature","geometry":{"type":"Polygon","coordinates":[[[78.394177,17.412201],[78.394219,17.412193],[78.394224,17.412221],[78.394182,17.412229],[78.394177,17.412201]]]},"properties":{"id":"b2419b44c6e5","height":null,"num_floors":null,"render_height_m":6.4,"height_label":"assumed"}},{"type":"Feature","geometry":{"type":"Polygon","coordinates":[[[78.394203,17.411964],[78.394281,17.411962],[78.394286,17.412115],[78.39416,17.412119],[78.394158,17.412034],[78.394206,17.412033],[78.394203,17.411964]]]},"properties":{"id":"143ca13865d1","height":null,"num_floors":null,"render_height_m":9.6,"height_label":"assumed"}},{"type":"Feature","geometry":{"type":"Polygon","coordinates":[[[78.393945,17.412103],[78.393978,17.412266],[78.393928,17.412275],[78.393895,17.412112],[78.393945,17.412103]]]},"properties":{"id":"57daa19465cd","height":null,"num_floors":null,"render_height_m":9.6,"height_label":"assumed"}},{"type":"Feature","geometry":{"type":"Polygon","coordinates":[[[78.393926,17.411873],[78.393974,17.411865],[78.394102,17.412504],[78.394028,17.412518],[78.393949,17.412125],[78.393975,17.41212],[78.393926,17.411873]]]},"properties":{"id":"cb25fa371300","height":null,"num_floors":null,"render_height_m":12.8,"height_label":"assumed"}},{"type":"Feature","geometry":{"type":"Polygon","coordinates":[[[78.393815,17.412159],[78.393878,17.412147],[78.393914,17.41233],[78.393851,17.412342],[78.393815,17.412159]]]},"properties":{"id":"30f21136a723","height":null,"num_floors":null,"render_height_m":9.6,"height_label":"assumed"}},{"type":"Feature","geometry":{"type":"Polygon","coordinates":[[[78.393875,17.412508],[78.393721,17.412528],[78.393698,17.412365],[78.393852,17.412345],[78.393875,17.412508]]]},"properties":{"id":"8b8bb5b067f8","height":null,"num_floors":null,"render_height_m":12.8,"height_label":"assumed"}},{"type":"Feature","geometry":{"type":"Polygon","coordinates":[[[78.393811,17.412614],[78.393822,17.412652],[78.393711,17.412682],[78.3937,17.412645],[78.393811,17.412614]]]},"properties":{"id":"bed0d5b22c25","height":null,"num_floors":null,"render_height_m":6.4,"height_label":"assumed"}},{"type":"Feature","geometry":{"type":"Polygon","coordinates":[[[78.393876,17.412616],[78.393891,17.412682],[78.393845,17.412692],[78.39383,17.412626],[78.393876,17.412616]]]},"properties":{"id":"747afa2ddb82","height":null,"num_floors":null,"render_height_m":6.4,"height_label":"assumed"}},{"type":"Feature","geometry":{"type":"Polygon","coordinates":[[[78.393982,17.412624],[78.394007,17.412626],[78.394003,17.412661],[78.393979,17.412658],[78.393982,17.412624]]]},"properties":{"id":"0494370cf2d1","height":null,"num_floors":null,"render_height_m":6.4,"height_label":"assumed"}},{"type":"Feature","geometry":{"type":"Polygon","coordinates":[[[78.393891,17.412643],[78.393945,17.412636],[78.39395,17.412672],[78.393897,17.412679],[78.393891,17.412643]]]},"properties":{"id":"918cfc8c7f8a","height":null,"num_floors":null,"render_height_m":6.4,"height_label":"assumed"}},{"type":"Feature","geometry":{"type":"Polygon","coordinates":[[[78.394041,17.412661],[78.394056,17.41272],[78.393856,17.412767],[78.393841,17.412707],[78.394041,17.412661]]]},"properties":{"id":"2a203a2d4856","height":null,"num_floors":null,"render_height_m":9.6,"height_label":"assumed"}},{"type":"Feature","geometry":{"type":"Polygon","coordinates":[[[78.393965,17.412759],[78.393991,17.412763],[78.393986,17.412796],[78.39396,17.412792],[78.393965,17.412759]]]},"properties":{"id":"7d9b68f3d62a","height":null,"num_floors":null,"render_height_m":6.4,"height_label":"assumed"}},{"type":"Feature","geometry":{"type":"Polygon","coordinates":[[[78.393828,17.41267],[78.393836,17.412696],[78.393725,17.412727],[78.393717,17.412701],[78.393828,17.41267]]]},"properties":{"id":"a6c3c01af6aa","height":null,"num_floors":null,"render_height_m":6.4,"height_label":"assumed"}},{"type":"Feature","geometry":{"type":"Polygon","coordinates":[[[78.393912,17.412768],[78.393942,17.412823],[78.393795,17.412899],[78.393764,17.412844],[78.393912,17.412768]]]},"properties":{"id":"68011084ded0","height":null,"num_floors":null,"render_height_m":9.6,"height_label":"assumed"}},{"type":"Feature","geometry":{"type":"Polygon","coordinates":[[[78.393913,17.412854],[78.393943,17.412909],[78.393732,17.413017],[78.393702,17.412962],[78.393913,17.412854]]]},"properties":{"id":"316c3b1dd3e1","height":null,"num_floors":null,"render_height_m":9.6,"height_label":"assumed"}},{"type":"Feature","geometry":{"type":"Polygon","coordinates":[[[78.39384,17.412987],[78.393871,17.413049],[78.393737,17.413111],[78.393706,17.413049],[78.39384,17.412987]]]},"properties":{"id":"c79ba133934e","height":null,"num_floors":null,"render_height_m":9.6,"height_label":"assumed"}},{"type":"Feature","geometry":{"type":"Polygon","coordinates":[[[78.394034,17.412951],[78.394055,17.412988],[78.393989,17.413021],[78.393969,17.412984],[78.394034,17.412951]]]},"properties":{"id":"786e5d42c55d","height":null,"num_floors":null,"render_height_m":6.4,"height_label":"assumed"}},{"type":"Feature","geometry":{"type":"Polygon","coordinates":[[[78.393981,17.412818],[78.394007,17.412823],[78.394001,17.412856],[78.393975,17.412851],[78.393981,17.412818]]]},"properties":{"id":"52946ef6d754","height":null,"num_floors":null,"render_height_m":6.4,"height_label":"assumed"}},{"type":"Feature","geometry":{"type":"Polygon","coordinates":[[[78.394034,17.412951],[78.394058,17.412938],[78.394078,17.412976],[78.394055,17.412988],[78.394034,17.412951]]]},"properties":{"id":"f34b874264f9","height":null,"num_floors":null,"render_height_m":6.4,"height_label":"assumed"}},{"type":"Feature","geometry":{"type":"Polygon","coordinates":[[[78.394317,17.412853],[78.394159,17.412934],[78.394138,17.412897],[78.394297,17.412816],[78.394317,17.412853]]]},"properties":{"id":"848470b14d93","height":null,"num_floors":null,"render_height_m":9.6,"height_label":"assumed"}},{"type":"Feature","geometry":{"type":"Polygon","coordinates":[[[78.394259,17.412747],[78.394297,17.412816],[78.394138,17.412897],[78.3941,17.412828],[78.394259,17.412747]]]},"properties":{"id":"9bc8d4c543f0","height":null,"num_floors":null,"render_height_m":9.6,"height_label":"assumed"}},{"type":"Feature","geometry":{"type":"Polygon","coordinates":[[[78.394222,17.412681],[78.394259,17.412747],[78.394055,17.412852],[78.394018,17.412785],[78.394222,17.412681]]]},"properties":{"id":"598ddd9969d4","height":null,"num_floors":null,"render_height_m":9.6,"height_label":"assumed"}},{"type":"Feature","geometry":{"type":"Polygon","coordinates":[[[78.394103,17.412621],[78.394152,17.412622],[78.394152,17.41266],[78.394103,17.412659],[78.394103,17.412621]]]},"properties":{"id":"cc8b494aa754","height":null,"num_floors":null,"render_height_m":6.4,"height_label":"assumed"}},{"type":"Feature","geometry":{"type":"Polygon","coordinates":[[[78.394375,17.412651],[78.394384,17.412682],[78.394347,17.412692],[78.394338,17.412662],[78.394375,17.412651]]]},"properties":{"id":"254c0817c0a6","height":null,"num_floors":null,"render_height_m":6.4,"height_label":"assumed"}},{"type":"Feature","geometry":{"type":"Polygon","coordinates":[[[78.394338,17.412662],[78.394347,17.412692],[78.394305,17.412705],[78.394295,17.412674],[78.394338,17.412662]]]},"properties":{"id":"bccc37912a32","height":null,"num_floors":null,"render_height_m":6.4,"height_label":"assumed"}},{"type":"Feature","geometry":{"type":"Polygon","coordinates":[[[78.394429,17.412683],[78.394448,17.412719],[78.394348,17.412769],[78.394368,17.412806],[78.394326,17.412827],[78.394287,17.412754],[78.394429,17.412683]]]},"properties":{"id":"368dc3a769e7","height":null,"num_floors":null,"render_height_m":9.6,"height_label":"assumed"}},{"type":"Feature","geometry":{"type":"Polygon","coordinates":[[[78.394477,17.412696],[78.394503,17.412741],[78.39441,17.412791],[78.394395,17.412764],[78.394375,17.412775],[78.394364,17.412756],[78.394477,17.412696]]]},"properties":{"id":"53a46f495bc8","height":null,"num_floors":null,"render_height_m":6.4,"height_label":"assumed"}},{"type":"Feature","geometry":{"type":"Polygon","coordinates":[[[78.394484,17.412717],[78.394518,17.412706],[78.394534,17.412748],[78.3945,17.41276],[78.394484,17.412717]]]},"properties":{"id":"6a7aae3d29ed","height":null,"num_floors":null,"render_height_m":6.4,"height_label":"assumed"}},{"type":"Feature","geometry":{"type":"Polygon","coordinates":[[[78.394592,17.412542],[78.394662,17.412543],[78.394661,17.412588],[78.394591,17.412587],[78.394592,17.412542]]]},"properties":{"id":"79f38997339a","height":null,"num_floors":null,"render_height_m":6.4,"height_label":"assumed"}},{"type":"Feature","geometry":{"type":"Polygon","coordinates":[[[78.39482,17.412881],[78.394749,17.412894],[78.394733,17.412813],[78.394804,17.412801],[78.39482,17.412881]]]},"properties":{"id":"ad5028236197","height":null,"num_floors":null,"render_height_m":6.4,"height_label":"assumed"}},{"type":"Feature","geometry":{"type":"Polygon","coordinates":[[[78.39457,17.413131],[78.394444,17.413079],[78.394526,17.412899],[78.394652,17.412952],[78.39457,17.413131]]]},"properties":{"id":"4a2e7f893d1d","height":null,"num_floors":null,"render_height_m":12.8,"height_label":"assumed"}},{"type":"Feature","geometry":{"type":"Polygon","coordinates":[[[78.394384,17.41354],[78.394276,17.413502],[78.394432,17.413102],[78.39454,17.41314],[78.394384,17.41354]]]},"properties":{"id":"d95329cb9483","height":null,"num_floors":null,"render_height_m":12.8,"height_label":"assumed"}},{"type":"Feature","geometry":{"type":"Polygon","coordinates":[[[78.39408,17.413528],[78.394086,17.41356],[78.394051,17.413566],[78.394045,17.413533],[78.39408,17.413528]]]},"properties":{"id":"b3f1c77ecc5b","height":null,"num_floors":null,"render_height_m":6.4,"height_label":"assumed"}},{"type":"Feature","geometry":{"type":"Polygon","coordinates":[[[78.394093,17.413495],[78.394115,17.413438],[78.394238,17.413482],[78.394216,17.413539],[78.394093,17.413495]]]},"properties":{"id":"84264856f845","height":null,"num_floors":null,"render_height_m":9.6,"height_label":"assumed"}},{"type":"Feature","geometry":{"type":"Polygon","coordinates":[[[78.394399,17.412971],[78.394449,17.413058],[78.394036,17.413279],[78.393986,17.413193],[78.394399,17.412971]]]},"properties":{"id":"a8a7ff2e4b6a","height":null,"num_floors":null,"render_height_m":12.8,"height_label":"assumed"}},{"type":"Feature","geometry":{"type":"Polygon","coordinates":[[[78.393989,17.413203],[78.394036,17.413287],[78.393952,17.413331],[78.393904,17.413247],[78.393989,17.413203]]]},"properties":{"id":"c0846f25e0de","height":null,"num_floors":null,"render_height_m":9.6,"height_label":"assumed"}},{"type":"Feature","geometry":{"type":"Polygon","coordinates":[[[78.393871,17.413049],[78.393891,17.413089],[78.393805,17.413129],[78.393785,17.413089],[78.393871,17.413049]]]},"properties":{"id":"7c98f6eb3ce0","height":null,"num_floors":null,"render_height_m":6.4,"height_label":"assumed"}},{"type":"Feature","geometry":{"type":"Polygon","coordinates":[[[78.393785,17.413089],[78.393805,17.413129],[78.393757,17.413151],[78.393737,17.413111],[78.393785,17.413089]]]},"properties":{"id":"c20b8de66515","height":null,"num_floors":null,"render_height_m":6.4,"height_label":"assumed"}},{"type":"Feature","geometry":{"type":"Polygon","coordinates":[[[78.393923,17.41366],[78.393851,17.413694],[78.393652,17.413299],[78.393725,17.413266],[78.393923,17.41366]]]},"properties":{"id":"3a682675f530","height":null,"num_floors":null,"render_height_m":12.8,"height_label":"assumed"}},{"type":"Feature","geometry":{"type":"Polygon","coordinates":[[[78.393291,17.413311],[78.393197,17.413336],[78.393171,17.413251],[78.393265,17.413225],[78.393291,17.413311]]]},"properties":{"id":"2bcaa722c032","height":null,"num_floors":null,"render_height_m":9.6,"height_label":"assumed"}},{"type":"Feature","geometry":{"type":"Polygon","coordinates":[[[78.39327,17.413208],[78.393172,17.413235],[78.39314,17.413127],[78.393237,17.4131],[78.39327,17.413208]]]},"properties":{"id":"bcd7b36fe963","height":null,"num_floors":null,"render_height_m":9.6,"height_label":"assumed"}},{"type":"Feature","geometry":{"type":"Polygon","coordinates":[[[78.393463,17.413137],[78.39336,17.413162],[78.393335,17.413067],[78.393437,17.413041],[78.393463,17.413137]]]},"properties":{"id":"dd61f2336a42","height":null,"num_floors":null,"render_height_m":9.6,"height_label":"assumed"}},{"type":"Feature","geometry":{"type":"Polygon","coordinates":[[[78.393548,17.413256],[78.393396,17.413292],[78.393363,17.413167],[78.393515,17.413131],[78.393548,17.413256]]]},"properties":{"id":"ae6b87f76ac1","height":null,"num_floors":null,"render_height_m":9.6,"height_label":"assumed"}},{"type":"Feature","geometry":{"type":"Polygon","coordinates":[[[78.393665,17.412939],[78.393686,17.413001],[78.393571,17.413036],[78.39355,17.412974],[78.393665,17.412939]]]},"properties":{"id":"5d0e306f95de","height":null,"num_floors":null,"render_height_m":9.6,"height_label":"assumed"}},{"type":"Feature","geometry":{"type":"Polygon","coordinates":[[[78.393616,17.412819],[78.393658,17.412944],[78.393548,17.412979],[78.393506,17.412853],[78.393616,17.412819]]]},"properties":{"id":"cec657ff2597","height":null,"num_floors":null,"render_height_m":9.6,"height_label":"assumed"}},{"type":"Feature","geometry":{"type":"Polygon","coordinates":[[[78.393627,17.412816],[78.393659,17.412806],[78.393671,17.412843],[78.393638,17.412852],[78.393627,17.412816]]]},"properties":{"id":"8ddb1c242dc6","height":null,"num_floors":null,"render_height_m":6.4,"height_label":"assumed"}},{"type":"Feature","geometry":{"type":"Polygon","coordinates":[[[78.39379,17.412794],[78.393806,17.412823],[78.393746,17.412854],[78.393762,17.412883],[78.393681,17.412924],[78.393649,17.412867],[78.39379,17.412794]]]},"properties":{"id":"98e3d8694101","height":null,"num_floors":null,"render_height_m":9.6,"height_label":"assumed"}},{"type":"Feature","geometry":{"type":"Polygon","coordinates":[[[78.393601,17.412732],[78.393622,17.412803],[78.393523,17.41283],[78.393502,17.412759],[78.393601,17.412732]]]},"properties":{"id":"d624af84a3d7","height":null,"num_floors":null,"render_height_m":9.6,"height_label":"assumed"}},{"type":"Feature","geometry":{"type":"Polygon","coordinates":[[[78.393439,17.412531],[78.393453,17.412588],[78.393418,17.412596],[78.393403,17.412539],[78.393439,17.412531]]]},"properties":{"id":"12e15ac9cb79","height":null,"num_floors":null,"render_height_m":6.4,"height_label":"assumed"}},{"type":"Feature","geometry":{"type":"Polygon","coordinates":[[[78.393321,17.412663],[78.393336,17.412716],[78.393275,17.412733],[78.393259,17.41268],[78.393321,17.412663]]]},"properties":{"id":"3aa6f10bc7cf","height":null,"num_floors":null,"render_height_m":6.4,"height_label":"assumed"}},{"type":"Feature","geometry":{"type":"Polygon","coordinates":[[[78.393306,17.412898],[78.393192,17.412924],[78.393152,17.412767],[78.393266,17.412741],[78.393306,17.412898]]]},"properties":{"id":"cd1e4d4a9750","height":null,"num_floors":null,"render_height_m":9.6,"height_label":"assumed"}},{"type":"Feature","geometry":{"type":"Polygon","coordinates":[[[78.393415,17.413029],[78.393327,17.413049],[78.393298,17.412936],[78.393386,17.412916],[78.393415,17.413029]]]},"properties":{"id":"d8b01ab2f940","height":null,"num_floors":null,"render_height_m":9.6,"height_label":"assumed"}},{"type":"Feature","geometry":{"type":"Polygon","coordinates":[[[78.39323,17.413099],[78.393142,17.413119],[78.393112,17.412997],[78.3932,17.412978],[78.39323,17.413099]]]},"properties":{"id":"4385a51f4ef3","height":null,"num_floors":null,"render_height_m":9.6,"height_label":"assumed"}},{"type":"Feature","geometry":{"type":"Polygon","coordinates":[[[78.392961,17.412947],[78.392853,17.412972],[78.392815,17.41282],[78.392923,17.412796],[78.392961,17.412947]]]},"properties":{"id":"2f31143e06be","height":null,"num_floors":null,"render_height_m":9.6,"height_label":"assumed"}},{"type":"Feature","geometry":{"type":"Polygon","coordinates":[[[78.393165,17.412939],[78.3931,17.412952],[78.393086,17.412893],[78.393152,17.41288],[78.393165,17.412939]]]},"properties":{"id":"9e150321aea7","height":null,"num_floors":null,"render_height_m":6.4,"height_label":"assumed"}},{"type":"Feature","geometry":{"type":"Polygon","coordinates":[[[78.393164,17.412854],[78.393081,17.412873],[78.393056,17.412772],[78.393139,17.412753],[78.393164,17.412854]]]},"properties":{"id":"fb0a84edebcc","height":null,"num_floors":null,"render_height_m":9.6,"height_label":"assumed"}},{"type":"Feature","geometry":{"type":"Polygon","coordinates":[[[78.393123,17.412567],[78.393159,17.412557],[78.39317,17.412594],[78.393134,17.412604],[78.393123,17.412567]]]},"properties":{"id":"68028b4d6a40","height":null,"num_floors":null,"render_height_m":6.4,"height_label":"assumed"}},{"type":"Feature","geometry":{"type":"Polygon","coordinates":[[[78.393217,17.412658],[78.392945,17.412739],[78.392926,17.41268],[78.393197,17.412598],[78.393217,17.412658]]]},"properties":{"id":"99c40a7f07ea","height":null,"num_floors":null,"render_height_m":9.6,"height_label":"assumed"}},{"type":"Feature","geometry":{"type":"Polygon","coordinates":[[[78.392952,17.41265],[78.392896,17.412665],[78.392864,17.412559],[78.39292,17.412544],[78.392952,17.41265]]]},"properties":{"id":"e504ac217c83","height":null,"num_floors":null,"render_height_m":6.4,"height_label":"assumed"}},{"type":"Feature","geometry":{"type":"Polygon","coordinates":[[[78.393023,17.412743],[78.393028,17.412776],[78.392998,17.412781],[78.392992,17.412748],[78.393023,17.412743]]]},"properties":{"id":"2f6def396c15","height":null,"num_floors":null,"render_height_m":6.4,"height_label":"assumed"}},{"type":"Feature","geometry":{"type":"Polygon","coordinates":[[[78.392724,17.412674],[78.392658,17.412692],[78.392644,17.412643],[78.392709,17.412625],[78.392724,17.412674]]]},"properties":{"id":"9b3baca6ddd2","height":null,"num_floors":null,"render_height_m":6.4,"height_label":"assumed"}},{"type":"Feature","geometry":{"type":"Polygon","coordinates":[[[78.392705,17.412623],[78.39262,17.412645],[78.392606,17.412596],[78.39269,17.412574],[78.392705,17.412623]]]},"properties":{"id":"fc61f4202ad5","height":null,"num_floors":null,"render_height_m":6.4,"height_label":"assumed"}},{"type":"Feature","geometry":{"type":"Polygon","coordinates":[[[78.392685,17.412916],[78.392577,17.412948],[78.392538,17.412828],[78.392646,17.412796],[78.392685,17.412916]]]},"properties":{"id":"b769ead17f05","height":null,"num_floors":null,"render_height_m":9.6,"height_label":"assumed"}},{"type":"Feature","geometry":{"type":"Polygon","coordinates":[[[78.392847,17.413024],[78.392754,17.413045],[78.392726,17.412933],[78.392818,17.412912],[78.392847,17.413024]]]},"properties":{"id":"09676f039126","height":null,"num_floors":null,"render_height_m":9.6,"height_label":"assumed"}},{"type":"Feature","geometry":{"type":"Polygon","coordinates":[[[78.392728,17.413038],[78.392634,17.413059],[78.39261,17.412958],[78.392703,17.412938],[78.392728,17.413038]]]},"properties":{"id":"9d31a85c93f1","height":null,"num_floors":null,"render_height_m":9.6,"height_label":"assumed"}},{"type":"Feature","geometry":{"type":"Polygon","coordinates":[[[78.392695,17.413284],[78.3926,17.413317],[78.392563,17.413222],[78.392658,17.413188],[78.392695,17.413284]]]},"properties":{"id":"7b4b488a620e","height":null,"num_floors":null,"render_height_m":9.6,"height_label":"assumed"}},{"type":"Feature","geometry":{"type":"Polygon","coordinates":[[[78.392728,17.413164],[78.392694,17.413172],[78.392675,17.413091],[78.392816,17.41306],[78.392841,17.41316],[78.392733,17.413183],[78.392728,17.413164]]]},"properties":{"id":"ac0238961a3d","height":null,"num_floors":null,"render_height_m":9.6,"height_label":"assumed"}},{"type":"Feature","geometry":{"type":"Polygon","coordinates":[[[78.392999,17.413135],[78.392852,17.413168],[78.392824,17.413054],[78.392972,17.413022],[78.392999,17.413135]]]},"properties":{"id":"58ec699d345e","height":null,"num_floors":null,"render_height_m":9.6,"height_label":"assumed"}},{"type":"Feature","geometry":{"type":"Polygon","coordinates":[[[78.393166,17.413307],[78.393087,17.413321],[78.393063,17.413202],[78.39305,17.413204],[78.393038,17.413147],[78.393131,17.41313],[78.393166,17.413307]]]},"properties":{"id":"18f5fe755355","height":null,"num_floors":null,"render_height_m":9.6,"height_label":"assumed"}},{"type":"Feature","geometry":{"type":"Polygon","coordinates":[[[78.393044,17.413353],[78.392982,17.413366],[78.392956,17.413252],[78.392998,17.413244],[78.393014,17.413313],[78.393034,17.413309],[78.393044,17.413353]]]},"properties":{"id":"67804f734594","height":null,"num_floors":null,"render_height_m":6.4,"height_label":"assumed"}},{"type":"Feature","geometry":{"type":"Polygon","coordinates":[[[78.392945,17.413389],[78.392892,17.413401],[78.392838,17.41318],[78.392929,17.41316],[78.392981,17.413372],[78.392943,17.413381],[78.392945,17.413389]]]},"properties":{"id":"f660b33a12fa","height":null,"num_floors":null,"render_height_m":9.6,"height_label":"assumed"}},{"type":"Feature","geometry":{"type":"Polygon","coordinates":[[[78.392886,17.413396],[78.392789,17.413418],[78.392781,17.413385],[78.392769,17.413387],[78.392759,17.413346],[78.392868,17.413322],[78.392886,17.413396]]]},"properties":{"id":"fd4bd4e605bd","height":null,"num_floors":null,"render_height_m":9.6,"height_label":"assumed"}},{"type":"Feature","geometry":{"type":"Polygon","coordinates":[[[78.392734,17.413383],[78.392538,17.413452],[78.392503,17.413361],[78.392699,17.413292],[78.392734,17.413383]]]},"properties":{"id":"5ab40d843bc9","height":null,"num_floors":null,"render_height_m":9.6,"height_label":"assumed"}},{"type":"Feature","geometry":{"type":"Polygon","coordinates":[[[78.392645,17.413441],[78.392651,17.413469],[78.392598,17.41348],[78.392592,17.413451],[78.392645,17.413441]]]},"properties":{"id":"bce2b5781a2c","height":null,"num_floors":null,"render_height_m":6.4,"height_label":"assumed"}},{"type":"Feature","geometry":{"type":"Polygon","coordinates":[[[78.393454,17.413854],[78.393357,17.413894],[78.393289,17.413745],[78.393387,17.413705],[78.393454,17.413854]]]},"properties":{"id":"0edb45595f57","height":null,"num_floors":null,"render_height_m":9.6,"height_label":"assumed"}},{"type":"Feature","geometry":{"type":"Polygon","coordinates":[[[78.393791,17.413768],[78.393665,17.413855],[78.393594,17.41376],[78.39372,17.413674],[78.393791,17.413768]]]},"properties":{"id":"3d3c69f2a8ed","height":null,"num_floors":null,"render_height_m":9.6,"height_label":"assumed"}},{"type":"Feature","geometry":{"type":"Polygon","coordinates":[[[78.393444,17.413888],[78.393499,17.413857],[78.393529,17.413906],[78.393474,17.413937],[78.393444,17.413888]]]},"properties":{"id":"95200b924dd1","height":null,"num_floors":null,"render_height_m":6.4,"height_label":"assumed"}},{"type":"Feature","geometry":{"type":"Polygon","coordinates":[[[78.393831,17.414292],[78.393651,17.414415],[78.393605,17.414354],[78.393786,17.414231],[78.393831,17.414292]]]},"properties":{"id":"8a6a96d8441e","height":null,"num_floors":null,"render_height_m":9.6,"height_label":"assumed"}},{"type":"Feature","geometry":{"type":"Polygon","coordinates":[[[78.392988,17.414364],[78.393018,17.414359],[78.393028,17.41441],[78.392998,17.414415],[78.392988,17.414364]]]},"properties":{"id":"1609cf431a66","height":null,"num_floors":null,"render_height_m":6.4,"height_label":"assumed"}},{"type":"Feature","geometry":{"type":"Polygon","coordinates":[[[78.392882,17.414343],[78.392897,17.414408],[78.392808,17.414426],[78.392793,17.414361],[78.392882,17.414343]]]},"properties":{"id":"cf17ab8517dc","height":null,"num_floors":null,"render_height_m":6.4,"height_label":"assumed"}},{"type":"Feature","geometry":{"type":"Polygon","coordinates":[[[78.392933,17.414332],[78.392711,17.414364],[78.392698,17.414282],[78.39292,17.41425],[78.392933,17.414332]]]},"properties":{"id":"2e15e29d37bb","height":null,"num_floors":null,"render_height_m":9.6,"height_label":"assumed"}},{"type":"Feature","geometry":{"type":"Polygon","coordinates":[[[78.392649,17.415632],[78.392681,17.415662],[78.392652,17.415692],[78.392619,17.415662],[78.392649,17.415632]]]},"properties":{"id":"19f926843c24","height":null,"num_floors":null,"render_height_m":6.4,"height_label":"assumed"}},{"type":"Feature","geometry":{"type":"Polygon","coordinates":[[[78.392791,17.41569],[78.39283,17.415669],[78.39289,17.41577],[78.392852,17.415791],[78.392791,17.41569]]]},"properties":{"id":"7367b0198635","height":null,"num_floors":null,"render_height_m":6.4,"height_label":"assumed"}},{"type":"Feature","geometry":{"type":"Polygon","coordinates":[[[78.392796,17.415597],[78.392753,17.415536],[78.392848,17.415476],[78.392891,17.415537],[78.392796,17.415597]]]},"properties":{"id":"682a59760018","height":null,"num_floors":null,"render_height_m":9.6,"height_label":"assumed"}},{"type":"Feature","geometry":{"type":"Polygon","coordinates":[[[78.39303,17.41568],[78.392923,17.415745],[78.39287,17.415666],[78.392977,17.415601],[78.39303,17.41568]]]},"properties":{"id":"a8fd125829f4","height":null,"num_floors":null,"render_height_m":9.6,"height_label":"assumed"}},{"type":"Feature","geometry":{"type":"Polygon","coordinates":[[[78.393201,17.415715],[78.393125,17.415734],[78.3931,17.41565],[78.393176,17.41563],[78.393201,17.415715]]]},"properties":{"id":"b9fd895732ca","height":null,"num_floors":null,"render_height_m":9.6,"height_label":"assumed"}},{"type":"Feature","geometry":{"type":"Polygon","coordinates":[[[78.393134,17.415545],[78.393059,17.415591],[78.393002,17.415508],[78.393077,17.415461],[78.393134,17.415545]]]},"properties":{"id":"2ffaeabe8857","height":null,"num_floors":null,"render_height_m":9.6,"height_label":"assumed"}},{"type":"Feature","geometry":{"type":"Polygon","coordinates":[[[78.393062,17.415386],[78.393003,17.415411],[78.392951,17.415297],[78.39301,17.415273],[78.393062,17.415386]]]},"properties":{"id":"36f245c961b3","height":null,"num_floors":null,"render_height_m":9.6,"height_label":"assumed"}},{"type":"Feature","geometry":{"type":"Polygon","coordinates":[[[78.393202,17.415162],[78.393252,17.415228],[78.393187,17.415274],[78.393136,17.415208],[78.393202,17.415162]]]},"properties":{"id":"431906179505","height":null,"num_floors":null,"render_height_m":6.4,"height_label":"assumed"}},{"type":"Feature","geometry":{"type":"Polygon","coordinates":[[[78.393468,17.415425],[78.393408,17.415465],[78.393313,17.415336],[78.393372,17.415296],[78.393468,17.415425]]]},"properties":{"id":"6b608794f6b4","height":null,"num_floors":null,"render_height_m":9.6,"height_label":"assumed"}},{"type":"Feature","geometry":{"type":"Polygon","coordinates":[[[78.393387,17.415488],[78.393337,17.415522],[78.393231,17.41538],[78.393282,17.415346],[78.393387,17.415488]]]},"properties":{"id":"77b7e1011b2a","height":null,"num_floors":null,"render_height_m":9.6,"height_label":"assumed"}},{"type":"Feature","geometry":{"type":"Polygon","coordinates":[[[78.393214,17.41552],[78.393145,17.415427],[78.393196,17.415392],[78.393265,17.415485],[78.393214,17.41552]]]},"properties":{"id":"82f2cbada832","height":null,"num_floors":null,"render_height_m":9.6,"height_label":"assumed"}},{"type":"Feature","geometry":{"type":"Polygon","coordinates":[[[78.393253,17.415507],[78.393269,17.415529],[78.3932,17.415575],[78.393184,17.415552],[78.393253,17.415507]]]},"properties":{"id":"7c5240cbb293","height":null,"num_floors":null,"render_height_m":6.4,"height_label":"assumed"}},{"type":"Feature","geometry":{"type":"Polygon","coordinates":[[[78.393382,17.415668],[78.393311,17.415686],[78.393287,17.415595],[78.393357,17.415578],[78.393382,17.415668]]]},"properties":{"id":"6257e804a18b","height":null,"num_floors":null,"render_height_m":9.6,"height_label":"assumed"}},{"type":"Feature","geometry":{"type":"Polygon","coordinates":[[[78.393424,17.415676],[78.393445,17.415756],[78.393358,17.415777],[78.393337,17.415697],[78.393424,17.415676]]]},"properties":{"id":"cd6eeeb260bc","height":null,"num_floors":null,"render_height_m":9.6,"height_label":"assumed"}},{"type":"Feature","geometry":{"type":"Polygon","coordinates":[[[78.393475,17.415635],[78.3934,17.415654],[78.393376,17.415574],[78.393451,17.415555],[78.393475,17.415635]]]},"properties":{"id":"32c389587fc3","height":null,"num_floors":null,"render_height_m":6.4,"height_label":"assumed"}},{"type":"Feature","geometry":{"type":"Polygon","coordinates":[[[78.393553,17.415628],[78.393484,17.415643],[78.39346,17.415545],[78.393529,17.41553],[78.393553,17.415628]]]},"properties":{"id":"fe396c3fa172","height":null,"num_floors":null,"render_height_m":9.6,"height_label":"assumed"}},{"type":"Feature","geometry":{"type":"Polygon","coordinates":[[[78.393538,17.415649],[78.393546,17.415684],[78.39345,17.415703],[78.393442,17.415669],[78.393538,17.415649]]]},"properties":{"id":"1945b79baa01","height":null,"num_floors":null,"render_height_m":6.4,"height_label":"assumed"}},{"type":"Feature","geometry":{"type":"Polygon","coordinates":[[[78.393643,17.415608],[78.393576,17.415624],[78.393548,17.415517],[78.393616,17.415501],[78.393643,17.415608]]]},"properties":{"id":"aef9886c1cc5","height":null,"num_floors":null,"render_height_m":9.6,"height_label":"assumed"}},{"type":"Feature","geometry":{"type":"Polygon","coordinates":[[[78.393772,17.415387],[78.393703,17.415424],[78.393654,17.415342],[78.393724,17.415305],[78.393772,17.415387]]]},"properties":{"id":"d8804cafcb0d","height":null,"num_floors":null,"render_height_m":9.6,"height_label":"assumed"}},{"type":"Feature","geometry":{"type":"Polygon","coordinates":[[[78.393525,17.415208],[78.393575,17.415278],[78.393466,17.41535],[78.393416,17.41528],[78.393525,17.415208]]]},"properties":{"id":"17edd0fba799","height":null,"num_floors":null,"render_height_m":9.6,"height_label":"assumed"}},{"type":"Feature","geometry":{"type":"Polygon","coordinates":[[[78.393601,17.41517],[78.393669,17.415264],[78.393598,17.41531],[78.393531,17.415216],[78.393601,17.41517]]]},"properties":{"id":"e0a1a0aac16b","height":null,"num_floors":null,"render_height_m":9.6,"height_label":"assumed"}},{"type":"Feature","geometry":{"type":"Polygon","coordinates":[[[78.393705,17.415209],[78.393736,17.415253],[78.39369,17.415283],[78.393659,17.415239],[78.393705,17.415209]]]},"properties":{"id":"73836b231d3e","height":null,"num_floors":null,"render_height_m":6.4,"height_label":"assumed"}},{"type":"Feature","geometry":{"type":"Polygon","coordinates":[[[78.393713,17.415149],[78.39375,17.415214],[78.393722,17.415229],[78.393685,17.415164],[78.393713,17.415149]]]},"properties":{"id":"077713470523","height":null,"num_floors":null,"render_height_m":6.4,"height_label":"assumed"}},{"type":"Feature","geometry":{"type":"Polygon","coordinates":[[[78.393653,17.415118],[78.393681,17.415165],[78.393627,17.415195],[78.393599,17.415147],[78.393653,17.415118]]]},"properties":{"id":"a63a9112d30c","height":null,"num_floors":null,"render_height_m":6.4,"height_label":"assumed"}},{"type":"Feature","geometry":{"type":"Polygon","coordinates":[[[78.393739,17.415059],[78.393774,17.415108],[78.393729,17.415138],[78.393694,17.415088],[78.393739,17.415059]]]},"properties":{"id":"619998cd5252","height":null,"num_floors":null,"render_height_m":6.4,"height_label":"assumed"}},{"type":"Feature","geometry":{"type":"Polygon","coordinates":[[[78.393596,17.415075],[78.393517,17.414964],[78.393663,17.414869],[78.393742,17.41498],[78.393596,17.415075]]]},"properties":{"id":"493f07c0b884","height":null,"num_floors":null,"render_height_m":12.8,"height_label":"assumed"}},{"type":"Feature","geometry":{"type":"Polygon","coordinates":[[[78.393586,17.415072],[78.393509,17.415125],[78.393455,17.415053],[78.393531,17.415001],[78.393586,17.415072]]]},"properties":{"id":"a058a7cf0299","height":null,"num_floors":null,"render_height_m":9.6,"height_label":"assumed"}},{"type":"Feature","geometry":{"type":"Polygon","coordinates":[[[78.393404,17.415198],[78.39336,17.415232],[78.393262,17.415115],[78.393306,17.415081],[78.393404,17.415198]]]},"properties":{"id":"fc836be0b013","height":null,"num_floors":null,"render_height_m":9.6,"height_label":"assumed"}},{"type":"Feature","geometry":{"type":"Polygon","coordinates":[[[78.393646,17.414849],[78.393547,17.414911],[78.393508,17.414855],[78.393606,17.414792],[78.393646,17.414849]]]},"properties":{"id":"c1a5bb7ad5c6","height":null,"num_floors":null,"render_height_m":9.6,"height_label":"assumed"}},{"type":"Feature","geometry":{"type":"Polygon","coordinates":[[[78.393765,17.414768],[78.393656,17.414827],[78.393621,17.414768],[78.39373,17.414709],[78.393765,17.414768]]]},"properties":{"id":"a0db788cfa28","height":null,"num_floors":null,"render_height_m":9.6,"height_label":"assumed"}},{"type":"Feature","geometry":{"type":"Polygon","coordinates":[[[78.393814,17.414758],[78.393847,17.414809],[78.393737,17.414874],[78.393704,17.414823],[78.393814,17.414758]]]},"properties":{"id":"fd3dadd82f9d","height":null,"num_floors":null,"render_height_m":9.6,"height_label":"assumed"}},{"type":"Feature","geometry":{"type":"Polygon","coordinates":[[[78.394104,17.414796],[78.394146,17.414774],[78.394204,17.414879],[78.394162,17.4149],[78.394104,17.414796]]]},"properties":{"id":"fed6c834c996","height":null,"num_floors":null,"render_height_m":6.4,"height_label":"assumed"}},{"type":"Feature","geometry":{"type":"Polygon","coordinates":[[[78.394042,17.414947],[78.394196,17.41497],[78.394162,17.415187],[78.394069,17.415168],[78.394076,17.415099],[78.394028,17.415095],[78.394042,17.414947]]]},"properties":{"id":"d23b42d2cdca","height":null,"num_floors":null,"render_height_m":12.8,"height_label":"assumed"}},{"type":"Feature","geometry":{"type":"Polygon","coordinates":[[[78.393907,17.41495],[78.393929,17.414981],[78.393873,17.415018],[78.393851,17.414987],[78.393907,17.41495]]]},"properties":{"id":"8f64a9facddd","height":null,"num_floors":null,"render_height_m":6.4,"height_label":"assumed"}},{"type":"Feature","geometry":{"type":"Polygon","coordinates":[[[78.393842,17.414978],[78.393958,17.415136],[78.393863,17.415201],[78.393747,17.415043],[78.393842,17.414978]]]},"properties":{"id":"ca11c5b7d428","height":null,"num_floors":null,"render_height_m":12.8,"height_label":"assumed"}},{"type":"Feature","geometry":{"type":"Polygon","coordinates":[[[78.393793,17.415177],[78.39383,17.41518],[78.393827,17.415219],[78.39379,17.415217],[78.393793,17.415177]]]},"properties":{"id":"0510daae0c5a","height":null,"num_floors":null,"render_height_m":6.4,"height_label":"assumed"}},{"type":"Feature","geometry":{"type":"Polygon","coordinates":[[[78.393746,17.415209],[78.393775,17.415239],[78.393749,17.415261],[78.393721,17.415232],[78.393746,17.415209]]]},"properties":{"id":"f233e500a478","height":null,"num_floors":null,"render_height_m":6.4,"height_label":"assumed"}},{"type":"Feature","geometry":{"type":"Polygon","coordinates":[[[78.393815,17.415223],[78.393807,17.415253],[78.393776,17.415245],[78.393784,17.415215],[78.393815,17.415223]]]},"properties":{"id":"cd5abd394f64","height":null,"num_floors":null,"render_height_m":6.4,"height_label":"assumed"}},{"type":"Feature","geometry":{"type":"Polygon","coordinates":[[[78.393908,17.415373],[78.393843,17.415391],[78.393814,17.415294],[78.393878,17.415276],[78.393908,17.415373]]]},"properties":{"id":"df28fe4128ba","height":null,"num_floors":null,"render_height_m":6.4,"height_label":"assumed"}},{"type":"Feature","geometry":{"type":"Polygon","coordinates":[[[78.39406,17.415375],[78.393968,17.415409],[78.393915,17.415281],[78.394008,17.415246],[78.39406,17.415375]]]},"properties":{"id":"b4af436f3392","height":null,"num_floors":null,"render_height_m":9.6,"height_label":"assumed"}},{"type":"Feature","geometry":{"type":"Polygon","coordinates":[[[78.393935,17.415762],[78.39392,17.415723],[78.394009,17.415691],[78.394025,17.41573],[78.393935,17.415762]]]},"properties":{"id":"55d7f9d83c6f","height":null,"num_floors":null,"render_height_m":6.4,"height_label":"assumed"}},{"type":"Feature","geometry":{"type":"Polygon","coordinates":[[[78.394121,17.415547],[78.393956,17.415616],[78.393907,17.415511],[78.394073,17.415442],[78.394121,17.415547]]]},"properties":{"id":"8d3ea83572a6","height":null,"num_floors":null,"render_height_m":9.6,"height_label":"assumed"}},{"type":"Feature","geometry":{"type":"Polygon","coordinates":[[[78.394537,17.415221],[78.394541,17.415275],[78.394403,17.415284],[78.394399,17.415229],[78.394537,17.415221]]]},"properties":{"id":"03cff12e5463","height":null,"num_floors":null,"render_height_m":9.6,"height_label":"assumed"}},{"type":"Feature","geometry":{"type":"Polygon","coordinates":[[[78.394354,17.415399],[78.394406,17.415402],[78.394403,17.415435],[78.394352,17.415432],[78.394354,17.415399]]]},"properties":{"id":"bb5190b20c49","height":null,"num_floors":null,"render_height_m":6.4,"height_label":"assumed"}},{"type":"Feature","geometry":{"type":"Polygon","coordinates":[[[78.394721,17.415661],[78.394735,17.415701],[78.39469,17.415716],[78.394676,17.415675],[78.394721,17.415661]]]},"properties":{"id":"bd63b6b0b01b","height":null,"num_floors":null,"render_height_m":6.4,"height_label":"assumed"}},{"type":"Feature","geometry":{"type":"Polygon","coordinates":[[[78.394539,17.415079],[78.394548,17.415229],[78.3945,17.415232],[78.394491,17.415081],[78.394539,17.415079]]]},"properties":{"id":"697c77f6f8b1","height":null,"num_floors":null,"render_height_m":9.6,"height_label":"assumed"}},{"type":"Feature","geometry":{"type":"Polygon","coordinates":[[[78.394412,17.41504],[78.394408,17.414931],[78.394495,17.414928],[78.394499,17.415037],[78.394412,17.41504]]]},"properties":{"id":"93439d237f62","height":null,"num_floors":null,"render_height_m":9.6,"height_label":"assumed"}},{"type":"Feature","geometry":{"type":"Polygon","coordinates":[[[78.394515,17.414717],[78.39451,17.414779],[78.394542,17.414782],[78.394539,17.414818],[78.394507,17.414815],[78.394504,17.41485],[78.394466,17.414847],[78.394463,17.414879],[78.39444,17.414877],[78.394452,17.414712],[78.394515,17.414717]]]},"properties":{"id":"f3658f8021dc","height":null,"num_floors":null,"render_height_m":9.6,"height_label":"assumed"}},{"type":"Feature","geometry":{"type":"Polygon","coordinates":[[[78.394641,17.414775],[78.394644,17.41481],[78.394595,17.414814],[78.394592,17.414779],[78.394641,17.414775]]]},"properties":{"id":"a1f297b2a30b","height":null,"num_floors":null,"render_height_m":6.4,"height_label":"assumed"}},{"type":"Feature","geometry":{"type":"Polygon","coordinates":[[[78.394817,17.414689],[78.39486,17.414686],[78.39487,17.414843],[78.394828,17.414846],[78.394817,17.414689]]]},"properties":{"id":"471f84cc9f25","height":null,"num_floors":null,"render_height_m":6.4,"height_label":"assumed"}},{"type":"Feature","geometry":{"type":"Polygon","coordinates":[[[78.394764,17.414463],[78.394673,17.414519],[78.394654,17.414491],[78.394745,17.414435],[78.394764,17.414463]]]},"properties":{"id":"8293145076d8","height":null,"num_floors":null,"render_height_m":6.4,"height_label":"assumed"}},{"type":"Feature","geometry":{"type":"Polygon","coordinates":[[[78.394781,17.414378],[78.394739,17.414402],[78.394721,17.414374],[78.394764,17.414349],[78.394781,17.414378]]]},"properties":{"id":"de3338754ae4","height":null,"num_floors":null,"render_height_m":6.4,"height_label":"assumed"}},{"type":"Feature","geometry":{"type":"Polygon","coordinates":[[[78.394606,17.41452],[78.394625,17.414549],[78.394564,17.414587],[78.394534,17.414542],[78.394582,17.414513],[78.394593,17.414528],[78.394606,17.41452]]]},"properties":{"id":"c62a4dbc798f","height":null,"num_floors":null,"render_height_m":6.4,"height_label":"assumed"}},{"type":"Feature","geometry":{"type":"Polygon","coordinates":[[[78.394242,17.414396],[78.394279,17.414369],[78.394344,17.414449],[78.394307,17.414477],[78.394242,17.414396]]]},"properties":{"id":"0de568ef1aa5","height":null,"num_floors":null,"render_height_m":6.4,"height_label":"assumed"}},{"type":"Feature","geometry":{"type":"Polygon","coordinates":[[[78.394297,17.414608],[78.394252,17.41464],[78.394103,17.414451],[78.394208,17.414376],[78.394284,17.414473],[78.39426,17.41449],[78.394306,17.41455],[78.394271,17.414576],[78.394297,17.414608]]]},"properties":{"id":"df6896af2eee","height":null,"num_floors":null,"render_height_m":12.8,"height_label":"assumed"}},{"type":"Feature","geometry":{"type":"Polygon","coordinates":[[[78.39415,17.414535],[78.394086,17.414574],[78.394037,17.414501],[78.394101,17.414462],[78.39415,17.414535]]]},"properties":{"id":"74c25dd3dd67","height":null,"num_floors":null,"render_height_m":6.4,"height_label":"assumed"}},{"type":"Feature","geometry":{"type":"Polygon","coordinates":[[[78.394075,17.41457],[78.394013,17.414604],[78.393972,17.414537],[78.394034,17.414503],[78.394075,17.41457]]]},"properties":{"id":"d128dd8065eb","height":null,"num_floors":null,"render_height_m":6.4,"height_label":"assumed"}},{"type":"Feature","geometry":{"type":"Polygon","coordinates":[[[78.39401,17.414618],[78.393957,17.414641],[78.393923,17.414572],[78.393976,17.414548],[78.39401,17.414618]]]},"properties":{"id":"df4c61b70904","height":null,"num_floors":null,"render_height_m":6.4,"height_label":"assumed"}},{"type":"Feature","geometry":{"type":"Polygon","coordinates":[[[78.393957,17.414684],[78.393845,17.414734],[78.39379,17.414622],[78.393902,17.414572],[78.393957,17.414684]]]},"properties":{"id":"f0e7f3610044","height":null,"num_floors":null,"render_height_m":9.6,"height_label":"assumed"}},{"type":"Feature","geometry":{"type":"Polygon","coordinates":[[[78.394003,17.414111],[78.394042,17.414163],[78.393964,17.414217],[78.393925,17.414166],[78.394003,17.414111]]]},"properties":{"id":"14b709e8bc9e","height":null,"num_floors":null,"render_height_m":6.4,"height_label":"assumed"}},{"type":"Feature","geometry":{"type":"Polygon","coordinates":[[[78.394128,17.41398],[78.394064,17.414013],[78.393984,17.413872],[78.394047,17.413839],[78.394128,17.41398]]]},"properties":{"id":"412fa1169f8b","height":null,"num_floors":null,"render_height_m":9.6,"height_label":"assumed"}},{"type":"Feature","geometry":{"type":"Polygon","coordinates":[[[78.394119,17.41402],[78.394143,17.414048],[78.394028,17.414136],[78.394005,17.414108],[78.394119,17.41402]]]},"properties":{"id":"2fdb38212beb","height":null,"num_floors":null,"render_height_m":6.4,"height_label":"assumed"}},{"type":"Feature","geometry":{"type":"Polygon","coordinates":[[[78.394135,17.413746],[78.394194,17.413724],[78.394243,17.413845],[78.394185,17.413867],[78.394135,17.413746]]]},"properties":{"id":"9955928c80f6","height":null,"num_floors":null,"render_height_m":9.6,"height_label":"assumed"}},{"type":"Feature","geometry":{"type":"Polygon","coordinates":[[[78.394265,17.413725],[78.394121,17.413719],[78.394127,17.413601],[78.394271,17.413607],[78.394265,17.413725]]]},"properties":{"id":"594e96dcdd9e","height":null,"num_floors":null,"render_height_m":9.6,"height_label":"assumed"}},{"type":"Feature","geometry":{"type":"Polygon","coordinates":[[[78.394337,17.413672],[78.394374,17.413677],[78.394365,17.413733],[78.394328,17.413728],[78.394337,17.413672]]]},"properties":{"id":"828d98c503fa","height":null,"num_floors":null,"render_height_m":6.4,"height_label":"assumed"}},{"type":"Feature","geometry":{"type":"Polygon","coordinates":[[[78.394705,17.41406],[78.394739,17.414062],[78.394736,17.414124],[78.394703,17.414123],[78.394705,17.41406]]]},"properties":{"id":"93108d4a6a1d","height":null,"num_floors":null,"render_height_m":6.4,"height_label":"assumed"}},{"type":"Feature","geometry":{"type":"Polygon","coordinates":[[[78.394749,17.414071],[78.394803,17.414067],[78.394806,17.414112],[78.394753,17.414116],[78.394749,17.414071]]]},"properties":{"id":"5937bcde60bc","height":null,"num_floors":null,"render_height_m":6.4,"height_label":"assumed"}},{"type":"Feature","geometry":{"type":"Polygon","coordinates":[[[78.39476,17.414013],[78.394756,17.413927],[78.39489,17.41392],[78.394894,17.414007],[78.39476,17.414013]]]},"properties":{"id":"da3437a6afbf","height":null,"num_floors":null,"render_height_m":9.6,"height_label":"assumed"}},{"type":"Feature","geometry":{"type":"Polygon","coordinates":[[[78.395201,17.413698],[78.395129,17.413751],[78.395081,17.413693],[78.395153,17.413639],[78.395201,17.413698]]]},"properties":{"id":"a639a267698d","height":null,"num_floors":null,"render_height_m":6.4,"height_label":"assumed"}},{"type":"Feature","geometry":{"type":"Polygon","coordinates":[[[78.395091,17.413877],[78.395097,17.413967],[78.394912,17.413979],[78.394906,17.413888],[78.395091,17.413877]]]},"properties":{"id":"3d0172154f8f","height":null,"num_floors":null,"render_height_m":9.6,"height_label":"assumed"}},{"type":"Feature","geometry":{"type":"Polygon","coordinates":[[[78.395487,17.413678],[78.395541,17.413784],[78.395163,17.413959],[78.39511,17.413853],[78.395487,17.413678]]]},"properties":{"id":"b1ef0eb53a33","height":null,"num_floors":null,"render_height_m":12.8,"height_label":"assumed"}},{"type":"Feature","geometry":{"type":"Polygon","coordinates":[[[78.395276,17.413583],[78.395312,17.413622],[78.395303,17.413629],[78.395325,17.413653],[78.395255,17.413712],[78.395198,17.41365],[78.395276,17.413583]]]},"properties":{"id":"e960e52df342","height":null,"num_floors":null,"render_height_m":9.6,"height_label":"assumed"}},{"type":"Feature","geometry":{"type":"Polygon","coordinates":[[[78.3958,17.413828],[78.395695,17.41388],[78.39568,17.413853],[78.395263,17.414062],[78.395201,17.413949],[78.395723,17.413687],[78.3958,17.413828]]]},"properties":{"id":"69e494ef78a5","height":null,"num_floors":null,"render_height_m":19.2,"height_label":"assumed"}},{"type":"Feature","geometry":{"type":"Polygon","coordinates":[[[78.395836,17.41364],[78.395852,17.41367],[78.395781,17.413704],[78.395765,17.413675],[78.395836,17.41364]]]},"properties":{"id":"8ebae5785411","height":null,"num_floors":null,"render_height_m":6.4,"height_label":"assumed"}},{"type":"Feature","geometry":{"type":"Polygon","coordinates":[[[78.396055,17.413634],[78.396083,17.413674],[78.395994,17.413731],[78.395966,17.413691],[78.396055,17.413634]]]},"properties":{"id":"5ddcd663e086","height":null,"num_floors":null,"render_height_m":6.4,"height_label":"assumed"}},{"type":"Feature","geometry":{"type":"Polygon","coordinates":[[[78.395987,17.413737],[78.395856,17.413796],[78.395831,17.413746],[78.395963,17.413687],[78.395987,17.413737]]]},"properties":{"id":"bb9bc95e4cdb","height":null,"num_floors":null,"render_height_m":9.6,"height_label":"assumed"}},{"type":"Feature","geometry":{"type":"Polygon","coordinates":[[[78.39561,17.414176],[78.395407,17.414223],[78.395373,17.414089],[78.395577,17.414043],[78.39561,17.414176]]]},"properties":{"id":"2e118dc99d9c","height":null,"num_floors":null,"render_height_m":12.8,"height_label":"assumed"}},{"type":"Feature","geometry":{"type":"Polygon","coordinates":[[[78.395271,17.414077],[78.395273,17.414097],[78.395319,17.414094],[78.395323,17.414153],[78.395277,17.414155],[78.395335,17.414993],[78.395381,17.41499],[78.395399,17.415242],[78.394943,17.415271],[78.394867,17.414182],[78.39515,17.414164],[78.395145,17.414085],[78.395271,17.414077]]]},"properties":{"id":"19418db9110c","height":null,"num_floors":null,"render_height_m":19.2,"height_label":"assumed"}},{"type":"Feature","geometry":{"type":"Polygon","coordinates":[[[78.395464,17.414676],[78.395474,17.414814],[78.395369,17.414821],[78.395367,17.414786],[78.395321,17.414789],[78.395314,17.414686],[78.395464,17.414676]]]},"properties":{"id":"56009beaa110","height":null,"num_floors":null,"render_height_m":9.6,"height_label":"assumed"}},{"type":"Feature","geometry":{"type":"Polygon","coordinates":[[[78.395499,17.415743],[78.395423,17.415763],[78.395399,17.415683],[78.395475,17.415662],[78.395499,17.415743]]]},"properties":{"id":"09bbe6382836","height":null,"num_floors":null,"render_height_m":6.4,"height_label":"assumed"}},{"type":"Feature","geometry":{"type":"Polygon","coordinates":[[[78.397242,17.415702],[78.397112,17.415745],[78.397081,17.415661],[78.39721,17.415617],[78.397242,17.415702]]]},"properties":{"id":"918a9c51b14f","height":null,"num_floors":null,"render_height_m":9.6,"height_label":"assumed"}},{"type":"Feature","geometry":{"type":"Polygon","coordinates":[[[78.397164,17.415442],[78.39703,17.415487],[78.396994,17.415391],[78.397128,17.415346],[78.397164,17.415442]]]},"properties":{"id":"f6861828f585","height":null,"num_floors":null,"render_height_m":9.6,"height_label":"assumed"}},{"type":"Feature","geometry":{"type":"Polygon","coordinates":[[[78.397109,17.415306],[78.396972,17.415352],[78.396936,17.415255],[78.397073,17.415208],[78.397109,17.415306]]]},"properties":{"id":"8b2e6105cb1b","height":null,"num_floors":null,"render_height_m":9.6,"height_label":"assumed"}},{"type":"Feature","geometry":{"type":"Polygon","coordinates":[[[78.397067,17.415187],[78.396927,17.415231],[78.396891,17.415124],[78.397031,17.415081],[78.397067,17.415187]]]},"properties":{"id":"336581239538","height":null,"num_floors":null,"render_height_m":9.6,"height_label":"assumed"}},{"type":"Feature","geometry":{"type":"Polygon","coordinates":[[[78.396986,17.414887],[78.396849,17.41493],[78.396815,17.414831],[78.396953,17.414789],[78.396986,17.414887]]]},"properties":{"id":"1106b78a30ce","height":null,"num_floors":null,"render_height_m":9.6,"height_label":"assumed"}},{"type":"Feature","geometry":{"type":"Polygon","coordinates":[[[78.396937,17.414744],[78.396798,17.414787],[78.396763,17.414684],[78.396902,17.414641],[78.396937,17.414744]]]},"properties":{"id":"afd95409f2ff","height":null,"num_floors":null,"render_height_m":9.6,"height_label":"assumed"}},{"type":"Feature","geometry":{"type":"Polygon","coordinates":[[[78.397269,17.414638],[78.397114,17.414686],[78.397081,17.414591],[78.397236,17.414543],[78.397269,17.414638]]]},"properties":{"id":"1947f45f0e00","height":null,"num_floors":null,"render_height_m":9.6,"height_label":"assumed"}},{"type":"Feature","geometry":{"type":"Polygon","coordinates":[[[78.397238,17.414503],[78.397082,17.414552],[78.397043,17.414439],[78.3972,17.41439],[78.397238,17.414503]]]},"properties":{"id":"bdfe54e6e24d","height":null,"num_floors":null,"render_height_m":9.6,"height_label":"assumed"}},{"type":"Feature","geometry":{"type":"Polygon","coordinates":[[[78.397183,17.414373],[78.39703,17.414421],[78.396996,17.41432],[78.397148,17.414272],[78.397183,17.414373]]]},"properties":{"id":"cf9da21ecc1a","height":null,"num_floors":null,"render_height_m":9.6,"height_label":"assumed"}},{"type":"Feature","geometry":{"type":"Polygon","coordinates":[[[78.39675,17.414202],[78.39662,17.414243],[78.396586,17.414143],[78.396716,17.414103],[78.39675,17.414202]]]},"properties":{"id":"03d87b759f36","height":null,"num_floors":null,"render_height_m":9.6,"height_label":"assumed"}},{"type":"Feature","geometry":{"type":"Polygon","coordinates":[[[78.396833,17.414435],[78.39669,17.414479],[78.396624,17.414287],[78.396767,17.414243],[78.396833,17.414435]]]},"properties":{"id":"ea4aeccd7a4c","height":null,"num_floors":null,"render_height_m":12.8,"height_label":"assumed"}},{"type":"Feature","geometry":{"type":"Polygon","coordinates":[[[78.39689,17.414604],[78.396748,17.414649],[78.396716,17.414554],[78.396857,17.41451],[78.39689,17.414604]]]},"properties":{"id":"bf7fd10c5caa","height":null,"num_floors":null,"render_height_m":9.6,"height_label":"assumed"}},{"type":"Feature","geometry":{"type":"Polygon","coordinates":[[[78.396118,17.414553],[78.396113,17.414688],[78.39607,17.414687],[78.396075,17.414551],[78.396118,17.414553]]]},"properties":{"id":"77dfe4ec30c7","height":null,"num_floors":null,"render_height_m":6.4,"height_label":"assumed"}},{"type":"Feature","geometry":{"type":"Polygon","coordinates":[[[78.396636,17.413935],[78.396522,17.41397],[78.396492,17.413882],[78.396605,17.413847],[78.396636,17.413935]]]},"properties":{"id":"97344e53f08b","height":null,"num_floors":null,"render_height_m":9.6,"height_label":"assumed"}},{"type":"Feature","geometry":{"type":"Polygon","coordinates":[[[78.396613,17.413796],[78.396485,17.413835],[78.396451,17.413735],[78.396578,17.413695],[78.396613,17.413796]]]},"properties":{"id":"73888d3fbeec","height":null,"num_floors":null,"render_height_m":9.6,"height_label":"assumed"}},{"type":"Feature","geometry":{"type":"Polygon","coordinates":[[[78.39657,17.413659],[78.396432,17.413702],[78.3964,17.413609],[78.396538,17.413566],[78.39657,17.413659]]]},"properties":{"id":"f91e3eee4542","height":null,"num_floors":null,"render_height_m":9.6,"height_label":"assumed"}},{"type":"Feature","geometry":{"type":"Polygon","coordinates":[[[78.396953,17.413698],[78.396801,17.413745],[78.396763,17.413636],[78.396915,17.413589],[78.396953,17.413698]]]},"properties":{"id":"6a936014d2b1","height":null,"num_floors":null,"render_height_m":9.6,"height_label":"assumed"}},{"type":"Feature","geometry":{"type":"Polygon","coordinates":[[[78.396997,17.413833],[78.396844,17.41388],[78.396809,17.41378],[78.396962,17.413732],[78.396997,17.413833]]]},"properties":{"id":"19afa5ff9c47","height":null,"num_floors":null,"render_height_m":9.6,"height_label":"assumed"}},{"type":"Feature","geometry":{"type":"Polygon","coordinates":[[[78.396759,17.413907],[78.396766,17.413943],[78.396736,17.413949],[78.396728,17.413913],[78.396759,17.413907]]]},"properties":{"id":"568e0b4e468b","height":null,"num_floors":null,"render_height_m":6.4,"height_label":"assumed"}},{"type":"Feature","geometry":{"type":"Polygon","coordinates":[[[78.396699,17.414071],[78.396569,17.414112],[78.396536,17.414016],[78.396666,17.413975],[78.396699,17.414071]]]},"properties":{"id":"aedf1c1043ab","height":null,"num_floors":null,"render_height_m":9.6,"height_label":"assumed"}},{"type":"Feature","geometry":{"type":"Polygon","coordinates":[[[78.397047,17.413972],[78.396891,17.41402],[78.396855,17.413915],[78.397011,17.413866],[78.397047,17.413972]]]},"properties":{"id":"58070d3aa6f2","height":null,"num_floors":null,"render_height_m":9.6,"height_label":"assumed"}},{"type":"Feature","geometry":{"type":"Polygon","coordinates":[[[78.397249,17.414113],[78.397101,17.414174],[78.397069,17.414101],[78.397216,17.41404],[78.397249,17.414113]]]},"properties":{"id":"cc52ccb43217","height":null,"num_floors":null,"render_height_m":9.6,"height_label":"assumed"}},{"type":"Feature","geometry":{"type":"Polygon","coordinates":[[[78.397228,17.413917],[78.397087,17.413961],[78.397048,17.413846],[78.397188,17.413802],[78.397228,17.413917]]]},"properties":{"id":"be1b70281db9","height":null,"num_floors":null,"render_height_m":9.6,"height_label":"assumed"}},{"type":"Feature","geometry":{"type":"Polygon","coordinates":[[[78.397182,17.413769],[78.397043,17.413812],[78.397009,17.413713],[78.397148,17.41367],[78.397182,17.413769]]]},"properties":{"id":"b1890ad79c20","height":null,"num_floors":null,"render_height_m":9.6,"height_label":"assumed"}},{"type":"Feature","geometry":{"type":"Polygon","coordinates":[[[78.397142,17.413634],[78.397003,17.413677],[78.396964,17.413565],[78.397104,17.413522],[78.397142,17.413634]]]},"properties":{"id":"c97a2c93ab2f","height":null,"num_floors":null,"render_height_m":9.6,"height_label":"assumed"}},{"type":"Feature","geometry":{"type":"Polygon","coordinates":[[[78.39694,17.413382],[78.396674,17.413473],[78.396621,17.41333],[78.396887,17.41324],[78.39694,17.413382]]]},"properties":{"id":"646403248f00","height":null,"num_floors":null,"render_height_m":12.8,"height_label":"assumed"}},{"type":"Feature","geometry":{"type":"Polygon","coordinates":[[[78.396985,17.413387],[78.396997,17.41342],[78.396798,17.413488],[78.396786,17.413455],[78.396985,17.413387]]]},"properties":{"id":"deecde2e1972","height":null,"num_floors":null,"render_height_m":9.6,"height_label":"assumed"}},{"type":"Feature","geometry":{"type":"Polygon","coordinates":[[[78.397208,17.412577],[78.397264,17.412747],[78.397126,17.412788],[78.397137,17.412821],[78.397117,17.412827],[78.397107,17.412794],[78.397043,17.412813],[78.397057,17.412854],[78.396917,17.412896],[78.39686,17.41272],[78.397063,17.41266],[78.397069,17.412677],[78.397089,17.412671],[78.397071,17.412617],[78.397208,17.412577]]]},"properties":{"id":"46710956b37c","height":null,"num_floors":null,"render_height_m":12.8,"height_label":"assumed"}},{"type":"Feature","geometry":{"type":"Polygon","coordinates":[[[78.396816,17.4126],[78.396844,17.412598],[78.396846,17.412629],[78.396818,17.412631],[78.396816,17.4126]]]},"properties":{"id":"50367a761696","height":null,"num_floors":null,"render_height_m":6.4,"height_label":"assumed"}},{"type":"Feature","geometry":{"type":"Polygon","coordinates":[[[78.396363,17.412853],[78.396397,17.412841],[78.396417,17.412891],[78.396383,17.412904],[78.396363,17.412853]]]},"properties":{"id":"2164690a725a","height":null,"num_floors":null,"render_height_m":6.4,"height_label":"assumed"}},{"type":"Feature","geometry":{"type":"Polygon","coordinates":[[[78.396359,17.412799],[78.396306,17.412822],[78.396277,17.412764],[78.396331,17.412741],[78.396359,17.412799]]]},"properties":{"id":"f5d32450c261","height":null,"num_floors":null,"render_height_m":6.4,"height_label":"assumed"}},{"type":"Feature","geometry":{"type":"Polygon","coordinates":[[[78.396518,17.413512],[78.396374,17.413556],[78.396344,17.41347],[78.396488,17.413425],[78.396518,17.413512]]]},"properties":{"id":"e37463b67691","height":null,"num_floors":null,"render_height_m":9.6,"height_label":"assumed"}},{"type":"Feature","geometry":{"type":"Polygon","coordinates":[[[78.396154,17.413428],[78.396,17.41354],[78.395944,17.41347],[78.396097,17.413358],[78.396154,17.413428]]]},"properties":{"id":"4adc126fb40c","height":null,"num_floors":null,"render_height_m":9.6,"height_label":"assumed"}},{"type":"Feature","geometry":{"type":"Polygon","coordinates":[[[78.396067,17.413359],[78.395945,17.413455],[78.395876,17.413375],[78.395998,17.413279],[78.396067,17.413359]]]},"properties":{"id":"0fdab06abfcb","height":null,"num_floors":null,"render_height_m":9.6,"height_label":"assumed"}},{"type":"Feature","geometry":{"type":"Polygon","coordinates":[[[78.395997,17.413239],[78.395848,17.413346],[78.3958,17.413285],[78.395949,17.413178],[78.395997,17.413239]]]},"properties":{"id":"14ed773d5617","height":null,"num_floors":null,"render_height_m":9.6,"height_label":"assumed"}},{"type":"Feature","geometry":{"type":"Polygon","coordinates":[[[78.395581,17.413149],[78.395474,17.413232],[78.395408,17.413155],[78.395515,17.413071],[78.395581,17.413149]]]},"properties":{"id":"f8f91d352a88","height":null,"num_floors":null,"render_height_m":9.6,"height_label":"assumed"}},{"type":"Feature","geometry":{"type":"Polygon","coordinates":[[[78.395716,17.413307],[78.39558,17.4134],[78.395489,17.413287],[78.395612,17.413195],[78.395716,17.413307]]]},"properties":{"id":"3f6c8d949d35","height":null,"num_floors":null,"render_height_m":12.8,"height_label":"assumed"}},{"type":"Feature","geometry":{"type":"Polygon","coordinates":[[[78.395851,17.413526],[78.395741,17.413602],[78.395598,17.413413],[78.395708,17.413337],[78.395851,17.413526]]]},"properties":{"id":"0d525a05e279","height":null,"num_floors":null,"render_height_m":12.8,"height_label":"assumed"}},{"type":"Feature","geometry":{"type":"Polygon","coordinates":[[[78.395643,17.413574],[78.395557,17.413626],[78.395523,17.413576],[78.39561,17.413523],[78.395643,17.413574]]]},"properties":{"id":"9bc1ca3af07a","height":null,"num_floors":null,"render_height_m":6.4,"height_label":"assumed"}},{"type":"Feature","geometry":{"type":"Polygon","coordinates":[[[78.395545,17.413413],[78.395448,17.41348],[78.395381,17.413391],[78.395478,17.413324],[78.395545,17.413413]]]},"properties":{"id":"29548e915a97","height":null,"num_floors":null,"render_height_m":9.6,"height_label":"assumed"}},{"type":"Feature","geometry":{"type":"Polygon","coordinates":[[[78.395227,17.413449],[78.395116,17.41333],[78.395163,17.41329],[78.395274,17.413408],[78.395227,17.413449]]]},"properties":{"id":"a5896409f52c","height":null,"num_floors":null,"render_height_m":9.6,"height_label":"assumed"}},{"type":"Feature","geometry":{"type":"Polygon","coordinates":[[[78.39522,17.413539],[78.395268,17.41359],[78.395223,17.413628],[78.395176,17.413576],[78.39522,17.413539]]]},"properties":{"id":"689e5743ebb9","height":null,"num_floors":null,"render_height_m":6.4,"height_label":"assumed"}},{"type":"Feature","geometry":{"type":"Polygon","coordinates":[[[78.394895,17.413552],[78.394934,17.413567],[78.394922,17.413595],[78.394883,17.41358],[78.394895,17.413552]]]},"properties":{"id":"b39fa810dcf9","height":null,"num_floors":null,"render_height_m":6.4,"height_label":"assumed"}},{"type":"Feature","geometry":{"type":"Polygon","coordinates":[[[78.39502,17.413385],[78.394982,17.413456],[78.394936,17.413432],[78.394974,17.413362],[78.39502,17.413385]]]},"properties":{"id":"f59ada43340a","height":null,"num_floors":null,"render_height_m":6.4,"height_label":"assumed"}},{"type":"Feature","geometry":{"type":"Polygon","coordinates":[[[78.395184,17.413509],[78.395091,17.41342],[78.395139,17.413375],[78.395232,17.413464],[78.395184,17.413509]]]},"properties":{"id":"eb34c4662c8d","height":null,"num_floors":null,"render_height_m":9.6,"height_label":"assumed"}},{"type":"Feature","geometry":{"type":"Polygon","coordinates":[[[78.395031,17.41329],[78.395072,17.413319],[78.395022,17.413384],[78.394981,17.413356],[78.395031,17.41329]]]},"properties":{"id":"a627080eebaf","height":null,"num_floors":null,"render_height_m":6.4,"height_label":"assumed"}},{"type":"Feature","geometry":{"type":"Polygon","coordinates":[[[78.394953,17.413283],[78.394905,17.413263],[78.394978,17.413103],[78.395026,17.413122],[78.394953,17.413283]]]},"properties":{"id":"9b2de6c20b97","height":null,"num_floors":null,"render_height_m":9.6,"height_label":"assumed"}},{"type":"Feature","geometry":{"type":"Polygon","coordinates":[[[78.395385,17.413173],[78.395236,17.413305],[78.395122,17.413189],[78.395272,17.413056],[78.395385,17.413173]]]},"properties":{"id":"f9c2262375d8","height":null,"num_floors":null,"render_height_m":12.8,"height_label":"assumed"}},{"type":"Feature","geometry":{"type":"Polygon","coordinates":[[[78.395337,17.413262],[78.395369,17.413297],[78.395312,17.413344],[78.395281,17.41331],[78.395337,17.413262]]]},"properties":{"id":"3ceb83c7f1f2","height":null,"num_floors":null,"render_height_m":6.4,"height_label":"assumed"}},{"type":"Feature","geometry":{"type":"Polygon","coordinates":[[[78.395337,17.413092],[78.395291,17.413042],[78.395408,17.412951],[78.395439,17.41299],[78.395482,17.413029],[78.395461,17.413051],[78.395427,17.413015],[78.395337,17.413092]]]},"properties":{"id":"d07af2e7eab1","height":null,"num_floors":null,"render_height_m":9.6,"height_label":"assumed"}},{"type":"Feature","geometry":{"type":"Polygon","coordinates":[[[78.395385,17.412913],[78.395351,17.412935],[78.395261,17.41283],[78.395296,17.412806],[78.395337,17.412856],[78.395385,17.412913]]]},"properties":{"id":"5d272cf70723","height":null,"num_floors":null,"render_height_m":6.4,"height_label":"assumed"}},{"type":"Feature","geometry":{"type":"Polygon","coordinates":[[[78.395336,17.41294],[78.395237,17.413023],[78.395169,17.412948],[78.395269,17.412866],[78.395336,17.41294]]]},"properties":{"id":"c4709fa4bee8","height":null,"num_floors":null,"render_height_m":9.6,"height_label":"assumed"}},{"type":"Feature","geometry":{"type":"Polygon","coordinates":[[[78.395241,17.413062],[78.39512,17.413157],[78.395048,17.413073],[78.39517,17.412979],[78.395241,17.413062]]]},"properties":{"id":"15342e954f9c","height":null,"num_floors":null,"render_height_m":9.6,"height_label":"assumed"}},{"type":"Feature","geometry":{"type":"Polygon","coordinates":[[[78.395433,17.41269],[78.395488,17.412761],[78.395423,17.412807],[78.395368,17.412736],[78.395433,17.41269]]]},"properties":{"id":"c7a3cba2e4e1","height":null,"num_floors":null,"render_height_m":9.6,"height_label":"assumed"}},{"type":"Feature","geometry":{"type":"Polygon","coordinates":[[[78.395731,17.412593],[78.395642,17.412662],[78.395541,17.412544],[78.395631,17.412475],[78.395731,17.412593]]]},"properties":{"id":"890da230f8f8","height":null,"num_floors":null,"render_height_m":9.6,"height_label":"assumed"}},{"type":"Feature","geometry":{"type":"Polygon","coordinates":[[[78.395821,17.412731],[78.395755,17.412781],[78.395665,17.412673],[78.39573,17.412623],[78.395821,17.412731]]]},"properties":{"id":"76fdb54ffb6c","height":null,"num_floors":null,"render_height_m":9.6,"height_label":"assumed"}},{"type":"Feature","geometry":{"type":"Polygon","coordinates":[[[78.395741,17.412797],[78.395681,17.412838],[78.395596,17.412726],[78.395656,17.412685],[78.395741,17.412797]]]},"properties":{"id":"e3c5e9547b39","height":null,"num_floors":null,"render_height_m":9.6,"height_label":"assumed"}},{"type":"Feature","geometry":{"type":"Polygon","coordinates":[[[78.395573,17.412704],[78.395513,17.412759],[78.395444,17.412688],[78.395504,17.412636],[78.395573,17.412704]]]},"properties":{"id":"236860dfdea1","height":null,"num_floors":null,"render_height_m":9.6,"height_label":"assumed"}},{"type":"Feature","geometry":{"type":"Polygon","coordinates":[[[78.395634,17.412802],[78.395506,17.412905],[78.395451,17.412842],[78.395579,17.41274],[78.395634,17.412802]]]},"properties":{"id":"381b17d6bf1b","height":null,"num_floors":null,"render_height_m":9.6,"height_label":"assumed"}},{"type":"Feature","geometry":{"type":"Polygon","coordinates":[[[78.395683,17.412862],[78.39555,17.412966],[78.395505,17.412914],[78.395638,17.41281],[78.395683,17.412862]]]},"properties":{"id":"13b85226d4c7","height":null,"num_floors":null,"render_height_m":9.6,"height_label":"assumed"}},{"type":"Feature","geometry":{"type":"Polygon","coordinates":[[[78.395684,17.412965],[78.395596,17.413031],[78.39555,17.412974],[78.395683,17.412875],[78.395703,17.4129],[78.395658,17.412934],[78.395684,17.412965]]]},"properties":{"id":"3d51c988f68a","height":null,"num_floors":null,"render_height_m":9.6,"height_label":"assumed"}},{"type":"Feature","geometry":{"type":"Polygon","coordinates":[[[78.395896,17.41287],[78.395761,17.412847],[78.395774,17.412777],[78.39591,17.412801],[78.395896,17.41287]]]},"properties":{"id":"2edd5670e97c","height":null,"num_floors":null,"render_height_m":9.6,"height_label":"assumed"}},{"type":"Feature","geometry":{"type":"Polygon","coordinates":[[[78.395883,17.413008],[78.395731,17.412978],[78.395747,17.412905],[78.395899,17.412935],[78.395883,17.413008]]]},"properties":{"id":"5db7637c298b","height":null,"num_floors":null,"render_height_m":9.6,"height_label":"assumed"}},{"type":"Feature","geometry":{"type":"Polygon","coordinates":[[[78.395939,17.413039],[78.395968,17.413089],[78.395927,17.413112],[78.395897,17.413062],[78.395939,17.413039]]]},"properties":{"id":"1eb0277a5429","height":null,"num_floors":null,"render_height_m":6.4,"height_label":"assumed"}},{"type":"Feature","geometry":{"type":"Polygon","coordinates":[[[78.395931,17.412404],[78.39594,17.412448],[78.395901,17.412456],[78.395892,17.412412],[78.395931,17.412404]]]},"properties":{"id":"dea8cbc7c19f","height":null,"num_floors":null,"render_height_m":6.4,"height_label":"assumed"}},{"type":"Feature","geometry":{"type":"Polygon","coordinates":[[[78.395892,17.412411],[78.395767,17.412495],[78.395684,17.412382],[78.395809,17.412298],[78.395892,17.412411]]]},"properties":{"id":"092ce1205d47","height":null,"num_floors":null,"render_height_m":9.6,"height_label":"assumed"}},{"type":"Feature","geometry":{"type":"Polygon","coordinates":[[[78.395655,17.411995],[78.395679,17.412034],[78.395611,17.412073],[78.395587,17.412034],[78.395655,17.411995]]]},"properties":{"id":"a9258cfc0e78","height":null,"num_floors":null,"render_height_m":6.4,"height_label":"assumed"}},{"type":"Feature","geometry":{"type":"Polygon","coordinates":[[[78.395583,17.412043],[78.39561,17.412077],[78.395582,17.412098],[78.395555,17.412064],[78.395583,17.412043]]]},"properties":{"id":"2c0b5e877cb0","height":null,"num_floors":null,"render_height_m":6.4,"height_label":"assumed"}},{"type":"Feature","geometry":{"type":"Polygon","coordinates":[[[78.395461,17.412018],[78.3955,17.411997],[78.395551,17.412082],[78.395512,17.412104],[78.395461,17.412018]]]},"properties":{"id":"32e9b73fb309","height":null,"num_floors":null,"render_height_m":6.4,"height_label":"assumed"}},{"type":"Feature","geometry":{"type":"Polygon","coordinates":[[[78.395016,17.412516],[78.395058,17.412521],[78.395055,17.412547],[78.395013,17.412543],[78.395016,17.412516]]]},"properties":{"id":"e9b4f1ba2a35","height":null,"num_floors":null,"render_height_m":6.4,"height_label":"assumed"}},{"type":"Feature","geometry":{"type":"Polygon","coordinates":[[[78.395015,17.412538],[78.395052,17.412539],[78.395051,17.412565],[78.395014,17.412564],[78.395015,17.412538]]]},"properties":{"id":"d3cc2b0b3c74","height":null,"num_floors":null,"render_height_m":6.4,"height_label":"assumed"}},{"type":"Feature","geometry":{"type":"Polygon","coordinates":[[[78.39509,17.412366],[78.394957,17.412378],[78.394942,17.412224],[78.395075,17.412212],[78.39509,17.412366]]]},"properties":{"id":"d9526838f5dc","height":null,"num_floors":null,"render_height_m":9.6,"height_label":"assumed"}},{"type":"Feature","geometry":{"type":"Polygon","coordinates":[[[78.395145,17.412355],[78.39516,17.412414],[78.395063,17.412436],[78.395048,17.412377],[78.395145,17.412355]]]},"properties":{"id":"3908de4bff39","height":null,"num_floors":null,"render_height_m":6.4,"height_label":"assumed"}},{"type":"Feature","geometry":{"type":"Polygon","coordinates":[[[78.395145,17.412355],[78.395174,17.412349],[78.395195,17.412436],[78.395167,17.412443],[78.395145,17.412355]]]},"properties":{"id":"174ef67e1c32","height":null,"num_floors":null,"render_height_m":6.4,"height_label":"assumed"}},{"type":"Feature","geometry":{"type":"Polygon","coordinates":[[[78.395184,17.41233],[78.395098,17.412332],[78.395095,17.412217],[78.395182,17.412215],[78.395184,17.41233]]]},"properties":{"id":"e54c43475c74","height":null,"num_floors":null,"render_height_m":9.6,"height_label":"assumed"}},{"type":"Feature","geometry":{"type":"Polygon","coordinates":[[[78.395211,17.41215],[78.39496,17.412147],[78.394961,17.412044],[78.395212,17.412047],[78.395211,17.41215]]]},"properties":{"id":"9482b5a0de4e","height":null,"num_floors":null,"render_height_m":12.8,"height_label":"assumed"}},{"type":"Feature","geometry":{"type":"Polygon","coordinates":[[[78.395476,17.4121],[78.395259,17.412308],[78.39519,17.412242],[78.395406,17.412034],[78.395476,17.4121]]]},"properties":{"id":"5528a95a810b","height":null,"num_floors":null,"render_height_m":12.8,"height_label":"assumed"}},{"type":"Feature","geometry":{"type":"Polygon","coordinates":[[[78.395396,17.412013],[78.395347,17.412033],[78.395292,17.411909],[78.395341,17.41189],[78.395396,17.412013]]]},"properties":{"id":"5af60924697b","height":null,"num_floors":null,"render_height_m":9.6,"height_label":"assumed"}},{"type":"Feature","geometry":{"type":"Polygon","coordinates":[[[78.395479,17.411978],[78.395401,17.412005],[78.395333,17.411822],[78.395412,17.411796],[78.395479,17.411978]]]},"properties":{"id":"34ed865d2ec4","height":null,"num_floors":null,"render_height_m":9.6,"height_label":"assumed"}},{"type":"Feature","geometry":{"type":"Polygon","coordinates":[[[78.395322,17.411881],[78.395277,17.411879],[78.395284,17.411754],[78.395329,17.411756],[78.395322,17.411881]]]},"properties":{"id":"9b4ec2c9a555","height":null,"num_floors":null,"render_height_m":6.4,"height_label":"assumed"}},{"type":"Feature","geometry":{"type":"Polygon","coordinates":[[[78.395355,17.412066],[78.395284,17.412125],[78.395285,17.411923],[78.395355,17.412066]]]},"properties":{"id":"61c51f792f7f","height":null,"num_floors":null,"render_height_m":9.6,"height_label":"assumed"}},{"type":"Feature","geometry":{"type":"Polygon","coordinates":[[[78.395213,17.412024],[78.394968,17.412023],[78.394969,17.411938],[78.395214,17.411939],[78.395213,17.412024]]]},"properties":{"id":"b395f3eb7b2c","height":null,"num_floors":null,"render_height_m":9.6,"height_label":"assumed"}},{"type":"Feature","geometry":{"type":"Polygon","coordinates":[[[78.395077,17.411913],[78.39497,17.411913],[78.39497,17.411811],[78.395077,17.411811],[78.395077,17.411913]]]},"properties":{"id":"d35e2e2b9986","height":null,"num_floors":null,"render_height_m":9.6,"height_label":"assumed"}},{"type":"Feature","geometry":{"type":"Polygon","coordinates":[[[78.395218,17.411922],[78.395095,17.411922],[78.395095,17.411802],[78.395218,17.411802],[78.395218,17.411922]]]},"properties":{"id":"205bc22947bd","height":null,"num_floors":null,"render_height_m":9.6,"height_label":"assumed"}},{"type":"Feature","geometry":{"type":"Polygon","coordinates":[[[78.395083,17.411789],[78.394976,17.411786],[78.394979,17.411704],[78.395085,17.411706],[78.395083,17.411789]]]},"properties":{"id":"f71ef1146d2e","height":null,"num_floors":null,"render_height_m":9.6,"height_label":"assumed"}},{"type":"Feature","geometry":{"type":"Polygon","coordinates":[[[78.395082,17.411691],[78.394972,17.411687],[78.394976,17.411594],[78.395085,17.411598],[78.395082,17.411691]]]},"properties":{"id":"55c034b95608","height":null,"num_floors":null,"render_height_m":9.6,"height_label":"assumed"}},{"type":"Feature","geometry":{"type":"Polygon","coordinates":[[[78.395086,17.411579],[78.394985,17.411577],[78.394987,17.411479],[78.395088,17.411481],[78.395086,17.411579]]]},"properties":{"id":"749160a78de5","height":null,"num_floors":null,"render_height_m":9.6,"height_label":"assumed"}},{"type":"Feature","geometry":{"type":"Polygon","coordinates":[[[78.395234,17.411686],[78.395102,17.411682],[78.395109,17.411457],[78.395241,17.411461],[78.395234,17.411686]]]},"properties":{"id":"ba7508d638fa","height":null,"num_floors":null,"render_height_m":12.8,"height_label":"assumed"}},{"type":"Feature","geometry":{"type":"Polygon","coordinates":[[[78.395421,17.411576],[78.395449,17.411691],[78.395352,17.411713],[78.395324,17.411598],[78.395421,17.411576]]]},"properties":{"id":"cbdc0b206cf4","height":null,"num_floors":null,"render_height_m":9.6,"height_label":"assumed"}},{"type":"Feature","geometry":{"type":"Polygon","coordinates":[[[78.395575,17.411629],[78.395451,17.411655],[78.395431,17.411563],[78.395555,17.411538],[78.395575,17.411629]]]},"properties":{"id":"ab0c46d328c2","height":null,"num_floors":null,"render_height_m":9.6,"height_label":"assumed"}},{"type":"Feature","geometry":{"type":"Polygon","coordinates":[[[78.395734,17.411569],[78.39562,17.411603],[78.395598,17.411538],[78.395712,17.411503],[78.395734,17.411569]]]},"properties":{"id":"dd0e2e0ae826","height":null,"num_floors":null,"render_height_m":9.6,"height_label":"assumed"}},{"type":"Feature","geometry":{"type":"Polygon","coordinates":[[[78.395489,17.411692],[78.395518,17.411754],[78.395469,17.411776],[78.39544,17.411713],[78.395489,17.411692]]]},"properties":{"id":"f099a8e231e9","height":null,"num_floors":null,"render_height_m":6.4,"height_label":"assumed"}},{"type":"Feature","geometry":{"type":"Polygon","coordinates":[[[78.395624,17.41184],[78.395579,17.411859],[78.395546,17.411789],[78.395591,17.41177],[78.395624,17.41184]]]},"properties":{"id":"f394c69c6b08","height":null,"num_floors":null,"render_height_m":6.4,"height_label":"assumed"}},{"type":"Feature","geometry":{"type":"Polygon","coordinates":[[[78.395607,17.41198],[78.395549,17.412014],[78.39547,17.411892],[78.395528,17.411858],[78.39556,17.411906],[78.395611,17.411877],[78.395651,17.41194],[78.3956,17.411969],[78.395607,17.41198]]]},"properties":{"id":"fd9196d44ae5","height":null,"num_floors":null,"render_height_m":9.6,"height_label":"assumed"}},{"type":"Feature","geometry":{"type":"Polygon","coordinates":[[[78.395856,17.411755],[78.395752,17.411821],[78.395717,17.411771],[78.395821,17.411705],[78.395856,17.411755]]]},"properties":{"id":"10aa79d5dfad","height":null,"num_floors":null,"render_height_m":9.6,"height_label":"assumed"}},{"type":"Feature","geometry":{"type":"Polygon","coordinates":[[[78.39579,17.411598],[78.395829,17.41158],[78.395876,17.411672],[78.395837,17.41169],[78.39579,17.411598]]]},"properties":{"id":"314d227630d1","height":null,"num_floors":null,"render_height_m":6.4,"height_label":"assumed"}},{"type":"Feature","geometry":{"type":"Polygon","coordinates":[[[78.396021,17.411628],[78.395923,17.411675],[78.395852,17.411543],[78.395951,17.411495],[78.396021,17.411628]]]},"properties":{"id":"22b79f5c94ff","height":null,"num_floors":null,"render_height_m":9.6,"height_label":"assumed"}},{"type":"Feature","geometry":{"type":"Polygon","coordinates":[[[78.396377,17.411933],[78.396401,17.411984],[78.396325,17.412016],[78.396302,17.411965],[78.396377,17.411933]]]},"properties":{"id":"c3e547272e75","height":null,"num_floors":null,"render_height_m":6.4,"height_label":"assumed"}},{"type":"Feature","geometry":{"type":"Polygon","coordinates":[[[78.396299,17.412037],[78.396369,17.412177],[78.396207,17.412251],[78.396148,17.412134],[78.396289,17.412069],[78.396278,17.412047],[78.396299,17.412037]]]},"properties":{"id":"f83ada15f35a","height":null,"num_floors":null,"render_height_m":12.8,"height_label":"assumed"}},{"type":"Feature","geometry":{"type":"Polygon","coordinates":[[[78.396072,17.412173],[78.396108,17.412248],[78.39604,17.412279],[78.396011,17.41222],[78.396053,17.412201],[78.396045,17.412185],[78.396072,17.412173]]]},"properties":{"id":"e29c974b27a4","height":null,"num_floors":null,"render_height_m":6.4,"height_label":"assumed"}},{"type":"Feature","geometry":{"type":"Polygon","coordinates":[[[78.396283,17.412269],[78.396346,17.4124],[78.396287,17.412426],[78.396224,17.412295],[78.396283,17.412269]]]},"properties":{"id":"feb208566ed2","height":null,"num_floors":null,"render_height_m":9.6,"height_label":"assumed"}},{"type":"Feature","geometry":{"type":"Polygon","coordinates":[[[78.396392,17.412221],[78.396422,17.412208],[78.396449,17.412264],[78.396419,17.412277],[78.396392,17.412221]]]},"properties":{"id":"71664eda9cc4","height":null,"num_floors":null,"render_height_m":6.4,"height_label":"assumed"}},{"type":"Feature","geometry":{"type":"Polygon","coordinates":[[[78.396751,17.4121],[78.396603,17.412165],[78.396529,17.412012],[78.396677,17.411948],[78.3967,17.411994],[78.396756,17.411969],[78.396782,17.412023],[78.396726,17.412048],[78.396751,17.4121]]]},"properties":{"id":"60ab51bcf6c6","height":null,"num_floors":null,"render_height_m":12.8,"height_label":"assumed"}},{"type":"Feature","geometry":{"type":"Polygon","coordinates":[[[78.39702,17.412274],[78.397069,17.41244],[78.396937,17.412477],[78.396948,17.412515],[78.396926,17.412521],[78.396914,17.412483],[78.396855,17.412499],[78.39687,17.41255],[78.396741,17.412586],[78.39669,17.412414],[78.396844,17.412371],[78.396837,17.412348],[78.396871,17.412338],[78.396878,17.412362],[78.396901,17.412356],[78.396888,17.412311],[78.39702,17.412274]]]},"properties":{"id":"9a620f25a44e","height":null,"num_floors":null,"render_height_m":12.8,"height_label":"assumed"}},{"type":"Feature","geometry":{"type":"Polygon","coordinates":[[[78.397282,17.41238],[78.397115,17.412456],[78.397053,17.412332],[78.39722,17.412256],[78.397282,17.41238]]]},"properties":{"id":"1a83882da0c1","height":null,"num_floors":null,"render_height_m":12.8,"height_label":"assumed"}},{"type":"Feature","geometry":{"type":"Polygon","coordinates":[[[78.397119,17.412172],[78.396867,17.412296],[78.396807,17.412185],[78.397059,17.412061],[78.397119,17.412172]]]},"properties":{"id":"d1bc8660be12","height":null,"num_floors":null,"render_height_m":12.8,"height_label":"assumed"}},{"type":"Feature","geometry":{"type":"Polygon","coordinates":[[[78.397184,17.411972],[78.397103,17.412004],[78.396991,17.411753],[78.397072,17.41172],[78.397184,17.411972]]]},"properties":{"id":"5e8222c17dbd","height":null,"num_floors":null,"render_height_m":12.8,"height_label":"assumed"}},{"type":"Feature","geometry":{"type":"Polygon","coordinates":[[[78.396708,17.411761],[78.396735,17.411837],[78.396657,17.411863],[78.39663,17.411787],[78.396708,17.411761]]]},"properties":{"id":"6290b6ef1a07","height":null,"num_floors":null,"render_height_m":6.4,"height_label":"assumed"}},{"type":"Feature","geometry":{"type":"Polygon","coordinates":[[[78.396907,17.411665],[78.396929,17.411724],[78.396747,17.411783],[78.396726,17.411724],[78.396907,17.411665]]]},"properties":{"id":"8fcc2fc71006","height":null,"num_floors":null,"render_height_m":9.6,"height_label":"assumed"}},{"type":"Feature","geometry":{"type":"Polygon","coordinates":[[[78.397241,17.411813],[78.397156,17.411846],[78.396991,17.411455],[78.397077,17.411423],[78.397241,17.411813]]]},"properties":{"id":"52019acf9fc5","height":null,"num_floors":null,"render_height_m":12.8,"height_label":"assumed"}},{"type":"Feature","geometry":{"type":"Polygon","coordinates":[[[78.39754,17.411827],[78.397368,17.411886],[78.39731,17.411732],[78.397482,17.411673],[78.39754,17.411827]]]},"properties":{"id":"f41f8df1f919","height":null,"num_floors":null,"render_height_m":12.8,"height_label":"assumed"}},{"type":"Feature","geometry":{"type":"Polygon","coordinates":[[[78.397474,17.412243],[78.397384,17.412284],[78.397209,17.411935],[78.397299,17.411894],[78.397355,17.412007],[78.397405,17.411984],[78.397452,17.412079],[78.397402,17.412101],[78.397474,17.412243]]]},"properties":{"id":"d1c9c99e0f52","height":null,"num_floors":null,"render_height_m":12.8,"height_label":"assumed"}},{"type":"Feature","geometry":{"type":"Polygon","coordinates":[[[78.397282,17.412349],[78.397311,17.412341],[78.397328,17.412396],[78.397299,17.412405],[78.397282,17.412349]]]},"properties":{"id":"18b53e77d92d","height":null,"num_floors":null,"render_height_m":6.4,"height_label":"assumed"}},{"type":"Feature","geometry":{"type":"Polygon","coordinates":[[[78.397511,17.412317],[78.397518,17.412337],[78.397459,17.412356],[78.397452,17.412336],[78.397511,17.412317]]]},"properties":{"id":"4741ac296794","height":null,"num_floors":null,"render_height_m":6.4,"height_label":"assumed"}},{"type":"Feature","geometry":{"type":"Polygon","coordinates":[[[78.397846,17.412297],[78.397715,17.412355],[78.397637,17.412196],[78.397769,17.412138],[78.397846,17.412297]]]},"properties":{"id":"eecea2373b28","height":null,"num_floors":null,"render_height_m":12.8,"height_label":"assumed"}},{"type":"Feature","geometry":{"type":"Polygon","coordinates":[[[78.398187,17.412252],[78.398203,17.412292],[78.398163,17.412308],[78.398146,17.412267],[78.398187,17.412252]]]},"properties":{"id":"4dc1dad48944","height":null,"num_floors":null,"render_height_m":6.4,"height_label":"assumed"}},{"type":"Feature","geometry":{"type":"Polygon","coordinates":[[[78.398298,17.412215],[78.398205,17.412264],[78.397992,17.411893],[78.398085,17.411845],[78.398194,17.412033],[78.398298,17.412215]]]},"properties":{"id":"6fb82becb625","height":null,"num_floors":null,"render_height_m":12.8,"height_label":"assumed"}},{"type":"Feature","geometry":{"type":"Polygon","coordinates":[[[78.398812,17.411859],[78.398435,17.412072],[78.398211,17.41171],[78.398588,17.411498],[78.398812,17.411859]]]},"properties":{"id":"559f2de4914b","height":null,"num_floors":null,"render_height_m":19.2,"height_label":"assumed"}},{"type":"Feature","geometry":{"type":"Polygon","coordinates":[[[78.398585,17.412708],[78.3985,17.412753],[78.398275,17.412366],[78.398361,17.412321],[78.398431,17.412443],[78.398484,17.412415],[78.39852,17.412475],[78.398555,17.412536],[78.398501,17.412564],[78.398585,17.412708]]]},"properties":{"id":"9c225272e02c","height":null,"num_floors":null,"render_height_m":12.8,"height_label":"assumed"}},{"type":"Feature","geometry":{"type":"Polygon","coordinates":[[[78.398727,17.413209],[78.398615,17.413266],[78.398411,17.412901],[78.398522,17.412844],[78.398727,17.413209]]]},"properties":{"id":"78a19eccc1f5","height":null,"num_floors":null,"render_height_m":12.8,"height_label":"assumed"}},{"type":"Feature","geometry":{"type":"Polygon","coordinates":[[[78.398462,17.413187],[78.398357,17.413221],[78.398328,17.413139],[78.398433,17.413105],[78.398462,17.413187]]]},"properties":{"id":"7717e7d4dd8b","height":null,"num_floors":null,"render_height_m":9.6,"height_label":"assumed"}},{"type":"Feature","geometry":{"type":"Polygon","coordinates":[[[78.39853,17.413341],[78.398406,17.41338],[78.398374,17.413289],[78.398499,17.41325],[78.39853,17.413341]]]},"properties":{"id":"b1dfea1f9f5a","height":null,"num_floors":null,"render_height_m":9.6,"height_label":"assumed"}},{"type":"Feature","geometry":{"type":"Polygon","coordinates":[[[78.398576,17.413459],[78.398459,17.413497],[78.398428,17.413411],[78.398545,17.413373],[78.398576,17.413459]]]},"properties":{"id":"4bcb635cb6e8","height":null,"num_floors":null,"render_height_m":9.6,"height_label":"assumed"}},{"type":"Feature","geometry":{"type":"Polygon","coordinates":[[[78.398642,17.413641],[78.398502,17.41368],[78.398463,17.413555],[78.398603,17.413515],[78.398642,17.413641]]]},"properties":{"id":"c0326af81800","height":null,"num_floors":null,"render_height_m":9.6,"height_label":"assumed"}},{"type":"Feature","geometry":{"type":"Polygon","coordinates":[[[78.398242,17.413439],[78.398103,17.413483],[78.39807,17.413385],[78.398209,17.413342],[78.398242,17.413439]]]},"properties":{"id":"0f0f9f07e5a5","height":null,"num_floors":null,"render_height_m":9.6,"height_label":"assumed"}},{"type":"Feature","geometry":{"type":"Polygon","coordinates":[[[78.39828,17.413575],[78.398136,17.41362],[78.398102,17.413519],[78.398246,17.413474],[78.39828,17.413575]]]},"properties":{"id":"ff96cc15e178","height":null,"num_floors":null,"render_height_m":9.6,"height_label":"assumed"}},{"type":"Feature","geometry":{"type":"Polygon","coordinates":[[[78.398006,17.413368],[78.397856,17.413414],[78.397831,17.413339],[78.39798,17.413293],[78.398006,17.413368]]]},"properties":{"id":"4282d7b39fe7","height":null,"num_floors":null,"render_height_m":9.6,"height_label":"assumed"}},{"type":"Feature","geometry":{"type":"Polygon","coordinates":[[[78.398044,17.41349],[78.397889,17.413538],[78.397862,17.413459],[78.398017,17.413411],[78.398044,17.41349]]]},"properties":{"id":"46eb22ee1974","height":null,"num_floors":null,"render_height_m":9.6,"height_label":"assumed"}},{"type":"Feature","geometry":{"type":"Polygon","coordinates":[[[78.397888,17.413134],[78.397762,17.413177],[78.397724,17.413074],[78.39785,17.413031],[78.397888,17.413134]]]},"properties":{"id":"9c92bb4f85e0","height":null,"num_floors":null,"render_height_m":9.6,"height_label":"assumed"}},{"type":"Feature","geometry":{"type":"Polygon","coordinates":[[[78.398181,17.413316],[78.398051,17.413356],[78.398023,17.413276],[78.398153,17.413235],[78.398181,17.413316]]]},"properties":{"id":"3523297d61e7","height":null,"num_floors":null,"render_height_m":9.6,"height_label":"assumed"}},{"type":"Feature","geometry":{"type":"Polygon","coordinates":[[[78.398227,17.413025],[78.39809,17.413071],[78.398053,17.41297],[78.398189,17.412924],[78.398227,17.413025]]]},"properties":{"id":"c5213fdaf345","height":null,"num_floors":null,"render_height_m":9.6,"height_label":"assumed"}},{"type":"Feature","geometry":{"type":"Polygon","coordinates":[[[78.398179,17.412902],[78.39805,17.412946],[78.398012,17.412844],[78.398141,17.412801],[78.398179,17.412902]]]},"properties":{"id":"1a2e39e1ff33","height":null,"num_floors":null,"render_height_m":9.6,"height_label":"assumed"}},{"type":"Feature","geometry":{"type":"Polygon","coordinates":[[[78.39847,17.412762],[78.398366,17.412812],[78.398157,17.412419],[78.39826,17.412369],[78.39847,17.412762]]]},"properties":{"id":"b6277b56c622","height":null,"num_floors":null,"render_height_m":12.8,"height_label":"assumed"}},{"type":"Feature","geometry":{"type":"Polygon","coordinates":[[[78.398137,17.412772],[78.397995,17.412821],[78.397961,17.412731],[78.398103,17.412682],[78.398137,17.412772]]]},"properties":{"id":"85d61b5ae1ec","height":null,"num_floors":null,"render_height_m":9.6,"height_label":"assumed"}},{"type":"Feature","geometry":{"type":"Polygon","coordinates":[[[78.398107,17.412639],[78.39793,17.412699],[78.397896,17.412608],[78.398073,17.412547],[78.398107,17.412639]]]},"properties":{"id":"af9dc81a8ea2","height":null,"num_floors":null,"render_height_m":9.6,"height_label":"assumed"}},{"type":"Feature","geometry":{"type":"Polygon","coordinates":[[[78.398041,17.413096],[78.397932,17.413133],[78.397886,17.41301],[78.397995,17.412973],[78.398041,17.413096]]]},"properties":{"id":"3a0f5d8f849d","height":null,"num_floors":null,"render_height_m":9.6,"height_label":"assumed"}},{"type":"Feature","geometry":{"type":"Polygon","coordinates":[[[78.397676,17.412411],[78.397743,17.412616],[78.397642,17.412646],[78.397651,17.412675],[78.39743,17.412741],[78.397346,17.412481],[78.397485,17.412439],[78.397494,17.412466],[78.397676,17.412411]]]},"properties":{"id":"d0d6ecd7848f","height":null,"num_floors":null,"render_height_m":19.2,"height_label":"assumed"}},{"type":"Feature","geometry":{"type":"Polygon","coordinates":[[[78.397775,17.412731],[78.397835,17.412909],[78.397558,17.412994],[78.397536,17.412931],[78.39739,17.412976],[78.397424,17.413079],[78.397275,17.413125],[78.397288,17.413163],[78.397264,17.41317],[78.397251,17.413133],[78.397189,17.413152],[78.397202,17.413189],[78.397082,17.413226],[78.39707,17.413189],[78.39705,17.413195],[78.397004,17.413059],[78.397206,17.412997],[78.397212,17.413016],[78.397236,17.413008],[78.397218,17.412954],[78.397367,17.412908],[78.397379,17.412944],[78.397526,17.412898],[78.397498,17.412817],[78.397775,17.412731]]]},"properties":{"id":"9e482ab36e47","height":null,"num_floors":null,"render_height_m":19.2,"height_label":"assumed"}},{"type":"Feature","geometry":{"type":"Polygon","coordinates":[[[78.397617,17.413054],[78.397631,17.413083],[78.397518,17.413132],[78.397504,17.413103],[78.397617,17.413054]]]},"properties":{"id":"07401583fcd9","height":null,"num_floors":null,"render_height_m":6.4,"height_label":"assumed"}},{"type":"Feature","geometry":{"type":"Polygon","coordinates":[[[78.397746,17.413189],[78.39761,17.413235],[78.397573,17.413136],[78.397709,17.41309],[78.397746,17.413189]]]},"properties":{"id":"5e43b2a0eafb","height":null,"num_floors":null,"render_height_m":9.6,"height_label":"assumed"}},{"type":"Feature","geometry":{"type":"Polygon","coordinates":[[[78.397541,17.413204],[78.397554,17.413251],[78.397466,17.413274],[78.397452,17.413227],[78.397541,17.413204]]]},"properties":{"id":"3c90cc435d85","height":null,"num_floors":null,"render_height_m":6.4,"height_label":"assumed"}},{"type":"Feature","geometry":{"type":"Polygon","coordinates":[[[78.397656,17.413489],[78.397531,17.413528],[78.397503,17.413445],[78.397627,17.413406],[78.397656,17.413489]]]},"properties":{"id":"0969274c6592","height":null,"num_floors":null,"render_height_m":9.6,"height_label":"assumed"}},{"type":"Feature","geometry":{"type":"Polygon","coordinates":[[[78.397717,17.413523],[78.397753,17.413512],[78.39778,17.413596],[78.397744,17.413607],[78.397717,17.413523]]]},"properties":{"id":"714d294a9ef5","height":null,"num_floors":null,"render_height_m":6.4,"height_label":"assumed"}},{"type":"Feature","geometry":{"type":"Polygon","coordinates":[[[78.397703,17.413607],[78.397572,17.413648],[78.397543,17.413562],[78.397674,17.413521],[78.397703,17.413607]]]},"properties":{"id":"ccbc743dcd65","height":null,"num_floors":null,"render_height_m":9.6,"height_label":"assumed"}},{"type":"Feature","geometry":{"type":"Polygon","coordinates":[[[78.397474,17.413539],[78.397327,17.413585],[78.397296,17.413494],[78.397443,17.413448],[78.397474,17.413539]]]},"properties":{"id":"92d54a8dd22a","height":null,"num_floors":null,"render_height_m":9.6,"height_label":"assumed"}},{"type":"Feature","geometry":{"type":"Polygon","coordinates":[[[78.397508,17.413636],[78.397366,17.41368],[78.397343,17.413613],[78.397485,17.413569],[78.397508,17.413636]]]},"properties":{"id":"af45384eaf3b","height":null,"num_floors":null,"render_height_m":9.6,"height_label":"assumed"}},{"type":"Feature","geometry":{"type":"Polygon","coordinates":[[[78.397555,17.413792],[78.397405,17.413839],[78.397373,17.413745],[78.397523,17.413698],[78.397555,17.413792]]]},"properties":{"id":"40ed0bbbac0d","height":null,"num_floors":null,"render_height_m":9.6,"height_label":"assumed"}},{"type":"Feature","geometry":{"type":"Polygon","coordinates":[[[78.397598,17.413917],[78.397457,17.413961],[78.397427,17.413874],[78.397568,17.413829],[78.397598,17.413917]]]},"properties":{"id":"7a520d1c77ae","height":null,"num_floors":null,"render_height_m":9.6,"height_label":"assumed"}},{"type":"Feature","geometry":{"type":"Polygon","coordinates":[[[78.397649,17.41406],[78.3975,17.414106],[78.39747,17.414021],[78.39762,17.413975],[78.397649,17.41406]]]},"properties":{"id":"893e1ebe7cfa","height":null,"num_floors":null,"render_height_m":9.6,"height_label":"assumed"}},{"type":"Feature","geometry":{"type":"Polygon","coordinates":[[[78.397844,17.41401],[78.397711,17.414051],[78.397678,17.413954],[78.397811,17.413913],[78.397844,17.41401]]]},"properties":{"id":"3734eb512f32","height":null,"num_floors":null,"render_height_m":9.6,"height_label":"assumed"}},{"type":"Feature","geometry":{"type":"Polygon","coordinates":[[[78.397788,17.413873],[78.397656,17.413914],[78.397624,17.413822],[78.397757,17.41378],[78.397788,17.413873]]]},"properties":{"id":"177cf72d9372","height":null,"num_floors":null,"render_height_m":9.6,"height_label":"assumed"}},{"type":"Feature","geometry":{"type":"Polygon","coordinates":[[[78.39774,17.413743],[78.397619,17.41378],[78.397586,17.413685],[78.397707,17.413647],[78.39774,17.413743]]]},"properties":{"id":"f2c59f9d4b38","height":null,"num_floors":null,"render_height_m":9.6,"height_label":"assumed"}},{"type":"Feature","geometry":{"type":"Polygon","coordinates":[[[78.398094,17.413642],[78.397935,17.413692],[78.3979,17.413587],[78.398058,17.413538],[78.398094,17.413642]]]},"properties":{"id":"7f0edfd63bd3","height":null,"num_floors":null,"render_height_m":9.6,"height_label":"assumed"}},{"type":"Feature","geometry":{"type":"Polygon","coordinates":[[[78.398166,17.413731],[78.398216,17.413728],[78.398219,17.413762],[78.398169,17.413765],[78.398166,17.413731]]]},"properties":{"id":"38d00e0c3d99","height":null,"num_floors":null,"render_height_m":6.4,"height_label":"assumed"}},{"type":"Feature","geometry":{"type":"Polygon","coordinates":[[[78.398115,17.413734],[78.398166,17.413731],[78.398169,17.413765],[78.398118,17.413769],[78.398115,17.413734]]]},"properties":{"id":"069587ea32f3","height":null,"num_floors":null,"render_height_m":6.4,"height_label":"assumed"}},{"type":"Feature","geometry":{"type":"Polygon","coordinates":[[[78.397888,17.414139],[78.397759,17.414179],[78.397727,17.414088],[78.397857,17.414047],[78.397888,17.414139]]]},"properties":{"id":"6e354c5684f0","height":null,"num_floors":null,"render_height_m":9.6,"height_label":"assumed"}},{"type":"Feature","geometry":{"type":"Polygon","coordinates":[[[78.397942,17.414277],[78.397802,17.414321],[78.39777,17.414228],[78.39791,17.414185],[78.397942,17.414277]]]},"properties":{"id":"a1348abd5151","height":null,"num_floors":null,"render_height_m":9.6,"height_label":"assumed"}},{"type":"Feature","geometry":{"type":"Polygon","coordinates":[[[78.397975,17.414412],[78.397842,17.414454],[78.397812,17.414363],[78.397943,17.414322],[78.397975,17.414412]]]},"properties":{"id":"bdf912c7b88f","height":null,"num_floors":null,"render_height_m":9.6,"height_label":"assumed"}},{"type":"Feature","geometry":{"type":"Polygon","coordinates":[[[78.398271,17.414169],[78.398127,17.414214],[78.398097,17.414125],[78.398241,17.41408],[78.398271,17.414169]]]},"properties":{"id":"6340fb1290ab","height":null,"num_floors":null,"render_height_m":9.6,"height_label":"assumed"}},{"type":"Feature","geometry":{"type":"Polygon","coordinates":[[[78.398321,17.41431],[78.398171,17.414357],[78.398139,17.414262],[78.398288,17.414216],[78.398321,17.41431]]]},"properties":{"id":"0a6d64708b00","height":null,"num_floors":null,"render_height_m":9.6,"height_label":"assumed"}},{"type":"Feature","geometry":{"type":"Polygon","coordinates":[[[78.398064,17.414684],[78.39793,17.414726],[78.397897,17.41463],[78.398031,17.414588],[78.398064,17.414684]]]},"properties":{"id":"37007f4fc099","height":null,"num_floors":null,"render_height_m":9.6,"height_label":"assumed"}},{"type":"Feature","geometry":{"type":"Polygon","coordinates":[[[78.398032,17.414555],[78.397899,17.414597],[78.39786,17.414484],[78.397994,17.414443],[78.398032,17.414555]]]},"properties":{"id":"3bed7448d20c","height":null,"num_floors":null,"render_height_m":9.6,"height_label":"assumed"}},{"type":"Feature","geometry":{"type":"Polygon","coordinates":[[[78.397847,17.41459],[78.397691,17.414639],[78.397655,17.414535],[78.397811,17.414486],[78.397847,17.41459]]]},"properties":{"id":"f25227d33e45","height":null,"num_floors":null,"render_height_m":9.6,"height_label":"assumed"}},{"type":"Feature","geometry":{"type":"Polygon","coordinates":[[[78.397784,17.414449],[78.397639,17.414494],[78.397604,17.414392],[78.397748,17.414346],[78.397784,17.414449]]]},"properties":{"id":"599820b3ce2e","height":null,"num_floors":null,"render_height_m":9.6,"height_label":"assumed"}},{"type":"Feature","geometry":{"type":"Polygon","coordinates":[[[78.39774,17.414315],[78.397588,17.414363],[78.397561,17.414284],[78.397713,17.414236],[78.39774,17.414315]]]},"properties":{"id":"b2e064eebb11","height":null,"num_floors":null,"render_height_m":9.6,"height_label":"assumed"}},{"type":"Feature","geometry":{"type":"Polygon","coordinates":[[[78.397696,17.414197],[78.397545,17.414244],[78.397514,17.414151],[78.397664,17.414104],[78.397696,17.414197]]]},"properties":{"id":"02e61ce80f48","height":null,"num_floors":null,"render_height_m":9.6,"height_label":"assumed"}},{"type":"Feature","geometry":{"type":"Polygon","coordinates":[[[78.397356,17.4143],[78.397219,17.414343],[78.397188,17.414253],[78.397325,17.41421],[78.397356,17.4143]]]},"properties":{"id":"c888de31c0ae","height":null,"num_floors":null,"render_height_m":9.6,"height_label":"assumed"}},{"type":"Feature","geometry":{"type":"Polygon","coordinates":[[[78.397414,17.414435],[78.397268,17.414481],[78.397231,17.414372],[78.397377,17.414326],[78.397414,17.414435]]]},"properties":{"id":"3fa1a4e2bd47","height":null,"num_floors":null,"render_height_m":9.6,"height_label":"assumed"}},{"type":"Feature","geometry":{"type":"Polygon","coordinates":[[[78.397464,17.414579],[78.397314,17.414626],[78.397277,17.414517],[78.397426,17.41447],[78.397464,17.414579]]]},"properties":{"id":"bc6f25161b0f","height":null,"num_floors":null,"render_height_m":9.6,"height_label":"assumed"}},{"type":"Feature","geometry":{"type":"Polygon","coordinates":[[[78.397645,17.415125],[78.397503,17.41517],[78.397465,17.41506],[78.397607,17.415015],[78.397645,17.415125]]]},"properties":{"id":"73df05e79852","height":null,"num_floors":null,"render_height_m":9.6,"height_label":"assumed"}},{"type":"Feature","geometry":{"type":"Polygon","coordinates":[[[78.397459,17.41518],[78.397301,17.415229],[78.397266,17.415128],[78.397424,17.415079],[78.397459,17.41518]]]},"properties":{"id":"44e8513d81b7","height":null,"num_floors":null,"render_height_m":9.6,"height_label":"assumed"}},{"type":"Feature","geometry":{"type":"Polygon","coordinates":[[[78.397488,17.414901],[78.39751,17.414971],[78.397462,17.414984],[78.397441,17.414914],[78.397488,17.414901]]]},"properties":{"id":"7ffd8399cbba","height":null,"num_floors":null,"render_height_m":6.4,"height_label":"assumed"}},{"type":"Feature","geometry":{"type":"Polygon","coordinates":[[[78.397494,17.415325],[78.397355,17.415371],[78.397327,17.415297],[78.397466,17.415251],[78.397494,17.415325]]]},"properties":{"id":"dcfbf11bdc20","height":null,"num_floors":null,"render_height_m":9.6,"height_label":"assumed"}},{"type":"Feature","geometry":{"type":"Polygon","coordinates":[[[78.397453,17.415364],[78.397502,17.415349],[78.397514,17.415386],[78.397465,17.415401],[78.397453,17.415364]]]},"properties":{"id":"80b888b2047c","height":null,"num_floors":null,"render_height_m":6.4,"height_label":"assumed"}},{"type":"Feature","geometry":{"type":"Polygon","coordinates":[[[78.39722,17.415495],[78.397229,17.415548],[78.397166,17.415558],[78.397157,17.415506],[78.39722,17.415495]]]},"properties":{"id":"65f8b4d50b1e","height":null,"num_floors":null,"render_height_m":6.4,"height_label":"assumed"}},{"type":"Feature","geometry":{"type":"Polygon","coordinates":[[[78.397598,17.415582],[78.397442,17.415635],[78.397408,17.415543],[78.397565,17.415491],[78.397598,17.415582]]]},"properties":{"id":"565da088768d","height":null,"num_floors":null,"render_height_m":9.6,"height_label":"assumed"}},{"type":"Feature","geometry":{"type":"Polygon","coordinates":[[[78.397646,17.415718],[78.397489,17.415771],[78.397454,17.415675],[78.39761,17.415622],[78.397646,17.415718]]]},"properties":{"id":"b7b2226922a7","height":null,"num_floors":null,"render_height_m":9.6,"height_label":"assumed"}},{"type":"Feature","geometry":{"type":"Polygon","coordinates":[[[78.397769,17.415522],[78.397644,17.415564],[78.397609,17.41547],[78.397734,17.415428],[78.397769,17.415522]]]},"properties":{"id":"8937d672fc50","height":null,"num_floors":null,"render_height_m":9.6,"height_label":"assumed"}},{"type":"Feature","geometry":{"type":"Polygon","coordinates":[[[78.39769,17.415269],[78.397565,17.415311],[78.397527,17.415208],[78.397652,17.415166],[78.39769,17.415269]]]},"properties":{"id":"e2b2d27f0cfb","height":null,"num_floors":null,"render_height_m":9.6,"height_label":"assumed"}},{"type":"Feature","geometry":{"type":"Polygon","coordinates":[[[78.398036,17.415365],[78.397954,17.415499],[78.397921,17.415481],[78.397893,17.415376],[78.397985,17.415336],[78.398036,17.415365]]]},"properties":{"id":"09ae8058969a","height":null,"num_floors":null,"render_height_m":9.6,"height_label":"assumed"}},{"type":"Feature","geometry":{"type":"Polygon","coordinates":[[[78.397892,17.415642],[78.397699,17.415707],[78.39766,17.415601],[78.397853,17.415536],[78.397892,17.415642]]]},"properties":{"id":"12187fb23b5c","height":null,"num_floors":null,"render_height_m":12.8,"height_label":"assumed"}},{"type":"Feature","geometry":{"type":"Polygon","coordinates":[[[78.39807,17.414995],[78.398134,17.414976],[78.398152,17.415034],[78.398088,17.415053],[78.39807,17.414995]]]},"properties":{"id":"4d920e2e04da","height":null,"num_floors":null,"render_height_m":6.4,"height_label":"assumed"}},{"type":"Feature","geometry":{"type":"Polygon","coordinates":[[[78.398028,17.415141],[78.397866,17.415191],[78.39783,17.415085],[78.397992,17.415035],[78.398028,17.415141]]]},"properties":{"id":"23fb1cae63f0","height":null,"num_floors":null,"render_height_m":9.6,"height_label":"assumed"}},{"type":"Feature","geometry":{"type":"Polygon","coordinates":[[[78.397979,17.414999],[78.397817,17.415049],[78.397782,17.414948],[78.397944,17.414897],[78.397979,17.414999]]]},"properties":{"id":"aeb3b1ac0a19","height":null,"num_floors":null,"render_height_m":9.6,"height_label":"assumed"}},{"type":"Feature","geometry":{"type":"Polygon","coordinates":[[[78.397936,17.414871],[78.397778,17.414921],[78.39774,17.414811],[78.397899,17.414762],[78.397936,17.414871]]]},"properties":{"id":"71a9e1f0a4ff","height":null,"num_floors":null,"render_height_m":9.6,"height_label":"assumed"}},{"type":"Feature","geometry":{"type":"Polygon","coordinates":[[[78.397883,17.414743],[78.397739,17.414788],[78.397701,17.414679],[78.397845,17.414634],[78.397883,17.414743]]]},"properties":{"id":"310aff2f2e88","height":null,"num_floors":null,"render_height_m":9.6,"height_label":"assumed"}},{"type":"Feature","geometry":{"type":"Polygon","coordinates":[[[78.398114,17.414813],[78.397979,17.414855],[78.397946,17.41476],[78.398082,17.414718],[78.398114,17.414813]]]},"properties":{"id":"3c3e24f23924","height":null,"num_floors":null,"render_height_m":9.6,"height_label":"assumed"}},{"type":"Feature","geometry":{"type":"Polygon","coordinates":[[[78.398165,17.414949],[78.39803,17.414991],[78.397998,17.414897],[78.398133,17.414855],[78.398165,17.414949]]]},"properties":{"id":"60f79bb1812d","height":null,"num_floors":null,"render_height_m":9.6,"height_label":"assumed"}},{"type":"Feature","geometry":{"type":"Polygon","coordinates":[[[78.398679,17.415212],[78.398667,17.415355],[78.39864,17.415353],[78.398645,17.415305],[78.398614,17.415303],[78.398619,17.415255],[78.398649,17.415257],[78.398653,17.415209],[78.398679,17.415212]]]},"properties":{"id":"154f3ee09344","height":null,"num_floors":null,"render_height_m":6.4,"height_label":"assumed"}},{"type":"Feature","geometry":{"type":"Polygon","coordinates":[[[78.398547,17.414363],[78.398489,17.414516],[78.398372,17.414476],[78.39843,17.414323],[78.398547,17.414363]]]},"properties":{"id":"573782319a03","height":null,"num_floors":null,"render_height_m":9.6,"height_label":"assumed"}},{"type":"Feature","geometry":{"type":"Polygon","coordinates":[[[78.398505,17.414248],[78.39836,17.414294],[78.398327,17.414198],[78.398472,17.414153],[78.398505,17.414248]]]},"properties":{"id":"7e68e18c309f","height":null,"num_floors":null,"render_height_m":9.6,"height_label":"assumed"}},{"type":"Feature","geometry":{"type":"Polygon","coordinates":[[[78.398739,17.413936],[78.39861,17.413974],[78.398574,17.413863],[78.398703,17.413825],[78.398739,17.413936]]]},"properties":{"id":"772b1a43ba2b","height":null,"num_floors":null,"render_height_m":9.6,"height_label":"assumed"}},{"type":"Feature","geometry":{"type":"Polygon","coordinates":[[[78.398476,17.414119],[78.398324,17.414167],[78.39829,17.414069],[78.398443,17.414021],[78.398476,17.414119]]]},"properties":{"id":"6a4022d4454e","height":null,"num_floors":null,"render_height_m":9.6,"height_label":"assumed"}},{"type":"Feature","geometry":{"type":"Polygon","coordinates":[[[78.398691,17.413789],[78.398559,17.413828],[78.398524,17.41372],[78.398656,17.413681],[78.398691,17.413789]]]},"properties":{"id":"8d6bbdb32760","height":null,"num_floors":null,"render_height_m":9.6,"height_label":"assumed"}},{"type":"Feature","geometry":{"type":"Polygon","coordinates":[[[78.398779,17.411354],[78.398662,17.411416],[78.398508,17.411151],[78.398625,17.411089],[78.398779,17.411354]]]},"properties":{"id":"ebf2f8c37051","height":null,"num_floors":null,"render_height_m":12.8,"height_label":"assumed"}},{"type":"Feature","geometry":{"type":"Polygon","coordinates":[[[78.397816,17.410924],[78.397841,17.410962],[78.397741,17.411025],[78.397715,17.410988],[78.397816,17.410924]]]},"properties":{"id":"96da087dd9bd","height":null,"num_floors":null,"render_height_m":6.4,"height_label":"assumed"}},{"type":"Feature","geometry":{"type":"Polygon","coordinates":[[[78.39779,17.411285],[78.397815,17.411325],[78.397777,17.411347],[78.397795,17.411375],[78.397783,17.411382],[78.397741,17.411314],[78.39779,17.411285]]]},"properties":{"id":"4653fc0440d9","height":null,"num_floors":null,"render_height_m":6.4,"height_label":"assumed"}},{"type":"Feature","geometry":{"type":"Polygon","coordinates":[[[78.397745,17.411214],[78.397762,17.411241],[78.397699,17.411277],[78.397682,17.41125],[78.397745,17.411214]]]},"properties":{"id":"13365de92dac","height":null,"num_floors":null,"render_height_m":6.4,"height_label":"assumed"}},{"type":"Feature","geometry":{"type":"Polygon","coordinates":[[[78.39731,17.411582],[78.397253,17.411606],[78.397166,17.411414],[78.397376,17.411326],[78.397463,17.411518],[78.397424,17.411535],[78.397385,17.411448],[78.397271,17.411496],[78.39731,17.411582]]]},"properties":{"id":"c93667ad6d76","height":null,"num_floors":null,"render_height_m":12.8,"height_label":"assumed"}},{"type":"Feature","geometry":{"type":"Polygon","coordinates":[[[78.3972,17.411256],[78.397249,17.411324],[78.397182,17.411368],[78.397134,17.4113],[78.3972,17.411256]]]},"properties":{"id":"104bc787abe8","height":null,"num_floors":null,"render_height_m":6.4,"height_label":"assumed"}},{"type":"Feature","geometry":{"type":"Polygon","coordinates":[[[78.397413,17.410996],[78.397575,17.410914],[78.397668,17.411081],[78.39773,17.41105],[78.397781,17.411141],[78.397738,17.411163],[78.397753,17.411189],[78.39766,17.411236],[78.397606,17.411141],[78.397555,17.411167],[78.397477,17.411026],[78.39744,17.411045],[78.397413,17.410996]]]},"properties":{"id":"a7edb3685603","height":null,"num_floors":null,"render_height_m":12.8,"height_label":"assumed"}},{"type":"Feature","geometry":{"type":"Polygon","coordinates":[[[78.397504,17.411096],[78.397577,17.411225],[78.397475,17.411278],[78.397402,17.41115],[78.397504,17.411096]]]},"properties":{"id":"a8dd6e76eb2e","height":null,"num_floors":null,"render_height_m":9.6,"height_label":"assumed"}},{"type":"Feature","geometry":{"type":"Polygon","coordinates":[[[78.397634,17.410847],[78.39765,17.410885],[78.39761,17.410901],[78.397593,17.410863],[78.397634,17.410847]]]},"properties":{"id":"d2e502a00246","height":null,"num_floors":null,"render_height_m":6.4,"height_label":"assumed"}},{"type":"Feature","geometry":{"type":"Polygon","coordinates":[[[78.397408,17.410568],[78.397283,17.410635],[78.397223,17.410535],[78.397348,17.410467],[78.397408,17.410568]]]},"properties":{"id":"688ccf1ad31a","height":null,"num_floors":null,"render_height_m":9.6,"height_label":"assumed"}},{"type":"Feature","geometry":{"type":"Polygon","coordinates":[[[78.397802,17.410705],[78.397829,17.410737],[78.397758,17.410794],[78.39773,17.410762],[78.397802,17.410705]]]},"properties":{"id":"a296571f6a45","height":null,"num_floors":null,"render_height_m":6.4,"height_label":"assumed"}},{"type":"Feature","geometry":{"type":"Polygon","coordinates":[[[78.398143,17.410443],[78.398186,17.410428],[78.398214,17.410501],[78.398171,17.410516],[78.398143,17.410443]]]},"properties":{"id":"c4671fa3926b","height":null,"num_floors":null,"render_height_m":6.4,"height_label":"assumed"}},{"type":"Feature","geometry":{"type":"Polygon","coordinates":[[[78.398225,17.410498],[78.398242,17.41055],[78.398195,17.410563],[78.398179,17.410511],[78.398225,17.410498]]]},"properties":{"id":"e47c4ae85475","height":null,"num_floors":null,"render_height_m":6.4,"height_label":"assumed"}},{"type":"Feature","geometry":{"type":"Polygon","coordinates":[[[78.39814,17.410364],[78.398177,17.410378],[78.398163,17.410412],[78.398126,17.410397],[78.39814,17.410364]]]},"properties":{"id":"b3c9cf5bfe8b","height":null,"num_floors":null,"render_height_m":6.4,"height_label":"assumed"}},{"type":"Feature","geometry":{"type":"Polygon","coordinates":[[[78.397573,17.41044],[78.397441,17.410501],[78.397394,17.410407],[78.397526,17.410347],[78.397573,17.41044]]]},"properties":{"id":"0cb5f396eed7","height":null,"num_floors":null,"render_height_m":9.6,"height_label":"assumed"}},{"type":"Feature","geometry":{"type":"Polygon","coordinates":[[[78.397498,17.410322],[78.397381,17.410377],[78.397339,17.410297],[78.397456,17.410242],[78.397498,17.410322]]]},"properties":{"id":"3a767b70ee96","height":null,"num_floors":null,"render_height_m":9.6,"height_label":"assumed"}},{"type":"Feature","geometry":{"type":"Polygon","coordinates":[[[78.397291,17.410354],[78.397309,17.410407],[78.397247,17.410427],[78.397229,17.410374],[78.397291,17.410354]]]},"properties":{"id":"c63bed191c73","height":null,"num_floors":null,"render_height_m":6.4,"height_label":"assumed"}},{"type":"Feature","geometry":{"type":"Polygon","coordinates":[[[78.397413,17.410236],[78.397329,17.410271],[78.397286,17.410176],[78.39737,17.410142],[78.397413,17.410236]]]},"properties":{"id":"5326b2dd9513","height":null,"num_floors":null,"render_height_m":9.6,"height_label":"assumed"}},{"type":"Feature","geometry":{"type":"Polygon","coordinates":[[[78.397741,17.40997],[78.397846,17.410132],[78.397744,17.410194],[78.397638,17.410031],[78.397741,17.40997]]]},"properties":{"id":"545949def995","height":null,"num_floors":null,"render_height_m":12.8,"height_label":"assumed"}},{"type":"Feature","geometry":{"type":"Polygon","coordinates":[[[78.391008,17.418155],[78.390937,17.418237],[78.390913,17.418218],[78.390985,17.418136],[78.391008,17.418155]]]},"properties":{"id":"40c178484bf3","height":null,"num_floors":null,"render_height_m":6.4,"height_label":"assumed"}},{"type":"Feature","geometry":{"type":"Polygon","coordinates":[[[78.390389,17.418175],[78.390335,17.418134],[78.390424,17.418027],[78.390478,17.418069],[78.390389,17.418175]]]},"properties":{"id":"1114cfdc4221","height":null,"num_floors":null,"render_height_m":9.6,"height_label":"assumed"}},{"type":"Feature","geometry":{"type":"Polygon","coordinates":[[[78.390254,17.418075],[78.390291,17.418054],[78.390337,17.418127],[78.3903,17.418148],[78.390254,17.418075]]]},"properties":{"id":"d9d8f8433c33","height":null,"num_floors":null,"render_height_m":6.4,"height_label":"assumed"}},{"type":"Feature","geometry":{"type":"Polygon","coordinates":[[[78.390381,17.417728],[78.390259,17.417566],[78.390387,17.417479],[78.390508,17.417641],[78.390381,17.417728]]]},"properties":{"id":"1c67570ae930","height":null,"num_floors":null,"render_height_m":12.8,"height_label":"assumed"}},{"type":"Feature","geometry":{"type":"Polygon","coordinates":[[[78.390345,17.416408],[78.390388,17.416501],[78.390256,17.416556],[78.390213,17.416463],[78.390345,17.416408]]]},"properties":{"id":"85173eabb5a9","height":null,"num_floors":null,"render_height_m":9.6,"height_label":"assumed"}},{"type":"Feature","geometry":{"type":"Polygon","coordinates":[[[78.390383,17.416316],[78.390273,17.41636],[78.390225,17.416249],[78.390334,17.416205],[78.390383,17.416316]]]},"properties":{"id":"d62cc167e29a","height":null,"num_floors":null,"render_height_m":9.6,"height_label":"assumed"}},{"type":"Feature","geometry":{"type":"Polygon","coordinates":[[[78.390272,17.416137],[78.390241,17.416003],[78.390302,17.41599],[78.390334,17.416124],[78.390272,17.416137]]]},"properties":{"id":"1b957d6aac2b","height":null,"num_floors":null,"render_height_m":9.6,"height_label":"assumed"}},{"type":"Feature","geometry":{"type":"Polygon","coordinates":[[[78.390229,17.416],[78.390222,17.415963],[78.390274,17.415955],[78.390281,17.415992],[78.390229,17.416]]]},"properties":{"id":"0c776254e1d1","height":null,"num_floors":null,"render_height_m":6.4,"height_label":"assumed"}},{"type":"Feature","geometry":{"type":"Polygon","coordinates":[[[78.390398,17.41592],[78.390431,17.416045],[78.390368,17.416061],[78.390335,17.415936],[78.390398,17.41592]]]},"properties":{"id":"3cc9f499ec1f","height":null,"num_floors":null,"render_height_m":9.6,"height_label":"assumed"}},{"type":"Feature","geometry":{"type":"Polygon","coordinates":[[[78.390394,17.415718],[78.390412,17.415785],[78.390348,17.415801],[78.390329,17.415734],[78.390394,17.415718]]]},"properties":{"id":"bf50053ee7f9","height":null,"num_floors":null,"render_height_m":6.4,"height_label":"assumed"}},{"type":"Feature","geometry":{"type":"Polygon","coordinates":[[[78.390661,17.416012],[78.390446,17.416016],[78.390444,17.415906],[78.390659,17.415903],[78.390661,17.416012]]]},"properties":{"id":"a7e3cf0e6a4c","height":null,"num_floors":null,"render_height_m":12.8,"height_label":"assumed"}},{"type":"Feature","geometry":{"type":"Polygon","coordinates":[[[78.390413,17.416155],[78.390452,17.416139],[78.390476,17.416194],[78.390496,17.416186],[78.390504,17.416206],[78.390445,17.416229],[78.390413,17.416155]]]},"properties":{"id":"cf57392a1088","height":null,"num_floors":null,"render_height_m":6.4,"height_label":"assumed"}},{"type":"Feature","geometry":{"type":"Polygon","coordinates":[[[78.390583,17.416233],[78.390491,17.416183],[78.390456,17.416044],[78.390685,17.41601],[78.390737,17.416198],[78.390583,17.416233]]]},"properties":{"id":"da7ab8fe4398","height":null,"num_floors":null,"render_height_m":12.8,"height_label":"assumed"}},{"type":"Feature","geometry":{"type":"Polygon","coordinates":[[[78.390731,17.416343],[78.390642,17.416367],[78.390614,17.416269],[78.390775,17.416227],[78.390799,17.41631],[78.390727,17.416329],[78.390731,17.416343]]]},"properties":{"id":"ae1a52288f89","height":null,"num_floors":null,"render_height_m":9.6,"height_label":"assumed"}},{"type":"Feature","geometry":{"type":"Polygon","coordinates":[[[78.390971,17.416259],[78.390859,17.416316],[78.390836,17.416274],[78.390948,17.416217],[78.390971,17.416259]]]},"properties":{"id":"ace3245194da","height":null,"num_floors":null,"render_height_m":6.4,"height_label":"assumed"}},{"type":"Feature","geometry":{"type":"Polygon","coordinates":[[[78.390972,17.416159],[78.390807,17.416198],[78.390754,17.415999],[78.390919,17.415959],[78.390972,17.416159]]]},"properties":{"id":"ab34b378c6ea","height":null,"num_floors":null,"render_height_m":12.8,"height_label":"assumed"}},{"type":"Feature","geometry":{"type":"Polygon","coordinates":[[[78.390689,17.415704],[78.390706,17.415773],[78.390665,17.415782],[78.390649,17.415712],[78.390689,17.415704]]]},"properties":{"id":"c71d9928b142","height":null,"num_floors":null,"render_height_m":6.4,"height_label":"assumed"}},{"type":"Feature","geometry":{"type":"Polygon","coordinates":[[[78.391053,17.416036],[78.390956,17.416059],[78.390933,17.415973],[78.39103,17.41595],[78.391053,17.416036]]]},"properties":{"id":"c58f9c6b88a2","height":null,"num_floors":null,"render_height_m":9.6,"height_label":"assumed"}},{"type":"Feature","geometry":{"type":"Polygon","coordinates":[[[78.391423,17.415924],[78.391302,17.415948],[78.391277,17.415832],[78.391397,17.415808],[78.391423,17.415924]]]},"properties":{"id":"27f465cec891","height":null,"num_floors":null,"render_height_m":9.6,"height_label":"assumed"}},{"type":"Feature","geometry":{"type":"Polygon","coordinates":[[[78.391297,17.415964],[78.391141,17.415998],[78.391113,17.415884],[78.39127,17.41585],[78.391297,17.415964]]]},"properties":{"id":"757f78958568","height":null,"num_floors":null,"render_height_m":9.6,"height_label":"assumed"}},{"type":"Feature","geometry":{"type":"Polygon","coordinates":[[[78.39128,17.416095],[78.391169,17.416114],[78.391154,17.416035],[78.391266,17.416016],[78.39128,17.416095]]]},"properties":{"id":"4b8b11278688","height":null,"num_floors":null,"render_height_m":9.6,"height_label":"assumed"}},{"type":"Feature","geometry":{"type":"Polygon","coordinates":[[[78.391422,17.416118],[78.391308,17.416135],[78.391285,17.415995],[78.3914,17.415978],[78.391422,17.416118]]]},"properties":{"id":"672f89e94c65","height":null,"num_floors":null,"render_height_m":9.6,"height_label":"assumed"}},{"type":"Feature","geometry":{"type":"Polygon","coordinates":[[[78.391417,17.416294],[78.39132,17.41631],[78.391299,17.4162],[78.391396,17.416183],[78.391417,17.416294]]]},"properties":{"id":"58f6ba72b262","height":null,"num_floors":null,"render_height_m":9.6,"height_label":"assumed"}},{"type":"Feature","geometry":{"type":"Polygon","coordinates":[[[78.391286,17.416271],[78.391206,17.416285],[78.391185,17.416175],[78.391265,17.416161],[78.391286,17.416271]]]},"properties":{"id":"175f3a30d2be","height":null,"num_floors":null,"render_height_m":9.6,"height_label":"assumed"}},{"type":"Feature","geometry":{"type":"Polygon","coordinates":[[[78.391124,17.416202],[78.390983,17.416247],[78.390962,17.416187],[78.391103,17.416142],[78.391124,17.416202]]]},"properties":{"id":"7bc00f2a7e3c","height":null,"num_floors":null,"render_height_m":9.6,"height_label":"assumed"}},{"type":"Feature","geometry":{"type":"Polygon","coordinates":[[[78.391083,17.416135],[78.390984,17.416156],[78.390962,17.416067],[78.391062,17.416045],[78.391083,17.416135]]]},"properties":{"id":"a379e91f78ef","height":null,"num_floors":null,"render_height_m":9.6,"height_label":"assumed"}},{"type":"Feature","geometry":{"type":"Polygon","coordinates":[[[78.390974,17.416583],[78.390936,17.416593],[78.390881,17.416396],[78.390919,17.416386],[78.390974,17.416583]]]},"properties":{"id":"201bd3657343","height":null,"num_floors":null,"render_height_m":9.6,"height_label":"assumed"}},{"type":"Feature","geometry":{"type":"Polygon","coordinates":[[[78.391131,17.416534],[78.39111,17.416573],[78.391082,17.41656],[78.391089,17.416547],[78.391131,17.416534]]]},"properties":{"id":"7956a670a9ec","height":null,"num_floors":null,"render_height_m":6.4,"height_label":"assumed"}},{"type":"Feature","geometry":{"type":"Polygon","coordinates":[[[78.391195,17.416429],[78.391027,17.416517],[78.390981,17.416437],[78.391149,17.416349],[78.391195,17.416429]]]},"properties":{"id":"95298ed4ba40","height":null,"num_floors":null,"render_height_m":9.6,"height_label":"assumed"}},{"type":"Feature","geometry":{"type":"Polygon","coordinates":[[[78.391172,17.416328],[78.391035,17.41639],[78.391,17.416319],[78.391137,17.416257],[78.391172,17.416328]]]},"properties":{"id":"f76f2d25f667","height":null,"num_floors":null,"render_height_m":9.6,"height_label":"assumed"}},{"type":"Feature","geometry":{"type":"Polygon","coordinates":[[[78.391316,17.416307],[78.391328,17.416369],[78.391278,17.416378],[78.391267,17.416316],[78.391316,17.416307]]]},"properties":{"id":"0c67d330aa83","height":null,"num_floors":null,"render_height_m":6.4,"height_label":"assumed"}},{"type":"Feature","geometry":{"type":"Polygon","coordinates":[[[78.391406,17.416377],[78.391424,17.416428],[78.391391,17.416439],[78.391373,17.416388],[78.391406,17.416377]]]},"properties":{"id":"65c348a46c6d","height":null,"num_floors":null,"render_height_m":6.4,"height_label":"assumed"}},{"type":"Feature","geometry":{"type":"Polygon","coordinates":[[[78.391327,17.41637],[78.391334,17.416404],[78.391288,17.416412],[78.391281,17.416378],[78.391327,17.41637]]]},"properties":{"id":"914da7b8e541","height":null,"num_floors":null,"render_height_m":6.4,"height_label":"assumed"}},{"type":"Feature","geometry":{"type":"Polygon","coordinates":[[[78.391179,17.416497],[78.391183,17.416523],[78.391143,17.416528],[78.391139,17.416502],[78.391179,17.416497]]]},"properties":{"id":"9ae5c388e885","height":null,"num_floors":null,"render_height_m":6.4,"height_label":"assumed"}},{"type":"Feature","geometry":{"type":"Polygon","coordinates":[[[78.390855,17.41663],[78.390808,17.41665],[78.390792,17.416616],[78.390839,17.416596],[78.390855,17.41663]]]},"properties":{"id":"b82b2b2e3173","height":null,"num_floors":null,"render_height_m":6.4,"height_label":"assumed"}},{"type":"Feature","geometry":{"type":"Polygon","coordinates":[[[78.390875,17.41667],[78.390835,17.416685],[78.390827,17.416666],[78.390867,17.41665],[78.390875,17.41667]]]},"properties":{"id":"c4bac30a79d3","height":null,"num_floors":null,"render_height_m":6.4,"height_label":"assumed"}},{"type":"Feature","geometry":{"type":"Polygon","coordinates":[[[78.390863,17.41655],[78.390766,17.416599],[78.390731,17.416536],[78.390829,17.416487],[78.390863,17.41655]]]},"properties":{"id":"91ca17178482","height":null,"num_floors":null,"render_height_m":9.6,"height_label":"assumed"}},{"type":"Feature","geometry":{"type":"Polygon","coordinates":[[[78.39072,17.416403],[78.390831,17.416362],[78.390885,17.416494],[78.390847,17.416508],[78.390833,17.416473],[78.390759,17.4165],[78.39072,17.416403]]]},"properties":{"id":"b50322567dc1","height":null,"num_floors":null,"render_height_m":9.6,"height_label":"assumed"}},{"type":"Feature","geometry":{"type":"Polygon","coordinates":[[[78.390555,17.416506],[78.390544,17.416478],[78.390598,17.416458],[78.390609,17.416486],[78.390555,17.416506]]]},"properties":{"id":"d5d0bf7f7898","height":null,"num_floors":null,"render_height_m":6.4,"height_label":"assumed"}},{"type":"Feature","geometry":{"type":"Polygon","coordinates":[[[78.390637,17.416391],[78.3905,17.416457],[78.390465,17.416393],[78.390603,17.416326],[78.390637,17.416391]]]},"properties":{"id":"e52509b6ba9a","height":null,"num_floors":null,"render_height_m":9.6,"height_label":"assumed"}},{"type":"Feature","geometry":{"type":"Polygon","coordinates":[[[78.390433,17.41637],[78.390476,17.416463],[78.390388,17.416501],[78.390345,17.416408],[78.390433,17.41637]]]},"properties":{"id":"03282a15ab55","height":null,"num_floors":null,"render_height_m":9.6,"height_label":"assumed"}},{"type":"Feature","geometry":{"type":"Polygon","coordinates":[[[78.390573,17.416753],[78.390427,17.416809],[78.390344,17.416616],[78.39049,17.416559],[78.390573,17.416753]]]},"properties":{"id":"e6186c99a1fb","height":null,"num_floors":null,"render_height_m":12.8,"height_label":"assumed"}},{"type":"Feature","geometry":{"type":"Polygon","coordinates":[[[78.390912,17.417227],[78.39078,17.417299],[78.390704,17.41717],[78.390836,17.417099],[78.390912,17.417227]]]},"properties":{"id":"77db036838ec","height":null,"num_floors":null,"render_height_m":12.8,"height_label":"assumed"}},{"type":"Feature","geometry":{"type":"Polygon","coordinates":[[[78.390797,17.417315],[78.39084,17.417297],[78.390873,17.417371],[78.39083,17.417389],[78.390797,17.417315]]]},"properties":{"id":"bdc570b21c8e","height":null,"num_floors":null,"render_height_m":6.4,"height_label":"assumed"}},{"type":"Feature","geometry":{"type":"Polygon","coordinates":[[[78.390824,17.417391],[78.390768,17.417413],[78.390748,17.417366],[78.390805,17.417345],[78.390824,17.417391]]]},"properties":{"id":"7800e6bdfbb2","height":null,"num_floors":null,"render_height_m":6.4,"height_label":"assumed"}},{"type":"Feature","geometry":{"type":"Polygon","coordinates":[[[78.39076,17.417308],[78.390615,17.417386],[78.390539,17.417257],[78.390683,17.417179],[78.39076,17.417308]]]},"properties":{"id":"19f9d1116062","height":null,"num_floors":null,"render_height_m":12.8,"height_label":"assumed"}},{"type":"Feature","geometry":{"type":"Polygon","coordinates":[[[78.390637,17.417554],[78.390598,17.417576],[78.390573,17.417536],[78.390612,17.417514],[78.390637,17.417554]]]},"properties":{"id":"5f2ddac9f2f1","height":null,"num_floors":null,"render_height_m":6.4,"height_label":"assumed"}},{"type":"Feature","geometry":{"type":"Polygon","coordinates":[[[78.390571,17.417951],[78.390488,17.41805],[78.390438,17.418011],[78.390521,17.417912],[78.390571,17.417951]]]},"properties":{"id":"4ed689bda7a3","height":null,"num_floors":null,"render_height_m":9.6,"height_label":"assumed"}},{"type":"Feature","geometry":{"type":"Polygon","coordinates":[[[78.390572,17.417752],[78.390621,17.417866],[78.390564,17.417889],[78.390515,17.417774],[78.390572,17.417752]]]},"properties":{"id":"c05845354d6f","height":null,"num_floors":null,"render_height_m":9.6,"height_label":"assumed"}},{"type":"Feature","geometry":{"type":"Polygon","coordinates":[[[78.390756,17.417838],[78.390777,17.417832],[78.390795,17.417885],[78.390775,17.417891],[78.390756,17.417838]]]},"properties":{"id":"5d3864dd006a","height":null,"num_floors":null,"render_height_m":6.4,"height_label":"assumed"}},{"type":"Feature","geometry":{"type":"Polygon","coordinates":[[[78.390781,17.417416],[78.390804,17.417456],[78.390737,17.41749],[78.390715,17.417449],[78.390781,17.417416]]]},"properties":{"id":"3a42ff3c261d","height":null,"num_floors":null,"render_height_m":6.4,"height_label":"assumed"}},{"type":"Feature","geometry":{"type":"Polygon","coordinates":[[[78.391134,17.417425],[78.391186,17.41744],[78.391176,17.417472],[78.391124,17.417457],[78.391134,17.417425]]]},"properties":{"id":"c0051b5895c9","height":null,"num_floors":null,"render_height_m":6.4,"height_label":"assumed"}},{"type":"Feature","geometry":{"type":"Polygon","coordinates":[[[78.391067,17.417783],[78.390882,17.417866],[78.390819,17.417739],[78.391004,17.417655],[78.391067,17.417783]]]},"properties":{"id":"4e0a4512991c","height":null,"num_floors":null,"render_height_m":12.8,"height_label":"assumed"}},{"type":"Feature","geometry":{"type":"Polygon","coordinates":[[[78.391296,17.417538],[78.39136,17.417453],[78.391202,17.417346],[78.391235,17.417302],[78.391455,17.417451],[78.391359,17.41758],[78.391296,17.417538]]]},"properties":{"id":"a4105924769b","height":null,"num_floors":null,"render_height_m":12.8,"height_label":"assumed"}},{"type":"Feature","geometry":{"type":"Polygon","coordinates":[[[78.391455,17.417525],[78.3914,17.4176],[78.391369,17.41758],[78.391424,17.417505],[78.391455,17.417525]]]},"properties":{"id":"1cd80f492d09","height":null,"num_floors":null,"render_height_m":6.4,"height_label":"assumed"}},{"type":"Feature","geometry":{"type":"Polygon","coordinates":[[[78.391102,17.417154],[78.391244,17.417287],[78.391191,17.417338],[78.391325,17.417464],[78.39131,17.417478],[78.391286,17.417455],[78.391276,17.417464],[78.391136,17.417332],[78.391168,17.417301],[78.391057,17.417198],[78.391102,17.417154]]]},"properties":{"id":"e21fe6587130","height":null,"num_floors":null,"render_height_m":9.6,"height_label":"assumed"}},{"type":"Feature","geometry":{"type":"Polygon","coordinates":[[[78.391089,17.417235],[78.391116,17.417282],[78.390946,17.417374],[78.390919,17.417326],[78.391089,17.417235]]]},"properties":{"id":"1551d670cbcc","height":null,"num_floors":null,"render_height_m":9.6,"height_label":"assumed"}},{"type":"Feature","geometry":{"type":"Polygon","coordinates":[[[78.390943,17.417234],[78.39098,17.417293],[78.390911,17.417333],[78.390874,17.417273],[78.390943,17.417234]]]},"properties":{"id":"866bce4eb19c","height":null,"num_floors":null,"render_height_m":6.4,"height_label":"assumed"}},{"type":"Feature","geometry":{"type":"Polygon","coordinates":[[[78.391178,17.416991],[78.391241,17.417084],[78.391207,17.417105],[78.391193,17.417084],[78.391081,17.417153],[78.391032,17.417081],[78.391178,17.416991]]]},"properties":{"id":"2cef55de34d1","height":null,"num_floors":null,"render_height_m":9.6,"height_label":"assumed"}},{"type":"Feature","geometry":{"type":"Polygon","coordinates":[[[78.391055,17.416957],[78.391089,17.417021],[78.391025,17.417053],[78.390991,17.416988],[78.391055,17.416957]]]},"properties":{"id":"c7fc5da50e6c","height":null,"num_floors":null,"render_height_m":6.4,"height_label":"assumed"}},{"type":"Feature","geometry":{"type":"Polygon","coordinates":[[[78.391378,17.417059],[78.391393,17.417099],[78.391361,17.41711],[78.391345,17.417071],[78.391378,17.417059]]]},"properties":{"id":"2e6b2d68226e","height":null,"num_floors":null,"render_height_m":6.4,"height_label":"assumed"}},{"type":"Feature","geometry":{"type":"Polygon","coordinates":[[[78.391432,17.41704],[78.391447,17.41708],[78.391393,17.417099],[78.391378,17.417059],[78.391432,17.41704]]]},"properties":{"id":"c121437a060c","height":null,"num_floors":null,"render_height_m":6.4,"height_label":"assumed"}},{"type":"Feature","geometry":{"type":"Polygon","coordinates":[[[78.391551,17.416914],[78.391303,17.417013],[78.391267,17.416932],[78.391516,17.416833],[78.391551,17.416914]]]},"properties":{"id":"611db5307644","height":null,"num_floors":null,"render_height_m":12.8,"height_label":"assumed"}},{"type":"Feature","geometry":{"type":"Polygon","coordinates":[[[78.391441,17.417009],[78.391475,17.416997],[78.391514,17.417095],[78.39148,17.417107],[78.391441,17.417009]]]},"properties":{"id":"9e015ac0b391","height":null,"num_floors":null,"render_height_m":6.4,"height_label":"assumed"}},{"type":"Feature","geometry":{"type":"Polygon","coordinates":[[[78.391611,17.416943],[78.391671,17.417083],[78.391619,17.417103],[78.391612,17.417086],[78.39157,17.417103],[78.391517,17.416981],[78.391611,17.416943]]]},"properties":{"id":"6dd8c1daae13","height":null,"num_floors":null,"render_height_m":9.6,"height_label":"assumed"}},{"type":"Feature","geometry":{"type":"Polygon","coordinates":[[[78.391525,17.41711],[78.391564,17.417101],[78.391578,17.417153],[78.391538,17.417163],[78.391525,17.41711]]]},"properties":{"id":"d4348f347bab","height":null,"num_floors":null,"render_height_m":6.4,"height_label":"assumed"}},{"type":"Feature","geometry":{"type":"Polygon","coordinates":[[[78.391853,17.416962],[78.391888,17.417046],[78.391832,17.417067],[78.391798,17.416983],[78.391853,17.416962]]]},"properties":{"id":"ddf119af0ce1","height":null,"num_floors":null,"render_height_m":6.4,"height_label":"assumed"}},{"type":"Feature","geometry":{"type":"Polygon","coordinates":[[[78.391726,17.417339],[78.391621,17.417298],[78.391658,17.417215],[78.391762,17.417256],[78.391726,17.417339]]]},"properties":{"id":"bfba2a06925d","height":null,"num_floors":null,"render_height_m":9.6,"height_label":"assumed"}},{"type":"Feature","geometry":{"type":"Polygon","coordinates":[[[78.391763,17.417244],[78.391664,17.417203],[78.391719,17.417083],[78.391818,17.417124],[78.391763,17.417244]]]},"properties":{"id":"653445c2b9f0","height":null,"num_floors":null,"render_height_m":9.6,"height_label":"assumed"}},{"type":"Feature","geometry":{"type":"Polygon","coordinates":[[[78.391861,17.417302],[78.391826,17.417276],[78.391872,17.417222],[78.391906,17.417248],[78.391861,17.417302]]]},"properties":{"id":"eed1b9f2ec39","height":null,"num_floors":null,"render_height_m":6.4,"height_label":"assumed"}},{"type":"Feature","geometry":{"type":"Polygon","coordinates":[[[78.391782,17.417487],[78.391711,17.417426],[78.391816,17.417314],[78.391887,17.417376],[78.391782,17.417487]]]},"properties":{"id":"1db402ff4e52","height":null,"num_floors":null,"render_height_m":9.6,"height_label":"assumed"}},{"type":"Feature","geometry":{"type":"Polygon","coordinates":[[[78.391552,17.417209],[78.391454,17.417252],[78.391421,17.417183],[78.391519,17.41714],[78.391552,17.417209]]]},"properties":{"id":"279e57ad6a6a","height":null,"num_floors":null,"render_height_m":9.6,"height_label":"assumed"}},{"type":"Feature","geometry":{"type":"Polygon","coordinates":[[[78.391489,17.417504],[78.391514,17.417521],[78.391448,17.417611],[78.391423,17.417594],[78.391489,17.417504]]]},"properties":{"id":"63cfa5a4b803","height":null,"num_floors":null,"render_height_m":6.4,"height_label":"assumed"}},{"type":"Feature","geometry":{"type":"Polygon","coordinates":[[[78.391545,17.417714],[78.391437,17.417647],[78.39157,17.417452],[78.391677,17.417519],[78.391545,17.417714]]]},"properties":{"id":"03d108e4b981","height":null,"num_floors":null,"render_height_m":12.8,"height_label":"assumed"}},{"type":"Feature","geometry":{"type":"Polygon","coordinates":[[[78.391837,17.417833],[78.391807,17.417776],[78.39191,17.417667],[78.391956,17.417707],[78.391837,17.417833]]]},"properties":{"id":"e7d05a9db48f","height":null,"num_floors":null,"render_height_m":9.6,"height_label":"assumed"}},{"type":"Feature","geometry":{"type":"Polygon","coordinates":[[[78.391742,17.417828],[78.391576,17.417726],[78.391703,17.417537],[78.391869,17.417639],[78.391742,17.417828]]]},"properties":{"id":"734130915832","height":null,"num_floors":null,"render_height_m":12.8,"height_label":"assumed"}},{"type":"Feature","geometry":{"type":"Polygon","coordinates":[[[78.391874,17.417552],[78.391803,17.417492],[78.391901,17.417389],[78.391971,17.417449],[78.391874,17.417552]]]},"properties":{"id":"b51fe214b4d6","height":null,"num_floors":null,"render_height_m":9.6,"height_label":"assumed"}},{"type":"Feature","geometry":{"type":"Polygon","coordinates":[[[78.392115,17.41776],[78.392051,17.417705],[78.392139,17.417611],[78.392203,17.417667],[78.392115,17.41776]]]},"properties":{"id":"9e9ca4af7667","height":null,"num_floors":null,"render_height_m":9.6,"height_label":"assumed"}},{"type":"Feature","geometry":{"type":"Polygon","coordinates":[[[78.392034,17.417703],[78.391946,17.417627],[78.392038,17.41753],[78.392126,17.417606],[78.392034,17.417703]]]},"properties":{"id":"037811c4a97b","height":null,"num_floors":null,"render_height_m":9.6,"height_label":"assumed"}},{"type":"Feature","geometry":{"type":"Polygon","coordinates":[[[78.392022,17.417815],[78.392043,17.417835],[78.392003,17.417873],[78.391985,17.417873],[78.391985,17.41785],[78.392022,17.417815]]]},"properties":{"id":"8b45f90363b1","height":null,"num_floors":null,"render_height_m":6.4,"height_label":"assumed"}},{"type":"Feature","geometry":{"type":"Polygon","coordinates":[[[78.391876,17.417908],[78.391841,17.417881],[78.391972,17.417723],[78.391998,17.417761],[78.391876,17.417908]]]},"properties":{"id":"3ebc7171be4e","height":null,"num_floors":null,"render_height_m":9.6,"height_label":"assumed"}},{"type":"Feature","geometry":{"type":"Polygon","coordinates":[[[78.392063,17.417822],[78.392095,17.417841],[78.392061,17.417895],[78.392029,17.417877],[78.392063,17.417822]]]},"properties":{"id":"77c42911bca2","height":null,"num_floors":null,"render_height_m":6.4,"height_label":"assumed"}},{"type":"Feature","geometry":{"type":"Polygon","coordinates":[[[78.392221,17.41773],[78.392256,17.417753],[78.392202,17.417826],[78.392168,17.417803],[78.392221,17.41773]]]},"properties":{"id":"98c9c2b15801","height":null,"num_floors":null,"render_height_m":6.4,"height_label":"assumed"}},{"type":"Feature","geometry":{"type":"Polygon","coordinates":[[[78.39223,17.417544],[78.392263,17.417567],[78.392235,17.417604],[78.392202,17.417582],[78.39223,17.417544]]]},"properties":{"id":"588c8855940f","height":null,"num_floors":null,"render_height_m":6.4,"height_label":"assumed"}},{"type":"Feature","geometry":{"type":"Polygon","coordinates":[[[78.392174,17.417495],[78.39223,17.417541],[78.3922,17.417575],[78.392144,17.417529],[78.392174,17.417495]]]},"properties":{"id":"66849a1837e7","height":null,"num_floors":null,"render_height_m":6.4,"height_label":"assumed"}},{"type":"Feature","geometry":{"type":"Polygon","coordinates":[[[78.392227,17.417469],[78.392312,17.417351],[78.392396,17.417406],[78.392311,17.417524],[78.392227,17.417469]]]},"properties":{"id":"083b7578a12a","height":null,"num_floors":null,"render_height_m":9.6,"height_label":"assumed"}},{"type":"Feature","geometry":{"type":"Polygon","coordinates":[[[78.392409,17.417371],[78.392296,17.417274],[78.39237,17.417196],[78.392482,17.417293],[78.392409,17.417371]]]},"properties":{"id":"e3f77ccc8cf8","height":null,"num_floors":null,"render_height_m":9.6,"height_label":"assumed"}},{"type":"Feature","geometry":{"type":"Polygon","coordinates":[[[78.391951,17.417306],[78.391911,17.417357],[78.391885,17.417337],[78.391925,17.417287],[78.391951,17.417306]]]},"properties":{"id":"817323162d73","height":null,"num_floors":null,"render_height_m":6.4,"height_label":"assumed"}},{"type":"Feature","geometry":{"type":"Polygon","coordinates":[[[78.392089,17.417309],[78.392038,17.417358],[78.391953,17.417277],[78.391999,17.417232],[78.392016,17.417249],[78.392038,17.417228],[78.392082,17.417269],[78.392065,17.417286],[78.392089,17.417309]]]},"properties":{"id":"55289c4e614f","height":null,"num_floors":null,"render_height_m":9.6,"height_label":"assumed"}},{"type":"Feature","geometry":{"type":"Polygon","coordinates":[[[78.392065,17.41707],[78.391938,17.417121],[78.391839,17.416894],[78.391966,17.416843],[78.392065,17.41707]]]},"properties":{"id":"62d7a7fd48c9","height":null,"num_floors":null,"render_height_m":12.8,"height_label":"assumed"}},{"type":"Feature","geometry":{"type":"Polygon","coordinates":[[[78.39245,17.416908],[78.392339,17.416812],[78.392397,17.416751],[78.392508,17.416846],[78.39245,17.416908]]]},"properties":{"id":"6adf5bf676f4","height":null,"num_floors":null,"render_height_m":9.6,"height_label":"assumed"}},{"type":"Feature","geometry":{"type":"Polygon","coordinates":[[[78.392239,17.41685],[78.392183,17.416782],[78.392295,17.416669],[78.392349,17.416748],[78.392239,17.41685]]]},"properties":{"id":"22da379a5757","height":null,"num_floors":null,"render_height_m":9.6,"height_label":"assumed"}},{"type":"Feature","geometry":{"type":"Polygon","coordinates":[[[78.392374,17.416727],[78.392318,17.416659],[78.39243,17.416546],[78.392484,17.416625],[78.392374,17.416727]]]},"properties":{"id":"51a63e7bb9bf","height":null,"num_floors":null,"render_height_m":9.6,"height_label":"assumed"}},{"type":"Feature","geometry":{"type":"Polygon","coordinates":[[[78.392467,17.416345],[78.392392,17.416425],[78.392284,17.416333],[78.39236,17.416252],[78.392467,17.416345]]]},"properties":{"id":"a845b3748a94","height":null,"num_floors":null,"render_height_m":9.6,"height_label":"assumed"}},{"type":"Feature","geometry":{"type":"Polygon","coordinates":[[[78.392353,17.416454],[78.392314,17.416496],[78.392222,17.416417],[78.392262,17.416375],[78.392353,17.416454]]]},"properties":{"id":"7588b2efd300","height":null,"num_floors":null,"render_height_m":9.6,"height_label":"assumed"}},{"type":"Feature","geometry":{"type":"Polygon","coordinates":[[[78.392314,17.416507],[78.392241,17.416585],[78.392125,17.416486],[78.392199,17.416408],[78.392314,17.416507]]]},"properties":{"id":"bd3ee3f1071e","height":null,"num_floors":null,"render_height_m":9.6,"height_label":"assumed"}},{"type":"Feature","geometry":{"type":"Polygon","coordinates":[[[78.392126,17.416346],[78.392161,17.416377],[78.392151,17.416386],[78.392166,17.416399],[78.392125,17.416441],[78.392076,17.416397],[78.392126,17.416346]]]},"properties":{"id":"6f1ebaab2dbd","height":null,"num_floors":null,"render_height_m":6.4,"height_label":"assumed"}},{"type":"Feature","geometry":{"type":"Polygon","coordinates":[[[78.392158,17.416308],[78.392198,17.416338],[78.392167,17.416374],[78.392128,17.416345],[78.392158,17.416308]]]},"properties":{"id":"f326b81d3145","height":null,"num_floors":null,"render_height_m":6.4,"height_label":"assumed"}},{"type":"Feature","geometry":{"type":"Polygon","coordinates":[[[78.392195,17.416609],[78.392152,17.416655],[78.392051,17.416568],[78.392094,17.416522],[78.392195,17.416609]]]},"properties":{"id":"fdd6a3a9ec60","height":null,"num_floors":null,"render_height_m":9.6,"height_label":"assumed"}},{"type":"Feature","geometry":{"type":"Polygon","coordinates":[[[78.392147,17.416662],[78.392078,17.416736],[78.391975,17.416648],[78.392045,17.416574],[78.392147,17.416662]]]},"properties":{"id":"b8ee4658ec82","height":null,"num_floors":null,"render_height_m":9.6,"height_label":"assumed"}},{"type":"Feature","geometry":{"type":"Polygon","coordinates":[[[78.391842,17.416717],[78.391852,17.416756],[78.391812,17.416766],[78.391801,17.416727],[78.391842,17.416717]]]},"properties":{"id":"b8a592e1a170","height":null,"num_floors":null,"render_height_m":6.4,"height_label":"assumed"}},{"type":"Feature","geometry":{"type":"Polygon","coordinates":[[[78.391953,17.416639],[78.391891,17.416684],[78.391797,17.416565],[78.391859,17.41652],[78.391953,17.416639]]]},"properties":{"id":"aec026d81eaa","height":null,"num_floors":null,"render_height_m":9.6,"height_label":"assumed"}},{"type":"Feature","geometry":{"type":"Polygon","coordinates":[[[78.391523,17.416819],[78.39141,17.416864],[78.391367,17.416764],[78.391479,17.416719],[78.391523,17.416819]]]},"properties":{"id":"c17a5ea8f562","height":null,"num_floors":null,"render_height_m":9.6,"height_label":"assumed"}},{"type":"Feature","geometry":{"type":"Polygon","coordinates":[[[78.391467,17.416295],[78.391478,17.416364],[78.39138,17.416379],[78.391369,17.41631],[78.391467,17.416295]]]},"properties":{"id":"b22cfa4640b1","height":null,"num_floors":null,"render_height_m":9.6,"height_label":"assumed"}},{"type":"Feature","geometry":{"type":"Polygon","coordinates":[[[78.391724,17.416143],[78.391671,17.416145],[78.391668,17.416089],[78.391721,17.416086],[78.391724,17.416143]]]},"properties":{"id":"623f815f7e55","height":null,"num_floors":null,"render_height_m":6.4,"height_label":"assumed"}},{"type":"Feature","geometry":{"type":"Polygon","coordinates":[[[78.391566,17.416252],[78.391428,17.41628],[78.3914,17.41615],[78.391538,17.416123],[78.391566,17.416252]]]},"properties":{"id":"48e65ed3e0cc","height":null,"num_floors":null,"render_height_m":9.6,"height_label":"assumed"}},{"type":"Feature","geometry":{"type":"Polygon","coordinates":[[[78.391585,17.416103],[78.391452,17.416125],[78.391427,17.415989],[78.39156,17.415967],[78.391585,17.416103]]]},"properties":{"id":"f9bd6174d0c6","height":null,"num_floors":null,"render_height_m":9.6,"height_label":"assumed"}},{"type":"Feature","geometry":{"type":"Polygon","coordinates":[[[78.391716,17.41601],[78.391578,17.416036],[78.391561,17.415952],[78.391698,17.415927],[78.391716,17.41601]]]},"properties":{"id":"a46176e8d8a4","height":null,"num_floors":null,"render_height_m":9.6,"height_label":"assumed"}},{"type":"Feature","geometry":{"type":"Polygon","coordinates":[[[78.391622,17.415894],[78.391523,17.415915],[78.391493,17.415787],[78.391593,17.415766],[78.391622,17.415894]]]},"properties":{"id":"8aa42859ab50","height":null,"num_floors":null,"render_height_m":9.6,"height_label":"assumed"}},{"type":"Feature","geometry":{"type":"Polygon","coordinates":[[[78.392265,17.416129],[78.392198,17.4162],[78.39216,17.416167],[78.392227,17.416096],[78.392265,17.416129]]]},"properties":{"id":"911f222e4f5a","height":null,"num_floors":null,"render_height_m":6.4,"height_label":"assumed"}},{"type":"Feature","geometry":{"type":"Polygon","coordinates":[[[78.392277,17.416282],[78.392238,17.416323],[78.392156,17.416252],[78.392195,17.416211],[78.392277,17.416282]]]},"properties":{"id":"4ec51c35412c","height":null,"num_floors":null,"render_height_m":6.4,"height_label":"assumed"}},{"type":"Feature","geometry":{"type":"Polygon","coordinates":[[[78.39235,17.416243],[78.392299,17.416296],[78.392248,17.416252],[78.392299,17.416199],[78.39235,17.416243]]]},"properties":{"id":"c8df622fc08d","height":null,"num_floors":null,"render_height_m":6.4,"height_label":"assumed"}},{"type":"Feature","geometry":{"type":"Polygon","coordinates":[[[78.392484,17.416094],[78.392419,17.416032],[78.392711,17.415752],[78.392777,17.415815],[78.392484,17.416094]]]},"properties":{"id":"dbfe964c344c","height":null,"num_floors":null,"render_height_m":12.8,"height_label":"assumed"}},{"type":"Feature","geometry":{"type":"Polygon","coordinates":[[[78.39264,17.415701],[78.392688,17.415754],[78.392575,17.415848],[78.392527,17.415796],[78.39264,17.415701]]]},"properties":{"id":"36605a24d81d","height":null,"num_floors":null,"render_height_m":9.6,"height_label":"assumed"}},{"type":"Feature","geometry":{"type":"Polygon","coordinates":[[[78.392957,17.416107],[78.392892,17.416179],[78.392807,17.416109],[78.392871,17.416037],[78.392957,17.416107]]]},"properties":{"id":"d69929fd98ba","height":null,"num_floors":null,"render_height_m":9.6,"height_label":"assumed"}},{"type":"Feature","geometry":{"type":"Polygon","coordinates":[[[78.392879,17.416189],[78.392818,17.416257],[78.392728,17.416183],[78.392789,17.416115],[78.392879,17.416189]]]},"properties":{"id":"ab8b65be1bb7","height":null,"num_floors":null,"render_height_m":9.6,"height_label":"assumed"}},{"type":"Feature","geometry":{"type":"Polygon","coordinates":[[[78.393001,17.416288],[78.392946,17.41635],[78.392849,17.416272],[78.392905,17.41621],[78.393001,17.416288]]]},"properties":{"id":"acdee157b0c5","height":null,"num_floors":null,"render_height_m":9.6,"height_label":"assumed"}},{"type":"Feature","geometry":{"type":"Polygon","coordinates":[[[78.392616,17.416172],[78.392466,17.416331],[78.392376,17.416254],[78.392526,17.416094],[78.392616,17.416172]]]},"properties":{"id":"c2a9c942d789","height":null,"num_floors":null,"render_height_m":12.8,"height_label":"assumed"}},{"type":"Feature","geometry":{"type":"Polygon","coordinates":[[[78.392708,17.41642],[78.392652,17.416481],[78.392554,17.4164],[78.392609,17.416339],[78.392708,17.41642]]]},"properties":{"id":"6ecc60a510c2","height":null,"num_floors":null,"render_height_m":9.6,"height_label":"assumed"}},{"type":"Feature","geometry":{"type":"Polygon","coordinates":[[[78.392676,17.416642],[78.392592,17.416549],[78.39264,17.416488],[78.392733,17.416577],[78.392676,17.416642]]]},"properties":{"id":"1870aed6fb9c","height":null,"num_floors":null,"render_height_m":9.6,"height_label":"assumed"}},{"type":"Feature","geometry":{"type":"Polygon","coordinates":[[[78.392528,17.416607],[78.392421,17.416515],[78.392477,17.416455],[78.392584,17.416548],[78.392528,17.416607]]]},"properties":{"id":"2d5d4de5a34c","height":null,"num_floors":null,"render_height_m":9.6,"height_label":"assumed"}},{"type":"Feature","geometry":{"type":"Polygon","coordinates":[[[78.392526,17.41684],[78.392411,17.416742],[78.392465,17.416684],[78.39258,17.416783],[78.392526,17.41684]]]},"properties":{"id":"47dd77b6d814","height":null,"num_floors":null,"render_height_m":9.6,"height_label":"assumed"}},{"type":"Feature","geometry":{"type":"Polygon","coordinates":[[[78.392667,17.416658],[78.392621,17.416709],[78.392525,17.416631],[78.392572,17.41658],[78.392667,17.416658]]]},"properties":{"id":"0a3ef056ff3d","height":null,"num_floors":null,"render_height_m":9.6,"height_label":"assumed"}},{"type":"Feature","geometry":{"type":"Polygon","coordinates":[[[78.392774,17.416947],[78.392661,17.416857],[78.392746,17.416759],[78.39286,17.416849],[78.392774,17.416947]]]},"properties":{"id":"a957ac6b9080","height":null,"num_floors":null,"render_height_m":9.6,"height_label":"assumed"}},{"type":"Feature","geometry":{"type":"Polygon","coordinates":[[[78.392718,17.416501],[78.392694,17.416482],[78.392787,17.416374],[78.39287,17.416439],[78.392841,17.416473],[78.392839,17.416495],[78.392817,17.416511],[78.392811,17.416504],[78.392787,17.416532],[78.39273,17.416487],[78.392718,17.416501]]]},"properties":{"id":"1ee1599f39a1","height":null,"num_floors":null,"render_height_m":9.6,"height_label":"assumed"}},{"type":"Feature","geometry":{"type":"Polygon","coordinates":[[[78.39276,17.416338],[78.392703,17.416397],[78.392611,17.416317],[78.392668,17.416257],[78.39276,17.416338]]]},"properties":{"id":"f106a267f785","height":null,"num_floors":null,"render_height_m":9.6,"height_label":"assumed"}},{"type":"Feature","geometry":{"type":"Polygon","coordinates":[[[78.393028,17.416663],[78.392934,17.416582],[78.393029,17.416481],[78.393123,17.416562],[78.393028,17.416663]]]},"properties":{"id":"a963a9af1392","height":null,"num_floors":null,"render_height_m":9.6,"height_label":"assumed"}},{"type":"Feature","geometry":{"type":"Polygon","coordinates":[[[78.39291,17.416615],[78.392948,17.416646],[78.392961,17.416631],[78.392999,17.416661],[78.392986,17.416676],[78.393009,17.416695],[78.392955,17.416757],[78.392855,17.416678],[78.39291,17.416615]]]},"properties":{"id":"cd1052387686","height":null,"num_floors":null,"render_height_m":9.6,"height_label":"assumed"}},{"type":"Feature","geometry":{"type":"Polygon","coordinates":[[[78.393444,17.416498],[78.393454,17.416519],[78.393418,17.416535],[78.393408,17.416514],[78.393444,17.416498]]]},"properties":{"id":"5511ef18940b","height":null,"num_floors":null,"render_height_m":6.4,"height_label":"assumed"}},{"type":"Feature","geometry":{"type":"Polygon","coordinates":[[[78.393299,17.416482],[78.393181,17.416563],[78.393061,17.416435],[78.393166,17.41631],[78.393299,17.416482]]]},"properties":{"id":"4e3c7bc50cd2","height":null,"num_floors":null,"render_height_m":12.8,"height_label":"assumed"}},{"type":"Feature","geometry":{"type":"Polygon","coordinates":[[[78.393397,17.416212],[78.393301,17.416242],[78.393278,17.416172],[78.393373,17.416142],[78.393397,17.416212]]]},"properties":{"id":"71af949cf081","height":null,"num_floors":null,"render_height_m":9.6,"height_label":"assumed"}},{"type":"Feature","geometry":{"type":"Polygon","coordinates":[[[78.39335,17.416105],[78.393244,17.416135],[78.39322,17.416059],[78.393327,17.416029],[78.39335,17.416105]]]},"properties":{"id":"a6b3918b5b89","height":null,"num_floors":null,"render_height_m":9.6,"height_label":"assumed"}},{"type":"Feature","geometry":{"type":"Polygon","coordinates":[[[78.39308,17.416198],[78.393016,17.41627],[78.392918,17.41619],[78.392982,17.416119],[78.39308,17.416198]]]},"properties":{"id":"d5b01a9b4611","height":null,"num_floors":null,"render_height_m":9.6,"height_label":"assumed"}},{"type":"Feature","geometry":{"type":"Polygon","coordinates":[[[78.393033,17.416029],[78.392973,17.416096],[78.392887,17.416026],[78.392947,17.415959],[78.393033,17.416029]]]},"properties":{"id":"9417c0a8426c","height":null,"num_floors":null,"render_height_m":9.6,"height_label":"assumed"}},{"type":"Feature","geometry":{"type":"Polygon","coordinates":[[[78.393158,17.416103],[78.393102,17.416164],[78.393054,17.416124],[78.393109,17.416063],[78.393158,17.416103]]]},"properties":{"id":"4b489250cb15","height":null,"num_floors":null,"render_height_m":6.4,"height_label":"assumed"}},{"type":"Feature","geometry":{"type":"Polygon","coordinates":[[[78.393144,17.415969],[78.393172,17.415992],[78.39312,17.41605],[78.393092,17.416026],[78.393144,17.415969]]]},"properties":{"id":"d9c154647b3a","height":null,"num_floors":null,"render_height_m":6.4,"height_label":"assumed"}},{"type":"Feature","geometry":{"type":"Polygon","coordinates":[[[78.393105,17.415944],[78.393043,17.416013],[78.392948,17.415936],[78.39301,17.415867],[78.393105,17.415944]]]},"properties":{"id":"96716ea87160","height":null,"num_floors":null,"render_height_m":9.6,"height_label":"assumed"}},{"type":"Feature","geometry":{"type":"Polygon","coordinates":[[[78.393081,17.415912],[78.393017,17.415861],[78.393068,17.415804],[78.393091,17.415822],[78.393078,17.415836],[78.393093,17.415848],[78.393085,17.415858],[78.393111,17.415878],[78.393081,17.415912]]]},"properties":{"id":"67145b794af3","height":null,"num_floors":null,"render_height_m":6.4,"height_label":"assumed"}},{"type":"Feature","geometry":{"type":"Polygon","coordinates":[[[78.393226,17.41581],[78.393152,17.415828],[78.393129,17.415741],[78.393203,17.415723],[78.393226,17.41581]]]},"properties":{"id":"857568b10b26","height":null,"num_floors":null,"render_height_m":9.6,"height_label":"assumed"}},{"type":"Feature","geometry":{"type":"Polygon","coordinates":[[[78.393299,17.415788],[78.393241,17.415802],[78.393216,17.415713],[78.393275,17.415699],[78.393299,17.415788]]]},"properties":{"id":"b86fd9c8932f","height":null,"num_floors":null,"render_height_m":6.4,"height_label":"assumed"}},{"type":"Feature","geometry":{"type":"Polygon","coordinates":[[[78.393254,17.415948],[78.393191,17.415963],[78.393167,17.415863],[78.39323,17.415848],[78.393254,17.415948]]]},"properties":{"id":"81928a0fd4c9","height":null,"num_floors":null,"render_height_m":6.4,"height_label":"assumed"}},{"type":"Feature","geometry":{"type":"Polygon","coordinates":[[[78.393391,17.415952],[78.393341,17.415966],[78.393298,17.415832],[78.393348,17.415817],[78.393391,17.415952]]]},"properties":{"id":"1807bba48e1d","height":null,"num_floors":null,"render_height_m":9.6,"height_label":"assumed"}},{"type":"Feature","geometry":{"type":"Polygon","coordinates":[[[78.393569,17.41585],[78.393468,17.415871],[78.39345,17.415792],[78.393551,17.415771],[78.393569,17.41585]]]},"properties":{"id":"e2d3a11fc45c","height":null,"num_floors":null,"render_height_m":9.6,"height_label":"assumed"}},{"type":"Feature","geometry":{"type":"Polygon","coordinates":[[[78.393632,17.415966],[78.393534,17.416002],[78.393505,17.415929],[78.393603,17.415893],[78.393632,17.415966]]]},"properties":{"id":"d68f39da7d30","height":null,"num_floors":null,"render_height_m":9.6,"height_label":"assumed"}},{"type":"Feature","geometry":{"type":"Polygon","coordinates":[[[78.393539,17.416101],[78.393384,17.416142],[78.393341,17.415993],[78.393496,17.415952],[78.393539,17.416101]]]},"properties":{"id":"c64cefd3eb52","height":null,"num_floors":null,"render_height_m":12.8,"height_label":"assumed"}},{"type":"Feature","geometry":{"type":"Polygon","coordinates":[[[78.393579,17.416202],[78.393439,17.416252],[78.393408,17.416171],[78.393548,17.416121],[78.393579,17.416202]]]},"properties":{"id":"561223a75b7d","height":null,"num_floors":null,"render_height_m":9.6,"height_label":"assumed"}},{"type":"Feature","geometry":{"type":"Polygon","coordinates":[[[78.393697,17.416093],[78.393597,17.416137],[78.39356,17.416059],[78.393659,17.416015],[78.393697,17.416093]]]},"properties":{"id":"86764da20b66","height":null,"num_floors":null,"render_height_m":9.6,"height_label":"assumed"}},{"type":"Feature","geometry":{"type":"Polygon","coordinates":[[[78.393729,17.416035],[78.39376,17.416104],[78.393713,17.416124],[78.393681,17.416055],[78.393729,17.416035]]]},"properties":{"id":"d535840a1839","height":null,"num_floors":null,"render_height_m":6.4,"height_label":"assumed"}},{"type":"Feature","geometry":{"type":"Polygon","coordinates":[[[78.393747,17.415997],[78.393688,17.416022],[78.393624,17.415883],[78.393682,17.415858],[78.393747,17.415997]]]},"properties":{"id":"eed907733bc0","height":null,"num_floors":null,"render_height_m":9.6,"height_label":"assumed"}},{"type":"Feature","geometry":{"type":"Polygon","coordinates":[[[78.393786,17.415834],[78.393835,17.415944],[78.393804,17.415956],[78.393755,17.415847],[78.393786,17.415834]]]},"properties":{"id":"317c89b513dd","height":null,"num_floors":null,"render_height_m":6.4,"height_label":"assumed"}},{"type":"Feature","geometry":{"type":"Polygon","coordinates":[[[78.393808,17.41584],[78.393769,17.415758],[78.393876,17.415712],[78.393915,17.415794],[78.393808,17.41584]]]},"properties":{"id":"e3291f063a56","height":null,"num_floors":null,"render_height_m":9.6,"height_label":"assumed"}},{"type":"Feature","geometry":{"type":"Polygon","coordinates":[[[78.394051,17.415787],[78.394064,17.41582],[78.393929,17.415869],[78.393916,17.415836],[78.394051,17.415787]]]},"properties":{"id":"15415d515a3a","height":null,"num_floors":null,"render_height_m":6.4,"height_label":"assumed"}},{"type":"Feature","geometry":{"type":"Polygon","coordinates":[[[78.393517,17.416454],[78.393539,17.41644],[78.393577,17.416499],[78.393554,17.416513],[78.393517,17.416454]]]},"properties":{"id":"37aa7f64e561","height":null,"num_floors":null,"render_height_m":6.4,"height_label":"assumed"}},{"type":"Feature","geometry":{"type":"Polygon","coordinates":[[[78.393456,17.416521],[78.393492,17.416583],[78.393456,17.416602],[78.39342,17.41654],[78.393456,17.416521]]]},"properties":{"id":"d58458224f11","height":null,"num_floors":null,"render_height_m":6.4,"height_label":"assumed"}},{"type":"Feature","geometry":{"type":"Polygon","coordinates":[[[78.393317,17.416853],[78.393352,17.416844],[78.393391,17.416979],[78.393356,17.416988],[78.393317,17.416853]]]},"properties":{"id":"4e37c2fa26cf","height":null,"num_floors":null,"render_height_m":6.4,"height_label":"assumed"}},{"type":"Feature","geometry":{"type":"Polygon","coordinates":[[[78.393253,17.417001],[78.393279,17.41703],[78.3932,17.417095],[78.393174,17.417067],[78.393253,17.417001]]]},"properties":{"id":"70ff15683b9a","height":null,"num_floors":null,"render_height_m":6.4,"height_label":"assumed"}},{"type":"Feature","geometry":{"type":"Polygon","coordinates":[[[78.393164,17.416955],[78.393195,17.416969],[78.393176,17.417007],[78.393145,17.416993],[78.393164,17.416955]]]},"properties":{"id":"641190af6834","height":null,"num_floors":null,"render_height_m":6.4,"height_label":"assumed"}},{"type":"Feature","geometry":{"type":"Polygon","coordinates":[[[78.39269,17.417047],[78.392574,17.416948],[78.392649,17.416869],[78.392765,17.416968],[78.39269,17.417047]]]},"properties":{"id":"93f93d99dbf9","height":null,"num_floors":null,"render_height_m":9.6,"height_label":"assumed"}},{"type":"Feature","geometry":{"type":"Polygon","coordinates":[[[78.392509,17.417282],[78.3924,17.417189],[78.392529,17.417053],[78.392637,17.417146],[78.392509,17.417282]]]},"properties":{"id":"115cac7c1de5","height":null,"num_floors":null,"render_height_m":12.8,"height_label":"assumed"}},{"type":"Feature","geometry":{"type":"Polygon","coordinates":[[[78.392559,17.417515],[78.392454,17.41752],[78.392452,17.417486],[78.392557,17.41748],[78.392559,17.417515]]]},"properties":{"id":"abf71d72cc75","height":null,"num_floors":null,"render_height_m":6.4,"height_label":"assumed"}},{"type":"Feature","geometry":{"type":"Polygon","coordinates":[[[78.392571,17.417523],[78.392574,17.417559],[78.392509,17.417564],[78.392506,17.417528],[78.392571,17.417523]]]},"properties":{"id":"49e09b90ca99","height":null,"num_floors":null,"render_height_m":6.4,"height_label":"assumed"}},{"type":"Feature","geometry":{"type":"Polygon","coordinates":[[[78.392616,17.418079],[78.392621,17.418177],[78.392445,17.418185],[78.39244,17.418086],[78.392616,17.418079]]]},"properties":{"id":"6e0fa62722a1","height":null,"num_floors":null,"render_height_m":9.6,"height_label":"assumed"}},{"type":"Feature","geometry":{"type":"Polygon","coordinates":[[[78.394955,17.417019],[78.394928,17.416971],[78.394986,17.416942],[78.395012,17.416989],[78.394955,17.417019]]]},"properties":{"id":"3dec6025cbcb","height":null,"num_floors":null,"render_height_m":6.4,"height_label":"assumed"}},{"type":"Feature","geometry":{"type":"Polygon","coordinates":[[[78.395244,17.417117],[78.395276,17.417129],[78.395252,17.417187],[78.39522,17.417175],[78.395244,17.417117]]]},"properties":{"id":"98c5380fbecd","height":null,"num_floors":null,"render_height_m":6.4,"height_label":"assumed"}},{"type":"Feature","geometry":{"type":"Polygon","coordinates":[[[78.395271,17.416806],[78.39529,17.416764],[78.395391,17.416807],[78.395371,17.416849],[78.395271,17.416806]]]},"properties":{"id":"b07cf9263f4a","height":null,"num_floors":null,"render_height_m":6.4,"height_label":"assumed"}},{"type":"Feature","geometry":{"type":"Polygon","coordinates":[[[78.395438,17.416614],[78.395471,17.416655],[78.395389,17.416714],[78.395357,17.416673],[78.395438,17.416614]]]},"properties":{"id":"2132da725ed9","height":null,"num_floors":null,"render_height_m":6.4,"height_label":"assumed"}},{"type":"Feature","geometry":{"type":"Polygon","coordinates":[[[78.395438,17.416683],[78.39547,17.416704],[78.395445,17.416739],[78.395413,17.416717],[78.395438,17.416683]]]},"properties":{"id":"d6a8968c97cc","height":null,"num_floors":null,"render_height_m":6.4,"height_label":"assumed"}},{"type":"Feature","geometry":{"type":"Polygon","coordinates":[[[78.395433,17.416514],[78.395475,17.416591],[78.395413,17.416622],[78.395371,17.416546],[78.395433,17.416514]]]},"properties":{"id":"c8d72ddd0479","height":null,"num_floors":null,"render_height_m":6.4,"height_label":"assumed"}},{"type":"Feature","geometry":{"type":"Polygon","coordinates":[[[78.395331,17.416475],[78.395366,17.416491],[78.395349,17.416524],[78.395314,17.416508],[78.395331,17.416475]]]},"properties":{"id":"7647f04bd9e2","height":null,"num_floors":null,"render_height_m":6.4,"height_label":"assumed"}},{"type":"Feature","geometry":{"type":"Polygon","coordinates":[[[78.395406,17.416428],[78.395456,17.416407],[78.395476,17.416453],[78.395427,17.416473],[78.395406,17.416428]]]},"properties":{"id":"4ed0565a7b61","height":null,"num_floors":null,"render_height_m":6.4,"height_label":"assumed"}},{"type":"Feature","geometry":{"type":"Polygon","coordinates":[[[78.395263,17.416409],[78.395305,17.416392],[78.395332,17.416458],[78.39529,17.416474],[78.395263,17.416409]]]},"properties":{"id":"688955f292b2","height":null,"num_floors":null,"render_height_m":6.4,"height_label":"assumed"}},{"type":"Feature","geometry":{"type":"Polygon","coordinates":[[[78.395063,17.416519],[78.395075,17.416559],[78.395023,17.416574],[78.395011,17.416535],[78.395063,17.416519]]]},"properties":{"id":"f28331284ac3","height":null,"num_floors":null,"render_height_m":6.4,"height_label":"assumed"}},{"type":"Feature","geometry":{"type":"Polygon","coordinates":[[[78.395029,17.416594],[78.395088,17.416562],[78.395202,17.416756],[78.395143,17.416788],[78.39509,17.416698],[78.395058,17.416715],[78.395015,17.416641],[78.395046,17.416624],[78.395029,17.416594]]]},"properties":{"id":"a6a0a09333dc","height":null,"num_floors":null,"render_height_m":9.6,"height_label":"assumed"}},{"type":"Feature","geometry":{"type":"Polygon","coordinates":[[[78.394856,17.416326],[78.394893,17.416342],[78.394876,17.416379],[78.394839,17.416363],[78.394856,17.416326]]]},"properties":{"id":"8215fc01d9a2","height":null,"num_floors":null,"render_height_m":6.4,"height_label":"assumed"}},{"type":"Feature","geometry":{"type":"Polygon","coordinates":[[[78.394935,17.416247],[78.394878,17.416318],[78.394827,17.416281],[78.394884,17.41621],[78.394935,17.416247]]]},"properties":{"id":"fdae333799b5","height":null,"num_floors":null,"render_height_m":6.4,"height_label":"assumed"}},{"type":"Feature","geometry":{"type":"Polygon","coordinates":[[[78.39472,17.416238],[78.394743,17.41629],[78.394679,17.416317],[78.394656,17.416265],[78.39472,17.416238]]]},"properties":{"id":"912d2255b67d","height":null,"num_floors":null,"render_height_m":6.4,"height_label":"assumed"}},{"type":"Feature","geometry":{"type":"Polygon","coordinates":[[[78.394654,17.416105],[78.394703,17.416189],[78.394632,17.416226],[78.394584,17.416142],[78.394654,17.416105]]]},"properties":{"id":"95759d9b3c86","height":null,"num_floors":null,"render_height_m":9.6,"height_label":"assumed"}},{"type":"Feature","geometry":{"type":"Polygon","coordinates":[[[78.394709,17.415929],[78.39472,17.41596],[78.394683,17.415972],[78.394672,17.415941],[78.394709,17.415929]]]},"properties":{"id":"bd5b79d66c91","height":null,"num_floors":null,"render_height_m":6.4,"height_label":"assumed"}},{"type":"Feature","geometry":{"type":"Polygon","coordinates":[[[78.3946,17.415883],[78.394607,17.415917],[78.394555,17.415926],[78.394548,17.415892],[78.3946,17.415883]]]},"properties":{"id":"411473ac4bd5","height":null,"num_floors":null,"render_height_m":6.4,"height_label":"assumed"}},{"type":"Feature","geometry":{"type":"Polygon","coordinates":[[[78.394488,17.415726],[78.394527,17.415717],[78.394538,17.415758],[78.394498,17.415767],[78.394488,17.415726]]]},"properties":{"id":"c64bd6f7121e","height":null,"num_floors":null,"render_height_m":6.4,"height_label":"assumed"}},{"type":"Feature","geometry":{"type":"Polygon","coordinates":[[[78.394699,17.415824],[78.39483,17.415786],[78.394852,17.415853],[78.394721,17.415892],[78.394699,17.415824]]]},"properties":{"id":"dcf428709f9a","height":null,"num_floors":null,"render_height_m":9.6,"height_label":"assumed"}},{"type":"Feature","geometry":{"type":"Polygon","coordinates":[[[78.394793,17.415884],[78.394801,17.415913],[78.394761,17.415923],[78.394753,17.415894],[78.394793,17.415884]]]},"properties":{"id":"4cf9e56b6880","height":null,"num_floors":null,"render_height_m":6.4,"height_label":"assumed"}},{"type":"Feature","geometry":{"type":"Polygon","coordinates":[[[78.394933,17.416077],[78.394869,17.41599],[78.394954,17.415932],[78.395019,17.416019],[78.394933,17.416077]]]},"properties":{"id":"c6b563aa2f49","height":null,"num_floors":null,"render_height_m":9.6,"height_label":"assumed"}},{"type":"Feature","geometry":{"type":"Polygon","coordinates":[[[78.394941,17.415726],[78.395069,17.415706],[78.395078,17.415763],[78.39495,17.415783],[78.394941,17.415726]]]},"properties":{"id":"846eff0fe6e3","height":null,"num_floors":null,"render_height_m":9.6,"height_label":"assumed"}},{"type":"Feature","geometry":{"type":"Polygon","coordinates":[[[78.395161,17.41582],[78.395184,17.415817],[78.39519,17.415855],[78.395166,17.415858],[78.395161,17.41582]]]},"properties":{"id":"dd3e17ebfb1e","height":null,"num_floors":null,"render_height_m":6.4,"height_label":"assumed"}},{"type":"Feature","geometry":{"type":"Polygon","coordinates":[[[78.394994,17.415922],[78.395075,17.415895],[78.395142,17.416074],[78.395061,17.416101],[78.394994,17.415922]]]},"properties":{"id":"e4139c460219","height":null,"num_floors":null,"render_height_m":9.6,"height_label":"assumed"}},{"type":"Feature","geometry":{"type":"Polygon","coordinates":[[[78.395363,17.416231],[78.395373,17.416262],[78.395313,17.416281],[78.395303,17.416251],[78.395363,17.416231]]]},"properties":{"id":"34dfabf4fd87","height":null,"num_floors":null,"render_height_m":6.4,"height_label":"assumed"}},{"type":"Feature","geometry":{"type":"Polygon","coordinates":[[[78.395414,17.416217],[78.395378,17.416128],[78.395443,17.416104],[78.395479,17.416193],[78.395414,17.416217]]]},"properties":{"id":"ffa45b6438af","height":null,"num_floors":null,"render_height_m":6.4,"height_label":"assumed"}},{"type":"Feature","geometry":{"type":"Polygon","coordinates":[[[78.395254,17.415814],[78.395251,17.415733],[78.395339,17.415729],[78.395342,17.415811],[78.395254,17.415814]]]},"properties":{"id":"04bbfdafff59","height":null,"num_floors":null,"render_height_m":9.6,"height_label":"assumed"}},{"type":"Feature","geometry":{"type":"Polygon","coordinates":[[[78.395675,17.415907],[78.395718,17.415899],[78.395726,17.41594],[78.395683,17.415948],[78.395675,17.415907]]]},"properties":{"id":"997c1fab4705","height":null,"num_floors":null,"render_height_m":6.4,"height_label":"assumed"}},{"type":"Feature","geometry":{"type":"Polygon","coordinates":[[[78.395493,17.416258],[78.395519,17.416309],[78.39543,17.416349],[78.395405,17.416299],[78.395493,17.416258]]]},"properties":{"id":"0c0c76986e0e","height":null,"num_floors":null,"render_height_m":6.4,"height_label":"assumed"}},{"type":"Feature","geometry":{"type":"Polygon","coordinates":[[[78.395455,17.41666],[78.395488,17.416678],[78.395475,17.416701],[78.395442,17.416682],[78.395455,17.41666]]]},"properties":{"id":"f29abe092424","height":null,"num_floors":null,"render_height_m":6.4,"height_label":"assumed"}},{"type":"Feature","geometry":{"type":"Polygon","coordinates":[[[78.397294,17.415821],[78.397157,17.415867],[78.397126,17.415784],[78.397263,17.415738],[78.397294,17.415821]]]},"properties":{"id":"1ecd8f1cfa9f","height":null,"num_floors":null,"render_height_m":9.6,"height_label":"assumed"}},{"type":"Feature","geometry":{"type":"Polygon","coordinates":[[[78.397359,17.416094],[78.397347,17.416119],[78.397444,17.416165],[78.397409,17.416233],[78.397311,17.416186],[78.3973,17.416208],[78.397216,17.416168],[78.397281,17.416044],[78.397349,17.416077],[78.397395,17.415998],[78.397531,17.41607],[78.39748,17.416158],[78.397359,17.416094]]]},"properties":{"id":"c0dfbe669391","height":null,"num_floors":null,"render_height_m":12.8,"height_label":"assumed"}},{"type":"Feature","geometry":{"type":"Polygon","coordinates":[[[78.398421,17.417286],[78.398147,17.417248],[78.398164,17.417142],[78.398437,17.41718],[78.398421,17.417286]]]},"properties":{"id":"23be1b1d31c2","height":null,"num_floors":null,"render_height_m":12.8,"height_label":"assumed"}},{"type":"Feature","geometry":{"type":"Polygon","coordinates":[[[78.398252,17.416994],[78.398297,17.417003],[78.398282,17.417068],[78.398237,17.417059],[78.398252,17.416994]]]},"properties":{"id":"fbf2e51daead","height":null,"num_floors":null,"render_height_m":6.4,"height_label":"assumed"}},{"type":"Feature","geometry":{"type":"Polygon","coordinates":[[[78.398226,17.417071],[78.398216,17.417123],[78.398175,17.417115],[78.398186,17.417064],[78.398226,17.417071]]]},"properties":{"id":"50fa60eaf621","height":null,"num_floors":null,"render_height_m":6.4,"height_label":"assumed"}},{"type":"Feature","geometry":{"type":"Polygon","coordinates":[[[78.397966,17.417435],[78.397835,17.417354],[78.397877,17.417293],[78.398007,17.417375],[78.397966,17.417435]]]},"properties":{"id":"24bdd4c5bf78","height":null,"num_floors":null,"render_height_m":9.6,"height_label":"assumed"}},{"type":"Feature","geometry":{"type":"Polygon","coordinates":[[[78.398035,17.417511],[78.398097,17.417521],[78.398087,17.417583],[78.398024,17.417572],[78.398035,17.417511]]]},"properties":{"id":"eb060f419789","height":null,"num_floors":null,"render_height_m":6.4,"height_label":"assumed"}},{"type":"Feature","geometry":{"type":"Polygon","coordinates":[[[78.397481,17.41714],[78.397462,17.417066],[78.397559,17.417042],[78.397563,17.417059],[78.397651,17.417037],[78.397676,17.41713],[78.397604,17.417147],[78.397595,17.417113],[78.397481,17.41714]]]},"properties":{"id":"27c819cfde23","height":null,"num_floors":null,"render_height_m":9.6,"height_label":"assumed"}},{"type":"Feature","geometry":{"type":"Polygon","coordinates":[[[78.397509,17.416504],[78.397378,17.416551],[78.397334,17.416441],[78.397466,17.416394],[78.397509,17.416504]]]},"properties":{"id":"c9406293ddc1","height":null,"num_floors":null,"render_height_m":9.6,"height_label":"assumed"}},{"type":"Feature","geometry":{"type":"Polygon","coordinates":[[[78.397558,17.416117],[78.39767,17.416171],[78.397575,17.416354],[78.397462,17.416301],[78.397558,17.416117]]]},"properties":{"id":"baa34c076234","height":null,"num_floors":null,"render_height_m":12.8,"height_label":"assumed"}},{"type":"Feature","geometry":{"type":"Polygon","coordinates":[[[78.397819,17.41576],[78.397752,17.415879],[78.397662,17.415833],[78.397729,17.415714],[78.397819,17.41576]]]},"properties":{"id":"09a36bf116f7","height":null,"num_floors":null,"render_height_m":9.6,"height_label":"assumed"}},{"type":"Feature","geometry":{"type":"Polygon","coordinates":[[[78.397692,17.415855],[78.397787,17.415898],[78.397755,17.415962],[78.397661,17.41592],[78.397692,17.415855]]]},"properties":{"id":"1f80c6075239","height":null,"num_floors":null,"render_height_m":9.6,"height_label":"assumed"}},{"type":"Feature","geometry":{"type":"Polygon","coordinates":[[[78.39779,17.416075],[78.397834,17.416087],[78.397813,17.41616],[78.397769,17.416148],[78.39779,17.416075]]]},"properties":{"id":"8dd8bfdf1dae","height":null,"num_floors":null,"render_height_m":6.4,"height_label":"assumed"}},{"type":"Feature","geometry":{"type":"Polygon","coordinates":[[[78.398276,17.41657],[78.398333,17.41658],[78.398323,17.416632],[78.398266,17.416622],[78.398276,17.41657]]]},"properties":{"id":"234cfb412b9c","height":null,"num_floors":null,"render_height_m":6.4,"height_label":"assumed"}},{"type":"Feature","geometry":{"type":"Polygon","coordinates":[[[78.398558,17.416195],[78.398564,17.416255],[78.398528,17.416258],[78.398522,17.416199],[78.398558,17.416195]]]},"properties":{"id":"371445919a69","height":null,"num_floors":null,"render_height_m":6.4,"height_label":"assumed"}},{"type":"Feature","geometry":{"type":"Polygon","coordinates":[[[78.398561,17.416451],[78.398651,17.416474],[78.398622,17.416581],[78.398579,17.41657],[78.398595,17.416512],[78.398548,17.4165],[78.398561,17.416451]]]},"properties":{"id":"4971a2c9914b","height":null,"num_floors":null,"render_height_m":9.6,"height_label":"assumed"}},{"type":"Feature","geometry":{"type":"Polygon","coordinates":[[[78.398572,17.416821],[78.398623,17.416828],[78.398614,17.416884],[78.398562,17.416877],[78.398572,17.416821]]]},"properties":{"id":"21e50082d7c0","height":null,"num_floors":null,"render_height_m":6.4,"height_label":"assumed"}},{"type":"Feature","geometry":{"type":"Polygon","coordinates":[[[78.398544,17.416634],[78.398351,17.416596],[78.398376,17.416482],[78.398568,17.41652],[78.398544,17.416634]]]},"properties":{"id":"3058c5399cc8","height":null,"num_floors":null,"render_height_m":12.8,"height_label":"assumed"}},{"type":"Feature","geometry":{"type":"Polygon","coordinates":[[[78.398427,17.416768],[78.398502,17.41678],[78.398497,17.416809],[78.398422,17.416798],[78.398427,17.416768]]]},"properties":{"id":"424099c4d6e6","height":null,"num_floors":null,"render_height_m":6.4,"height_label":"assumed"}},{"type":"Feature","geometry":{"type":"Polygon","coordinates":[[[78.398418,17.416801],[78.398479,17.416811],[78.39847,17.416863],[78.398409,17.416852],[78.398418,17.416801]]]},"properties":{"id":"dc6c6d9d4149","height":null,"num_floors":null,"render_height_m":6.4,"height_label":"assumed"}},{"type":"Feature","geometry":{"type":"Polygon","coordinates":[[[78.398488,17.417002],[78.398264,17.416957],[78.398288,17.416848],[78.398512,17.416893],[78.398488,17.417002]]]},"properties":{"id":"22e09e1aa60b","height":null,"num_floors":null,"render_height_m":12.8,"height_label":"assumed"}},{"type":"Feature","geometry":{"type":"Polygon","coordinates":[[[78.398345,17.417085],[78.398409,17.417094],[78.398402,17.417135],[78.398338,17.417126],[78.398345,17.417085]]]},"properties":{"id":"88ea2b7bf48a","height":null,"num_floors":null,"render_height_m":6.4,"height_label":"assumed"}},{"type":"Feature","geometry":{"type":"Polygon","coordinates":[[[78.398493,17.417135],[78.398543,17.417145],[78.398533,17.417187],[78.398484,17.417178],[78.398493,17.417135]]]},"properties":{"id":"4775f45c80ed","height":null,"num_floors":null,"render_height_m":6.4,"height_label":"assumed"}},{"type":"Feature","geometry":{"type":"Polygon","coordinates":[[[78.398646,17.417351],[78.398696,17.417359],[78.398687,17.417416],[78.398636,17.417408],[78.398646,17.417351]]]},"properties":{"id":"6b3a0834f338","height":null,"num_floors":null,"render_height_m":6.4,"height_label":"assumed"}}]}