{"type":"FeatureCollection","features":[{"type":"Feature","geometry":{"type":"Polygon","coordinates":[[[78.423525,17.395065],[78.423507,17.394958],[78.423591,17.394945],[78.423609,17.395052],[78.423525,17.395065]]]},"properties":{"id":"7cc087145e21","height":null,"num_floors":null,"render_height_m":9.6,"height_label":"assumed"}},{"type":"Feature","geometry":{"type":"Polygon","coordinates":[[[78.423592,17.394927],[78.423488,17.394935],[78.423474,17.394774],[78.423578,17.394766],[78.423592,17.394927]]]},"properties":{"id":"565e3434767e","height":null,"num_floors":null,"render_height_m":9.6,"height_label":"assumed"}},{"type":"Feature","geometry":{"type":"Polygon","coordinates":[[[78.423706,17.394891],[78.423603,17.394905],[78.423582,17.394758],[78.423685,17.394744],[78.423706,17.394891]]]},"properties":{"id":"5bb926c96c8a","height":null,"num_floors":null,"render_height_m":9.6,"height_label":"assumed"}},{"type":"Feature","geometry":{"type":"Polygon","coordinates":[[[78.423839,17.394891],[78.423729,17.394906],[78.423711,17.394779],[78.423822,17.394765],[78.423839,17.394891]]]},"properties":{"id":"082df546a7cc","height":null,"num_floors":null,"render_height_m":9.6,"height_label":"assumed"}},{"type":"Feature","geometry":{"type":"Polygon","coordinates":[[[78.423756,17.39506],[78.42374,17.394938],[78.423839,17.394927],[78.423855,17.395049],[78.423756,17.39506]]]},"properties":{"id":"a01db919c139","height":null,"num_floors":null,"render_height_m":9.6,"height_label":"assumed"}},{"type":"Feature","geometry":{"type":"Polygon","coordinates":[[[78.423739,17.39504],[78.423632,17.395052],[78.423614,17.394911],[78.423721,17.394898],[78.423739,17.39504]]]},"properties":{"id":"dddef7e07e0b","height":null,"num_floors":null,"render_height_m":9.6,"height_label":"assumed"}},{"type":"Feature","geometry":{"type":"Polygon","coordinates":[[[78.423725,17.395067],[78.423732,17.395103],[78.423676,17.395112],[78.423669,17.395076],[78.423725,17.395067]]]},"properties":{"id":"ea15b218fb85","height":null,"num_floors":null,"render_height_m":6.4,"height_label":"assumed"}},{"type":"Feature","geometry":{"type":"Polygon","coordinates":[[[78.423877,17.395315],[78.423742,17.395339],[78.423713,17.395187],[78.423847,17.395164],[78.423877,17.395315]]]},"properties":{"id":"2febbee588c5","height":null,"num_floors":null,"render_height_m":9.6,"height_label":"assumed"}},{"type":"Feature","geometry":{"type":"Polygon","coordinates":[[[78.423715,17.39534],[78.423584,17.395362],[78.423556,17.395214],[78.423686,17.395191],[78.423715,17.39534]]]},"properties":{"id":"87675f735179","height":null,"num_floors":null,"render_height_m":9.6,"height_label":"assumed"}},{"type":"Feature","geometry":{"type":"Polygon","coordinates":[[[78.423642,17.395759],[78.423525,17.395778],[78.423507,17.395672],[78.423624,17.395654],[78.423642,17.395759]]]},"properties":{"id":"b622a70be29c","height":null,"num_floors":null,"render_height_m":9.6,"height_label":"assumed"}},{"type":"Feature","geometry":{"type":"Polygon","coordinates":[[[78.423652,17.395789],[78.423672,17.395922],[78.42355,17.395939],[78.42353,17.395806],[78.423652,17.395789]]]},"properties":{"id":"bf889383f20b","height":null,"num_floors":null,"render_height_m":9.6,"height_label":"assumed"}},{"type":"Feature","geometry":{"type":"Polygon","coordinates":[[[78.423594,17.39618],[78.423568,17.396031],[78.42368,17.396012],[78.423707,17.396161],[78.423594,17.39618]]]},"properties":{"id":"f871a5cd147e","height":null,"num_floors":null,"render_height_m":9.6,"height_label":"assumed"}},{"type":"Feature","geometry":{"type":"Polygon","coordinates":[[[78.423731,17.396162],[78.423708,17.396013],[78.423823,17.395996],[78.423846,17.396145],[78.423731,17.396162]]]},"properties":{"id":"ee51b08b45f9","height":null,"num_floors":null,"render_height_m":9.6,"height_label":"assumed"}},{"type":"Feature","geometry":{"type":"Polygon","coordinates":[[[78.423686,17.395918],[78.423671,17.395775],[78.423829,17.39576],[78.423845,17.395902],[78.423686,17.395918]]]},"properties":{"id":"8317d44c1d17","height":null,"num_floors":null,"render_height_m":12.8,"height_label":"assumed"}},{"type":"Feature","geometry":{"type":"Polygon","coordinates":[[[78.423617,17.395526],[78.423598,17.395405],[78.4237,17.395391],[78.423718,17.395512],[78.423617,17.395526]]]},"properties":{"id":"d6a50e988a89","height":null,"num_floors":null,"render_height_m":9.6,"height_label":"assumed"}},{"type":"Feature","geometry":{"type":"Polygon","coordinates":[[[78.423924,17.395467],[78.423745,17.395499],[78.423719,17.395366],[78.423898,17.395334],[78.423924,17.395467]]]},"properties":{"id":"62edd34eff87","height":null,"num_floors":null,"render_height_m":12.8,"height_label":"assumed"}},{"type":"Feature","geometry":{"type":"Polygon","coordinates":[[[78.424115,17.395699],[78.423981,17.395717],[78.423958,17.395557],[78.424091,17.395539],[78.424115,17.395699]]]},"properties":{"id":"53061f9c2433","height":null,"num_floors":null,"render_height_m":12.8,"height_label":"assumed"}},{"type":"Feature","geometry":{"type":"Polygon","coordinates":[[[78.423844,17.39576],[78.423934,17.395755],[78.423941,17.395889],[78.423852,17.395893],[78.423844,17.39576]]]},"properties":{"id":"61801c8f27eb","height":null,"num_floors":null,"render_height_m":9.6,"height_label":"assumed"}},{"type":"Feature","geometry":{"type":"Polygon","coordinates":[[[78.424077,17.396106],[78.423952,17.396126],[78.423931,17.396004],[78.424056,17.395984],[78.424077,17.396106]]]},"properties":{"id":"abb184dfc037","height":null,"num_floors":null,"render_height_m":9.6,"height_label":"assumed"}},{"type":"Feature","geometry":{"type":"Polygon","coordinates":[[[78.424127,17.39574],[78.424137,17.395885],[78.424001,17.395893],[78.423991,17.395748],[78.424127,17.39574]]]},"properties":{"id":"2e3b7e12dd59","height":null,"num_floors":null,"render_height_m":9.6,"height_label":"assumed"}},{"type":"Feature","geometry":{"type":"Polygon","coordinates":[[[78.424126,17.395684],[78.424181,17.395679],[78.424197,17.395834],[78.424142,17.39584],[78.424126,17.395684]]]},"properties":{"id":"185ab986ad3b","height":null,"num_floors":null,"render_height_m":9.6,"height_label":"assumed"}},{"type":"Feature","geometry":{"type":"Polygon","coordinates":[[[78.424194,17.39584],[78.424199,17.395885],[78.424143,17.39589],[78.424138,17.395845],[78.424194,17.39584]]]},"properties":{"id":"8ecb307cf7c5","height":null,"num_floors":null,"render_height_m":6.4,"height_label":"assumed"}},{"type":"Feature","geometry":{"type":"Polygon","coordinates":[[[78.424099,17.396118],[78.424073,17.39598],[78.424177,17.395962],[78.424203,17.3961],[78.424099,17.396118]]]},"properties":{"id":"38be5567c042","height":null,"num_floors":null,"render_height_m":9.6,"height_label":"assumed"}},{"type":"Feature","geometry":{"type":"Polygon","coordinates":[[[78.424323,17.395819],[78.42428,17.395825],[78.424267,17.395738],[78.42431,17.395732],[78.424323,17.395819]]]},"properties":{"id":"7c2d1cdf90b5","height":null,"num_floors":null,"render_height_m":6.4,"height_label":"assumed"}},{"type":"Feature","geometry":{"type":"Polygon","coordinates":[[[78.424163,17.395553],[78.424168,17.395604],[78.424113,17.395609],[78.424107,17.395558],[78.424163,17.395553]]]},"properties":{"id":"877c0809fb12","height":null,"num_floors":null,"render_height_m":6.4,"height_label":"assumed"}},{"type":"Feature","geometry":{"type":"Polygon","coordinates":[[[78.424065,17.395283],[78.423896,17.395313],[78.423872,17.395192],[78.424041,17.395163],[78.424065,17.395283]]]},"properties":{"id":"9908174f0a7f","height":null,"num_floors":null,"render_height_m":9.6,"height_label":"assumed"}},{"type":"Feature","geometry":{"type":"Polygon","coordinates":[[[78.423948,17.395459],[78.423923,17.395333],[78.424046,17.395311],[78.424071,17.395437],[78.423948,17.395459]]]},"properties":{"id":"02f02ecde026","height":null,"num_floors":null,"render_height_m":9.6,"height_label":"assumed"}},{"type":"Feature","geometry":{"type":"Polygon","coordinates":[[[78.423922,17.395035],[78.423868,17.395042],[78.423855,17.394942],[78.423908,17.394936],[78.423922,17.395035]]]},"properties":{"id":"ec66b0ef8465","height":null,"num_floors":null,"render_height_m":6.4,"height_label":"assumed"}},{"type":"Feature","geometry":{"type":"Polygon","coordinates":[[[78.423932,17.395008],[78.423914,17.3949],[78.423965,17.394893],[78.423982,17.395001],[78.423932,17.395008]]]},"properties":{"id":"e19dcbec74b4","height":null,"num_floors":null,"render_height_m":6.4,"height_label":"assumed"}},{"type":"Feature","geometry":{"type":"Polygon","coordinates":[[[78.423946,17.394857],[78.42385,17.394873],[78.423823,17.39473],[78.42392,17.394714],[78.423946,17.394857]]]},"properties":{"id":"2ca39a6936a3","height":null,"num_floors":null,"render_height_m":9.6,"height_label":"assumed"}},{"type":"Feature","geometry":{"type":"Polygon","coordinates":[[[78.42422,17.394857],[78.424086,17.39489],[78.424064,17.394812],[78.424198,17.394778],[78.42422,17.394857]]]},"properties":{"id":"4d2d3f18dff8","height":null,"num_floors":null,"render_height_m":9.6,"height_label":"assumed"}},{"type":"Feature","geometry":{"type":"Polygon","coordinates":[[[78.424266,17.394977],[78.424197,17.394987],[78.424179,17.394887],[78.424249,17.394876],[78.424266,17.394977]]]},"properties":{"id":"2e3eb7a2a56d","height":null,"num_floors":null,"render_height_m":9.6,"height_label":"assumed"}},{"type":"Feature","geometry":{"type":"Polygon","coordinates":[[[78.424272,17.394952],[78.42425,17.394819],[78.424349,17.394804],[78.424371,17.394937],[78.424272,17.394952]]]},"properties":{"id":"5e6b08365e34","height":null,"num_floors":null,"render_height_m":9.6,"height_label":"assumed"}},{"type":"Feature","geometry":{"type":"Polygon","coordinates":[[[78.424319,17.39475],[78.42405,17.394788],[78.424029,17.394652],[78.424298,17.394613],[78.424319,17.39475]]]},"properties":{"id":"27e52f2410f5","height":null,"num_floors":null,"render_height_m":12.8,"height_label":"assumed"}},{"type":"Feature","geometry":{"type":"Polygon","coordinates":[[[78.424067,17.394542],[78.424075,17.394391],[78.424259,17.394399],[78.424252,17.39455],[78.424067,17.394542]]]},"properties":{"id":"572d518f7666","height":null,"num_floors":null,"render_height_m":12.8,"height_label":"assumed"}},{"type":"Feature","geometry":{"type":"Polygon","coordinates":[[[78.424159,17.394246],[78.424162,17.39415],[78.424292,17.394154],[78.424288,17.39425],[78.424159,17.394246]]]},"properties":{"id":"e9bb128d00b1","height":null,"num_floors":null,"render_height_m":9.6,"height_label":"assumed"}},{"type":"Feature","geometry":{"type":"Polygon","coordinates":[[[78.424159,17.394097],[78.424161,17.394017],[78.424328,17.39402],[78.424327,17.394101],[78.424159,17.394097]]]},"properties":{"id":"4f6ca38a1d06","height":null,"num_floors":null,"render_height_m":9.6,"height_label":"assumed"}},{"type":"Feature","geometry":{"type":"Polygon","coordinates":[[[78.42431,17.394149],[78.424165,17.394147],[78.424166,17.394103],[78.42431,17.394105],[78.42431,17.394149]]]},"properties":{"id":"197dda02a811","height":null,"num_floors":null,"render_height_m":6.4,"height_label":"assumed"}},{"type":"Feature","geometry":{"type":"Polygon","coordinates":[[[78.424056,17.394282],[78.424058,17.394133],[78.424156,17.394134],[78.424154,17.394283],[78.424056,17.394282]]]},"properties":{"id":"ed3cb7ae6470","height":null,"num_floors":null,"render_height_m":9.6,"height_label":"assumed"}},{"type":"Feature","geometry":{"type":"Polygon","coordinates":[[[78.423903,17.39428],[78.423905,17.394158],[78.424044,17.39416],[78.424042,17.394282],[78.423903,17.39428]]]},"properties":{"id":"527e34e0a957","height":null,"num_floors":null,"render_height_m":9.6,"height_label":"assumed"}},{"type":"Feature","geometry":{"type":"Polygon","coordinates":[[[78.424155,17.394117],[78.42402,17.394122],[78.424015,17.394006],[78.42415,17.394001],[78.424155,17.394117]]]},"properties":{"id":"c264ec343ad7","height":null,"num_floors":null,"render_height_m":9.6,"height_label":"assumed"}},{"type":"Feature","geometry":{"type":"Polygon","coordinates":[[[78.42401,17.394148],[78.423813,17.39415],[78.423812,17.394034],[78.424009,17.394032],[78.42401,17.394148]]]},"properties":{"id":"f0de569647a5","height":null,"num_floors":null,"render_height_m":12.8,"height_label":"assumed"}},{"type":"Feature","geometry":{"type":"Polygon","coordinates":[[[78.423807,17.394306],[78.423801,17.394169],[78.42389,17.394166],[78.423895,17.394302],[78.423807,17.394306]]]},"properties":{"id":"bfbdd210b1ec","height":null,"num_floors":null,"render_height_m":9.6,"height_label":"assumed"}},{"type":"Feature","geometry":{"type":"Polygon","coordinates":[[[78.423871,17.394401],[78.423871,17.394555],[78.423809,17.394555],[78.423809,17.394401],[78.423871,17.394401]]]},"properties":{"id":"3c97f5e921da","height":null,"num_floors":null,"render_height_m":9.6,"height_label":"assumed"}},{"type":"Feature","geometry":{"type":"Polygon","coordinates":[[[78.423879,17.394545],[78.423879,17.394419],[78.423957,17.39442],[78.423957,17.394545],[78.423879,17.394545]]]},"properties":{"id":"9d384c508829","height":null,"num_floors":null,"render_height_m":9.6,"height_label":"assumed"}},{"type":"Feature","geometry":{"type":"Polygon","coordinates":[[[78.424056,17.394408],[78.424053,17.394554],[78.423971,17.394553],[78.423974,17.394407],[78.424056,17.394408]]]},"properties":{"id":"3aa6b493571d","height":null,"num_floors":null,"render_height_m":9.6,"height_label":"assumed"}},{"type":"Feature","geometry":{"type":"Polygon","coordinates":[[[78.424033,17.394571],[78.424113,17.394566],[78.424116,17.394615],[78.424035,17.39462],[78.424033,17.394571]]]},"properties":{"id":"69d52a2799ee","height":null,"num_floors":null,"render_height_m":6.4,"height_label":"assumed"}},{"type":"Feature","geometry":{"type":"Polygon","coordinates":[[[78.423714,17.394655],[78.423712,17.394574],[78.423863,17.394569],[78.423866,17.394651],[78.423714,17.394655]]]},"properties":{"id":"486e648964ec","height":null,"num_floors":null,"render_height_m":9.6,"height_label":"assumed"}},{"type":"Feature","geometry":{"type":"Polygon","coordinates":[[[78.423796,17.394414],[78.423801,17.394559],[78.423721,17.394562],[78.423718,17.394469],[78.423758,17.394468],[78.423756,17.394415],[78.423796,17.394414]]]},"properties":{"id":"6337111b3e16","height":null,"num_floors":null,"render_height_m":9.6,"height_label":"assumed"}},{"type":"Feature","geometry":{"type":"Polygon","coordinates":[[[78.423704,17.394543],[78.423598,17.394545],[78.423596,17.394464],[78.423701,17.394461],[78.423704,17.394543]]]},"properties":{"id":"1d4c81e8fe15","height":null,"num_floors":null,"render_height_m":9.6,"height_label":"assumed"}},{"type":"Feature","geometry":{"type":"Polygon","coordinates":[[[78.423702,17.394434],[78.423587,17.394442],[78.42358,17.394354],[78.423695,17.394346],[78.423702,17.394434]]]},"properties":{"id":"2809d0daaa38","height":null,"num_floors":null,"render_height_m":9.6,"height_label":"assumed"}},{"type":"Feature","geometry":{"type":"Polygon","coordinates":[[[78.423605,17.394653],[78.4236,17.394554],[78.423697,17.39455],[78.423702,17.394649],[78.423605,17.394653]]]},"properties":{"id":"e1528dae6770","height":null,"num_floors":null,"render_height_m":9.6,"height_label":"assumed"}},{"type":"Feature","geometry":{"type":"Polygon","coordinates":[[[78.423513,17.394403],[78.423561,17.394397],[78.423567,17.394443],[78.423519,17.394449],[78.423513,17.394403]]]},"properties":{"id":"afc7b1e37c5b","height":null,"num_floors":null,"render_height_m":6.4,"height_label":"assumed"}},{"type":"Feature","geometry":{"type":"Polygon","coordinates":[[[78.423654,17.394022],[78.423681,17.394193],[78.423585,17.394207],[78.423558,17.394036],[78.423654,17.394022]]]},"properties":{"id":"64de2d7a2871","height":null,"num_floors":null,"render_height_m":9.6,"height_label":"assumed"}},{"type":"Feature","geometry":{"type":"Polygon","coordinates":[[[78.42359,17.394335],[78.423587,17.394242],[78.423654,17.39424],[78.423657,17.394333],[78.42359,17.394335]]]},"properties":{"id":"719e0aa96ea9","height":null,"num_floors":null,"render_height_m":6.4,"height_label":"assumed"}},{"type":"Feature","geometry":{"type":"Polygon","coordinates":[[[78.42378,17.394206],[78.423783,17.394317],[78.423708,17.394319],[78.423705,17.394208],[78.42378,17.394206]]]},"properties":{"id":"a7f148d39e8a","height":null,"num_floors":null,"render_height_m":9.6,"height_label":"assumed"}},{"type":"Feature","geometry":{"type":"Polygon","coordinates":[[[78.423804,17.394145],[78.423687,17.394147],[78.423684,17.394037],[78.423801,17.394035],[78.423804,17.394145]]]},"properties":{"id":"f70fc89ebbe0","height":null,"num_floors":null,"render_height_m":9.6,"height_label":"assumed"}},{"type":"Feature","geometry":{"type":"Polygon","coordinates":[[[78.423679,17.393835],[78.423762,17.393839],[78.423756,17.393963],[78.423673,17.393959],[78.423679,17.393835]]]},"properties":{"id":"7bae9c6e3f14","height":null,"num_floors":null,"render_height_m":9.6,"height_label":"assumed"}},{"type":"Feature","geometry":{"type":"Polygon","coordinates":[[[78.423859,17.393855],[78.423854,17.393974],[78.423762,17.393971],[78.423767,17.393852],[78.423859,17.393855]]]},"properties":{"id":"4600724cf4aa","height":null,"num_floors":null,"render_height_m":9.6,"height_label":"assumed"}},{"type":"Feature","geometry":{"type":"Polygon","coordinates":[[[78.423669,17.393828],[78.423672,17.393714],[78.42387,17.393719],[78.423867,17.393833],[78.423669,17.393828]]]},"properties":{"id":"cb513f50f3f5","height":null,"num_floors":null,"render_height_m":12.8,"height_label":"assumed"}},{"type":"Feature","geometry":{"type":"Polygon","coordinates":[[[78.423657,17.393868],[78.423556,17.393881],[78.423531,17.393697],[78.423632,17.393685],[78.423657,17.393868]]]},"properties":{"id":"a2003c7e9161","height":null,"num_floors":null,"render_height_m":9.6,"height_label":"assumed"}},{"type":"Feature","geometry":{"type":"Polygon","coordinates":[[[78.42366,17.393987],[78.423561,17.393995],[78.423552,17.39391],[78.423651,17.393901],[78.42366,17.393987]]]},"properties":{"id":"a74454842a18","height":null,"num_floors":null,"render_height_m":9.6,"height_label":"assumed"}},{"type":"Feature","geometry":{"type":"Polygon","coordinates":[[[78.423637,17.393557],[78.423514,17.39357],[78.423505,17.393487],[78.423627,17.393474],[78.423637,17.393557]]]},"properties":{"id":"247a4773ade4","height":null,"num_floors":null,"render_height_m":9.6,"height_label":"assumed"}},{"type":"Feature","geometry":{"type":"Polygon","coordinates":[[[78.423627,17.393452],[78.423502,17.393462],[78.423493,17.393364],[78.423617,17.393353],[78.423627,17.393452]]]},"properties":{"id":"525123dc5817","height":null,"num_floors":null,"render_height_m":9.6,"height_label":"assumed"}},{"type":"Feature","geometry":{"type":"Polygon","coordinates":[[[78.423598,17.393334],[78.423484,17.393361],[78.423462,17.393279],[78.423576,17.393252],[78.423598,17.393334]]]},"properties":{"id":"d1589cf144fb","height":null,"num_floors":null,"render_height_m":9.6,"height_label":"assumed"}},{"type":"Feature","geometry":{"type":"Polygon","coordinates":[[[78.423777,17.393387],[78.423623,17.393386],[78.423617,17.393326],[78.423779,17.393258],[78.423777,17.393387]]]},"properties":{"id":"066894700eda","height":null,"num_floors":null,"render_height_m":9.6,"height_label":"assumed"}},{"type":"Feature","geometry":{"type":"Polygon","coordinates":[[[78.423631,17.39361],[78.42353,17.393623],[78.423523,17.393578],[78.423625,17.393564],[78.423631,17.39361]]]},"properties":{"id":"f085b3237a80","height":null,"num_floors":null,"render_height_m":6.4,"height_label":"assumed"}},{"type":"Feature","geometry":{"type":"Polygon","coordinates":[[[78.423771,17.3936],[78.423654,17.3936],[78.423654,17.393527],[78.423771,17.393527],[78.423771,17.3936]]]},"properties":{"id":"8ca0fde2db1d","height":null,"num_floors":null,"render_height_m":9.6,"height_label":"assumed"}},{"type":"Feature","geometry":{"type":"Polygon","coordinates":[[[78.423765,17.39352],[78.423645,17.393518],[78.423647,17.393424],[78.423767,17.393426],[78.423765,17.39352]]]},"properties":{"id":"aa511008855e","height":null,"num_floors":null,"render_height_m":9.6,"height_label":"assumed"}},{"type":"Feature","geometry":{"type":"Polygon","coordinates":[[[78.42397,17.393457],[78.42383,17.393455],[78.423832,17.393386],[78.423972,17.393389],[78.42397,17.393457]]]},"properties":{"id":"bddee0e2bec8","height":null,"num_floors":null,"render_height_m":9.6,"height_label":"assumed"}},{"type":"Feature","geometry":{"type":"Polygon","coordinates":[[[78.424,17.393686],[78.424012,17.393568],[78.424091,17.393575],[78.424079,17.393693],[78.424,17.393686]]]},"properties":{"id":"378924005ec4","height":null,"num_floors":null,"render_height_m":9.6,"height_label":"assumed"}},{"type":"Feature","geometry":{"type":"Polygon","coordinates":[[[78.423993,17.393688],[78.423916,17.393686],[78.423921,17.393553],[78.423998,17.393556],[78.423993,17.393688]]]},"properties":{"id":"2e6741cb565a","height":null,"num_floors":null,"render_height_m":9.6,"height_label":"assumed"}},{"type":"Feature","geometry":{"type":"Polygon","coordinates":[[[78.423967,17.393543],[78.423836,17.393541],[78.423837,17.393468],[78.423969,17.393471],[78.423967,17.393543]]]},"properties":{"id":"12866eda2738","height":null,"num_floors":null,"render_height_m":9.6,"height_label":"assumed"}},{"type":"Feature","geometry":{"type":"Polygon","coordinates":[[[78.423836,17.393662],[78.423839,17.39355],[78.423916,17.393552],[78.423913,17.393663],[78.423836,17.393662]]]},"properties":{"id":"054438d2560d","height":null,"num_floors":null,"render_height_m":9.6,"height_label":"assumed"}},{"type":"Feature","geometry":{"type":"Polygon","coordinates":[[[78.423876,17.393942],[78.423887,17.393803],[78.423999,17.393812],[78.423988,17.39395],[78.423876,17.393942]]]},"properties":{"id":"9bb263f7e407","height":null,"num_floors":null,"render_height_m":9.6,"height_label":"assumed"}},{"type":"Feature","geometry":{"type":"Polygon","coordinates":[[[78.424187,17.393845],[78.424091,17.39384],[78.424096,17.393746],[78.424192,17.393751],[78.424187,17.393845]]]},"properties":{"id":"5140970d0b94","height":null,"num_floors":null,"render_height_m":9.6,"height_label":"assumed"}},{"type":"Feature","geometry":{"type":"Polygon","coordinates":[[[78.424177,17.393961],[78.424071,17.393956],[78.424076,17.393852],[78.424182,17.393857],[78.424177,17.393961]]]},"properties":{"id":"45e2feaf9b5e","height":null,"num_floors":null,"render_height_m":9.6,"height_label":"assumed"}},{"type":"Feature","geometry":{"type":"Polygon","coordinates":[[[78.42419,17.393956],[78.424195,17.393872],[78.424342,17.39388],[78.424337,17.393963],[78.42419,17.393956]]]},"properties":{"id":"0254abdbf4ab","height":null,"num_floors":null,"render_height_m":9.6,"height_label":"assumed"}},{"type":"Feature","geometry":{"type":"Polygon","coordinates":[[[78.424354,17.393871],[78.424192,17.393861],[78.4242,17.393753],[78.424361,17.393764],[78.424354,17.393871]]]},"properties":{"id":"9e98dc1b03f7","height":null,"num_floors":null,"render_height_m":9.6,"height_label":"assumed"}},{"type":"Feature","geometry":{"type":"Polygon","coordinates":[[[78.42425,17.393705],[78.424267,17.393522],[78.424389,17.393532],[78.424372,17.393716],[78.42425,17.393705]]]},"properties":{"id":"57f799def799","height":null,"num_floors":null,"render_height_m":12.8,"height_label":"assumed"}},{"type":"Feature","geometry":{"type":"Polygon","coordinates":[[[78.424188,17.393656],[78.424199,17.393504],[78.424254,17.393507],[78.424243,17.39366],[78.424188,17.393656]]]},"properties":{"id":"8dd57756c1f7","height":null,"num_floors":null,"render_height_m":9.6,"height_label":"assumed"}},{"type":"Feature","geometry":{"type":"Polygon","coordinates":[[[78.424104,17.393493],[78.424185,17.393498],[78.424171,17.393692],[78.424091,17.393687],[78.424104,17.393493]]]},"properties":{"id":"d6b6b700969c","height":null,"num_floors":null,"render_height_m":9.6,"height_label":"assumed"}},{"type":"Feature","geometry":{"type":"Polygon","coordinates":[[[78.424425,17.393536],[78.424465,17.393545],[78.424457,17.393582],[78.424416,17.393573],[78.424425,17.393536]]]},"properties":{"id":"b1b83c86f969","height":null,"num_floors":null,"render_height_m":6.4,"height_label":"assumed"}},{"type":"Feature","geometry":{"type":"Polygon","coordinates":[[[78.424403,17.393478],[78.424461,17.393484],[78.424455,17.393538],[78.424397,17.393532],[78.424403,17.393478]]]},"properties":{"id":"26cb484cca3b","height":null,"num_floors":null,"render_height_m":6.4,"height_label":"assumed"}},{"type":"Feature","geometry":{"type":"Polygon","coordinates":[[[78.424736,17.39329],[78.42471,17.393445],[78.424563,17.393422],[78.42459,17.393267],[78.424736,17.39329]]]},"properties":{"id":"73bd9ea63482","height":null,"num_floors":null,"render_height_m":12.8,"height_label":"assumed"}},{"type":"Feature","geometry":{"type":"Polygon","coordinates":[[[78.424885,17.393393],[78.424751,17.393378],[78.42476,17.39331],[78.424894,17.393326],[78.424885,17.393393]]]},"properties":{"id":"147693612669","height":null,"num_floors":null,"render_height_m":9.6,"height_label":"assumed"}},{"type":"Feature","geometry":{"type":"Polygon","coordinates":[[[78.424717,17.39349],[78.42473,17.393415],[78.424863,17.393436],[78.42485,17.393511],[78.424717,17.39349]]]},"properties":{"id":"08920188b7fd","height":null,"num_floors":null,"render_height_m":9.6,"height_label":"assumed"}},{"type":"Feature","geometry":{"type":"Polygon","coordinates":[[[78.424699,17.393584],[78.424714,17.393496],[78.42486,17.393518],[78.424845,17.393606],[78.424699,17.393584]]]},"properties":{"id":"77ceeab7e1ea","height":null,"num_floors":null,"render_height_m":9.6,"height_label":"assumed"}},{"type":"Feature","geometry":{"type":"Polygon","coordinates":[[[78.424804,17.393707],[78.424662,17.393689],[78.424675,17.393588],[78.424817,17.393605],[78.424804,17.393707]]]},"properties":{"id":"badbe4eeb940","height":null,"num_floors":null,"render_height_m":9.6,"height_label":"assumed"}},{"type":"Feature","geometry":{"type":"Polygon","coordinates":[[[78.424791,17.393842],[78.424651,17.393818],[78.424669,17.393724],[78.424809,17.393747],[78.424791,17.393842]]]},"properties":{"id":"e124645fe575","height":null,"num_floors":null,"render_height_m":9.6,"height_label":"assumed"}},{"type":"Feature","geometry":{"type":"Polygon","coordinates":[[[78.424608,17.394029],[78.424623,17.393939],[78.424782,17.393963],[78.424767,17.394053],[78.424608,17.394029]]]},"properties":{"id":"05e84fc62102","height":null,"num_floors":null,"render_height_m":9.6,"height_label":"assumed"}},{"type":"Feature","geometry":{"type":"Polygon","coordinates":[[[78.424789,17.393936],[78.424631,17.393917],[78.424641,17.393841],[78.424799,17.393859],[78.424789,17.393936]]]},"properties":{"id":"08a3538277cf","height":null,"num_floors":null,"render_height_m":9.6,"height_label":"assumed"}},{"type":"Feature","geometry":{"type":"Polygon","coordinates":[[[78.424599,17.393974],[78.424461,17.393952],[78.424475,17.393879],[78.424612,17.393901],[78.424599,17.393974]]]},"properties":{"id":"45fa02f0df1f","height":null,"num_floors":null,"render_height_m":9.6,"height_label":"assumed"}},{"type":"Feature","geometry":{"type":"Polygon","coordinates":[[[78.424626,17.393894],[78.424465,17.393865],[78.424479,17.393794],[78.42464,17.393823],[78.424626,17.393894]]]},"properties":{"id":"115f3ffa07e8","height":null,"num_floors":null,"render_height_m":9.6,"height_label":"assumed"}},{"type":"Feature","geometry":{"type":"Polygon","coordinates":[[[78.424578,17.394055],[78.42443,17.394031],[78.424441,17.393973],[78.424588,17.393997],[78.424578,17.394055]]]},"properties":{"id":"f2344f90e36c","height":null,"num_floors":null,"render_height_m":9.6,"height_label":"assumed"}},{"type":"Feature","geometry":{"type":"Polygon","coordinates":[[[78.42456,17.394152],[78.4244,17.394127],[78.424415,17.39404],[78.424575,17.394065],[78.42456,17.394152]]]},"properties":{"id":"d4fa7cd8de39","height":null,"num_floors":null,"render_height_m":9.6,"height_label":"assumed"}},{"type":"Feature","geometry":{"type":"Polygon","coordinates":[[[78.424506,17.394409],[78.424341,17.394378],[78.424355,17.394312],[78.42452,17.394343],[78.424506,17.394409]]]},"properties":{"id":"8fc0a27bccfc","height":null,"num_floors":null,"render_height_m":9.6,"height_label":"assumed"}},{"type":"Feature","geometry":{"type":"Polygon","coordinates":[[[78.42448,17.394512],[78.424349,17.394512],[78.424349,17.394436],[78.42448,17.394436],[78.42448,17.394512]]]},"properties":{"id":"2d6024478169","height":null,"num_floors":null,"render_height_m":9.6,"height_label":"assumed"}},{"type":"Feature","geometry":{"type":"Polygon","coordinates":[[[78.424458,17.394791],[78.424327,17.394796],[78.424319,17.394575],[78.424449,17.394571],[78.424458,17.394791]]]},"properties":{"id":"72d11248bd20","height":null,"num_floors":null,"render_height_m":12.8,"height_label":"assumed"}},{"type":"Feature","geometry":{"type":"Polygon","coordinates":[[[78.42462,17.394712],[78.424477,17.394689],[78.424494,17.394595],[78.424637,17.394617],[78.42462,17.394712]]]},"properties":{"id":"b74b4840b511","height":null,"num_floors":null,"render_height_m":9.6,"height_label":"assumed"}},{"type":"Feature","geometry":{"type":"Polygon","coordinates":[[[78.424647,17.394591],[78.424498,17.394567],[78.424515,17.394472],[78.424664,17.394497],[78.424647,17.394591]]]},"properties":{"id":"122dcda254f7","height":null,"num_floors":null,"render_height_m":9.6,"height_label":"assumed"}},{"type":"Feature","geometry":{"type":"Polygon","coordinates":[[[78.424683,17.394469],[78.424507,17.394441],[78.424522,17.394353],[78.424699,17.394381],[78.424683,17.394469]]]},"properties":{"id":"b8aac93c7c82","height":null,"num_floors":null,"render_height_m":9.6,"height_label":"assumed"}},{"type":"Feature","geometry":{"type":"Polygon","coordinates":[[[78.424864,17.394628],[78.424802,17.394626],[78.424804,17.394547],[78.424866,17.394548],[78.424864,17.394628]]]},"properties":{"id":"a99338e8cacd","height":null,"num_floors":null,"render_height_m":6.4,"height_label":"assumed"}},{"type":"Feature","geometry":{"type":"Polygon","coordinates":[[[78.424533,17.394347],[78.424551,17.394253],[78.424712,17.39428],[78.424694,17.394374],[78.424533,17.394347]]]},"properties":{"id":"994b2cb2d25d","height":null,"num_floors":null,"render_height_m":9.6,"height_label":"assumed"}},{"type":"Feature","geometry":{"type":"Polygon","coordinates":[[[78.424559,17.394246],[78.424573,17.394162],[78.42472,17.394185],[78.424706,17.394269],[78.424559,17.394246]]]},"properties":{"id":"d14b593a012b","height":null,"num_floors":null,"render_height_m":9.6,"height_label":"assumed"}},{"type":"Feature","geometry":{"type":"Polygon","coordinates":[[[78.424571,17.394156],[78.424586,17.394067],[78.424746,17.394091],[78.424731,17.39418],[78.424571,17.394156]]]},"properties":{"id":"76d440853138","height":null,"num_floors":null,"render_height_m":9.6,"height_label":"assumed"}},{"type":"Feature","geometry":{"type":"Polygon","coordinates":[[[78.42502,17.394158],[78.424902,17.394125],[78.424922,17.39406],[78.425041,17.394093],[78.42502,17.394158]]]},"properties":{"id":"bf9c1790d626","height":null,"num_floors":null,"render_height_m":9.6,"height_label":"assumed"}},{"type":"Feature","geometry":{"type":"Polygon","coordinates":[[[78.425091,17.394305],[78.425036,17.394297],[78.425048,17.394216],[78.42516,17.394231],[78.42515,17.3943],[78.425093,17.394292],[78.425091,17.394305]]]},"properties":{"id":"55f2dd051ab5","height":null,"num_floors":null,"render_height_m":9.6,"height_label":"assumed"}},{"type":"Feature","geometry":{"type":"Polygon","coordinates":[[[78.424988,17.394268],[78.424845,17.394233],[78.424867,17.39415],[78.42501,17.394185],[78.424988,17.394268]]]},"properties":{"id":"88d00075697a","height":null,"num_floors":null,"render_height_m":9.6,"height_label":"assumed"}},{"type":"Feature","geometry":{"type":"Polygon","coordinates":[[[78.424964,17.394353],[78.424835,17.394333],[78.424847,17.394259],[78.424976,17.394278],[78.424964,17.394353]]]},"properties":{"id":"3ef4a54dcfca","height":null,"num_floors":null,"render_height_m":9.6,"height_label":"assumed"}},{"type":"Feature","geometry":{"type":"Polygon","coordinates":[[[78.424821,17.394454],[78.424841,17.394361],[78.42498,17.394388],[78.424967,17.394452],[78.424933,17.394445],[78.424929,17.394465],[78.424909,17.394462],[78.424907,17.394471],[78.424821,17.394454]]]},"properties":{"id":"e04741f7f28d","height":null,"num_floors":null,"render_height_m":9.6,"height_label":"assumed"}},{"type":"Feature","geometry":{"type":"Polygon","coordinates":[[[78.425117,17.394455],[78.424981,17.394432],[78.425002,17.394322],[78.425138,17.394346],[78.425117,17.394455]]]},"properties":{"id":"61a0556f45ea","height":null,"num_floors":null,"render_height_m":9.6,"height_label":"assumed"}},{"type":"Feature","geometry":{"type":"Polygon","coordinates":[[[78.425303,17.394542],[78.425313,17.394663],[78.425192,17.394672],[78.425182,17.394551],[78.425303,17.394542]]]},"properties":{"id":"f8c59dca1b81","height":null,"num_floors":null,"render_height_m":9.6,"height_label":"assumed"}},{"type":"Feature","geometry":{"type":"Polygon","coordinates":[[[78.425274,17.394418],[78.425268,17.394313],[78.425359,17.394308],[78.425365,17.394413],[78.425274,17.394418]]]},"properties":{"id":"9419544ee118","height":null,"num_floors":null,"render_height_m":9.6,"height_label":"assumed"}},{"type":"Feature","geometry":{"type":"Polygon","coordinates":[[[78.425449,17.394256],[78.425289,17.394268],[78.425283,17.394195],[78.425443,17.394183],[78.425449,17.394256]]]},"properties":{"id":"da568bba61ad","height":null,"num_floors":null,"render_height_m":9.6,"height_label":"assumed"}},{"type":"Feature","geometry":{"type":"Polygon","coordinates":[[[78.425172,17.394228],[78.425045,17.394206],[78.425064,17.394105],[78.425191,17.394127],[78.425172,17.394228]]]},"properties":{"id":"60a88e5252a6","height":null,"num_floors":null,"render_height_m":9.6,"height_label":"assumed"}},{"type":"Feature","geometry":{"type":"Polygon","coordinates":[[[78.425066,17.394087],[78.425084,17.394003],[78.425216,17.394029],[78.425198,17.394113],[78.425066,17.394087]]]},"properties":{"id":"325fd9d7461b","height":null,"num_floors":null,"render_height_m":9.6,"height_label":"assumed"}},{"type":"Feature","geometry":{"type":"Polygon","coordinates":[[[78.425274,17.393815],[78.425134,17.393786],[78.425156,17.393683],[78.425297,17.393711],[78.425274,17.393815]]]},"properties":{"id":"1195d2b0335f","height":null,"num_floors":null,"render_height_m":9.6,"height_label":"assumed"}},{"type":"Feature","geometry":{"type":"Polygon","coordinates":[[[78.425229,17.393909],[78.425107,17.393888],[78.425119,17.393824],[78.425241,17.393845],[78.425229,17.393909]]]},"properties":{"id":"68961f3ab663","height":null,"num_floors":null,"render_height_m":9.6,"height_label":"assumed"}},{"type":"Feature","geometry":{"type":"Polygon","coordinates":[[[78.425223,17.39401],[78.425076,17.393981],[78.425094,17.393896],[78.425241,17.393925],[78.425223,17.39401]]]},"properties":{"id":"a89d529b8c14","height":null,"num_floors":null,"render_height_m":9.6,"height_label":"assumed"}},{"type":"Feature","geometry":{"type":"Polygon","coordinates":[[[78.425109,17.393652],[78.425085,17.393756],[78.424964,17.39373],[78.424988,17.393627],[78.425109,17.393652]]]},"properties":{"id":"c304ff3a21f6","height":null,"num_floors":null,"render_height_m":9.6,"height_label":"assumed"}},{"type":"Feature","geometry":{"type":"Polygon","coordinates":[[[78.425089,17.393769],[78.42507,17.393856],[78.424995,17.39384],[78.425014,17.393754],[78.425089,17.393769]]]},"properties":{"id":"5ff957974c76","height":null,"num_floors":null,"render_height_m":6.4,"height_label":"assumed"}},{"type":"Feature","geometry":{"type":"Polygon","coordinates":[[[78.425129,17.393546],[78.425112,17.393636],[78.424968,17.393611],[78.424986,17.39352],[78.425129,17.393546]]]},"properties":{"id":"4238b0e8c27f","height":null,"num_floors":null,"render_height_m":9.6,"height_label":"assumed"}},{"type":"Feature","geometry":{"type":"Polygon","coordinates":[[[78.425145,17.393526],[78.425009,17.393493],[78.425032,17.393408],[78.425168,17.393441],[78.425145,17.393526]]]},"properties":{"id":"aff37644c018","height":null,"num_floors":null,"render_height_m":9.6,"height_label":"assumed"}},{"type":"Feature","geometry":{"type":"Polygon","coordinates":[[[78.425237,17.393678],[78.425129,17.393664],[78.425143,17.393572],[78.4253,17.393593],[78.425284,17.393698],[78.425235,17.393692],[78.425237,17.393678]]]},"properties":{"id":"2dc54c265804","height":null,"num_floors":null,"render_height_m":9.6,"height_label":"assumed"}},{"type":"Feature","geometry":{"type":"Polygon","coordinates":[[[78.425228,17.393544],[78.425164,17.393537],[78.425176,17.393441],[78.42524,17.393448],[78.425228,17.393544]]]},"properties":{"id":"9a005f2041a9","height":null,"num_floors":null,"render_height_m":6.4,"height_label":"assumed"}},{"type":"Feature","geometry":{"type":"Polygon","coordinates":[[[78.425313,17.393473],[78.425302,17.393557],[78.42524,17.39355],[78.42525,17.393466],[78.425313,17.393473]]]},"properties":{"id":"156abd8f4875","height":null,"num_floors":null,"render_height_m":6.4,"height_label":"assumed"}},{"type":"Feature","geometry":{"type":"Polygon","coordinates":[[[78.425388,17.393261],[78.42548,17.393293],[78.42544,17.393398],[78.425348,17.393367],[78.425388,17.393261]]]},"properties":{"id":"c97d719ba826","height":null,"num_floors":null,"render_height_m":9.6,"height_label":"assumed"}},{"type":"Feature","geometry":{"type":"Polygon","coordinates":[[[78.425477,17.393412],[78.425522,17.393297],[78.425606,17.393328],[78.425561,17.393442],[78.425477,17.393412]]]},"properties":{"id":"05b04da99963","height":null,"num_floors":null,"render_height_m":9.6,"height_label":"assumed"}},{"type":"Feature","geometry":{"type":"Polygon","coordinates":[[[78.42551,17.39365],[78.425609,17.393648],[78.425612,17.393739],[78.425587,17.39374],[78.425587,17.39376],[78.425512,17.393762],[78.42551,17.39365]]]},"properties":{"id":"a47028196b93","height":null,"num_floors":null,"render_height_m":9.6,"height_label":"assumed"}},{"type":"Feature","geometry":{"type":"Polygon","coordinates":[[[78.425614,17.39367],[78.425671,17.393672],[78.425668,17.393744],[78.425611,17.393742],[78.425614,17.39367]]]},"properties":{"id":"55c748d76110","height":null,"num_floors":null,"render_height_m":6.4,"height_label":"assumed"}},{"type":"Feature","geometry":{"type":"Polygon","coordinates":[[[78.425804,17.39356],[78.425709,17.393523],[78.425766,17.393391],[78.425861,17.393428],[78.425804,17.39356]]]},"properties":{"id":"049970b5166a","height":null,"num_floors":null,"render_height_m":9.6,"height_label":"assumed"}},{"type":"Feature","geometry":{"type":"Polygon","coordinates":[[[78.425738,17.393387],[78.425686,17.393505],[78.425565,17.393456],[78.425618,17.393338],[78.425738,17.393387]]]},"properties":{"id":"d2f27536f361","height":null,"num_floors":null,"render_height_m":9.6,"height_label":"assumed"}},{"type":"Feature","geometry":{"type":"Polygon","coordinates":[[[78.425813,17.393573],[78.425868,17.393447],[78.425977,17.393491],[78.425921,17.393616],[78.425813,17.393573]]]},"properties":{"id":"a920de1ea4df","height":null,"num_floors":null,"render_height_m":9.6,"height_label":"assumed"}},{"type":"Feature","geometry":{"type":"Polygon","coordinates":[[[78.426001,17.393481],[78.426085,17.393512],[78.426045,17.393614],[78.425961,17.393583],[78.426001,17.393481]]]},"properties":{"id":"af0f3c5b6a59","height":null,"num_floors":null,"render_height_m":9.6,"height_label":"assumed"}},{"type":"Feature","geometry":{"type":"Polygon","coordinates":[[[78.426162,17.393658],[78.42606,17.393617],[78.426097,17.393533],[78.426199,17.393575],[78.426162,17.393658]]]},"properties":{"id":"fe415fe78b68","height":null,"num_floors":null,"render_height_m":9.6,"height_label":"assumed"}},{"type":"Feature","geometry":{"type":"Polygon","coordinates":[[[78.426158,17.393263],[78.426071,17.393463],[78.425963,17.39342],[78.42605,17.393221],[78.426158,17.393263]]]},"properties":{"id":"6873671d5fe4","height":null,"num_floors":null,"render_height_m":12.8,"height_label":"assumed"}},{"type":"Feature","geometry":{"type":"Polygon","coordinates":[[[78.426233,17.393505],[78.426116,17.393467],[78.426177,17.393295],[78.426294,17.393333],[78.426233,17.393505]]]},"properties":{"id":"69e96992cf2e","height":null,"num_floors":null,"render_height_m":12.8,"height_label":"assumed"}},{"type":"Feature","geometry":{"type":"Polygon","coordinates":[[[78.426371,17.393499],[78.426278,17.393461],[78.426332,17.393341],[78.426425,17.393379],[78.426371,17.393499]]]},"properties":{"id":"d4d92fcd2713","height":null,"num_floors":null,"render_height_m":9.6,"height_label":"assumed"}},{"type":"Feature","geometry":{"type":"Polygon","coordinates":[[[78.426374,17.39362],[78.426257,17.393738],[78.426179,17.393668],[78.426295,17.393549],[78.426374,17.39362]]]},"properties":{"id":"bee8481a4f18","height":null,"num_floors":null,"render_height_m":9.6,"height_label":"assumed"}},{"type":"Feature","geometry":{"type":"Polygon","coordinates":[[[78.426462,17.393784],[78.426349,17.393849],[78.426299,17.39377],[78.426412,17.393705],[78.426462,17.393784]]]},"properties":{"id":"0af5595a8477","height":null,"num_floors":null,"render_height_m":9.6,"height_label":"assumed"}},{"type":"Feature","geometry":{"type":"Polygon","coordinates":[[[78.426225,17.394015],[78.426101,17.394053],[78.426067,17.39395],[78.42619,17.393912],[78.426225,17.394015]]]},"properties":{"id":"4d5100395490","height":null,"num_floors":null,"render_height_m":9.6,"height_label":"assumed"}},{"type":"Feature","geometry":{"type":"Polygon","coordinates":[[[78.426066,17.393936],[78.426049,17.39388],[78.426176,17.393846],[78.426192,17.393902],[78.426066,17.393936]]]},"properties":{"id":"dc7f1fa8b0e6","height":null,"num_floors":null,"render_height_m":9.6,"height_label":"assumed"}},{"type":"Feature","geometry":{"type":"Polygon","coordinates":[[[78.426129,17.393777],[78.426145,17.393839],[78.426091,17.393853],[78.426075,17.39379],[78.426129,17.393777]]]},"properties":{"id":"1bfcd10127a6","height":null,"num_floors":null,"render_height_m":6.4,"height_label":"assumed"}},{"type":"Feature","geometry":{"type":"Polygon","coordinates":[[[78.4259,17.393976],[78.425883,17.39392],[78.425886,17.393885],[78.426016,17.39385],[78.426041,17.393938],[78.4259,17.393976]]]},"properties":{"id":"0a14b956cee2","height":null,"num_floors":null,"render_height_m":9.6,"height_label":"assumed"}},{"type":"Feature","geometry":{"type":"Polygon","coordinates":[[[78.425933,17.394099],[78.425899,17.393988],[78.426053,17.393946],[78.426086,17.394057],[78.425933,17.394099]]]},"properties":{"id":"5724abde00a5","height":null,"num_floors":null,"render_height_m":9.6,"height_label":"assumed"}},{"type":"Feature","geometry":{"type":"Polygon","coordinates":[[[78.426146,17.394337],[78.426002,17.394376],[78.425972,17.394275],[78.426116,17.394236],[78.426146,17.394337]]]},"properties":{"id":"73e77d97e1c8","height":null,"num_floors":null,"render_height_m":9.6,"height_label":"assumed"}},{"type":"Feature","geometry":{"type":"Polygon","coordinates":[[[78.42612,17.394184],[78.425966,17.394228],[78.425933,17.394122],[78.426086,17.394078],[78.42612,17.394184]]]},"properties":{"id":"de32d44d67f8","height":null,"num_floors":null,"render_height_m":9.6,"height_label":"assumed"}},{"type":"Feature","geometry":{"type":"Polygon","coordinates":[[[78.426161,17.394282],[78.426104,17.394071],[78.426232,17.394039],[78.426289,17.39425],[78.426161,17.394282]]]},"properties":{"id":"eca2d44a7e81","height":null,"num_floors":null,"render_height_m":12.8,"height_label":"assumed"}},{"type":"Feature","geometry":{"type":"Polygon","coordinates":[[[78.426252,17.394065],[78.426303,17.394053],[78.426342,17.394197],[78.426291,17.39421],[78.426252,17.394065]]]},"properties":{"id":"db21b3fac3b6","height":null,"num_floors":null,"render_height_m":9.6,"height_label":"assumed"}},{"type":"Feature","geometry":{"type":"Polygon","coordinates":[[[78.426336,17.39438],[78.4262,17.39442],[78.42617,17.394326],[78.426305,17.394286],[78.426336,17.39438]]]},"properties":{"id":"9baaa4ae846a","height":null,"num_floors":null,"render_height_m":9.6,"height_label":"assumed"}},{"type":"Feature","geometry":{"type":"Polygon","coordinates":[[[78.426406,17.394661],[78.42626,17.394693],[78.426227,17.394559],[78.426373,17.394527],[78.426406,17.394661]]]},"properties":{"id":"18aa43830706","height":null,"num_floors":null,"render_height_m":9.6,"height_label":"assumed"}},{"type":"Feature","geometry":{"type":"Polygon","coordinates":[[[78.426235,17.394715],[78.426109,17.394745],[78.426077,17.394623],[78.426203,17.394593],[78.426235,17.394715]]]},"properties":{"id":"8a31dbd82d14","height":null,"num_floors":null,"render_height_m":9.6,"height_label":"assumed"}},{"type":"Feature","geometry":{"type":"Polygon","coordinates":[[[78.426215,17.394559],[78.426063,17.394597],[78.426033,17.394489],[78.426185,17.39445],[78.426215,17.394559]]]},"properties":{"id":"85b109da2caf","height":null,"num_floors":null,"render_height_m":9.6,"height_label":"assumed"}},{"type":"Feature","geometry":{"type":"Polygon","coordinates":[[[78.425984,17.394672],[78.425803,17.394689],[78.425793,17.394593],[78.425974,17.394576],[78.425984,17.394672]]]},"properties":{"id":"133d81d9ca2b","height":null,"num_floors":null,"render_height_m":9.6,"height_label":"assumed"}},{"type":"Feature","geometry":{"type":"Polygon","coordinates":[[[78.425764,17.394489],[78.425778,17.394659],[78.425689,17.394665],[78.425675,17.394496],[78.425764,17.394489]]]},"properties":{"id":"1a3cdbe0b788","height":null,"num_floors":null,"render_height_m":9.6,"height_label":"assumed"}},{"type":"Feature","geometry":{"type":"Polygon","coordinates":[[[78.425946,17.394559],[78.425792,17.394584],[78.425773,17.394478],[78.425926,17.394452],[78.425946,17.394559]]]},"properties":{"id":"45aa959f2d89","height":null,"num_floors":null,"render_height_m":9.6,"height_label":"assumed"}},{"type":"Feature","geometry":{"type":"Polygon","coordinates":[[[78.425695,17.394308],[78.425796,17.394299],[78.425793,17.394276],[78.425927,17.394264],[78.425938,17.394375],[78.425805,17.394387],[78.425806,17.394399],[78.425705,17.394408],[78.425695,17.394308]]]},"properties":{"id":"948903e41bdb","height":null,"num_floors":null,"render_height_m":12.8,"height_label":"assumed"}},{"type":"Feature","geometry":{"type":"Polygon","coordinates":[[[78.425808,17.394165],[78.425727,17.394165],[78.425727,17.394091],[78.425808,17.394091],[78.425808,17.394165]]]},"properties":{"id":"55d0e64ec34e","height":null,"num_floors":null,"render_height_m":6.4,"height_label":"assumed"}},{"type":"Feature","geometry":{"type":"Polygon","coordinates":[[[78.425618,17.394169],[78.425605,17.394031],[78.425689,17.394023],[78.425702,17.394162],[78.425618,17.394169]]]},"properties":{"id":"1e1a96f136a8","height":null,"num_floors":null,"render_height_m":9.6,"height_label":"assumed"}},{"type":"Feature","geometry":{"type":"Polygon","coordinates":[[[78.425733,17.394292],[78.425637,17.394297],[78.42563,17.394191],[78.425824,17.394181],[78.425828,17.394255],[78.425731,17.394261],[78.425733,17.394292]]]},"properties":{"id":"a23b4297baa0","height":null,"num_floors":null,"render_height_m":9.6,"height_label":"assumed"}},{"type":"Feature","geometry":{"type":"Polygon","coordinates":[[[78.425622,17.394235],[78.425635,17.394393],[78.425586,17.394396],[78.425573,17.394239],[78.425622,17.394235]]]},"properties":{"id":"3697b1669fea","height":null,"num_floors":null,"render_height_m":9.6,"height_label":"assumed"}},{"type":"Feature","geometry":{"type":"Polygon","coordinates":[[[78.425513,17.394412],[78.4255,17.394248],[78.425566,17.394243],[78.42558,17.394407],[78.425513,17.394412]]]},"properties":{"id":"bb480a2514dd","height":null,"num_floors":null,"render_height_m":9.6,"height_label":"assumed"}},{"type":"Feature","geometry":{"type":"Polygon","coordinates":[[[78.425618,17.394228],[78.425504,17.394239],[78.425496,17.394166],[78.42561,17.394154],[78.425618,17.394228]]]},"properties":{"id":"7e3203944ff1","height":null,"num_floors":null,"render_height_m":9.6,"height_label":"assumed"}},{"type":"Feature","geometry":{"type":"Polygon","coordinates":[[[78.425479,17.394153],[78.425463,17.394044],[78.425573,17.394029],[78.425588,17.394139],[78.425479,17.394153]]]},"properties":{"id":"dd3a362925a7","height":null,"num_floors":null,"render_height_m":9.6,"height_label":"assumed"}},{"type":"Feature","geometry":{"type":"Polygon","coordinates":[[[78.425444,17.394156],[78.425305,17.394166],[78.425299,17.394082],[78.425438,17.394073],[78.425444,17.394156]]]},"properties":{"id":"0d7ba6617451","height":null,"num_floors":null,"render_height_m":9.6,"height_label":"assumed"}},{"type":"Feature","geometry":{"type":"Polygon","coordinates":[[[78.425406,17.394411],[78.425398,17.394289],[78.425474,17.394285],[78.425482,17.394406],[78.425406,17.394411]]]},"properties":{"id":"057b9057fb54","height":null,"num_floors":null,"render_height_m":9.6,"height_label":"assumed"}},{"type":"Feature","geometry":{"type":"Polygon","coordinates":[[[78.425543,17.394648],[78.425463,17.394654],[78.425453,17.394537],[78.425534,17.394531],[78.425543,17.394648]]]},"properties":{"id":"552615453637","height":null,"num_floors":null,"render_height_m":9.6,"height_label":"assumed"}},{"type":"Feature","geometry":{"type":"Polygon","coordinates":[[[78.425675,17.394635],[78.425565,17.394642],[78.425555,17.394519],[78.425665,17.394511],[78.425675,17.394635]]]},"properties":{"id":"78d9253f7fea","height":null,"num_floors":null,"render_height_m":9.6,"height_label":"assumed"}},{"type":"Feature","geometry":{"type":"Polygon","coordinates":[[[78.425432,17.394539],[78.425443,17.394651],[78.425341,17.39466],[78.425331,17.394547],[78.425432,17.394539]]]},"properties":{"id":"b7290e8fc283","height":null,"num_floors":null,"render_height_m":9.6,"height_label":"assumed"}},{"type":"Feature","geometry":{"type":"Polygon","coordinates":[[[78.425345,17.394676],[78.42544,17.394667],[78.425456,17.394814],[78.425362,17.394824],[78.425345,17.394676]]]},"properties":{"id":"ceb65a4e6101","height":null,"num_floors":null,"render_height_m":9.6,"height_label":"assumed"}},{"type":"Feature","geometry":{"type":"Polygon","coordinates":[[[78.425482,17.394817],[78.425472,17.394681],[78.425563,17.394675],[78.425572,17.394811],[78.425482,17.394817]]]},"properties":{"id":"77360313abc3","height":null,"num_floors":null,"render_height_m":9.6,"height_label":"assumed"}},{"type":"Feature","geometry":{"type":"Polygon","coordinates":[[[78.425545,17.394928],[78.425555,17.395078],[78.42547,17.395084],[78.425459,17.394934],[78.425545,17.394928]]]},"properties":{"id":"601ebe433d5c","height":null,"num_floors":null,"render_height_m":9.6,"height_label":"assumed"}},{"type":"Feature","geometry":{"type":"Polygon","coordinates":[[[78.425427,17.394986],[78.425433,17.395086],[78.425366,17.39509],[78.42536,17.39499],[78.425427,17.394986]]]},"properties":{"id":"c3873963d523","height":null,"num_floors":null,"render_height_m":6.4,"height_label":"assumed"}},{"type":"Feature","geometry":{"type":"Polygon","coordinates":[[[78.425371,17.395266],[78.42537,17.39512],[78.425475,17.395119],[78.425476,17.395266],[78.425371,17.395266]]]},"properties":{"id":"c3fb8b5abef2","height":null,"num_floors":null,"render_height_m":9.6,"height_label":"assumed"}},{"type":"Feature","geometry":{"type":"Polygon","coordinates":[[[78.425584,17.395106],[78.425602,17.395257],[78.425507,17.395268],[78.425489,17.395116],[78.425584,17.395106]]]},"properties":{"id":"a6677c2b88fc","height":null,"num_floors":null,"render_height_m":9.6,"height_label":"assumed"}},{"type":"Feature","geometry":{"type":"Polygon","coordinates":[[[78.425606,17.395119],[78.425698,17.395113],[78.425708,17.395243],[78.425615,17.395249],[78.425606,17.395119]]]},"properties":{"id":"1fca51a586f5","height":null,"num_floors":null,"render_height_m":9.6,"height_label":"assumed"}},{"type":"Feature","geometry":{"type":"Polygon","coordinates":[[[78.425895,17.395449],[78.425808,17.395455],[78.425801,17.395357],[78.425888,17.395351],[78.425895,17.395449]]]},"properties":{"id":"9e719ee2c479","height":null,"num_floors":null,"render_height_m":9.6,"height_label":"assumed"}},{"type":"Feature","geometry":{"type":"Polygon","coordinates":[[[78.425716,17.395114],[78.425808,17.395107],[78.425819,17.395232],[78.425727,17.395239],[78.425716,17.395114]]]},"properties":{"id":"dd7aefb4a8d7","height":null,"num_floors":null,"render_height_m":9.6,"height_label":"assumed"}},{"type":"Feature","geometry":{"type":"Polygon","coordinates":[[[78.425923,17.395052],[78.425824,17.395059],[78.425811,17.394907],[78.42591,17.394899],[78.425923,17.395052]]]},"properties":{"id":"3b035c1f7384","height":null,"num_floors":null,"render_height_m":9.6,"height_label":"assumed"}},{"type":"Feature","geometry":{"type":"Polygon","coordinates":[[[78.425783,17.394956],[78.425791,17.395075],[78.425707,17.39508],[78.425699,17.394961],[78.425783,17.394956]]]},"properties":{"id":"fec062ce8ab5","height":null,"num_floors":null,"render_height_m":9.6,"height_label":"assumed"}},{"type":"Feature","geometry":{"type":"Polygon","coordinates":[[[78.425674,17.39507],[78.425597,17.395075],[78.425591,17.39498],[78.425668,17.394976],[78.425674,17.39507]]]},"properties":{"id":"08f5810a6623","height":null,"num_floors":null,"render_height_m":9.6,"height_label":"assumed"}},{"type":"Feature","geometry":{"type":"Polygon","coordinates":[[[78.425677,17.394637],[78.425697,17.394786],[78.425595,17.394798],[78.425575,17.394649],[78.425677,17.394637]]]},"properties":{"id":"97e495d3c0ab","height":null,"num_floors":null,"render_height_m":9.6,"height_label":"assumed"}},{"type":"Feature","geometry":{"type":"Polygon","coordinates":[[[78.425705,17.394678],[78.425787,17.394671],[78.425799,17.39478],[78.425716,17.394788],[78.425705,17.394678]]]},"properties":{"id":"70c092880a2e","height":null,"num_floors":null,"render_height_m":9.6,"height_label":"assumed"}},{"type":"Feature","geometry":{"type":"Polygon","coordinates":[[[78.425973,17.394764],[78.425832,17.394776],[78.425825,17.394694],[78.425966,17.394682],[78.425973,17.394764]]]},"properties":{"id":"14d18f045067","height":null,"num_floors":null,"render_height_m":9.6,"height_label":"assumed"}},{"type":"Feature","geometry":{"type":"Polygon","coordinates":[[[78.426023,17.394877],[78.426031,17.395034],[78.425934,17.395038],[78.425926,17.394881],[78.426023,17.394877]]]},"properties":{"id":"97f43ff5a9cd","height":null,"num_floors":null,"render_height_m":9.6,"height_label":"assumed"}},{"type":"Feature","geometry":{"type":"Polygon","coordinates":[[[78.426143,17.395014],[78.426049,17.395021],[78.426036,17.394869],[78.426131,17.394862],[78.426143,17.395014]]]},"properties":{"id":"d160a52a0148","height":null,"num_floors":null,"render_height_m":9.6,"height_label":"assumed"}},{"type":"Feature","geometry":{"type":"Polygon","coordinates":[[[78.42624,17.394725],[78.426244,17.394745],[78.42618,17.394755],[78.426176,17.394735],[78.42624,17.394725]]]},"properties":{"id":"c8a795e99f54","height":null,"num_floors":null,"render_height_m":6.4,"height_label":"assumed"}},{"type":"Feature","geometry":{"type":"Polygon","coordinates":[[[78.426345,17.394877],[78.426355,17.395002],[78.42627,17.395008],[78.42626,17.394884],[78.426345,17.394877]]]},"properties":{"id":"68891cc31032","height":null,"num_floors":null,"render_height_m":9.6,"height_label":"assumed"}},{"type":"Feature","geometry":{"type":"Polygon","coordinates":[[[78.426238,17.394896],[78.426245,17.395016],[78.426159,17.39502],[78.426153,17.3949],[78.426238,17.394896]]]},"properties":{"id":"c5454a5a171f","height":null,"num_floors":null,"render_height_m":9.6,"height_label":"assumed"}},{"type":"Feature","geometry":{"type":"Polygon","coordinates":[[[78.42618,17.395042],[78.426265,17.395034],[78.426277,17.395148],[78.426192,17.395156],[78.42618,17.395042]]]},"properties":{"id":"1cce74aaa316","height":null,"num_floors":null,"render_height_m":9.6,"height_label":"assumed"}},{"type":"Feature","geometry":{"type":"Polygon","coordinates":[[[78.42629,17.395133],[78.426284,17.395023],[78.426384,17.395018],[78.42639,17.395128],[78.42629,17.395133]]]},"properties":{"id":"c273b9690c47","height":null,"num_floors":null,"render_height_m":9.6,"height_label":"assumed"}},{"type":"Feature","geometry":{"type":"Polygon","coordinates":[[[78.426348,17.395267],[78.426364,17.3954],[78.42626,17.395411],[78.426245,17.395278],[78.426348,17.395267]]]},"properties":{"id":"9cdedb97b0d2","height":null,"num_floors":null,"render_height_m":9.6,"height_label":"assumed"}},{"type":"Feature","geometry":{"type":"Polygon","coordinates":[[[78.426226,17.395409],[78.426153,17.395411],[78.42615,17.395308],[78.426223,17.395305],[78.426226,17.395409]]]},"properties":{"id":"90f44ca6f7de","height":null,"num_floors":null,"render_height_m":9.6,"height_label":"assumed"}},{"type":"Feature","geometry":{"type":"Polygon","coordinates":[[[78.426053,17.395409],[78.426052,17.395305],[78.426118,17.395305],[78.426119,17.395409],[78.426053,17.395409]]]},"properties":{"id":"4e05f3ffb1ed","height":null,"num_floors":null,"render_height_m":9.6,"height_label":"assumed"}},{"type":"Feature","geometry":{"type":"Polygon","coordinates":[[[78.426148,17.395056],[78.42616,17.39519],[78.426062,17.395198],[78.42605,17.395064],[78.426148,17.395056]]]},"properties":{"id":"1018990e01e7","height":null,"num_floors":null,"render_height_m":9.6,"height_label":"assumed"}},{"type":"Feature","geometry":{"type":"Polygon","coordinates":[[[78.426042,17.39505],[78.426052,17.395199],[78.425955,17.395204],[78.425946,17.395056],[78.426042,17.39505]]]},"properties":{"id":"592c6386af83","height":null,"num_floors":null,"render_height_m":9.6,"height_label":"assumed"}},{"type":"Feature","geometry":{"type":"Polygon","coordinates":[[[78.425931,17.395197],[78.425841,17.395201],[78.425835,17.395072],[78.425925,17.395068],[78.425931,17.395197]]]},"properties":{"id":"480f3f4a1619","height":null,"num_floors":null,"render_height_m":9.6,"height_label":"assumed"}},{"type":"Feature","geometry":{"type":"Polygon","coordinates":[[[78.425931,17.395431],[78.425912,17.395329],[78.426018,17.395312],[78.426036,17.395414],[78.425931,17.395431]]]},"properties":{"id":"3872d8b6b163","height":null,"num_floors":null,"render_height_m":9.6,"height_label":"assumed"}},{"type":"Feature","geometry":{"type":"Polygon","coordinates":[[[78.42592,17.396049],[78.425799,17.396068],[78.425772,17.395918],[78.425894,17.395898],[78.42592,17.396049]]]},"properties":{"id":"0bfff7622a38","height":null,"num_floors":null,"render_height_m":9.6,"height_label":"assumed"}},{"type":"Feature","geometry":{"type":"Polygon","coordinates":[[[78.425679,17.396089],[78.425654,17.395947],[78.425759,17.39593],[78.425784,17.396072],[78.425679,17.396089]]]},"properties":{"id":"88d964fe98fc","height":null,"num_floors":null,"render_height_m":9.6,"height_label":"assumed"}},{"type":"Feature","geometry":{"type":"Polygon","coordinates":[[[78.425765,17.39591],[78.425653,17.395928],[78.425629,17.39579],[78.42574,17.395772],[78.425765,17.39591]]]},"properties":{"id":"b4611ca2492f","height":null,"num_floors":null,"render_height_m":9.6,"height_label":"assumed"}},{"type":"Feature","geometry":{"type":"Polygon","coordinates":[[[78.425884,17.395883],[78.425805,17.395896],[78.425775,17.395726],[78.425854,17.395713],[78.425884,17.395883]]]},"properties":{"id":"1fefbbe8798c","height":null,"num_floors":null,"render_height_m":9.6,"height_label":"assumed"}},{"type":"Feature","geometry":{"type":"Polygon","coordinates":[[[78.425842,17.395701],[78.425741,17.395717],[78.425731,17.395656],[78.425832,17.39564],[78.425842,17.395701]]]},"properties":{"id":"45af1e9dbeaa","height":null,"num_floors":null,"render_height_m":6.4,"height_label":"assumed"}},{"type":"Feature","geometry":{"type":"Polygon","coordinates":[[[78.425824,17.395635],[78.425718,17.395652],[78.425707,17.395588],[78.425813,17.39557],[78.425824,17.395635]]]},"properties":{"id":"6c04d81a2ece","height":null,"num_floors":null,"render_height_m":9.6,"height_label":"assumed"}},{"type":"Feature","geometry":{"type":"Polygon","coordinates":[[[78.425811,17.395546],[78.425692,17.395566],[78.425679,17.39549],[78.425798,17.395471],[78.425811,17.395546]]]},"properties":{"id":"8611dfe3a4f5","height":null,"num_floors":null,"render_height_m":9.6,"height_label":"assumed"}},{"type":"Feature","geometry":{"type":"Polygon","coordinates":[[[78.425774,17.395464],[78.425665,17.395469],[78.425661,17.395376],[78.425769,17.395371],[78.425774,17.395464]]]},"properties":{"id":"f4b467307df7","height":null,"num_floors":null,"render_height_m":9.6,"height_label":"assumed"}},{"type":"Feature","geometry":{"type":"Polygon","coordinates":[[[78.425653,17.395637],[78.425655,17.395665],[78.425613,17.395669],[78.42561,17.395641],[78.425653,17.395637]]]},"properties":{"id":"a1156f62cf04","height":null,"num_floors":null,"render_height_m":6.4,"height_label":"assumed"}},{"type":"Feature","geometry":{"type":"Polygon","coordinates":[[[78.425658,17.395665],[78.425672,17.395716],[78.425628,17.395727],[78.425614,17.395676],[78.425658,17.395665]]]},"properties":{"id":"a596427283e7","height":null,"num_floors":null,"render_height_m":6.4,"height_label":"assumed"}},{"type":"Feature","geometry":{"type":"Polygon","coordinates":[[[78.425543,17.395587],[78.425524,17.395483],[78.425645,17.395464],[78.425663,17.395568],[78.425543,17.395587]]]},"properties":{"id":"7e21401f0458","height":null,"num_floors":null,"render_height_m":9.6,"height_label":"assumed"}},{"type":"Feature","geometry":{"type":"Polygon","coordinates":[[[78.425648,17.395451],[78.425528,17.39547],[78.425511,17.395376],[78.425632,17.395356],[78.425648,17.395451]]]},"properties":{"id":"d9e9050f1354","height":null,"num_floors":null,"render_height_m":9.6,"height_label":"assumed"}},{"type":"Feature","geometry":{"type":"Polygon","coordinates":[[[78.42552,17.395467],[78.425416,17.395484],[78.425401,17.395396],[78.425504,17.39538],[78.42552,17.395467]]]},"properties":{"id":"0250c02ba5a3","height":null,"num_floors":null,"render_height_m":9.6,"height_label":"assumed"}},{"type":"Feature","geometry":{"type":"Polygon","coordinates":[[[78.42551,17.395486],[78.425524,17.395564],[78.425327,17.395596],[78.425313,17.395518],[78.42551,17.395486]]]},"properties":{"id":"80ffb1c81aad","height":null,"num_floors":null,"render_height_m":9.6,"height_label":"assumed"}},{"type":"Feature","geometry":{"type":"Polygon","coordinates":[[[78.425545,17.395703],[78.42535,17.395734],[78.425329,17.395615],[78.425523,17.395583],[78.425545,17.395703]]]},"properties":{"id":"541e4ddc6a66","height":null,"num_floors":null,"render_height_m":12.8,"height_label":"assumed"}},{"type":"Feature","geometry":{"type":"Polygon","coordinates":[[[78.42535,17.395897],[78.425337,17.39582],[78.425483,17.395796],[78.425497,17.395873],[78.42535,17.395897]]]},"properties":{"id":"9e446bea8cfd","height":null,"num_floors":null,"render_height_m":9.6,"height_label":"assumed"}},{"type":"Feature","geometry":{"type":"Polygon","coordinates":[[[78.425647,17.395933],[78.425539,17.395951],[78.425516,17.39582],[78.425624,17.395802],[78.425647,17.395933]]]},"properties":{"id":"de010df68bf4","height":null,"num_floors":null,"render_height_m":9.6,"height_label":"assumed"}},{"type":"Feature","geometry":{"type":"Polygon","coordinates":[[[78.425538,17.395962],[78.425646,17.395944],[78.42567,17.396082],[78.425562,17.396099],[78.425538,17.395962]]]},"properties":{"id":"273c89dee021","height":null,"num_floors":null,"render_height_m":9.6,"height_label":"assumed"}},{"type":"Feature","geometry":{"type":"Polygon","coordinates":[[[78.425529,17.39612],[78.425394,17.396141],[78.425356,17.395925],[78.42549,17.395904],[78.425529,17.39612]]]},"properties":{"id":"1c401d921a8f","height":null,"num_floors":null,"render_height_m":12.8,"height_label":"assumed"}},{"type":"Feature","geometry":{"type":"Polygon","coordinates":[[[78.425069,17.39616],[78.425026,17.395919],[78.425282,17.395878],[78.425325,17.396118],[78.425069,17.39616]]]},"properties":{"id":"ced94b8a86a3","height":null,"num_floors":null,"render_height_m":12.8,"height_label":"assumed"}},{"type":"Feature","geometry":{"type":"Polygon","coordinates":[[[78.42493,17.396006],[78.424913,17.395921],[78.425007,17.395904],[78.425041,17.396069],[78.424947,17.396087],[78.424937,17.396036],[78.424912,17.396041],[78.424906,17.39601],[78.42493,17.396006]]]},"properties":{"id":"15595194f206","height":null,"num_floors":null,"render_height_m":9.6,"height_label":"assumed"}},{"type":"Feature","geometry":{"type":"Polygon","coordinates":[[[78.424964,17.395775],[78.424968,17.395807],[78.424909,17.395814],[78.424905,17.395782],[78.424964,17.395775]]]},"properties":{"id":"2f82807f7e4d","height":null,"num_floors":null,"render_height_m":6.4,"height_label":"assumed"}},{"type":"Feature","geometry":{"type":"Polygon","coordinates":[[[78.425194,17.395537],[78.425028,17.395566],[78.42501,17.395467],[78.425175,17.395439],[78.425194,17.395537]]]},"properties":{"id":"48a7b66b57df","height":null,"num_floors":null,"render_height_m":9.6,"height_label":"assumed"}},{"type":"Feature","geometry":{"type":"Polygon","coordinates":[[[78.425219,17.395429],[78.425247,17.395424],[78.425257,17.395472],[78.42523,17.395477],[78.425219,17.395429]]]},"properties":{"id":"cb86085d05ff","height":null,"num_floors":null,"render_height_m":6.4,"height_label":"assumed"}},{"type":"Feature","geometry":{"type":"Polygon","coordinates":[[[78.42505,17.395658],[78.425035,17.395575],[78.42519,17.395548],[78.425206,17.395632],[78.42505,17.395658]]]},"properties":{"id":"92f1c682dee4","height":null,"num_floors":null,"render_height_m":9.6,"height_label":"assumed"}},{"type":"Feature","geometry":{"type":"Polygon","coordinates":[[[78.425219,17.395767],[78.425078,17.395788],[78.425061,17.395685],[78.425202,17.395664],[78.425219,17.395767]]]},"properties":{"id":"398a9485b40b","height":null,"num_floors":null,"render_height_m":9.6,"height_label":"assumed"}},{"type":"Feature","geometry":{"type":"Polygon","coordinates":[[[78.425404,17.395491],[78.425294,17.395509],[78.425276,17.395405],[78.425386,17.395387],[78.425404,17.395491]]]},"properties":{"id":"03bc38f14f12","height":null,"num_floors":null,"render_height_m":9.6,"height_label":"assumed"}},{"type":"Feature","geometry":{"type":"Polygon","coordinates":[[[78.425349,17.395126],[78.42535,17.395267],[78.425253,17.395268],[78.425253,17.395126],[78.425349,17.395126]]]},"properties":{"id":"7097d56dbf9d","height":null,"num_floors":null,"render_height_m":9.6,"height_label":"assumed"}},{"type":"Feature","geometry":{"type":"Polygon","coordinates":[[[78.425335,17.394967],[78.425341,17.39508],[78.425239,17.395084],[78.425233,17.394972],[78.425335,17.394967]]]},"properties":{"id":"6511855f9b64","height":null,"num_floors":null,"render_height_m":9.6,"height_label":"assumed"}},{"type":"Feature","geometry":{"type":"Polygon","coordinates":[[[78.425209,17.394823],[78.425201,17.394715],[78.425315,17.394707],[78.425324,17.394815],[78.425209,17.394823]]]},"properties":{"id":"47a064b32d48","height":null,"num_floors":null,"render_height_m":9.6,"height_label":"assumed"}},{"type":"Feature","geometry":{"type":"Polygon","coordinates":[[[78.424959,17.394795],[78.424993,17.394797],[78.424988,17.394875],[78.424955,17.394873],[78.424959,17.394795]]]},"properties":{"id":"53af07dfe645","height":null,"num_floors":null,"render_height_m":6.4,"height_label":"assumed"}},{"type":"Feature","geometry":{"type":"Polygon","coordinates":[[[78.42493,17.394895],[78.424953,17.394896],[78.424951,17.394934],[78.424928,17.394933],[78.42493,17.394895]]]},"properties":{"id":"94a5f715371c","height":null,"num_floors":null,"render_height_m":6.4,"height_label":"assumed"}},{"type":"Feature","geometry":{"type":"Polygon","coordinates":[[[78.425104,17.395109],[78.424986,17.395114],[78.424983,17.395041],[78.425101,17.395037],[78.425104,17.395109]]]},"properties":{"id":"a8a87e6af543","height":null,"num_floors":null,"render_height_m":9.6,"height_label":"assumed"}},{"type":"Feature","geometry":{"type":"Polygon","coordinates":[[[78.425079,17.395318],[78.425008,17.395321],[78.425006,17.395273],[78.424988,17.395273],[78.424986,17.395233],[78.425158,17.395226],[78.425161,17.395283],[78.425173,17.395283],[78.425175,17.395325],[78.425079,17.39533],[78.425079,17.395318]]]},"properties":{"id":"f7bd0922a74e","height":null,"num_floors":null,"render_height_m":9.6,"height_label":"assumed"}},{"type":"Feature","geometry":{"type":"Polygon","coordinates":[[[78.42516,17.395424],[78.425035,17.395436],[78.425026,17.395347],[78.42515,17.395335],[78.42516,17.395424]]]},"properties":{"id":"b4e756c014de","height":null,"num_floors":null,"render_height_m":9.6,"height_label":"assumed"}},{"type":"Feature","geometry":{"type":"Polygon","coordinates":[[[78.424923,17.395495],[78.424861,17.395067],[78.424944,17.395056],[78.425006,17.395484],[78.424923,17.395495]]]},"properties":{"id":"7b091b33b8f6","height":null,"num_floors":null,"render_height_m":12.8,"height_label":"assumed"}},{"type":"Feature","geometry":{"type":"Polygon","coordinates":[[[78.42472,17.39488],[78.424729,17.394688],[78.424888,17.394694],[78.424882,17.394842],[78.424813,17.394839],[78.424812,17.394884],[78.42472,17.39488]]]},"properties":{"id":"103f4f083b91","height":null,"num_floors":null,"render_height_m":12.8,"height_label":"assumed"}},{"type":"Feature","geometry":{"type":"Polygon","coordinates":[[[78.424461,17.394808],[78.424475,17.394717],[78.424606,17.394735],[78.424592,17.394826],[78.424461,17.394808]]]},"properties":{"id":"cc72e4db42bd","height":null,"num_floors":null,"render_height_m":9.6,"height_label":"assumed"}},{"type":"Feature","geometry":{"type":"Polygon","coordinates":[[[78.424449,17.394931],[78.424427,17.394925],[78.424457,17.394822],[78.424479,17.394828],[78.424449,17.394931]]]},"properties":{"id":"10cf3050d7cc","height":null,"num_floors":null,"render_height_m":6.4,"height_label":"assumed"}},{"type":"Feature","geometry":{"type":"Polygon","coordinates":[[[78.42446,17.395228],[78.424466,17.395369],[78.42435,17.395374],[78.424344,17.395233],[78.42446,17.395228]]]},"properties":{"id":"68a6a2be3929","height":null,"num_floors":null,"render_height_m":9.6,"height_label":"assumed"}},{"type":"Feature","geometry":{"type":"Polygon","coordinates":[[[78.424441,17.395643],[78.424339,17.395646],[78.424336,17.395551],[78.4244,17.395549],[78.424402,17.395598],[78.42444,17.395596],[78.424441,17.395643]]]},"properties":{"id":"5670e51db819","height":null,"num_floors":null,"render_height_m":9.6,"height_label":"assumed"}},{"type":"Feature","geometry":{"type":"Polygon","coordinates":[[[78.42448,17.395485],[78.42452,17.39548],[78.424532,17.395573],[78.424491,17.395578],[78.42448,17.395485]]]},"properties":{"id":"0d336c6d9bf7","height":null,"num_floors":null,"render_height_m":6.4,"height_label":"assumed"}},{"type":"Feature","geometry":{"type":"Polygon","coordinates":[[[78.424915,17.395556],[78.424586,17.395603],[78.424566,17.395477],[78.424895,17.39543],[78.424915,17.395556]]]},"properties":{"id":"35a82591b7a7","height":null,"num_floors":null,"render_height_m":12.8,"height_label":"assumed"}},{"type":"Feature","geometry":{"type":"Polygon","coordinates":[[[78.424799,17.395757],[78.424784,17.395601],[78.424891,17.395591],[78.424906,17.395747],[78.424799,17.395757]]]},"properties":{"id":"5c4d9fa6df29","height":null,"num_floors":null,"render_height_m":9.6,"height_label":"assumed"}},{"type":"Feature","geometry":{"type":"Polygon","coordinates":[[[78.424693,17.395616],[78.424768,17.395606],[78.424797,17.395801],[78.424723,17.395811],[78.424693,17.395616]]]},"properties":{"id":"0ed465c0d82f","height":null,"num_floors":null,"render_height_m":9.6,"height_label":"assumed"}},{"type":"Feature","geometry":{"type":"Polygon","coordinates":[[[78.424572,17.395621],[78.424673,17.395606],[78.424701,17.395783],[78.4246,17.395798],[78.424572,17.395621]]]},"properties":{"id":"2ec52e6e59a0","height":null,"num_floors":null,"render_height_m":9.6,"height_label":"assumed"}},{"type":"Feature","geometry":{"type":"Polygon","coordinates":[[[78.424795,17.396055],[78.424774,17.395931],[78.424876,17.395915],[78.424897,17.39604],[78.424795,17.396055]]]},"properties":{"id":"9b0cc84b98d4","height":null,"num_floors":null,"render_height_m":9.6,"height_label":"assumed"}},{"type":"Feature","geometry":{"type":"Polygon","coordinates":[[[78.424673,17.396063],[78.424649,17.395914],[78.424745,17.395899],[78.424769,17.396049],[78.424673,17.396063]]]},"properties":{"id":"29b731889767","height":null,"num_floors":null,"render_height_m":9.6,"height_label":"assumed"}},{"type":"Feature","geometry":{"type":"Polygon","coordinates":[[[78.424553,17.396084],[78.424533,17.395936],[78.424639,17.395922],[78.42466,17.396071],[78.424553,17.396084]]]},"properties":{"id":"e41d336f5093","height":null,"num_floors":null,"render_height_m":9.6,"height_label":"assumed"}},{"type":"Feature","geometry":{"type":"Polygon","coordinates":[[[78.424496,17.395707],[78.424511,17.395834],[78.424345,17.395852],[78.42433,17.395725],[78.424496,17.395707]]]},"properties":{"id":"93bf569082da","height":null,"num_floors":null,"render_height_m":12.8,"height_label":"assumed"}},{"type":"Feature","geometry":{"type":"Polygon","coordinates":[[[78.424335,17.395963],[78.424363,17.395963],[78.424363,17.396011],[78.424334,17.396011],[78.424335,17.395963]]]},"properties":{"id":"69a63b8e3165","height":null,"num_floors":null,"render_height_m":6.4,"height_label":"assumed"}},{"type":"Feature","geometry":{"type":"Polygon","coordinates":[[[78.424526,17.395967],[78.424535,17.396083],[78.424428,17.396091],[78.424423,17.396021],[78.424411,17.396021],[78.424403,17.395923],[78.424509,17.395916],[78.424513,17.395968],[78.424526,17.395967]]]},"properties":{"id":"f31b1d6e8df7","height":null,"num_floors":null,"render_height_m":9.6,"height_label":"assumed"}},{"type":"Feature","geometry":{"type":"Polygon","coordinates":[[[78.424597,17.396093],[78.424612,17.396179],[78.424432,17.396208],[78.424435,17.396229],[78.424385,17.396237],[78.424367,17.39613],[78.424597,17.396093]]]},"properties":{"id":"7ce42d31d284","height":null,"num_floors":null,"render_height_m":12.8,"height_label":"assumed"}},{"type":"Feature","geometry":{"type":"Polygon","coordinates":[[[78.42472,17.39608],[78.424729,17.396137],[78.424606,17.396155],[78.424597,17.396098],[78.42472,17.39608]]]},"properties":{"id":"d84c73d22f14","height":null,"num_floors":null,"render_height_m":9.6,"height_label":"assumed"}},{"type":"Feature","geometry":{"type":"Polygon","coordinates":[[[78.424748,17.396253],[78.424751,17.396284],[78.424694,17.396288],[78.424692,17.396257],[78.424748,17.396253]]]},"properties":{"id":"1244dd194ed8","height":null,"num_floors":null,"render_height_m":6.4,"height_label":"assumed"}},{"type":"Feature","geometry":{"type":"Polygon","coordinates":[[[78.424797,17.396124],[78.424814,17.39623],[78.424747,17.39624],[78.42473,17.396134],[78.424797,17.396124]]]},"properties":{"id":"32e56e9dd4f3","height":null,"num_floors":null,"render_height_m":9.6,"height_label":"assumed"}},{"type":"Feature","geometry":{"type":"Polygon","coordinates":[[[78.424817,17.396247],[78.424852,17.396242],[78.424856,17.396268],[78.424821,17.396273],[78.424817,17.396247]]]},"properties":{"id":"aa34bfcf9ba0","height":null,"num_floors":null,"render_height_m":6.4,"height_label":"assumed"}},{"type":"Feature","geometry":{"type":"Polygon","coordinates":[[[78.424141,17.396779],[78.424104,17.396728],[78.424224,17.396729],[78.424629,17.397271],[78.424683,17.397271],[78.424899,17.396659],[78.425008,17.39669],[78.42473,17.397508],[78.424689,17.397514],[78.424141,17.396779]]]},"properties":{"id":"4426ebe496a5","height":null,"num_floors":null,"render_height_m":19.2,"height_label":"assumed"}},{"type":"Feature","geometry":{"type":"Polygon","coordinates":[[[78.424367,17.397216],[78.424421,17.397189],[78.424442,17.397227],[78.424388,17.397254],[78.424367,17.397216]]]},"properties":{"id":"362fd6c694fb","height":null,"num_floors":null,"render_height_m":6.4,"height_label":"assumed"}},{"type":"Feature","geometry":{"type":"Polygon","coordinates":[[[78.424534,17.397308],[78.424582,17.397376],[78.424453,17.397461],[78.424405,17.397393],[78.424534,17.397308]]]},"properties":{"id":"cb8d89ffe65f","height":null,"num_floors":null,"render_height_m":9.6,"height_label":"assumed"}},{"type":"Feature","geometry":{"type":"Polygon","coordinates":[[[78.424642,17.397487],[78.424518,17.397569],[78.424452,17.397478],[78.424576,17.397396],[78.424642,17.397487]]]},"properties":{"id":"cb458da1139a","height":null,"num_floors":null,"render_height_m":9.6,"height_label":"assumed"}},{"type":"Feature","geometry":{"type":"Polygon","coordinates":[[[78.425341,17.396788],[78.425325,17.396684],[78.4254,17.396674],[78.425416,17.396777],[78.425341,17.396788]]]},"properties":{"id":"2d04bbd24393","height":null,"num_floors":null,"render_height_m":9.6,"height_label":"assumed"}},{"type":"Feature","geometry":{"type":"Polygon","coordinates":[[[78.425776,17.397877],[78.425824,17.39788],[78.42582,17.397947],[78.425771,17.397944],[78.425776,17.397877]]]},"properties":{"id":"b079b044f67c","height":null,"num_floors":null,"render_height_m":6.4,"height_label":"assumed"}},{"type":"Feature","geometry":{"type":"Polygon","coordinates":[[[78.425782,17.397787],[78.425828,17.39779],[78.425823,17.397854],[78.425777,17.39785],[78.425782,17.397787]]]},"properties":{"id":"654e769cc0da","height":null,"num_floors":null,"render_height_m":6.4,"height_label":"assumed"}},{"type":"Feature","geometry":{"type":"Polygon","coordinates":[[[78.426339,17.397641],[78.426369,17.397642],[78.426369,17.397676],[78.426338,17.397676],[78.426339,17.397641]]]},"properties":{"id":"a2052c667e57","height":null,"num_floors":null,"render_height_m":6.4,"height_label":"assumed"}},{"type":"Feature","geometry":{"type":"Polygon","coordinates":[[[78.426288,17.397708],[78.426316,17.39771],[78.426313,17.397754],[78.426285,17.397752],[78.426288,17.397708]]]},"properties":{"id":"ea7b57c7c847","height":null,"num_floors":null,"render_height_m":6.4,"height_label":"assumed"}},{"type":"Feature","geometry":{"type":"Polygon","coordinates":[[[78.426166,17.397876],[78.426298,17.39787],[78.426301,17.397933],[78.42617,17.397939],[78.426166,17.397876]]]},"properties":{"id":"96f93d0c543a","height":null,"num_floors":null,"render_height_m":9.6,"height_label":"assumed"}},{"type":"Feature","geometry":{"type":"Polygon","coordinates":[[[78.426182,17.39811],[78.426243,17.39811],[78.426243,17.398146],[78.426181,17.398145],[78.426182,17.39811]]]},"properties":{"id":"0a2c6350aa11","height":null,"num_floors":null,"render_height_m":6.4,"height_label":"assumed"}},{"type":"Feature","geometry":{"type":"Polygon","coordinates":[[[78.426046,17.398103],[78.426107,17.398103],[78.426105,17.398194],[78.426044,17.398194],[78.426046,17.398103]]]},"properties":{"id":"d0994c9a1a1c","height":null,"num_floors":null,"render_height_m":6.4,"height_label":"assumed"}},{"type":"Feature","geometry":{"type":"Polygon","coordinates":[[[78.426038,17.397985],[78.426113,17.397986],[78.426111,17.398086],[78.426036,17.398084],[78.426038,17.397985]]]},"properties":{"id":"e91d0137e78f","height":null,"num_floors":null,"render_height_m":9.6,"height_label":"assumed"}},{"type":"Feature","geometry":{"type":"Polygon","coordinates":[[[78.426106,17.398212],[78.426167,17.398206],[78.426173,17.398261],[78.426237,17.398255],[78.426233,17.39822],[78.426311,17.398213],[78.426318,17.398285],[78.426241,17.398292],[78.426246,17.398346],[78.426182,17.398352],[78.426179,17.39832],[78.426118,17.398326],[78.426106,17.398212]]]},"properties":{"id":"1607a4dc59d4","height":null,"num_floors":null,"render_height_m":9.6,"height_label":"assumed"}},{"type":"Feature","geometry":{"type":"Polygon","coordinates":[[[78.425897,17.398811],[78.426012,17.398919],[78.425944,17.398986],[78.425829,17.398877],[78.425897,17.398811]]]},"properties":{"id":"af02f870035e","height":null,"num_floors":null,"render_height_m":9.6,"height_label":"assumed"}},{"type":"Feature","geometry":{"type":"Polygon","coordinates":[[[78.424704,17.397559],[78.424731,17.397606],[78.4246,17.397676],[78.424573,17.39763],[78.424704,17.397559]]]},"properties":{"id":"9bc9dc631576","height":null,"num_floors":null,"render_height_m":9.6,"height_label":"assumed"}},{"type":"Feature","geometry":{"type":"Polygon","coordinates":[[[78.424704,17.397627],[78.424646,17.397796],[78.424596,17.39782],[78.424511,17.397664],[78.424571,17.397634],[78.424597,17.397681],[78.424704,17.397627]]]},"properties":{"id":"65d43a10781c","height":null,"num_floors":null,"render_height_m":9.6,"height_label":"assumed"}},{"type":"Feature","geometry":{"type":"Polygon","coordinates":[[[78.424576,17.397797],[78.424506,17.397987],[78.42443,17.397875],[78.424553,17.397785],[78.424576,17.397797]]]},"properties":{"id":"3b9c1d92bfa6","height":null,"num_floors":null,"render_height_m":9.6,"height_label":"assumed"}},{"type":"Feature","geometry":{"type":"Polygon","coordinates":[[[78.424487,17.398146],[78.424503,17.398182],[78.424458,17.398201],[78.424442,17.398165],[78.424487,17.398146]]]},"properties":{"id":"7a97bf121b2e","height":null,"num_floors":null,"render_height_m":6.4,"height_label":"assumed"}},{"type":"Feature","geometry":{"type":"Polygon","coordinates":[[[78.424407,17.398443],[78.424475,17.398252],[78.424508,17.398264],[78.424594,17.398537],[78.424407,17.398443]]]},"properties":{"id":"347bc0ce358b","height":null,"num_floors":null,"render_height_m":12.8,"height_label":"assumed"}},{"type":"Feature","geometry":{"type":"Polygon","coordinates":[[[78.424365,17.398828],[78.424403,17.39875],[78.424583,17.398829],[78.424546,17.398907],[78.424365,17.398828]]]},"properties":{"id":"98099c4b15b8","height":null,"num_floors":null,"render_height_m":9.6,"height_label":"assumed"}},{"type":"Feature","geometry":{"type":"Polygon","coordinates":[[[78.424596,17.398716],[78.42443,17.39864],[78.424489,17.398523],[78.424578,17.398565],[78.424596,17.398716]]]},"properties":{"id":"df6973edd6f0","height":null,"num_floors":null,"render_height_m":9.6,"height_label":"assumed"}},{"type":"Feature","geometry":{"type":"Polygon","coordinates":[[[78.424402,17.398717],[78.424431,17.398661],[78.42461,17.398743],[78.424582,17.3988],[78.424402,17.398717]]]},"properties":{"id":"24ee311327ab","height":null,"num_floors":null,"render_height_m":9.6,"height_label":"assumed"}},{"type":"Feature","geometry":{"type":"Polygon","coordinates":[[[78.424093,17.398762],[78.424144,17.398652],[78.424339,17.398735],[78.424287,17.398845],[78.424093,17.398762]]]},"properties":{"id":"5d0bd1bc7831","height":null,"num_floors":null,"render_height_m":12.8,"height_label":"assumed"}},{"type":"Feature","geometry":{"type":"Polygon","coordinates":[[[78.424227,17.398666],[78.424102,17.398622],[78.424143,17.398517],[78.424267,17.398562],[78.424227,17.398666]]]},"properties":{"id":"b9d969651230","height":null,"num_floors":null,"render_height_m":9.6,"height_label":"assumed"}},{"type":"Feature","geometry":{"type":"Polygon","coordinates":[[[78.424324,17.398713],[78.424242,17.39868],[78.424291,17.39857],[78.424373,17.398604],[78.424324,17.398713]]]},"properties":{"id":"22fa4e0a74dc","height":null,"num_floors":null,"render_height_m":9.6,"height_label":"assumed"}},{"type":"Feature","geometry":{"type":"Polygon","coordinates":[[[78.424256,17.398382],[78.42429,17.398299],[78.424381,17.398333],[78.424348,17.398416],[78.424256,17.398382]]]},"properties":{"id":"a724164c664b","height":null,"num_floors":null,"render_height_m":9.6,"height_label":"assumed"}},{"type":"Feature","geometry":{"type":"Polygon","coordinates":[[[78.424275,17.398305],[78.424226,17.398393],[78.424153,17.398356],[78.424201,17.398268],[78.424275,17.398305]]]},"properties":{"id":"9e3589fa8a41","height":null,"num_floors":null,"render_height_m":9.6,"height_label":"assumed"}},{"type":"Feature","geometry":{"type":"Polygon","coordinates":[[[78.424024,17.398302],[78.424063,17.398224],[78.424184,17.398279],[78.424144,17.398357],[78.424024,17.398302]]]},"properties":{"id":"5f0eaba7defc","height":null,"num_floors":null,"render_height_m":9.6,"height_label":"assumed"}},{"type":"Feature","geometry":{"type":"Polygon","coordinates":[[[78.424104,17.398485],[78.424046,17.398604],[78.423965,17.398568],[78.424023,17.398449],[78.424104,17.398485]]]},"properties":{"id":"9475898c3bc6","height":null,"num_floors":null,"render_height_m":9.6,"height_label":"assumed"}},{"type":"Feature","geometry":{"type":"Polygon","coordinates":[[[78.424006,17.398297],[78.423823,17.39822],[78.423867,17.398125],[78.42405,17.398201],[78.424006,17.398297]]]},"properties":{"id":"565bc24a1b0e","height":null,"num_floors":null,"render_height_m":9.6,"height_label":"assumed"}},{"type":"Feature","geometry":{"type":"Polygon","coordinates":[[[78.423997,17.398466],[78.423878,17.398697],[78.423794,17.398658],[78.423913,17.398426],[78.423997,17.398466]]]},"properties":{"id":"984fad4ff42e","height":null,"num_floors":null,"render_height_m":12.8,"height_label":"assumed"}},{"type":"Feature","geometry":{"type":"Polygon","coordinates":[[[78.424044,17.398609],[78.423989,17.398716],[78.423903,17.398677],[78.423958,17.398569],[78.424044,17.398609]]]},"properties":{"id":"d42d0ee70f0f","height":null,"num_floors":null,"render_height_m":9.6,"height_label":"assumed"}},{"type":"Feature","geometry":{"type":"Polygon","coordinates":[[[78.424025,17.398706],[78.42406,17.39862],[78.424133,17.398647],[78.424098,17.398733],[78.424025,17.398706]]]},"properties":{"id":"d5d743fe724f","height":null,"num_floors":null,"render_height_m":9.6,"height_label":"assumed"}},{"type":"Feature","geometry":{"type":"Polygon","coordinates":[[[78.424034,17.398879],[78.423984,17.398967],[78.423902,17.398925],[78.423952,17.398837],[78.424034,17.398879]]]},"properties":{"id":"fcf48d5add03","height":null,"num_floors":null,"render_height_m":9.6,"height_label":"assumed"}},{"type":"Feature","geometry":{"type":"Polygon","coordinates":[[[78.423928,17.398837],[78.423873,17.398927],[78.423811,17.398893],[78.423866,17.398803],[78.423928,17.398837]]]},"properties":{"id":"ce2334824d68","height":null,"num_floors":null,"render_height_m":9.6,"height_label":"assumed"}},{"type":"Feature","geometry":{"type":"Polygon","coordinates":[[[78.423855,17.398785],[78.4238,17.398895],[78.423715,17.398857],[78.42377,17.398746],[78.423855,17.398785]]]},"properties":{"id":"6962036da10c","height":null,"num_floors":null,"render_height_m":9.6,"height_label":"assumed"}},{"type":"Feature","geometry":{"type":"Polygon","coordinates":[[[78.423661,17.398715],[78.42362,17.3988],[78.423521,17.398757],[78.423563,17.398671],[78.423661,17.398715]]]},"properties":{"id":"262c5a51b28b","height":null,"num_floors":null,"render_height_m":9.6,"height_label":"assumed"}},{"type":"Feature","geometry":{"type":"Polygon","coordinates":[[[78.423758,17.398739],[78.423696,17.398855],[78.423617,17.398816],[78.42368,17.398701],[78.423758,17.398739]]]},"properties":{"id":"749d82b59631","height":null,"num_floors":null,"render_height_m":9.6,"height_label":"assumed"}},{"type":"Feature","geometry":{"type":"Polygon","coordinates":[[[78.423449,17.398919],[78.42351,17.398789],[78.423611,17.398833],[78.42355,17.398963],[78.423449,17.398919]]]},"properties":{"id":"5a1a22a06595","height":null,"num_floors":null,"render_height_m":9.6,"height_label":"assumed"}},{"type":"Feature","geometry":{"type":"Polygon","coordinates":[[[78.423495,17.398339],[78.423542,17.398236],[78.423719,17.39831],[78.423672,17.398413],[78.423495,17.398339]]]},"properties":{"id":"1e269bc2155b","height":null,"num_floors":null,"render_height_m":12.8,"height_label":"assumed"}},{"type":"Feature","geometry":{"type":"Polygon","coordinates":[[[78.423681,17.398432],[78.423608,17.398565],[78.423515,17.398519],[78.423588,17.398386],[78.423681,17.398432]]]},"properties":{"id":"01747d25546b","height":null,"num_floors":null,"render_height_m":9.6,"height_label":"assumed"}},{"type":"Feature","geometry":{"type":"Polygon","coordinates":[[[78.423773,17.398335],[78.423844,17.398364],[78.423789,17.398487],[78.423718,17.398459],[78.423773,17.398335]]]},"properties":{"id":"876a58bf53c3","height":null,"num_floors":null,"render_height_m":9.6,"height_label":"assumed"}},{"type":"Feature","geometry":{"type":"Polygon","coordinates":[[[78.423676,17.398153],[78.423707,17.398076],[78.423844,17.398126],[78.423812,17.398203],[78.423676,17.398153]]]},"properties":{"id":"0abf9503dd82","height":null,"num_floors":null,"render_height_m":9.6,"height_label":"assumed"}},{"type":"Feature","geometry":{"type":"Polygon","coordinates":[[[78.42385,17.398046],[78.423575,17.397956],[78.423648,17.397896],[78.423722,17.397853],[78.423762,17.397852],[78.423791,17.397871],[78.42385,17.398046]]]},"properties":{"id":"a95182094394","height":null,"num_floors":null,"render_height_m":12.8,"height_label":"assumed"}},{"type":"Feature","geometry":{"type":"Polygon","coordinates":[[[78.423652,17.398063],[78.423623,17.39814],[78.423515,17.398103],[78.423544,17.398026],[78.423652,17.398063]]]},"properties":{"id":"dc8fabed5279","height":null,"num_floors":null,"render_height_m":9.6,"height_label":"assumed"}},{"type":"Feature","geometry":{"type":"Polygon","coordinates":[[[78.423954,17.397709],[78.423735,17.397808],[78.423682,17.397702],[78.423901,17.397603],[78.423954,17.397709]]]},"properties":{"id":"0535263513b4","height":null,"num_floors":null,"render_height_m":12.8,"height_label":"assumed"}},{"type":"Feature","geometry":{"type":"Polygon","coordinates":[[[78.424,17.397709],[78.423923,17.39757],[78.424038,17.397512],[78.424115,17.397651],[78.424,17.397709]]]},"properties":{"id":"cdb3fd5c027b","height":null,"num_floors":null,"render_height_m":9.6,"height_label":"assumed"}},{"type":"Feature","geometry":{"type":"Polygon","coordinates":[[[78.423888,17.398024],[78.423815,17.397874],[78.42395,17.397814],[78.423973,17.397861],[78.424011,17.397843],[78.424031,17.397884],[78.423975,17.397909],[78.424006,17.397971],[78.423888,17.398024]]]},"properties":{"id":"e803595484f3","height":null,"num_floors":null,"render_height_m":12.8,"height_label":"assumed"}},{"type":"Feature","geometry":{"type":"Polygon","coordinates":[[[78.424039,17.398008],[78.424071,17.398064],[78.42398,17.398113],[78.423959,17.398078],[78.423988,17.398063],[78.423976,17.398042],[78.424039,17.398008]]]},"properties":{"id":"9a58be2fccfb","height":null,"num_floors":null,"render_height_m":6.4,"height_label":"assumed"}},{"type":"Feature","geometry":{"type":"Polygon","coordinates":[[[78.424051,17.397918],[78.424087,17.397994],[78.424054,17.398009],[78.424017,17.397934],[78.424051,17.397918]]]},"properties":{"id":"78157d33da76","height":null,"num_floors":null,"render_height_m":6.4,"height_label":"assumed"}},{"type":"Feature","geometry":{"type":"Polygon","coordinates":[[[78.424301,17.397954],[78.424437,17.398172],[78.424348,17.398224],[78.424212,17.398005],[78.424301,17.397954]]]},"properties":{"id":"9218afe82a0e","height":null,"num_floors":null,"render_height_m":12.8,"height_label":"assumed"}},{"type":"Feature","geometry":{"type":"Polygon","coordinates":[[[78.424293,17.397875],[78.424318,17.397915],[78.424229,17.397967],[78.424204,17.397927],[78.424293,17.397875]]]},"properties":{"id":"8e0f1ccee1c5","height":null,"num_floors":null,"render_height_m":6.4,"height_label":"assumed"}},{"type":"Feature","geometry":{"type":"Polygon","coordinates":[[[78.424283,17.397647],[78.424222,17.397539],[78.424367,17.397464],[78.424428,17.397572],[78.424283,17.397647]]]},"properties":{"id":"afe4f2bed1ff","height":null,"num_floors":null,"render_height_m":9.6,"height_label":"assumed"}},{"type":"Feature","geometry":{"type":"Polygon","coordinates":[[[78.424316,17.397416],[78.424216,17.397475],[78.424165,17.397395],[78.424264,17.397336],[78.424316,17.397416]]]},"properties":{"id":"1ee7ec25dcdf","height":null,"num_floors":null,"render_height_m":9.6,"height_label":"assumed"}},{"type":"Feature","geometry":{"type":"Polygon","coordinates":[[[78.424136,17.397168],[78.424156,17.397202],[78.424076,17.397246],[78.424055,17.397212],[78.424136,17.397168]]]},"properties":{"id":"3eb9fdcc3e5d","height":null,"num_floors":null,"render_height_m":6.4,"height_label":"assumed"}},{"type":"Feature","geometry":{"type":"Polygon","coordinates":[[[78.423903,17.397229],[78.423918,17.397269],[78.423892,17.397279],[78.423877,17.397239],[78.423903,17.397229]]]},"properties":{"id":"fe89f38e4823","height":null,"num_floors":null,"render_height_m":6.4,"height_label":"assumed"}},{"type":"Feature","geometry":{"type":"Polygon","coordinates":[[[78.424128,17.397115],[78.424036,17.397171],[78.423971,17.397075],[78.424064,17.397019],[78.424128,17.397115]]]},"properties":{"id":"3a1f25d07062","height":null,"num_floors":null,"render_height_m":9.6,"height_label":"assumed"}},{"type":"Feature","geometry":{"type":"Polygon","coordinates":[[[78.424026,17.396842],[78.423862,17.396929],[78.42378,17.396789],[78.423863,17.396745],[78.42389,17.39679],[78.42397,17.396747],[78.424026,17.396842]]]},"properties":{"id":"3a2c5462c9b3","height":null,"num_floors":null,"render_height_m":12.8,"height_label":"assumed"}},{"type":"Feature","geometry":{"type":"Polygon","coordinates":[[[78.424304,17.397025],[78.424354,17.397106],[78.424339,17.397114],[78.424366,17.397159],[78.424261,17.397218],[78.424183,17.397093],[78.424304,17.397025]]]},"properties":{"id":"eca1e12345e9","height":null,"num_floors":null,"render_height_m":9.6,"height_label":"assumed"}},{"type":"Feature","geometry":{"type":"Polygon","coordinates":[[[78.424161,17.396294],[78.424132,17.39612],[78.424237,17.396106],[78.424266,17.39628],[78.424161,17.396294]]]},"properties":{"id":"c4bdcb84e89a","height":null,"num_floors":null,"render_height_m":9.6,"height_label":"assumed"}},{"type":"Feature","geometry":{"type":"Polygon","coordinates":[[[78.424026,17.396313],[78.423996,17.396139],[78.424104,17.396122],[78.424134,17.396296],[78.424026,17.396313]]]},"properties":{"id":"ba0a5769bbb9","height":null,"num_floors":null,"render_height_m":9.6,"height_label":"assumed"}},{"type":"Feature","geometry":{"type":"Polygon","coordinates":[[[78.423998,17.396285],[78.423882,17.396304],[78.423855,17.396161],[78.423972,17.396141],[78.423998,17.396285]]]},"properties":{"id":"8ba1b9118184","height":null,"num_floors":null,"render_height_m":9.6,"height_label":"assumed"}},{"type":"Feature","geometry":{"type":"Polygon","coordinates":[[[78.423808,17.396388],[78.423856,17.39638],[78.423861,17.396411],[78.423813,17.396418],[78.423808,17.396388]]]},"properties":{"id":"ae2f5440f1db","height":null,"num_floors":null,"render_height_m":6.4,"height_label":"assumed"}},{"type":"Feature","geometry":{"type":"Polygon","coordinates":[[[78.42397,17.396747],[78.424104,17.396728],[78.424141,17.396779],[78.424026,17.396842],[78.42397,17.396747]]]},"properties":{"id":"421026a72ed0","height":null,"num_floors":null,"render_height_m":9.6,"height_label":"assumed"}},{"type":"Feature","geometry":{"type":"Polygon","coordinates":[[[78.423804,17.396361],[78.423808,17.396388],[78.423702,17.396404],[78.423698,17.396377],[78.423804,17.396361]]]},"properties":{"id":"6bb3fb0a2817","height":null,"num_floors":null,"render_height_m":6.4,"height_label":"assumed"}},{"type":"Feature","geometry":{"type":"Polygon","coordinates":[[[78.42384,17.396344],[78.423848,17.396372],[78.423814,17.39638],[78.423807,17.396352],[78.42384,17.396344]]]},"properties":{"id":"f243e55529e5","height":null,"num_floors":null,"render_height_m":6.4,"height_label":"assumed"}},{"type":"Feature","geometry":{"type":"Polygon","coordinates":[[[78.423754,17.396319],[78.423728,17.396177],[78.423842,17.396158],[78.423868,17.396299],[78.423754,17.396319]]]},"properties":{"id":"483796e4fe93","height":null,"num_floors":null,"render_height_m":9.6,"height_label":"assumed"}},{"type":"Feature","geometry":{"type":"Polygon","coordinates":[[[78.423712,17.396177],[78.423734,17.396313],[78.423627,17.396329],[78.423605,17.396193],[78.423712,17.396177]]]},"properties":{"id":"c420e2080e28","height":null,"num_floors":null,"render_height_m":9.6,"height_label":"assumed"}},{"type":"Feature","geometry":{"type":"Polygon","coordinates":[[[78.423594,17.396188],[78.423617,17.396326],[78.423561,17.396335],[78.423537,17.396197],[78.423594,17.396188]]]},"properties":{"id":"25ea34d9e5c8","height":null,"num_floors":null,"render_height_m":9.6,"height_label":"assumed"}},{"type":"Feature","geometry":{"type":"Polygon","coordinates":[[[78.423573,17.397022],[78.423461,17.396833],[78.423586,17.396766],[78.423697,17.396955],[78.423573,17.397022]]]},"properties":{"id":"9c73418f2952","height":9.6,"num_floors":3,"render_height_m":9.6,"height_label":"estimated"}},{"type":"Feature","geometry":{"type":"Polygon","coordinates":[[[78.423755,17.396995],[78.423761,17.397019],[78.423724,17.397027],[78.423718,17.397002],[78.423755,17.396995]]]},"properties":{"id":"f7202129de28","height":null,"num_floors":null,"render_height_m":6.4,"height_label":"assumed"}},{"type":"Feature","geometry":{"type":"Polygon","coordinates":[[[78.423682,17.3971],[78.423711,17.397084],[78.423742,17.397138],[78.423713,17.397154],[78.423682,17.3971]]]},"properties":{"id":"a66e50eff640","height":null,"num_floors":null,"render_height_m":6.4,"height_label":"assumed"}},{"type":"Feature","geometry":{"type":"Polygon","coordinates":[[[78.423681,17.397175],[78.423707,17.397206],[78.423683,17.397224],[78.423658,17.397193],[78.423681,17.397175]]]},"properties":{"id":"6e7cfa5d0f5f","height":null,"num_floors":null,"render_height_m":6.4,"height_label":"assumed"}},{"type":"Feature","geometry":{"type":"Polygon","coordinates":[[[78.423732,17.397592],[78.423656,17.397461],[78.423772,17.3974],[78.423848,17.397532],[78.423732,17.397592]]]},"properties":{"id":"9e604a40ee26","height":null,"num_floors":null,"render_height_m":9.6,"height_label":"assumed"}},{"type":"Feature","geometry":{"type":"Polygon","coordinates":[[[78.423666,17.397482],[78.423679,17.397511],[78.423647,17.397524],[78.423634,17.397494],[78.423666,17.397482]]]},"properties":{"id":"9b33e7bd4bd6","height":null,"num_floors":null,"render_height_m":6.4,"height_label":"assumed"}},{"type":"Feature","geometry":{"type":"Polygon","coordinates":[[[78.423659,17.397286],[78.423546,17.397342],[78.423484,17.397226],[78.423596,17.397171],[78.423659,17.397286]]]},"properties":{"id":"77459ca538b5","height":null,"num_floors":null,"render_height_m":9.6,"height_label":"assumed"}},{"type":"Feature","geometry":{"type":"Polygon","coordinates":[[[78.424075,17.399712],[78.423928,17.399643],[78.423972,17.399557],[78.424119,17.399626],[78.424075,17.399712]]]},"properties":{"id":"38d8ea9c678c","height":null,"num_floors":null,"render_height_m":9.6,"height_label":"assumed"}},{"type":"Feature","geometry":{"type":"Polygon","coordinates":[[[78.423955,17.399927],[78.423805,17.399857],[78.423841,17.399785],[78.423992,17.399855],[78.423955,17.399927]]]},"properties":{"id":"1cee07fb9671","height":null,"num_floors":null,"render_height_m":9.6,"height_label":"assumed"}},{"type":"Feature","geometry":{"type":"Polygon","coordinates":[[[78.423932,17.399962],[78.423912,17.400049],[78.423779,17.400022],[78.423799,17.399935],[78.423932,17.399962]]]},"properties":{"id":"1f2a480bd706","height":null,"num_floors":null,"render_height_m":9.6,"height_label":"assumed"}},{"type":"Feature","geometry":{"type":"Polygon","coordinates":[[[78.423794,17.399938],[78.423761,17.400012],[78.423736,17.400002],[78.423768,17.399927],[78.423794,17.399938]]]},"properties":{"id":"fdc5aefa2373","height":null,"num_floors":null,"render_height_m":6.4,"height_label":"assumed"}},{"type":"Feature","geometry":{"type":"Polygon","coordinates":[[[78.423575,17.399644],[78.423648,17.399674],[78.423618,17.399744],[78.423544,17.399713],[78.423575,17.399644]]]},"properties":{"id":"38080a1f6b87","height":null,"num_floors":null,"render_height_m":6.4,"height_label":"assumed"}},{"type":"Feature","geometry":{"type":"Polygon","coordinates":[[[78.423603,17.39958],[78.423677,17.39961],[78.423648,17.399674],[78.423575,17.399644],[78.423603,17.39958]]]},"properties":{"id":"c6fef8461b14","height":null,"num_floors":null,"render_height_m":6.4,"height_label":"assumed"}},{"type":"Feature","geometry":{"type":"Polygon","coordinates":[[[78.423603,17.399843],[78.423689,17.399877],[78.423644,17.39998],[78.423559,17.399946],[78.423603,17.399843]]]},"properties":{"id":"931605c85ecc","height":null,"num_floors":null,"render_height_m":9.6,"height_label":"assumed"}},{"type":"Feature","geometry":{"type":"Polygon","coordinates":[[[78.423751,17.399776],[78.423648,17.399731],[78.423688,17.39965],[78.42379,17.399696],[78.423751,17.399776]]]},"properties":{"id":"5f4166eeeaee","height":null,"num_floors":null,"render_height_m":9.6,"height_label":"assumed"}},{"type":"Feature","geometry":{"type":"Polygon","coordinates":[[[78.423785,17.399611],[78.423695,17.39957],[78.423768,17.399425],[78.423857,17.399466],[78.423835,17.39951],[78.423873,17.399527],[78.423855,17.399563],[78.423818,17.399546],[78.423785,17.399611]]]},"properties":{"id":"af8e14b30682","height":null,"num_floors":null,"render_height_m":9.6,"height_label":"assumed"}},{"type":"Feature","geometry":{"type":"Polygon","coordinates":[[[78.42382,17.399187],[78.423896,17.399223],[78.423835,17.399342],[78.423759,17.399306],[78.42382,17.399187]]]},"properties":{"id":"241c4f347bd5","height":null,"num_floors":null,"render_height_m":9.6,"height_label":"assumed"}},{"type":"Feature","geometry":{"type":"Polygon","coordinates":[[[78.423663,17.399362],[78.423696,17.3993],[78.42384,17.39937],[78.423807,17.399431],[78.423663,17.399362]]]},"properties":{"id":"9af1ad5a1934","height":null,"num_floors":null,"render_height_m":9.6,"height_label":"assumed"}},{"type":"Feature","geometry":{"type":"Polygon","coordinates":[[[78.423398,17.399194],[78.423458,17.399061],[78.423659,17.399144],[78.423599,17.399276],[78.423398,17.399194]]]},"properties":{"id":"885f229f99a0","height":null,"num_floors":null,"render_height_m":12.8,"height_label":"assumed"}},{"type":"Feature","geometry":{"type":"Polygon","coordinates":[[[78.423562,17.398964],[78.423623,17.398832],[78.423727,17.398875],[78.423665,17.399008],[78.423562,17.398964]]]},"properties":{"id":"df3aff257e5f","height":null,"num_floors":null,"render_height_m":9.6,"height_label":"assumed"}},{"type":"Feature","geometry":{"type":"Polygon","coordinates":[[[78.423948,17.399006],[78.423879,17.399155],[78.423781,17.399113],[78.423849,17.398965],[78.423948,17.399006]]]},"properties":{"id":"ec285f08e36f","height":null,"num_floors":null,"render_height_m":9.6,"height_label":"assumed"}},{"type":"Feature","geometry":{"type":"Polygon","coordinates":[[[78.424125,17.398918],[78.424081,17.399004],[78.424,17.398967],[78.424044,17.398881],[78.424125,17.398918]]]},"properties":{"id":"72707d368b71","height":null,"num_floors":null,"render_height_m":9.6,"height_label":"assumed"}},{"type":"Feature","geometry":{"type":"Polygon","coordinates":[[[78.424065,17.399071],[78.423991,17.399201],[78.423904,17.39916],[78.423966,17.39902],[78.424065,17.399071]]]},"properties":{"id":"ec46b4026c83","height":null,"num_floors":null,"render_height_m":9.6,"height_label":"assumed"}},{"type":"Feature","geometry":{"type":"Polygon","coordinates":[[[78.424003,17.399202],[78.424057,17.399087],[78.424147,17.399126],[78.424093,17.39924],[78.424003,17.399202]]]},"properties":{"id":"bab44439734a","height":null,"num_floors":null,"render_height_m":9.6,"height_label":"assumed"}},{"type":"Feature","geometry":{"type":"Polygon","coordinates":[[[78.424004,17.399287],[78.423936,17.399407],[78.423845,17.399359],[78.423913,17.399241],[78.424004,17.399287]]]},"properties":{"id":"d8528f330f03","height":null,"num_floors":null,"render_height_m":9.6,"height_label":"assumed"}},{"type":"Feature","geometry":{"type":"Polygon","coordinates":[[[78.424221,17.399449],[78.42405,17.399377],[78.424085,17.3993],[78.424257,17.399372],[78.424221,17.399449]]]},"properties":{"id":"8add07321fcf","height":null,"num_floors":null,"render_height_m":9.6,"height_label":"assumed"}},{"type":"Feature","geometry":{"type":"Polygon","coordinates":[[[78.424171,17.399544],[78.424018,17.399477],[78.42406,17.399391],[78.424212,17.399459],[78.424171,17.399544]]]},"properties":{"id":"3b78966b1061","height":null,"num_floors":null,"render_height_m":9.6,"height_label":"assumed"}},{"type":"Feature","geometry":{"type":"Polygon","coordinates":[[[78.424249,17.399361],[78.424156,17.399315],[78.424203,17.39923],[78.424295,17.399276],[78.424249,17.399361]]]},"properties":{"id":"0b103ba49f76","height":null,"num_floors":null,"render_height_m":9.6,"height_label":"assumed"}},{"type":"Feature","geometry":{"type":"Polygon","coordinates":[[[78.424348,17.399216],[78.424194,17.399136],[78.424225,17.399083],[78.424379,17.399162],[78.424348,17.399216]]]},"properties":{"id":"64da6646bd11","height":null,"num_floors":null,"render_height_m":9.6,"height_label":"assumed"}},{"type":"Feature","geometry":{"type":"Polygon","coordinates":[[[78.424304,17.39927],[78.424164,17.3992],[78.424194,17.399145],[78.424334,17.399215],[78.424304,17.39927]]]},"properties":{"id":"c6cf976a1d60","height":null,"num_floors":null,"render_height_m":9.6,"height_label":"assumed"}},{"type":"Feature","geometry":{"type":"Polygon","coordinates":[[[78.42417,17.399066],[78.424079,17.399024],[78.424122,17.398937],[78.424213,17.398978],[78.42417,17.399066]]]},"properties":{"id":"508c0d472e29","height":null,"num_floors":null,"render_height_m":9.6,"height_label":"assumed"}},{"type":"Feature","geometry":{"type":"Polygon","coordinates":[[[78.424273,17.398999],[78.424313,17.398913],[78.42448,17.398983],[78.424441,17.399069],[78.424273,17.398999]]]},"properties":{"id":"9d4318679958","height":null,"num_floors":null,"render_height_m":9.6,"height_label":"assumed"}},{"type":"Feature","geometry":{"type":"Polygon","coordinates":[[[78.424326,17.398909],[78.424364,17.398831],[78.424543,17.398911],[78.424505,17.398988],[78.424326,17.398909]]]},"properties":{"id":"fd741d25ebc7","height":null,"num_floors":null,"render_height_m":9.6,"height_label":"assumed"}},{"type":"Feature","geometry":{"type":"Polygon","coordinates":[[[78.424334,17.399233],[78.424386,17.399256],[78.424357,17.399319],[78.424304,17.399296],[78.424334,17.399233]]]},"properties":{"id":"781f94183db7","height":null,"num_floors":null,"render_height_m":6.4,"height_label":"assumed"}},{"type":"Feature","geometry":{"type":"Polygon","coordinates":[[[78.424966,17.400017],[78.424952,17.400065],[78.424902,17.400052],[78.424917,17.400003],[78.424966,17.400017]]]},"properties":{"id":"2d98b0929ee5","height":null,"num_floors":null,"render_height_m":6.4,"height_label":"assumed"}},{"type":"Feature","geometry":{"type":"Polygon","coordinates":[[[78.42605,17.398964],[78.426084,17.399009],[78.426019,17.399054],[78.425985,17.399008],[78.42605,17.398964]]]},"properties":{"id":"de25e5a2e8de","height":null,"num_floors":null,"render_height_m":6.4,"height_label":"assumed"}},{"type":"Feature","geometry":{"type":"Polygon","coordinates":[[[78.426387,17.399138],[78.426385,17.399189],[78.42632,17.399188],[78.426317,17.399278],[78.426383,17.39928],[78.426382,17.399329],[78.42635,17.399328],[78.42635,17.399354],[78.426183,17.39935],[78.426184,17.399325],[78.426145,17.399324],[78.42615,17.399132],[78.426387,17.399138]]]},"properties":{"id":"719fe9bd4d97","height":null,"num_floors":null,"render_height_m":12.8,"height_label":"assumed"}},{"type":"Feature","geometry":{"type":"Polygon","coordinates":[[[78.426153,17.399578],[78.426027,17.399574],[78.42603,17.399506],[78.426156,17.39951],[78.426153,17.399578]]]},"properties":{"id":"ba0a488bcf79","height":null,"num_floors":null,"render_height_m":9.6,"height_label":"assumed"}},{"type":"Feature","geometry":{"type":"Polygon","coordinates":[[[78.426491,17.39997],[78.426485,17.400054],[78.426207,17.400037],[78.426213,17.399952],[78.426491,17.39997]]]},"properties":{"id":"5d54815ee1c9","height":null,"num_floors":null,"render_height_m":12.8,"height_label":"assumed"}},{"type":"Feature","geometry":{"type":"Polygon","coordinates":[[[78.425756,17.400012],[78.425589,17.399996],[78.4256,17.3999],[78.425767,17.399917],[78.425756,17.400012]]]},"properties":{"id":"7b61b7777f20","height":null,"num_floors":null,"render_height_m":9.6,"height_label":"assumed"}},{"type":"Feature","geometry":{"type":"Polygon","coordinates":[[[78.425516,17.399905],[78.425508,17.399995],[78.425383,17.399984],[78.425392,17.399894],[78.425516,17.399905]]]},"properties":{"id":"502977b52bc2","height":null,"num_floors":null,"render_height_m":9.6,"height_label":"assumed"}},{"type":"Feature","geometry":{"type":"Polygon","coordinates":[[[78.42707,17.399936],[78.427116,17.399931],[78.427125,17.400015],[78.427079,17.400019],[78.42707,17.399936]]]},"properties":{"id":"f8d458a893b4","height":null,"num_floors":null,"render_height_m":6.4,"height_label":"assumed"}},{"type":"Feature","geometry":{"type":"Polygon","coordinates":[[[78.426793,17.399715],[78.426795,17.399685],[78.426838,17.399687],[78.426835,17.399718],[78.426793,17.399715]]]},"properties":{"id":"6cb1fa09bb13","height":null,"num_floors":null,"render_height_m":6.4,"height_label":"assumed"}},{"type":"Feature","geometry":{"type":"Polygon","coordinates":[[[78.426831,17.399573],[78.426867,17.399576],[78.426865,17.399609],[78.426828,17.399607],[78.426831,17.399573]]]},"properties":{"id":"3ed5f0cd549f","height":null,"num_floors":null,"render_height_m":6.4,"height_label":"assumed"}},{"type":"Feature","geometry":{"type":"Polygon","coordinates":[[[78.426823,17.399463],[78.42687,17.399466],[78.426866,17.399525],[78.426819,17.399522],[78.426823,17.399463]]]},"properties":{"id":"3f34f969b3a6","height":null,"num_floors":null,"render_height_m":6.4,"height_label":"assumed"}},{"type":"Feature","geometry":{"type":"Polygon","coordinates":[[[78.426781,17.399261],[78.426815,17.399263],[78.426809,17.399356],[78.426774,17.399354],[78.426781,17.399261]]]},"properties":{"id":"bcdd2b4305b0","height":null,"num_floors":null,"render_height_m":6.4,"height_label":"assumed"}},{"type":"Feature","geometry":{"type":"Polygon","coordinates":[[[78.426774,17.399354],[78.426809,17.399356],[78.426806,17.399388],[78.426772,17.399385],[78.426774,17.399354]]]},"properties":{"id":"6c28d10f6fc7","height":null,"num_floors":null,"render_height_m":6.4,"height_label":"assumed"}},{"type":"Feature","geometry":{"type":"Polygon","coordinates":[[[78.426772,17.399385],[78.426806,17.399388],[78.426802,17.399448],[78.426768,17.399446],[78.426772,17.399385]]]},"properties":{"id":"eefd6cf6c907","height":null,"num_floors":null,"render_height_m":6.4,"height_label":"assumed"}},{"type":"Feature","geometry":{"type":"Polygon","coordinates":[[[78.426504,17.399208],[78.426408,17.399204],[78.426411,17.399132],[78.426507,17.399135],[78.426504,17.399208]]]},"properties":{"id":"94b348a2530c","height":null,"num_floors":null,"render_height_m":9.6,"height_label":"assumed"}},{"type":"Feature","geometry":{"type":"Polygon","coordinates":[[[78.42702,17.398886],[78.427022,17.398841],[78.427155,17.398846],[78.427152,17.398916],[78.427034,17.398912],[78.427031,17.398979],[78.427149,17.398983],[78.427147,17.399051],[78.427013,17.399046],[78.427014,17.398999],[78.426965,17.398997],[78.426969,17.398884],[78.42702,17.398886]]]},"properties":{"id":"1d384f8c77b5","height":null,"num_floors":null,"render_height_m":12.8,"height_label":"assumed"}},{"type":"Feature","geometry":{"type":"Polygon","coordinates":[[[78.427527,17.399777],[78.427629,17.399782],[78.427622,17.399908],[78.427639,17.399908],[78.42763,17.400082],[78.427535,17.400078],[78.427541,17.399982],[78.427516,17.399981],[78.427527,17.399777]]]},"properties":{"id":"693b449f46a0","height":null,"num_floors":null,"render_height_m":12.8,"height_label":"assumed"}},{"type":"Feature","geometry":{"type":"Polygon","coordinates":[[[78.429166,17.399351],[78.429199,17.399572],[78.429103,17.399585],[78.42907,17.399364],[78.429166,17.399351]]]},"properties":{"id":"7f60d50052c9","height":null,"num_floors":null,"render_height_m":12.8,"height_label":"assumed"}},{"type":"Feature","geometry":{"type":"Polygon","coordinates":[[[78.429237,17.399684],[78.429233,17.399569],[78.429445,17.399564],[78.429448,17.399679],[78.429237,17.399684]]]},"properties":{"id":"27971d6f19c7","height":null,"num_floors":null,"render_height_m":12.8,"height_label":"assumed"}},{"type":"Feature","geometry":{"type":"Polygon","coordinates":[[[78.429285,17.39984],[78.429309,17.399986],[78.429191,17.400004],[78.429167,17.399858],[78.429285,17.39984]]]},"properties":{"id":"1a3dbd369dbb","height":null,"num_floors":null,"render_height_m":9.6,"height_label":"assumed"}},{"type":"Feature","geometry":{"type":"Polygon","coordinates":[[[78.429587,17.399822],[78.42959,17.399911],[78.429416,17.399917],[78.429413,17.399828],[78.429587,17.399822]]]},"properties":{"id":"b1e5175fa2ec","height":null,"num_floors":null,"render_height_m":9.6,"height_label":"assumed"}},{"type":"Feature","geometry":{"type":"Polygon","coordinates":[[[78.429684,17.399584],[78.42969,17.399688],[78.429498,17.399697],[78.429493,17.399593],[78.429684,17.399584]]]},"properties":{"id":"e32af1a66ba9","height":null,"num_floors":null,"render_height_m":9.6,"height_label":"assumed"}},{"type":"Feature","geometry":{"type":"Polygon","coordinates":[[[78.429517,17.397599],[78.429513,17.397466],[78.429666,17.397462],[78.429669,17.397595],[78.429517,17.397599]]]},"properties":{"id":"80865569e079","height":null,"num_floors":null,"render_height_m":9.6,"height_label":"assumed"}},{"type":"Feature","geometry":{"type":"Polygon","coordinates":[[[78.429514,17.396191],[78.429559,17.396186],[78.429563,17.396216],[78.429518,17.396221],[78.429514,17.396191]]]},"properties":{"id":"c4ced3f58f17","height":null,"num_floors":null,"render_height_m":6.4,"height_label":"assumed"}},{"type":"Feature","geometry":{"type":"Polygon","coordinates":[[[78.429488,17.397096],[78.429545,17.397094],[78.429546,17.39712],[78.429489,17.397122],[78.429488,17.397096]]]},"properties":{"id":"de5a2a37bd30","height":null,"num_floors":null,"render_height_m":6.4,"height_label":"assumed"}},{"type":"Feature","geometry":{"type":"Polygon","coordinates":[[[78.429551,17.397231],[78.429645,17.397234],[78.42964,17.397377],[78.429498,17.397373],[78.429501,17.397278],[78.42955,17.39728],[78.429551,17.397231]]]},"properties":{"id":"ef643d9da639","height":null,"num_floors":null,"render_height_m":9.6,"height_label":"assumed"}},{"type":"Feature","geometry":{"type":"Polygon","coordinates":[[[78.429485,17.397679],[78.429354,17.397675],[78.429337,17.397136],[78.429475,17.397132],[78.429485,17.397679]]]},"properties":{"id":"a58cdeeb8063","height":null,"num_floors":null,"render_height_m":19.2,"height_label":"assumed"}},{"type":"Feature","geometry":{"type":"Polygon","coordinates":[[[78.429262,17.397317],[78.42927,17.397352],[78.429224,17.397362],[78.429216,17.397327],[78.429262,17.397317]]]},"properties":{"id":"3dab5d7134a5","height":null,"num_floors":null,"render_height_m":6.4,"height_label":"assumed"}},{"type":"Feature","geometry":{"type":"Polygon","coordinates":[[[78.429222,17.397396],[78.429274,17.397393],[78.429275,17.397415],[78.429303,17.397414],[78.429305,17.397442],[78.429225,17.397446],[78.429222,17.397396]]]},"properties":{"id":"04c0e3de4775","height":null,"num_floors":null,"render_height_m":6.4,"height_label":"assumed"}},{"type":"Feature","geometry":{"type":"Polygon","coordinates":[[[78.428941,17.39621],[78.429136,17.396304],[78.429092,17.396388],[78.428897,17.396294],[78.428941,17.39621]]]},"properties":{"id":"c4533adbc6af","height":null,"num_floors":null,"render_height_m":9.6,"height_label":"assumed"}},{"type":"Feature","geometry":{"type":"Polygon","coordinates":[[[78.42866,17.39643],[78.428694,17.396357],[78.42906,17.396514],[78.429025,17.396588],[78.42866,17.39643]]]},"properties":{"id":"a348754d4a68","height":null,"num_floors":null,"render_height_m":12.8,"height_label":"assumed"}},{"type":"Feature","geometry":{"type":"Polygon","coordinates":[[[78.428531,17.396275],[78.42857,17.396278],[78.428567,17.396321],[78.428527,17.396318],[78.428531,17.396275]]]},"properties":{"id":"d2d313d93e84","height":null,"num_floors":null,"render_height_m":6.4,"height_label":"assumed"}},{"type":"Feature","geometry":{"type":"Polygon","coordinates":[[[78.42866,17.396709],[78.428744,17.396702],[78.428782,17.397127],[78.428697,17.397133],[78.42866,17.396709]]]},"properties":{"id":"93acbda3f596","height":null,"num_floors":null,"render_height_m":12.8,"height_label":"assumed"}},{"type":"Feature","geometry":{"type":"Polygon","coordinates":[[[78.428431,17.398018],[78.428478,17.398015],[78.428485,17.398096],[78.428438,17.3981],[78.428431,17.398018]]]},"properties":{"id":"ed8a17508e07","height":null,"num_floors":null,"render_height_m":6.4,"height_label":"assumed"}},{"type":"Feature","geometry":{"type":"Polygon","coordinates":[[[78.429027,17.397677],[78.429029,17.397725],[78.428898,17.397728],[78.428897,17.39768],[78.429027,17.397677]]]},"properties":{"id":"41410c040304","height":null,"num_floors":null,"render_height_m":6.4,"height_label":"assumed"}},{"type":"Feature","geometry":{"type":"Polygon","coordinates":[[[78.429226,17.397534],[78.4293,17.397535],[78.429299,17.397589],[78.429224,17.397587],[78.429226,17.397534]]]},"properties":{"id":"3d8180740a33","height":null,"num_floors":null,"render_height_m":6.4,"height_label":"assumed"}},{"type":"Feature","geometry":{"type":"Polygon","coordinates":[[[78.429228,17.39761],[78.429274,17.397612],[78.429273,17.397659],[78.429226,17.397658],[78.429228,17.39761]]]},"properties":{"id":"150c5617303a","height":null,"num_floors":null,"render_height_m":6.4,"height_label":"assumed"}},{"type":"Feature","geometry":{"type":"Polygon","coordinates":[[[78.429122,17.398021],[78.429182,17.398017],[78.429185,17.398049],[78.429124,17.398053],[78.429122,17.398021]]]},"properties":{"id":"e8644a858a97","height":null,"num_floors":null,"render_height_m":6.4,"height_label":"assumed"}},{"type":"Feature","geometry":{"type":"Polygon","coordinates":[[[78.429295,17.398011],[78.42874,17.398036],[78.428738,17.398],[78.428692,17.398002],[78.428689,17.397942],[78.42931,17.397914],[78.429313,17.397981],[78.429294,17.397982],[78.429295,17.398011]]]},"properties":{"id":"aedfb4bee991","height":null,"num_floors":null,"render_height_m":12.8,"height_label":"assumed"}},{"type":"Feature","geometry":{"type":"Polygon","coordinates":[[[78.429214,17.398234],[78.428702,17.398256],[78.428699,17.398189],[78.428736,17.398187],[78.428734,17.398159],[78.429176,17.39814],[78.429177,17.398164],[78.429211,17.398162],[78.429214,17.398234]]]},"properties":{"id":"2c75a7db03f6","height":null,"num_floors":null,"render_height_m":12.8,"height_label":"assumed"}},{"type":"Feature","geometry":{"type":"Polygon","coordinates":[[[78.429198,17.39847],[78.428763,17.398487],[78.428762,17.398458],[78.428722,17.398459],[78.42872,17.398397],[78.42922,17.398378],[78.429223,17.398452],[78.429198,17.398452],[78.429198,17.39847]]]},"properties":{"id":"1d0eb8625697","height":null,"num_floors":null,"render_height_m":12.8,"height_label":"assumed"}},{"type":"Feature","geometry":{"type":"Polygon","coordinates":[[[78.42939,17.398417],[78.429452,17.398414],[78.429458,17.398559],[78.429397,17.398561],[78.42939,17.398417]]]},"properties":{"id":"628653db4426","height":null,"num_floors":null,"render_height_m":9.6,"height_label":"assumed"}},{"type":"Feature","geometry":{"type":"Polygon","coordinates":[[[78.42846,17.39791],[78.428397,17.397917],[78.428389,17.397859],[78.428453,17.397852],[78.42846,17.39791]]]},"properties":{"id":"1ae276b2d7dd","height":null,"num_floors":null,"render_height_m":6.4,"height_label":"assumed"}},{"type":"Feature","geometry":{"type":"Polygon","coordinates":[[[78.428076,17.397706],[78.428095,17.397983],[78.427966,17.397991],[78.42796,17.397899],[78.427992,17.397897],[78.427986,17.397801],[78.427844,17.39781],[78.427851,17.397906],[78.427883,17.397904],[78.427889,17.397996],[78.427767,17.398003],[78.427748,17.397727],[78.428076,17.397706]]]},"properties":{"id":"8f0d98b12874","height":null,"num_floors":null,"render_height_m":19.2,"height_label":"assumed"}},{"type":"Feature","geometry":{"type":"Polygon","coordinates":[[[78.427595,17.398287],[78.427625,17.398419],[78.427513,17.398442],[78.427483,17.398311],[78.427595,17.398287]]]},"properties":{"id":"ff6f1575ff71","height":null,"num_floors":null,"render_height_m":9.6,"height_label":"assumed"}},{"type":"Feature","geometry":{"type":"Polygon","coordinates":[[[78.427402,17.398234],[78.427414,17.398275],[78.427378,17.398285],[78.427366,17.398244],[78.427402,17.398234]]]},"properties":{"id":"9b221e666451","height":null,"num_floors":null,"render_height_m":6.4,"height_label":"assumed"}},{"type":"Feature","geometry":{"type":"Polygon","coordinates":[[[78.426401,17.398391],[78.426441,17.398393],[78.42644,17.398429],[78.4264,17.398427],[78.426401,17.398391]]]},"properties":{"id":"7a4d82e45066","height":null,"num_floors":null,"render_height_m":6.4,"height_label":"assumed"}},{"type":"Feature","geometry":{"type":"Polygon","coordinates":[[[78.426466,17.398207],[78.426556,17.398293],[78.426488,17.398359],[78.426398,17.398273],[78.426466,17.398207]]]},"properties":{"id":"c6772fca061b","height":null,"num_floors":null,"render_height_m":9.6,"height_label":"assumed"}},{"type":"Feature","geometry":{"type":"Polygon","coordinates":[[[78.426746,17.398104],[78.426737,17.398245],[78.426709,17.398243],[78.426707,17.398275],[78.426673,17.398273],[78.426668,17.398348],[78.426567,17.398342],[78.42657,17.398298],[78.426599,17.398299],[78.426606,17.398203],[78.42663,17.398205],[78.426638,17.398097],[78.426746,17.398104]]]},"properties":{"id":"63dd1e1b63c0","height":null,"num_floors":null,"render_height_m":12.8,"height_label":"assumed"}},{"type":"Feature","geometry":{"type":"Polygon","coordinates":[[[78.426413,17.398045],[78.426506,17.397958],[78.426551,17.398003],[78.426601,17.397956],[78.426622,17.397976],[78.426639,17.39796],[78.426728,17.398048],[78.42666,17.398111],[78.426579,17.398031],[78.426486,17.398118],[78.426413,17.398045]]]},"properties":{"id":"798b295c12e7","height":null,"num_floors":null,"render_height_m":12.8,"height_label":"assumed"}},{"type":"Feature","geometry":{"type":"Polygon","coordinates":[[[78.426396,17.39809],[78.426503,17.398094],[78.426498,17.398217],[78.42639,17.398212],[78.426396,17.39809]]]},"properties":{"id":"92337cc0f13b","height":null,"num_floors":null,"render_height_m":9.6,"height_label":"assumed"}},{"type":"Feature","geometry":{"type":"Polygon","coordinates":[[[78.426549,17.397641],[78.426581,17.397638],[78.426584,17.397665],[78.426552,17.397668],[78.426549,17.397641]]]},"properties":{"id":"0a749d18debf","height":null,"num_floors":null,"render_height_m":6.4,"height_label":"assumed"}},{"type":"Feature","geometry":{"type":"Polygon","coordinates":[[[78.427301,17.396813],[78.427433,17.396803],[78.427468,17.397255],[78.427459,17.397255],[78.427461,17.39729],[78.42747,17.397289],[78.427476,17.397364],[78.427345,17.397373],[78.427336,17.397264],[78.427384,17.397261],[78.427381,17.397221],[78.427333,17.397225],[78.427301,17.396813]]]},"properties":{"id":"39a318702c05","height":null,"num_floors":null,"render_height_m":19.2,"height_label":"assumed"}},{"type":"Feature","geometry":{"type":"Polygon","coordinates":[[[78.42667,17.396721],[78.426754,17.396716],[78.426757,17.396767],[78.426673,17.396771],[78.42667,17.396721]]]},"properties":{"id":"099fd60e98cb","height":null,"num_floors":null,"render_height_m":6.4,"height_label":"assumed"}},{"type":"Feature","geometry":{"type":"Polygon","coordinates":[[[78.427178,17.396293],[78.427181,17.396313],[78.427111,17.396321],[78.427109,17.396301],[78.427178,17.396293]]]},"properties":{"id":"c25530c5623e","height":null,"num_floors":null,"render_height_m":6.4,"height_label":"assumed"}},{"type":"Feature","geometry":{"type":"Polygon","coordinates":[[[78.426989,17.396336],[78.426988,17.396314],[78.427066,17.396309],[78.427067,17.396331],[78.426989,17.396336]]]},"properties":{"id":"84538a03a361","height":null,"num_floors":null,"render_height_m":6.4,"height_label":"assumed"}},{"type":"Feature","geometry":{"type":"Polygon","coordinates":[[[78.427213,17.396706],[78.427216,17.396741],[78.427006,17.396756],[78.427003,17.396721],[78.427213,17.396706]]]},"properties":{"id":"6ecaf76cf6a9","height":null,"num_floors":null,"render_height_m":9.6,"height_label":"assumed"}},{"type":"Feature","geometry":{"type":"Polygon","coordinates":[[[78.42721,17.396663],[78.427294,17.396657],[78.427302,17.396767],[78.427218,17.396773],[78.42721,17.396663]]]},"properties":{"id":"6f5f210384ed","height":null,"num_floors":null,"render_height_m":9.6,"height_label":"assumed"}},{"type":"Feature","geometry":{"type":"Polygon","coordinates":[[[78.4274,17.39665],[78.427273,17.396659],[78.427269,17.396611],[78.427397,17.396602],[78.4274,17.39665]]]},"properties":{"id":"3d1dfa472361","height":null,"num_floors":null,"render_height_m":6.4,"height_label":"assumed"}},{"type":"Feature","geometry":{"type":"Polygon","coordinates":[[[78.427195,17.396288],[78.427251,17.396283],[78.427252,17.396304],[78.427196,17.396308],[78.427195,17.396288]]]},"properties":{"id":"1ee122b12f0f","height":null,"num_floors":null,"render_height_m":6.4,"height_label":"assumed"}},{"type":"Feature","geometry":{"type":"Polygon","coordinates":[[[78.427274,17.396244],[78.427315,17.39624],[78.427319,17.39627],[78.427278,17.396274],[78.427274,17.396244]]]},"properties":{"id":"ca02ab754592","height":null,"num_floors":null,"render_height_m":6.4,"height_label":"assumed"}},{"type":"Feature","geometry":{"type":"Polygon","coordinates":[[[78.427599,17.39671],[78.427603,17.396801],[78.427494,17.396804],[78.427491,17.396714],[78.427599,17.39671]]]},"properties":{"id":"1185c2bacab6","height":null,"num_floors":null,"render_height_m":9.6,"height_label":"assumed"}},{"type":"Feature","geometry":{"type":"Polygon","coordinates":[[[78.427441,17.396874],[78.4275,17.39687],[78.427503,17.396907],[78.427443,17.396911],[78.427441,17.396874]]]},"properties":{"id":"724cbb3048e9","height":null,"num_floors":null,"render_height_m":6.4,"height_label":"assumed"}},{"type":"Feature","geometry":{"type":"Polygon","coordinates":[[[78.427826,17.397301],[78.427829,17.397356],[78.427555,17.39737],[78.427552,17.397315],[78.427826,17.397301]]]},"properties":{"id":"ba24e8e7acb9","height":null,"num_floors":null,"render_height_m":9.6,"height_label":"assumed"}},{"type":"Feature","geometry":{"type":"Polygon","coordinates":[[[78.427833,17.397353],[78.427838,17.397414],[78.427556,17.397433],[78.427552,17.397372],[78.427833,17.397353]]]},"properties":{"id":"c9e289230b83","height":null,"num_floors":null,"render_height_m":9.6,"height_label":"assumed"}},{"type":"Feature","geometry":{"type":"Polygon","coordinates":[[[78.427898,17.397124],[78.427941,17.397125],[78.42794,17.397145],[78.427898,17.397145],[78.427898,17.397124]]]},"properties":{"id":"b7f10b778d17","height":null,"num_floors":null,"render_height_m":6.4,"height_label":"assumed"}},{"type":"Feature","geometry":{"type":"Polygon","coordinates":[[[78.427875,17.397063],[78.427935,17.397059],[78.427937,17.397087],[78.427877,17.397091],[78.427875,17.397063]]]},"properties":{"id":"ba5f5b9b58c8","height":null,"num_floors":null,"render_height_m":6.4,"height_label":"assumed"}},{"type":"Feature","geometry":{"type":"Polygon","coordinates":[[[78.427727,17.397128],[78.427732,17.397178],[78.427698,17.397181],[78.427693,17.397131],[78.427727,17.397128]]]},"properties":{"id":"70880556a3ec","height":null,"num_floors":null,"render_height_m":6.4,"height_label":"assumed"}},{"type":"Feature","geometry":{"type":"Polygon","coordinates":[[[78.427784,17.396947],[78.427807,17.396948],[78.427805,17.397042],[78.427782,17.397041],[78.427784,17.396947]]]},"properties":{"id":"0e1a96359c1a","height":null,"num_floors":null,"render_height_m":6.4,"height_label":"assumed"}},{"type":"Feature","geometry":{"type":"Polygon","coordinates":[[[78.427824,17.396866],[78.427896,17.396862],[78.427902,17.396968],[78.42783,17.396972],[78.427824,17.396866]]]},"properties":{"id":"90bf196eef0b","height":null,"num_floors":null,"render_height_m":9.6,"height_label":"assumed"}},{"type":"Feature","geometry":{"type":"Polygon","coordinates":[[[78.428047,17.396859],[78.428095,17.396857],[78.428107,17.39706],[78.428059,17.397062],[78.428047,17.396859]]]},"properties":{"id":"641b561b995c","height":null,"num_floors":null,"render_height_m":9.6,"height_label":"assumed"}},{"type":"Feature","geometry":{"type":"Polygon","coordinates":[[[78.428054,17.397337],[78.428057,17.397402],[78.427878,17.397409],[78.427875,17.397345],[78.428054,17.397337]]]},"properties":{"id":"5b3fb7e64f59","height":null,"num_floors":null,"render_height_m":9.6,"height_label":"assumed"}},{"type":"Feature","geometry":{"type":"Polygon","coordinates":[[[78.42807,17.397361],[78.428095,17.397363],[78.428093,17.397403],[78.428068,17.397401],[78.42807,17.397361]]]},"properties":{"id":"d8d438f2533e","height":null,"num_floors":null,"render_height_m":6.4,"height_label":"assumed"}},{"type":"Feature","geometry":{"type":"Polygon","coordinates":[[[78.428356,17.397227],[78.428412,17.397224],[78.428415,17.39727],[78.428359,17.397274],[78.428356,17.397227]]]},"properties":{"id":"40a926a29b7f","height":null,"num_floors":null,"render_height_m":6.4,"height_label":"assumed"}},{"type":"Feature","geometry":{"type":"Polygon","coordinates":[[[78.428344,17.397143],[78.428411,17.397145],[78.428409,17.397208],[78.428342,17.397206],[78.428344,17.397143]]]},"properties":{"id":"2f9656d263ff","height":null,"num_floors":null,"render_height_m":6.4,"height_label":"assumed"}},{"type":"Feature","geometry":{"type":"Polygon","coordinates":[[[78.428097,17.395748],[78.428174,17.395733],[78.428195,17.395823],[78.428117,17.39584],[78.428097,17.395748]]]},"properties":{"id":"8cd65241b4b5","height":null,"num_floors":null,"render_height_m":9.6,"height_label":"assumed"}},{"type":"Feature","geometry":{"type":"Polygon","coordinates":[[[78.428113,17.395285],[78.428213,17.395573],[78.428001,17.395639],[78.427944,17.395465],[78.427902,17.395368],[78.428113,17.395285]]]},"properties":{"id":"13dcb04492c6","height":null,"num_floors":null,"render_height_m":12.8,"height_label":"assumed"}},{"type":"Feature","geometry":{"type":"Polygon","coordinates":[[[78.428317,17.39563],[78.428353,17.395791],[78.428195,17.395823],[78.428159,17.395663],[78.428317,17.39563]]]},"properties":{"id":"a52f113e442d","height":null,"num_floors":null,"render_height_m":12.8,"height_label":"assumed"}},{"type":"Feature","geometry":{"type":"Polygon","coordinates":[[[78.428285,17.395469],[78.428335,17.39546],[78.428382,17.395697],[78.428333,17.395706],[78.428285,17.395469]]]},"properties":{"id":"d07ee5b6c330","height":null,"num_floors":null,"render_height_m":9.6,"height_label":"assumed"}},{"type":"Feature","geometry":{"type":"Polygon","coordinates":[[[78.42855,17.395169],[78.428283,17.395178],[78.428271,17.394843],[78.428538,17.394835],[78.42855,17.395169]]]},"properties":{"id":"fb3119c7e1fd","height":null,"num_floors":null,"render_height_m":19.2,"height_label":"assumed"}},{"type":"Feature","geometry":{"type":"Polygon","coordinates":[[[78.428113,17.395168],[78.428113,17.394803],[78.428267,17.394803],[78.428267,17.395168],[78.428113,17.395168]]]},"properties":{"id":"366d0c5fe2eb","height":null,"num_floors":null,"render_height_m":12.8,"height_label":"assumed"}},{"type":"Feature","geometry":{"type":"Polygon","coordinates":[[[78.427746,17.395296],[78.427675,17.395064],[78.427767,17.395038],[78.427806,17.395165],[78.42792,17.395133],[78.427926,17.395155],[78.427989,17.395138],[78.428014,17.395221],[78.427746,17.395296]]]},"properties":{"id":"ed0ab0e8bb3f","height":null,"num_floors":null,"render_height_m":12.8,"height_label":"assumed"}},{"type":"Feature","geometry":{"type":"Polygon","coordinates":[[[78.427874,17.394914],[78.427896,17.394993],[78.427836,17.395008],[78.427814,17.39493],[78.427874,17.394914]]]},"properties":{"id":"7e8f18a860f0","height":null,"num_floors":null,"render_height_m":6.4,"height_label":"assumed"}},{"type":"Feature","geometry":{"type":"Polygon","coordinates":[[[78.427867,17.394886],[78.42787,17.394909],[78.427805,17.394918],[78.427802,17.394895],[78.427867,17.394886]]]},"properties":{"id":"1b0e05fad4a1","height":null,"num_floors":null,"render_height_m":6.4,"height_label":"assumed"}},{"type":"Feature","geometry":{"type":"Polygon","coordinates":[[[78.427723,17.39483],[78.427727,17.394771],[78.427829,17.394776],[78.427825,17.394836],[78.427783,17.394834],[78.42778,17.39487],[78.427729,17.394868],[78.427731,17.39483],[78.427723,17.39483]]]},"properties":{"id":"7c1225f51e97","height":null,"num_floors":null,"render_height_m":9.6,"height_label":"assumed"}},{"type":"Feature","geometry":{"type":"Polygon","coordinates":[[[78.427601,17.394817],[78.427602,17.394762],[78.427713,17.394763],[78.42771,17.394917],[78.427674,17.394916],[78.427674,17.394926],[78.427615,17.394925],[78.427616,17.394879],[78.427612,17.394879],[78.427613,17.394817],[78.427601,17.394817]]]},"properties":{"id":"92732ce39f45","height":null,"num_floors":null,"render_height_m":9.6,"height_label":"assumed"}},{"type":"Feature","geometry":{"type":"Polygon","coordinates":[[[78.42743,17.394982],[78.427355,17.395003],[78.427283,17.394769],[78.42736,17.394747],[78.427369,17.394776],[78.427423,17.394761],[78.427427,17.394773],[78.427456,17.394765],[78.42746,17.394779],[78.427488,17.394771],[78.42749,17.394778],[78.427523,17.394769],[78.427527,17.394783],[78.427563,17.394773],[78.427608,17.394921],[78.427427,17.394972],[78.42743,17.394982]]]},"properties":{"id":"ac8826c9631c","height":null,"num_floors":null,"render_height_m":12.8,"height_label":"assumed"}},{"type":"Feature","geometry":{"type":"Polygon","coordinates":[[[78.427663,17.395115],[78.427403,17.395183],[78.427356,17.395018],[78.427616,17.39495],[78.427663,17.395115]]]},"properties":{"id":"528146c188a1","height":null,"num_floors":null,"render_height_m":12.8,"height_label":"assumed"}},{"type":"Feature","geometry":{"type":"Polygon","coordinates":[[[78.427768,17.395694],[78.427646,17.395598],[78.427823,17.395474],[78.427891,17.395601],[78.427943,17.395761],[78.427768,17.395694]]]},"properties":{"id":"ef5c6c59c2f9","height":null,"num_floors":null,"render_height_m":12.8,"height_label":"assumed"}},{"type":"Feature","geometry":{"type":"Polygon","coordinates":[[[78.426873,17.395853],[78.426929,17.395839],[78.426948,17.395909],[78.426892,17.395923],[78.426873,17.395853]]]},"properties":{"id":"a1a221b75966","height":null,"num_floors":null,"render_height_m":6.4,"height_label":"assumed"}},{"type":"Feature","geometry":{"type":"Polygon","coordinates":[[[78.426806,17.395762],[78.426846,17.395753],[78.426873,17.395853],[78.426833,17.395863],[78.426806,17.395762]]]},"properties":{"id":"5f458b3033c2","height":null,"num_floors":null,"render_height_m":6.4,"height_label":"assumed"}},{"type":"Feature","geometry":{"type":"Polygon","coordinates":[[[78.42679,17.395647],[78.426752,17.395657],[78.426741,17.395619],[78.426778,17.395609],[78.42679,17.395647]]]},"properties":{"id":"abd92757cd2d","height":null,"num_floors":null,"render_height_m":6.4,"height_label":"assumed"}},{"type":"Feature","geometry":{"type":"Polygon","coordinates":[[[78.426762,17.395346],[78.426738,17.395249],[78.426882,17.395216],[78.426907,17.395312],[78.426762,17.395346]]]},"properties":{"id":"af6288ce2ff2","height":null,"num_floors":null,"render_height_m":9.6,"height_label":"assumed"}},{"type":"Feature","geometry":{"type":"Polygon","coordinates":[[[78.426736,17.395229],[78.426711,17.395142],[78.426816,17.395115],[78.42684,17.395202],[78.426736,17.395229]]]},"properties":{"id":"652243786151","height":null,"num_floors":null,"render_height_m":9.6,"height_label":"assumed"}},{"type":"Feature","geometry":{"type":"Polygon","coordinates":[[[78.426814,17.395101],[78.426709,17.39513],[78.426686,17.395054],[78.42679,17.395024],[78.426814,17.395101]]]},"properties":{"id":"26a2d4f23f7e","height":null,"num_floors":null,"render_height_m":9.6,"height_label":"assumed"}},{"type":"Feature","geometry":{"type":"Polygon","coordinates":[[[78.42658,17.395374],[78.426501,17.39538],[78.426492,17.39526],[78.42657,17.395254],[78.42658,17.395374]]]},"properties":{"id":"6104a07e1895","height":null,"num_floors":null,"render_height_m":9.6,"height_label":"assumed"}},{"type":"Feature","geometry":{"type":"Polygon","coordinates":[[[78.426474,17.395377],[78.426375,17.395381],[78.426369,17.39526],[78.426468,17.395256],[78.426474,17.395377]]]},"properties":{"id":"97e93d03f795","height":null,"num_floors":null,"render_height_m":9.6,"height_label":"assumed"}},{"type":"Feature","geometry":{"type":"Polygon","coordinates":[[[78.42651,17.395148],[78.426412,17.39515],[78.42641,17.39503],[78.426508,17.395029],[78.42651,17.395148]]]},"properties":{"id":"922de011017c","height":null,"num_floors":null,"render_height_m":9.6,"height_label":"assumed"}},{"type":"Feature","geometry":{"type":"Polygon","coordinates":[[[78.426482,17.394868],[78.426491,17.394969],[78.426382,17.394977],[78.426374,17.394876],[78.426482,17.394868]]]},"properties":{"id":"f768311d8b5b","height":null,"num_floors":null,"render_height_m":9.6,"height_label":"assumed"}},{"type":"Feature","geometry":{"type":"Polygon","coordinates":[[[78.426775,17.394901],[78.426651,17.394936],[78.426627,17.39486],[78.426751,17.394824],[78.426775,17.394901]]]},"properties":{"id":"741ecd2aa21d","height":null,"num_floors":null,"render_height_m":9.6,"height_label":"assumed"}},{"type":"Feature","geometry":{"type":"Polygon","coordinates":[[[78.42679,17.395],[78.426674,17.395037],[78.426657,17.394989],[78.426773,17.394952],[78.42679,17.395]]]},"properties":{"id":"e06baa324002","height":null,"num_floors":null,"render_height_m":6.4,"height_label":"assumed"}},{"type":"Feature","geometry":{"type":"Polygon","coordinates":[[[78.426827,17.394952],[78.426798,17.394825],[78.426963,17.39479],[78.426993,17.394917],[78.426827,17.394952]]]},"properties":{"id":"00e8a986553f","height":null,"num_floors":null,"render_height_m":12.8,"height_label":"assumed"}},{"type":"Feature","geometry":{"type":"Polygon","coordinates":[[[78.427055,17.394963],[78.427092,17.394946],[78.427107,17.394973],[78.427069,17.394991],[78.427055,17.394963]]]},"properties":{"id":"aa5f46dcf2e6","height":null,"num_floors":null,"render_height_m":6.4,"height_label":"assumed"}},{"type":"Feature","geometry":{"type":"Polygon","coordinates":[[[78.427041,17.395041],[78.426894,17.39508],[78.426872,17.395003],[78.427019,17.394965],[78.427041,17.395041]]]},"properties":{"id":"9a1c2b47ed24","height":null,"num_floors":null,"render_height_m":9.6,"height_label":"assumed"}},{"type":"Feature","geometry":{"type":"Polygon","coordinates":[[[78.427126,17.395184],[78.426925,17.39523],[78.426879,17.395096],[78.42708,17.395046],[78.427126,17.395184]]]},"properties":{"id":"361de086f4c0","height":null,"num_floors":null,"render_height_m":12.8,"height_label":"assumed"}},{"type":"Feature","geometry":{"type":"Polygon","coordinates":[[[78.426953,17.395342],[78.42693,17.395243],[78.427089,17.395209],[78.427112,17.395308],[78.426953,17.395342]]]},"properties":{"id":"9d637b7626e1","height":null,"num_floors":null,"render_height_m":9.6,"height_label":"assumed"}},{"type":"Feature","geometry":{"type":"Polygon","coordinates":[[[78.42729,17.394458],[78.427286,17.394424],[78.427363,17.394416],[78.427367,17.39445],[78.42729,17.394458]]]},"properties":{"id":"799f0dc6ef0c","height":null,"num_floors":null,"render_height_m":6.4,"height_label":"assumed"}},{"type":"Feature","geometry":{"type":"Polygon","coordinates":[[[78.42725,17.394115],[78.427272,17.394202],[78.427194,17.394219],[78.427172,17.394133],[78.42725,17.394115]]]},"properties":{"id":"57cb798061eb","height":null,"num_floors":null,"render_height_m":9.6,"height_label":"assumed"}},{"type":"Feature","geometry":{"type":"Polygon","coordinates":[[[78.427237,17.394058],[78.427251,17.39411],[78.427168,17.39413],[78.427154,17.394078],[78.427237,17.394058]]]},"properties":{"id":"addf170a4171","height":null,"num_floors":null,"render_height_m":6.4,"height_label":"assumed"}},{"type":"Feature","geometry":{"type":"Polygon","coordinates":[[[78.427098,17.394079],[78.427066,17.393966],[78.427155,17.39395],[78.427186,17.394056],[78.427098,17.394079]]]},"properties":{"id":"5ff601d8fae6","height":null,"num_floors":null,"render_height_m":9.6,"height_label":"assumed"}},{"type":"Feature","geometry":{"type":"Polygon","coordinates":[[[78.426953,17.39464],[78.426789,17.394683],[78.42675,17.394546],[78.426914,17.394503],[78.426953,17.39464]]]},"properties":{"id":"9adf146603ef","height":null,"num_floors":null,"render_height_m":12.8,"height_label":"assumed"}},{"type":"Feature","geometry":{"type":"Polygon","coordinates":[[[78.426747,17.394565],[78.426773,17.394656],[78.42658,17.394706],[78.426554,17.394616],[78.426747,17.394565]]]},"properties":{"id":"34613436a411","height":null,"num_floors":null,"render_height_m":9.6,"height_label":"assumed"}},{"type":"Feature","geometry":{"type":"Polygon","coordinates":[[[78.426708,17.394445],[78.426734,17.394535],[78.426544,17.394585],[78.426518,17.394495],[78.426708,17.394445]]]},"properties":{"id":"6ea445213541","height":null,"num_floors":null,"render_height_m":9.6,"height_label":"assumed"}},{"type":"Feature","geometry":{"type":"Polygon","coordinates":[[[78.426649,17.394313],[78.426677,17.394408],[78.426526,17.394448],[78.426498,17.394353],[78.426649,17.394313]]]},"properties":{"id":"350139822a4c","height":null,"num_floors":null,"render_height_m":9.6,"height_label":"assumed"}},{"type":"Feature","geometry":{"type":"Polygon","coordinates":[[[78.426616,17.394209],[78.426641,17.394295],[78.426462,17.394341],[78.426438,17.394255],[78.426616,17.394209]]]},"properties":{"id":"11f8f3a26e2c","height":null,"num_floors":null,"render_height_m":9.6,"height_label":"assumed"}},{"type":"Feature","geometry":{"type":"Polygon","coordinates":[[[78.426581,17.39406],[78.426615,17.394178],[78.426428,17.394227],[78.426394,17.394109],[78.426581,17.39406]]]},"properties":{"id":"4f8142316805","height":null,"num_floors":null,"render_height_m":12.8,"height_label":"assumed"}},{"type":"Feature","geometry":{"type":"Polygon","coordinates":[[[78.426575,17.394047],[78.426407,17.394092],[78.426385,17.394014],[78.426553,17.39397],[78.426575,17.394047]]]},"properties":{"id":"fad0df6a6c96","height":null,"num_floors":null,"render_height_m":9.6,"height_label":"assumed"}},{"type":"Feature","geometry":{"type":"Polygon","coordinates":[[[78.4268,17.394097],[78.426652,17.394136],[78.426601,17.393957],[78.426749,17.393918],[78.4268,17.394097]]]},"properties":{"id":"0f6c9bb91433","height":null,"num_floors":null,"render_height_m":12.8,"height_label":"assumed"}},{"type":"Feature","geometry":{"type":"Polygon","coordinates":[[[78.426853,17.394207],[78.42668,17.394252],[78.42665,17.394149],[78.426823,17.394104],[78.426853,17.394207]]]},"properties":{"id":"9fa3fc025761","height":null,"num_floors":null,"render_height_m":9.6,"height_label":"assumed"}},{"type":"Feature","geometry":{"type":"Polygon","coordinates":[[[78.426841,17.394221],[78.4269,17.394427],[78.426729,17.394472],[78.42667,17.394266],[78.426841,17.394221]]]},"properties":{"id":"4a1bf4903ffe","height":null,"num_floors":null,"render_height_m":12.8,"height_label":"assumed"}},{"type":"Feature","geometry":{"type":"Polygon","coordinates":[[[78.426709,17.393677],[78.426712,17.393719],[78.426624,17.393725],[78.426621,17.393682],[78.426709,17.393677]]]},"properties":{"id":"df63d5f0ea57","height":null,"num_floors":null,"render_height_m":6.4,"height_label":"assumed"}},{"type":"Feature","geometry":{"type":"Polygon","coordinates":[[[78.426712,17.393894],[78.426577,17.39393],[78.426546,17.393822],[78.426681,17.393787],[78.426712,17.393894]]]},"properties":{"id":"c06da72141ad","height":null,"num_floors":null,"render_height_m":9.6,"height_label":"assumed"}},{"type":"Feature","geometry":{"type":"Polygon","coordinates":[[[78.426472,17.393941],[78.426373,17.393967],[78.426348,17.393881],[78.426498,17.393842],[78.426525,17.393935],[78.426474,17.393948],[78.426472,17.393941]]]},"properties":{"id":"46c304e81381","height":null,"num_floors":null,"render_height_m":9.6,"height_label":"assumed"}},{"type":"Feature","geometry":{"type":"Polygon","coordinates":[[[78.426616,17.393597],[78.426479,17.393701],[78.426427,17.393639],[78.426564,17.393534],[78.426616,17.393597]]]},"properties":{"id":"2d9bffa650e7","height":null,"num_floors":null,"render_height_m":9.6,"height_label":"assumed"}},{"type":"Feature","geometry":{"type":"Polygon","coordinates":[[[78.42649,17.393467],[78.426544,17.393507],[78.426482,17.393583],[78.426429,17.393544],[78.42649,17.393467]]]},"properties":{"id":"52cb7f566e1d","height":null,"num_floors":null,"render_height_m":6.4,"height_label":"assumed"}},{"type":"Feature","geometry":{"type":"Polygon","coordinates":[[[78.426962,17.393387],[78.427071,17.393385],[78.427073,17.393436],[78.426963,17.393438],[78.426962,17.393387]]]},"properties":{"id":"1fd6c0bf8455","height":null,"num_floors":null,"render_height_m":6.4,"height_label":"assumed"}},{"type":"Feature","geometry":{"type":"Polygon","coordinates":[[[78.42701,17.393432],[78.427066,17.393433],[78.427065,17.393465],[78.427009,17.393464],[78.42701,17.393432]]]},"properties":{"id":"6bf9115591a9","height":null,"num_floors":null,"render_height_m":6.4,"height_label":"assumed"}},{"type":"Feature","geometry":{"type":"Polygon","coordinates":[[[78.427003,17.393831],[78.427176,17.393834],[78.427176,17.393947],[78.427036,17.393946],[78.427003,17.393831]]]},"properties":{"id":"9f2e9eb2897c","height":null,"num_floors":null,"render_height_m":9.6,"height_label":"assumed"}},{"type":"Feature","geometry":{"type":"Polygon","coordinates":[[[78.427082,17.393734],[78.427299,17.393748],[78.427294,17.393822],[78.427076,17.393808],[78.427082,17.393734]]]},"properties":{"id":"fa3e4e1c52d5","height":null,"num_floors":null,"render_height_m":9.6,"height_label":"assumed"}},{"type":"Feature","geometry":{"type":"Polygon","coordinates":[[[78.427357,17.394054],[78.42719,17.394055],[78.427189,17.393898],[78.427355,17.393897],[78.427357,17.394054]]]},"properties":{"id":"e71ff49b3ab1","height":null,"num_floors":null,"render_height_m":12.8,"height_label":"assumed"}},{"type":"Feature","geometry":{"type":"Polygon","coordinates":[[[78.428012,17.393491],[78.427731,17.393476],[78.427738,17.393362],[78.428019,17.393377],[78.428012,17.393491]]]},"properties":{"id":"c3f551b34752","height":null,"num_floors":null,"render_height_m":12.8,"height_label":"assumed"}},{"type":"Feature","geometry":{"type":"Polygon","coordinates":[[[78.427866,17.393591],[78.427756,17.393577],[78.427767,17.393495],[78.427993,17.393522],[78.427983,17.393592],[78.427868,17.393578],[78.427866,17.393591]]]},"properties":{"id":"c27776fdb6d5","height":null,"num_floors":null,"render_height_m":9.6,"height_label":"assumed"}},{"type":"Feature","geometry":{"type":"Polygon","coordinates":[[[78.427948,17.393715],[78.427717,17.393656],[78.427739,17.393577],[78.42797,17.393636],[78.427948,17.393715]]]},"properties":{"id":"5333f54645f1","height":null,"num_floors":null,"render_height_m":9.6,"height_label":"assumed"}},{"type":"Feature","geometry":{"type":"Polygon","coordinates":[[[78.427911,17.39382],[78.427693,17.393755],[78.427716,17.393685],[78.427934,17.39375],[78.427911,17.39382]]]},"properties":{"id":"1b99464fb707","height":null,"num_floors":null,"render_height_m":9.6,"height_label":"assumed"}},{"type":"Feature","geometry":{"type":"Polygon","coordinates":[[[78.427661,17.393888],[78.427695,17.393815],[78.427872,17.393889],[78.427838,17.393962],[78.427661,17.393888]]]},"properties":{"id":"346a591cc0f8","height":null,"num_floors":null,"render_height_m":9.6,"height_label":"assumed"}},{"type":"Feature","geometry":{"type":"Polygon","coordinates":[[[78.427554,17.393874],[78.427457,17.39387],[78.427459,17.393822],[78.427556,17.393826],[78.427554,17.393874]]]},"properties":{"id":"7a2c4969e29b","height":null,"num_floors":null,"render_height_m":6.4,"height_label":"assumed"}},{"type":"Feature","geometry":{"type":"Polygon","coordinates":[[[78.427423,17.394201],[78.427438,17.393954],[78.427591,17.393963],[78.427576,17.394209],[78.427423,17.394201]]]},"properties":{"id":"afc6983faf0e","height":null,"num_floors":null,"render_height_m":12.8,"height_label":"assumed"}},{"type":"Feature","geometry":{"type":"Polygon","coordinates":[[[78.427466,17.394379],[78.427372,17.394381],[78.427371,17.394347],[78.427465,17.394346],[78.427466,17.394379]]]},"properties":{"id":"0282c853341f","height":null,"num_floors":null,"render_height_m":6.4,"height_label":"assumed"}},{"type":"Feature","geometry":{"type":"Polygon","coordinates":[[[78.427674,17.394647],[78.42728,17.394634],[78.427284,17.394529],[78.427678,17.394542],[78.427674,17.394647]]]},"properties":{"id":"adbd4dede2ac","height":null,"num_floors":null,"render_height_m":12.8,"height_label":"assumed"}},{"type":"Feature","geometry":{"type":"Polygon","coordinates":[[[78.427838,17.394399],[78.427834,17.394652],[78.427691,17.394649],[78.427696,17.394397],[78.427838,17.394399]]]},"properties":{"id":"675ad2ab417c","height":null,"num_floors":null,"render_height_m":12.8,"height_label":"assumed"}},{"type":"Feature","geometry":{"type":"Polygon","coordinates":[[[78.427701,17.394371],[78.427699,17.394244],[78.427839,17.394242],[78.427841,17.39437],[78.427701,17.394371]]]},"properties":{"id":"8c4073c92309","height":null,"num_floors":null,"render_height_m":9.6,"height_label":"assumed"}},{"type":"Feature","geometry":{"type":"Polygon","coordinates":[[[78.427829,17.394231],[78.427707,17.394231],[78.427707,17.394095],[78.427829,17.394095],[78.427829,17.394231]]]},"properties":{"id":"f654856e8d62","height":null,"num_floors":null,"render_height_m":9.6,"height_label":"assumed"}},{"type":"Feature","geometry":{"type":"Polygon","coordinates":[[[78.427842,17.394087],[78.427701,17.394064],[78.427721,17.393953],[78.427862,17.393976],[78.427842,17.394087]]]},"properties":{"id":"fbc7d5005dfc","height":null,"num_floors":null,"render_height_m":9.6,"height_label":"assumed"}},{"type":"Feature","geometry":{"type":"Polygon","coordinates":[[[78.428183,17.394192],[78.428118,17.39432],[78.427991,17.394262],[78.428038,17.394169],[78.427997,17.39415],[78.428025,17.394095],[78.428163,17.394158],[78.428153,17.394178],[78.428183,17.394192]]]},"properties":{"id":"342e8ffe8023","height":null,"num_floors":null,"render_height_m":12.8,"height_label":"assumed"}},{"type":"Feature","geometry":{"type":"Polygon","coordinates":[[[78.42851,17.394271],[78.428459,17.394404],[78.428364,17.394361],[78.428418,17.394234],[78.42851,17.394271]]]},"properties":{"id":"a2efb00a1782","height":null,"num_floors":null,"render_height_m":9.6,"height_label":"assumed"}},{"type":"Feature","geometry":{"type":"Polygon","coordinates":[[[78.428408,17.394223],[78.428338,17.394367],[78.42826,17.394328],[78.428331,17.394182],[78.428408,17.394223]]]},"properties":{"id":"7e8e16c688a8","height":null,"num_floors":null,"render_height_m":9.6,"height_label":"assumed"}},{"type":"Feature","geometry":{"type":"Polygon","coordinates":[[[78.428318,17.394175],[78.428247,17.394309],[78.428156,17.394268],[78.428221,17.394127],[78.428318,17.394175]]]},"properties":{"id":"76088a82aade","height":null,"num_floors":null,"render_height_m":9.6,"height_label":"assumed"}},{"type":"Feature","geometry":{"type":"Polygon","coordinates":[[[78.428391,17.394109],[78.428246,17.394095],[78.428255,17.394003],[78.4284,17.394017],[78.428391,17.394109]]]},"properties":{"id":"2d2ee09bb698","height":null,"num_floors":null,"render_height_m":9.6,"height_label":"assumed"}},{"type":"Feature","geometry":{"type":"Polygon","coordinates":[[[78.428082,17.393724],[78.428101,17.393657],[78.428447,17.393755],[78.42843,17.393918],[78.428297,17.393905],[78.428306,17.393814],[78.428082,17.393724]]]},"properties":{"id":"42c60b22b675","height":null,"num_floors":null,"render_height_m":12.8,"height_label":"assumed"}},{"type":"Feature","geometry":{"type":"Polygon","coordinates":[[[78.428212,17.394078],[78.428141,17.394051],[78.42819,17.393907],[78.428251,17.393924],[78.428249,17.394005],[78.428212,17.394078]]]},"properties":{"id":"311381adebd6","height":null,"num_floors":null,"render_height_m":9.6,"height_label":"assumed"}},{"type":"Feature","geometry":{"type":"Polygon","coordinates":[[[78.427952,17.393964],[78.428004,17.393836],[78.428103,17.393873],[78.428051,17.394001],[78.427952,17.393964]]]},"properties":{"id":"fd5ddd830462","height":null,"num_floors":null,"render_height_m":9.6,"height_label":"assumed"}},{"type":"Feature","geometry":{"type":"Polygon","coordinates":[[[78.428294,17.393516],[78.428268,17.393508],[78.428275,17.393485],[78.428254,17.393479],[78.428263,17.393449],[78.428237,17.393442],[78.428254,17.393388],[78.428293,17.393398],[78.428303,17.393366],[78.428356,17.393381],[78.428354,17.393388],[78.428383,17.393396],[78.42839,17.393374],[78.428436,17.393387],[78.42844,17.393374],[78.428471,17.393382],[78.428468,17.393391],[78.428519,17.393406],[78.428499,17.393469],[78.428528,17.393477],[78.428514,17.393521],[78.428481,17.393512],[78.428471,17.393546],[78.428423,17.393533],[78.428415,17.393559],[78.428334,17.393535],[78.428332,17.393541],[78.42829,17.393529],[78.428294,17.393516]]]},"properties":{"id":"219c0ab0dc64","height":null,"num_floors":null,"render_height_m":12.8,"height_label":"assumed"}},{"type":"Feature","geometry":{"type":"Polygon","coordinates":[[[78.428668,17.39375],[78.428649,17.39385],[78.428515,17.393827],[78.428534,17.393727],[78.428668,17.39375]]]},"properties":{"id":"17390da4a28e","height":null,"num_floors":null,"render_height_m":9.6,"height_label":"assumed"}},{"type":"Feature","geometry":{"type":"Polygon","coordinates":[[[78.428823,17.393764],[78.428674,17.393735],[78.428694,17.393638],[78.428844,17.393666],[78.428823,17.393764]]]},"properties":{"id":"bb21a893911f","height":null,"num_floors":null,"render_height_m":9.6,"height_label":"assumed"}},{"type":"Feature","geometry":{"type":"Polygon","coordinates":[[[78.428652,17.393887],[78.428676,17.393775],[78.428816,17.393802],[78.428791,17.393914],[78.428652,17.393887]]]},"properties":{"id":"16a2a836de58","height":null,"num_floors":null,"render_height_m":9.6,"height_label":"assumed"}},{"type":"Feature","geometry":{"type":"Polygon","coordinates":[[[78.428784,17.393923],[78.428766,17.394043],[78.428628,17.394025],[78.428645,17.393904],[78.428784,17.393923]]]},"properties":{"id":"b8edeaa1f66d","height":null,"num_floors":null,"render_height_m":9.6,"height_label":"assumed"}},{"type":"Feature","geometry":{"type":"Polygon","coordinates":[[[78.428825,17.393444],[78.428961,17.393477],[78.42893,17.393595],[78.428794,17.393563],[78.428825,17.393444]]]},"properties":{"id":"e7ef2eff2f1d","height":null,"num_floors":null,"render_height_m":9.6,"height_label":"assumed"}},{"type":"Feature","geometry":{"type":"Polygon","coordinates":[[[78.428829,17.39329],[78.428786,17.39344],[78.428656,17.393407],[78.42875,17.393272],[78.428829,17.39329]]]},"properties":{"id":"031bae3f94d2","height":null,"num_floors":null,"render_height_m":9.6,"height_label":"assumed"}},{"type":"Feature","geometry":{"type":"Polygon","coordinates":[[[78.428928,17.393468],[78.428799,17.393434],[78.428842,17.393283],[78.428971,17.393316],[78.428928,17.393468]]]},"properties":{"id":"9cdcc1cc6fa0","height":null,"num_floors":null,"render_height_m":9.6,"height_label":"assumed"}},{"type":"Feature","geometry":{"type":"Polygon","coordinates":[[[78.429132,17.393624],[78.42897,17.393584],[78.428994,17.393495],[78.429156,17.393535],[78.429132,17.393624]]]},"properties":{"id":"55ecd6fe413c","height":null,"num_floors":null,"render_height_m":9.6,"height_label":"assumed"}},{"type":"Feature","geometry":{"type":"Polygon","coordinates":[[[78.429163,17.393525],[78.429041,17.393495],[78.429067,17.393403],[78.429188,17.393432],[78.429163,17.393525]]]},"properties":{"id":"e959c3b30233","height":null,"num_floors":null,"render_height_m":9.6,"height_label":"assumed"}},{"type":"Feature","geometry":{"type":"Polygon","coordinates":[[[78.429202,17.393418],[78.429058,17.393381],[78.429088,17.393276],[78.429232,17.393313],[78.429202,17.393418]]]},"properties":{"id":"a49523940347","height":null,"num_floors":null,"render_height_m":9.6,"height_label":"assumed"}},{"type":"Feature","geometry":{"type":"Polygon","coordinates":[[[78.429336,17.393528],[78.429198,17.393494],[78.429228,17.393385],[78.429366,17.393419],[78.429336,17.393528]]]},"properties":{"id":"3925db3ced5c","height":null,"num_floors":null,"render_height_m":9.6,"height_label":"assumed"}},{"type":"Feature","geometry":{"type":"Polygon","coordinates":[[[78.429379,17.393396],[78.429232,17.393365],[78.429256,17.393259],[78.429403,17.39329],[78.429379,17.393396]]]},"properties":{"id":"bfc2fad74620","height":null,"num_floors":null,"render_height_m":9.6,"height_label":"assumed"}},{"type":"Feature","geometry":{"type":"Polygon","coordinates":[[[78.429301,17.393638],[78.429155,17.3936],[78.429184,17.393501],[78.42933,17.39354],[78.429301,17.393638]]]},"properties":{"id":"4b3791c6652e","height":null,"num_floors":null,"render_height_m":9.6,"height_label":"assumed"}},{"type":"Feature","geometry":{"type":"Polygon","coordinates":[[[78.429262,17.393767],[78.429118,17.393729],[78.42915,17.393616],[78.429294,17.393653],[78.429262,17.393767]]]},"properties":{"id":"02a6c7600976","height":null,"num_floors":null,"render_height_m":9.6,"height_label":"assumed"}},{"type":"Feature","geometry":{"type":"Polygon","coordinates":[[[78.429229,17.394012],[78.429073,17.394019],[78.429067,17.393909],[78.429223,17.393901],[78.429229,17.394012]]]},"properties":{"id":"5e2f96ab6f35","height":null,"num_floors":null,"render_height_m":9.6,"height_label":"assumed"}},{"type":"Feature","geometry":{"type":"Polygon","coordinates":[[[78.429087,17.393872],[78.429118,17.393753],[78.429262,17.393786],[78.429242,17.393867],[78.429087,17.393872]]]},"properties":{"id":"827a7f9f5eed","height":null,"num_floors":null,"render_height_m":9.6,"height_label":"assumed"}},{"type":"Feature","geometry":{"type":"Polygon","coordinates":[[[78.429101,17.393733],[78.428957,17.393703],[78.428979,17.393608],[78.429123,17.393638],[78.429101,17.393733]]]},"properties":{"id":"a1220c64a031","height":null,"num_floors":null,"render_height_m":9.6,"height_label":"assumed"}},{"type":"Feature","geometry":{"type":"Polygon","coordinates":[[[78.42907,17.393881],[78.428918,17.393845],[78.428952,17.393717],[78.429104,17.393753],[78.42907,17.393881]]]},"properties":{"id":"cc756631b63e","height":null,"num_floors":null,"render_height_m":9.6,"height_label":"assumed"}},{"type":"Feature","geometry":{"type":"Polygon","coordinates":[[[78.428898,17.394027],[78.428896,17.393913],[78.429019,17.393911],[78.429021,17.394025],[78.428898,17.394027]]]},"properties":{"id":"a2c17311c770","height":null,"num_floors":null,"render_height_m":9.6,"height_label":"assumed"}},{"type":"Feature","geometry":{"type":"Polygon","coordinates":[[[78.429033,17.394222],[78.428958,17.394224],[78.428956,17.394143],[78.429031,17.394141],[78.429033,17.394222]]]},"properties":{"id":"58935e86818e","height":null,"num_floors":null,"render_height_m":6.4,"height_label":"assumed"}},{"type":"Feature","geometry":{"type":"Polygon","coordinates":[[[78.429116,17.394347],[78.428953,17.394347],[78.428953,17.394274],[78.429116,17.394274],[78.429116,17.394347]]]},"properties":{"id":"b8e057e4c9e5","height":null,"num_floors":null,"render_height_m":9.6,"height_label":"assumed"}},{"type":"Feature","geometry":{"type":"Polygon","coordinates":[[[78.429135,17.394233],[78.429052,17.394233],[78.429052,17.394137],[78.429136,17.394137],[78.429135,17.394233]]]},"properties":{"id":"1c85c0f440ee","height":null,"num_floors":null,"render_height_m":9.6,"height_label":"assumed"}},{"type":"Feature","geometry":{"type":"Polygon","coordinates":[[[78.429275,17.394197],[78.429153,17.3942],[78.429151,17.394131],[78.429273,17.394129],[78.429275,17.394197]]]},"properties":{"id":"b8b68ba9012b","height":null,"num_floors":null,"render_height_m":9.6,"height_label":"assumed"}},{"type":"Feature","geometry":{"type":"Polygon","coordinates":[[[78.429312,17.394502],[78.429171,17.394506],[78.429168,17.394422],[78.42931,17.394418],[78.429312,17.394502]]]},"properties":{"id":"081b6d4f520f","height":null,"num_floors":null,"render_height_m":9.6,"height_label":"assumed"}},{"type":"Feature","geometry":{"type":"Polygon","coordinates":[[[78.429312,17.394593],[78.429167,17.394598],[78.429164,17.39451],[78.429309,17.394506],[78.429312,17.394593]]]},"properties":{"id":"d12f59998360","height":null,"num_floors":null,"render_height_m":9.6,"height_label":"assumed"}},{"type":"Feature","geometry":{"type":"Polygon","coordinates":[[[78.429312,17.394708],[78.429161,17.394719],[78.429154,17.394626],[78.429305,17.394616],[78.429312,17.394708]]]},"properties":{"id":"28c9cf156a86","height":null,"num_floors":null,"render_height_m":9.6,"height_label":"assumed"}},{"type":"Feature","geometry":{"type":"Polygon","coordinates":[[[78.42915,17.394497],[78.429051,17.394479],[78.429068,17.394396],[78.429166,17.394414],[78.42915,17.394497]]]},"properties":{"id":"0d91bc8ee875","height":null,"num_floors":null,"render_height_m":9.6,"height_label":"assumed"}},{"type":"Feature","geometry":{"type":"Polygon","coordinates":[[[78.429115,17.394615],[78.428947,17.394595],[78.428957,17.394515],[78.429125,17.394535],[78.429115,17.394615]]]},"properties":{"id":"3418d617494d","height":null,"num_floors":null,"render_height_m":9.6,"height_label":"assumed"}},{"type":"Feature","geometry":{"type":"Polygon","coordinates":[[[78.428976,17.394703],[78.428979,17.394629],[78.429088,17.394634],[78.429085,17.394709],[78.428976,17.394703]]]},"properties":{"id":"977d32dc48b9","height":null,"num_floors":null,"render_height_m":9.6,"height_label":"assumed"}},{"type":"Feature","geometry":{"type":"Polygon","coordinates":[[[78.428706,17.394725],[78.428709,17.394604],[78.428866,17.394607],[78.428863,17.394728],[78.428706,17.394725]]]},"properties":{"id":"8a69980c0c0a","height":null,"num_floors":null,"render_height_m":9.6,"height_label":"assumed"}},{"type":"Feature","geometry":{"type":"Polygon","coordinates":[[[78.42884,17.394583],[78.428697,17.394585],[78.428695,17.394432],[78.428838,17.39443],[78.42884,17.394583]]]},"properties":{"id":"93762cbac789","height":null,"num_floors":null,"render_height_m":12.8,"height_label":"assumed"}},{"type":"Feature","geometry":{"type":"Polygon","coordinates":[[[78.428743,17.394174],[78.428736,17.394353],[78.428652,17.39435],[78.428658,17.394171],[78.428743,17.394174]]]},"properties":{"id":"a897b647920b","height":null,"num_floors":null,"render_height_m":9.6,"height_label":"assumed"}},{"type":"Feature","geometry":{"type":"Polygon","coordinates":[[[78.428846,17.394388],[78.428744,17.394387],[78.428745,17.394294],[78.428847,17.394296],[78.428846,17.394388]]]},"properties":{"id":"985c042beb58","height":null,"num_floors":null,"render_height_m":9.6,"height_label":"assumed"}},{"type":"Feature","geometry":{"type":"Polygon","coordinates":[[[78.42846,17.394067],[78.428474,17.393958],[78.428612,17.393974],[78.428598,17.394084],[78.42846,17.394067]]]},"properties":{"id":"4b7b21bd8cb4","height":null,"num_floors":null,"render_height_m":9.6,"height_label":"assumed"}},{"type":"Feature","geometry":{"type":"Polygon","coordinates":[[[78.428449,17.394231],[78.428452,17.394194],[78.428596,17.394188],[78.428597,17.394299],[78.428449,17.394231]]]},"properties":{"id":"a90670a9a0d7","height":null,"num_floors":null,"render_height_m":9.6,"height_label":"assumed"}},{"type":"Feature","geometry":{"type":"Polygon","coordinates":[[[78.42846,17.394422],[78.428534,17.394295],[78.428705,17.394386],[78.428631,17.394512],[78.42846,17.394422]]]},"properties":{"id":"c5a18475177f","height":null,"num_floors":null,"render_height_m":12.8,"height_label":"assumed"}},{"type":"Feature","geometry":{"type":"Polygon","coordinates":[[[78.428678,17.394609],[78.428516,17.394614],[78.428512,17.394501],[78.428596,17.394499],[78.428598,17.394555],[78.428676,17.394553],[78.428678,17.394609]]]},"properties":{"id":"9c1238089798","height":null,"num_floors":null,"render_height_m":9.6,"height_label":"assumed"}},{"type":"Feature","geometry":{"type":"Polygon","coordinates":[[[78.42867,17.394877],[78.428678,17.395141],[78.428575,17.395144],[78.428567,17.39488],[78.42867,17.394877]]]},"properties":{"id":"47daae3ca3e2","height":null,"num_floors":null,"render_height_m":12.8,"height_label":"assumed"}},{"type":"Feature","geometry":{"type":"Polygon","coordinates":[[[78.429001,17.394856],[78.429003,17.394963],[78.428894,17.394965],[78.428891,17.394858],[78.429001,17.394856]]]},"properties":{"id":"85b099eeb823","height":null,"num_floors":null,"render_height_m":9.6,"height_label":"assumed"}},{"type":"Feature","geometry":{"type":"Polygon","coordinates":[[[78.428859,17.394989],[78.428715,17.394988],[78.428716,17.394876],[78.428859,17.394877],[78.428859,17.394989]]]},"properties":{"id":"84ca50ea817c","height":null,"num_floors":null,"render_height_m":9.6,"height_label":"assumed"}},{"type":"Feature","geometry":{"type":"Polygon","coordinates":[[[78.428845,17.395128],[78.428718,17.395129],[78.428718,17.395015],[78.428845,17.395014],[78.428845,17.395128]]]},"properties":{"id":"81bef5a181c3","height":null,"num_floors":null,"render_height_m":9.6,"height_label":"assumed"}},{"type":"Feature","geometry":{"type":"Polygon","coordinates":[[[78.428396,17.395741],[78.428384,17.395492],[78.428571,17.395484],[78.428583,17.395733],[78.428396,17.395741]]]},"properties":{"id":"6c87598d8a05","height":null,"num_floors":null,"render_height_m":12.8,"height_label":"assumed"}},{"type":"Feature","geometry":{"type":"Polygon","coordinates":[[[78.428847,17.395733],[78.428611,17.395748],[78.428611,17.395544],[78.428847,17.395539],[78.428847,17.395733]]]},"properties":{"id":"c14a3eb9d984","height":null,"num_floors":null,"render_height_m":12.8,"height_label":"assumed"}},{"type":"Feature","geometry":{"type":"Polygon","coordinates":[[[78.429315,17.395512],[78.42939,17.395507],[78.429393,17.395561],[78.429318,17.395565],[78.429315,17.395512]]]},"properties":{"id":"cf56f220609d","height":null,"num_floors":null,"render_height_m":6.4,"height_label":"assumed"}},{"type":"Feature","geometry":{"type":"Polygon","coordinates":[[[78.429513,17.395409],[78.429391,17.395417],[78.429385,17.395331],[78.429507,17.395324],[78.429513,17.395409]]]},"properties":{"id":"8a3bd18e03f1","height":null,"num_floors":null,"render_height_m":9.6,"height_label":"assumed"}},{"type":"Feature","geometry":{"type":"Polygon","coordinates":[[[78.429029,17.395129],[78.428897,17.395133],[78.428893,17.395033],[78.429026,17.395028],[78.429029,17.395129]]]},"properties":{"id":"73f66f8155b1","height":null,"num_floors":null,"render_height_m":9.6,"height_label":"assumed"}},{"type":"Feature","geometry":{"type":"Polygon","coordinates":[[[78.429034,17.395126],[78.42903,17.394991],[78.429116,17.394988],[78.42912,17.395124],[78.429034,17.395126]]]},"properties":{"id":"d43bb70a2be9","height":null,"num_floors":null,"render_height_m":9.6,"height_label":"assumed"}},{"type":"Feature","geometry":{"type":"Polygon","coordinates":[[[78.429129,17.395113],[78.42912,17.394979],[78.429193,17.394974],[78.429202,17.395109],[78.429129,17.395113]]]},"properties":{"id":"75da29705edd","height":null,"num_floors":null,"render_height_m":9.6,"height_label":"assumed"}},{"type":"Feature","geometry":{"type":"Polygon","coordinates":[[[78.42903,17.394719],[78.429144,17.394729],[78.429137,17.394805],[78.429023,17.394794],[78.42903,17.394719]]]},"properties":{"id":"0deb442c2777","height":null,"num_floors":null,"render_height_m":9.6,"height_label":"assumed"}},{"type":"Feature","geometry":{"type":"Polygon","coordinates":[[[78.429238,17.394889],[78.429211,17.394732],[78.4293,17.394718],[78.429327,17.394876],[78.429238,17.394889]]]},"properties":{"id":"dc3c1e30dae2","height":null,"num_floors":null,"render_height_m":9.6,"height_label":"assumed"}},{"type":"Feature","geometry":{"type":"Polygon","coordinates":[[[78.429208,17.395084],[78.429198,17.394952],[78.429269,17.394947],[78.429279,17.395079],[78.429208,17.395084]]]},"properties":{"id":"c1796ea897a3","height":null,"num_floors":null,"render_height_m":9.6,"height_label":"assumed"}},{"type":"Feature","geometry":{"type":"Polygon","coordinates":[[[78.429363,17.394948],[78.429373,17.395071],[78.429285,17.395077],[78.429276,17.394954],[78.429363,17.394948]]]},"properties":{"id":"2324f23b3112","height":null,"num_floors":null,"render_height_m":9.6,"height_label":"assumed"}},{"type":"Feature","geometry":{"type":"Polygon","coordinates":[[[78.429431,17.395042],[78.429379,17.395045],[78.429376,17.394987],[78.429427,17.394984],[78.429431,17.395042]]]},"properties":{"id":"8af6c9b29f52","height":null,"num_floors":null,"render_height_m":6.4,"height_label":"assumed"}},{"type":"Feature","geometry":{"type":"Polygon","coordinates":[[[78.429485,17.394872],[78.429459,17.394708],[78.429592,17.394689],[78.429618,17.394853],[78.429485,17.394872]]]},"properties":{"id":"6fbe96ff8d6f","height":null,"num_floors":null,"render_height_m":12.8,"height_label":"assumed"}},{"type":"Feature","geometry":{"type":"Polygon","coordinates":[[[78.429457,17.395083],[78.42945,17.394992],[78.429561,17.394985],[78.429567,17.395076],[78.429457,17.395083]]]},"properties":{"id":"79f28064087d","height":null,"num_floors":null,"render_height_m":9.6,"height_label":"assumed"}},{"type":"Feature","geometry":{"type":"Polygon","coordinates":[[[78.429662,17.394852],[78.429665,17.39488],[78.429588,17.394888],[78.429585,17.394861],[78.429662,17.394852]]]},"properties":{"id":"daebca2d0bdb","height":null,"num_floors":null,"render_height_m":6.4,"height_label":"assumed"}},{"type":"Feature","geometry":{"type":"Polygon","coordinates":[[[78.429629,17.394842],[78.429606,17.394673],[78.429703,17.394661],[78.429725,17.39483],[78.429629,17.394842]]]},"properties":{"id":"de9bda0c99f8","height":null,"num_floors":null,"render_height_m":9.6,"height_label":"assumed"}},{"type":"Feature","geometry":{"type":"Polygon","coordinates":[[[78.429664,17.394967],[78.429682,17.395142],[78.429602,17.39515],[78.429584,17.394974],[78.429664,17.394967]]]},"properties":{"id":"b753b524673a","height":null,"num_floors":null,"render_height_m":9.6,"height_label":"assumed"}},{"type":"Feature","geometry":{"type":"Polygon","coordinates":[[[78.42982,17.394404],[78.429655,17.394433],[78.429639,17.394349],[78.429804,17.39432],[78.42982,17.394404]]]},"properties":{"id":"36ba1e3fbe4a","height":null,"num_floors":null,"render_height_m":9.6,"height_label":"assumed"}},{"type":"Feature","geometry":{"type":"Polygon","coordinates":[[[78.429508,17.394568],[78.429634,17.39455],[78.429639,17.394582],[78.429651,17.39458],[78.429663,17.394654],[78.429525,17.394674],[78.429508,17.394568]]]},"properties":{"id":"eafe2ff3438e","height":null,"num_floors":null,"render_height_m":9.6,"height_label":"assumed"}},{"type":"Feature","geometry":{"type":"Polygon","coordinates":[[[78.429806,17.394307],[78.429632,17.394337],[78.429614,17.394241],[78.429788,17.394211],[78.429806,17.394307]]]},"properties":{"id":"3be56ab68b9d","height":null,"num_floors":null,"render_height_m":9.6,"height_label":"assumed"}},{"type":"Feature","geometry":{"type":"Polygon","coordinates":[[[78.429617,17.394221],[78.429412,17.394246],[78.429397,17.394138],[78.429603,17.394113],[78.429617,17.394221]]]},"properties":{"id":"ab79a8b19ee1","height":null,"num_floors":null,"render_height_m":12.8,"height_label":"assumed"}},{"type":"Feature","geometry":{"type":"Polygon","coordinates":[[[78.429767,17.39417],[78.429654,17.394184],[78.429644,17.394111],[78.429757,17.394098],[78.429767,17.39417]]]},"properties":{"id":"8c782f7ceaec","height":3.2,"num_floors":1,"render_height_m":3.2,"height_label":"estimated"}},{"type":"Feature","geometry":{"type":"Polygon","coordinates":[[[78.429693,17.393917],[78.429552,17.393921],[78.42955,17.39384],[78.429691,17.393836],[78.429693,17.393917]]]},"properties":{"id":"12e969933ab2","height":null,"num_floors":null,"render_height_m":9.6,"height_label":"assumed"}},{"type":"Feature","geometry":{"type":"Polygon","coordinates":[[[78.42953,17.393945],[78.429403,17.39395],[78.429398,17.39386],[78.429526,17.393854],[78.42953,17.393945]]]},"properties":{"id":"1adb21bd0062","height":null,"num_floors":null,"render_height_m":9.6,"height_label":"assumed"}},{"type":"Feature","geometry":{"type":"Polygon","coordinates":[[[78.429543,17.39368],[78.429541,17.393834],[78.429414,17.393833],[78.429416,17.393678],[78.429543,17.39368]]]},"properties":{"id":"c4af618300b5","height":null,"num_floors":null,"render_height_m":9.6,"height_label":"assumed"}},{"type":"Feature","geometry":{"type":"Polygon","coordinates":[[[78.429693,17.393809],[78.429554,17.393806],[78.429557,17.39368],[78.429696,17.393683],[78.429693,17.393809]]]},"properties":{"id":"5f8dc649b81d","height":null,"num_floors":null,"render_height_m":9.6,"height_label":"assumed"}},{"type":"Feature","geometry":{"type":"Polygon","coordinates":[[[78.429635,17.393588],[78.429636,17.393464],[78.429691,17.393464],[78.42969,17.393588],[78.429635,17.393588]]]},"properties":{"id":"aecbee5c21c5","height":null,"num_floors":null,"render_height_m":9.6,"height_label":"assumed"}},{"type":"Feature","geometry":{"type":"Polygon","coordinates":[[[78.429609,17.393481],[78.429607,17.393612],[78.429457,17.393611],[78.429457,17.393583],[78.429462,17.393583],[78.429462,17.393571],[78.429459,17.393571],[78.429459,17.393543],[78.429462,17.393543],[78.429463,17.393507],[78.429474,17.393507],[78.429475,17.393478],[78.429544,17.393479],[78.429544,17.393471],[78.429576,17.393471],[78.429576,17.39348],[78.429609,17.393481]]]},"properties":{"id":"d4fbd1a209b1","height":null,"num_floors":null,"render_height_m":9.6,"height_label":"assumed"}},{"type":"Feature","geometry":{"type":"Polygon","coordinates":[[[78.429793,17.393448],[78.429671,17.393449],[78.42967,17.393323],[78.429792,17.393322],[78.429793,17.393448]]]},"properties":{"id":"56db5d2ba1de","height":null,"num_floors":null,"render_height_m":9.6,"height_label":"assumed"}},{"type":"Feature","geometry":{"type":"Polygon","coordinates":[[[78.429698,17.393591],[78.429699,17.393473],[78.429763,17.393474],[78.429762,17.393592],[78.429698,17.393591]]]},"properties":{"id":"8fea2d925950","height":null,"num_floors":null,"render_height_m":9.6,"height_label":"assumed"}},{"type":"Feature","geometry":{"type":"Polygon","coordinates":[[[78.42952,17.391955],[78.429648,17.392032],[78.42964,17.392046],[78.429508,17.392082],[78.429461,17.392058],[78.42952,17.391955]]]},"properties":{"id":"cff320fa97de","height":null,"num_floors":null,"render_height_m":9.6,"height_label":"assumed"}},{"type":"Feature","geometry":{"type":"Polygon","coordinates":[[[78.429666,17.392225],[78.429642,17.392153],[78.429752,17.392119],[78.429777,17.392191],[78.429666,17.392225]]]},"properties":{"id":"4bea45b963ab","height":null,"num_floors":null,"render_height_m":9.6,"height_label":"assumed"}},{"type":"Feature","geometry":{"type":"Polygon","coordinates":[[[78.429566,17.392294],[78.429529,17.392186],[78.42962,17.392158],[78.429656,17.392266],[78.429566,17.392294]]]},"properties":{"id":"6e9868f2babd","height":null,"num_floors":null,"render_height_m":9.6,"height_label":"assumed"}},{"type":"Feature","geometry":{"type":"Polygon","coordinates":[[[78.42947,17.392369],[78.429425,17.392218],[78.429513,17.392194],[78.429559,17.392345],[78.42947,17.392369]]]},"properties":{"id":"47058ef6fa22","height":null,"num_floors":null,"render_height_m":9.6,"height_label":"assumed"}},{"type":"Feature","geometry":{"type":"Polygon","coordinates":[[[78.42957,17.392351],[78.429578,17.392382],[78.429534,17.392392],[78.429526,17.392361],[78.42957,17.392351]]]},"properties":{"id":"871be7798eea","height":null,"num_floors":null,"render_height_m":6.4,"height_label":"assumed"}},{"type":"Feature","geometry":{"type":"Polygon","coordinates":[[[78.429521,17.392403],[78.429638,17.392405],[78.429635,17.392552],[78.429518,17.39255],[78.429521,17.392403]]]},"properties":{"id":"ee78752bef76","height":null,"num_floors":null,"render_height_m":9.6,"height_label":"assumed"}},{"type":"Feature","geometry":{"type":"Polygon","coordinates":[[[78.429732,17.392504],[78.429647,17.392503],[78.429649,17.39239],[78.429738,17.392374],[78.429732,17.392504]]]},"properties":{"id":"5e865821fa89","height":null,"num_floors":null,"render_height_m":9.6,"height_label":"assumed"}},{"type":"Feature","geometry":{"type":"Polygon","coordinates":[[[78.429823,17.392327],[78.429589,17.392399],[78.429566,17.39233],[78.4298,17.392258],[78.429823,17.392327]]]},"properties":{"id":"76e5d1b9db81","height":null,"num_floors":null,"render_height_m":9.6,"height_label":"assumed"}},{"type":"Feature","geometry":{"type":"Polygon","coordinates":[[[78.429804,17.392254],[78.429698,17.392286],[78.429694,17.392275],[78.429686,17.392278],[78.42968,17.392259],[78.429668,17.392262],[78.429659,17.392233],[78.429784,17.392196],[78.429804,17.392254]]]},"properties":{"id":"edb94325dc03","height":null,"num_floors":null,"render_height_m":9.6,"height_label":"assumed"}},{"type":"Feature","geometry":{"type":"Polygon","coordinates":[[[78.429714,17.39202],[78.429667,17.391992],[78.429765,17.391842],[78.429812,17.39187],[78.429714,17.39202]]]},"properties":{"id":"6e943fd80720","height":null,"num_floors":null,"render_height_m":9.6,"height_label":"assumed"}},{"type":"Feature","geometry":{"type":"Polygon","coordinates":[[[78.429785,17.392962],[78.429664,17.39296],[78.429665,17.392852],[78.429787,17.392854],[78.429785,17.392962]]]},"properties":{"id":"d7951417de1c","height":null,"num_floors":null,"render_height_m":9.6,"height_label":"assumed"}},{"type":"Feature","geometry":{"type":"Polygon","coordinates":[[[78.429502,17.392593],[78.429602,17.392614],[78.429606,17.392595],[78.429663,17.392608],[78.42964,17.392709],[78.429483,17.392676],[78.429502,17.392593]]]},"properties":{"id":"8410a1dde8c3","height":null,"num_floors":null,"render_height_m":9.6,"height_label":"assumed"}},{"type":"Feature","geometry":{"type":"Polygon","coordinates":[[[78.429551,17.3928],[78.429395,17.392758],[78.429423,17.392663],[78.429579,17.392706],[78.429551,17.3928]]]},"properties":{"id":"686d757439cc","height":null,"num_floors":null,"render_height_m":9.6,"height_label":"assumed"}},{"type":"Feature","geometry":{"type":"Polygon","coordinates":[[[78.429787,17.393085],[78.429644,17.393079],[78.429648,17.392991],[78.429791,17.392996],[78.429787,17.393085]]]},"properties":{"id":"75c026656414","height":null,"num_floors":null,"render_height_m":9.6,"height_label":"assumed"}},{"type":"Feature","geometry":{"type":"Polygon","coordinates":[[[78.429775,17.393213],[78.429577,17.393211],[78.429596,17.393106],[78.429776,17.393104],[78.429775,17.393213]]]},"properties":{"id":"a8033f9b1f05","height":null,"num_floors":null,"render_height_m":9.6,"height_label":"assumed"}},{"type":"Feature","geometry":{"type":"Polygon","coordinates":[[[78.429335,17.393176],[78.429333,17.393022],[78.429466,17.39302],[78.429468,17.393175],[78.429335,17.393176]]]},"properties":{"id":"3d94389c284e","height":null,"num_floors":null,"render_height_m":9.6,"height_label":"assumed"}},{"type":"Feature","geometry":{"type":"Polygon","coordinates":[[[78.429201,17.393177],[78.429202,17.393031],[78.429321,17.393032],[78.429319,17.393178],[78.429201,17.393177]]]},"properties":{"id":"c8156fb7e824","height":null,"num_floors":null,"render_height_m":9.6,"height_label":"assumed"}},{"type":"Feature","geometry":{"type":"Polygon","coordinates":[[[78.429059,17.393176],[78.428901,17.393178],[78.428954,17.393017],[78.429057,17.393018],[78.429059,17.393176]]]},"properties":{"id":"4c3d60d89a18","height":null,"num_floors":null,"render_height_m":9.6,"height_label":"assumed"}},{"type":"Feature","geometry":{"type":"Polygon","coordinates":[[[78.42908,17.393166],[78.429082,17.393044],[78.429186,17.393045],[78.429184,17.393168],[78.42908,17.393166]]]},"properties":{"id":"5c10e477908c","height":null,"num_floors":null,"render_height_m":9.6,"height_label":"assumed"}},{"type":"Feature","geometry":{"type":"Polygon","coordinates":[[[78.429026,17.392971],[78.429027,17.392892],[78.429178,17.392894],[78.429177,17.392972],[78.429026,17.392971]]]},"properties":{"id":"ee08992ed1cb","height":null,"num_floors":null,"render_height_m":9.6,"height_label":"assumed"}},{"type":"Feature","geometry":{"type":"Polygon","coordinates":[[[78.428999,17.392686],[78.428921,17.392632],[78.428926,17.392625],[78.428923,17.392623],[78.428968,17.392563],[78.42905,17.392619],[78.428999,17.392686]]]},"properties":{"id":"386314bc1906","height":null,"num_floors":null,"render_height_m":9.6,"height_label":"assumed"}},{"type":"Feature","geometry":{"type":"Polygon","coordinates":[[[78.429223,17.392643],[78.429255,17.392645],[78.429253,17.392679],[78.42922,17.392677],[78.429223,17.392643]]]},"properties":{"id":"0909cbd6d3c0","height":null,"num_floors":null,"render_height_m":6.4,"height_label":"assumed"}},{"type":"Feature","geometry":{"type":"Polygon","coordinates":[[[78.429339,17.39299],[78.429206,17.39299],[78.429207,17.392861],[78.42934,17.392862],[78.429339,17.39299]]]},"properties":{"id":"4f53557224d2","height":null,"num_floors":null,"render_height_m":9.6,"height_label":"assumed"}},{"type":"Feature","geometry":{"type":"Polygon","coordinates":[[[78.429453,17.393001],[78.429357,17.39298],[78.429379,17.392891],[78.429525,17.392923],[78.429515,17.392964],[78.429453,17.393001]]]},"properties":{"id":"ee0a42c03550","height":null,"num_floors":null,"render_height_m":9.6,"height_label":"assumed"}},{"type":"Feature","geometry":{"type":"Polygon","coordinates":[[[78.429388,17.392886],[78.429412,17.392793],[78.42955,17.392825],[78.429526,17.392918],[78.429388,17.392886]]]},"properties":{"id":"f21e236f65a1","height":null,"num_floors":null,"render_height_m":9.6,"height_label":"assumed"}},{"type":"Feature","geometry":{"type":"Polygon","coordinates":[[[78.429366,17.392578],[78.429373,17.39261],[78.429267,17.39263],[78.429253,17.392561],[78.42933,17.392547],[78.429337,17.392583],[78.429366,17.392578]]]},"properties":{"id":"0e3845d79f63","height":null,"num_floors":null,"render_height_m":6.4,"height_label":"assumed"}},{"type":"Feature","geometry":{"type":"Polygon","coordinates":[[[78.429455,17.392365],[78.429368,17.392389],[78.429327,17.392256],[78.429414,17.392231],[78.429455,17.392365]]]},"properties":{"id":"897864c773a8","height":null,"num_floors":null,"render_height_m":9.6,"height_label":"assumed"}},{"type":"Feature","geometry":{"type":"Polygon","coordinates":[[[78.429385,17.392171],[78.429418,17.392163],[78.429432,17.392215],[78.429399,17.392223],[78.429385,17.392171]]]},"properties":{"id":"7b3e0ddba586","height":null,"num_floors":null,"render_height_m":6.4,"height_label":"assumed"}},{"type":"Feature","geometry":{"type":"Polygon","coordinates":[[[78.429501,17.391915],[78.42943,17.392031],[78.429355,17.391986],[78.429431,17.39188],[78.429501,17.391915]]]},"properties":{"id":"85902a376d7e","height":null,"num_floors":null,"render_height_m":9.6,"height_label":"assumed"}},{"type":"Feature","geometry":{"type":"Polygon","coordinates":[[[78.429409,17.391892],[78.429349,17.391982],[78.429289,17.391945],[78.429349,17.391855],[78.429409,17.391892]]]},"properties":{"id":"3244dc87217c","height":null,"num_floors":null,"render_height_m":9.6,"height_label":"assumed"}},{"type":"Feature","geometry":{"type":"Polygon","coordinates":[[[78.429312,17.392078],[78.429242,17.392185],[78.42917,17.392143],[78.42924,17.392035],[78.429312,17.392078]]]},"properties":{"id":"7efd630adf46","height":null,"num_floors":null,"render_height_m":9.6,"height_label":"assumed"}},{"type":"Feature","geometry":{"type":"Polygon","coordinates":[[[78.429011,17.392226],[78.42908,17.392111],[78.429156,17.392153],[78.429086,17.392267],[78.429011,17.392226]]]},"properties":{"id":"d2bb8cf28689","height":null,"num_floors":null,"render_height_m":9.6,"height_label":"assumed"}},{"type":"Feature","geometry":{"type":"Polygon","coordinates":[[[78.429226,17.392025],[78.429156,17.39214],[78.429083,17.3921],[78.429154,17.391984],[78.429226,17.392025]]]},"properties":{"id":"12a49674b50e","height":null,"num_floors":null,"render_height_m":9.6,"height_label":"assumed"}},{"type":"Feature","geometry":{"type":"Polygon","coordinates":[[[78.429068,17.392083],[78.428994,17.392036],[78.429068,17.391928],[78.429143,17.391974],[78.429068,17.392083]]]},"properties":{"id":"b125adee0c7f","height":null,"num_floors":null,"render_height_m":9.6,"height_label":"assumed"}},{"type":"Feature","geometry":{"type":"Polygon","coordinates":[[[78.428946,17.391873],[78.429033,17.391919],[78.428984,17.392003],[78.428898,17.391957],[78.428946,17.391873]]]},"properties":{"id":"1facb99e9aae","height":null,"num_floors":null,"render_height_m":9.6,"height_label":"assumed"}},{"type":"Feature","geometry":{"type":"Polygon","coordinates":[[[78.428918,17.392184],[78.428986,17.392073],[78.429067,17.392119],[78.428999,17.392229],[78.428918,17.392184]]]},"properties":{"id":"e6c6bba7e582","height":null,"num_floors":null,"render_height_m":9.6,"height_label":"assumed"}},{"type":"Feature","geometry":{"type":"Polygon","coordinates":[[[78.429096,17.392289],[78.429154,17.392188],[78.429244,17.392235],[78.429186,17.392336],[78.429096,17.392289]]]},"properties":{"id":"d289f16485eb","height":null,"num_floors":null,"render_height_m":9.6,"height_label":"assumed"}},{"type":"Feature","geometry":{"type":"Polygon","coordinates":[[[78.429059,17.392603],[78.428976,17.392549],[78.429011,17.3925],[78.429094,17.392554],[78.429059,17.392603]]]},"properties":{"id":"b8a02c0986e1","height":null,"num_floors":null,"render_height_m":6.4,"height_label":"assumed"}},{"type":"Feature","geometry":{"type":"Polygon","coordinates":[[[78.429006,17.392498],[78.428916,17.392616],[78.428848,17.392568],[78.428938,17.39245],[78.429006,17.392498]]]},"properties":{"id":"37de7ed140ad","height":null,"num_floors":null,"render_height_m":9.6,"height_label":"assumed"}},{"type":"Feature","geometry":{"type":"Polygon","coordinates":[[[78.428929,17.392436],[78.428838,17.392546],[78.428772,17.392497],[78.428798,17.392465],[78.428794,17.392461],[78.428866,17.392373],[78.428891,17.392392],[78.428884,17.392401],[78.428929,17.392436]]]},"properties":{"id":"1f76a14d1f15","height":null,"num_floors":null,"render_height_m":9.6,"height_label":"assumed"}},{"type":"Feature","geometry":{"type":"Polygon","coordinates":[[[78.428699,17.392383],[78.428736,17.392339],[78.428815,17.392398],[78.428745,17.392484],[78.428698,17.392449],[78.428719,17.392424],[78.428709,17.392416],[78.428722,17.3924],[78.428699,17.392383]]]},"properties":{"id":"57f5c4067c80","height":null,"num_floors":null,"render_height_m":9.6,"height_label":"assumed"}},{"type":"Feature","geometry":{"type":"Polygon","coordinates":[[[78.428773,17.392108],[78.428853,17.391967],[78.428984,17.392035],[78.428899,17.392184],[78.428817,17.392141],[78.428821,17.392133],[78.428773,17.392108]]]},"properties":{"id":"bb5d3da0ad84","height":null,"num_floors":null,"render_height_m":12.8,"height_label":"assumed"}},{"type":"Feature","geometry":{"type":"Polygon","coordinates":[[[78.42878,17.392071],[78.42865,17.392021],[78.428687,17.391934],[78.428816,17.391984],[78.42878,17.392071]]]},"properties":{"id":"86120794326b","height":null,"num_floors":null,"render_height_m":9.6,"height_label":"assumed"}},{"type":"Feature","geometry":{"type":"Polygon","coordinates":[[[78.428711,17.392261],[78.428614,17.392231],[78.428641,17.392154],[78.428737,17.392184],[78.428711,17.392261]]]},"properties":{"id":"fc146a6c3eca","height":null,"num_floors":null,"render_height_m":9.6,"height_label":"assumed"}},{"type":"Feature","geometry":{"type":"Polygon","coordinates":[[[78.428737,17.392168],[78.428623,17.392126],[78.428654,17.39205],[78.428768,17.392092],[78.428737,17.392168]]]},"properties":{"id":"abd80771608e","height":null,"num_floors":null,"render_height_m":9.6,"height_label":"assumed"}},{"type":"Feature","geometry":{"type":"Polygon","coordinates":[[[78.428412,17.392142],[78.428376,17.392123],[78.428434,17.392024],[78.428469,17.392042],[78.428491,17.392004],[78.428526,17.392023],[78.428497,17.392074],[78.428461,17.392056],[78.428449,17.392077],[78.428494,17.392101],[78.428482,17.39212],[78.428473,17.392115],[78.428455,17.392146],[78.428434,17.392134],[78.428445,17.392115],[78.428432,17.392108],[78.428412,17.392142]]]},"properties":{"id":"a23ca60aa61b","height":null,"num_floors":null,"render_height_m":9.6,"height_label":"assumed"}},{"type":"Feature","geometry":{"type":"Polygon","coordinates":[[[78.428674,17.392359],[78.428562,17.39232],[78.428591,17.392242],[78.428704,17.392281],[78.428674,17.392359]]]},"properties":{"id":"efdbbf04229b","height":null,"num_floors":null,"render_height_m":9.6,"height_label":"assumed"}},{"type":"Feature","geometry":{"type":"Polygon","coordinates":[[[78.428648,17.392439],[78.428518,17.39239],[78.428546,17.392321],[78.428677,17.39237],[78.428648,17.392439]]]},"properties":{"id":"8417474720be","height":null,"num_floors":null,"render_height_m":9.6,"height_label":"assumed"}},{"type":"Feature","geometry":{"type":"Polygon","coordinates":[[[78.428684,17.392628],[78.428607,17.392577],[78.42869,17.392466],[78.428766,17.392517],[78.428684,17.392628]]]},"properties":{"id":"a1386f5c4373","height":null,"num_floors":null,"render_height_m":9.6,"height_label":"assumed"}},{"type":"Feature","geometry":{"type":"Polygon","coordinates":[[[78.428612,17.392528],[78.428484,17.392477],[78.428515,17.392407],[78.428642,17.392458],[78.428612,17.392528]]]},"properties":{"id":"447a3e27083e","height":null,"num_floors":null,"render_height_m":9.6,"height_label":"assumed"}},{"type":"Feature","geometry":{"type":"Polygon","coordinates":[[[78.428638,17.392848],[78.428701,17.392855],[78.428696,17.392893],[78.428633,17.392886],[78.428638,17.392848]]]},"properties":{"id":"40c27af68839","height":null,"num_floors":null,"render_height_m":6.4,"height_label":"assumed"}},{"type":"Feature","geometry":{"type":"Polygon","coordinates":[[[78.428647,17.392712],[78.428677,17.392719],[78.428661,17.392778],[78.428632,17.392771],[78.428647,17.392712]]]},"properties":{"id":"696f295f096f","height":null,"num_floors":null,"render_height_m":6.4,"height_label":"assumed"}},{"type":"Feature","geometry":{"type":"Polygon","coordinates":[[[78.428804,17.39263],[78.428764,17.392685],[78.428702,17.392644],[78.428742,17.39259],[78.428727,17.39258],[78.428767,17.392525],[78.428834,17.39257],[78.428795,17.392624],[78.428804,17.39263]]]},"properties":{"id":"828fd4cd7654","height":null,"num_floors":null,"render_height_m":9.6,"height_label":"assumed"}},{"type":"Feature","geometry":{"type":"Polygon","coordinates":[[[78.428772,17.392701],[78.428856,17.392588],[78.428921,17.392626],[78.428915,17.392635],[78.428925,17.392641],[78.428848,17.392752],[78.428772,17.392701]]]},"properties":{"id":"6a09d652db2b","height":null,"num_floors":null,"render_height_m":9.6,"height_label":"assumed"}},{"type":"Feature","geometry":{"type":"Polygon","coordinates":[[[78.429003,17.392711],[78.428937,17.392814],[78.428864,17.392772],[78.42893,17.392668],[78.429003,17.392711]]]},"properties":{"id":"5c8d462b0544","height":null,"num_floors":null,"render_height_m":9.6,"height_label":"assumed"}},{"type":"Feature","geometry":{"type":"Polygon","coordinates":[[[78.428743,17.39276],[78.428824,17.392815],[78.428774,17.392883],[78.428692,17.392828],[78.428743,17.39276]]]},"properties":{"id":"694e30fa4db3","height":null,"num_floors":null,"render_height_m":9.6,"height_label":"assumed"}},{"type":"Feature","geometry":{"type":"Polygon","coordinates":[[[78.428642,17.393126],[78.428687,17.39301],[78.42883,17.39306],[78.428785,17.393176],[78.428642,17.393126]]]},"properties":{"id":"2c859467df0b","height":null,"num_floors":null,"render_height_m":9.6,"height_label":"assumed"}},{"type":"Feature","geometry":{"type":"Polygon","coordinates":[[[78.428815,17.393041],[78.428686,17.392999],[78.428714,17.392923],[78.428843,17.392965],[78.428815,17.393041]]]},"properties":{"id":"3c98084af652","height":null,"num_floors":null,"render_height_m":9.6,"height_label":"assumed"}},{"type":"Feature","geometry":{"type":"Polygon","coordinates":[[[78.428417,17.392975],[78.428511,17.39298],[78.428502,17.393133],[78.428409,17.393128],[78.428417,17.392975]]]},"properties":{"id":"fb7eaf0fe811","height":null,"num_floors":null,"render_height_m":9.6,"height_label":"assumed"}},{"type":"Feature","geometry":{"type":"Polygon","coordinates":[[[78.428399,17.393227],[78.428444,17.393241],[78.428459,17.393198],[78.428529,17.393219],[78.428495,17.393321],[78.42838,17.393285],[78.428399,17.393227]]]},"properties":{"id":"16eb5b0c1357","height":null,"num_floors":null,"render_height_m":9.6,"height_label":"assumed"}},{"type":"Feature","geometry":{"type":"Polygon","coordinates":[[[78.428405,17.393209],[78.42838,17.393285],[78.428312,17.393264],[78.428338,17.393188],[78.428405,17.393209]]]},"properties":{"id":"8d6dfbd8abb3","height":null,"num_floors":null,"render_height_m":6.4,"height_label":"assumed"}},{"type":"Feature","geometry":{"type":"Polygon","coordinates":[[[78.428333,17.393117],[78.428336,17.392995],[78.428398,17.392996],[78.428395,17.393119],[78.428333,17.393117]]]},"properties":{"id":"c6183908ab9f","height":null,"num_floors":null,"render_height_m":9.6,"height_label":"assumed"}},{"type":"Feature","geometry":{"type":"Polygon","coordinates":[[[78.428523,17.392953],[78.428352,17.392944],[78.428358,17.392853],[78.428528,17.392862],[78.428523,17.392953]]]},"properties":{"id":"97ce6005678c","height":null,"num_floors":null,"render_height_m":9.6,"height_label":"assumed"}},{"type":"Feature","geometry":{"type":"Polygon","coordinates":[[[78.42823,17.392757],[78.428168,17.392755],[78.428171,17.392652],[78.428233,17.392654],[78.42823,17.392757]]]},"properties":{"id":"50b28b209f29","height":null,"num_floors":null,"render_height_m":6.4,"height_label":"assumed"}},{"type":"Feature","geometry":{"type":"Polygon","coordinates":[[[78.42811,17.392775],[78.428194,17.392782],[78.428185,17.392871],[78.428101,17.392863],[78.42811,17.392775]]]},"properties":{"id":"c633bbf61a39","height":null,"num_floors":null,"render_height_m":9.6,"height_label":"assumed"}},{"type":"Feature","geometry":{"type":"Polygon","coordinates":[[[78.428163,17.392742],[78.428049,17.392739],[78.428053,17.39263],[78.428167,17.392634],[78.428163,17.392742]]]},"properties":{"id":"97b326957dc7","height":null,"num_floors":null,"render_height_m":9.6,"height_label":"assumed"}},{"type":"Feature","geometry":{"type":"Polygon","coordinates":[[[78.428042,17.392714],[78.427937,17.392706],[78.427945,17.392619],[78.428049,17.392627],[78.428042,17.392714]]]},"properties":{"id":"ae8332a550cf","height":null,"num_floors":null,"render_height_m":9.6,"height_label":"assumed"}},{"type":"Feature","geometry":{"type":"Polygon","coordinates":[[[78.427918,17.392826],[78.427927,17.392744],[78.428038,17.392754],[78.42803,17.392837],[78.427918,17.392826]]]},"properties":{"id":"5b6e39ed0e75","height":null,"num_floors":null,"render_height_m":9.6,"height_label":"assumed"}},{"type":"Feature","geometry":{"type":"Polygon","coordinates":[[[78.427953,17.393077],[78.428027,17.393086],[78.428023,17.393121],[78.427949,17.393112],[78.427953,17.393077]]]},"properties":{"id":"b92b9974b0a5","height":null,"num_floors":null,"render_height_m":6.4,"height_label":"assumed"}},{"type":"Feature","geometry":{"type":"Polygon","coordinates":[[[78.428203,17.392893],[78.428184,17.393091],[78.428016,17.393076],[78.428034,17.392878],[78.428203,17.392893]]]},"properties":{"id":"bdfa098585c7","height":null,"num_floors":null,"render_height_m":12.8,"height_label":"assumed"}},{"type":"Feature","geometry":{"type":"Polygon","coordinates":[[[78.428032,17.393381],[78.428039,17.393201],[78.428172,17.393206],[78.42812,17.393382],[78.428032,17.393381]]]},"properties":{"id":"5817cb062f3e","height":null,"num_floors":null,"render_height_m":9.6,"height_label":"assumed"}},{"type":"Feature","geometry":{"type":"Polygon","coordinates":[[[78.428027,17.393178],[78.428022,17.393327],[78.427941,17.393324],[78.427946,17.393175],[78.428027,17.393178]]]},"properties":{"id":"4c925157a117","height":null,"num_floors":null,"render_height_m":9.6,"height_label":"assumed"}},{"type":"Feature","geometry":{"type":"Polygon","coordinates":[[[78.427934,17.393321],[78.427761,17.393311],[78.427767,17.393211],[78.42794,17.393222],[78.427934,17.393321]]]},"properties":{"id":"f1262acf3370","height":null,"num_floors":null,"render_height_m":9.6,"height_label":"assumed"}},{"type":"Feature","geometry":{"type":"Polygon","coordinates":[[[78.427819,17.392681],[78.427714,17.392671],[78.427723,17.392582],[78.427829,17.392592],[78.427819,17.392681]]]},"properties":{"id":"cce542509709","height":null,"num_floors":null,"render_height_m":9.6,"height_label":"assumed"}},{"type":"Feature","geometry":{"type":"Polygon","coordinates":[[[78.4278,17.39279],[78.427692,17.39278],[78.427699,17.392709],[78.427807,17.392718],[78.4278,17.39279]]]},"properties":{"id":"deb3bd4c19a5","height":null,"num_floors":null,"render_height_m":9.6,"height_label":"assumed"}},{"type":"Feature","geometry":{"type":"Polygon","coordinates":[[[78.427828,17.392959],[78.427693,17.392953],[78.4277,17.392828],[78.427835,17.392834],[78.427828,17.392959]]]},"properties":{"id":"2e37f2c8a38d","height":null,"num_floors":null,"render_height_m":9.6,"height_label":"assumed"}},{"type":"Feature","geometry":{"type":"Polygon","coordinates":[[[78.427917,17.392803],[78.427806,17.392794],[78.427811,17.392727],[78.427922,17.392735],[78.427917,17.392803]]]},"properties":{"id":"a347677c45c2","height":null,"num_floors":null,"render_height_m":9.6,"height_label":"assumed"}},{"type":"Feature","geometry":{"type":"Polygon","coordinates":[[[78.427928,17.392696],[78.427823,17.392688],[78.427829,17.392618],[78.427934,17.392626],[78.427928,17.392696]]]},"properties":{"id":"fe36935cecb5","height":null,"num_floors":null,"render_height_m":9.6,"height_label":"assumed"}},{"type":"Feature","geometry":{"type":"Polygon","coordinates":[[[78.427807,17.392064],[78.427709,17.392021],[78.427758,17.391922],[78.427855,17.391965],[78.427807,17.392064]]]},"properties":{"id":"708403f7a2ba","height":null,"num_floors":null,"render_height_m":9.6,"height_label":"assumed"}},{"type":"Feature","geometry":{"type":"Polygon","coordinates":[[[78.427957,17.391898],[78.428086,17.391987],[78.428024,17.39207],[78.427895,17.391981],[78.427957,17.391898]]]},"properties":{"id":"28f73aa7dd70","height":null,"num_floors":null,"render_height_m":9.6,"height_label":"assumed"}},{"type":"Feature","geometry":{"type":"Polygon","coordinates":[[[78.428117,17.391983],[78.428052,17.391942],[78.428124,17.391838],[78.428189,17.391879],[78.428117,17.391983]]]},"properties":{"id":"a9e2f76e10d7","height":null,"num_floors":null,"render_height_m":9.6,"height_label":"assumed"}},{"type":"Feature","geometry":{"type":"Polygon","coordinates":[[[78.428041,17.392114],[78.428105,17.392018],[78.428212,17.392084],[78.428147,17.392179],[78.428041,17.392114]]]},"properties":{"id":"58076dcac755","height":null,"num_floors":null,"render_height_m":9.6,"height_label":"assumed"}},{"type":"Feature","geometry":{"type":"Polygon","coordinates":[[[78.428013,17.39222],[78.428073,17.392138],[78.428166,17.3922],[78.428106,17.392282],[78.428013,17.39222]]]},"properties":{"id":"a6c6686c699a","height":null,"num_floors":null,"render_height_m":9.6,"height_label":"assumed"}},{"type":"Feature","geometry":{"type":"Polygon","coordinates":[[[78.42793,17.392156],[78.42797,17.392084],[78.428034,17.392117],[78.427994,17.392189],[78.42793,17.392156]]]},"properties":{"id":"d59d7e15a2c3","height":null,"num_floors":null,"render_height_m":6.4,"height_label":"assumed"}},{"type":"Feature","geometry":{"type":"Polygon","coordinates":[[[78.428202,17.392601],[78.427919,17.392557],[78.427872,17.392235],[78.427901,17.392232],[78.428053,17.392341],[78.428024,17.392514],[78.428212,17.392543],[78.428202,17.392601]]]},"properties":{"id":"9555e98e27d4","height":null,"num_floors":null,"render_height_m":12.8,"height_label":"assumed"}},{"type":"Feature","geometry":{"type":"Polygon","coordinates":[[[78.428288,17.392235],[78.428215,17.392339],[78.428134,17.392288],[78.428206,17.392184],[78.428288,17.392235]]]},"properties":{"id":"ea246ef9e3fe","height":null,"num_floors":null,"render_height_m":9.6,"height_label":"assumed"}},{"type":"Feature","geometry":{"type":"Polygon","coordinates":[[[78.428331,17.392465],[78.428209,17.392384],[78.428317,17.392236],[78.42844,17.392318],[78.428331,17.392465]]]},"properties":{"id":"53fd5072f154","height":null,"num_floors":null,"render_height_m":12.8,"height_label":"assumed"}},{"type":"Feature","geometry":{"type":"Polygon","coordinates":[[[78.42823,17.392177],[78.428276,17.392096],[78.428392,17.392156],[78.428346,17.392237],[78.42823,17.392177]]]},"properties":{"id":"abd9685e3a81","height":null,"num_floors":null,"render_height_m":9.6,"height_label":"assumed"}},{"type":"Feature","geometry":{"type":"Polygon","coordinates":[[[78.428213,17.392039],[78.428138,17.391997],[78.428187,17.391917],[78.428263,17.391959],[78.428213,17.392039]]]},"properties":{"id":"812e1e4e1379","height":null,"num_floors":null,"render_height_m":9.6,"height_label":"assumed"}},{"type":"Feature","geometry":{"type":"Polygon","coordinates":[[[78.428428,17.391978],[78.428352,17.392108],[78.428268,17.392063],[78.428344,17.391933],[78.428428,17.391978]]]},"properties":{"id":"e426820b8bd3","height":null,"num_floors":null,"render_height_m":9.6,"height_label":"assumed"}},{"type":"Feature","geometry":{"type":"Polygon","coordinates":[[[78.42635,17.392086],[78.426387,17.391958],[78.426454,17.391976],[78.426417,17.392104],[78.42635,17.392086]]]},"properties":{"id":"d2f3d6782ef9","height":null,"num_floors":null,"render_height_m":9.6,"height_label":"assumed"}},{"type":"Feature","geometry":{"type":"Polygon","coordinates":[[[78.426528,17.392105],[78.426446,17.392098],[78.42646,17.391955],[78.426541,17.391962],[78.426528,17.392105]]]},"properties":{"id":"fc79f01a7ca0","height":null,"num_floors":null,"render_height_m":9.6,"height_label":"assumed"}},{"type":"Feature","geometry":{"type":"Polygon","coordinates":[[[78.426555,17.392157],[78.426543,17.392237],[78.426485,17.39223],[78.426497,17.392149],[78.426555,17.392157]]]},"properties":{"id":"933630224441","height":null,"num_floors":null,"render_height_m":6.4,"height_label":"assumed"}},{"type":"Feature","geometry":{"type":"Polygon","coordinates":[[[78.426871,17.392],[78.426873,17.391973],[78.427003,17.391991],[78.427024,17.391955],[78.427129,17.391952],[78.427218,17.391968],[78.427197,17.392061],[78.427215,17.392065],[78.427236,17.391972],[78.427403,17.392002],[78.427391,17.392119],[78.42741,17.392121],[78.427422,17.392004],[78.427617,17.392063],[78.427714,17.392108],[78.427694,17.39238],[78.427573,17.392385],[78.427357,17.392357],[78.427294,17.392335],[78.427262,17.392334],[78.42729,17.392204],[78.427283,17.3922],[78.427255,17.392326],[78.42724,17.392323],[78.427199,17.392312],[78.427121,17.392309],[78.42699,17.392285],[78.426992,17.392237],[78.426978,17.392234],[78.42698,17.392283],[78.426916,17.392259],[78.426877,17.392261],[78.426879,17.392229],[78.426894,17.392227],[78.42689,17.392133],[78.426872,17.392133],[78.426872,17.392065],[78.426884,17.392063],[78.426882,17.392003],[78.426871,17.392]]]},"properties":{"id":"1c7cf0495aee","height":null,"num_floors":null,"render_height_m":19.2,"height_label":"assumed"}},{"type":"Feature","geometry":{"type":"Polygon","coordinates":[[[78.427298,17.392774],[78.427109,17.392745],[78.427138,17.39257],[78.427328,17.392599],[78.427298,17.392774]]]},"properties":{"id":"e07537ec2419","height":null,"num_floors":null,"render_height_m":12.8,"height_label":"assumed"}},{"type":"Feature","geometry":{"type":"Polygon","coordinates":[[[78.427222,17.392959],[78.427213,17.393034],[78.427159,17.393028],[78.427169,17.392953],[78.427222,17.392959]]]},"properties":{"id":"190beaf4d962","height":null,"num_floors":null,"render_height_m":6.4,"height_label":"assumed"}},{"type":"Feature","geometry":{"type":"Polygon","coordinates":[[[78.427091,17.393383],[78.427005,17.393384],[78.427004,17.39336],[78.426972,17.39336],[78.426971,17.393327],[78.426958,17.393327],[78.426957,17.393284],[78.426973,17.393283],[78.426972,17.393192],[78.426956,17.393193],[78.426955,17.393162],[78.42701,17.393161],[78.42701,17.393135],[78.427077,17.393134],[78.427077,17.393159],[78.427214,17.393157],[78.427215,17.393194],[78.427256,17.393193],[78.427255,17.393179],[78.427285,17.393178],[78.427285,17.393191],[78.427333,17.39319],[78.427334,17.393266],[78.427305,17.393267],[78.427306,17.393293],[78.427239,17.393294],[78.427238,17.393278],[78.427166,17.393279],[78.427166,17.39327],[78.427089,17.393271],[78.427091,17.393383]]]},"properties":{"id":"2686b977f51b","height":null,"num_floors":null,"render_height_m":12.8,"height_label":"assumed"}},{"type":"Feature","geometry":{"type":"Polygon","coordinates":[[[78.426695,17.39303],[78.426623,17.393034],[78.42662,17.392985],[78.426693,17.392981],[78.426695,17.39303]]]},"properties":{"id":"9db50be0499f","height":null,"num_floors":null,"render_height_m":6.4,"height_label":"assumed"}},{"type":"Feature","geometry":{"type":"Polygon","coordinates":[[[78.426032,17.393217],[78.425981,17.393362],[78.42586,17.393323],[78.425911,17.393178],[78.426032,17.393217]]]},"properties":{"id":"142fbd3816e3","height":null,"num_floors":null,"render_height_m":9.6,"height_label":"assumed"}},{"type":"Feature","geometry":{"type":"Polygon","coordinates":[[[78.4259,17.392903],[78.425954,17.392782],[78.426056,17.392823],[78.426002,17.392944],[78.4259,17.392903]]]},"properties":{"id":"99ab5a26506e","height":null,"num_floors":null,"render_height_m":9.6,"height_label":"assumed"}},{"type":"Feature","geometry":{"type":"Polygon","coordinates":[[[78.426521,17.392593],[78.42641,17.39304],[78.426255,17.392978],[78.426344,17.392806],[78.426245,17.392779],[78.426249,17.392767],[78.426199,17.392754],[78.426206,17.39273],[78.426124,17.392708],[78.426155,17.3926],[78.426247,17.392624],[78.426276,17.392528],[78.426521,17.392593]]]},"properties":{"id":"2eb9131630a1","height":null,"num_floors":null,"render_height_m":19.2,"height_label":"assumed"}},{"type":"Feature","geometry":{"type":"Polygon","coordinates":[[[78.426118,17.392512],[78.426134,17.392417],[78.426124,17.392415],[78.426142,17.392312],[78.426226,17.392325],[78.426191,17.392523],[78.426118,17.392512]]]},"properties":{"id":"0f48833a969d","height":null,"num_floors":null,"render_height_m":9.6,"height_label":"assumed"}},{"type":"Feature","geometry":{"type":"Polygon","coordinates":[[[78.426228,17.392433],[78.426238,17.392247],[78.426528,17.392262],[78.426518,17.392447],[78.426418,17.392443],[78.426422,17.392378],[78.426433,17.392379],[78.426436,17.392336],[78.426312,17.39233],[78.426309,17.392372],[78.426318,17.392372],[78.426314,17.392437],[78.426228,17.392433]]]},"properties":{"id":"8b003fa68c93","height":null,"num_floors":null,"render_height_m":12.8,"height_label":"assumed"}},{"type":"Feature","geometry":{"type":"Polygon","coordinates":[[[78.426467,17.392217],[78.426267,17.392162],[78.426289,17.39209],[78.426488,17.392146],[78.426467,17.392217]]]},"properties":{"id":"569d8d09a736","height":null,"num_floors":null,"render_height_m":9.6,"height_label":"assumed"}},{"type":"Feature","geometry":{"type":"Polygon","coordinates":[[[78.426154,17.391904],[78.426374,17.391963],[78.426341,17.392078],[78.426121,17.392019],[78.426154,17.391904]]]},"properties":{"id":"a6b24125833a","height":null,"num_floors":null,"render_height_m":12.8,"height_label":"assumed"}},{"type":"Feature","geometry":{"type":"Polygon","coordinates":[[[78.426209,17.392154],[78.425973,17.392099],[78.425988,17.392036],[78.426111,17.392064],[78.426117,17.392041],[78.426231,17.392067],[78.426209,17.392154]]]},"properties":{"id":"40ef0ceaa0e2","height":null,"num_floors":null,"render_height_m":9.6,"height_label":"assumed"}},{"type":"Feature","geometry":{"type":"Polygon","coordinates":[[[78.426147,17.391903],[78.42611,17.392039],[78.426032,17.39202],[78.426069,17.391884],[78.426147,17.391903]]]},"properties":{"id":"53ff10fd2173","height":null,"num_floors":null,"render_height_m":9.6,"height_label":"assumed"}},{"type":"Feature","geometry":{"type":"Polygon","coordinates":[[[78.426057,17.391886],[78.42602,17.392024],[78.425953,17.392007],[78.42599,17.39187],[78.426057,17.391886]]]},"properties":{"id":"da914f7bed93","height":null,"num_floors":null,"render_height_m":9.6,"height_label":"assumed"}},{"type":"Feature","geometry":{"type":"Polygon","coordinates":[[[78.425973,17.391894],[78.425945,17.392028],[78.42588,17.392016],[78.425907,17.391882],[78.425973,17.391894]]]},"properties":{"id":"a3b803677a5e","height":null,"num_floors":null,"render_height_m":9.6,"height_label":"assumed"}},{"type":"Feature","geometry":{"type":"Polygon","coordinates":[[[78.425984,17.392418],[78.426018,17.392289],[78.426104,17.39231],[78.42607,17.392439],[78.425984,17.392418]]]},"properties":{"id":"06e65eab7841","height":null,"num_floors":null,"render_height_m":9.6,"height_label":"assumed"}},{"type":"Feature","geometry":{"type":"Polygon","coordinates":[[[78.425902,17.391874],[78.425871,17.392015],[78.425808,17.392002],[78.425839,17.391861],[78.425902,17.391874]]]},"properties":{"id":"4dfd61b9702a","height":null,"num_floors":null,"render_height_m":9.6,"height_label":"assumed"}},{"type":"Feature","geometry":{"type":"Polygon","coordinates":[[[78.425833,17.391869],[78.425802,17.391998],[78.425727,17.391982],[78.425758,17.391853],[78.425833,17.391869]]]},"properties":{"id":"ba1d74f27fd3","height":null,"num_floors":null,"render_height_m":9.6,"height_label":"assumed"}},{"type":"Feature","geometry":{"type":"Polygon","coordinates":[[[78.425747,17.391853],[78.425714,17.391984],[78.425652,17.39197],[78.425685,17.391839],[78.425747,17.391853]]]},"properties":{"id":"e1c8ba333f8c","height":null,"num_floors":null,"render_height_m":9.6,"height_label":"assumed"}},{"type":"Feature","geometry":{"type":"Polygon","coordinates":[[[78.42557,17.392046],[78.425642,17.392064],[78.425612,17.392171],[78.425541,17.392153],[78.42557,17.392046]]]},"properties":{"id":"6ae4bcead965","height":null,"num_floors":null,"render_height_m":9.6,"height_label":"assumed"}},{"type":"Feature","geometry":{"type":"Polygon","coordinates":[[[78.425444,17.392384],[78.425464,17.39231],[78.425519,17.392324],[78.425499,17.392398],[78.425444,17.392384]]]},"properties":{"id":"302d7f685667","height":null,"num_floors":null,"render_height_m":6.4,"height_label":"assumed"}},{"type":"Feature","geometry":{"type":"Polygon","coordinates":[[[78.425303,17.392672],[78.425373,17.39249],[78.425438,17.392513],[78.425409,17.392588],[78.425455,17.392604],[78.425414,17.39271],[78.425303,17.392672]]]},"properties":{"id":"9718eb71c3f7","height":null,"num_floors":null,"render_height_m":9.6,"height_label":"assumed"}},{"type":"Feature","geometry":{"type":"Polygon","coordinates":[[[78.425609,17.392791],[78.42552,17.39275],[78.425544,17.392701],[78.425634,17.392741],[78.425609,17.392791]]]},"properties":{"id":"8082d41ac765","height":null,"num_floors":null,"render_height_m":6.4,"height_label":"assumed"}},{"type":"Feature","geometry":{"type":"Polygon","coordinates":[[[78.425685,17.393337],[78.425767,17.393173],[78.425854,17.393213],[78.425772,17.393376],[78.425685,17.393337]]]},"properties":{"id":"85df1aadaaba","height":null,"num_floors":null,"render_height_m":9.6,"height_label":"assumed"}},{"type":"Feature","geometry":{"type":"Polygon","coordinates":[[[78.425761,17.393131],[78.425672,17.393321],[78.425565,17.393276],[78.425654,17.393086],[78.425761,17.393131]]]},"properties":{"id":"140c39226cda","height":null,"num_floors":null,"render_height_m":12.8,"height_label":"assumed"}},{"type":"Feature","geometry":{"type":"Polygon","coordinates":[[[78.425554,17.393248],[78.425444,17.393201],[78.425499,17.393081],[78.425609,17.393127],[78.425554,17.393248]]]},"properties":{"id":"ac7f294872a9","height":null,"num_floors":null,"render_height_m":9.6,"height_label":"assumed"}},{"type":"Feature","geometry":{"type":"Polygon","coordinates":[[[78.425561,17.393039],[78.425645,17.393068],[78.42563,17.393108],[78.425546,17.393079],[78.425561,17.393039]]]},"properties":{"id":"b0ab56cdbd32","height":null,"num_floors":null,"render_height_m":6.4,"height_label":"assumed"}},{"type":"Feature","geometry":{"type":"Polygon","coordinates":[[[78.425589,17.393001],[78.425654,17.393026],[78.42564,17.39306],[78.425575,17.393035],[78.425589,17.393001]]]},"properties":{"id":"270ac3612f26","height":null,"num_floors":null,"render_height_m":6.4,"height_label":"assumed"}},{"type":"Feature","geometry":{"type":"Polygon","coordinates":[[[78.425238,17.39329],[78.425292,17.393158],[78.425391,17.393195],[78.425336,17.393327],[78.425238,17.39329]]]},"properties":{"id":"52daec032b3e","height":null,"num_floors":null,"render_height_m":9.6,"height_label":"assumed"}},{"type":"Feature","geometry":{"type":"Polygon","coordinates":[[[78.425272,17.393165],[78.425209,17.393324],[78.425036,17.393262],[78.425099,17.393103],[78.425272,17.393165]]]},"properties":{"id":"05188f2dea6c","height":null,"num_floors":null,"render_height_m":12.8,"height_label":"assumed"}},{"type":"Feature","geometry":{"type":"Polygon","coordinates":[[[78.425355,17.392956],[78.42529,17.393113],[78.425104,17.393042],[78.42517,17.392885],[78.425355,17.392956]]]},"properties":{"id":"35fd3d0c1efe","height":null,"num_floors":null,"render_height_m":12.8,"height_label":"assumed"}},{"type":"Feature","geometry":{"type":"Polygon","coordinates":[[[78.425445,17.39303],[78.42539,17.393183],[78.425292,17.393151],[78.425348,17.392998],[78.425445,17.39303]]]},"properties":{"id":"3f83fb944557","height":null,"num_floors":null,"render_height_m":9.6,"height_label":"assumed"}},{"type":"Feature","geometry":{"type":"Polygon","coordinates":[[[78.424919,17.392766],[78.424993,17.392774],[78.424989,17.392806],[78.425017,17.392809],[78.42501,17.392868],[78.424908,17.392857],[78.424919,17.392766]]]},"properties":{"id":"6b3fb58f1fb3","height":null,"num_floors":null,"render_height_m":9.6,"height_label":"assumed"}},{"type":"Feature","geometry":{"type":"Polygon","coordinates":[[[78.424966,17.392994],[78.42482,17.39297],[78.42484,17.392864],[78.424986,17.392888],[78.424966,17.392994]]]},"properties":{"id":"10379d543493","height":null,"num_floors":null,"render_height_m":9.6,"height_label":"assumed"}},{"type":"Feature","geometry":{"type":"Polygon","coordinates":[[[78.424801,17.393061],[78.424816,17.392983],[78.424964,17.393009],[78.424949,17.393087],[78.424801,17.393061]]]},"properties":{"id":"23178aa170ea","height":null,"num_floors":null,"render_height_m":9.6,"height_label":"assumed"}},{"type":"Feature","geometry":{"type":"Polygon","coordinates":[[[78.424932,17.39321],[78.424788,17.393187],[78.424802,17.393109],[78.424945,17.393131],[78.424932,17.39321]]]},"properties":{"id":"2f362b0b340b","height":null,"num_floors":null,"render_height_m":9.6,"height_label":"assumed"}},{"type":"Feature","geometry":{"type":"Polygon","coordinates":[[[78.424918,17.393309],[78.424775,17.393285],[78.42479,17.393203],[78.424933,17.393227],[78.424918,17.393309]]]},"properties":{"id":"e3f924788cb4","height":null,"num_floors":null,"render_height_m":9.6,"height_label":"assumed"}},{"type":"Feature","geometry":{"type":"Polygon","coordinates":[[[78.424645,17.393017],[78.424661,17.392937],[78.424807,17.392963],[78.424791,17.393043],[78.424645,17.393017]]]},"properties":{"id":"f2e4d97edbec","height":null,"num_floors":null,"render_height_m":9.6,"height_label":"assumed"}},{"type":"Feature","geometry":{"type":"Polygon","coordinates":[[[78.424779,17.393143],[78.424634,17.393117],[78.424652,17.39303],[78.424796,17.393055],[78.424779,17.393143]]]},"properties":{"id":"7ab3d09e7091","height":null,"num_floors":null,"render_height_m":9.6,"height_label":"assumed"}},{"type":"Feature","geometry":{"type":"Polygon","coordinates":[[[78.424747,17.39327],[78.424609,17.393243],[78.424633,17.393129],[78.424771,17.393156],[78.424747,17.39327]]]},"properties":{"id":"6f37e9a87628","height":null,"num_floors":null,"render_height_m":9.6,"height_label":"assumed"}},{"type":"Feature","geometry":{"type":"Polygon","coordinates":[[[78.424614,17.392672],[78.424495,17.393187],[78.42429,17.393144],[78.424408,17.392629],[78.424614,17.392672]]]},"properties":{"id":"f5198593c1a2","height":null,"num_floors":null,"render_height_m":19.2,"height_label":"assumed"}},{"type":"Feature","geometry":{"type":"Polygon","coordinates":[[[78.424814,17.392818],[78.424795,17.392926],[78.424702,17.392911],[78.424717,17.392829],[78.424768,17.392837],[78.424773,17.392811],[78.424814,17.392818]]]},"properties":{"id":"c6c173ee4472","height":null,"num_floors":null,"render_height_m":9.6,"height_label":"assumed"}},{"type":"Feature","geometry":{"type":"Polygon","coordinates":[[[78.424745,17.392711],[78.424785,17.392722],[78.424771,17.392772],[78.424731,17.392762],[78.424745,17.392711]]]},"properties":{"id":"026529a3bafc","height":null,"num_floors":null,"render_height_m":6.4,"height_label":"assumed"}},{"type":"Feature","geometry":{"type":"Polygon","coordinates":[[[78.424736,17.392435],[78.424637,17.392411],[78.424708,17.392136],[78.424808,17.39216],[78.424736,17.392435]]]},"properties":{"id":"b8cfcf976787","height":null,"num_floors":null,"render_height_m":12.8,"height_label":"assumed"}},{"type":"Feature","geometry":{"type":"Polygon","coordinates":[[[78.424344,17.392548],[78.424365,17.392503],[78.42444,17.392536],[78.424418,17.39258],[78.424344,17.392548]]]},"properties":{"id":"1d8259a4e21b","height":null,"num_floors":null,"render_height_m":6.4,"height_label":"assumed"}},{"type":"Feature","geometry":{"type":"Polygon","coordinates":[[[78.424419,17.392274],[78.424468,17.392287],[78.424442,17.392374],[78.424393,17.392361],[78.424419,17.392274]]]},"properties":{"id":"67729f7e7dd8","height":null,"num_floors":null,"render_height_m":6.4,"height_label":"assumed"}},{"type":"Feature","geometry":{"type":"Polygon","coordinates":[[[78.424502,17.39237],[78.424453,17.392356],[78.424488,17.392249],[78.424537,17.392263],[78.424502,17.39237]]]},"properties":{"id":"34ca376b35f4","height":null,"num_floors":null,"render_height_m":6.4,"height_label":"assumed"}},{"type":"Feature","geometry":{"type":"Polygon","coordinates":[[[78.424608,17.392415],[78.424508,17.392385],[78.424531,17.392318],[78.42463,17.392348],[78.424608,17.392415]]]},"properties":{"id":"9f2de9a0d9fd","height":null,"num_floors":null,"render_height_m":9.6,"height_label":"assumed"}},{"type":"Feature","geometry":{"type":"Polygon","coordinates":[[[78.42453,17.391999],[78.424657,17.392025],[78.42463,17.392148],[78.424503,17.392121],[78.42453,17.391999]]]},"properties":{"id":"3db4d6cd7a3b","height":null,"num_floors":null,"render_height_m":9.6,"height_label":"assumed"}},{"type":"Feature","geometry":{"type":"Polygon","coordinates":[[[78.424542,17.391942],[78.424632,17.391961],[78.424622,17.392004],[78.424532,17.391986],[78.424542,17.391942]]]},"properties":{"id":"d3f6d2843877","height":null,"num_floors":null,"render_height_m":6.4,"height_label":"assumed"}},{"type":"Feature","geometry":{"type":"Polygon","coordinates":[[[78.424663,17.392263],[78.424548,17.39224],[78.424565,17.392161],[78.42468,17.392184],[78.424663,17.392263]]]},"properties":{"id":"a2107c9c163b","height":null,"num_floors":null,"render_height_m":9.6,"height_label":"assumed"}},{"type":"Feature","geometry":{"type":"Polygon","coordinates":[[[78.424717,17.392071],[78.424771,17.391853],[78.424925,17.391888],[78.42487,17.392106],[78.424717,17.392071]]]},"properties":{"id":"5bbb1dfdb5a4","height":null,"num_floors":null,"render_height_m":12.8,"height_label":"assumed"}},{"type":"Feature","geometry":{"type":"Polygon","coordinates":[[[78.425082,17.391953],[78.424951,17.39192],[78.424965,17.391869],[78.425096,17.391903],[78.425082,17.391953]]]},"properties":{"id":"0c11370f5959","height":null,"num_floors":null,"render_height_m":9.6,"height_label":"assumed"}},{"type":"Feature","geometry":{"type":"Polygon","coordinates":[[[78.425139,17.392197],[78.425103,17.392307],[78.42501,17.392279],[78.425046,17.392169],[78.425139,17.392197]]]},"properties":{"id":"fbc8c102f666","height":null,"num_floors":null,"render_height_m":9.6,"height_label":"assumed"}},{"type":"Feature","geometry":{"type":"Polygon","coordinates":[[[78.425013,17.392229],[78.424904,17.392187],[78.424932,17.39212],[78.425041,17.392162],[78.425013,17.392229]]]},"properties":{"id":"c9cd0f65545c","height":null,"num_floors":null,"render_height_m":9.6,"height_label":"assumed"}},{"type":"Feature","geometry":{"type":"Polygon","coordinates":[[[78.424984,17.392314],[78.424869,17.39227],[78.424887,17.392226],[78.425002,17.39227],[78.424984,17.392314]]]},"properties":{"id":"0f3d31fa4f51","height":null,"num_floors":null,"render_height_m":6.4,"height_label":"assumed"}},{"type":"Feature","geometry":{"type":"Polygon","coordinates":[[[78.424933,17.392432],[78.424882,17.392528],[78.424805,17.392491],[78.424857,17.392395],[78.424933,17.392432]]]},"properties":{"id":"a73cf4b32961","height":null,"num_floors":null,"render_height_m":9.6,"height_label":"assumed"}},{"type":"Feature","geometry":{"type":"Polygon","coordinates":[[[78.42508,17.392463],[78.425032,17.39258],[78.424959,17.392552],[78.425008,17.392435],[78.42508,17.392463]]]},"properties":{"id":"b2f8d003f32f","height":null,"num_floors":null,"render_height_m":9.6,"height_label":"assumed"}},{"type":"Feature","geometry":{"type":"Polygon","coordinates":[[[78.425116,17.392277],[78.425179,17.392286],[78.425173,17.392329],[78.42511,17.392321],[78.425116,17.392277]]]},"properties":{"id":"2ead526ef049","height":null,"num_floors":null,"render_height_m":6.4,"height_label":"assumed"}},{"type":"Feature","geometry":{"type":"Polygon","coordinates":[[[78.425272,17.392295],[78.425383,17.392323],[78.425371,17.392366],[78.425261,17.392338],[78.425272,17.392295]]]},"properties":{"id":"9ecd382b5aaf","height":null,"num_floors":null,"render_height_m":6.4,"height_label":"assumed"}},{"type":"Feature","geometry":{"type":"Polygon","coordinates":[[[78.42504,17.392131],[78.425136,17.391827],[78.425555,17.391947],[78.425437,17.392324],[78.425145,17.39224],[78.425168,17.392167],[78.42504,17.392131]]]},"properties":{"id":"0ade812674ff","height":null,"num_floors":null,"render_height_m":19.2,"height_label":"assumed"}},{"type":"Feature","geometry":{"type":"Polygon","coordinates":[[[78.424247,17.392005],[78.424137,17.392014],[78.42413,17.39194],[78.42424,17.391931],[78.424247,17.392005]]]},"properties":{"id":"dbe65c4b3a2a","height":null,"num_floors":null,"render_height_m":9.6,"height_label":"assumed"}},{"type":"Feature","geometry":{"type":"Polygon","coordinates":[[[78.424303,17.391947],[78.424348,17.39195],[78.424344,17.391999],[78.4243,17.391996],[78.424303,17.391947]]]},"properties":{"id":"21ed1ca246b2","height":null,"num_floors":null,"render_height_m":6.4,"height_label":"assumed"}},{"type":"Feature","geometry":{"type":"Polygon","coordinates":[[[78.424247,17.392045],[78.424255,17.392156],[78.424211,17.392159],[78.42421,17.392142],[78.424161,17.392145],[78.424159,17.392117],[78.424148,17.392117],[78.424143,17.392051],[78.424247,17.392045]]]},"properties":{"id":"6879d17297c9","height":null,"num_floors":null,"render_height_m":9.6,"height_label":"assumed"}},{"type":"Feature","geometry":{"type":"Polygon","coordinates":[[[78.424234,17.39254],[78.424311,17.392564],[78.424287,17.392632],[78.424211,17.392608],[78.424234,17.39254]]]},"properties":{"id":"8832fe0b15d1","height":null,"num_floors":null,"render_height_m":6.4,"height_label":"assumed"}},{"type":"Feature","geometry":{"type":"Polygon","coordinates":[[[78.424053,17.392547],[78.424084,17.392462],[78.424175,17.392492],[78.424144,17.392577],[78.424053,17.392547]]]},"properties":{"id":"901277411ebc","height":null,"num_floors":null,"render_height_m":9.6,"height_label":"assumed"}},{"type":"Feature","geometry":{"type":"Polygon","coordinates":[[[78.423849,17.392645],[78.42389,17.392659],[78.423875,17.3927],[78.423834,17.392686],[78.423849,17.392645]]]},"properties":{"id":"55393002db13","height":null,"num_floors":null,"render_height_m":6.4,"height_label":"assumed"}},{"type":"Feature","geometry":{"type":"Polygon","coordinates":[[[78.42393,17.392572],[78.423963,17.392615],[78.423927,17.39264],[78.423874,17.392612],[78.42393,17.392572]]]},"properties":{"id":"c72ea2c5a9df","height":null,"num_floors":null,"render_height_m":6.4,"height_label":"assumed"}},{"type":"Feature","geometry":{"type":"Polygon","coordinates":[[[78.423876,17.392773],[78.42393,17.392782],[78.423922,17.392829],[78.423868,17.39282],[78.423876,17.392773]]]},"properties":{"id":"aa595581d738","height":null,"num_floors":null,"render_height_m":6.4,"height_label":"assumed"}},{"type":"Feature","geometry":{"type":"Polygon","coordinates":[[[78.424012,17.392868],[78.424054,17.392868],[78.424053,17.392918],[78.424011,17.392917],[78.424012,17.392868]]]},"properties":{"id":"cba5059641fe","height":null,"num_floors":null,"render_height_m":6.4,"height_label":"assumed"}},{"type":"Feature","geometry":{"type":"Polygon","coordinates":[[[78.424074,17.392602],[78.424007,17.39272],[78.423857,17.392641],[78.423874,17.392612],[78.423948,17.392651],[78.423961,17.392629],[78.424,17.392649],[78.424038,17.392583],[78.424074,17.392602]]]},"properties":{"id":"1e41cb0e1ca5","height":null,"num_floors":null,"render_height_m":9.6,"height_label":"assumed"}},{"type":"Feature","geometry":{"type":"Polygon","coordinates":[[[78.424117,17.392635],[78.424067,17.392738],[78.424028,17.392721],[78.424078,17.392618],[78.424117,17.392635]]]},"properties":{"id":"483ba413908b","height":null,"num_floors":null,"render_height_m":6.4,"height_label":"assumed"}},{"type":"Feature","geometry":{"type":"Polygon","coordinates":[[[78.424129,17.392671],[78.424172,17.39268],[78.424164,17.392716],[78.424121,17.392706],[78.424129,17.392671]]]},"properties":{"id":"7f18a3bf1aa7","height":null,"num_floors":null,"render_height_m":6.4,"height_label":"assumed"}},{"type":"Feature","geometry":{"type":"Polygon","coordinates":[[[78.424181,17.392704],[78.42423,17.392725],[78.424201,17.392785],[78.424153,17.392764],[78.424181,17.392704]]]},"properties":{"id":"848db042e508","height":null,"num_floors":null,"render_height_m":6.4,"height_label":"assumed"}},{"type":"Feature","geometry":{"type":"Polygon","coordinates":[[[78.424142,17.392621],[78.424202,17.392642],[78.42419,17.392673],[78.42413,17.392652],[78.424142,17.392621]]]},"properties":{"id":"6db8987f2c48","height":null,"num_floors":null,"render_height_m":6.4,"height_label":"assumed"}},{"type":"Feature","geometry":{"type":"Polygon","coordinates":[[[78.424283,17.392659],[78.424326,17.392667],[78.424321,17.392693],[78.424278,17.392685],[78.424283,17.392659]]]},"properties":{"id":"1157b4428886","height":null,"num_floors":null,"render_height_m":6.4,"height_label":"assumed"}},{"type":"Feature","geometry":{"type":"Polygon","coordinates":[[[78.424277,17.392691],[78.424359,17.392716],[78.424342,17.392768],[78.42426,17.392743],[78.424277,17.392691]]]},"properties":{"id":"67ee1ecd6489","height":null,"num_floors":null,"render_height_m":6.4,"height_label":"assumed"}},{"type":"Feature","geometry":{"type":"Polygon","coordinates":[[[78.424272,17.392768],[78.424311,17.392774],[78.424307,17.392798],[78.424268,17.392793],[78.424272,17.392768]]]},"properties":{"id":"c2b49f9790aa","height":null,"num_floors":null,"render_height_m":6.4,"height_label":"assumed"}},{"type":"Feature","geometry":{"type":"Polygon","coordinates":[[[78.424072,17.392743],[78.424104,17.392759],[78.424087,17.392791],[78.424161,17.392829],[78.424143,17.392862],[78.424036,17.392808],[78.424072,17.392743]]]},"properties":{"id":"f0a9365d01b1","height":null,"num_floors":null,"render_height_m":6.4,"height_label":"assumed"}},{"type":"Feature","geometry":{"type":"Polygon","coordinates":[[[78.423983,17.393377],[78.423826,17.393377],[78.423826,17.39322],[78.423998,17.393179],[78.423983,17.393377]]]},"properties":{"id":"aad6a2dbcbb4","height":null,"num_floors":null,"render_height_m":12.8,"height_label":"assumed"}},{"type":"Feature","geometry":{"type":"Polygon","coordinates":[[[78.423819,17.393007],[78.42377,17.393008],[78.423769,17.392959],[78.423818,17.392958],[78.423819,17.393007]]]},"properties":{"id":"41c8b57f7d7a","height":null,"num_floors":null,"render_height_m":6.4,"height_label":"assumed"}}]}