{"type":"FeatureCollection","features":[{"type":"Feature","geometry":{"type":"Polygon","coordinates":[[[78.431917,17.399107],[78.431976,17.399109],[78.431969,17.39934],[78.43191,17.399338],[78.431917,17.399107]]]},"properties":{"id":"933da72f969c","height":null,"num_floors":null,"render_height_m":9.6,"height_label":"assumed"}},{"type":"Feature","geometry":{"type":"Polygon","coordinates":[[[78.43187,17.399128],[78.431901,17.399129],[78.431892,17.399348],[78.431861,17.399347],[78.43187,17.399128]]]},"properties":{"id":"f532ab03ca08","height":null,"num_floors":null,"render_height_m":6.4,"height_label":"assumed"}},{"type":"Feature","geometry":{"type":"Polygon","coordinates":[[[78.431066,17.39959],[78.431269,17.399663],[78.431218,17.399793],[78.431015,17.399719],[78.431066,17.39959]]]},"properties":{"id":"70bc13fc3de2","height":null,"num_floors":null,"render_height_m":12.8,"height_label":"assumed"}},{"type":"Feature","geometry":{"type":"Polygon","coordinates":[[[78.431264,17.399767],[78.431282,17.399694],[78.431333,17.399706],[78.431315,17.399779],[78.431264,17.399767]]]},"properties":{"id":"4ba06ec9e03a","height":null,"num_floors":null,"render_height_m":6.4,"height_label":"assumed"}},{"type":"Feature","geometry":{"type":"Polygon","coordinates":[[[78.431277,17.399149],[78.431176,17.399118],[78.431203,17.399038],[78.431304,17.39907],[78.431277,17.399149]]]},"properties":{"id":"8202e5dcba91","height":null,"num_floors":null,"render_height_m":9.6,"height_label":"assumed"}},{"type":"Feature","geometry":{"type":"Polygon","coordinates":[[[78.430939,17.399439],[78.430967,17.399442],[78.430963,17.399476],[78.430936,17.399473],[78.430939,17.399439]]]},"properties":{"id":"f5754b7f9122","height":null,"num_floors":null,"render_height_m":6.4,"height_label":"assumed"}},{"type":"Feature","geometry":{"type":"Polygon","coordinates":[[[78.43103,17.399038],[78.431014,17.399092],[78.430962,17.399077],[78.430978,17.399023],[78.43103,17.399038]]]},"properties":{"id":"a0027849981e","height":null,"num_floors":null,"render_height_m":6.4,"height_label":"assumed"}},{"type":"Feature","geometry":{"type":"Polygon","coordinates":[[[78.430863,17.39883],[78.430828,17.398952],[78.430923,17.398977],[78.430913,17.399014],[78.430741,17.39897],[78.430786,17.39881],[78.430863,17.39883]]]},"properties":{"id":"20cc4f30575f","height":null,"num_floors":null,"render_height_m":9.6,"height_label":"assumed"}},{"type":"Feature","geometry":{"type":"Polygon","coordinates":[[[78.430754,17.399746],[78.430605,17.399688],[78.43066,17.39956],[78.430585,17.399531],[78.43066,17.399354],[78.43075,17.399389],[78.430713,17.399477],[78.430846,17.399529],[78.430754,17.399746]]]},"properties":{"id":"eff64ca9ed28","height":null,"num_floors":null,"render_height_m":12.8,"height_label":"assumed"}},{"type":"Feature","geometry":{"type":"Polygon","coordinates":[[[78.430275,17.399656],[78.4303,17.399658],[78.430297,17.399703],[78.430271,17.399701],[78.430275,17.399656]]]},"properties":{"id":"c3f536ce9520","height":null,"num_floors":null,"render_height_m":6.4,"height_label":"assumed"}},{"type":"Feature","geometry":{"type":"Polygon","coordinates":[[[78.430029,17.399595],[78.430084,17.399595],[78.430083,17.399645],[78.430029,17.399644],[78.430029,17.399595]]]},"properties":{"id":"4b25c9682673","height":null,"num_floors":null,"render_height_m":6.4,"height_label":"assumed"}},{"type":"Feature","geometry":{"type":"Polygon","coordinates":[[[78.429995,17.399864],[78.430118,17.399861],[78.430121,17.399958],[78.430091,17.399959],[78.430092,17.400001],[78.429999,17.400003],[78.429995,17.399864]]]},"properties":{"id":"d3e0cc1fb15b","height":null,"num_floors":null,"render_height_m":9.6,"height_label":"assumed"}},{"type":"Feature","geometry":{"type":"Polygon","coordinates":[[[78.429975,17.399455],[78.429978,17.399511],[78.430003,17.399511],[78.430006,17.39958],[78.429981,17.399581],[78.429983,17.399617],[78.429942,17.399619],[78.429943,17.399645],[78.429873,17.399648],[78.429864,17.39946],[78.429975,17.399455]]]},"properties":{"id":"8e3e73b2e33f","height":null,"num_floors":null,"render_height_m":12.8,"height_label":"assumed"}},{"type":"Feature","geometry":{"type":"Polygon","coordinates":[[[78.42983,17.399491],[78.429864,17.39949],[78.42987,17.399619],[78.429836,17.399621],[78.429834,17.399588],[78.429805,17.399589],[78.429802,17.39952],[78.429831,17.399519],[78.42983,17.399491]]]},"properties":{"id":"ec69ec67f000","height":null,"num_floors":null,"render_height_m":6.4,"height_label":"assumed"}},{"type":"Feature","geometry":{"type":"Polygon","coordinates":[[[78.430247,17.399477],[78.430295,17.399474],[78.430305,17.399625],[78.430257,17.399628],[78.430247,17.399477]]]},"properties":{"id":"dee239bd051d","height":null,"num_floors":null,"render_height_m":9.6,"height_label":"assumed"}},{"type":"Feature","geometry":{"type":"Polygon","coordinates":[[[78.430224,17.398408],[78.429789,17.398425],[78.429788,17.398396],[78.429748,17.398398],[78.429746,17.398335],[78.430246,17.398316],[78.430249,17.39839],[78.430224,17.398391],[78.430224,17.398408]]]},"properties":{"id":"6f4f078b1ccf","height":null,"num_floors":null,"render_height_m":12.8,"height_label":"assumed"}},{"type":"Feature","geometry":{"type":"Polygon","coordinates":[[[78.429981,17.398419],[78.430023,17.398416],[78.430026,17.398457],[78.429984,17.398459],[78.429981,17.398419]]]},"properties":{"id":"badfa2a6350e","height":null,"num_floors":null,"render_height_m":6.4,"height_label":"assumed"}},{"type":"Feature","geometry":{"type":"Polygon","coordinates":[[[78.4302,17.39797],[78.429644,17.397995],[78.429642,17.397959],[78.429596,17.397961],[78.429593,17.3979],[78.430214,17.397872],[78.430217,17.39794],[78.430198,17.397941],[78.4302,17.39797]]]},"properties":{"id":"d73338302ab3","height":null,"num_floors":null,"render_height_m":12.8,"height_label":"assumed"}},{"type":"Feature","geometry":{"type":"Polygon","coordinates":[[[78.429799,17.397536],[78.429762,17.397541],[78.429757,17.397503],[78.429794,17.397498],[78.429799,17.397536]]]},"properties":{"id":"7e882f99be2a","height":null,"num_floors":null,"render_height_m":6.4,"height_label":"assumed"}},{"type":"Feature","geometry":{"type":"Polygon","coordinates":[[[78.430053,17.397648],[78.430055,17.397682],[78.429901,17.397691],[78.429899,17.397657],[78.430053,17.397648]]]},"properties":{"id":"21fde5485262","height":null,"num_floors":null,"render_height_m":6.4,"height_label":"assumed"}},{"type":"Feature","geometry":{"type":"Polygon","coordinates":[[[78.430012,17.398045],[78.430059,17.398047],[78.430057,17.398095],[78.43001,17.398093],[78.430012,17.398045]]]},"properties":{"id":"cccb83df6ede","height":null,"num_floors":null,"render_height_m":6.4,"height_label":"assumed"}},{"type":"Feature","geometry":{"type":"Polygon","coordinates":[[[78.430256,17.398185],[78.429743,17.398207],[78.42974,17.39814],[78.429777,17.398139],[78.429776,17.39811],[78.430217,17.398091],[78.430219,17.398115],[78.430252,17.398114],[78.430256,17.398185]]]},"properties":{"id":"c149a0e73d51","height":null,"num_floors":null,"render_height_m":12.8,"height_label":"assumed"}},{"type":"Feature","geometry":{"type":"Polygon","coordinates":[[[78.429742,17.394813],[78.429723,17.394668],[78.429776,17.394662],[78.429795,17.394807],[78.429742,17.394813]]]},"properties":{"id":"96bf19a3f13f","height":null,"num_floors":null,"render_height_m":9.6,"height_label":"assumed"}},{"type":"Feature","geometry":{"type":"Polygon","coordinates":[[[78.429785,17.39467],[78.429835,17.394663],[78.429856,17.39481],[78.429806,17.394817],[78.429785,17.39467]]]},"properties":{"id":"25fe865d9fa6","height":null,"num_floors":null,"render_height_m":9.6,"height_label":"assumed"}},{"type":"Feature","geometry":{"type":"Polygon","coordinates":[[[78.430009,17.39493],[78.430027,17.395088],[78.429919,17.395098],[78.429901,17.394941],[78.430009,17.39493]]]},"properties":{"id":"7df49f6ea6b0","height":null,"num_floors":null,"render_height_m":9.6,"height_label":"assumed"}},{"type":"Feature","geometry":{"type":"Polygon","coordinates":[[[78.429892,17.394941],[78.429908,17.395108],[78.429813,17.395116],[78.429797,17.394949],[78.429892,17.394941]]]},"properties":{"id":"bbf75dab53e4","height":null,"num_floors":null,"render_height_m":9.6,"height_label":"assumed"}},{"type":"Feature","geometry":{"type":"Polygon","coordinates":[[[78.429784,17.394957],[78.4298,17.395127],[78.429691,17.395136],[78.429676,17.394966],[78.429784,17.394957]]]},"properties":{"id":"904c671cd310","height":null,"num_floors":null,"render_height_m":9.6,"height_label":"assumed"}},{"type":"Feature","geometry":{"type":"Polygon","coordinates":[[[78.429927,17.39514],[78.43001,17.395136],[78.430016,17.395253],[78.429933,17.395258],[78.429927,17.39514]]]},"properties":{"id":"e2247126174b","height":null,"num_floors":null,"render_height_m":9.6,"height_label":"assumed"}},{"type":"Feature","geometry":{"type":"Polygon","coordinates":[[[78.429837,17.395296],[78.429824,17.395141],[78.429918,17.395134],[78.429931,17.395289],[78.429837,17.395296]]]},"properties":{"id":"450e3acd6b6e","height":null,"num_floors":null,"render_height_m":9.6,"height_label":"assumed"}},{"type":"Feature","geometry":{"type":"Polygon","coordinates":[[[78.429812,17.395142],[78.42983,17.395302],[78.429698,17.395315],[78.429681,17.395155],[78.429812,17.395142]]]},"properties":{"id":"ca767637a6de","height":null,"num_floors":null,"render_height_m":12.8,"height_label":"assumed"}},{"type":"Feature","geometry":{"type":"Polygon","coordinates":[[[78.429955,17.395696],[78.429901,17.395697],[78.4299,17.395633],[78.429954,17.395632],[78.429955,17.395696]]]},"properties":{"id":"9932cc9938f6","height":null,"num_floors":null,"render_height_m":6.4,"height_label":"assumed"}},{"type":"Feature","geometry":{"type":"Polygon","coordinates":[[[78.42985,17.395712],[78.429859,17.395742],[78.429825,17.395751],[78.429817,17.39572],[78.42985,17.395712]]]},"properties":{"id":"50301866a170","height":null,"num_floors":null,"render_height_m":6.4,"height_label":"assumed"}},{"type":"Feature","geometry":{"type":"Polygon","coordinates":[[[78.429862,17.395683],[78.429754,17.395687],[78.429745,17.395514],[78.429853,17.395509],[78.429862,17.395683]]]},"properties":{"id":"383cf321b3a7","height":null,"num_floors":null,"render_height_m":9.6,"height_label":"assumed"}},{"type":"Feature","geometry":{"type":"Polygon","coordinates":[[[78.429788,17.395474],[78.429787,17.395444],[78.42988,17.395442],[78.42988,17.395473],[78.429788,17.395474]]]},"properties":{"id":"5dffa29ac26f","height":null,"num_floors":null,"render_height_m":6.4,"height_label":"assumed"}},{"type":"Feature","geometry":{"type":"Polygon","coordinates":[[[78.429891,17.395512],[78.429914,17.395487],[78.429982,17.395545],[78.42996,17.39557],[78.429891,17.395512]]]},"properties":{"id":"0052af8aff7d","height":null,"num_floors":null,"render_height_m":6.4,"height_label":"assumed"}},{"type":"Feature","geometry":{"type":"Polygon","coordinates":[[[78.430126,17.39541],[78.430141,17.395552],[78.430023,17.395563],[78.430008,17.395421],[78.430126,17.39541]]]},"properties":{"id":"d3a9278d803f","height":null,"num_floors":null,"render_height_m":9.6,"height_label":"assumed"}},{"type":"Feature","geometry":{"type":"Polygon","coordinates":[[[78.430314,17.395656],[78.43018,17.395675],[78.430147,17.39547],[78.430281,17.395451],[78.430314,17.395656]]]},"properties":{"id":"cf150ff32619","height":null,"num_floors":null,"render_height_m":12.8,"height_label":"assumed"}},{"type":"Feature","geometry":{"type":"Polygon","coordinates":[[[78.43018,17.395701],[78.430228,17.395699],[78.43023,17.395735],[78.430181,17.395736],[78.43018,17.395701]]]},"properties":{"id":"eee044389c3c","height":null,"num_floors":null,"render_height_m":6.4,"height_label":"assumed"}},{"type":"Feature","geometry":{"type":"Polygon","coordinates":[[[78.430509,17.395618],[78.430517,17.39567],[78.430399,17.395685],[78.430392,17.395633],[78.430509,17.395618]]]},"properties":{"id":"9a048b209766","height":null,"num_floors":null,"render_height_m":6.4,"height_label":"assumed"}},{"type":"Feature","geometry":{"type":"Polygon","coordinates":[[[78.430295,17.395405],[78.430401,17.395395],[78.430426,17.395622],[78.43032,17.395633],[78.430295,17.395405]]]},"properties":{"id":"380da65549b9","height":null,"num_floors":null,"render_height_m":12.8,"height_label":"assumed"}},{"type":"Feature","geometry":{"type":"Polygon","coordinates":[[[78.430299,17.395239],[78.430277,17.395078],[78.430365,17.395067],[78.430386,17.395222],[78.43034,17.395228],[78.430341,17.395234],[78.430299,17.395239]]]},"properties":{"id":"209fa5605e3d","height":null,"num_floors":null,"render_height_m":9.6,"height_label":"assumed"}},{"type":"Feature","geometry":{"type":"Polygon","coordinates":[[[78.430139,17.395088],[78.430159,17.395265],[78.430064,17.395275],[78.430043,17.395098],[78.430139,17.395088]]]},"properties":{"id":"e2549813cf2e","height":null,"num_floors":null,"render_height_m":9.6,"height_label":"assumed"}},{"type":"Feature","geometry":{"type":"Polygon","coordinates":[[[78.430256,17.395086],[78.430276,17.395249],[78.430174,17.39526],[78.430155,17.395097],[78.430256,17.395086]]]},"properties":{"id":"c039bf6adce5","height":null,"num_floors":null,"render_height_m":9.6,"height_label":"assumed"}},{"type":"Feature","geometry":{"type":"Polygon","coordinates":[[[78.430228,17.394906],[78.430245,17.395041],[78.430157,17.395051],[78.43014,17.394916],[78.430228,17.394906]]]},"properties":{"id":"9fcba04c055c","height":null,"num_floors":null,"render_height_m":9.6,"height_label":"assumed"}},{"type":"Feature","geometry":{"type":"Polygon","coordinates":[[[78.43012,17.394919],[78.430138,17.395066],[78.43004,17.395077],[78.430022,17.39493],[78.43012,17.394919]]]},"properties":{"id":"05cb4f8f3535","height":null,"num_floors":null,"render_height_m":9.6,"height_label":"assumed"}},{"type":"Feature","geometry":{"type":"Polygon","coordinates":[[[78.430132,17.394781],[78.429998,17.394792],[78.429986,17.394674],[78.43012,17.394662],[78.430132,17.394781]]]},"properties":{"id":"decc8ad199f9","height":null,"num_floors":null,"render_height_m":9.6,"height_label":"assumed"}},{"type":"Feature","geometry":{"type":"Polygon","coordinates":[[[78.430326,17.394743],[78.430163,17.394765],[78.430148,17.394665],[78.430311,17.394643],[78.430326,17.394743]]]},"properties":{"id":"94063e204361","height":null,"num_floors":null,"render_height_m":9.6,"height_label":"assumed"}},{"type":"Feature","geometry":{"type":"Polygon","coordinates":[[[78.430269,17.395011],[78.430257,17.394898],[78.430337,17.394891],[78.430348,17.395004],[78.430269,17.395011]]]},"properties":{"id":"f9cc2d08f90b","height":null,"num_floors":null,"render_height_m":9.6,"height_label":"assumed"}},{"type":"Feature","geometry":{"type":"Polygon","coordinates":[[[78.430278,17.394478],[78.430325,17.394472],[78.43033,17.394509],[78.430283,17.394515],[78.430278,17.394478]]]},"properties":{"id":"459145b316e1","height":null,"num_floors":null,"render_height_m":6.4,"height_label":"assumed"}},{"type":"Feature","geometry":{"type":"Polygon","coordinates":[[[78.430553,17.394191],[78.430437,17.394204],[78.430425,17.394108],[78.430542,17.394095],[78.430553,17.394191]]]},"properties":{"id":"a900c4d6c5d2","height":null,"num_floors":null,"render_height_m":9.6,"height_label":"assumed"}},{"type":"Feature","geometry":{"type":"Polygon","coordinates":[[[78.430271,17.394304],[78.430117,17.394316],[78.430109,17.394224],[78.430263,17.394212],[78.430271,17.394304]]]},"properties":{"id":"35709d306e20","height":null,"num_floors":null,"render_height_m":9.6,"height_label":"assumed"}},{"type":"Feature","geometry":{"type":"Polygon","coordinates":[[[78.430255,17.394195],[78.430086,17.394212],[78.430068,17.394058],[78.430238,17.394041],[78.430255,17.394195]]]},"properties":{"id":"d5560bbb488f","height":null,"num_floors":null,"render_height_m":12.8,"height_label":"assumed"}},{"type":"Feature","geometry":{"type":"Polygon","coordinates":[[[78.430071,17.394166],[78.429904,17.394185],[78.429896,17.394122],[78.430063,17.394102],[78.430071,17.394166]]]},"properties":{"id":"8831b17e1a94","height":null,"num_floors":null,"render_height_m":9.6,"height_label":"assumed"}},{"type":"Feature","geometry":{"type":"Polygon","coordinates":[[[78.430092,17.394289],[78.429935,17.39431],[78.429917,17.394188],[78.430074,17.394168],[78.430092,17.394289]]]},"properties":{"id":"4ff2c4b80682","height":null,"num_floors":null,"render_height_m":9.6,"height_label":"assumed"}},{"type":"Feature","geometry":{"type":"Polygon","coordinates":[[[78.4301,17.394408],[78.429952,17.394423],[78.42994,17.394317],[78.430087,17.394302],[78.4301,17.394408]]]},"properties":{"id":"86890a341be6","height":null,"num_floors":null,"render_height_m":9.6,"height_label":"assumed"}},{"type":"Feature","geometry":{"type":"Polygon","coordinates":[[[78.43025,17.394322],[78.430267,17.394468],[78.430141,17.394481],[78.430125,17.394334],[78.43025,17.394322]]]},"properties":{"id":"91a7ccdaf1d2","height":null,"num_floors":null,"render_height_m":9.6,"height_label":"assumed"}},{"type":"Feature","geometry":{"type":"Polygon","coordinates":[[[78.430313,17.394623],[78.430153,17.394641],[78.430142,17.394551],[78.430301,17.394533],[78.430313,17.394623]]]},"properties":{"id":"e4a95f25f13b","height":null,"num_floors":null,"render_height_m":9.6,"height_label":"assumed"}},{"type":"Feature","geometry":{"type":"Polygon","coordinates":[[[78.42995,17.394608],[78.429945,17.3945],[78.430111,17.394493],[78.430116,17.394601],[78.42995,17.394608]]]},"properties":{"id":"7a75d825fbec","height":null,"num_floors":null,"render_height_m":9.6,"height_label":"assumed"}},{"type":"Feature","geometry":{"type":"Polygon","coordinates":[[[78.429831,17.394597],[78.429693,17.394621],[78.429663,17.394465],[78.429801,17.394441],[78.429831,17.394597]]]},"properties":{"id":"70980757a6dc","height":6.4,"num_floors":2,"render_height_m":6.4,"height_label":"estimated"}},{"type":"Feature","geometry":{"type":"Polygon","coordinates":[[[78.429868,17.394122],[78.429876,17.394217],[78.429855,17.394218],[78.429847,17.394123],[78.429868,17.394122]]]},"properties":{"id":"5087090fe884","height":null,"num_floors":null,"render_height_m":6.4,"height_label":"assumed"}},{"type":"Feature","geometry":{"type":"Polygon","coordinates":[[[78.430061,17.394096],[78.429891,17.39412],[78.429881,17.394057],[78.430051,17.394033],[78.430061,17.394096]]]},"properties":{"id":"4ade0ab6a9d1","height":null,"num_floors":null,"render_height_m":9.6,"height_label":"assumed"}},{"type":"Feature","geometry":{"type":"Polygon","coordinates":[[[78.429858,17.3939],[78.429858,17.393809],[78.429956,17.393809],[78.429956,17.3939],[78.429858,17.3939]]]},"properties":{"id":"244997ab5d2a","height":null,"num_floors":null,"render_height_m":9.6,"height_label":"assumed"}},{"type":"Feature","geometry":{"type":"Polygon","coordinates":[[[78.429878,17.393788],[78.429877,17.3937],[78.430047,17.393698],[78.430044,17.393749],[78.429993,17.393785],[78.429878,17.393788]]]},"properties":{"id":"0292ef5c416b","height":null,"num_floors":null,"render_height_m":9.6,"height_label":"assumed"}},{"type":"Feature","geometry":{"type":"Polygon","coordinates":[[[78.429861,17.393791],[78.429715,17.393791],[78.429715,17.393694],[78.429861,17.393694],[78.429861,17.393791]]]},"properties":{"id":"25cba317fe98","height":null,"num_floors":null,"render_height_m":9.6,"height_label":"assumed"}},{"type":"Feature","geometry":{"type":"Polygon","coordinates":[[[78.42971,17.39392],[78.42971,17.393812],[78.429832,17.393812],[78.429832,17.39392],[78.42971,17.39392]]]},"properties":{"id":"6afbbb3f6f87","height":null,"num_floors":null,"render_height_m":9.6,"height_label":"assumed"}},{"type":"Feature","geometry":{"type":"Polygon","coordinates":[[[78.429782,17.393559],[78.429783,17.393463],[78.429918,17.393464],[78.429917,17.39356],[78.429782,17.393559]]]},"properties":{"id":"8d686ebcb268","height":null,"num_floors":null,"render_height_m":9.6,"height_label":"assumed"}},{"type":"Feature","geometry":{"type":"Polygon","coordinates":[[[78.429917,17.393441],[78.4298,17.393442],[78.429799,17.393331],[78.429916,17.393331],[78.429917,17.393441]]]},"properties":{"id":"1281da165393","height":null,"num_floors":null,"render_height_m":9.6,"height_label":"assumed"}},{"type":"Feature","geometry":{"type":"Polygon","coordinates":[[[78.429995,17.393456],[78.429934,17.393455],[78.429935,17.393348],[78.430048,17.393349],[78.430047,17.393483],[78.430032,17.393482],[78.430032,17.39347],[78.429995,17.393469],[78.429995,17.393456]]]},"properties":{"id":"d8fa24868d0c","height":null,"num_floors":null,"render_height_m":9.6,"height_label":"assumed"}},{"type":"Feature","geometry":{"type":"Polygon","coordinates":[[[78.430187,17.393478],[78.430066,17.393475],[78.430069,17.393353],[78.43019,17.393356],[78.430187,17.393478]]]},"properties":{"id":"374d8b89de44","height":null,"num_floors":null,"render_height_m":9.6,"height_label":"assumed"}},{"type":"Feature","geometry":{"type":"Polygon","coordinates":[[[78.430073,17.393579],[78.430073,17.393486],[78.430216,17.393486],[78.430216,17.393548],[78.4302,17.393548],[78.430201,17.393612],[78.430169,17.393612],[78.430169,17.3936],[78.430127,17.393601],[78.430127,17.393578],[78.430073,17.393579]]]},"properties":{"id":"359800efed5b","height":null,"num_floors":null,"render_height_m":9.6,"height_label":"assumed"}},{"type":"Feature","geometry":{"type":"Polygon","coordinates":[[[78.429931,17.393599],[78.429935,17.393487],[78.430048,17.393491],[78.430043,17.393603],[78.429931,17.393599]]]},"properties":{"id":"5de285939db0","height":null,"num_floors":null,"render_height_m":9.6,"height_label":"assumed"}},{"type":"Feature","geometry":{"type":"Polygon","coordinates":[[[78.430115,17.393872],[78.429986,17.393885],[78.429983,17.393794],[78.43005,17.39375],[78.430104,17.393748],[78.430115,17.393872]]]},"properties":{"id":"57c02d356352","height":null,"num_floors":null,"render_height_m":9.6,"height_label":"assumed"}},{"type":"Feature","geometry":{"type":"Polygon","coordinates":[[[78.430211,17.393768],[78.430217,17.393824],[78.430189,17.393827],[78.430183,17.393771],[78.430211,17.393768]]]},"properties":{"id":"482cb164447d","height":null,"num_floors":null,"render_height_m":6.4,"height_label":"assumed"}},{"type":"Feature","geometry":{"type":"Polygon","coordinates":[[[78.430163,17.393837],[78.43014,17.39374],[78.430167,17.393734],[78.430189,17.393831],[78.430163,17.393837]]]},"properties":{"id":"664bdd61a179","height":null,"num_floors":null,"render_height_m":6.4,"height_label":"assumed"}},{"type":"Feature","geometry":{"type":"Polygon","coordinates":[[[78.430175,17.393759],[78.430173,17.393707],[78.430283,17.393703],[78.430285,17.393756],[78.430175,17.393759]]]},"properties":{"id":"c3c566800b35","height":null,"num_floors":null,"render_height_m":6.4,"height_label":"assumed"}},{"type":"Feature","geometry":{"type":"Polygon","coordinates":[[[78.430363,17.39359],[78.430353,17.393528],[78.430546,17.393501],[78.430559,17.393585],[78.430479,17.393596],[78.430481,17.393609],[78.430435,17.393615],[78.430436,17.393622],[78.430375,17.39363],[78.430369,17.393589],[78.430363,17.39359]]]},"properties":{"id":"80d7f56c6fe2","height":null,"num_floors":null,"render_height_m":9.6,"height_label":"assumed"}},{"type":"Feature","geometry":{"type":"Polygon","coordinates":[[[78.430412,17.393332],[78.43043,17.393483],[78.430355,17.393491],[78.430337,17.39334],[78.430412,17.393332]]]},"properties":{"id":"0039fcfe286a","height":null,"num_floors":null,"render_height_m":9.6,"height_label":"assumed"}},{"type":"Feature","geometry":{"type":"Polygon","coordinates":[[[78.430541,17.393334],[78.430552,17.393493],[78.430491,17.393497],[78.43048,17.393338],[78.430541,17.393334]]]},"properties":{"id":"d6d1397d6dda","height":null,"num_floors":null,"render_height_m":9.6,"height_label":"assumed"}},{"type":"Feature","geometry":{"type":"Polygon","coordinates":[[[78.430754,17.393566],[78.430574,17.393586],[78.430565,17.393515],[78.430745,17.393495],[78.430754,17.393566]]]},"properties":{"id":"b185ce5704bb","height":null,"num_floors":null,"render_height_m":9.6,"height_label":"assumed"}},{"type":"Feature","geometry":{"type":"Polygon","coordinates":[[[78.430747,17.393486],[78.430565,17.393503],[78.430557,17.393421],[78.430739,17.393405],[78.430747,17.393486]]]},"properties":{"id":"cd48e3cab911","height":null,"num_floors":null,"render_height_m":9.6,"height_label":"assumed"}},{"type":"Feature","geometry":{"type":"Polygon","coordinates":[[[78.430749,17.393387],[78.430551,17.3934],[78.430546,17.393322],[78.430743,17.39331],[78.430749,17.393387]]]},"properties":{"id":"dbeaf696c93e","height":null,"num_floors":null,"render_height_m":9.6,"height_label":"assumed"}},{"type":"Feature","geometry":{"type":"Polygon","coordinates":[[[78.430667,17.393821],[78.430665,17.393746],[78.43075,17.393744],[78.430753,17.393843],[78.430696,17.393844],[78.430696,17.39382],[78.430667,17.393821]]]},"properties":{"id":"0f20010e6604","height":null,"num_floors":null,"render_height_m":9.6,"height_label":"assumed"}},{"type":"Feature","geometry":{"type":"Polygon","coordinates":[[[78.430757,17.393724],[78.430646,17.393727],[78.430641,17.393586],[78.430752,17.393582],[78.430757,17.393724]]]},"properties":{"id":"4f2ffe11d32a","height":null,"num_floors":null,"render_height_m":9.6,"height_label":"assumed"}},{"type":"Feature","geometry":{"type":"Polygon","coordinates":[[[78.430578,17.394072],[78.430428,17.394082],[78.430422,17.393997],[78.430572,17.393987],[78.430578,17.394072]]]},"properties":{"id":"7bc8fe50d759","height":null,"num_floors":null,"render_height_m":9.6,"height_label":"assumed"}},{"type":"Feature","geometry":{"type":"Polygon","coordinates":[[[78.43076,17.393935],[78.43078,17.394154],[78.430629,17.394167],[78.430608,17.393947],[78.43076,17.393935]]]},"properties":{"id":"f62bf60a0f76","height":null,"num_floors":null,"render_height_m":12.8,"height_label":"assumed"}},{"type":"Feature","geometry":{"type":"Polygon","coordinates":[[[78.430778,17.394176],[78.43079,17.394313],[78.430664,17.394323],[78.430651,17.394186],[78.430778,17.394176]]]},"properties":{"id":"364ca3808ece","height":null,"num_floors":null,"render_height_m":9.6,"height_label":"assumed"}},{"type":"Feature","geometry":{"type":"Polygon","coordinates":[[[78.430621,17.394278],[78.430457,17.394289],[78.430452,17.39422],[78.430616,17.394209],[78.430621,17.394278]]]},"properties":{"id":"66c568e0b883","height":null,"num_floors":null,"render_height_m":9.6,"height_label":"assumed"}},{"type":"Feature","geometry":{"type":"Polygon","coordinates":[[[78.430571,17.39443],[78.430467,17.394439],[78.430455,17.394317],[78.430626,17.394307],[78.430628,17.394361],[78.430605,17.394389],[78.430568,17.394397],[78.430571,17.39443]]]},"properties":{"id":"5db8759675e4","height":null,"num_floors":null,"render_height_m":9.6,"height_label":"assumed"}},{"type":"Feature","geometry":{"type":"Polygon","coordinates":[[[78.430475,17.394653],[78.430463,17.394546],[78.430579,17.394535],[78.430588,17.394613],[78.430606,17.394611],[78.430617,17.39471],[78.430504,17.394722],[78.430496,17.394651],[78.430475,17.394653]]]},"properties":{"id":"ee818bb93aa0","height":null,"num_floors":null,"render_height_m":9.6,"height_label":"assumed"}},{"type":"Feature","geometry":{"type":"Polygon","coordinates":[[[78.430653,17.394727],[78.430644,17.394644],[78.430808,17.394627],[78.430817,17.394709],[78.430653,17.394727]]]},"properties":{"id":"be31c8a95984","height":null,"num_floors":null,"render_height_m":9.6,"height_label":"assumed"}},{"type":"Feature","geometry":{"type":"Polygon","coordinates":[[[78.430807,17.394562],[78.430595,17.394586],[78.430588,17.394532],[78.4308,17.394507],[78.430807,17.394562]]]},"properties":{"id":"53bf13c5dcda","height":null,"num_floors":null,"render_height_m":9.6,"height_label":"assumed"}},{"type":"Feature","geometry":{"type":"Polygon","coordinates":[[[78.430807,17.394498],[78.430584,17.394524],[78.430571,17.394416],[78.430793,17.394391],[78.430807,17.394498]]]},"properties":{"id":"12c1005d51fb","height":null,"num_floors":null,"render_height_m":12.8,"height_label":"assumed"}},{"type":"Feature","geometry":{"type":"Polygon","coordinates":[[[78.430825,17.394609],[78.430868,17.394604],[78.430881,17.39471],[78.430839,17.394715],[78.430825,17.394609]]]},"properties":{"id":"29ec9891f36b","height":null,"num_floors":null,"render_height_m":6.4,"height_label":"assumed"}},{"type":"Feature","geometry":{"type":"Polygon","coordinates":[[[78.431554,17.394482],[78.43157,17.394564],[78.431607,17.394557],[78.431612,17.394586],[78.431438,17.394617],[78.431417,17.394506],[78.431554,17.394482]]]},"properties":{"id":"24cd58a2059b","height":null,"num_floors":null,"render_height_m":9.6,"height_label":"assumed"}},{"type":"Feature","geometry":{"type":"Polygon","coordinates":[[[78.431537,17.394371],[78.431544,17.394447],[78.43139,17.394461],[78.431382,17.394385],[78.431537,17.394371]]]},"properties":{"id":"7f74a5c1a147","height":null,"num_floors":null,"render_height_m":9.6,"height_label":"assumed"}},{"type":"Feature","geometry":{"type":"Polygon","coordinates":[[[78.43131,17.394352],[78.431299,17.394112],[78.431566,17.394102],[78.431567,17.394124],[78.43167,17.39412],[78.431673,17.394324],[78.43131,17.394352]]]},"properties":{"id":"a658baf82d91","height":null,"num_floors":null,"render_height_m":19.2,"height_label":"assumed"}},{"type":"Feature","geometry":{"type":"Polygon","coordinates":[[[78.43154,17.394031],[78.431543,17.39409],[78.431398,17.394096],[78.431395,17.394037],[78.43154,17.394031]]]},"properties":{"id":"337eb3fd785c","height":null,"num_floors":null,"render_height_m":9.6,"height_label":"assumed"}},{"type":"Feature","geometry":{"type":"Polygon","coordinates":[[[78.431547,17.394007],[78.431332,17.394015],[78.431329,17.393931],[78.431544,17.393923],[78.431547,17.394007]]]},"properties":{"id":"6ccf1434c631","height":null,"num_floors":null,"render_height_m":9.6,"height_label":"assumed"}},{"type":"Feature","geometry":{"type":"Polygon","coordinates":[[[78.431548,17.393824],[78.431329,17.393826],[78.431328,17.393748],[78.431547,17.393745],[78.431548,17.393824]]]},"properties":{"id":"2177b5cd7640","height":null,"num_floors":null,"render_height_m":9.6,"height_label":"assumed"}},{"type":"Feature","geometry":{"type":"Polygon","coordinates":[[[78.431311,17.393861],[78.431344,17.393865],[78.431341,17.393896],[78.431308,17.393892],[78.431311,17.393861]]]},"properties":{"id":"cdd3fcfdd44f","height":null,"num_floors":null,"render_height_m":6.4,"height_label":"assumed"}},{"type":"Feature","geometry":{"type":"Polygon","coordinates":[[[78.431726,17.393556],[78.43156,17.393554],[78.431562,17.393351],[78.431729,17.393353],[78.431726,17.393556]]]},"properties":{"id":"40ef94c3dd45","height":null,"num_floors":null,"render_height_m":12.8,"height_label":"assumed"}},{"type":"Feature","geometry":{"type":"Polygon","coordinates":[[[78.431715,17.393877],[78.431561,17.393883],[78.431555,17.393757],[78.431709,17.39375],[78.431715,17.393877]]]},"properties":{"id":"4503a347b3b1","height":null,"num_floors":null,"render_height_m":9.6,"height_label":"assumed"}},{"type":"Feature","geometry":{"type":"Polygon","coordinates":[[[78.431559,17.394009],[78.431557,17.393925],[78.431735,17.393921],[78.431737,17.394005],[78.431559,17.394009]]]},"properties":{"id":"4f42625f6024","height":null,"num_floors":null,"render_height_m":9.6,"height_label":"assumed"}},{"type":"Feature","geometry":{"type":"Polygon","coordinates":[[[78.431716,17.39376],[78.431765,17.393751],[78.431771,17.393779],[78.431721,17.393787],[78.431716,17.39376]]]},"properties":{"id":"e08e6786ef08","height":null,"num_floors":null,"render_height_m":6.4,"height_label":"assumed"}},{"type":"Feature","geometry":{"type":"Polygon","coordinates":[[[78.431737,17.393726],[78.431561,17.393732],[78.431556,17.393584],[78.431732,17.393579],[78.431737,17.393726]]]},"properties":{"id":"95ef20be7022","height":null,"num_floors":null,"render_height_m":12.8,"height_label":"assumed"}},{"type":"Feature","geometry":{"type":"Polygon","coordinates":[[[78.431977,17.393708],[78.431814,17.393709],[78.431813,17.393604],[78.431976,17.393602],[78.431977,17.393708]]]},"properties":{"id":"167ef8ed0545","height":null,"num_floors":null,"render_height_m":9.6,"height_label":"assumed"}},{"type":"Feature","geometry":{"type":"Polygon","coordinates":[[[78.432014,17.393989],[78.431846,17.393993],[78.431841,17.393819],[78.432009,17.393815],[78.432014,17.393989]]]},"properties":{"id":"3b5d62757718","height":null,"num_floors":null,"render_height_m":12.8,"height_label":"assumed"}},{"type":"Feature","geometry":{"type":"Polygon","coordinates":[[[78.431995,17.393782],[78.431828,17.393783],[78.431828,17.393731],[78.431995,17.39373],[78.431995,17.393782]]]},"properties":{"id":"4190f7905632","height":null,"num_floors":null,"render_height_m":9.6,"height_label":"assumed"}},{"type":"Feature","geometry":{"type":"Polygon","coordinates":[[[78.431963,17.393589],[78.431818,17.39359],[78.431817,17.393538],[78.431963,17.393536],[78.431963,17.393589]]]},"properties":{"id":"b7e2798e7d88","height":null,"num_floors":null,"render_height_m":9.6,"height_label":"assumed"}},{"type":"Feature","geometry":{"type":"Polygon","coordinates":[[[78.431966,17.393525],[78.431815,17.393527],[78.431813,17.393435],[78.431964,17.393433],[78.431966,17.393525]]]},"properties":{"id":"523d9ddd4496","height":null,"num_floors":null,"render_height_m":9.6,"height_label":"assumed"}},{"type":"Feature","geometry":{"type":"Polygon","coordinates":[[[78.431966,17.393427],[78.431808,17.393428],[78.431807,17.393349],[78.431966,17.393349],[78.431966,17.393427]]]},"properties":{"id":"8f08780689d4","height":null,"num_floors":null,"render_height_m":9.6,"height_label":"assumed"}},{"type":"Feature","geometry":{"type":"Polygon","coordinates":[[[78.432158,17.393395],[78.431989,17.393393],[78.43199,17.393309],[78.432159,17.393311],[78.432158,17.393395]]]},"properties":{"id":"ed77fe124a97","height":null,"num_floors":null,"render_height_m":9.6,"height_label":"assumed"}},{"type":"Feature","geometry":{"type":"Polygon","coordinates":[[[78.43199,17.393575],[78.43199,17.393406],[78.432158,17.393405],[78.432159,17.393574],[78.43199,17.393575]]]},"properties":{"id":"7d9747ba3e66","height":null,"num_floors":null,"render_height_m":12.8,"height_label":"assumed"}},{"type":"Feature","geometry":{"type":"Polygon","coordinates":[[[78.431991,17.394535],[78.432006,17.394615],[78.431922,17.394629],[78.431911,17.394572],[78.431954,17.394565],[78.431949,17.394542],[78.431991,17.394535]]]},"properties":{"id":"c9e7a74db61b","height":null,"num_floors":null,"render_height_m":6.4,"height_label":"assumed"}},{"type":"Feature","geometry":{"type":"Polygon","coordinates":[[[78.431827,17.394621],[78.431843,17.394707],[78.431718,17.394729],[78.431702,17.394643],[78.431827,17.394621]]]},"properties":{"id":"7c60e2439ab2","height":null,"num_floors":null,"render_height_m":9.6,"height_label":"assumed"}},{"type":"Feature","geometry":{"type":"Polygon","coordinates":[[[78.43191,17.394478],[78.432001,17.394469],[78.432007,17.394536],[78.431916,17.394544],[78.43191,17.394478]]]},"properties":{"id":"17307c7a3f75","height":null,"num_floors":null,"render_height_m":6.4,"height_label":"assumed"}},{"type":"Feature","geometry":{"type":"Polygon","coordinates":[[[78.431865,17.394379],[78.431863,17.394313],[78.43202,17.394309],[78.432022,17.394375],[78.431865,17.394379]]]},"properties":{"id":"67396fb1476b","height":null,"num_floors":null,"render_height_m":9.6,"height_label":"assumed"}},{"type":"Feature","geometry":{"type":"Polygon","coordinates":[[[78.432019,17.394256],[78.431857,17.394257],[78.431856,17.394185],[78.432018,17.394183],[78.432019,17.394256]]]},"properties":{"id":"453cf09240de","height":null,"num_floors":null,"render_height_m":9.6,"height_label":"assumed"}},{"type":"Feature","geometry":{"type":"Polygon","coordinates":[[[78.432005,17.39417],[78.431849,17.394176],[78.431843,17.393999],[78.431998,17.393994],[78.432005,17.39417]]]},"properties":{"id":"c479ceb39fa1","height":null,"num_floors":null,"render_height_m":12.8,"height_label":"assumed"}},{"type":"Feature","geometry":{"type":"Polygon","coordinates":[[[78.431744,17.394117],[78.431569,17.394121],[78.431566,17.394019],[78.431742,17.394015],[78.431744,17.394117]]]},"properties":{"id":"f018005f59e9","height":null,"num_floors":null,"render_height_m":9.6,"height_label":"assumed"}},{"type":"Feature","geometry":{"type":"Polygon","coordinates":[[[78.43163,17.394471],[78.431617,17.394379],[78.431767,17.394361],[78.43178,17.394453],[78.43163,17.394471]]]},"properties":{"id":"ca1c2dbd384d","height":null,"num_floors":null,"render_height_m":9.6,"height_label":"assumed"}},{"type":"Feature","geometry":{"type":"Polygon","coordinates":[[[78.431659,17.394626],[78.431643,17.394539],[78.431794,17.394513],[78.43181,17.3946],[78.431659,17.394626]]]},"properties":{"id":"fb53657ad9e8","height":null,"num_floors":null,"render_height_m":9.6,"height_label":"assumed"}},{"type":"Feature","geometry":{"type":"Polygon","coordinates":[[[78.431669,17.394795],[78.431587,17.394812],[78.431539,17.394603],[78.431621,17.394586],[78.431669,17.394795]]]},"properties":{"id":"dc49f8f5a11e","height":null,"num_floors":null,"render_height_m":9.6,"height_label":"assumed"}},{"type":"Feature","geometry":{"type":"Polygon","coordinates":[[[78.431554,17.394482],[78.431623,17.39447],[78.431644,17.394581],[78.431612,17.394586],[78.431607,17.394557],[78.43157,17.394564],[78.431554,17.394482]]]},"properties":{"id":"0fe637badfe6","height":null,"num_floors":null,"render_height_m":6.4,"height_label":"assumed"}},{"type":"Feature","geometry":{"type":"Polygon","coordinates":[[[78.431664,17.394858],[78.431683,17.39496],[78.431629,17.394969],[78.43161,17.394868],[78.431664,17.394858]]]},"properties":{"id":"2c4ad3f83116","height":null,"num_floors":null,"render_height_m":6.4,"height_label":"assumed"}},{"type":"Feature","geometry":{"type":"Polygon","coordinates":[[[78.431828,17.394991],[78.431747,17.395005],[78.431737,17.39495],[78.431683,17.39496],[78.431678,17.394935],[78.431813,17.394912],[78.431828,17.394991]]]},"properties":{"id":"37a7e128c123","height":null,"num_floors":null,"render_height_m":9.6,"height_label":"assumed"}},{"type":"Feature","geometry":{"type":"Polygon","coordinates":[[[78.431741,17.394972],[78.431762,17.395081],[78.431671,17.395097],[78.43165,17.394988],[78.431741,17.394972]]]},"properties":{"id":"9c255c3f738d","height":null,"num_floors":null,"render_height_m":9.6,"height_label":"assumed"}},{"type":"Feature","geometry":{"type":"Polygon","coordinates":[[[78.431629,17.394969],[78.43164,17.395024],[78.431565,17.395037],[78.431555,17.394982],[78.431629,17.394969]]]},"properties":{"id":"18ad7a3cc8bd","height":null,"num_floors":null,"render_height_m":6.4,"height_label":"assumed"}},{"type":"Feature","geometry":{"type":"Polygon","coordinates":[[[78.431846,17.395488],[78.431624,17.395499],[78.431611,17.395259],[78.431833,17.395248],[78.431846,17.395488]]]},"properties":{"id":"2582cd9c0d4d","height":null,"num_floors":null,"render_height_m":12.8,"height_label":"assumed"}},{"type":"Feature","geometry":{"type":"Polygon","coordinates":[[[78.431822,17.395073],[78.431816,17.3951],[78.431779,17.395092],[78.431785,17.395065],[78.431822,17.395073]]]},"properties":{"id":"8a7058c0ad7d","height":null,"num_floors":null,"render_height_m":6.4,"height_label":"assumed"}},{"type":"Feature","geometry":{"type":"Polygon","coordinates":[[[78.431822,17.395124],[78.43186,17.395117],[78.43187,17.395166],[78.431832,17.395174],[78.431822,17.395124]]]},"properties":{"id":"83794dc5ed8b","height":null,"num_floors":null,"render_height_m":6.4,"height_label":"assumed"}},{"type":"Feature","geometry":{"type":"Polygon","coordinates":[[[78.431838,17.395174],[78.431913,17.395153],[78.431928,17.395202],[78.431853,17.395223],[78.431838,17.395174]]]},"properties":{"id":"b72b97f3a3b2","height":null,"num_floors":null,"render_height_m":6.4,"height_label":"assumed"}},{"type":"Feature","geometry":{"type":"Polygon","coordinates":[[[78.431967,17.395192],[78.43199,17.395272],[78.431911,17.395293],[78.431888,17.395214],[78.431967,17.395192]]]},"properties":{"id":"b9026512d629","height":null,"num_floors":null,"render_height_m":6.4,"height_label":"assumed"}},{"type":"Feature","geometry":{"type":"Polygon","coordinates":[[[78.432003,17.395282],[78.432019,17.395359],[78.431927,17.395377],[78.43191,17.395301],[78.432003,17.395282]]]},"properties":{"id":"3433be598fb7","height":null,"num_floors":null,"render_height_m":9.6,"height_label":"assumed"}},{"type":"Feature","geometry":{"type":"Polygon","coordinates":[[[78.431986,17.395206],[78.432001,17.395203],[78.432015,17.395265],[78.432,17.395268],[78.431986,17.395206]]]},"properties":{"id":"eccb9a5a6c92","height":null,"num_floors":null,"render_height_m":6.4,"height_label":"assumed"}},{"type":"Feature","geometry":{"type":"Polygon","coordinates":[[[78.432084,17.394875],[78.431937,17.394902],[78.431925,17.394845],[78.432073,17.394818],[78.432084,17.394875]]]},"properties":{"id":"d63ecbd96f03","height":null,"num_floors":null,"render_height_m":9.6,"height_label":"assumed"}},{"type":"Feature","geometry":{"type":"Polygon","coordinates":[[[78.431928,17.394796],[78.431913,17.394701],[78.432041,17.394683],[78.432056,17.394778],[78.431928,17.394796]]]},"properties":{"id":"bf9dcad6a125","height":null,"num_floors":null,"render_height_m":9.6,"height_label":"assumed"}},{"type":"Feature","geometry":{"type":"Polygon","coordinates":[[[78.432049,17.395494],[78.432071,17.395593],[78.431978,17.395612],[78.431957,17.395512],[78.432049,17.395494]]]},"properties":{"id":"cb15545da22b","height":null,"num_floors":null,"render_height_m":9.6,"height_label":"assumed"}},{"type":"Feature","geometry":{"type":"Polygon","coordinates":[[[78.431844,17.395533],[78.431898,17.395525],[78.431913,17.395621],[78.431859,17.395629],[78.431844,17.395533]]]},"properties":{"id":"28c12c6b22bf","height":null,"num_floors":null,"render_height_m":6.4,"height_label":"assumed"}},{"type":"Feature","geometry":{"type":"Polygon","coordinates":[[[78.431739,17.395548],[78.431801,17.395539],[78.431816,17.395635],[78.431754,17.395644],[78.431739,17.395548]]]},"properties":{"id":"f251aea289ee","height":null,"num_floors":null,"render_height_m":6.4,"height_label":"assumed"}},{"type":"Feature","geometry":{"type":"Polygon","coordinates":[[[78.431696,17.395554],[78.431739,17.395548],[78.431754,17.395644],[78.431711,17.39565],[78.431696,17.395554]]]},"properties":{"id":"cfcd92ae7b00","height":null,"num_floors":null,"render_height_m":6.4,"height_label":"assumed"}},{"type":"Feature","geometry":{"type":"Polygon","coordinates":[[[78.431584,17.395608],[78.431561,17.395543],[78.431621,17.395524],[78.431644,17.395588],[78.431584,17.395608]]]},"properties":{"id":"961e3dfb6af9","height":null,"num_floors":null,"render_height_m":6.4,"height_label":"assumed"}},{"type":"Feature","geometry":{"type":"Polygon","coordinates":[[[78.43154,17.395036],[78.431559,17.395452],[78.431392,17.395459],[78.431373,17.395043],[78.43154,17.395036]]]},"properties":{"id":"4ea12fe6f7b2","height":null,"num_floors":null,"render_height_m":19.2,"height_label":"assumed"}},{"type":"Feature","geometry":{"type":"Polygon","coordinates":[[[78.431481,17.394921],[78.431496,17.395018],[78.43143,17.395028],[78.431415,17.394931],[78.431481,17.394921]]]},"properties":{"id":"7380ab6f0663","height":null,"num_floors":null,"render_height_m":6.4,"height_label":"assumed"}},{"type":"Feature","geometry":{"type":"Polygon","coordinates":[[[78.43152,17.3947],[78.431554,17.394857],[78.431374,17.394893],[78.43134,17.394735],[78.43152,17.3947]]]},"properties":{"id":"c46b0f0fbec2","height":null,"num_floors":null,"render_height_m":12.8,"height_label":"assumed"}},{"type":"Feature","geometry":{"type":"Polygon","coordinates":[[[78.430816,17.395563],[78.430708,17.395573],[78.430716,17.395536],[78.430756,17.39519],[78.430808,17.395179],[78.430816,17.395563]]]},"properties":{"id":"0b9fad74a39e","height":null,"num_floors":null,"render_height_m":12.8,"height_label":"assumed"}},{"type":"Feature","geometry":{"type":"Polygon","coordinates":[[[78.430855,17.394957],[78.430713,17.394981],[78.430687,17.394844],[78.430829,17.39482],[78.430855,17.394957]]]},"properties":{"id":"7bd5a3af949a","height":null,"num_floors":null,"render_height_m":9.6,"height_label":"assumed"}},{"type":"Feature","geometry":{"type":"Polygon","coordinates":[[[78.430875,17.395109],[78.430734,17.395116],[78.430727,17.394994],[78.430868,17.394987],[78.430875,17.395109]]]},"properties":{"id":"4df19c3542bb","height":null,"num_floors":null,"render_height_m":9.6,"height_label":"assumed"}},{"type":"Feature","geometry":{"type":"Polygon","coordinates":[[[78.430521,17.394996],[78.430511,17.394852],[78.430634,17.394844],[78.430645,17.394987],[78.430521,17.394996]]]},"properties":{"id":"52496efa4808","height":null,"num_floors":null,"render_height_m":9.6,"height_label":"assumed"}},{"type":"Feature","geometry":{"type":"Polygon","coordinates":[[[78.430689,17.395158],[78.430547,17.395166],[78.430538,17.395024],[78.43068,17.395016],[78.430689,17.395158]]]},"properties":{"id":"348fd6c2afe9","height":null,"num_floors":null,"render_height_m":9.6,"height_label":"assumed"}},{"type":"Feature","geometry":{"type":"Polygon","coordinates":[[[78.430607,17.395177],[78.430637,17.395178],[78.430635,17.395234],[78.430605,17.395233],[78.430607,17.395177]]]},"properties":{"id":"c72a3fc31dd4","height":null,"num_floors":null,"render_height_m":6.4,"height_label":"assumed"}},{"type":"Feature","geometry":{"type":"Polygon","coordinates":[[[78.430697,17.395287],[78.4307,17.395416],[78.430568,17.395419],[78.430565,17.395289],[78.430697,17.395287]]]},"properties":{"id":"765ff0302b59","height":null,"num_floors":null,"render_height_m":9.6,"height_label":"assumed"}},{"type":"Feature","geometry":{"type":"Polygon","coordinates":[[[78.430593,17.395629],[78.430574,17.395456],[78.430668,17.395447],[78.430681,17.395564],[78.430687,17.39562],[78.430593,17.395629]]]},"properties":{"id":"63e98996655e","height":null,"num_floors":null,"render_height_m":9.6,"height_label":"assumed"}},{"type":"Feature","geometry":{"type":"Polygon","coordinates":[[[78.430431,17.396395],[78.430468,17.396385],[78.430474,17.396405],[78.430547,17.396385],[78.43057,17.39646],[78.43046,17.396491],[78.430431,17.396395]]]},"properties":{"id":"2840521b8734","height":null,"num_floors":null,"render_height_m":9.6,"height_label":"assumed"}},{"type":"Feature","geometry":{"type":"Polygon","coordinates":[[[78.431421,17.397475],[78.431461,17.397487],[78.431448,17.397529],[78.431408,17.397517],[78.431421,17.397475]]]},"properties":{"id":"19b980235be0","height":null,"num_floors":null,"render_height_m":6.4,"height_label":"assumed"}},{"type":"Feature","geometry":{"type":"Polygon","coordinates":[[[78.43094,17.396948],[78.430986,17.39697],[78.430959,17.39702],[78.430913,17.396998],[78.43094,17.396948]]]},"properties":{"id":"0c693a6fc8a8","height":null,"num_floors":null,"render_height_m":6.4,"height_label":"assumed"}},{"type":"Feature","geometry":{"type":"Polygon","coordinates":[[[78.430748,17.397471],[78.430753,17.39757],[78.430416,17.397586],[78.430411,17.397487],[78.430748,17.397471]]]},"properties":{"id":"c7732e6538f8","height":null,"num_floors":null,"render_height_m":12.8,"height_label":"assumed"}},{"type":"Feature","geometry":{"type":"Polygon","coordinates":[[[78.430708,17.397638],[78.430681,17.39764],[78.430684,17.39768],[78.430507,17.397688],[78.430502,17.397603],[78.430706,17.397592],[78.430708,17.397638]]]},"properties":{"id":"6aaeb244f335","height":null,"num_floors":null,"render_height_m":9.6,"height_label":"assumed"}},{"type":"Feature","geometry":{"type":"Polygon","coordinates":[[[78.430957,17.39886],[78.430914,17.39897],[78.430832,17.39894],[78.430875,17.398831],[78.430957,17.39886]]]},"properties":{"id":"182ccb651c99","height":null,"num_floors":null,"render_height_m":9.6,"height_label":"assumed"}},{"type":"Feature","geometry":{"type":"Polygon","coordinates":[[[78.431294,17.398671],[78.431496,17.398773],[78.431507,17.398753],[78.431541,17.39877],[78.431511,17.398827],[78.431274,17.398708],[78.431294,17.398671]]]},"properties":{"id":"e3ba0f30e8f8","height":null,"num_floors":null,"render_height_m":9.6,"height_label":"assumed"}},{"type":"Feature","geometry":{"type":"Polygon","coordinates":[[[78.431287,17.398115],[78.431439,17.398193],[78.431408,17.398248],[78.431256,17.398171],[78.431287,17.398115]]]},"properties":{"id":"9e5d43b4e898","height":null,"num_floors":null,"render_height_m":9.6,"height_label":"assumed"}},{"type":"Feature","geometry":{"type":"Polygon","coordinates":[[[78.431325,17.397892],[78.431291,17.397957],[78.431185,17.397906],[78.431201,17.397876],[78.43125,17.3979],[78.431269,17.397864],[78.431325,17.397892]]]},"properties":{"id":"fb5858d57f8c","height":null,"num_floors":null,"render_height_m":6.4,"height_label":"assumed"}},{"type":"Feature","geometry":{"type":"Polygon","coordinates":[[[78.431529,17.398437],[78.431584,17.398453],[78.431572,17.398492],[78.431517,17.398476],[78.431529,17.398437]]]},"properties":{"id":"9f02b1058932","height":null,"num_floors":null,"render_height_m":6.4,"height_label":"assumed"}},{"type":"Feature","geometry":{"type":"Polygon","coordinates":[[[78.431506,17.398469],[78.431588,17.398503],[78.431551,17.398582],[78.43147,17.398548],[78.431506,17.398469]]]},"properties":{"id":"5369661a5f0e","height":null,"num_floors":null,"render_height_m":9.6,"height_label":"assumed"}},{"type":"Feature","geometry":{"type":"Polygon","coordinates":[[[78.431647,17.398638],[78.431677,17.398643],[78.431669,17.398688],[78.431639,17.398683],[78.431647,17.398638]]]},"properties":{"id":"5969d606fba0","height":null,"num_floors":null,"render_height_m":6.4,"height_label":"assumed"}},{"type":"Feature","geometry":{"type":"Polygon","coordinates":[[[78.43198,17.393026],[78.431973,17.392901],[78.432096,17.392895],[78.432103,17.39302],[78.43198,17.393026]]]},"properties":{"id":"4d079347318c","height":null,"num_floors":null,"render_height_m":9.6,"height_label":"assumed"}},{"type":"Feature","geometry":{"type":"Polygon","coordinates":[[[78.431963,17.392693],[78.431956,17.392473],[78.432027,17.392471],[78.432034,17.392691],[78.431963,17.392693]]]},"properties":{"id":"06ea021c135d","height":null,"num_floors":null,"render_height_m":9.6,"height_label":"assumed"}},{"type":"Feature","geometry":{"type":"Polygon","coordinates":[[[78.43193,17.392501],[78.431931,17.392642],[78.431856,17.392643],[78.431854,17.392502],[78.43193,17.392501]]]},"properties":{"id":"b19ce99a438d","height":null,"num_floors":null,"render_height_m":9.6,"height_label":"assumed"}},{"type":"Feature","geometry":{"type":"Polygon","coordinates":[[[78.431842,17.392462],[78.431842,17.392566],[78.431771,17.392566],[78.431771,17.392462],[78.431842,17.392462]]]},"properties":{"id":"99b98187be63","height":null,"num_floors":null,"render_height_m":9.6,"height_label":"assumed"}},{"type":"Feature","geometry":{"type":"Polygon","coordinates":[[[78.431785,17.392381],[78.43178,17.392219],[78.431845,17.392218],[78.43185,17.392379],[78.431785,17.392381]]]},"properties":{"id":"7999bb30ccf4","height":null,"num_floors":null,"render_height_m":9.6,"height_label":"assumed"}},{"type":"Feature","geometry":{"type":"Polygon","coordinates":[[[78.431934,17.392218],[78.431936,17.39239],[78.43186,17.392391],[78.431859,17.392218],[78.431934,17.392218]]]},"properties":{"id":"5b91481a4450","height":null,"num_floors":null,"render_height_m":9.6,"height_label":"assumed"}},{"type":"Feature","geometry":{"type":"Polygon","coordinates":[[[78.43195,17.392388],[78.431948,17.392221],[78.432017,17.39222],[78.432018,17.392388],[78.43195,17.392388]]]},"properties":{"id":"da0523674be7","height":null,"num_floors":null,"render_height_m":9.6,"height_label":"assumed"}},{"type":"Feature","geometry":{"type":"Polygon","coordinates":[[[78.431847,17.39221],[78.431849,17.392069],[78.431912,17.392069],[78.431912,17.392085],[78.432016,17.392087],[78.432014,17.392212],[78.431847,17.39221]]]},"properties":{"id":"240ccd2ae0ec","height":null,"num_floors":null,"render_height_m":12.8,"height_label":"assumed"}},{"type":"Feature","geometry":{"type":"Polygon","coordinates":[[[78.431934,17.391991],[78.431933,17.391918],[78.432084,17.391916],[78.432085,17.391989],[78.431934,17.391991]]]},"properties":{"id":"3ea26e8983dd","height":null,"num_floors":null,"render_height_m":9.6,"height_label":"assumed"}},{"type":"Feature","geometry":{"type":"Polygon","coordinates":[[[78.431849,17.391826],[78.431851,17.391999],[78.431727,17.392],[78.431725,17.391827],[78.431849,17.391826]]]},"properties":{"id":"bf238bddaaeb","height":null,"num_floors":null,"render_height_m":12.8,"height_label":"assumed"}},{"type":"Feature","geometry":{"type":"Polygon","coordinates":[[[78.431769,17.392207],[78.431771,17.392059],[78.431841,17.39206],[78.431838,17.392208],[78.431769,17.392207]]]},"properties":{"id":"0713f4080eed","height":null,"num_floors":null,"render_height_m":9.6,"height_label":"assumed"}},{"type":"Feature","geometry":{"type":"Polygon","coordinates":[[[78.431684,17.392196],[78.431681,17.392078],[78.431762,17.392077],[78.431764,17.392194],[78.431684,17.392196]]]},"properties":{"id":"77bb6b4ebbba","height":null,"num_floors":null,"render_height_m":9.6,"height_label":"assumed"}},{"type":"Feature","geometry":{"type":"Polygon","coordinates":[[[78.431577,17.392055],[78.431581,17.392192],[78.431504,17.392194],[78.4315,17.392057],[78.431577,17.392055]]]},"properties":{"id":"4c647ece13bb","height":null,"num_floors":null,"render_height_m":9.6,"height_label":"assumed"}},{"type":"Feature","geometry":{"type":"Polygon","coordinates":[[[78.431674,17.392056],[78.431675,17.392192],[78.431603,17.392192],[78.431602,17.392057],[78.431674,17.392056]]]},"properties":{"id":"ae9dd8567b06","height":null,"num_floors":null,"render_height_m":9.6,"height_label":"assumed"}},{"type":"Feature","geometry":{"type":"Polygon","coordinates":[[[78.431532,17.392373],[78.431531,17.392198],[78.431622,17.392197],[78.431623,17.392373],[78.431532,17.392373]]]},"properties":{"id":"f4c17c700cbc","height":null,"num_floors":null,"render_height_m":9.6,"height_label":"assumed"}},{"type":"Feature","geometry":{"type":"Polygon","coordinates":[[[78.431633,17.392375],[78.431635,17.392217],[78.431688,17.392218],[78.431686,17.392376],[78.431633,17.392375]]]},"properties":{"id":"825bf5159879","height":null,"num_floors":null,"render_height_m":9.6,"height_label":"assumed"}},{"type":"Feature","geometry":{"type":"Polygon","coordinates":[[[78.431761,17.392211],[78.431765,17.392364],[78.431696,17.392366],[78.431691,17.392213],[78.431761,17.392211]]]},"properties":{"id":"8cd98861c92a","height":null,"num_floors":null,"render_height_m":9.6,"height_label":"assumed"}},{"type":"Feature","geometry":{"type":"Polygon","coordinates":[[[78.431765,17.392564],[78.431685,17.392564],[78.431685,17.392469],[78.431765,17.392469],[78.431765,17.392564]]]},"properties":{"id":"8cfbbcb5343e","height":null,"num_floors":null,"render_height_m":9.6,"height_label":"assumed"}},{"type":"Feature","geometry":{"type":"Polygon","coordinates":[[[78.431674,17.392567],[78.431609,17.392567],[78.431609,17.392471],[78.431674,17.392471],[78.431674,17.392567]]]},"properties":{"id":"d96aac08d355","height":null,"num_floors":null,"render_height_m":6.4,"height_label":"assumed"}},{"type":"Feature","geometry":{"type":"Polygon","coordinates":[[[78.431601,17.392561],[78.431522,17.392563],[78.43152,17.39246],[78.431598,17.392458],[78.431601,17.392561]]]},"properties":{"id":"536eae8e82d0","height":null,"num_floors":null,"render_height_m":9.6,"height_label":"assumed"}},{"type":"Feature","geometry":{"type":"Polygon","coordinates":[[[78.432034,17.392803],[78.431955,17.392805],[78.431952,17.392708],[78.432031,17.392706],[78.432034,17.392803]]]},"properties":{"id":"6bde8ced4290","height":null,"num_floors":null,"render_height_m":9.6,"height_label":"assumed"}},{"type":"Feature","geometry":{"type":"Polygon","coordinates":[[[78.431291,17.39298],[78.431323,17.39298],[78.431322,17.393032],[78.43129,17.393031],[78.431291,17.39298]]]},"properties":{"id":"23f815686c56","height":null,"num_floors":null,"render_height_m":6.4,"height_label":"assumed"}},{"type":"Feature","geometry":{"type":"Polygon","coordinates":[[[78.431288,17.392933],[78.431315,17.392931],[78.431318,17.392975],[78.431292,17.392976],[78.431288,17.392933]]]},"properties":{"id":"324a215af277","height":null,"num_floors":null,"render_height_m":6.4,"height_label":"assumed"}},{"type":"Feature","geometry":{"type":"Polygon","coordinates":[[[78.431269,17.392657],[78.431303,17.392656],[78.431306,17.392739],[78.431272,17.39274],[78.431269,17.392657]]]},"properties":{"id":"6b243c407ac6","height":null,"num_floors":null,"render_height_m":6.4,"height_label":"assumed"}},{"type":"Feature","geometry":{"type":"Polygon","coordinates":[[[78.430742,17.392887],[78.430791,17.39289],[78.430784,17.393029],[78.430735,17.393027],[78.430742,17.392887]]]},"properties":{"id":"00893beb9b4c","height":null,"num_floors":null,"render_height_m":9.6,"height_label":"assumed"}},{"type":"Feature","geometry":{"type":"Polygon","coordinates":[[[78.43055,17.393196],[78.430559,17.393008],[78.430686,17.393013],[78.430684,17.393057],[78.430716,17.393058],[78.430709,17.393203],[78.43055,17.393196]]]},"properties":{"id":"9152db044aa3","height":null,"num_floors":null,"render_height_m":12.8,"height_label":"assumed"}},{"type":"Feature","geometry":{"type":"Polygon","coordinates":[[[78.430681,17.392989],[78.430686,17.392854],[78.430733,17.392855],[78.430728,17.392991],[78.430681,17.392989]]]},"properties":{"id":"9d6eb251d72c","height":null,"num_floors":null,"render_height_m":6.4,"height_label":"assumed"}},{"type":"Feature","geometry":{"type":"Polygon","coordinates":[[[78.43067,17.393004],[78.430615,17.393003],[78.43062,17.392867],[78.430674,17.392869],[78.43067,17.393004]]]},"properties":{"id":"2e791819b328","height":null,"num_floors":null,"render_height_m":9.6,"height_label":"assumed"}},{"type":"Feature","geometry":{"type":"Polygon","coordinates":[[[78.430557,17.393001],[78.430562,17.392864],[78.430615,17.392865],[78.43061,17.393003],[78.430557,17.393001]]]},"properties":{"id":"b4d087d70bfe","height":null,"num_floors":null,"render_height_m":9.6,"height_label":"assumed"}},{"type":"Feature","geometry":{"type":"Polygon","coordinates":[[[78.430545,17.39301],[78.430442,17.393007],[78.430446,17.392865],[78.430549,17.392868],[78.430545,17.39301]]]},"properties":{"id":"f856cd2b6d96","height":null,"num_floors":null,"render_height_m":9.6,"height_label":"assumed"}},{"type":"Feature","geometry":{"type":"Polygon","coordinates":[[[78.430564,17.392658],[78.430555,17.392566],[78.43072,17.392551],[78.430729,17.392643],[78.430564,17.392658]]]},"properties":{"id":"c380f81644c4","height":null,"num_floors":null,"render_height_m":9.6,"height_label":"assumed"}},{"type":"Feature","geometry":{"type":"Polygon","coordinates":[[[78.430565,17.392773],[78.430564,17.392686],[78.430701,17.392685],[78.430702,17.392772],[78.430565,17.392773]]]},"properties":{"id":"d8a731d594f1","height":null,"num_floors":null,"render_height_m":9.6,"height_label":"assumed"}},{"type":"Feature","geometry":{"type":"Polygon","coordinates":[[[78.430717,17.392547],[78.430548,17.392557],[78.430543,17.392477],[78.430711,17.392467],[78.430717,17.392547]]]},"properties":{"id":"6748e057afd4","height":null,"num_floors":null,"render_height_m":9.6,"height_label":"assumed"}},{"type":"Feature","geometry":{"type":"Polygon","coordinates":[[[78.430703,17.392382],[78.430528,17.392416],[78.430505,17.392269],[78.430667,17.39222],[78.430703,17.392382]]]},"properties":{"id":"2aaadd31a4c5","height":null,"num_floors":null,"render_height_m":12.8,"height_label":"assumed"}},{"type":"Feature","geometry":{"type":"Polygon","coordinates":[[[78.4307,17.392174],[78.430689,17.392119],[78.430717,17.392114],[78.430729,17.392168],[78.4307,17.392174]]]},"properties":{"id":"670c2d8ff325","height":null,"num_floors":null,"render_height_m":6.4,"height_label":"assumed"}},{"type":"Feature","geometry":{"type":"Polygon","coordinates":[[[78.430505,17.392224],[78.430456,17.392074],[78.430613,17.392027],[78.430662,17.392177],[78.430505,17.392224]]]},"properties":{"id":"4ef055340338","height":null,"num_floors":null,"render_height_m":12.8,"height_label":"assumed"}},{"type":"Feature","geometry":{"type":"Polygon","coordinates":[[[78.43043,17.392074],[78.430387,17.391944],[78.430567,17.391889],[78.43061,17.39202],[78.43043,17.392074]]]},"properties":{"id":"8a4c754f330a","height":null,"num_floors":null,"render_height_m":12.8,"height_label":"assumed"}},{"type":"Feature","geometry":{"type":"Polygon","coordinates":[[[78.430659,17.391912],[78.430682,17.391996],[78.43064,17.392007],[78.430617,17.391923],[78.430659,17.391912]]]},"properties":{"id":"5bda724b0c41","height":null,"num_floors":null,"render_height_m":6.4,"height_label":"assumed"}},{"type":"Feature","geometry":{"type":"Polygon","coordinates":[[[78.430695,17.391989],[78.430707,17.392037],[78.430653,17.392049],[78.430641,17.392001],[78.430695,17.391989]]]},"properties":{"id":"991681c6fd2b","height":null,"num_floors":null,"render_height_m":6.4,"height_label":"assumed"}},{"type":"Feature","geometry":{"type":"Polygon","coordinates":[[[78.431419,17.392174],[78.431419,17.392363],[78.431332,17.392363],[78.431332,17.392174],[78.431419,17.392174]]]},"properties":{"id":"4236eddf9c33","height":null,"num_floors":null,"render_height_m":9.6,"height_label":"assumed"}},{"type":"Feature","geometry":{"type":"Polygon","coordinates":[[[78.431414,17.392588],[78.431325,17.392586],[78.431329,17.392469],[78.431418,17.392472],[78.431414,17.392588]]]},"properties":{"id":"045b6744b8b2","height":null,"num_floors":null,"render_height_m":9.6,"height_label":"assumed"}},{"type":"Feature","geometry":{"type":"Polygon","coordinates":[[[78.431513,17.392563],[78.431429,17.392563],[78.431428,17.392451],[78.431512,17.392451],[78.431513,17.392563]]]},"properties":{"id":"8c84ba3a6d0f","height":null,"num_floors":null,"render_height_m":9.6,"height_label":"assumed"}},{"type":"Feature","geometry":{"type":"Polygon","coordinates":[[[78.431496,17.392198],[78.431501,17.392381],[78.431426,17.392383],[78.431421,17.3922],[78.431496,17.392198]]]},"properties":{"id":"bf58b6b154c5","height":null,"num_floors":null,"render_height_m":9.6,"height_label":"assumed"}},{"type":"Feature","geometry":{"type":"Polygon","coordinates":[[[78.431498,17.392049],[78.431498,17.39219],[78.431421,17.39219],[78.431421,17.392049],[78.431498,17.392049]]]},"properties":{"id":"c077e5800eec","height":null,"num_floors":null,"render_height_m":9.6,"height_label":"assumed"}},{"type":"Feature","geometry":{"type":"Polygon","coordinates":[[[78.431415,17.392165],[78.431335,17.392165],[78.431336,17.392032],[78.431416,17.392032],[78.431415,17.392165]]]},"properties":{"id":"c8383d602c74","height":null,"num_floors":null,"render_height_m":9.6,"height_label":"assumed"}},{"type":"Feature","geometry":{"type":"Polygon","coordinates":[[[78.431457,17.391962],[78.431329,17.391956],[78.431333,17.391878],[78.431461,17.391884],[78.431457,17.391962]]]},"properties":{"id":"f116e68107f6","height":null,"num_floors":null,"render_height_m":9.6,"height_label":"assumed"}},{"type":"Feature","geometry":{"type":"Polygon","coordinates":[[[78.429894,17.392436],[78.429913,17.392504],[78.429815,17.39253],[78.429796,17.392462],[78.429894,17.392436]]]},"properties":{"id":"ebfd1e0883c6","height":null,"num_floors":null,"render_height_m":9.6,"height_label":"assumed"}},{"type":"Feature","geometry":{"type":"Polygon","coordinates":[[[78.429876,17.392377],[78.429883,17.392416],[78.429848,17.392423],[78.429841,17.392384],[78.429876,17.392377]]]},"properties":{"id":"b9fb2d54d8fb","height":null,"num_floors":null,"render_height_m":6.4,"height_label":"assumed"}},{"type":"Feature","geometry":{"type":"Polygon","coordinates":[[[78.430063,17.392262],[78.429908,17.392309],[78.429886,17.392243],[78.430042,17.392197],[78.430063,17.392262]]]},"properties":{"id":"4eae8dab98d6","height":null,"num_floors":null,"render_height_m":9.6,"height_label":"assumed"}},{"type":"Feature","geometry":{"type":"Polygon","coordinates":[[[78.430013,17.392142],[78.429869,17.392181],[78.429842,17.392092],[78.429986,17.392053],[78.430013,17.392142]]]},"properties":{"id":"def4c9fb3e02","height":null,"num_floors":null,"render_height_m":9.6,"height_label":"assumed"}},{"type":"Feature","geometry":{"type":"Polygon","coordinates":[[[78.430176,17.392072],[78.430029,17.392112],[78.430009,17.392047],[78.430157,17.392007],[78.430176,17.392072]]]},"properties":{"id":"fbc9cf2a3c11","height":null,"num_floors":null,"render_height_m":9.6,"height_label":"assumed"}},{"type":"Feature","geometry":{"type":"Polygon","coordinates":[[[78.430194,17.392156],[78.430066,17.39219],[78.430046,17.392121],[78.430173,17.392087],[78.430194,17.392156]]]},"properties":{"id":"a39c184ef098","height":null,"num_floors":null,"render_height_m":9.6,"height_label":"assumed"}},{"type":"Feature","geometry":{"type":"Polygon","coordinates":[[[78.43025,17.392179],[78.430259,17.392208],[78.430205,17.392222],[78.430197,17.392193],[78.43025,17.392179]]]},"properties":{"id":"7174d48b8f8f","height":null,"num_floors":null,"render_height_m":6.4,"height_label":"assumed"}},{"type":"Feature","geometry":{"type":"Polygon","coordinates":[[[78.430382,17.392074],[78.430283,17.392101],[78.430245,17.391973],[78.430344,17.391946],[78.430382,17.392074]]]},"properties":{"id":"342d7891d2b1","height":null,"num_floors":null,"render_height_m":9.6,"height_label":"assumed"}},{"type":"Feature","geometry":{"type":"Polygon","coordinates":[[[78.430439,17.392096],[78.430476,17.392226],[78.430328,17.392265],[78.430291,17.392135],[78.430439,17.392096]]]},"properties":{"id":"28b7cd5bbb9d","height":null,"num_floors":null,"render_height_m":9.6,"height_label":"assumed"}},{"type":"Feature","geometry":{"type":"Polygon","coordinates":[[[78.430275,17.392204],[78.430283,17.392243],[78.430245,17.39225],[78.430237,17.392211],[78.430275,17.392204]]]},"properties":{"id":"b66c13b35a1d","height":null,"num_floors":null,"render_height_m":6.4,"height_label":"assumed"}},{"type":"Feature","geometry":{"type":"Polygon","coordinates":[[[78.43051,17.392329],[78.430371,17.392361],[78.430348,17.392271],[78.430487,17.392239],[78.43051,17.392329]]]},"properties":{"id":"9ebb5d0e838f","height":null,"num_floors":null,"render_height_m":9.6,"height_label":"assumed"}},{"type":"Feature","geometry":{"type":"Polygon","coordinates":[[[78.430517,17.392412],[78.430377,17.392446],[78.430358,17.392373],[78.430498,17.39234],[78.430517,17.392412]]]},"properties":{"id":"b67f34439211","height":null,"num_floors":null,"render_height_m":9.6,"height_label":"assumed"}},{"type":"Feature","geometry":{"type":"Polygon","coordinates":[[[78.430542,17.392502],[78.430408,17.392535],[78.430387,17.392455],[78.43052,17.392422],[78.430542,17.392502]]]},"properties":{"id":"ab9802cbb457","height":null,"num_floors":null,"render_height_m":9.6,"height_label":"assumed"}},{"type":"Feature","geometry":{"type":"Polygon","coordinates":[[[78.430333,17.392558],[78.430275,17.39257],[78.430251,17.39247],[78.430309,17.392457],[78.430333,17.392558]]]},"properties":{"id":"0559e8983ae0","height":null,"num_floors":null,"render_height_m":6.4,"height_label":"assumed"}},{"type":"Feature","geometry":{"type":"Polygon","coordinates":[[[78.430168,17.39255],[78.430157,17.392495],[78.43023,17.392481],[78.430247,17.392563],[78.430211,17.39257],[78.430208,17.392548],[78.430168,17.39255]]]},"properties":{"id":"51f282362885","height":null,"num_floors":null,"render_height_m":6.4,"height_label":"assumed"}},{"type":"Feature","geometry":{"type":"Polygon","coordinates":[[[78.430152,17.392489],[78.430124,17.3924],[78.430289,17.392352],[78.430317,17.392441],[78.430152,17.392489]]]},"properties":{"id":"abf34d5d0e63","height":null,"num_floors":null,"render_height_m":9.6,"height_label":"assumed"}},{"type":"Feature","geometry":{"type":"Polygon","coordinates":[[[78.430239,17.392353],[78.430107,17.392391],[78.430084,17.392318],[78.430216,17.39228],[78.430239,17.392353]]]},"properties":{"id":"7925f393c7f4","height":null,"num_floors":null,"render_height_m":9.6,"height_label":"assumed"}},{"type":"Feature","geometry":{"type":"Polygon","coordinates":[[[78.430085,17.392376],[78.429929,17.392413],[78.429909,17.392339],[78.430066,17.392302],[78.430085,17.392376]]]},"properties":{"id":"46a1e4f87f5f","height":null,"num_floors":null,"render_height_m":9.6,"height_label":"assumed"}},{"type":"Feature","geometry":{"type":"Polygon","coordinates":[[[78.430125,17.392499],[78.429981,17.39253],[78.429955,17.39242],[78.430099,17.392389],[78.430125,17.392499]]]},"properties":{"id":"0ff45ae1f064","height":null,"num_floors":null,"render_height_m":9.6,"height_label":"assumed"}},{"type":"Feature","geometry":{"type":"Polygon","coordinates":[[[78.430082,17.392589],[78.430076,17.392729],[78.429972,17.392725],[78.429978,17.392585],[78.430082,17.392589]]]},"properties":{"id":"33c3d16e53be","height":null,"num_floors":null,"render_height_m":9.6,"height_label":"assumed"}},{"type":"Feature","geometry":{"type":"Polygon","coordinates":[[[78.429944,17.392819],[78.430054,17.392824],[78.430045,17.393007],[78.429935,17.393003],[78.429944,17.392819]]]},"properties":{"id":"a7949dad0f6a","height":null,"num_floors":null,"render_height_m":9.6,"height_label":"assumed"}},{"type":"Feature","geometry":{"type":"Polygon","coordinates":[[[78.430074,17.392869],[78.430176,17.392872],[78.430172,17.393008],[78.43007,17.393006],[78.430074,17.392869]]]},"properties":{"id":"a66f6ec84521","height":null,"num_floors":null,"render_height_m":9.6,"height_label":"assumed"}},{"type":"Feature","geometry":{"type":"Polygon","coordinates":[[[78.43009,17.392697],[78.430096,17.392553],[78.430202,17.392555],[78.430198,17.392701],[78.43009,17.392697]]]},"properties":{"id":"f4dd5daf332b","height":null,"num_floors":null,"render_height_m":9.6,"height_label":"assumed"}},{"type":"Feature","geometry":{"type":"Polygon","coordinates":[[[78.43021,17.39277],[78.430213,17.392585],[78.430252,17.392585],[78.430249,17.392771],[78.43021,17.39277]]]},"properties":{"id":"0d3fd396abf1","height":null,"num_floors":null,"render_height_m":9.6,"height_label":"assumed"}},{"type":"Feature","geometry":{"type":"Polygon","coordinates":[[[78.430255,17.392776],[78.430255,17.392576],[78.430311,17.392576],[78.430311,17.392776],[78.430255,17.392776]]]},"properties":{"id":"a9eba992c3c9","height":null,"num_floors":null,"render_height_m":9.6,"height_label":"assumed"}},{"type":"Feature","geometry":{"type":"Polygon","coordinates":[[[78.430318,17.392738],[78.430324,17.392624],[78.430399,17.392628],[78.430392,17.392742],[78.430318,17.392738]]]},"properties":{"id":"8d5226887d9d","height":null,"num_floors":null,"render_height_m":9.6,"height_label":"assumed"}},{"type":"Feature","geometry":{"type":"Polygon","coordinates":[[[78.430521,17.392668],[78.430518,17.392759],[78.43043,17.392757],[78.430431,17.392693],[78.430448,17.392693],[78.430449,17.392651],[78.430502,17.392652],[78.430502,17.392668],[78.430521,17.392668]]]},"properties":{"id":"6b768bcadf2c","height":null,"num_floors":null,"render_height_m":9.6,"height_label":"assumed"}},{"type":"Feature","geometry":{"type":"Polygon","coordinates":[[[78.430198,17.393022],[78.4302,17.392879],[78.430307,17.392881],[78.430305,17.393024],[78.430198,17.393022]]]},"properties":{"id":"8c0489b38a82","height":null,"num_floors":null,"render_height_m":9.6,"height_label":"assumed"}},{"type":"Feature","geometry":{"type":"Polygon","coordinates":[[[78.430429,17.39301],[78.430323,17.393012],[78.43032,17.392895],[78.430427,17.392893],[78.430429,17.39301]]]},"properties":{"id":"4fb5fe37314f","height":null,"num_floors":null,"render_height_m":9.6,"height_label":"assumed"}},{"type":"Feature","geometry":{"type":"Polygon","coordinates":[[[78.430541,17.393022],[78.430534,17.393218],[78.430427,17.393214],[78.430434,17.393019],[78.430541,17.393022]]]},"properties":{"id":"7bc0a10f93cf","height":null,"num_floors":null,"render_height_m":9.6,"height_label":"assumed"}},{"type":"Feature","geometry":{"type":"Polygon","coordinates":[[[78.430311,17.39303],[78.430425,17.393033],[78.430419,17.393231],[78.430305,17.393227],[78.430311,17.39303]]]},"properties":{"id":"0263ee9e0cbc","height":null,"num_floors":null,"render_height_m":12.8,"height_label":"assumed"}},{"type":"Feature","geometry":{"type":"Polygon","coordinates":[[[78.430189,17.393213],[78.430194,17.393052],[78.430308,17.393055],[78.430302,17.393217],[78.430189,17.393213]]]},"properties":{"id":"2d06a6a81d38","height":null,"num_floors":null,"render_height_m":9.6,"height_label":"assumed"}},{"type":"Feature","geometry":{"type":"Polygon","coordinates":[[[78.430166,17.39302],[78.430157,17.393206],[78.430053,17.393201],[78.430062,17.393015],[78.430166,17.39302]]]},"properties":{"id":"5dea29468140","height":null,"num_floors":null,"render_height_m":9.6,"height_label":"assumed"}},{"type":"Feature","geometry":{"type":"Polygon","coordinates":[[[78.430034,17.393182],[78.429929,17.393179],[78.429934,17.393018],[78.430039,17.393021],[78.430034,17.393182]]]},"properties":{"id":"3fca2b9b2e81","height":null,"num_floors":null,"render_height_m":9.6,"height_label":"assumed"}},{"type":"Feature","geometry":{"type":"Polygon","coordinates":[[[78.429916,17.393142],[78.429916,17.393181],[78.429807,17.393181],[78.429806,17.393003],[78.429906,17.393003],[78.429907,17.393142],[78.429916,17.393142]]]},"properties":{"id":"a99ad010a59a","height":null,"num_floors":null,"render_height_m":9.6,"height_label":"assumed"}},{"type":"Feature","geometry":{"type":"Polygon","coordinates":[[[78.429923,17.39297],[78.429805,17.392967],[78.429809,17.392826],[78.429927,17.392829],[78.429923,17.39297]]]},"properties":{"id":"1d232d285d66","height":null,"num_floors":null,"render_height_m":9.6,"height_label":"assumed"}},{"type":"Feature","geometry":{"type":"Polygon","coordinates":[[[78.429974,17.392545],[78.42997,17.39272],[78.429901,17.392718],[78.429902,17.392705],[78.429858,17.392704],[78.429862,17.392543],[78.429974,17.392545]]]},"properties":{"id":"607416f4a9da","height":null,"num_floors":null,"render_height_m":9.6,"height_label":"assumed"}},{"type":"Feature","geometry":{"type":"Polygon","coordinates":[[[78.429852,17.392581],[78.429845,17.392711],[78.429742,17.392706],[78.429749,17.392576],[78.429852,17.392581]]]},"properties":{"id":"f113b13e7dad","height":null,"num_floors":null,"render_height_m":9.6,"height_label":"assumed"}},{"type":"Feature","geometry":{"type":"Polygon","coordinates":[[[78.434483,17.400006],[78.434501,17.400071],[78.434432,17.400088],[78.434415,17.400023],[78.434483,17.400006]]]},"properties":{"id":"a084aa2ef1ed","height":null,"num_floors":null,"render_height_m":6.4,"height_label":"assumed"}},{"type":"Feature","geometry":{"type":"Polygon","coordinates":[[[78.434289,17.399734],[78.434298,17.399769],[78.434239,17.399782],[78.43423,17.399747],[78.434289,17.399734]]]},"properties":{"id":"59ab2def8a2b","height":null,"num_floors":null,"render_height_m":6.4,"height_label":"assumed"}},{"type":"Feature","geometry":{"type":"Polygon","coordinates":[[[78.434577,17.399815],[78.434625,17.399967],[78.434532,17.399994],[78.434484,17.399842],[78.434577,17.399815]]]},"properties":{"id":"ccde051a10c1","height":null,"num_floors":null,"render_height_m":9.6,"height_label":"assumed"}},{"type":"Feature","geometry":{"type":"Polygon","coordinates":[[[78.434608,17.399161],[78.43463,17.399255],[78.434571,17.399267],[78.43455,17.399173],[78.434608,17.399161]]]},"properties":{"id":"d65799bc517c","height":null,"num_floors":null,"render_height_m":6.4,"height_label":"assumed"}},{"type":"Feature","geometry":{"type":"Polygon","coordinates":[[[78.434213,17.399441],[78.434239,17.399525],[78.433455,17.399747],[78.433429,17.399663],[78.434213,17.399441]]]},"properties":{"id":"8134411f766c","height":null,"num_floors":null,"render_height_m":19.2,"height_label":"assumed"}},{"type":"Feature","geometry":{"type":"Polygon","coordinates":[[[78.433963,17.399155],[78.433961,17.399072],[78.434042,17.399071],[78.434043,17.399154],[78.433963,17.399155]]]},"properties":{"id":"e37abbc6155d","height":null,"num_floors":null,"render_height_m":6.4,"height_label":"assumed"}},{"type":"Feature","geometry":{"type":"Polygon","coordinates":[[[78.433621,17.399274],[78.433684,17.399268],[78.433694,17.399356],[78.43363,17.399362],[78.433621,17.399274]]]},"properties":{"id":"807483683af7","height":null,"num_floors":null,"render_height_m":6.4,"height_label":"assumed"}},{"type":"Feature","geometry":{"type":"Polygon","coordinates":[[[78.433821,17.399264],[78.433824,17.399307],[78.433782,17.39931],[78.433779,17.399267],[78.433821,17.399264]]]},"properties":{"id":"e45411ff57a6","height":null,"num_floors":null,"render_height_m":6.4,"height_label":"assumed"}},{"type":"Feature","geometry":{"type":"Polygon","coordinates":[[[78.433758,17.39939],[78.433784,17.399392],[78.43378,17.399438],[78.433754,17.399436],[78.433758,17.39939]]]},"properties":{"id":"919a44769f26","height":null,"num_floors":null,"render_height_m":6.4,"height_label":"assumed"}},{"type":"Feature","geometry":{"type":"Polygon","coordinates":[[[78.43354,17.399723],[78.433603,17.399705],[78.433623,17.39977],[78.43356,17.399788],[78.43354,17.399723]]]},"properties":{"id":"0756205e3fa9","height":null,"num_floors":null,"render_height_m":6.4,"height_label":"assumed"}},{"type":"Feature","geometry":{"type":"Polygon","coordinates":[[[78.43366,17.399795],[78.433673,17.399844],[78.433618,17.399858],[78.433605,17.399809],[78.43366,17.399795]]]},"properties":{"id":"79cc2e8a7494","height":null,"num_floors":null,"render_height_m":6.4,"height_label":"assumed"}},{"type":"Feature","geometry":{"type":"Polygon","coordinates":[[[78.433755,17.39977],[78.43377,17.39982],[78.433693,17.399841],[78.433678,17.399791],[78.433755,17.39977]]]},"properties":{"id":"168ca92daae2","height":null,"num_floors":null,"render_height_m":6.4,"height_label":"assumed"}},{"type":"Feature","geometry":{"type":"Polygon","coordinates":[[[78.433778,17.399837],[78.433787,17.399869],[78.433739,17.399881],[78.433754,17.399936],[78.433723,17.399944],[78.433699,17.399857],[78.433778,17.399837]]]},"properties":{"id":"e66631221830","height":null,"num_floors":null,"render_height_m":6.4,"height_label":"assumed"}},{"type":"Feature","geometry":{"type":"Polygon","coordinates":[[[78.43402,17.399596],[78.434026,17.399624],[78.433984,17.399633],[78.433978,17.399605],[78.43402,17.399596]]]},"properties":{"id":"bd5af30422ab","height":null,"num_floors":null,"render_height_m":6.4,"height_label":"assumed"}},{"type":"Feature","geometry":{"type":"Polygon","coordinates":[[[78.434106,17.399772],[78.434111,17.399788],[78.434046,17.399804],[78.434041,17.399788],[78.434106,17.399772]]]},"properties":{"id":"c6509fcce5ee","height":null,"num_floors":null,"render_height_m":6.4,"height_label":"assumed"}},{"type":"Feature","geometry":{"type":"Polygon","coordinates":[[[78.433967,17.399718],[78.433994,17.399818],[78.433856,17.399852],[78.433829,17.399753],[78.433967,17.399718]]]},"properties":{"id":"0403d8cd8dfc","height":null,"num_floors":null,"render_height_m":9.6,"height_label":"assumed"}},{"type":"Feature","geometry":{"type":"Polygon","coordinates":[[[78.433138,17.400088],[78.433067,17.400088],[78.433067,17.39994],[78.43303,17.39994],[78.43303,17.399884],[78.433254,17.399883],[78.433255,17.399936],[78.433138,17.399937],[78.433138,17.400088]]]},"properties":{"id":"a3e2defa3ad0","height":null,"num_floors":null,"render_height_m":12.8,"height_label":"assumed"}},{"type":"Feature","geometry":{"type":"Polygon","coordinates":[[[78.43333,17.399899],[78.433363,17.399901],[78.433361,17.399932],[78.433329,17.39993],[78.43333,17.399899]]]},"properties":{"id":"1c8e21d9e289","height":null,"num_floors":null,"render_height_m":6.4,"height_label":"assumed"}},{"type":"Feature","geometry":{"type":"Polygon","coordinates":[[[78.433595,17.399417],[78.433614,17.399495],[78.433541,17.399511],[78.433522,17.399433],[78.433595,17.399417]]]},"properties":{"id":"4af3378b3930","height":null,"num_floors":null,"render_height_m":6.4,"height_label":"assumed"}},{"type":"Feature","geometry":{"type":"Polygon","coordinates":[[[78.433355,17.399535],[78.433382,17.399533],[78.433385,17.399569],[78.433358,17.399571],[78.433355,17.399535]]]},"properties":{"id":"4ea45c72211f","height":null,"num_floors":null,"render_height_m":6.4,"height_label":"assumed"}},{"type":"Feature","geometry":{"type":"Polygon","coordinates":[[[78.433338,17.399199],[78.4334,17.399183],[78.433411,17.399222],[78.433445,17.399214],[78.43348,17.399346],[78.433383,17.399369],[78.433338,17.399199]]]},"properties":{"id":"e4f75e62a135","height":null,"num_floors":null,"render_height_m":9.6,"height_label":"assumed"}},{"type":"Feature","geometry":{"type":"Polygon","coordinates":[[[78.433143,17.399288],[78.433145,17.399351],[78.433057,17.399354],[78.433055,17.399291],[78.433143,17.399288]]]},"properties":{"id":"be3bd3844204","height":null,"num_floors":null,"render_height_m":6.4,"height_label":"assumed"}},{"type":"Feature","geometry":{"type":"Polygon","coordinates":[[[78.43323,17.399511],[78.433045,17.399515],[78.433041,17.399365],[78.433226,17.399362],[78.43323,17.399511]]]},"properties":{"id":"82263c8b96b3","height":null,"num_floors":null,"render_height_m":12.8,"height_label":"assumed"}},{"type":"Feature","geometry":{"type":"Polygon","coordinates":[[[78.433,17.399751],[78.43303,17.39975],[78.433036,17.399876],[78.433006,17.399877],[78.433,17.399751]]]},"properties":{"id":"bd93130288ec","height":null,"num_floors":null,"render_height_m":6.4,"height_label":"assumed"}},{"type":"Feature","geometry":{"type":"Polygon","coordinates":[[[78.432072,17.399798],[78.432119,17.399804],[78.432108,17.39989],[78.43206,17.399884],[78.432072,17.399798]]]},"properties":{"id":"8f9d22793939","height":null,"num_floors":null,"render_height_m":6.4,"height_label":"assumed"}},{"type":"Feature","geometry":{"type":"Polygon","coordinates":[[[78.432415,17.393371],[78.432424,17.393551],[78.43228,17.393558],[78.432271,17.393378],[78.432415,17.393371]]]},"properties":{"id":"ccaff963242e","height":null,"num_floors":null,"render_height_m":12.8,"height_label":"assumed"}},{"type":"Feature","geometry":{"type":"Polygon","coordinates":[[[78.432573,17.39346],[78.432427,17.393466],[78.432422,17.393363],[78.432568,17.393357],[78.432573,17.39346]]]},"properties":{"id":"8acad0d7e53c","height":null,"num_floors":null,"render_height_m":9.6,"height_label":"assumed"}},{"type":"Feature","geometry":{"type":"Polygon","coordinates":[[[78.432575,17.393533],[78.432436,17.393539],[78.432434,17.393472],[78.432573,17.393466],[78.432575,17.393533]]]},"properties":{"id":"17134ede6fa1","height":null,"num_floors":null,"render_height_m":9.6,"height_label":"assumed"}},{"type":"Feature","geometry":{"type":"Polygon","coordinates":[[[78.432438,17.393645],[78.432436,17.393563],[78.432586,17.39356],[78.432588,17.393642],[78.432438,17.393645]]]},"properties":{"id":"8664909f7c86","height":null,"num_floors":null,"render_height_m":9.6,"height_label":"assumed"}},{"type":"Feature","geometry":{"type":"Polygon","coordinates":[[[78.432433,17.393667],[78.432274,17.393673],[78.43227,17.393592],[78.43243,17.393586],[78.432433,17.393667]]]},"properties":{"id":"b6c556f24ee8","height":null,"num_floors":null,"render_height_m":9.6,"height_label":"assumed"}},{"type":"Feature","geometry":{"type":"Polygon","coordinates":[[[78.432276,17.393761],[78.432276,17.393679],[78.432434,17.39368],[78.432434,17.393762],[78.432276,17.393761]]]},"properties":{"id":"0998efda8555","height":null,"num_floors":null,"render_height_m":9.6,"height_label":"assumed"}},{"type":"Feature","geometry":{"type":"Polygon","coordinates":[[[78.432575,17.393733],[78.432446,17.393735],[78.432445,17.393652],[78.432573,17.39365],[78.432575,17.393733]]]},"properties":{"id":"5cf414ab0d5a","height":null,"num_floors":null,"render_height_m":9.6,"height_label":"assumed"}},{"type":"Feature","geometry":{"type":"Polygon","coordinates":[[[78.432603,17.393836],[78.432455,17.393843],[78.432451,17.39376],[78.432598,17.393753],[78.432603,17.393836]]]},"properties":{"id":"7d755b3a1c61","height":null,"num_floors":null,"render_height_m":9.6,"height_label":"assumed"}},{"type":"Feature","geometry":{"type":"Polygon","coordinates":[[[78.432459,17.393925],[78.432457,17.393854],[78.432602,17.393851],[78.432604,17.393922],[78.432459,17.393925]]]},"properties":{"id":"9ca910eeefc0","height":null,"num_floors":null,"render_height_m":9.6,"height_label":"assumed"}},{"type":"Feature","geometry":{"type":"Polygon","coordinates":[[[78.432617,17.394004],[78.432457,17.394011],[78.432454,17.393937],[78.432613,17.393929],[78.432617,17.394004]]]},"properties":{"id":"ea720dcfeb76","height":null,"num_floors":null,"render_height_m":9.6,"height_label":"assumed"}},{"type":"Feature","geometry":{"type":"Polygon","coordinates":[[[78.432442,17.39394],[78.43229,17.393942],[78.432287,17.393786],[78.43244,17.393784],[78.432442,17.39394]]]},"properties":{"id":"037b6a4bdce2","height":null,"num_floors":null,"render_height_m":12.8,"height_label":"assumed"}},{"type":"Feature","geometry":{"type":"Polygon","coordinates":[[[78.432097,17.393947],[78.432222,17.393942],[78.432226,17.394018],[78.432101,17.394023],[78.432097,17.393947]]]},"properties":{"id":"5d23abe28546","height":null,"num_floors":null,"render_height_m":9.6,"height_label":"assumed"}},{"type":"Feature","geometry":{"type":"Polygon","coordinates":[[[78.432015,17.393753],[78.432176,17.393748],[78.432181,17.393893],[78.43202,17.393898],[78.432015,17.393753]]]},"properties":{"id":"f543cea90c94","height":null,"num_floors":null,"render_height_m":12.8,"height_label":"assumed"}},{"type":"Feature","geometry":{"type":"Polygon","coordinates":[[[78.43211,17.39413],[78.432031,17.394133],[78.432026,17.394034],[78.432106,17.39403],[78.43211,17.39413]]]},"properties":{"id":"e1433cf4ed62","height":null,"num_floors":null,"render_height_m":9.6,"height_label":"assumed"}},{"type":"Feature","geometry":{"type":"Polygon","coordinates":[[[78.43219,17.394317],[78.432032,17.394321],[78.43203,17.394247],[78.432188,17.394243],[78.43219,17.394317]]]},"properties":{"id":"20e3a56dcbd0","height":null,"num_floors":null,"render_height_m":9.6,"height_label":"assumed"}},{"type":"Feature","geometry":{"type":"Polygon","coordinates":[[[78.432199,17.39422],[78.432034,17.394218],[78.432035,17.394141],[78.4322,17.394143],[78.432199,17.39422]]]},"properties":{"id":"b1937e13b3a7","height":null,"num_floors":null,"render_height_m":9.6,"height_label":"assumed"}},{"type":"Feature","geometry":{"type":"Polygon","coordinates":[[[78.432464,17.394198],[78.432308,17.3942],[78.432305,17.394056],[78.432462,17.394053],[78.432464,17.394198]]]},"properties":{"id":"ecb3d4dbb3ac","height":null,"num_floors":null,"render_height_m":12.8,"height_label":"assumed"}},{"type":"Feature","geometry":{"type":"Polygon","coordinates":[[[78.432448,17.39403],[78.4323,17.394032],[78.432299,17.393973],[78.432447,17.393971],[78.432448,17.39403]]]},"properties":{"id":"3e4c4d0bf2b0","height":null,"num_floors":null,"render_height_m":9.6,"height_label":"assumed"}},{"type":"Feature","geometry":{"type":"Polygon","coordinates":[[[78.432374,17.394275],[78.432371,17.394206],[78.43247,17.394203],[78.432472,17.394271],[78.432374,17.394275]]]},"properties":{"id":"5b57f5123f02","height":null,"num_floors":null,"render_height_m":6.4,"height_label":"assumed"}},{"type":"Feature","geometry":{"type":"Polygon","coordinates":[[[78.432471,17.394322],[78.432356,17.394322],[78.432356,17.394279],[78.432471,17.394279],[78.432471,17.394322]]]},"properties":{"id":"eaf1639e5e6d","height":null,"num_floors":null,"render_height_m":6.4,"height_label":"assumed"}},{"type":"Feature","geometry":{"type":"Polygon","coordinates":[[[78.432357,17.3945],[78.432356,17.394462],[78.432422,17.39446],[78.432423,17.394499],[78.432357,17.3945]]]},"properties":{"id":"f43bf771ee73","height":null,"num_floors":null,"render_height_m":6.4,"height_label":"assumed"}},{"type":"Feature","geometry":{"type":"Polygon","coordinates":[[[78.432447,17.394413],[78.432331,17.394418],[78.432327,17.394336],[78.432443,17.394331],[78.432447,17.394413]]]},"properties":{"id":"baeb58daf18e","height":null,"num_floors":null,"render_height_m":9.6,"height_label":"assumed"}},{"type":"Feature","geometry":{"type":"Polygon","coordinates":[[[78.432553,17.394734],[78.432474,17.394742],[78.43246,17.394616],[78.432539,17.394608],[78.432553,17.394734]]]},"properties":{"id":"97d78702936c","height":null,"num_floors":null,"render_height_m":9.6,"height_label":"assumed"}},{"type":"Feature","geometry":{"type":"Polygon","coordinates":[[[78.432268,17.394632],[78.432285,17.39471],[78.432177,17.394733],[78.432159,17.394654],[78.432268,17.394632]]]},"properties":{"id":"b753bc4b0413","height":null,"num_floors":null,"render_height_m":9.6,"height_label":"assumed"}},{"type":"Feature","geometry":{"type":"Polygon","coordinates":[[[78.432205,17.394452],[78.432211,17.394556],[78.432119,17.394561],[78.432113,17.394457],[78.432205,17.394452]]]},"properties":{"id":"7f25f647e464","height":null,"num_floors":null,"render_height_m":9.6,"height_label":"assumed"}},{"type":"Feature","geometry":{"type":"Polygon","coordinates":[[[78.432038,17.394398],[78.432037,17.394331],[78.432207,17.394328],[78.432208,17.394394],[78.432038,17.394398]]]},"properties":{"id":"6f3987abb7a9","height":null,"num_floors":null,"render_height_m":9.6,"height_label":"assumed"}},{"type":"Feature","geometry":{"type":"Polygon","coordinates":[[[78.432022,17.394446],[78.432043,17.394442],[78.432058,17.394523],[78.432038,17.394527],[78.432022,17.394446]]]},"properties":{"id":"45053271bf05","height":null,"num_floors":null,"render_height_m":6.4,"height_label":"assumed"}},{"type":"Feature","geometry":{"type":"Polygon","coordinates":[[[78.432093,17.394449],[78.43212,17.394595],[78.432056,17.394606],[78.432039,17.394517],[78.432064,17.394512],[78.432053,17.394456],[78.432093,17.394449]]]},"properties":{"id":"d10ab7ae3e57","height":null,"num_floors":null,"render_height_m":9.6,"height_label":"assumed"}},{"type":"Feature","geometry":{"type":"Polygon","coordinates":[[[78.432123,17.394643],[78.432167,17.39464],[78.432172,17.394702],[78.432128,17.394705],[78.432123,17.394643]]]},"properties":{"id":"ac3deaae2f5f","height":null,"num_floors":null,"render_height_m":6.4,"height_label":"assumed"}},{"type":"Feature","geometry":{"type":"Polygon","coordinates":[[[78.432067,17.394666],[78.432112,17.394658],[78.432122,17.39471],[78.432077,17.394718],[78.432067,17.394666]]]},"properties":{"id":"573db25922ff","height":null,"num_floors":null,"render_height_m":6.4,"height_label":"assumed"}},{"type":"Feature","geometry":{"type":"Polygon","coordinates":[[[78.432258,17.394885],[78.432278,17.395079],[78.432053,17.395103],[78.432031,17.394922],[78.432258,17.394885]]]},"properties":{"id":"3e8ab6178620","height":null,"num_floors":null,"render_height_m":12.8,"height_label":"assumed"}},{"type":"Feature","geometry":{"type":"Polygon","coordinates":[[[78.43229,17.39475],[78.432305,17.394826],[78.432129,17.394857],[78.432115,17.394781],[78.43229,17.39475]]]},"properties":{"id":"43aed5a5078e","height":null,"num_floors":null,"render_height_m":9.6,"height_label":"assumed"}},{"type":"Feature","geometry":{"type":"Polygon","coordinates":[[[78.432441,17.394598],[78.432467,17.394798],[78.432369,17.394809],[78.432344,17.394609],[78.432441,17.394598]]]},"properties":{"id":"a65d95b38169","height":null,"num_floors":null,"render_height_m":9.6,"height_label":"assumed"}},{"type":"Feature","geometry":{"type":"Polygon","coordinates":[[[78.432667,17.394888],[78.432409,17.394918],[78.432397,17.394829],[78.432655,17.394799],[78.432667,17.394888]]]},"properties":{"id":"19bd6689106f","height":null,"num_floors":null,"render_height_m":12.8,"height_label":"assumed"}},{"type":"Feature","geometry":{"type":"Polygon","coordinates":[[[78.432448,17.395],[78.432456,17.395046],[78.432393,17.395056],[78.432386,17.395009],[78.432448,17.395]]]},"properties":{"id":"45ea819abfd1","height":null,"num_floors":null,"render_height_m":6.4,"height_label":"assumed"}},{"type":"Feature","geometry":{"type":"Polygon","coordinates":[[[78.432285,17.394921],[78.43232,17.394918],[78.432323,17.394957],[78.432288,17.39496],[78.432285,17.394921]]]},"properties":{"id":"34b660970774","height":null,"num_floors":null,"render_height_m":6.4,"height_label":"assumed"}},{"type":"Feature","geometry":{"type":"Polygon","coordinates":[[[78.432282,17.394959],[78.432328,17.394951],[78.43234,17.395014],[78.432294,17.395022],[78.432282,17.394959]]]},"properties":{"id":"dd3eb22249ed","height":null,"num_floors":null,"render_height_m":6.4,"height_label":"assumed"}},{"type":"Feature","geometry":{"type":"Polygon","coordinates":[[[78.432311,17.395121],[78.432322,17.395179],[78.432253,17.395191],[78.432242,17.395133],[78.432311,17.395121]]]},"properties":{"id":"5ae4b872b22c","height":null,"num_floors":null,"render_height_m":6.4,"height_label":"assumed"}},{"type":"Feature","geometry":{"type":"Polygon","coordinates":[[[78.432272,17.395198],[78.432324,17.395189],[78.432329,17.395218],[78.432375,17.39521],[78.432382,17.395248],[78.432285,17.395265],[78.432272,17.395198]]]},"properties":{"id":"7c5d70d6438e","height":null,"num_floors":null,"render_height_m":6.4,"height_label":"assumed"}},{"type":"Feature","geometry":{"type":"Polygon","coordinates":[[[78.432363,17.395175],[78.432372,17.3952],[78.432328,17.395213],[78.43232,17.395189],[78.432363,17.395175]]]},"properties":{"id":"92d88b43c0b4","height":null,"num_floors":null,"render_height_m":6.4,"height_label":"assumed"}},{"type":"Feature","geometry":{"type":"Polygon","coordinates":[[[78.432358,17.395109],[78.43237,17.39517],[78.432323,17.395179],[78.432312,17.395117],[78.432358,17.395109]]]},"properties":{"id":"47cee531eb72","height":null,"num_floors":null,"render_height_m":6.4,"height_label":"assumed"}},{"type":"Feature","geometry":{"type":"Polygon","coordinates":[[[78.432538,17.395179],[78.432545,17.395222],[78.43248,17.395231],[78.432473,17.395188],[78.432538,17.395179]]]},"properties":{"id":"d81abcee0706","height":null,"num_floors":null,"render_height_m":6.4,"height_label":"assumed"}},{"type":"Feature","geometry":{"type":"Polygon","coordinates":[[[78.432382,17.395248],[78.432394,17.395309],[78.432326,17.395321],[78.432314,17.39526],[78.432382,17.395248]]]},"properties":{"id":"57aca047cda2","height":null,"num_floors":null,"render_height_m":6.4,"height_label":"assumed"}},{"type":"Feature","geometry":{"type":"Polygon","coordinates":[[[78.43217,17.395286],[78.432232,17.395281],[78.432236,17.395317],[78.432173,17.395322],[78.43217,17.395286]]]},"properties":{"id":"60f04862dc54","height":null,"num_floors":null,"render_height_m":6.4,"height_label":"assumed"}},{"type":"Feature","geometry":{"type":"Polygon","coordinates":[[[78.432128,17.395224],[78.432173,17.395216],[78.432186,17.395283],[78.432141,17.395291],[78.432128,17.395224]]]},"properties":{"id":"66ed43d86c3c","height":null,"num_floors":null,"render_height_m":6.4,"height_label":"assumed"}},{"type":"Feature","geometry":{"type":"Polygon","coordinates":[[[78.432226,17.395207],[78.432269,17.395199],[78.432281,17.395266],[78.432238,17.395273],[78.432226,17.395207]]]},"properties":{"id":"331b530ea26b","height":null,"num_floors":null,"render_height_m":6.4,"height_label":"assumed"}},{"type":"Feature","geometry":{"type":"Polygon","coordinates":[[[78.432288,17.395262],[78.43231,17.395312],[78.432267,17.39533],[78.432245,17.395279],[78.432288,17.395262]]]},"properties":{"id":"d3da645957fa","height":null,"num_floors":null,"render_height_m":6.4,"height_label":"assumed"}},{"type":"Feature","geometry":{"type":"Polygon","coordinates":[[[78.432184,17.395143],[78.432197,17.395211],[78.432114,17.395226],[78.432101,17.395158],[78.432184,17.395143]]]},"properties":{"id":"0b01cdc281ca","height":null,"num_floors":null,"render_height_m":6.4,"height_label":"assumed"}},{"type":"Feature","geometry":{"type":"Polygon","coordinates":[[[78.432107,17.395408],[78.432122,17.395482],[78.432055,17.395494],[78.43204,17.395421],[78.432107,17.395408]]]},"properties":{"id":"848317b95728","height":null,"num_floors":null,"render_height_m":6.4,"height_label":"assumed"}},{"type":"Feature","geometry":{"type":"Polygon","coordinates":[[[78.432113,17.395516],[78.432167,17.395506],[78.432181,17.395579],[78.432126,17.395588],[78.432113,17.395516]]]},"properties":{"id":"4d0066ba13c1","height":null,"num_floors":null,"render_height_m":6.4,"height_label":"assumed"}},{"type":"Feature","geometry":{"type":"Polygon","coordinates":[[[78.432059,17.395496],[78.43211,17.395487],[78.432129,17.395587],[78.432077,17.395596],[78.432059,17.395496]]]},"properties":{"id":"57741d8cf2b0","height":null,"num_floors":null,"render_height_m":6.4,"height_label":"assumed"}},{"type":"Feature","geometry":{"type":"Polygon","coordinates":[[[78.432293,17.395466],[78.43231,17.395543],[78.432255,17.395554],[78.432239,17.395476],[78.432293,17.395466]]]},"properties":{"id":"1b25c413da68","height":null,"num_floors":null,"render_height_m":6.4,"height_label":"assumed"}},{"type":"Feature","geometry":{"type":"Polygon","coordinates":[[[78.432367,17.395454],[78.432211,17.395475],[78.432193,17.395355],[78.43235,17.395334],[78.432367,17.395454]]]},"properties":{"id":"11e1d57594c9","height":null,"num_floors":null,"render_height_m":9.6,"height_label":"assumed"}},{"type":"Feature","geometry":{"type":"Polygon","coordinates":[[[78.432459,17.397126],[78.432579,17.397123],[78.43259,17.397534],[78.43247,17.397537],[78.432459,17.397126]]]},"properties":{"id":"5317a4ef62dd","height":null,"num_floors":null,"render_height_m":12.8,"height_label":"assumed"}},{"type":"Feature","geometry":{"type":"Polygon","coordinates":[[[78.432358,17.397201],[78.432369,17.397393],[78.43229,17.397397],[78.43228,17.397204],[78.432358,17.397201]]]},"properties":{"id":"129df7c3dd18","height":null,"num_floors":null,"render_height_m":9.6,"height_label":"assumed"}},{"type":"Feature","geometry":{"type":"Polygon","coordinates":[[[78.432528,17.396914],[78.43253,17.396985],[78.432507,17.396986],[78.432505,17.396915],[78.432528,17.396914]]]},"properties":{"id":"d9c5c4d4ac19","height":null,"num_floors":null,"render_height_m":6.4,"height_label":"assumed"}},{"type":"Feature","geometry":{"type":"Polygon","coordinates":[[[78.432261,17.396726],[78.432371,17.396723],[78.432379,17.396989],[78.43227,17.396992],[78.432261,17.396726]]]},"properties":{"id":"19e73cd8479c","height":null,"num_floors":null,"render_height_m":12.8,"height_label":"assumed"}},{"type":"Feature","geometry":{"type":"Polygon","coordinates":[[[78.432371,17.396709],[78.432462,17.396706],[78.432465,17.396807],[78.432439,17.396807],[78.432441,17.396878],[78.432376,17.39688],[78.432371,17.396709]]]},"properties":{"id":"8bdbd0c39f92","height":null,"num_floors":null,"render_height_m":9.6,"height_label":"assumed"}},{"type":"Feature","geometry":{"type":"Polygon","coordinates":[[[78.432382,17.396335],[78.43248,17.396386],[78.432435,17.396466],[78.432337,17.396416],[78.432382,17.396335]]]},"properties":{"id":"6980addfef3a","height":null,"num_floors":null,"render_height_m":9.6,"height_label":"assumed"}},{"type":"Feature","geometry":{"type":"Polygon","coordinates":[[[78.432367,17.396074],[78.432614,17.396195],[78.432571,17.396276],[78.432324,17.396155],[78.432367,17.396074]]]},"properties":{"id":"5479e20bae3c","height":null,"num_floors":null,"render_height_m":12.8,"height_label":"assumed"}},{"type":"Feature","geometry":{"type":"Polygon","coordinates":[[[78.432552,17.396448],[78.432553,17.396444],[78.432616,17.396473],[78.432584,17.396537],[78.432495,17.396495],[78.432525,17.396435],[78.432552,17.396448]]]},"properties":{"id":"ae3aa772a931","height":null,"num_floors":null,"render_height_m":9.6,"height_label":"assumed"}},{"type":"Feature","geometry":{"type":"Polygon","coordinates":[[[78.432542,17.396657],[78.432721,17.396653],[78.432727,17.396822],[78.432547,17.396827],[78.432542,17.396657]]]},"properties":{"id":"7e6d422cdac8","height":null,"num_floors":null,"render_height_m":12.8,"height_label":"assumed"}},{"type":"Feature","geometry":{"type":"Polygon","coordinates":[[[78.432987,17.396648],[78.433066,17.396671],[78.433047,17.396731],[78.432968,17.396708],[78.432987,17.396648]]]},"properties":{"id":"cc37b942daf3","height":null,"num_floors":null,"render_height_m":6.4,"height_label":"assumed"}},{"type":"Feature","geometry":{"type":"Polygon","coordinates":[[[78.432977,17.396354],[78.433097,17.396409],[78.433059,17.396485],[78.432939,17.39643],[78.432977,17.396354]]]},"properties":{"id":"7fe92970d3a3","height":null,"num_floors":null,"render_height_m":9.6,"height_label":"assumed"}},{"type":"Feature","geometry":{"type":"Polygon","coordinates":[[[78.433106,17.396192],[78.433189,17.396231],[78.433164,17.396281],[78.43308,17.396241],[78.433106,17.396192]]]},"properties":{"id":"7147e809f08b","height":null,"num_floors":null,"render_height_m":6.4,"height_label":"assumed"}},{"type":"Feature","geometry":{"type":"Polygon","coordinates":[[[78.433227,17.396254],[78.433333,17.396305],[78.433301,17.396367],[78.433194,17.396317],[78.433227,17.396254]]]},"properties":{"id":"bd91a63ff7c4","height":null,"num_floors":null,"render_height_m":9.6,"height_label":"assumed"}},{"type":"Feature","geometry":{"type":"Polygon","coordinates":[[[78.433338,17.396406],[78.433357,17.39637],[78.433534,17.396458],[78.433514,17.396494],[78.433338,17.396406]]]},"properties":{"id":"bb5d20dff59d","height":null,"num_floors":null,"render_height_m":9.6,"height_label":"assumed"}},{"type":"Feature","geometry":{"type":"Polygon","coordinates":[[[78.433513,17.396626],[78.433581,17.39664],[78.433564,17.396711],[78.433496,17.396696],[78.433513,17.396626]]]},"properties":{"id":"dad9cdb59788","height":null,"num_floors":null,"render_height_m":6.4,"height_label":"assumed"}},{"type":"Feature","geometry":{"type":"Polygon","coordinates":[[[78.433362,17.396637],[78.433398,17.396575],[78.433504,17.396632],[78.433468,17.396693],[78.433362,17.396637]]]},"properties":{"id":"674ea790b2ef","height":null,"num_floors":null,"render_height_m":9.6,"height_label":"assumed"}},{"type":"Feature","geometry":{"type":"Polygon","coordinates":[[[78.433098,17.39668],[78.433143,17.396693],[78.433123,17.396754],[78.433078,17.396741],[78.433098,17.39668]]]},"properties":{"id":"e48338549c07","height":null,"num_floors":null,"render_height_m":6.4,"height_label":"assumed"}},{"type":"Feature","geometry":{"type":"Polygon","coordinates":[[[78.432982,17.396941],[78.433018,17.396857],[78.433342,17.396986],[78.433306,17.397069],[78.432982,17.396941]]]},"properties":{"id":"c88c897fb401","height":null,"num_floors":null,"render_height_m":12.8,"height_label":"assumed"}},{"type":"Feature","geometry":{"type":"Polygon","coordinates":[[[78.433484,17.39741],[78.43335,17.39737],[78.433377,17.397291],[78.433511,17.397331],[78.433484,17.39741]]]},"properties":{"id":"7cc94375dc4b","height":null,"num_floors":null,"render_height_m":9.6,"height_label":"assumed"}},{"type":"Feature","geometry":{"type":"Polygon","coordinates":[[[78.432569,17.398324],[78.432566,17.398362],[78.432513,17.398359],[78.432516,17.398321],[78.432569,17.398324]]]},"properties":{"id":"f0e26d057eb7","height":null,"num_floors":null,"render_height_m":6.4,"height_label":"assumed"}},{"type":"Feature","geometry":{"type":"Polygon","coordinates":[[[78.43264,17.398473],[78.432668,17.398474],[78.432666,17.398512],[78.432638,17.398511],[78.43264,17.398473]]]},"properties":{"id":"fdffde43cd47","height":null,"num_floors":null,"render_height_m":6.4,"height_label":"assumed"}},{"type":"Feature","geometry":{"type":"Polygon","coordinates":[[[78.433015,17.398421],[78.433057,17.398434],[78.433043,17.398474],[78.433001,17.398461],[78.433015,17.398421]]]},"properties":{"id":"def4e56e3c1e","height":null,"num_floors":null,"render_height_m":6.4,"height_label":"assumed"}},{"type":"Feature","geometry":{"type":"Polygon","coordinates":[[[78.432856,17.398288],[78.432904,17.398288],[78.432905,17.398361],[78.432857,17.398362],[78.432856,17.398288]]]},"properties":{"id":"c9340c42aab9","height":null,"num_floors":null,"render_height_m":6.4,"height_label":"assumed"}},{"type":"Feature","geometry":{"type":"Polygon","coordinates":[[[78.433203,17.398237],[78.433255,17.39826],[78.433223,17.398328],[78.433171,17.398305],[78.433203,17.398237]]]},"properties":{"id":"ee78af72a5bb","height":null,"num_floors":null,"render_height_m":6.4,"height_label":"assumed"}},{"type":"Feature","geometry":{"type":"Polygon","coordinates":[[[78.433475,17.398599],[78.433656,17.398679],[78.433618,17.39876],[78.433436,17.398681],[78.433475,17.398599]]]},"properties":{"id":"c89394f134e6","height":null,"num_floors":null,"render_height_m":9.6,"height_label":"assumed"}},{"type":"Feature","geometry":{"type":"Polygon","coordinates":[[[78.433394,17.398387],[78.433425,17.398308],[78.433669,17.398396],[78.433638,17.398475],[78.433394,17.398387]]]},"properties":{"id":"5888dcd3fafc","height":null,"num_floors":null,"render_height_m":12.8,"height_label":"assumed"}},{"type":"Feature","geometry":{"type":"Polygon","coordinates":[[[78.433308,17.398284],[78.43341,17.398327],[78.43338,17.398394],[78.433277,17.398352],[78.433308,17.398284]]]},"properties":{"id":"d0cd3f3ebd33","height":null,"num_floors":null,"render_height_m":9.6,"height_label":"assumed"}},{"type":"Feature","geometry":{"type":"Polygon","coordinates":[[[78.433676,17.398153],[78.433653,17.398223],[78.433412,17.398149],[78.433435,17.39808],[78.433676,17.398153]]]},"properties":{"id":"b484cc3d5d78","height":null,"num_floors":null,"render_height_m":9.6,"height_label":"assumed"}},{"type":"Feature","geometry":{"type":"Polygon","coordinates":[[[78.433457,17.397822],[78.433666,17.397921],[78.433621,17.398007],[78.433413,17.397908],[78.433457,17.397822]]]},"properties":{"id":"4e8ea3ada877","height":null,"num_floors":null,"render_height_m":12.8,"height_label":"assumed"}},{"type":"Feature","geometry":{"type":"Polygon","coordinates":[[[78.43334,17.398082],[78.433391,17.398101],[78.433378,17.398133],[78.433327,17.398114],[78.43334,17.398082]]]},"properties":{"id":"d98085c9ba72","height":null,"num_floors":null,"render_height_m":6.4,"height_label":"assumed"}},{"type":"Feature","geometry":{"type":"Polygon","coordinates":[[[78.433165,17.398018],[78.433243,17.398053],[78.43323,17.398078],[78.433153,17.398042],[78.433165,17.398018]]]},"properties":{"id":"4b7c56661ec8","height":null,"num_floors":null,"render_height_m":6.4,"height_label":"assumed"}},{"type":"Feature","geometry":{"type":"Polygon","coordinates":[[[78.433027,17.397984],[78.433049,17.397939],[78.433153,17.397986],[78.43317,17.397952],[78.433192,17.397963],[78.433153,17.398042],[78.433027,17.397984]]]},"properties":{"id":"ca82af1a94ef","height":null,"num_floors":null,"render_height_m":9.6,"height_label":"assumed"}},{"type":"Feature","geometry":{"type":"Polygon","coordinates":[[[78.433065,17.397869],[78.433143,17.397905],[78.433115,17.397959],[78.433037,17.397924],[78.433065,17.397869]]]},"properties":{"id":"baf32f779463","height":null,"num_floors":null,"render_height_m":6.4,"height_label":"assumed"}},{"type":"Feature","geometry":{"type":"Polygon","coordinates":[[[78.433148,17.39771],[78.433401,17.397832],[78.433365,17.3979],[78.433113,17.397778],[78.433148,17.39771]]]},"properties":{"id":"1c6f47a5d37f","height":null,"num_floors":null,"render_height_m":12.8,"height_label":"assumed"}},{"type":"Feature","geometry":{"type":"Polygon","coordinates":[[[78.433083,17.397681],[78.433147,17.397712],[78.433113,17.397778],[78.433048,17.397747],[78.433083,17.397681]]]},"properties":{"id":"57d736106977","height":null,"num_floors":null,"render_height_m":6.4,"height_label":"assumed"}},{"type":"Feature","geometry":{"type":"Polygon","coordinates":[[[78.433457,17.397616],[78.433425,17.397664],[78.433396,17.397647],[78.433428,17.397598],[78.433457,17.397616]]]},"properties":{"id":"3c938c1a6086","height":null,"num_floors":null,"render_height_m":6.4,"height_label":"assumed"}},{"type":"Feature","geometry":{"type":"Polygon","coordinates":[[[78.434027,17.39891],[78.433974,17.398918],[78.43395,17.398776],[78.434003,17.398768],[78.434027,17.39891]]]},"properties":{"id":"381c8fb301fb","height":null,"num_floors":null,"render_height_m":9.6,"height_label":"assumed"}},{"type":"Feature","geometry":{"type":"Polygon","coordinates":[[[78.433928,17.398569],[78.433927,17.398521],[78.433998,17.398519],[78.433999,17.398568],[78.433928,17.398569]]]},"properties":{"id":"eb6cabf32c69","height":null,"num_floors":null,"render_height_m":6.4,"height_label":"assumed"}},{"type":"Feature","geometry":{"type":"Polygon","coordinates":[[[78.434553,17.397901],[78.43428,17.397908],[78.434277,17.397813],[78.43455,17.397807],[78.434553,17.397901]]]},"properties":{"id":"7fa4513438b4","height":null,"num_floors":null,"render_height_m":12.8,"height_label":"assumed"}},{"type":"Feature","geometry":{"type":"Polygon","coordinates":[[[78.43406,17.396926],[78.434137,17.396923],[78.434146,17.397129],[78.434126,17.397129],[78.434125,17.397105],[78.434067,17.397107],[78.43406,17.396926]]]},"properties":{"id":"42d62f6d5040","height":null,"num_floors":null,"render_height_m":9.6,"height_label":"assumed"}},{"type":"Feature","geometry":{"type":"Polygon","coordinates":[[[78.433749,17.39754],[78.433656,17.397484],[78.433688,17.397435],[78.433781,17.397491],[78.433749,17.39754]]]},"properties":{"id":"2f2fbc1a128a","height":null,"num_floors":null,"render_height_m":6.4,"height_label":"assumed"}},{"type":"Feature","geometry":{"type":"Polygon","coordinates":[[[78.433452,17.39685],[78.433802,17.397017],[78.433756,17.397106],[78.433406,17.396939],[78.433452,17.39685]]]},"properties":{"id":"b644edf46e6b","height":null,"num_floors":null,"render_height_m":12.8,"height_label":"assumed"}},{"type":"Feature","geometry":{"type":"Polygon","coordinates":[[[78.433648,17.396696],[78.433781,17.396757],[78.433744,17.396832],[78.433611,17.396771],[78.433648,17.396696]]]},"properties":{"id":"81acbcf7f084","height":null,"num_floors":null,"render_height_m":9.6,"height_label":"assumed"}},{"type":"Feature","geometry":{"type":"Polygon","coordinates":[[[78.433514,17.396494],[78.433534,17.396458],[78.433646,17.396514],[78.433626,17.396549],[78.433514,17.396494]]]},"properties":{"id":"0dc90ebb7698","height":null,"num_floors":null,"render_height_m":6.4,"height_label":"assumed"}},{"type":"Feature","geometry":{"type":"Polygon","coordinates":[[[78.433687,17.396486],[78.433766,17.396526],[78.433726,17.3966],[78.433647,17.39656],[78.433687,17.396486]]]},"properties":{"id":"a4226cbaea89","height":null,"num_floors":null,"render_height_m":9.6,"height_label":"assumed"}},{"type":"Feature","geometry":{"type":"Polygon","coordinates":[[[78.433744,17.396386],[78.433793,17.39638],[78.433802,17.396447],[78.433753,17.396453],[78.433744,17.396386]]]},"properties":{"id":"363583cf36e6","height":null,"num_floors":null,"render_height_m":6.4,"height_label":"assumed"}},{"type":"Feature","geometry":{"type":"Polygon","coordinates":[[[78.434505,17.396628],[78.43451,17.396702],[78.434227,17.396719],[78.434222,17.396646],[78.434505,17.396628]]]},"properties":{"id":"245d5aa914a6","height":null,"num_floors":null,"render_height_m":9.6,"height_label":"assumed"}},{"type":"Feature","geometry":{"type":"Polygon","coordinates":[[[78.434588,17.396817],[78.434548,17.396819],[78.434545,17.396722],[78.434585,17.39672],[78.434588,17.396817]]]},"properties":{"id":"e4598e83126a","height":null,"num_floors":null,"render_height_m":6.4,"height_label":"assumed"}},{"type":"Feature","geometry":{"type":"Polygon","coordinates":[[[78.434418,17.396259],[78.434453,17.396265],[78.434448,17.396293],[78.434413,17.396287],[78.434418,17.396259]]]},"properties":{"id":"a8b17868a1a7","height":null,"num_floors":null,"render_height_m":6.4,"height_label":"assumed"}},{"type":"Feature","geometry":{"type":"Polygon","coordinates":[[[78.434456,17.395723],[78.434454,17.395795],[78.43437,17.395793],[78.434373,17.395721],[78.434456,17.395723]]]},"properties":{"id":"7d26894c2754","height":null,"num_floors":null,"render_height_m":6.4,"height_label":"assumed"}},{"type":"Feature","geometry":{"type":"Polygon","coordinates":[[[78.434261,17.395622],[78.434375,17.395625],[78.434369,17.395838],[78.43412,17.39583],[78.434124,17.395714],[78.434213,17.395716],[78.434215,17.395656],[78.434259,17.395658],[78.434261,17.395622]]]},"properties":{"id":"878bc977d1dc","height":null,"num_floors":null,"render_height_m":12.8,"height_label":"assumed"}},{"type":"Feature","geometry":{"type":"Polygon","coordinates":[[[78.434456,17.395725],[78.434554,17.395722],[78.434556,17.395754],[78.434457,17.395757],[78.434456,17.395725]]]},"properties":{"id":"d54fe706484f","height":null,"num_floors":null,"render_height_m":6.4,"height_label":"assumed"}},{"type":"Feature","geometry":{"type":"Polygon","coordinates":[[[78.434492,17.395049],[78.434549,17.395043],[78.434551,17.395064],[78.434494,17.39507],[78.434492,17.395049]]]},"properties":{"id":"b5adb635c258","height":null,"num_floors":null,"render_height_m":6.4,"height_label":"assumed"}},{"type":"Feature","geometry":{"type":"Polygon","coordinates":[[[78.434507,17.395003],[78.434542,17.395001],[78.434545,17.395039],[78.434509,17.395041],[78.434507,17.395003]]]},"properties":{"id":"b31fafbb4f94","height":null,"num_floors":null,"render_height_m":6.4,"height_label":"assumed"}},{"type":"Feature","geometry":{"type":"Polygon","coordinates":[[[78.434581,17.394667],[78.434605,17.394787],[78.434528,17.394801],[78.434521,17.394762],[78.434392,17.394786],[78.434376,17.394704],[78.434581,17.394667]]]},"properties":{"id":"ad50ae7d70f6","height":null,"num_floors":null,"render_height_m":9.6,"height_label":"assumed"}},{"type":"Feature","geometry":{"type":"Polygon","coordinates":[[[78.434385,17.394801],[78.434501,17.39478],[78.434538,17.394962],[78.434422,17.394983],[78.434385,17.394801]]]},"properties":{"id":"b61892b87ab9","height":null,"num_floors":null,"render_height_m":12.8,"height_label":"assumed"}},{"type":"Feature","geometry":{"type":"Polygon","coordinates":[[[78.434392,17.394932],[78.434154,17.394963],[78.434105,17.394623],[78.434343,17.394591],[78.434392,17.394932]]]},"properties":{"id":"72116200ec58","height":null,"num_floors":null,"render_height_m":19.2,"height_label":"assumed"}},{"type":"Feature","geometry":{"type":"Polygon","coordinates":[[[78.434122,17.395037],[78.433957,17.395047],[78.433954,17.394996],[78.434118,17.394987],[78.434122,17.395037]]]},"properties":{"id":"56c56768e17b","height":null,"num_floors":null,"render_height_m":9.6,"height_label":"assumed"}},{"type":"Feature","geometry":{"type":"Polygon","coordinates":[[[78.434134,17.394965],[78.433949,17.394976],[78.433943,17.394873],[78.434127,17.394862],[78.434134,17.394965]]]},"properties":{"id":"31d7118e7802","height":null,"num_floors":null,"render_height_m":9.6,"height_label":"assumed"}},{"type":"Feature","geometry":{"type":"Polygon","coordinates":[[[78.434126,17.394844],[78.433953,17.394855],[78.433947,17.394761],[78.434108,17.394739],[78.434126,17.394844]]]},"properties":{"id":"4a976954efe7","height":null,"num_floors":null,"render_height_m":9.6,"height_label":"assumed"}},{"type":"Feature","geometry":{"type":"Polygon","coordinates":[[[78.433874,17.39506],[78.433593,17.395077],[78.43358,17.394888],[78.433861,17.39487],[78.433874,17.39506]]]},"properties":{"id":"fd381a965849","height":null,"num_floors":null,"render_height_m":12.8,"height_label":"assumed"}},{"type":"Feature","geometry":{"type":"Polygon","coordinates":[[[78.433653,17.395667],[78.433685,17.39567],[78.433677,17.395749],[78.433645,17.395746],[78.433653,17.395667]]]},"properties":{"id":"42835e307bec","height":null,"num_floors":null,"render_height_m":6.4,"height_label":"assumed"}},{"type":"Feature","geometry":{"type":"Polygon","coordinates":[[[78.433698,17.395682],[78.433734,17.39568],[78.433738,17.395745],[78.433702,17.395747],[78.433698,17.395682]]]},"properties":{"id":"cfde374cd9cd","height":null,"num_floors":null,"render_height_m":6.4,"height_label":"assumed"}},{"type":"Feature","geometry":{"type":"Polygon","coordinates":[[[78.433734,17.39568],[78.433792,17.395677],[78.433796,17.395742],[78.433738,17.395745],[78.433734,17.39568]]]},"properties":{"id":"2e522562e622","height":null,"num_floors":null,"render_height_m":6.4,"height_label":"assumed"}},{"type":"Feature","geometry":{"type":"Polygon","coordinates":[[[78.434076,17.395748],[78.434078,17.395806],[78.433995,17.39581],[78.433996,17.395842],[78.433941,17.395845],[78.433937,17.395754],[78.434076,17.395748]]]},"properties":{"id":"4d4e7161e61c","height":null,"num_floors":null,"render_height_m":9.6,"height_label":"assumed"}},{"type":"Feature","geometry":{"type":"Polygon","coordinates":[[[78.433703,17.396057],[78.433747,17.396056],[78.433751,17.396151],[78.433706,17.396152],[78.433703,17.396057]]]},"properties":{"id":"8f72ea8e9e61","height":null,"num_floors":null,"render_height_m":6.4,"height_label":"assumed"}},{"type":"Feature","geometry":{"type":"Polygon","coordinates":[[[78.433767,17.395745],[78.433783,17.395945],[78.433699,17.395952],[78.433683,17.395751],[78.433767,17.395745]]]},"properties":{"id":"b5c7baba3b4f","height":null,"num_floors":null,"render_height_m":9.6,"height_label":"assumed"}},{"type":"Feature","geometry":{"type":"Polygon","coordinates":[[[78.433559,17.395602],[78.433572,17.395834],[78.433322,17.395847],[78.433309,17.395615],[78.433559,17.395602]]]},"properties":{"id":"91b020c10397","height":null,"num_floors":null,"render_height_m":12.8,"height_label":"assumed"}},{"type":"Feature","geometry":{"type":"Polygon","coordinates":[[[78.433515,17.3955],[78.433522,17.395603],[78.433314,17.395617],[78.433307,17.395513],[78.433359,17.395509],[78.433361,17.395535],[78.433471,17.395528],[78.43347,17.395502],[78.433515,17.3955]]]},"properties":{"id":"2ddf1e6ddf7a","height":null,"num_floors":null,"render_height_m":9.6,"height_label":"assumed"}},{"type":"Feature","geometry":{"type":"Polygon","coordinates":[[[78.43268,17.395146],[78.432498,17.395167],[78.432486,17.395073],[78.432668,17.395052],[78.43268,17.395146]]]},"properties":{"id":"546b748a7fcf","height":null,"num_floors":null,"render_height_m":9.6,"height_label":"assumed"}},{"type":"Feature","geometry":{"type":"Polygon","coordinates":[[[78.432978,17.395254],[78.43245,17.39537],[78.432443,17.395296],[78.432769,17.395221],[78.432755,17.395168],[78.43278,17.395162],[78.432722,17.394933],[78.432886,17.394895],[78.432978,17.395254]]]},"properties":{"id":"09a7a1029d03","height":null,"num_floors":null,"render_height_m":19.2,"height_label":"assumed"}},{"type":"Feature","geometry":{"type":"Polygon","coordinates":[[[78.432612,17.395027],[78.432461,17.39503],[78.432459,17.394958],[78.43261,17.394955],[78.432612,17.395027]]]},"properties":{"id":"12b5cb040e64","height":null,"num_floors":null,"render_height_m":9.6,"height_label":"assumed"}},{"type":"Feature","geometry":{"type":"Polygon","coordinates":[[[78.432701,17.394833],[78.432701,17.394733],[78.432865,17.394734],[78.432864,17.394834],[78.432701,17.394833]]]},"properties":{"id":"23f500b541d2","height":null,"num_floors":null,"render_height_m":9.6,"height_label":"assumed"}},{"type":"Feature","geometry":{"type":"Polygon","coordinates":[[[78.433201,17.394874],[78.433072,17.39488],[78.433064,17.394689],[78.433092,17.394688],[78.433093,17.394711],[78.433126,17.39471],[78.433127,17.394752],[78.433195,17.394749],[78.433201,17.394874]]]},"properties":{"id":"ac33598d040e","height":null,"num_floors":null,"render_height_m":9.6,"height_label":"assumed"}},{"type":"Feature","geometry":{"type":"Polygon","coordinates":[[[78.43332,17.395052],[78.433086,17.395059],[78.433081,17.39494],[78.433316,17.394932],[78.43332,17.395052]]]},"properties":{"id":"d9115ff98e63","height":null,"num_floors":null,"render_height_m":12.8,"height_label":"assumed"}},{"type":"Feature","geometry":{"type":"Polygon","coordinates":[[[78.433341,17.395203],[78.433153,17.395236],[78.433137,17.395154],[78.433254,17.395133],[78.433249,17.39511],[78.433321,17.395097],[78.433341,17.395203]]]},"properties":{"id":"91e28e89e043","height":null,"num_floors":null,"render_height_m":9.6,"height_label":"assumed"}},{"type":"Feature","geometry":{"type":"Polygon","coordinates":[[[78.433171,17.395104],[78.433238,17.395091],[78.433244,17.395119],[78.433177,17.395132],[78.433171,17.395104]]]},"properties":{"id":"4800a0ded34e","height":null,"num_floors":null,"render_height_m":6.4,"height_label":"assumed"}},{"type":"Feature","geometry":{"type":"Polygon","coordinates":[[[78.433531,17.394782],[78.43355,17.395106],[78.43339,17.395115],[78.433371,17.39479],[78.433531,17.394782]]]},"properties":{"id":"3f1543ad3c1f","height":null,"num_floors":null,"render_height_m":12.8,"height_label":"assumed"}},{"type":"Feature","geometry":{"type":"Polygon","coordinates":[[[78.433365,17.394686],[78.433352,17.394434],[78.43348,17.394427],[78.433493,17.39468],[78.433365,17.394686]]]},"properties":{"id":"c5fdc209eebe","height":null,"num_floors":null,"render_height_m":12.8,"height_label":"assumed"}},{"type":"Feature","geometry":{"type":"Polygon","coordinates":[[[78.433545,17.394337],[78.433581,17.394331],[78.433591,17.394377],[78.433555,17.394384],[78.433545,17.394337]]]},"properties":{"id":"7a2ea4e55aee","height":null,"num_floors":null,"render_height_m":6.4,"height_label":"assumed"}},{"type":"Feature","geometry":{"type":"Polygon","coordinates":[[[78.43347,17.394205],[78.433498,17.394305],[78.433433,17.394322],[78.433404,17.394222],[78.43347,17.394205]]]},"properties":{"id":"de6d3fff38e7","height":null,"num_floors":null,"render_height_m":9.6,"height_label":"assumed"}},{"type":"Feature","geometry":{"type":"Polygon","coordinates":[[[78.433647,17.394028],[78.43369,17.394163],[78.433633,17.39418],[78.433626,17.394156],[78.433468,17.394203],[78.433432,17.394093],[78.433647,17.394028]]]},"properties":{"id":"d406c340c9f1","height":null,"num_floors":null,"render_height_m":12.8,"height_label":"assumed"}},{"type":"Feature","geometry":{"type":"Polygon","coordinates":[[[78.433306,17.394202],[78.433298,17.394085],[78.433375,17.394081],[78.433383,17.394197],[78.433306,17.394202]]]},"properties":{"id":"0fc957e56079","height":null,"num_floors":null,"render_height_m":9.6,"height_label":"assumed"}},{"type":"Feature","geometry":{"type":"Polygon","coordinates":[[[78.433303,17.394333],[78.433283,17.394232],[78.433337,17.394222],[78.433357,17.394323],[78.433303,17.394333]]]},"properties":{"id":"79f99431d65a","height":null,"num_floors":null,"render_height_m":6.4,"height_label":"assumed"}},{"type":"Feature","geometry":{"type":"Polygon","coordinates":[[[78.433255,17.394466],[78.433267,17.394721],[78.433145,17.394726],[78.433143,17.394686],[78.433109,17.394687],[78.433107,17.394644],[78.433064,17.394646],[78.433055,17.394475],[78.433255,17.394466]]]},"properties":{"id":"c256001c88c9","height":null,"num_floors":null,"render_height_m":12.8,"height_label":"assumed"}},{"type":"Feature","geometry":{"type":"Polygon","coordinates":[[[78.432903,17.394486],[78.432834,17.394489],[78.432832,17.394462],[78.432902,17.394458],[78.432903,17.394486]]]},"properties":{"id":"11e2dba2b717","height":null,"num_floors":null,"render_height_m":6.4,"height_label":"assumed"}},{"type":"Feature","geometry":{"type":"Polygon","coordinates":[[[78.432949,17.394305],[78.432951,17.394424],[78.432862,17.394425],[78.43286,17.394306],[78.432949,17.394305]]]},"properties":{"id":"3ac6186fe651","height":null,"num_floors":null,"render_height_m":9.6,"height_label":"assumed"}},{"type":"Feature","geometry":{"type":"Polygon","coordinates":[[[78.432837,17.394271],[78.432846,17.394438],[78.432767,17.394442],[78.432758,17.394275],[78.432837,17.394271]]]},"properties":{"id":"fbfeaaf3d185","height":null,"num_floors":null,"render_height_m":9.6,"height_label":"assumed"}},{"type":"Feature","geometry":{"type":"Polygon","coordinates":[[[78.432671,17.394719],[78.432673,17.394578],[78.432744,17.394579],[78.432743,17.39472],[78.432671,17.394719]]]},"properties":{"id":"0a05cdabcd93","height":null,"num_floors":null,"render_height_m":9.6,"height_label":"assumed"}},{"type":"Feature","geometry":{"type":"Polygon","coordinates":[[[78.432572,17.394754],[78.432561,17.394597],[78.432638,17.394592],[78.432649,17.394749],[78.432572,17.394754]]]},"properties":{"id":"5a49c01010cd","height":null,"num_floors":null,"render_height_m":9.6,"height_label":"assumed"}},{"type":"Feature","geometry":{"type":"Polygon","coordinates":[[[78.432653,17.394499],[78.432486,17.394512],[78.432479,17.39443],[78.432646,17.394418],[78.432653,17.394499]]]},"properties":{"id":"d9c9d7cc1d32","height":null,"num_floors":null,"render_height_m":9.6,"height_label":"assumed"}},{"type":"Feature","geometry":{"type":"Polygon","coordinates":[[[78.432657,17.394386],[78.43249,17.3944],[78.432482,17.394313],[78.432649,17.394299],[78.432657,17.394386]]]},"properties":{"id":"17210272e650","height":null,"num_floors":null,"render_height_m":9.6,"height_label":"assumed"}},{"type":"Feature","geometry":{"type":"Polygon","coordinates":[[[78.432604,17.394284],[78.43249,17.394296],[78.432481,17.394223],[78.432595,17.39421],[78.432604,17.394284]]]},"properties":{"id":"8f91be81486f","height":null,"num_floors":null,"render_height_m":9.6,"height_label":"assumed"}},{"type":"Feature","geometry":{"type":"Polygon","coordinates":[[[78.432482,17.394215],[78.432475,17.394145],[78.432609,17.394133],[78.432616,17.394202],[78.432482,17.394215]]]},"properties":{"id":"a1ef0e0a15cd","height":null,"num_floors":null,"render_height_m":9.6,"height_label":"assumed"}},{"type":"Feature","geometry":{"type":"Polygon","coordinates":[[[78.432638,17.394098],[78.432476,17.394116],[78.432467,17.394037],[78.432628,17.394019],[78.432638,17.394098]]]},"properties":{"id":"2fa1e0a32782","height":null,"num_floors":null,"render_height_m":9.6,"height_label":"assumed"}},{"type":"Feature","geometry":{"type":"Polygon","coordinates":[[[78.432897,17.394177],[78.43269,17.394188],[78.432685,17.394117],[78.432893,17.394105],[78.432897,17.394177]]]},"properties":{"id":"02254355d3bc","height":null,"num_floors":null,"render_height_m":9.6,"height_label":"assumed"}},{"type":"Feature","geometry":{"type":"Polygon","coordinates":[[[78.432798,17.393989],[78.432883,17.393985],[78.432886,17.394054],[78.432801,17.394058],[78.432798,17.393989]]]},"properties":{"id":"c904861e90fd","height":null,"num_floors":null,"render_height_m":6.4,"height_label":"assumed"}},{"type":"Feature","geometry":{"type":"Polygon","coordinates":[[[78.433059,17.394416],[78.432975,17.394416],[78.432973,17.394234],[78.433118,17.394232],[78.433119,17.394292],[78.433058,17.394292],[78.433059,17.394416]]]},"properties":{"id":"a62016183aa9","height":null,"num_floors":null,"render_height_m":9.6,"height_label":"assumed"}},{"type":"Feature","geometry":{"type":"Polygon","coordinates":[[[78.432952,17.394212],[78.43295,17.394095],[78.433138,17.394092],[78.43314,17.394209],[78.432952,17.394212]]]},"properties":{"id":"907683ef603e","height":null,"num_floors":null,"render_height_m":12.8,"height_label":"assumed"}},{"type":"Feature","geometry":{"type":"Polygon","coordinates":[[[78.433153,17.394078],[78.43296,17.394084],[78.432957,17.393972],[78.43315,17.393967],[78.433153,17.394078]]]},"properties":{"id":"d60615896f7c","height":null,"num_floors":null,"render_height_m":12.8,"height_label":"assumed"}},{"type":"Feature","geometry":{"type":"Polygon","coordinates":[[[78.432965,17.393798],[78.432756,17.393807],[78.432748,17.393622],[78.432957,17.393614],[78.432965,17.393798]]]},"properties":{"id":"ca1d896eefea","height":null,"num_floors":null,"render_height_m":12.8,"height_label":"assumed"}},{"type":"Feature","geometry":{"type":"Polygon","coordinates":[[[78.432961,17.393951],[78.432726,17.393957],[78.432723,17.39383],[78.432958,17.393825],[78.432961,17.393951]]]},"properties":{"id":"04b7dfd342de","height":null,"num_floors":null,"render_height_m":12.8,"height_label":"assumed"}},{"type":"Feature","geometry":{"type":"Polygon","coordinates":[[[78.432807,17.393527],[78.432725,17.393522],[78.432733,17.393394],[78.432816,17.393399],[78.432807,17.393527]]]},"properties":{"id":"734f4c7aade9","height":null,"num_floors":null,"render_height_m":9.6,"height_label":"assumed"}},{"type":"Feature","geometry":{"type":"Polygon","coordinates":[[[78.432884,17.393416],[78.432954,17.393423],[78.432935,17.393599],[78.432865,17.393592],[78.432884,17.393416]]]},"properties":{"id":"be780705aacc","height":null,"num_floors":null,"render_height_m":9.6,"height_label":"assumed"}},{"type":"Feature","geometry":{"type":"Polygon","coordinates":[[[78.432972,17.393354],[78.432985,17.393242],[78.433051,17.393249],[78.433039,17.393361],[78.432972,17.393354]]]},"properties":{"id":"fac47ad114bf","height":null,"num_floors":null,"render_height_m":9.6,"height_label":"assumed"}},{"type":"Feature","geometry":{"type":"Polygon","coordinates":[[[78.432991,17.393637],[78.433002,17.393568],[78.433239,17.393603],[78.433225,17.393672],[78.432991,17.393637]]]},"properties":{"id":"c25e6b79b874","height":null,"num_floors":null,"render_height_m":9.6,"height_label":"assumed"}},{"type":"Feature","geometry":{"type":"Polygon","coordinates":[[[78.433199,17.393794],[78.432983,17.393776],[78.432991,17.393684],[78.433212,17.393717],[78.433199,17.393794]]]},"properties":{"id":"5d2150c308a2","height":null,"num_floors":null,"render_height_m":9.6,"height_label":"assumed"}},{"type":"Feature","geometry":{"type":"Polygon","coordinates":[[[78.433191,17.393956],[78.432979,17.393961],[78.432975,17.393811],[78.433187,17.393805],[78.433191,17.393956]]]},"properties":{"id":"9796755769fb","height":null,"num_floors":null,"render_height_m":12.8,"height_label":"assumed"}},{"type":"Feature","geometry":{"type":"Polygon","coordinates":[[[78.433315,17.393663],[78.433374,17.393665],[78.433372,17.393736],[78.433313,17.393735],[78.433315,17.393663]]]},"properties":{"id":"296679c5ac84","height":null,"num_floors":null,"render_height_m":6.4,"height_label":"assumed"}},{"type":"Feature","geometry":{"type":"Polygon","coordinates":[[[78.433291,17.393998],[78.433282,17.393932],[78.433418,17.393915],[78.433427,17.393981],[78.433291,17.393998]]]},"properties":{"id":"4be0e28dfb09","height":null,"num_floors":null,"render_height_m":9.6,"height_label":"assumed"}},{"type":"Feature","geometry":{"type":"Polygon","coordinates":[[[78.433575,17.393804],[78.433579,17.393827],[78.433517,17.393838],[78.433513,17.393815],[78.433575,17.393804]]]},"properties":{"id":"35cbea5102e7","height":null,"num_floors":null,"render_height_m":6.4,"height_label":"assumed"}},{"type":"Feature","geometry":{"type":"Polygon","coordinates":[[[78.433412,17.393792],[78.433459,17.393789],[78.433463,17.393854],[78.433415,17.393857],[78.433412,17.393792]]]},"properties":{"id":"18436ac79862","height":null,"num_floors":null,"render_height_m":6.4,"height_label":"assumed"}},{"type":"Feature","geometry":{"type":"Polygon","coordinates":[[[78.43333,17.393596],[78.433744,17.393602],[78.433742,17.393789],[78.433303,17.393783],[78.433303,17.393739],[78.433429,17.393741],[78.43343,17.393664],[78.433329,17.393663],[78.43333,17.393596]]]},"properties":{"id":"12ed35201478","height":null,"num_floors":null,"render_height_m":19.2,"height_label":"assumed"}},{"type":"Feature","geometry":{"type":"Polygon","coordinates":[[[78.433433,17.393303],[78.433435,17.393439],[78.433366,17.393439],[78.433364,17.393303],[78.433433,17.393303]]]},"properties":{"id":"8be25176b7fa","height":null,"num_floors":null,"render_height_m":9.6,"height_label":"assumed"}},{"type":"Feature","geometry":{"type":"Polygon","coordinates":[[[78.433444,17.393431],[78.433445,17.393342],[78.43351,17.393343],[78.433509,17.393432],[78.433444,17.393431]]]},"properties":{"id":"9565655ddee2","height":null,"num_floors":null,"render_height_m":6.4,"height_label":"assumed"}},{"type":"Feature","geometry":{"type":"Polygon","coordinates":[[[78.433585,17.393308],[78.433588,17.393434],[78.433522,17.393436],[78.433519,17.39331],[78.433585,17.393308]]]},"properties":{"id":"b2c73067784b","height":null,"num_floors":null,"render_height_m":9.6,"height_label":"assumed"}},{"type":"Feature","geometry":{"type":"Polygon","coordinates":[[[78.433636,17.393428],[78.433636,17.393355],[78.433757,17.393355],[78.433757,17.393428],[78.433636,17.393428]]]},"properties":{"id":"1e9faca2a095","height":null,"num_floors":null,"render_height_m":9.6,"height_label":"assumed"}},{"type":"Feature","geometry":{"type":"Polygon","coordinates":[[[78.434055,17.393676],[78.433965,17.393688],[78.433926,17.393428],[78.434096,17.393404],[78.434107,17.393472],[78.434088,17.393474],[78.43411,17.393615],[78.434046,17.393624],[78.434055,17.393676]]]},"properties":{"id":"85be0696f09c","height":null,"num_floors":null,"render_height_m":12.8,"height_label":"assumed"}},{"type":"Feature","geometry":{"type":"Polygon","coordinates":[[[78.433963,17.393694],[78.433972,17.393736],[78.433921,17.393747],[78.433912,17.393705],[78.433963,17.393694]]]},"properties":{"id":"94983b680469","height":null,"num_floors":null,"render_height_m":6.4,"height_label":"assumed"}},{"type":"Feature","geometry":{"type":"Polygon","coordinates":[[[78.433862,17.393716],[78.433907,17.393708],[78.433914,17.393747],[78.43387,17.393754],[78.433862,17.393716]]]},"properties":{"id":"1c3f273e3479","height":null,"num_floors":null,"render_height_m":6.4,"height_label":"assumed"}},{"type":"Feature","geometry":{"type":"Polygon","coordinates":[[[78.434021,17.393922],[78.433977,17.393791],[78.434043,17.393771],[78.434087,17.393902],[78.434021,17.393922]]]},"properties":{"id":"0d17ce49d0b3","height":null,"num_floors":null,"render_height_m":9.6,"height_label":"assumed"}},{"type":"Feature","geometry":{"type":"Polygon","coordinates":[[[78.433885,17.393811],[78.433928,17.393945],[78.43381,17.39398],[78.433767,17.393846],[78.433885,17.393811]]]},"properties":{"id":"a1579ce334e5","height":null,"num_floors":null,"render_height_m":9.6,"height_label":"assumed"}},{"type":"Feature","geometry":{"type":"Polygon","coordinates":[[[78.433702,17.393984],[78.433674,17.393853],[78.43376,17.393836],[78.433802,17.393967],[78.433702,17.393984]]]},"properties":{"id":"4761870a6468","height":null,"num_floors":null,"render_height_m":9.6,"height_label":"assumed"}},{"type":"Feature","geometry":{"type":"Polygon","coordinates":[[[78.433833,17.393732],[78.433757,17.393739],[78.433745,17.393629],[78.43382,17.393622],[78.433833,17.393732]]]},"properties":{"id":"a9a0cdae55a9","height":null,"num_floors":null,"render_height_m":9.6,"height_label":"assumed"}},{"type":"Feature","geometry":{"type":"Polygon","coordinates":[[[78.433688,17.393982],[78.433546,17.394004],[78.433525,17.393883],[78.433668,17.393861],[78.433688,17.393982]]]},"properties":{"id":"57b748fab541","height":null,"num_floors":null,"render_height_m":9.6,"height_label":"assumed"}},{"type":"Feature","geometry":{"type":"Polygon","coordinates":[[[78.433761,17.394017],[78.43379,17.394119],[78.433734,17.394134],[78.433705,17.394032],[78.433761,17.394017]]]},"properties":{"id":"b232248819f6","height":null,"num_floors":null,"render_height_m":6.4,"height_label":"assumed"}},{"type":"Feature","geometry":{"type":"Polygon","coordinates":[[[78.433734,17.394134],[78.43379,17.394119],[78.433804,17.394167],[78.433748,17.394182],[78.433734,17.394134]]]},"properties":{"id":"93fc5f03dbbb","height":null,"num_floors":null,"render_height_m":6.4,"height_label":"assumed"}},{"type":"Feature","geometry":{"type":"Polygon","coordinates":[[[78.433656,17.394051],[78.43371,17.394037],[78.43374,17.39414],[78.433686,17.394154],[78.433656,17.394051]]]},"properties":{"id":"6780ff80c9db","height":null,"num_floors":null,"render_height_m":6.4,"height_label":"assumed"}},{"type":"Feature","geometry":{"type":"Polygon","coordinates":[[[78.433673,17.394306],[78.433684,17.394357],[78.433605,17.394373],[78.433594,17.394322],[78.433673,17.394306]]]},"properties":{"id":"4d2e305a85e0","height":null,"num_floors":null,"render_height_m":6.4,"height_label":"assumed"}},{"type":"Feature","geometry":{"type":"Polygon","coordinates":[[[78.433553,17.394183],[78.4336,17.39417],[78.433605,17.394186],[78.433629,17.39418],[78.433653,17.394264],[78.433582,17.394283],[78.433553,17.394183]]]},"properties":{"id":"c40bfc674eec","height":null,"num_floors":null,"render_height_m":9.6,"height_label":"assumed"}},{"type":"Feature","geometry":{"type":"Polygon","coordinates":[[[78.433788,17.394641],[78.433552,17.394654],[78.433538,17.394437],[78.433774,17.394423],[78.433788,17.394641]]]},"properties":{"id":"c5104a205555","height":null,"num_floors":null,"render_height_m":12.8,"height_label":"assumed"}},{"type":"Feature","geometry":{"type":"Polygon","coordinates":[[[78.433969,17.394473],[78.433812,17.394486],[78.433805,17.394377],[78.433955,17.394323],[78.433969,17.394473]]]},"properties":{"id":"d555b1d78571","height":null,"num_floors":null,"render_height_m":9.6,"height_label":"assumed"}},{"type":"Feature","geometry":{"type":"Polygon","coordinates":[[[78.434099,17.394632],[78.433913,17.39465],[78.433902,17.394544],[78.434087,17.394526],[78.434099,17.394632]]]},"properties":{"id":"8d0699a50954","height":null,"num_floors":null,"render_height_m":9.6,"height_label":"assumed"}},{"type":"Feature","geometry":{"type":"Polygon","coordinates":[[[78.434097,17.394728],[78.43394,17.394751],[78.433927,17.39467],[78.434084,17.394648],[78.434097,17.394728]]]},"properties":{"id":"48ac8d3ecd8b","height":null,"num_floors":null,"render_height_m":9.6,"height_label":"assumed"}},{"type":"Feature","geometry":{"type":"Polygon","coordinates":[[[78.434034,17.394301],[78.434047,17.394463],[78.433977,17.394468],[78.433962,17.394321],[78.434034,17.394301]]]},"properties":{"id":"59e7dff0eb0e","height":null,"num_floors":null,"render_height_m":9.6,"height_label":"assumed"}},{"type":"Feature","geometry":{"type":"Polygon","coordinates":[[[78.43409,17.394154],[78.434104,17.394203],[78.434061,17.394214],[78.434047,17.394165],[78.43409,17.394154]]]},"properties":{"id":"2d61586855d0","height":null,"num_floors":null,"render_height_m":6.4,"height_label":"assumed"}},{"type":"Feature","geometry":{"type":"Polygon","coordinates":[[[78.433822,17.394245],[78.43387,17.394229],[78.433895,17.394296],[78.433847,17.394312],[78.433822,17.394245]]]},"properties":{"id":"0ce923a8f984","height":null,"num_floors":null,"render_height_m":6.4,"height_label":"assumed"}},{"type":"Feature","geometry":{"type":"Polygon","coordinates":[[[78.433922,17.394084],[78.433937,17.394138],[78.433861,17.394158],[78.433846,17.394105],[78.433922,17.394084]]]},"properties":{"id":"3d4a928283d2","height":null,"num_floors":null,"render_height_m":6.4,"height_label":"assumed"}},{"type":"Feature","geometry":{"type":"Polygon","coordinates":[[[78.433836,17.394004],[78.43389,17.393989],[78.433919,17.394089],[78.433865,17.394104],[78.433836,17.394004]]]},"properties":{"id":"cefca61d1832","height":null,"num_floors":null,"render_height_m":6.4,"height_label":"assumed"}},{"type":"Feature","geometry":{"type":"Polygon","coordinates":[[[78.433788,17.394016],[78.433832,17.394004],[78.433863,17.394107],[78.433818,17.394119],[78.433788,17.394016]]]},"properties":{"id":"fc87c1507018","height":null,"num_floors":null,"render_height_m":6.4,"height_label":"assumed"}},{"type":"Feature","geometry":{"type":"Polygon","coordinates":[[[78.433974,17.393983],[78.434002,17.394078],[78.433921,17.3941],[78.433894,17.394005],[78.433974,17.393983]]]},"properties":{"id":"6ffb9a5d9e65","height":null,"num_floors":null,"render_height_m":9.6,"height_label":"assumed"}},{"type":"Feature","geometry":{"type":"Polygon","coordinates":[[[78.43409,17.394058],[78.434104,17.394106],[78.434062,17.394117],[78.434048,17.39407],[78.43409,17.394058]]]},"properties":{"id":"a02111481682","height":null,"num_floors":null,"render_height_m":6.4,"height_label":"assumed"}},{"type":"Feature","geometry":{"type":"Polygon","coordinates":[[[78.433988,17.394011],[78.434015,17.394006],[78.434022,17.39404],[78.43408,17.39403],[78.434085,17.394057],[78.434,17.394071],[78.433988,17.394011]]]},"properties":{"id":"23cc51b28740","height":null,"num_floors":null,"render_height_m":6.4,"height_label":"assumed"}},{"type":"Feature","geometry":{"type":"Polygon","coordinates":[[[78.434167,17.394125],[78.43418,17.394176],[78.434106,17.394193],[78.434094,17.394142],[78.434167,17.394125]]]},"properties":{"id":"7745ce920958","height":null,"num_floors":null,"render_height_m":6.4,"height_label":"assumed"}},{"type":"Feature","geometry":{"type":"Polygon","coordinates":[[[78.434332,17.394023],[78.434369,17.394106],[78.434323,17.394125],[78.434286,17.394042],[78.434332,17.394023]]]},"properties":{"id":"5793578de0a9","height":null,"num_floors":null,"render_height_m":6.4,"height_label":"assumed"}},{"type":"Feature","geometry":{"type":"Polygon","coordinates":[[[78.434285,17.394051],[78.43434,17.394177],[78.434288,17.394198],[78.434233,17.394071],[78.434285,17.394051]]]},"properties":{"id":"60c0fc5bb1ac","height":null,"num_floors":null,"render_height_m":9.6,"height_label":"assumed"}},{"type":"Feature","geometry":{"type":"Polygon","coordinates":[[[78.434185,17.394091],[78.434233,17.394071],[78.434288,17.394198],[78.43424,17.394217],[78.434185,17.394091]]]},"properties":{"id":"9a397b019a17","height":null,"num_floors":null,"render_height_m":9.6,"height_label":"assumed"}},{"type":"Feature","geometry":{"type":"Polygon","coordinates":[[[78.434244,17.394417],[78.434138,17.394426],[78.434119,17.394226],[78.434225,17.394217],[78.434244,17.394417]]]},"properties":{"id":"201f86bda1f3","height":null,"num_floors":null,"render_height_m":12.8,"height_label":"assumed"}},{"type":"Feature","geometry":{"type":"Polygon","coordinates":[[[78.434107,17.394256],[78.434122,17.394442],[78.434053,17.394459],[78.434037,17.394277],[78.434107,17.394256]]]},"properties":{"id":"477829fc5dd2","height":null,"num_floors":null,"render_height_m":9.6,"height_label":"assumed"}},{"type":"Feature","geometry":{"type":"Polygon","coordinates":[[[78.434376,17.394477],[78.434382,17.394583],[78.434275,17.394588],[78.434269,17.394482],[78.434376,17.394477]]]},"properties":{"id":"c42737a43eb3","height":null,"num_floors":null,"render_height_m":9.6,"height_label":"assumed"}},{"type":"Feature","geometry":{"type":"Polygon","coordinates":[[[78.434375,17.394701],[78.434354,17.394609],[78.434544,17.394569],[78.434565,17.394661],[78.434375,17.394701]]]},"properties":{"id":"fa1634a25c6c","height":null,"num_floors":null,"render_height_m":9.6,"height_label":"assumed"}},{"type":"Feature","geometry":{"type":"Polygon","coordinates":[[[78.434548,17.394551],[78.434395,17.394571],[78.434382,17.394479],[78.434534,17.394459],[78.434548,17.394551]]]},"properties":{"id":"9b7a356f53a2","height":null,"num_floors":null,"render_height_m":9.6,"height_label":"assumed"}},{"type":"Feature","geometry":{"type":"Polygon","coordinates":[[[78.434581,17.394353],[78.434409,17.394388],[78.434383,17.394276],[78.434556,17.394241],[78.434581,17.394353]]]},"properties":{"id":"faf85eaf8c39","height":null,"num_floors":null,"render_height_m":9.6,"height_label":"assumed"}},{"type":"Feature","geometry":{"type":"Polygon","coordinates":[[[78.434389,17.394014],[78.434457,17.393976],[78.434482,17.394018],[78.434524,17.393996],[78.434551,17.394042],[78.434473,17.394085],[78.434446,17.394039],[78.434414,17.394056],[78.434389,17.394014]]]},"properties":{"id":"96008056a664","height":null,"num_floors":null,"render_height_m":9.6,"height_label":"assumed"}},{"type":"Feature","geometry":{"type":"Polygon","coordinates":[[[78.434422,17.394226],[78.434394,17.394112],[78.434515,17.394085],[78.434543,17.394199],[78.434422,17.394226]]]},"properties":{"id":"000c195aef66","height":null,"num_floors":null,"render_height_m":9.6,"height_label":"assumed"}},{"type":"Feature","geometry":{"type":"Polygon","coordinates":[[[78.434558,17.393923],[78.43458,17.393975],[78.434528,17.393996],[78.434506,17.393944],[78.434558,17.393923]]]},"properties":{"id":"bbf638364e29","height":null,"num_floors":null,"render_height_m":6.4,"height_label":"assumed"}},{"type":"Feature","geometry":{"type":"Polygon","coordinates":[[[78.434506,17.393944],[78.434528,17.393996],[78.434481,17.394015],[78.434458,17.393962],[78.434506,17.393944]]]},"properties":{"id":"2d9a9f88f76c","height":null,"num_floors":null,"render_height_m":6.4,"height_label":"assumed"}},{"type":"Feature","geometry":{"type":"Polygon","coordinates":[[[78.434592,17.393836],[78.434416,17.393921],[78.434383,17.393832],[78.434558,17.393774],[78.434592,17.393836]]]},"properties":{"id":"31d42b9fba4c","height":null,"num_floors":null,"render_height_m":9.6,"height_label":"assumed"}},{"type":"Feature","geometry":{"type":"Polygon","coordinates":[[[78.434492,17.393621],[78.434536,17.393768],[78.434442,17.393793],[78.434398,17.393646],[78.434492,17.393621]]]},"properties":{"id":"fd776e49d72a","height":null,"num_floors":null,"render_height_m":9.6,"height_label":"assumed"}},{"type":"Feature","geometry":{"type":"Polygon","coordinates":[[[78.434394,17.393811],[78.434349,17.393676],[78.434392,17.393663],[78.434437,17.393799],[78.434394,17.393811]]]},"properties":{"id":"f3579af15351","height":null,"num_floors":null,"render_height_m":6.4,"height_label":"assumed"}},{"type":"Feature","geometry":{"type":"Polygon","coordinates":[[[78.434389,17.393819],[78.434322,17.393842],[78.434273,17.393713],[78.434341,17.39369],[78.434389,17.393819]]]},"properties":{"id":"ba20d72ed335","height":null,"num_floors":null,"render_height_m":9.6,"height_label":"assumed"}},{"type":"Feature","geometry":{"type":"Polygon","coordinates":[[[78.434354,17.393881],[78.434377,17.393959],[78.434338,17.39397],[78.434343,17.393987],[78.434308,17.393996],[78.43428,17.393901],[78.434354,17.393881]]]},"properties":{"id":"a4a9765bef49","height":null,"num_floors":null,"render_height_m":9.6,"height_label":"assumed"}},{"type":"Feature","geometry":{"type":"Polygon","coordinates":[[[78.43428,17.393901],[78.434303,17.393979],[78.434285,17.393984],[78.434298,17.394027],[78.434247,17.394041],[78.434211,17.393919],[78.43428,17.393901]]]},"properties":{"id":"044e6bf48760","height":null,"num_floors":null,"render_height_m":9.6,"height_label":"assumed"}},{"type":"Feature","geometry":{"type":"Polygon","coordinates":[[[78.434092,17.393951],[78.434096,17.393964],[78.434114,17.393959],[78.434128,17.394009],[78.434078,17.394023],[78.43406,17.39396],[78.434092,17.393951]]]},"properties":{"id":"0169960410c6","height":null,"num_floors":null,"render_height_m":6.4,"height_label":"assumed"}},{"type":"Feature","geometry":{"type":"Polygon","coordinates":[[[78.434166,17.393874],[78.434094,17.393898],[78.434054,17.393784],[78.434126,17.393761],[78.434166,17.393874]]]},"properties":{"id":"cf77394cfadb","height":null,"num_floors":null,"render_height_m":9.6,"height_label":"assumed"}},{"type":"Feature","geometry":{"type":"Polygon","coordinates":[[[78.434243,17.393855],[78.434173,17.393879],[78.434125,17.393752],[78.434196,17.393728],[78.434243,17.393855]]]},"properties":{"id":"3d8e27cda7f2","height":null,"num_floors":null,"render_height_m":9.6,"height_label":"assumed"}},{"type":"Feature","geometry":{"type":"Polygon","coordinates":[[[78.43406,17.393661],[78.434094,17.39365],[78.434112,17.3937],[78.434078,17.393711],[78.43406,17.393661]]]},"properties":{"id":"0226c3c99f2f","height":null,"num_floors":null,"render_height_m":6.4,"height_label":"assumed"}},{"type":"Feature","geometry":{"type":"Polygon","coordinates":[[[78.434132,17.393645],[78.43414,17.393688],[78.434102,17.393695],[78.434094,17.393652],[78.434132,17.393645]]]},"properties":{"id":"84131206d1e0","height":null,"num_floors":null,"render_height_m":6.4,"height_label":"assumed"}},{"type":"Feature","geometry":{"type":"Polygon","coordinates":[[[78.434264,17.393708],[78.434315,17.393845],[78.434254,17.393866],[78.434203,17.393729],[78.434264,17.393708]]]},"properties":{"id":"79e9d034f735","height":null,"num_floors":null,"render_height_m":9.6,"height_label":"assumed"}},{"type":"Feature","geometry":{"type":"Polygon","coordinates":[[[78.434243,17.393509],[78.434258,17.393593],[78.434208,17.393602],[78.434193,17.393518],[78.434243,17.393509]]]},"properties":{"id":"5f0157126bce","height":null,"num_floors":null,"render_height_m":6.4,"height_label":"assumed"}},{"type":"Feature","geometry":{"type":"Polygon","coordinates":[[[78.434191,17.39349],[78.434207,17.393569],[78.434135,17.393583],[78.434119,17.393504],[78.434191,17.39349]]]},"properties":{"id":"5a648e350b17","height":null,"num_floors":null,"render_height_m":6.4,"height_label":"assumed"}},{"type":"Feature","geometry":{"type":"Polygon","coordinates":[[[78.434156,17.393446],[78.434123,17.393453],[78.434107,17.393385],[78.43414,17.393377],[78.434156,17.393446]]]},"properties":{"id":"a765eb5360a9","height":null,"num_floors":null,"render_height_m":6.4,"height_label":"assumed"}},{"type":"Feature","geometry":{"type":"Polygon","coordinates":[[[78.434178,17.393438],[78.434228,17.39343],[78.434243,17.393509],[78.434193,17.393518],[78.434178,17.393438]]]},"properties":{"id":"168625c47701","height":null,"num_floors":null,"render_height_m":6.4,"height_label":"assumed"}},{"type":"Feature","geometry":{"type":"Polygon","coordinates":[[[78.434219,17.393429],[78.434262,17.393416],[78.434284,17.393489],[78.434241,17.393501],[78.434219,17.393429]]]},"properties":{"id":"612c587d3aaa","height":null,"num_floors":null,"render_height_m":6.4,"height_label":"assumed"}},{"type":"Feature","geometry":{"type":"Polygon","coordinates":[[[78.434345,17.393434],[78.43438,17.393424],[78.434419,17.393559],[78.434314,17.393587],[78.434264,17.393413],[78.434334,17.393395],[78.434345,17.393434]]]},"properties":{"id":"bc2358b1b9f9","height":null,"num_floors":null,"render_height_m":9.6,"height_label":"assumed"}},{"type":"Feature","geometry":{"type":"Polygon","coordinates":[[[78.434486,17.393564],[78.434454,17.393473],[78.434595,17.393428],[78.434626,17.393519],[78.434486,17.393564]]]},"properties":{"id":"1b911b77ef07","height":null,"num_floors":null,"render_height_m":9.6,"height_label":"assumed"}},{"type":"Feature","geometry":{"type":"Polygon","coordinates":[[[78.434575,17.39342],[78.434439,17.393463],[78.434402,17.393358],[78.434538,17.393314],[78.434575,17.39342]]]},"properties":{"id":"40ef4bb08a23","height":null,"num_floors":null,"render_height_m":9.6,"height_label":"assumed"}},{"type":"Feature","geometry":{"type":"Polygon","coordinates":[[[78.434473,17.393206],[78.434364,17.393237],[78.434317,17.393083],[78.434427,17.393053],[78.434473,17.393206]]]},"properties":{"id":"43a5d2cff32f","height":null,"num_floors":null,"render_height_m":9.6,"height_label":"assumed"}},{"type":"Feature","geometry":{"type":"Polygon","coordinates":[[[78.434421,17.393036],[78.434315,17.393072],[78.434264,17.392933],[78.434371,17.392898],[78.434421,17.393036]]]},"properties":{"id":"d8d951776041","height":null,"num_floors":null,"render_height_m":9.6,"height_label":"assumed"}},{"type":"Feature","geometry":{"type":"Polygon","coordinates":[[[78.434633,17.392973],[78.434515,17.393006],[78.434471,17.392866],[78.434589,17.392833],[78.434633,17.392973]]]},"properties":{"id":"a6409787311e","height":null,"num_floors":null,"render_height_m":9.6,"height_label":"assumed"}},{"type":"Feature","geometry":{"type":"Polygon","coordinates":[[[78.434232,17.392773],[78.434193,17.392637],[78.434286,17.392612],[78.434326,17.392748],[78.434232,17.392773]]]},"properties":{"id":"bcd44e5f67a3","height":null,"num_floors":null,"render_height_m":9.6,"height_label":"assumed"}},{"type":"Feature","geometry":{"type":"Polygon","coordinates":[[[78.434175,17.392632],[78.434218,17.392777],[78.434117,17.392804],[78.434074,17.392659],[78.434175,17.392632]]]},"properties":{"id":"787afc94be77","height":null,"num_floors":null,"render_height_m":9.6,"height_label":"assumed"}},{"type":"Feature","geometry":{"type":"Polygon","coordinates":[[[78.434264,17.393045],[78.434167,17.393076],[78.434116,17.392931],[78.434213,17.392901],[78.434264,17.393045]]]},"properties":{"id":"9d4e0473fa0d","height":null,"num_floors":null,"render_height_m":9.6,"height_label":"assumed"}},{"type":"Feature","geometry":{"type":"Polygon","coordinates":[[[78.434217,17.393278],[78.434172,17.393146],[78.434275,17.393113],[78.434321,17.393245],[78.434217,17.393278]]]},"properties":{"id":"e48d372a4874","height":null,"num_floors":null,"render_height_m":9.6,"height_label":"assumed"}},{"type":"Feature","geometry":{"type":"Polygon","coordinates":[[[78.434167,17.393147],[78.434213,17.393292],[78.434098,17.393326],[78.434052,17.393181],[78.434167,17.393147]]]},"properties":{"id":"2d07a1b11502","height":null,"num_floors":null,"render_height_m":9.6,"height_label":"assumed"}},{"type":"Feature","geometry":{"type":"Polygon","coordinates":[[[78.434025,17.393214],[78.434059,17.393338],[78.433899,17.393378],[78.433865,17.393254],[78.434025,17.393214]]]},"properties":{"id":"5c9d63b5b8eb","height":null,"num_floors":null,"render_height_m":9.6,"height_label":"assumed"}},{"type":"Feature","geometry":{"type":"Polygon","coordinates":[[[78.434151,17.393102],[78.434028,17.39314],[78.433978,17.392993],[78.434102,17.392955],[78.434151,17.393102]]]},"properties":{"id":"f4df2c071483","height":null,"num_floors":null,"render_height_m":9.6,"height_label":"assumed"}},{"type":"Feature","geometry":{"type":"Polygon","coordinates":[[[78.434011,17.393135],[78.433888,17.39317],[78.433847,17.39304],[78.43397,17.393005],[78.434011,17.393135]]]},"properties":{"id":"198f396548df","height":null,"num_floors":null,"render_height_m":9.6,"height_label":"assumed"}},{"type":"Feature","geometry":{"type":"Polygon","coordinates":[[[78.433756,17.393302],[78.433638,17.393302],[78.433638,17.393234],[78.433756,17.393234],[78.433756,17.393302]]]},"properties":{"id":"54bac454940e","height":null,"num_floors":null,"render_height_m":9.6,"height_label":"assumed"}},{"type":"Feature","geometry":{"type":"Polygon","coordinates":[[[78.43363,17.393215],[78.433571,17.393216],[78.433571,17.393153],[78.433602,17.393153],[78.433601,17.393134],[78.433629,17.393134],[78.43363,17.393215]]]},"properties":{"id":"1c9bd7bbc35c","height":null,"num_floors":null,"render_height_m":6.4,"height_label":"assumed"}},{"type":"Feature","geometry":{"type":"Polygon","coordinates":[[[78.433638,17.39321],[78.433638,17.393137],[78.433744,17.393136],[78.433744,17.393209],[78.433638,17.39321]]]},"properties":{"id":"7c58d833208c","height":null,"num_floors":null,"render_height_m":9.6,"height_label":"assumed"}},{"type":"Feature","geometry":{"type":"Polygon","coordinates":[[[78.433739,17.393111],[78.433584,17.393116],[78.433582,17.393032],[78.433736,17.393027],[78.433739,17.393111]]]},"properties":{"id":"6c35b509c1c3","height":null,"num_floors":null,"render_height_m":9.6,"height_label":"assumed"}},{"type":"Feature","geometry":{"type":"Polygon","coordinates":[[[78.433735,17.39297],[78.43357,17.392972],[78.433569,17.392893],[78.433733,17.392891],[78.433735,17.39297]]]},"properties":{"id":"5846f4d4252f","height":null,"num_floors":null,"render_height_m":9.6,"height_label":"assumed"}},{"type":"Feature","geometry":{"type":"Polygon","coordinates":[[[78.433732,17.39286],[78.433574,17.392864],[78.433572,17.39279],[78.43373,17.392786],[78.433732,17.39286]]]},"properties":{"id":"61c2d4d9721e","height":null,"num_floors":null,"render_height_m":9.6,"height_label":"assumed"}},{"type":"Feature","geometry":{"type":"Polygon","coordinates":[[[78.433727,17.392771],[78.433568,17.392771],[78.433568,17.392675],[78.433727,17.392675],[78.433727,17.392771]]]},"properties":{"id":"fc2f9fc2e2ac","height":null,"num_floors":null,"render_height_m":9.6,"height_label":"assumed"}},{"type":"Feature","geometry":{"type":"Polygon","coordinates":[[[78.433739,17.392643],[78.433564,17.392642],[78.433565,17.392562],[78.433739,17.392563],[78.433739,17.392643]]]},"properties":{"id":"d1adbdcd4875","height":null,"num_floors":null,"render_height_m":9.6,"height_label":"assumed"}},{"type":"Feature","geometry":{"type":"Polygon","coordinates":[[[78.433863,17.392738],[78.433938,17.392715],[78.433975,17.392826],[78.4339,17.392849],[78.433863,17.392738]]]},"properties":{"id":"dc52baaf119b","height":null,"num_floors":null,"render_height_m":9.6,"height_label":"assumed"}},{"type":"Feature","geometry":{"type":"Polygon","coordinates":[[[78.434005,17.392848],[78.433961,17.392707],[78.434059,17.392679],[78.434102,17.39282],[78.434005,17.392848]]]},"properties":{"id":"ef63c54b9cc0","height":null,"num_floors":null,"render_height_m":9.6,"height_label":"assumed"}},{"type":"Feature","geometry":{"type":"Polygon","coordinates":[[[78.434068,17.392643],[78.433892,17.392663],[78.433878,17.392556],[78.434054,17.392536],[78.434068,17.392643]]]},"properties":{"id":"bd5fee3df922","height":null,"num_floors":null,"render_height_m":9.6,"height_label":"assumed"}},{"type":"Feature","geometry":{"type":"Polygon","coordinates":[[[78.434054,17.392517],[78.433878,17.392543],[78.433862,17.392447],[78.434038,17.392421],[78.434054,17.392517]]]},"properties":{"id":"25ddb3502082","height":null,"num_floors":null,"render_height_m":9.6,"height_label":"assumed"}},{"type":"Feature","geometry":{"type":"Polygon","coordinates":[[[78.433561,17.392556],[78.433559,17.392457],[78.433731,17.392454],[78.433734,17.392552],[78.433561,17.392556]]]},"properties":{"id":"eaf4c2f87152","height":null,"num_floors":null,"render_height_m":9.6,"height_label":"assumed"}},{"type":"Feature","geometry":{"type":"Polygon","coordinates":[[[78.433723,17.392432],[78.433566,17.392436],[78.433563,17.392337],[78.433721,17.392333],[78.433723,17.392432]]]},"properties":{"id":"43f7ec255aec","height":null,"num_floors":null,"render_height_m":9.6,"height_label":"assumed"}},{"type":"Feature","geometry":{"type":"Polygon","coordinates":[[[78.433718,17.392229],[78.433558,17.392233],[78.433555,17.392139],[78.433716,17.392134],[78.433718,17.392229]]]},"properties":{"id":"e549dc2adc5b","height":null,"num_floors":null,"render_height_m":9.6,"height_label":"assumed"}},{"type":"Feature","geometry":{"type":"Polygon","coordinates":[[[78.43359,17.391836],[78.433696,17.391833],[78.433702,17.392003],[78.433595,17.392006],[78.43359,17.391836]]]},"properties":{"id":"268123bd67d6","height":null,"num_floors":null,"render_height_m":9.6,"height_label":"assumed"}},{"type":"Feature","geometry":{"type":"Polygon","coordinates":[[[78.43371,17.391992],[78.433706,17.39184],[78.433808,17.391838],[78.433812,17.39199],[78.43371,17.391992]]]},"properties":{"id":"2ba5ff961a78","height":null,"num_floors":null,"render_height_m":9.6,"height_label":"assumed"}},{"type":"Feature","geometry":{"type":"Polygon","coordinates":[[[78.433923,17.39185],[78.433925,17.39199],[78.433815,17.391991],[78.433813,17.391852],[78.433923,17.39185]]]},"properties":{"id":"7879bb658c7d","height":null,"num_floors":null,"render_height_m":9.6,"height_label":"assumed"}},{"type":"Feature","geometry":{"type":"Polygon","coordinates":[[[78.433941,17.391983],[78.433939,17.391885],[78.434109,17.391883],[78.43411,17.391981],[78.433941,17.391983]]]},"properties":{"id":"d67b23cad001","height":null,"num_floors":null,"render_height_m":9.6,"height_label":"assumed"}},{"type":"Feature","geometry":{"type":"Polygon","coordinates":[[[78.434103,17.392391],[78.434035,17.392138],[78.434162,17.392108],[78.434229,17.392361],[78.434103,17.392391]]]},"properties":{"id":"e8e819eacbf3","height":null,"num_floors":null,"render_height_m":12.8,"height_label":"assumed"}},{"type":"Feature","geometry":{"type":"Polygon","coordinates":[[[78.434258,17.392609],[78.434102,17.392628],[78.434088,17.392526],[78.434245,17.392506],[78.434258,17.392609]]]},"properties":{"id":"fd4333a315fb","height":null,"num_floors":null,"render_height_m":9.6,"height_label":"assumed"}},{"type":"Feature","geometry":{"type":"Polygon","coordinates":[[[78.434246,17.392482],[78.434073,17.392516],[78.434056,17.392433],[78.434229,17.392399],[78.434246,17.392482]]]},"properties":{"id":"c36959e9c607","height":null,"num_floors":null,"render_height_m":9.6,"height_label":"assumed"}},{"type":"Feature","geometry":{"type":"Polygon","coordinates":[[[78.434515,17.392341],[78.434381,17.392342],[78.43438,17.392229],[78.434514,17.392228],[78.434515,17.392341]]]},"properties":{"id":"5205ed7fdba7","height":null,"num_floors":null,"render_height_m":9.6,"height_label":"assumed"}},{"type":"Feature","geometry":{"type":"Polygon","coordinates":[[[78.434397,17.392527],[78.434355,17.392377],[78.434494,17.392374],[78.434526,17.392493],[78.434397,17.392527]]]},"properties":{"id":"49941ddcb46c","height":null,"num_floors":null,"render_height_m":9.6,"height_label":"assumed"}},{"type":"Feature","geometry":{"type":"Polygon","coordinates":[[[78.434444,17.392646],[78.434413,17.392537],[78.434503,17.392514],[78.434533,17.392618],[78.434479,17.392632],[78.434484,17.392648],[78.434459,17.392654],[78.434456,17.392643],[78.434444,17.392646]]]},"properties":{"id":"91fefd59d1a4","height":null,"num_floors":null,"render_height_m":9.6,"height_label":"assumed"}},{"type":"Feature","geometry":{"type":"Polygon","coordinates":[[[78.434599,17.392374],[78.434636,17.392495],[78.434579,17.392512],[78.43454,17.39239],[78.434599,17.392374]]]},"properties":{"id":"810a0f0ec02c","height":null,"num_floors":null,"render_height_m":9.6,"height_label":"assumed"}},{"type":"Feature","geometry":{"type":"Polygon","coordinates":[[[78.434631,17.392289],[78.434557,17.39231],[78.434538,17.392248],[78.434612,17.392227],[78.434631,17.392289]]]},"properties":{"id":"73ebf6b476c0","height":null,"num_floors":null,"render_height_m":6.4,"height_label":"assumed"}},{"type":"Feature","geometry":{"type":"Polygon","coordinates":[[[78.434527,17.392209],[78.434356,17.392217],[78.434351,17.39213],[78.434396,17.392128],[78.434395,17.39211],[78.434445,17.392108],[78.434445,17.392095],[78.434502,17.392092],[78.434504,17.392137],[78.434523,17.392136],[78.434527,17.392209]]]},"properties":{"id":"2ad139cb409a","height":null,"num_floors":null,"render_height_m":9.6,"height_label":"assumed"}},{"type":"Feature","geometry":{"type":"Polygon","coordinates":[[[78.432724,17.391838],[78.432726,17.392011],[78.432648,17.392012],[78.432646,17.391839],[78.432724,17.391838]]]},"properties":{"id":"ebb76008f288","height":null,"num_floors":null,"render_height_m":9.6,"height_label":"assumed"}},{"type":"Feature","geometry":{"type":"Polygon","coordinates":[[[78.43273,17.391985],[78.432727,17.391867],[78.432807,17.391865],[78.43281,17.391983],[78.43273,17.391985]]]},"properties":{"id":"229025564848","height":null,"num_floors":null,"render_height_m":9.6,"height_label":"assumed"}},{"type":"Feature","geometry":{"type":"Polygon","coordinates":[[[78.432748,17.39208],[78.432748,17.392228],[78.432657,17.392228],[78.432657,17.39208],[78.432748,17.39208]]]},"properties":{"id":"3731493d26f2","height":null,"num_floors":null,"render_height_m":9.6,"height_label":"assumed"}},{"type":"Feature","geometry":{"type":"Polygon","coordinates":[[[78.432843,17.392467],[78.432682,17.392469],[78.43268,17.392378],[78.432842,17.392376],[78.432843,17.392467]]]},"properties":{"id":"ad55461ba79a","height":null,"num_floors":null,"render_height_m":9.6,"height_label":"assumed"}},{"type":"Feature","geometry":{"type":"Polygon","coordinates":[[[78.432845,17.392353],[78.432674,17.392353],[78.432673,17.392273],[78.432844,17.392272],[78.432845,17.392353]]]},"properties":{"id":"9de0c3c964bc","height":null,"num_floors":null,"render_height_m":9.6,"height_label":"assumed"}},{"type":"Feature","geometry":{"type":"Polygon","coordinates":[[[78.432943,17.392464],[78.432856,17.392465],[78.432853,17.39229],[78.432941,17.392289],[78.432943,17.392464]]]},"properties":{"id":"921c49db72e5","height":null,"num_floors":null,"render_height_m":9.6,"height_label":"assumed"}},{"type":"Feature","geometry":{"type":"Polygon","coordinates":[[[78.433041,17.392294],[78.433039,17.392471],[78.432956,17.39247],[78.432958,17.392294],[78.433041,17.392294]]]},"properties":{"id":"a1fbef08a8eb","height":null,"num_floors":null,"render_height_m":9.6,"height_label":"assumed"}},{"type":"Feature","geometry":{"type":"Polygon","coordinates":[[[78.433037,17.392066],[78.43304,17.392249],[78.432957,17.39225],[78.432954,17.392067],[78.433037,17.392066]]]},"properties":{"id":"6fa3ff3e51d7","height":null,"num_floors":null,"render_height_m":9.6,"height_label":"assumed"}},{"type":"Feature","geometry":{"type":"Polygon","coordinates":[[[78.43276,17.39207],[78.432844,17.39207],[78.432845,17.39223],[78.432762,17.392231],[78.43276,17.39207]]]},"properties":{"id":"aa6d2836d5d9","height":null,"num_floors":null,"render_height_m":9.6,"height_label":"assumed"}},{"type":"Feature","geometry":{"type":"Polygon","coordinates":[[[78.432948,17.39206],[78.43295,17.392251],[78.432851,17.392251],[78.43285,17.392061],[78.432948,17.39206]]]},"properties":{"id":"9129beff150a","height":null,"num_floors":null,"render_height_m":9.6,"height_label":"assumed"}},{"type":"Feature","geometry":{"type":"Polygon","coordinates":[[[78.432892,17.391981],[78.432815,17.391983],[78.432812,17.391859],[78.432889,17.391857],[78.432892,17.391981]]]},"properties":{"id":"78c11ece93cb","height":null,"num_floors":null,"render_height_m":9.6,"height_label":"assumed"}},{"type":"Feature","geometry":{"type":"Polygon","coordinates":[[[78.433074,17.391995],[78.433074,17.391922],[78.433245,17.391921],[78.433245,17.391994],[78.433074,17.391995]]]},"properties":{"id":"bdd518ad6658","height":null,"num_floors":null,"render_height_m":9.6,"height_label":"assumed"}},{"type":"Feature","geometry":{"type":"Polygon","coordinates":[[[78.433255,17.392271],[78.433051,17.392273],[78.43305,17.392193],[78.433254,17.392191],[78.433255,17.392271]]]},"properties":{"id":"8934594767fd","height":null,"num_floors":null,"render_height_m":9.6,"height_label":"assumed"}},{"type":"Feature","geometry":{"type":"Polygon","coordinates":[[[78.433257,17.392158],[78.433049,17.392166],[78.433045,17.39208],[78.433254,17.392072],[78.433257,17.392158]]]},"properties":{"id":"247c6b147a44","height":null,"num_floors":null,"render_height_m":9.6,"height_label":"assumed"}},{"type":"Feature","geometry":{"type":"Polygon","coordinates":[[[78.433455,17.392005],[78.433358,17.392008],[78.433354,17.391876],[78.43345,17.391873],[78.433455,17.392005]]]},"properties":{"id":"d9246a423156","height":null,"num_floors":null,"render_height_m":9.6,"height_label":"assumed"}},{"type":"Feature","geometry":{"type":"Polygon","coordinates":[[[78.433477,17.391984],[78.433469,17.391853],[78.433583,17.391847],[78.433591,17.391978],[78.433477,17.391984]]]},"properties":{"id":"49ccb8b7f8d9","height":null,"num_floors":null,"render_height_m":9.6,"height_label":"assumed"}},{"type":"Feature","geometry":{"type":"Polygon","coordinates":[[[78.433548,17.392241],[78.433376,17.392242],[78.433375,17.392155],[78.433548,17.392154],[78.433548,17.392241]]]},"properties":{"id":"9ed0d6504b41","height":null,"num_floors":null,"render_height_m":9.6,"height_label":"assumed"}},{"type":"Feature","geometry":{"type":"Polygon","coordinates":[[[78.433539,17.392342],[78.433376,17.392343],[78.433375,17.392251],[78.433538,17.392251],[78.433539,17.392342]]]},"properties":{"id":"eba65e491630","height":null,"num_floors":null,"render_height_m":9.6,"height_label":"assumed"}},{"type":"Feature","geometry":{"type":"Polygon","coordinates":[[[78.433377,17.392452],[78.433376,17.392366],[78.433549,17.392366],[78.43355,17.392452],[78.433377,17.392452]]]},"properties":{"id":"72ad2e30457c","height":null,"num_floors":null,"render_height_m":9.6,"height_label":"assumed"}},{"type":"Feature","geometry":{"type":"Polygon","coordinates":[[[78.433382,17.392531],[78.43338,17.39246],[78.433545,17.392457],[78.433547,17.392529],[78.433382,17.392531]]]},"properties":{"id":"dba7cf3a3651","height":null,"num_floors":null,"render_height_m":9.6,"height_label":"assumed"}},{"type":"Feature","geometry":{"type":"Polygon","coordinates":[[[78.433554,17.392638],[78.433373,17.392635],[78.433374,17.392546],[78.433556,17.392549],[78.433554,17.392638]]]},"properties":{"id":"71844a94c6ed","height":null,"num_floors":null,"render_height_m":9.6,"height_label":"assumed"}},{"type":"Feature","geometry":{"type":"Polygon","coordinates":[[[78.433069,17.392475],[78.433068,17.39228],[78.433255,17.392279],[78.433256,17.392473],[78.433069,17.392475]]]},"properties":{"id":"c9e034e91ab8","height":null,"num_floors":null,"render_height_m":12.8,"height_label":"assumed"}},{"type":"Feature","geometry":{"type":"Polygon","coordinates":[[[78.433118,17.392693],[78.433119,17.39256],[78.433199,17.39256],[78.433197,17.392693],[78.433118,17.392693]]]},"properties":{"id":"6ef89190ac35","height":null,"num_floors":null,"render_height_m":9.6,"height_label":"assumed"}},{"type":"Feature","geometry":{"type":"Polygon","coordinates":[[[78.433036,17.392862],[78.433039,17.392713],[78.433186,17.392716],[78.433182,17.392865],[78.433036,17.392862]]]},"properties":{"id":"9681cec90e93","height":null,"num_floors":null,"render_height_m":12.8,"height_label":"assumed"}},{"type":"Feature","geometry":{"type":"Polygon","coordinates":[[[78.433198,17.39288],[78.4332,17.39272],[78.433293,17.392721],[78.433291,17.392881],[78.433198,17.39288]]]},"properties":{"id":"874b9a4de0a3","height":null,"num_floors":null,"render_height_m":9.6,"height_label":"assumed"}},{"type":"Feature","geometry":{"type":"Polygon","coordinates":[[[78.433211,17.392702],[78.433208,17.392539],[78.433277,17.392538],[78.43328,17.392701],[78.433211,17.392702]]]},"properties":{"id":"c84e198854f1","height":null,"num_floors":null,"render_height_m":9.6,"height_label":"assumed"}},{"type":"Feature","geometry":{"type":"Polygon","coordinates":[[[78.433553,17.39276],[78.433382,17.392759],[78.433383,17.392646],[78.433554,17.392647],[78.433553,17.39276]]]},"properties":{"id":"847ef840ba9b","height":null,"num_floors":null,"render_height_m":9.6,"height_label":"assumed"}},{"type":"Feature","geometry":{"type":"Polygon","coordinates":[[[78.433551,17.392782],[78.433552,17.392927],[78.433399,17.392929],[78.433398,17.392783],[78.433551,17.392782]]]},"properties":{"id":"216e8bd38e3a","height":null,"num_floors":null,"render_height_m":12.8,"height_label":"assumed"}},{"type":"Feature","geometry":{"type":"Polygon","coordinates":[[[78.433375,17.393113],[78.433375,17.393071],[78.433493,17.393072],[78.433493,17.393113],[78.433375,17.393113]]]},"properties":{"id":"c7d52da8d4b5","height":null,"num_floors":null,"render_height_m":6.4,"height_label":"assumed"}},{"type":"Feature","geometry":{"type":"Polygon","coordinates":[[[78.433494,17.393064],[78.433374,17.393065],[78.433373,17.393013],[78.433493,17.393012],[78.433494,17.393064]]]},"properties":{"id":"84d148df8502","height":null,"num_floors":null,"render_height_m":6.4,"height_label":"assumed"}},{"type":"Feature","geometry":{"type":"Polygon","coordinates":[[[78.433499,17.39312],[78.433498,17.39302],[78.433565,17.393019],[78.433565,17.39312],[78.433499,17.39312]]]},"properties":{"id":"d165f0d15bf3","height":null,"num_floors":null,"render_height_m":6.4,"height_label":"assumed"}},{"type":"Feature","geometry":{"type":"Polygon","coordinates":[[[78.433565,17.393206],[78.433464,17.393204],[78.433465,17.393136],[78.433566,17.393137],[78.433565,17.393206]]]},"properties":{"id":"3505379570ad","height":null,"num_floors":null,"render_height_m":9.6,"height_label":"assumed"}},{"type":"Feature","geometry":{"type":"Polygon","coordinates":[[[78.433384,17.393283],[78.433386,17.393238],[78.433518,17.393244],[78.433515,17.393289],[78.433384,17.393283]]]},"properties":{"id":"6740024991a3","height":null,"num_floors":null,"render_height_m":6.4,"height_label":"assumed"}},{"type":"Feature","geometry":{"type":"Polygon","coordinates":[[[78.433458,17.393148],[78.433458,17.393233],[78.433379,17.393232],[78.43338,17.393147],[78.433458,17.393148]]]},"properties":{"id":"18bb4732767a","height":null,"num_floors":null,"render_height_m":6.4,"height_label":"assumed"}},{"type":"Feature","geometry":{"type":"Polygon","coordinates":[[[78.43317,17.393359],[78.433119,17.393358],[78.433119,17.393318],[78.433131,17.393318],[78.433132,17.39327],[78.433171,17.393271],[78.433171,17.393261],[78.433144,17.39326],[78.433144,17.393246],[78.433125,17.393246],[78.433126,17.393213],[78.433247,17.393215],[78.433268,17.393232],[78.433266,17.393295],[78.433269,17.393295],[78.433267,17.393375],[78.433219,17.393374],[78.433219,17.39337],[78.433198,17.393369],[78.433198,17.393374],[78.43317,17.393373],[78.43317,17.393359]]]},"properties":{"id":"d5301abb8f41","height":null,"num_floors":null,"render_height_m":9.6,"height_label":"assumed"}},{"type":"Feature","geometry":{"type":"Polygon","coordinates":[[[78.433265,17.393209],[78.433141,17.39321],[78.43314,17.393137],[78.433264,17.393135],[78.433265,17.393209]]]},"properties":{"id":"5b20138a2a54","height":null,"num_floors":null,"render_height_m":9.6,"height_label":"assumed"}},{"type":"Feature","geometry":{"type":"Polygon","coordinates":[[[78.433278,17.393122],[78.433206,17.393123],[78.433204,17.392968],[78.433277,17.392968],[78.433278,17.393122]]]},"properties":{"id":"0b27281895ad","height":null,"num_floors":null,"render_height_m":9.6,"height_label":"assumed"}},{"type":"Feature","geometry":{"type":"Polygon","coordinates":[[[78.433189,17.392973],[78.433189,17.393121],[78.433116,17.393121],[78.433116,17.392973],[78.433189,17.392973]]]},"properties":{"id":"5555971cebfb","height":null,"num_floors":null,"render_height_m":9.6,"height_label":"assumed"}},{"type":"Feature","geometry":{"type":"Polygon","coordinates":[[[78.433023,17.393113],[78.433028,17.39297],[78.433101,17.392972],[78.433097,17.393115],[78.433023,17.393113]]]},"properties":{"id":"adee75a9ab24","height":null,"num_floors":null,"render_height_m":9.6,"height_label":"assumed"}},{"type":"Feature","geometry":{"type":"Polygon","coordinates":[[[78.433112,17.393311],[78.433055,17.393308],[78.433062,17.393137],[78.43312,17.39314],[78.433112,17.393311]]]},"properties":{"id":"74b610a217b5","height":null,"num_floors":null,"render_height_m":9.6,"height_label":"assumed"}},{"type":"Feature","geometry":{"type":"Polygon","coordinates":[[[78.432848,17.393288],[78.432854,17.393148],[78.432952,17.393152],[78.432945,17.393292],[78.432848,17.393288]]]},"properties":{"id":"b0edd70f5ca4","height":null,"num_floors":null,"render_height_m":9.6,"height_label":"assumed"}},{"type":"Feature","geometry":{"type":"Polygon","coordinates":[[[78.432922,17.392955],[78.43292,17.393106],[78.432777,17.393103],[78.43278,17.392952],[78.432922,17.392955]]]},"properties":{"id":"ce92942b5bbe","height":null,"num_floors":null,"render_height_m":12.8,"height_label":"assumed"}},{"type":"Feature","geometry":{"type":"Polygon","coordinates":[[[78.433015,17.39297],[78.433011,17.393106],[78.432944,17.393104],[78.432948,17.392968],[78.433015,17.39297]]]},"properties":{"id":"6cb92424798c","height":null,"num_floors":null,"render_height_m":9.6,"height_label":"assumed"}},{"type":"Feature","geometry":{"type":"Polygon","coordinates":[[[78.432945,17.39285],[78.432951,17.392707],[78.433026,17.39271],[78.43302,17.392853],[78.432945,17.39285]]]},"properties":{"id":"cd4af9c1586f","height":null,"num_floors":null,"render_height_m":9.6,"height_label":"assumed"}},{"type":"Feature","geometry":{"type":"Polygon","coordinates":[[[78.432955,17.39267],[78.432957,17.392531],[78.43311,17.392533],[78.433108,17.392672],[78.432955,17.39267]]]},"properties":{"id":"db5d1eb214d9","height":null,"num_floors":null,"render_height_m":9.6,"height_label":"assumed"}},{"type":"Feature","geometry":{"type":"Polygon","coordinates":[[[78.432937,17.392547],[78.432937,17.392684],[78.432864,17.392684],[78.432864,17.392547],[78.432937,17.392547]]]},"properties":{"id":"f2e52e9e62be","height":null,"num_floors":null,"render_height_m":9.6,"height_label":"assumed"}},{"type":"Feature","geometry":{"type":"Polygon","coordinates":[[[78.432783,17.392688],[78.432781,17.392539],[78.432852,17.392539],[78.432853,17.392688],[78.432783,17.392688]]]},"properties":{"id":"353e7dd201c9","height":null,"num_floors":null,"render_height_m":9.6,"height_label":"assumed"}},{"type":"Feature","geometry":{"type":"Polygon","coordinates":[[[78.432845,17.392698],[78.43284,17.392849],[78.432767,17.392847],[78.432772,17.392696],[78.432845,17.392698]]]},"properties":{"id":"bfc42625ed5e","height":null,"num_floors":null,"render_height_m":9.6,"height_label":"assumed"}},{"type":"Feature","geometry":{"type":"Polygon","coordinates":[[[78.432857,17.392855],[78.432859,17.392716],[78.43293,17.392717],[78.432929,17.392856],[78.432857,17.392855]]]},"properties":{"id":"ea6c13150b30","height":null,"num_floors":null,"render_height_m":9.6,"height_label":"assumed"}},{"type":"Feature","geometry":{"type":"Polygon","coordinates":[[[78.432763,17.392522],[78.432764,17.392683],[78.432695,17.392684],[78.432694,17.392522],[78.432763,17.392522]]]},"properties":{"id":"12b3f72b1dc8","height":null,"num_floors":null,"render_height_m":9.6,"height_label":"assumed"}},{"type":"Feature","geometry":{"type":"Polygon","coordinates":[[[78.432752,17.392693],[78.432754,17.392841],[78.432687,17.392842],[78.432686,17.392694],[78.432752,17.392693]]]},"properties":{"id":"68bb76ce7d32","height":null,"num_floors":null,"render_height_m":9.6,"height_label":"assumed"}},{"type":"Feature","geometry":{"type":"Polygon","coordinates":[[[78.432511,17.392844],[78.432509,17.392726],[78.43258,17.392725],[78.432582,17.392843],[78.432511,17.392844]]]},"properties":{"id":"6aa71e5a27b0","height":null,"num_floors":null,"render_height_m":9.6,"height_label":"assumed"}},{"type":"Feature","geometry":{"type":"Polygon","coordinates":[[[78.43268,17.393087],[78.432508,17.393077],[78.432516,17.392946],[78.432689,17.392956],[78.43268,17.393087]]]},"properties":{"id":"5c0e119047e5","height":null,"num_floors":null,"render_height_m":12.8,"height_label":"assumed"}},{"type":"Feature","geometry":{"type":"Polygon","coordinates":[[[78.432701,17.393098],[78.432698,17.392951],[78.432772,17.39295],[78.432775,17.393096],[78.432701,17.393098]]]},"properties":{"id":"466943c4add1","height":null,"num_floors":null,"render_height_m":9.6,"height_label":"assumed"}},{"type":"Feature","geometry":{"type":"Polygon","coordinates":[[[78.432613,17.393106],[78.432839,17.39311],[78.432836,17.393222],[78.43261,17.393218],[78.432613,17.393106]]]},"properties":{"id":"b3125e1134ea","height":null,"num_floors":null,"render_height_m":12.8,"height_label":"assumed"}},{"type":"Feature","geometry":{"type":"Polygon","coordinates":[[[78.432698,17.393316],[78.4327,17.393228],[78.432832,17.393231],[78.43283,17.393319],[78.432698,17.393316]]]},"properties":{"id":"ea9236de8dd3","height":null,"num_floors":null,"render_height_m":9.6,"height_label":"assumed"}},{"type":"Feature","geometry":{"type":"Polygon","coordinates":[[[78.432526,17.393105],[78.432604,17.393104],[78.432604,17.39324],[78.432526,17.39324],[78.432526,17.393105]]]},"properties":{"id":"fe4880f58ff3","height":null,"num_floors":null,"render_height_m":9.6,"height_label":"assumed"}},{"type":"Feature","geometry":{"type":"Polygon","coordinates":[[[78.43244,17.393102],[78.432516,17.393102],[78.432516,17.393233],[78.43244,17.393233],[78.43244,17.393102]]]},"properties":{"id":"b9930e7e585d","height":null,"num_floors":null,"render_height_m":9.6,"height_label":"assumed"}},{"type":"Feature","geometry":{"type":"Polygon","coordinates":[[[78.432493,17.392917],[78.432495,17.39308],[78.432415,17.393081],[78.432413,17.392918],[78.432493,17.392917]]]},"properties":{"id":"bbbda14c3779","height":null,"num_floors":null,"render_height_m":9.6,"height_label":"assumed"}},{"type":"Feature","geometry":{"type":"Polygon","coordinates":[[[78.432409,17.393075],[78.43233,17.393078],[78.432323,17.392921],[78.432407,17.39292],[78.432409,17.393075]]]},"properties":{"id":"a3df56efa479","height":null,"num_floors":null,"render_height_m":9.6,"height_label":"assumed"}},{"type":"Feature","geometry":{"type":"Polygon","coordinates":[[[78.432322,17.392922],[78.432322,17.393078],[78.432242,17.393078],[78.432242,17.392923],[78.432322,17.392922]]]},"properties":{"id":"0de8b1a93eb3","height":null,"num_floors":null,"render_height_m":9.6,"height_label":"assumed"}},{"type":"Feature","geometry":{"type":"Polygon","coordinates":[[[78.432337,17.393097],[78.432337,17.393224],[78.432258,17.393224],[78.432258,17.393097],[78.432337,17.393097]]]},"properties":{"id":"9a65b421b6cb","height":null,"num_floors":null,"render_height_m":9.6,"height_label":"assumed"}},{"type":"Feature","geometry":{"type":"Polygon","coordinates":[[[78.432348,17.393086],[78.432428,17.393085],[78.432431,17.393232],[78.432351,17.393233],[78.432348,17.393086]]]},"properties":{"id":"560012b0d84b","height":null,"num_floors":null,"render_height_m":9.6,"height_label":"assumed"}},{"type":"Feature","geometry":{"type":"Polygon","coordinates":[[[78.43205,17.393216],[78.432045,17.393084],[78.432116,17.393081],[78.432122,17.393213],[78.43205,17.393216]]]},"properties":{"id":"4051794567e1","height":null,"num_floors":null,"render_height_m":9.6,"height_label":"assumed"}},{"type":"Feature","geometry":{"type":"Polygon","coordinates":[[[78.432121,17.392674],[78.432124,17.392827],[78.43205,17.392828],[78.432047,17.392675],[78.432121,17.392674]]]},"properties":{"id":"3f51f13ee6a3","height":null,"num_floors":null,"render_height_m":9.6,"height_label":"assumed"}},{"type":"Feature","geometry":{"type":"Polygon","coordinates":[[[78.432324,17.392656],[78.432325,17.392817],[78.43224,17.392817],[78.43224,17.392656],[78.432324,17.392656]]]},"properties":{"id":"79d3df6cfe3f","height":null,"num_floors":null,"render_height_m":9.6,"height_label":"assumed"}},{"type":"Feature","geometry":{"type":"Polygon","coordinates":[[[78.432413,17.392646],[78.432236,17.392644],[78.432237,17.392579],[78.432414,17.39258],[78.432413,17.392646]]]},"properties":{"id":"36ab12970257","height":null,"num_floors":null,"render_height_m":9.6,"height_label":"assumed"}},{"type":"Feature","geometry":{"type":"Polygon","coordinates":[[[78.432411,17.392658],[78.432412,17.392826],[78.43233,17.392826],[78.432328,17.392659],[78.432411,17.392658]]]},"properties":{"id":"fbfc5a017db5","height":null,"num_floors":null,"render_height_m":9.6,"height_label":"assumed"}},{"type":"Feature","geometry":{"type":"Polygon","coordinates":[[[78.432424,17.392737],[78.432501,17.392736],[78.432503,17.392848],[78.432426,17.392849],[78.432424,17.392737]]]},"properties":{"id":"ff33c76d3baf","height":null,"num_floors":null,"render_height_m":9.6,"height_label":"assumed"}},{"type":"Feature","geometry":{"type":"Polygon","coordinates":[[[78.432592,17.392717],[78.432421,17.392715],[78.432423,17.392599],[78.432593,17.392602],[78.432592,17.392717]]]},"properties":{"id":"c312127cdaae","height":null,"num_floors":null,"render_height_m":9.6,"height_label":"assumed"}},{"type":"Feature","geometry":{"type":"Polygon","coordinates":[[[78.432607,17.392598],[78.432428,17.392591],[78.432431,17.392512],[78.43261,17.392519],[78.432607,17.392598]]]},"properties":{"id":"0a12ea437812","height":null,"num_floors":null,"render_height_m":9.6,"height_label":"assumed"}},{"type":"Feature","geometry":{"type":"Polygon","coordinates":[[[78.432455,17.392493],[78.432457,17.392362],[78.432546,17.392363],[78.432544,17.392494],[78.432455,17.392493]]]},"properties":{"id":"11135a23c4e3","height":null,"num_floors":null,"render_height_m":9.6,"height_label":"assumed"}},{"type":"Feature","geometry":{"type":"Polygon","coordinates":[[[78.432244,17.392562],[78.432245,17.392506],[78.432415,17.392509],[78.432414,17.392565],[78.432244,17.392562]]]},"properties":{"id":"ed3816aff859","height":null,"num_floors":null,"render_height_m":9.6,"height_label":"assumed"}},{"type":"Feature","geometry":{"type":"Polygon","coordinates":[[[78.432442,17.392497],[78.432243,17.392497],[78.432243,17.392385],[78.432442,17.392385],[78.432442,17.392497]]]},"properties":{"id":"0149f26ce1c4","height":null,"num_floors":null,"render_height_m":12.8,"height_label":"assumed"}},{"type":"Feature","geometry":{"type":"Polygon","coordinates":[[[78.432543,17.392346],[78.432381,17.392349],[78.43238,17.392291],[78.432542,17.392289],[78.432543,17.392346]]]},"properties":{"id":"cf1dc656ce3b","height":null,"num_floors":null,"render_height_m":9.6,"height_label":"assumed"}},{"type":"Feature","geometry":{"type":"Polygon","coordinates":[[[78.432542,17.392265],[78.432381,17.39227],[78.432377,17.392143],[78.432539,17.392139],[78.432542,17.392265]]]},"properties":{"id":"b40b60f47382","height":null,"num_floors":null,"render_height_m":9.6,"height_label":"assumed"}},{"type":"Feature","geometry":{"type":"Polygon","coordinates":[[[78.432566,17.39211],[78.432384,17.392117],[78.432381,17.392029],[78.432563,17.392022],[78.432566,17.39211]]]},"properties":{"id":"e88d4fa78142","height":null,"num_floors":null,"render_height_m":9.6,"height_label":"assumed"}},{"type":"Feature","geometry":{"type":"Polygon","coordinates":[[[78.432545,17.392014],[78.43238,17.392015],[78.432379,17.39194],[78.432545,17.391939],[78.432545,17.392014]]]},"properties":{"id":"92afe1477dde","height":null,"num_floors":null,"render_height_m":9.6,"height_label":"assumed"}},{"type":"Feature","geometry":{"type":"Polygon","coordinates":[[[78.432363,17.392047],[78.432217,17.39205],[78.432215,17.391955],[78.432361,17.391951],[78.432363,17.392047]]]},"properties":{"id":"6906602426c6","height":null,"num_floors":null,"render_height_m":9.6,"height_label":"assumed"}},{"type":"Feature","geometry":{"type":"Polygon","coordinates":[[[78.432239,17.392287],[78.432234,17.392136],[78.432371,17.392132],[78.432376,17.392283],[78.432239,17.392287]]]},"properties":{"id":"71e79eb0f372","height":null,"num_floors":null,"render_height_m":9.6,"height_label":"assumed"}},{"type":"Feature","geometry":{"type":"Polygon","coordinates":[[[78.432111,17.392218],[78.432024,17.392219],[78.432023,17.392102],[78.432109,17.392101],[78.432111,17.392218]]]},"properties":{"id":"cf7d74ee14cc","height":null,"num_floors":null,"render_height_m":9.6,"height_label":"assumed"}},{"type":"Feature","geometry":{"type":"Polygon","coordinates":[[[78.432033,17.392398],[78.432033,17.392228],[78.432114,17.392228],[78.432114,17.392398],[78.432033,17.392398]]]},"properties":{"id":"a7d2a0797df1","height":null,"num_floors":null,"render_height_m":9.6,"height_label":"assumed"}},{"type":"Feature","geometry":{"type":"Polygon","coordinates":[[[78.435926,17.392824],[78.435829,17.392846],[78.435795,17.392709],[78.435892,17.392687],[78.435926,17.392824]]]},"properties":{"id":"fdaf2be81875","height":null,"num_floors":null,"render_height_m":9.6,"height_label":"assumed"}},{"type":"Feature","geometry":{"type":"Polygon","coordinates":[[[78.435849,17.392994],[78.435831,17.392863],[78.435902,17.392854],[78.43592,17.392985],[78.435849,17.392994]]]},"properties":{"id":"1ec91bb6f5a2","height":null,"num_floors":null,"render_height_m":9.6,"height_label":"assumed"}},{"type":"Feature","geometry":{"type":"Polygon","coordinates":[[[78.435985,17.393123],[78.435843,17.393164],[78.43581,17.393059],[78.435952,17.393018],[78.435985,17.393123]]]},"properties":{"id":"49ab8c0aa5cb","height":null,"num_floors":null,"render_height_m":9.6,"height_label":"assumed"}},{"type":"Feature","geometry":{"type":"Polygon","coordinates":[[[78.435744,17.393169],[78.435619,17.39319],[78.435602,17.393099],[78.435727,17.393078],[78.435744,17.393169]]]},"properties":{"id":"ade63d82ab4f","height":null,"num_floors":null,"render_height_m":9.6,"height_label":"assumed"}},{"type":"Feature","geometry":{"type":"Polygon","coordinates":[[[78.435638,17.393209],[78.435673,17.393202],[78.435683,17.393251],[78.435649,17.393258],[78.435638,17.393209]]]},"properties":{"id":"d9629e8c7ce1","height":null,"num_floors":null,"render_height_m":6.4,"height_label":"assumed"}},{"type":"Feature","geometry":{"type":"Polygon","coordinates":[[[78.435292,17.393288],[78.435255,17.393065],[78.435484,17.392936],[78.435586,17.393098],[78.435513,17.393177],[78.435522,17.393279],[78.435292,17.393288]]]},"properties":{"id":"d90b243938d7","height":null,"num_floors":null,"render_height_m":19.2,"height_label":"assumed"}},{"type":"Feature","geometry":{"type":"Polygon","coordinates":[[[78.435528,17.392873],[78.435538,17.39291],[78.435488,17.392923],[78.435477,17.392886],[78.435528,17.392873]]]},"properties":{"id":"2662abb20224","height":null,"num_floors":null,"render_height_m":6.4,"height_label":"assumed"}},{"type":"Feature","geometry":{"type":"Polygon","coordinates":[[[78.435553,17.392703],[78.43544,17.392778],[78.435382,17.392698],[78.435494,17.392623],[78.435553,17.392703]]]},"properties":{"id":"efce465d885b","height":null,"num_floors":null,"render_height_m":9.6,"height_label":"assumed"}},{"type":"Feature","geometry":{"type":"Polygon","coordinates":[[[78.435502,17.392607],[78.435376,17.392679],[78.435333,17.39261],[78.435458,17.392538],[78.435502,17.392607]]]},"properties":{"id":"8059a21a1a11","height":null,"num_floors":null,"render_height_m":9.6,"height_label":"assumed"}},{"type":"Feature","geometry":{"type":"Polygon","coordinates":[[[78.435711,17.392766],[78.435787,17.392751],[78.435837,17.392978],[78.435695,17.393007],[78.435657,17.392836],[78.435711,17.392766]]]},"properties":{"id":"4e319fe1922c","height":null,"num_floors":null,"render_height_m":12.8,"height_label":"assumed"}},{"type":"Feature","geometry":{"type":"Polygon","coordinates":[[[78.435663,17.392402],[78.435614,17.392329],[78.435741,17.392252],[78.43579,17.392325],[78.435663,17.392402]]]},"properties":{"id":"5d7208c2cc11","height":null,"num_floors":null,"render_height_m":9.6,"height_label":"assumed"}},{"type":"Feature","geometry":{"type":"Polygon","coordinates":[[[78.435715,17.392263],[78.435593,17.392325],[78.435571,17.392264],[78.435691,17.392219],[78.435715,17.392263]]]},"properties":{"id":"c7e6e173ee09","height":null,"num_floors":null,"render_height_m":9.6,"height_label":"assumed"}},{"type":"Feature","geometry":{"type":"Polygon","coordinates":[[[78.435647,17.392641],[78.435603,17.392554],[78.435676,17.392521],[78.435719,17.392608],[78.435647,17.392641]]]},"properties":{"id":"29024529c1a8","height":null,"num_floors":null,"render_height_m":9.6,"height_label":"assumed"}},{"type":"Feature","geometry":{"type":"Polygon","coordinates":[[[78.435566,17.392319],[78.435474,17.39235],[78.435446,17.392274],[78.435538,17.392243],[78.435566,17.392319]]]},"properties":{"id":"8366e2190d1a","height":null,"num_floors":null,"render_height_m":9.6,"height_label":"assumed"}},{"type":"Feature","geometry":{"type":"Polygon","coordinates":[[[78.435596,17.392204],[78.435506,17.392206],[78.435502,17.392076],[78.435592,17.392074],[78.435596,17.392204]]]},"properties":{"id":"3c3f708ccbd6","height":null,"num_floors":null,"render_height_m":9.6,"height_label":"assumed"}},{"type":"Feature","geometry":{"type":"Polygon","coordinates":[[[78.43539,17.39221],[78.435385,17.392079],[78.435486,17.392076],[78.435491,17.392207],[78.43539,17.39221]]]},"properties":{"id":"4a69630f394b","height":null,"num_floors":null,"render_height_m":9.6,"height_label":"assumed"}},{"type":"Feature","geometry":{"type":"Polygon","coordinates":[[[78.435625,17.392213],[78.435628,17.392094],[78.435712,17.392096],[78.43571,17.392215],[78.435625,17.392213]]]},"properties":{"id":"4dd2e01aad30","height":null,"num_floors":null,"render_height_m":9.6,"height_label":"assumed"}},{"type":"Feature","geometry":{"type":"Polygon","coordinates":[[[78.435825,17.392311],[78.435917,17.392422],[78.435841,17.39248],[78.435749,17.392369],[78.435825,17.392311]]]},"properties":{"id":"a0e4c0e4a1c3","height":null,"num_floors":null,"render_height_m":9.6,"height_label":"assumed"}},{"type":"Feature","geometry":{"type":"Polygon","coordinates":[[[78.434747,17.392233],[78.434733,17.392112],[78.434828,17.392101],[78.434843,17.392223],[78.434747,17.392233]]]},"properties":{"id":"224d004a32a7","height":null,"num_floors":null,"render_height_m":9.6,"height_label":"assumed"}},{"type":"Feature","geometry":{"type":"Polygon","coordinates":[[[78.434631,17.392108],[78.434686,17.392092],[78.43474,17.392264],[78.434718,17.392271],[78.434708,17.392239],[78.434675,17.392249],[78.434631,17.392108]]]},"properties":{"id":"ac54d957cecb","height":null,"num_floors":null,"render_height_m":9.6,"height_label":"assumed"}},{"type":"Feature","geometry":{"type":"Polygon","coordinates":[[[78.434757,17.392513],[78.434673,17.392535],[78.434653,17.392466],[78.434737,17.392444],[78.434757,17.392513]]]},"properties":{"id":"9db3028c3e8c","height":null,"num_floors":null,"render_height_m":6.4,"height_label":"assumed"}},{"type":"Feature","geometry":{"type":"Polygon","coordinates":[[[78.434708,17.392625],[78.434684,17.392567],[78.434774,17.392533],[78.434797,17.392591],[78.434708,17.392625]]]},"properties":{"id":"d98a4982a745","height":null,"num_floors":null,"render_height_m":6.4,"height_label":"assumed"}},{"type":"Feature","geometry":{"type":"Polygon","coordinates":[[[78.434813,17.392372],[78.434844,17.392472],[78.434763,17.392495],[78.434732,17.392395],[78.434813,17.392372]]]},"properties":{"id":"cb3518b797d0","height":null,"num_floors":null,"render_height_m":9.6,"height_label":"assumed"}},{"type":"Feature","geometry":{"type":"Polygon","coordinates":[[[78.43472,17.392265],[78.434829,17.392236],[78.434842,17.392281],[78.434732,17.392309],[78.43472,17.392265]]]},"properties":{"id":"9e3a2a221b87","height":null,"num_floors":null,"render_height_m":6.4,"height_label":"assumed"}},{"type":"Feature","geometry":{"type":"Polygon","coordinates":[[[78.434844,17.392616],[78.434813,17.392524],[78.434927,17.392488],[78.434959,17.39258],[78.434844,17.392616]]]},"properties":{"id":"a3f105c16123","height":null,"num_floors":null,"render_height_m":9.6,"height_label":"assumed"}},{"type":"Feature","geometry":{"type":"Polygon","coordinates":[[[78.434962,17.392456],[78.434881,17.392477],[78.434852,17.392376],[78.434933,17.392355],[78.434962,17.392456]]]},"properties":{"id":"ac1c297634d5","height":null,"num_floors":null,"render_height_m":9.6,"height_label":"assumed"}},{"type":"Feature","geometry":{"type":"Polygon","coordinates":[[[78.434998,17.39216],[78.434899,17.392163],[78.434897,17.392103],[78.434996,17.3921],[78.434998,17.39216]]]},"properties":{"id":"56576a704ecd","height":null,"num_floors":null,"render_height_m":6.4,"height_label":"assumed"}},{"type":"Feature","geometry":{"type":"Polygon","coordinates":[[[78.434919,17.391935],[78.435034,17.391948],[78.435028,17.391993],[78.434913,17.391979],[78.434919,17.391935]]]},"properties":{"id":"c5e1ca3df784","height":null,"num_floors":null,"render_height_m":6.4,"height_label":"assumed"}},{"type":"Feature","geometry":{"type":"Polygon","coordinates":[[[78.435034,17.391948],[78.435081,17.391954],[78.435075,17.391998],[78.435028,17.391993],[78.435034,17.391948]]]},"properties":{"id":"d73a568b9188","height":null,"num_floors":null,"render_height_m":6.4,"height_label":"assumed"}},{"type":"Feature","geometry":{"type":"Polygon","coordinates":[[[78.43526,17.392074],[78.435262,17.39223],[78.435151,17.392232],[78.435148,17.392075],[78.43526,17.392074]]]},"properties":{"id":"aef436e93482","height":null,"num_floors":null,"render_height_m":9.6,"height_label":"assumed"}},{"type":"Feature","geometry":{"type":"Polygon","coordinates":[[[78.435278,17.392226],[78.435274,17.392082],[78.435377,17.392079],[78.435381,17.392223],[78.435278,17.392226]]]},"properties":{"id":"ba44768e9d70","height":null,"num_floors":null,"render_height_m":9.6,"height_label":"assumed"}},{"type":"Feature","geometry":{"type":"Polygon","coordinates":[[[78.43542,17.392406],[78.435286,17.392459],[78.435255,17.392389],[78.435389,17.392335],[78.43542,17.392406]]]},"properties":{"id":"bb673334693c","height":null,"num_floors":null,"render_height_m":9.6,"height_label":"assumed"}},{"type":"Feature","geometry":{"type":"Polygon","coordinates":[[[78.435458,17.392518],[78.435338,17.392573],[78.435292,17.392482],[78.435413,17.392427],[78.435458,17.392518]]]},"properties":{"id":"3fe0e16a960c","height":null,"num_floors":null,"render_height_m":9.6,"height_label":"assumed"}},{"type":"Feature","geometry":{"type":"Polygon","coordinates":[[[78.435146,17.39241],[78.434985,17.392454],[78.434971,17.392409],[78.435132,17.392365],[78.435146,17.39241]]]},"properties":{"id":"1f122647a781","height":null,"num_floors":null,"render_height_m":9.6,"height_label":"assumed"}},{"type":"Feature","geometry":{"type":"Polygon","coordinates":[[[78.435113,17.392343],[78.434963,17.392384],[78.434937,17.392298],[78.435087,17.392256],[78.435113,17.392343]]]},"properties":{"id":"42eff3192485","height":null,"num_floors":null,"render_height_m":9.6,"height_label":"assumed"}},{"type":"Feature","geometry":{"type":"Polygon","coordinates":[[[78.435162,17.392505],[78.435018,17.392548],[78.43499,17.392461],[78.435133,17.392418],[78.435162,17.392505]]]},"properties":{"id":"3709c74c3dfe","height":null,"num_floors":null,"render_height_m":9.6,"height_label":"assumed"}},{"type":"Feature","geometry":{"type":"Polygon","coordinates":[[[78.435007,17.393016],[78.434958,17.392894],[78.435074,17.392852],[78.435123,17.392973],[78.435007,17.393016]]]},"properties":{"id":"ccf68547f974","height":null,"num_floors":null,"render_height_m":9.6,"height_label":"assumed"}},{"type":"Feature","geometry":{"type":"Polygon","coordinates":[[[78.435269,17.392756],[78.435116,17.392818],[78.435058,17.392686],[78.43521,17.392624],[78.435269,17.392756]]]},"properties":{"id":"bbf930832cc7","height":null,"num_floors":null,"render_height_m":12.8,"height_label":"assumed"}},{"type":"Feature","geometry":{"type":"Polygon","coordinates":[[[78.435165,17.392944],[78.435114,17.392844],[78.435268,17.392773],[78.435318,17.392873],[78.435165,17.392944]]]},"properties":{"id":"7dccbb583edc","height":null,"num_floors":null,"render_height_m":9.6,"height_label":"assumed"}},{"type":"Feature","geometry":{"type":"Polygon","coordinates":[[[78.435014,17.39328],[78.434865,17.393332],[78.434835,17.393255],[78.434983,17.393202],[78.435014,17.39328]]]},"properties":{"id":"68a88a1c6921","height":null,"num_floors":null,"render_height_m":9.6,"height_label":"assumed"}},{"type":"Feature","geometry":{"type":"Polygon","coordinates":[[[78.434877,17.393086],[78.434833,17.392945],[78.434946,17.392913],[78.43499,17.393054],[78.434877,17.393086]]]},"properties":{"id":"aa9cfe9d450c","height":null,"num_floors":null,"render_height_m":9.6,"height_label":"assumed"}},{"type":"Feature","geometry":{"type":"Polygon","coordinates":[[[78.43507,17.392815],[78.434953,17.392857],[78.43491,17.392748],[78.435027,17.392706],[78.43507,17.392815]]]},"properties":{"id":"eb39bf5e3b74","height":null,"num_floors":null,"render_height_m":9.6,"height_label":"assumed"}},{"type":"Feature","geometry":{"type":"Polygon","coordinates":[[[78.434921,17.392879],[78.434814,17.39291],[78.434766,17.392762],[78.434872,17.392731],[78.434921,17.392879]]]},"properties":{"id":"c89c2ea3c472","height":null,"num_floors":null,"render_height_m":9.6,"height_label":"assumed"}},{"type":"Feature","geometry":{"type":"Polygon","coordinates":[[[78.434782,17.392922],[78.434669,17.392952],[78.43462,17.39279],[78.434733,17.392759],[78.434782,17.392922]]]},"properties":{"id":"6cbaf5284fff","height":null,"num_floors":null,"render_height_m":9.6,"height_label":"assumed"}},{"type":"Feature","geometry":{"type":"Polygon","coordinates":[[[78.434589,17.393172],[78.434544,17.393015],[78.434672,17.392981],[78.434718,17.393139],[78.434589,17.393172]]]},"properties":{"id":"95997eda2287","height":null,"num_floors":null,"render_height_m":12.8,"height_label":"assumed"}},{"type":"Feature","geometry":{"type":"Polygon","coordinates":[[[78.434729,17.393137],[78.434684,17.392988],[78.434802,17.392955],[78.434847,17.393104],[78.434729,17.393137]]]},"properties":{"id":"d9b89943b621","height":null,"num_floors":null,"render_height_m":9.6,"height_label":"assumed"}},{"type":"Feature","geometry":{"type":"Polygon","coordinates":[[[78.434853,17.393347],[78.434719,17.393394],[78.434691,17.39332],[78.434825,17.393273],[78.434853,17.393347]]]},"properties":{"id":"8e11a6571a08","height":null,"num_floors":null,"render_height_m":9.6,"height_label":"assumed"}},{"type":"Feature","geometry":{"type":"Polygon","coordinates":[[[78.434896,17.393443],[78.434767,17.393495],[78.434727,17.393404],[78.434856,17.393352],[78.434896,17.393443]]]},"properties":{"id":"d98b19322028","height":null,"num_floors":null,"render_height_m":9.6,"height_label":"assumed"}},{"type":"Feature","geometry":{"type":"Polygon","coordinates":[[[78.435046,17.393419],[78.434923,17.39346],[78.434881,17.393346],[78.435004,17.393305],[78.435046,17.393419]]]},"properties":{"id":"f55695ae3850","height":null,"num_floors":null,"render_height_m":9.6,"height_label":"assumed"}},{"type":"Feature","geometry":{"type":"Polygon","coordinates":[[[78.43494,17.39359],[78.434806,17.393643],[78.434756,17.393529],[78.434891,17.393475],[78.43494,17.39359]]]},"properties":{"id":"d2f03e3a96af","height":null,"num_floors":null,"render_height_m":9.6,"height_label":"assumed"}},{"type":"Feature","geometry":{"type":"Polygon","coordinates":[[[78.435004,17.393713],[78.43488,17.393759],[78.434836,17.393652],[78.43496,17.393605],[78.435004,17.393713]]]},"properties":{"id":"b9cb872e6067","height":null,"num_floors":null,"render_height_m":9.6,"height_label":"assumed"}},{"type":"Feature","geometry":{"type":"Polygon","coordinates":[[[78.434981,17.393864],[78.434915,17.393892],[78.434868,17.393788],[78.434934,17.393761],[78.434981,17.393864]]]},"properties":{"id":"c9d3d52151ba","height":null,"num_floors":null,"render_height_m":9.6,"height_label":"assumed"}},{"type":"Feature","geometry":{"type":"Polygon","coordinates":[[[78.434813,17.393931],[78.434692,17.393982],[78.43464,17.393872],[78.434761,17.39382],[78.434813,17.393931]]]},"properties":{"id":"57def90fbbca","height":null,"num_floors":null,"render_height_m":9.6,"height_label":"assumed"}},{"type":"Feature","geometry":{"type":"Polygon","coordinates":[[[78.43457,17.393774],[78.434515,17.393613],[78.434628,17.393577],[78.434683,17.393739],[78.43457,17.393774]]]},"properties":{"id":"f750602dbf96","height":null,"num_floors":null,"render_height_m":9.6,"height_label":"assumed"}},{"type":"Feature","geometry":{"type":"Polygon","coordinates":[[[78.434634,17.394207],[78.434566,17.394016],[78.434671,17.393982],[78.434739,17.394173],[78.434634,17.394207]]]},"properties":{"id":"8d0d3ed5467f","height":null,"num_floors":null,"render_height_m":12.8,"height_label":"assumed"}},{"type":"Feature","geometry":{"type":"Polygon","coordinates":[[[78.434715,17.393984],[78.4348,17.393952],[78.434862,17.394102],[78.434777,17.394134],[78.434715,17.393984]]]},"properties":{"id":"5b322177abc7","height":null,"num_floors":null,"render_height_m":9.6,"height_label":"assumed"}},{"type":"Feature","geometry":{"type":"Polygon","coordinates":[[[78.434681,17.39436],[78.434655,17.394274],[78.434796,17.394236],[78.434821,17.394322],[78.434681,17.39436]]]},"properties":{"id":"9ec69c69454b","height":null,"num_floors":null,"render_height_m":9.6,"height_label":"assumed"}},{"type":"Feature","geometry":{"type":"Polygon","coordinates":[[[78.434735,17.39498],[78.434583,17.394499],[78.434845,17.394415],[78.434943,17.394691],[78.434732,17.39475],[78.434748,17.394803],[78.434906,17.394759],[78.434966,17.394976],[78.434735,17.39498]]]},"properties":{"id":"2c578ff80c3a","height":null,"num_floors":null,"render_height_m":19.2,"height_label":"assumed"}},{"type":"Feature","geometry":{"type":"Polygon","coordinates":[[[78.434861,17.394403],[78.434704,17.394449],[78.434679,17.39437],[78.434836,17.394324],[78.434861,17.394403]]]},"properties":{"id":"ea362746eca6","height":null,"num_floors":null,"render_height_m":9.6,"height_label":"assumed"}},{"type":"Feature","geometry":{"type":"Polygon","coordinates":[[[78.434926,17.394539],[78.434867,17.394397],[78.434971,17.394358],[78.435029,17.3945],[78.434926,17.394539]]]},"properties":{"id":"326009efdbd7","height":null,"num_floors":null,"render_height_m":9.6,"height_label":"assumed"}},{"type":"Feature","geometry":{"type":"Polygon","coordinates":[[[78.434936,17.39418],[78.43499,17.394338],[78.434913,17.394362],[78.434859,17.394204],[78.434936,17.39418]]]},"properties":{"id":"481fbc5a38ef","height":null,"num_floors":null,"render_height_m":9.6,"height_label":"assumed"}},{"type":"Feature","geometry":{"type":"Polygon","coordinates":[[[78.435073,17.393965],[78.435187,17.394235],[78.435087,17.394273],[78.434973,17.394003],[78.435073,17.393965]]]},"properties":{"id":"213d1bf42c40","height":null,"num_floors":null,"render_height_m":12.8,"height_label":"assumed"}},{"type":"Feature","geometry":{"type":"Polygon","coordinates":[[[78.435097,17.394643],[78.434998,17.39468],[78.43494,17.394542],[78.435039,17.394505],[78.435097,17.394643]]]},"properties":{"id":"3313b063d996","height":null,"num_floors":null,"render_height_m":9.6,"height_label":"assumed"}},{"type":"Feature","geometry":{"type":"Polygon","coordinates":[[[78.435296,17.394535],[78.435198,17.394575],[78.435128,17.39442],[78.435227,17.39438],[78.435296,17.394535]]]},"properties":{"id":"9008c2d165ba","height":null,"num_floors":null,"render_height_m":9.6,"height_label":"assumed"}},{"type":"Feature","geometry":{"type":"Polygon","coordinates":[[[78.435358,17.394655],[78.435242,17.394701],[78.435195,17.394593],[78.43531,17.394547],[78.435358,17.394655]]]},"properties":{"id":"924f1d9ab59c","height":null,"num_floors":null,"render_height_m":9.6,"height_label":"assumed"}},{"type":"Feature","geometry":{"type":"Polygon","coordinates":[[[78.435311,17.394495],[78.435258,17.394382],[78.435382,17.394329],[78.435435,17.394442],[78.435311,17.394495]]]},"properties":{"id":"de9592c9f52e","height":null,"num_floors":null,"render_height_m":9.6,"height_label":"assumed"}},{"type":"Feature","geometry":{"type":"Polygon","coordinates":[[[78.435221,17.394245],[78.43517,17.394117],[78.435298,17.394071],[78.435349,17.394199],[78.435221,17.394245]]]},"properties":{"id":"a05d1d96148e","height":null,"num_floors":null,"render_height_m":9.6,"height_label":"assumed"}},{"type":"Feature","geometry":{"type":"Polygon","coordinates":[[[78.435381,17.39388],[78.435492,17.394146],[78.435378,17.394189],[78.435267,17.393923],[78.435381,17.39388]]]},"properties":{"id":"b1cc874b96b3","height":null,"num_floors":null,"render_height_m":12.8,"height_label":"assumed"}},{"type":"Feature","geometry":{"type":"Polygon","coordinates":[[[78.435286,17.394012],[78.435156,17.394061],[78.435108,17.393944],[78.435238,17.393895],[78.435286,17.394012]]]},"properties":{"id":"3a260a1721de","height":null,"num_floors":null,"render_height_m":9.6,"height_label":"assumed"}},{"type":"Feature","geometry":{"type":"Polygon","coordinates":[[[78.435,17.393854],[78.434952,17.393744],[78.435011,17.393721],[78.435058,17.393831],[78.435,17.393854]]]},"properties":{"id":"2fa90d121e8e","height":null,"num_floors":null,"render_height_m":9.6,"height_label":"assumed"}},{"type":"Feature","geometry":{"type":"Polygon","coordinates":[[[78.43513,17.39385],[78.435082,17.393728],[78.435172,17.393696],[78.43522,17.393818],[78.43513,17.39385]]]},"properties":{"id":"2d961f919c0a","height":null,"num_floors":null,"render_height_m":9.6,"height_label":"assumed"}},{"type":"Feature","geometry":{"type":"Polygon","coordinates":[[[78.435139,17.393663],[78.435021,17.393706],[78.434984,17.393614],[78.435102,17.393571],[78.435139,17.393663]]]},"properties":{"id":"39fd43edc089","height":null,"num_floors":null,"render_height_m":9.6,"height_label":"assumed"}},{"type":"Feature","geometry":{"type":"Polygon","coordinates":[[[78.435094,17.393532],[78.434967,17.39358],[78.434928,17.393486],[78.435055,17.393438],[78.435094,17.393532]]]},"properties":{"id":"8cd902026cce","height":null,"num_floors":null,"render_height_m":9.6,"height_label":"assumed"}},{"type":"Feature","geometry":{"type":"Polygon","coordinates":[[[78.435349,17.393443],[78.43521,17.393503],[78.435178,17.393435],[78.435317,17.393376],[78.435349,17.393443]]]},"properties":{"id":"c696bb7dcf28","height":null,"num_floors":null,"render_height_m":9.6,"height_label":"assumed"}},{"type":"Feature","geometry":{"type":"Polygon","coordinates":[[[78.435389,17.393535],[78.43525,17.393587],[78.435219,17.393511],[78.435358,17.393459],[78.435389,17.393535]]]},"properties":{"id":"54639669a03e","height":null,"num_floors":null,"render_height_m":9.6,"height_label":"assumed"}},{"type":"Feature","geometry":{"type":"Polygon","coordinates":[[[78.435397,17.393545],[78.435453,17.39368],[78.43531,17.393734],[78.435254,17.393599],[78.435397,17.393545]]]},"properties":{"id":"08f632ecc466","height":null,"num_floors":null,"render_height_m":12.8,"height_label":"assumed"}},{"type":"Feature","geometry":{"type":"Polygon","coordinates":[[[78.435345,17.393296],[78.435353,17.393349],[78.435281,17.393358],[78.435274,17.393306],[78.435345,17.393296]]]},"properties":{"id":"d76a904c26c5","height":null,"num_floors":null,"render_height_m":6.4,"height_label":"assumed"}},{"type":"Feature","geometry":{"type":"Polygon","coordinates":[[[78.435539,17.393448],[78.435398,17.393503],[78.435348,17.393387],[78.435489,17.393331],[78.435539,17.393448]]]},"properties":{"id":"0349ca9947ca","height":null,"num_floors":null,"render_height_m":9.6,"height_label":"assumed"}},{"type":"Feature","geometry":{"type":"Polygon","coordinates":[[[78.435546,17.393934],[78.435439,17.393978],[78.435378,17.393841],[78.435484,17.393797],[78.435546,17.393934]]]},"properties":{"id":"d59b0306b55c","height":null,"num_floors":null,"render_height_m":9.6,"height_label":"assumed"}},{"type":"Feature","geometry":{"type":"Polygon","coordinates":[[[78.435724,17.393871],[78.435573,17.393934],[78.435504,17.393783],[78.435655,17.39372],[78.435724,17.393871]]]},"properties":{"id":"cd39b93bd737","height":null,"num_floors":null,"render_height_m":12.8,"height_label":"assumed"}},{"type":"Feature","geometry":{"type":"Polygon","coordinates":[[[78.43566,17.394082],[78.435597,17.393939],[78.43573,17.393885],[78.435793,17.394029],[78.43566,17.394082]]]},"properties":{"id":"9693f6157811","height":null,"num_floors":null,"render_height_m":12.8,"height_label":"assumed"}},{"type":"Feature","geometry":{"type":"Polygon","coordinates":[[[78.4359,17.393687],[78.435754,17.393729],[78.43572,17.393624],[78.435867,17.393581],[78.4359,17.393687]]]},"properties":{"id":"6c31addac7bf","height":null,"num_floors":null,"render_height_m":9.6,"height_label":"assumed"}},{"type":"Feature","geometry":{"type":"Polygon","coordinates":[[[78.435865,17.39356],[78.435731,17.393612],[78.435695,17.393525],[78.435806,17.393482],[78.435865,17.39356]]]},"properties":{"id":"b2765a23203e","height":null,"num_floors":null,"render_height_m":9.6,"height_label":"assumed"}},{"type":"Feature","geometry":{"type":"Polygon","coordinates":[[[78.435599,17.393462],[78.435528,17.39331],[78.435645,17.39326],[78.435716,17.393412],[78.435599,17.393462]]]},"properties":{"id":"42955cf841d4","height":null,"num_floors":null,"render_height_m":12.8,"height_label":"assumed"}},{"type":"Feature","geometry":{"type":"Polygon","coordinates":[[[78.435806,17.393477],[78.435697,17.393518],[78.435664,17.393441],[78.435763,17.393402],[78.435806,17.393477]]]},"properties":{"id":"6e337b601ddb","height":null,"num_floors":null,"render_height_m":9.6,"height_label":"assumed"}},{"type":"Feature","geometry":{"type":"Polygon","coordinates":[[[78.435783,17.393332],[78.435807,17.393324],[78.435831,17.393394],[78.435807,17.393402],[78.435783,17.393332]]]},"properties":{"id":"5fd753def686","height":null,"num_floors":null,"render_height_m":6.4,"height_label":"assumed"}},{"type":"Feature","geometry":{"type":"Polygon","coordinates":[[[78.435935,17.393756],[78.435797,17.393803],[78.435777,17.393747],[78.435915,17.393701],[78.435935,17.393756]]]},"properties":{"id":"1078a31a5893","height":null,"num_floors":null,"render_height_m":9.6,"height_label":"assumed"}},{"type":"Feature","geometry":{"type":"Polygon","coordinates":[[[78.43588,17.394107],[78.435919,17.394225],[78.435851,17.394245],[78.435812,17.394128],[78.43588,17.394107]]]},"properties":{"id":"9186f40cbaf0","height":null,"num_floors":null,"render_height_m":9.6,"height_label":"assumed"}},{"type":"Feature","geometry":{"type":"Polygon","coordinates":[[[78.435937,17.394287],[78.435829,17.394306],[78.43582,17.394257],[78.435928,17.394239],[78.435937,17.394287]]]},"properties":{"id":"b45e99aa54d1","height":null,"num_floors":null,"render_height_m":6.4,"height_label":"assumed"}},{"type":"Feature","geometry":{"type":"Polygon","coordinates":[[[78.435967,17.394651],[78.435897,17.394653],[78.435891,17.394478],[78.435985,17.394475],[78.43599,17.394615],[78.435965,17.394616],[78.435967,17.394651]]]},"properties":{"id":"6a0de64ef346","height":null,"num_floors":null,"render_height_m":9.6,"height_label":"assumed"}},{"type":"Feature","geometry":{"type":"Polygon","coordinates":[[[78.435856,17.39442],[78.435843,17.39432],[78.43591,17.394312],[78.435923,17.394412],[78.435856,17.39442]]]},"properties":{"id":"b23f7aff68f7","height":null,"num_floors":null,"render_height_m":9.6,"height_label":"assumed"}},{"type":"Feature","geometry":{"type":"Polygon","coordinates":[[[78.435888,17.394652],[78.435792,17.394655],[78.435785,17.394495],[78.435881,17.394491],[78.435888,17.394652]]]},"properties":{"id":"d77cb4168d1e","height":null,"num_floors":null,"render_height_m":9.6,"height_label":"assumed"}},{"type":"Feature","geometry":{"type":"Polygon","coordinates":[[[78.435786,17.394659],[78.435695,17.394662],[78.435689,17.39451],[78.43578,17.394507],[78.435783,17.394587],[78.435786,17.394659]]]},"properties":{"id":"baeeab57333b","height":null,"num_floors":null,"render_height_m":9.6,"height_label":"assumed"}},{"type":"Feature","geometry":{"type":"Polygon","coordinates":[[[78.435688,17.394643],[78.435596,17.394648],[78.435589,17.394528],[78.435681,17.394523],[78.435688,17.394643]]]},"properties":{"id":"a8c1af275bb8","height":null,"num_floors":null,"render_height_m":9.6,"height_label":"assumed"}},{"type":"Feature","geometry":{"type":"Polygon","coordinates":[[[78.43584,17.394379],[78.43579,17.394388],[78.435768,17.394271],[78.435819,17.394263],[78.43584,17.394379]]]},"properties":{"id":"7fe5d35bfac8","height":null,"num_floors":null,"render_height_m":6.4,"height_label":"assumed"}},{"type":"Feature","geometry":{"type":"Polygon","coordinates":[[[78.435758,17.394268],[78.435782,17.39441],[78.435717,17.39442],[78.435693,17.394278],[78.435758,17.394268]]]},"properties":{"id":"a7050a912ed8","height":null,"num_floors":null,"render_height_m":9.6,"height_label":"assumed"}},{"type":"Feature","geometry":{"type":"Polygon","coordinates":[[[78.435843,17.39424],[78.43576,17.394262],[78.435734,17.394173],[78.435817,17.394151],[78.435843,17.39424]]]},"properties":{"id":"94b0cf0bdbb4","height":null,"num_floors":null,"render_height_m":9.6,"height_label":"assumed"}},{"type":"Feature","geometry":{"type":"Polygon","coordinates":[[[78.435751,17.394256],[78.435673,17.394277],[78.435651,17.394202],[78.435728,17.394181],[78.435751,17.394256]]]},"properties":{"id":"77ef14e22a87","height":null,"num_floors":null,"render_height_m":6.4,"height_label":"assumed"}},{"type":"Feature","geometry":{"type":"Polygon","coordinates":[[[78.435658,17.394277],[78.435514,17.394314],[78.435495,17.394248],[78.435639,17.394211],[78.435658,17.394277]]]},"properties":{"id":"47b7aa18c5a4","height":null,"num_floors":null,"render_height_m":9.6,"height_label":"assumed"}},{"type":"Feature","geometry":{"type":"Polygon","coordinates":[[[78.435518,17.394145],[78.435469,17.394027],[78.435588,17.393982],[78.435637,17.3941],[78.435518,17.394145]]]},"properties":{"id":"b54c35e5ea15","height":null,"num_floors":null,"render_height_m":9.6,"height_label":"assumed"}},{"type":"Feature","geometry":{"type":"Polygon","coordinates":[[[78.435555,17.39443],[78.435536,17.394315],[78.435671,17.394295],[78.43569,17.39441],[78.435555,17.39443]]]},"properties":{"id":"e63d712f83fd","height":null,"num_floors":null,"render_height_m":9.6,"height_label":"assumed"}},{"type":"Feature","geometry":{"type":"Polygon","coordinates":[[[78.43559,17.394689],[78.435399,17.39472],[78.435379,17.394607],[78.435569,17.394577],[78.43559,17.394689]]]},"properties":{"id":"d060ca4e98ec","height":null,"num_floors":null,"render_height_m":12.8,"height_label":"assumed"}},{"type":"Feature","geometry":{"type":"Polygon","coordinates":[[[78.435373,17.394607],[78.435334,17.394525],[78.435478,17.394463],[78.435517,17.394546],[78.435373,17.394607]]]},"properties":{"id":"4d2b310cedd2","height":null,"num_floors":null,"render_height_m":9.6,"height_label":"assumed"}},{"type":"Feature","geometry":{"type":"Polygon","coordinates":[[[78.435566,17.394762],[78.435419,17.394788],[78.435407,17.394727],[78.435554,17.394702],[78.435566,17.394762]]]},"properties":{"id":"13787b1699fd","height":null,"num_floors":null,"render_height_m":9.6,"height_label":"assumed"}},{"type":"Feature","geometry":{"type":"Polygon","coordinates":[[[78.435608,17.39493],[78.435612,17.394977],[78.435527,17.394983],[78.435524,17.394936],[78.435608,17.39493]]]},"properties":{"id":"91b6c248ba87","height":null,"num_floors":null,"render_height_m":6.4,"height_label":"assumed"}},{"type":"Feature","geometry":{"type":"Polygon","coordinates":[[[78.435444,17.394848],[78.435492,17.394845],[78.435498,17.394925],[78.43545,17.394928],[78.435444,17.394848]]]},"properties":{"id":"01a1952d7751","height":null,"num_floors":null,"render_height_m":6.4,"height_label":"assumed"}},{"type":"Feature","geometry":{"type":"Polygon","coordinates":[[[78.435759,17.394928],[78.435762,17.394966],[78.435674,17.394972],[78.435671,17.394934],[78.435759,17.394928]]]},"properties":{"id":"ee0dc187bccd","height":null,"num_floors":null,"render_height_m":6.4,"height_label":"assumed"}},{"type":"Feature","geometry":{"type":"Polygon","coordinates":[[[78.435609,17.394913],[78.435596,17.394672],[78.435689,17.394668],[78.435702,17.394909],[78.435609,17.394913]]]},"properties":{"id":"73d85868ca94","height":null,"num_floors":null,"render_height_m":12.8,"height_label":"assumed"}},{"type":"Feature","geometry":{"type":"Polygon","coordinates":[[[78.435705,17.394906],[78.435695,17.394669],[78.435789,17.394665],[78.435798,17.394902],[78.435705,17.394906]]]},"properties":{"id":"4c1da57162f4","height":null,"num_floors":null,"render_height_m":12.8,"height_label":"assumed"}},{"type":"Feature","geometry":{"type":"Polygon","coordinates":[[[78.435802,17.394869],[78.435792,17.394663],[78.435898,17.394658],[78.435908,17.394864],[78.435802,17.394869]]]},"properties":{"id":"79ed3da8ab26","height":null,"num_floors":null,"render_height_m":12.8,"height_label":"assumed"}},{"type":"Feature","geometry":{"type":"Polygon","coordinates":[[[78.435827,17.394923],[78.435863,17.394921],[78.435866,17.394959],[78.43583,17.394961],[78.435827,17.394923]]]},"properties":{"id":"178f87756edf","height":null,"num_floors":null,"render_height_m":6.4,"height_label":"assumed"}},{"type":"Feature","geometry":{"type":"Polygon","coordinates":[[[78.435917,17.394841],[78.43591,17.394659],[78.435974,17.394657],[78.435981,17.394838],[78.435917,17.394841]]]},"properties":{"id":"2cebc6a8d35c","height":null,"num_floors":null,"render_height_m":9.6,"height_label":"assumed"}},{"type":"Feature","geometry":{"type":"Polygon","coordinates":[[[78.435675,17.395785],[78.435773,17.395791],[78.435769,17.395854],[78.435671,17.395849],[78.435675,17.395785]]]},"properties":{"id":"878ccb623e31","height":null,"num_floors":null,"render_height_m":6.4,"height_label":"assumed"}},{"type":"Feature","geometry":{"type":"Polygon","coordinates":[[[78.435761,17.395673],[78.435822,17.395676],[78.435815,17.395793],[78.435753,17.39579],[78.435761,17.395673]]]},"properties":{"id":"6536689b85f5","height":null,"num_floors":null,"render_height_m":9.6,"height_label":"assumed"}},{"type":"Feature","geometry":{"type":"Polygon","coordinates":[[[78.435647,17.395752],[78.435585,17.395751],[78.435588,17.395626],[78.435649,17.395627],[78.435647,17.395752]]]},"properties":{"id":"fd8f057aaa7d","height":null,"num_floors":null,"render_height_m":9.6,"height_label":"assumed"}},{"type":"Feature","geometry":{"type":"Polygon","coordinates":[[[78.435476,17.395649],[78.435537,17.395644],[78.435542,17.395695],[78.435481,17.3957],[78.435476,17.395649]]]},"properties":{"id":"4926f6e6e87f","height":null,"num_floors":null,"render_height_m":6.4,"height_label":"assumed"}},{"type":"Feature","geometry":{"type":"Polygon","coordinates":[[[78.435141,17.395888],[78.43525,17.395887],[78.435253,17.396074],[78.435143,17.396075],[78.435141,17.395888]]]},"properties":{"id":"fc3d48d99989","height":null,"num_floors":null,"render_height_m":9.6,"height_label":"assumed"}},{"type":"Feature","geometry":{"type":"Polygon","coordinates":[[[78.435205,17.395649],[78.435275,17.39565],[78.435273,17.395792],[78.435203,17.395791],[78.435205,17.395649]]]},"properties":{"id":"2d02b12fb72c","height":null,"num_floors":null,"render_height_m":9.6,"height_label":"assumed"}},{"type":"Feature","geometry":{"type":"Polygon","coordinates":[[[78.435408,17.394792],[78.435275,17.39482],[78.435248,17.394702],[78.435381,17.394675],[78.435408,17.394792]]]},"properties":{"id":"aed3ba371cab","height":null,"num_floors":null,"render_height_m":9.6,"height_label":"assumed"}},{"type":"Feature","geometry":{"type":"Polygon","coordinates":[[[78.435448,17.394921],[78.435289,17.394941],[78.435274,17.394825],[78.435433,17.394805],[78.435448,17.394921]]]},"properties":{"id":"7a3b86ff874a","height":null,"num_floors":null,"render_height_m":9.6,"height_label":"assumed"}},{"type":"Feature","geometry":{"type":"Polygon","coordinates":[[[78.435169,17.394974],[78.435056,17.394992],[78.435038,17.39489],[78.435151,17.394872],[78.435169,17.394974]]]},"properties":{"id":"67ed63a0190e","height":null,"num_floors":null,"render_height_m":9.6,"height_label":"assumed"}},{"type":"Feature","geometry":{"type":"Polygon","coordinates":[[[78.435108,17.394664],[78.435153,17.394823],[78.435059,17.394848],[78.435014,17.394689],[78.435108,17.394664]]]},"properties":{"id":"cf69c5224593","height":null,"num_floors":null,"render_height_m":9.6,"height_label":"assumed"}},{"type":"Feature","geometry":{"type":"Polygon","coordinates":[[[78.434631,17.39481],[78.434687,17.394996],[78.434578,17.395005],[78.434557,17.39483],[78.434631,17.39481]]]},"properties":{"id":"427a3734a72d","height":null,"num_floors":null,"render_height_m":9.6,"height_label":"assumed"}},{"type":"Feature","geometry":{"type":"Polygon","coordinates":[[[78.434601,17.395949],[78.434738,17.395945],[78.43474,17.396006],[78.434603,17.39601],[78.434601,17.395949]]]},"properties":{"id":"3ebf34115cb7","height":null,"num_floors":null,"render_height_m":9.6,"height_label":"assumed"}},{"type":"Feature","geometry":{"type":"Polygon","coordinates":[[[78.435125,17.396086],[78.435249,17.396084],[78.435252,17.396306],[78.435128,17.396307],[78.435127,17.39619],[78.435125,17.396086]]]},"properties":{"id":"18fdb05269f3","height":null,"num_floors":null,"render_height_m":12.8,"height_label":"assumed"}},{"type":"Feature","geometry":{"type":"Polygon","coordinates":[[[78.434584,17.396959],[78.434624,17.396958],[78.434626,17.397038],[78.434586,17.39704],[78.434584,17.396959]]]},"properties":{"id":"232eed723d24","height":null,"num_floors":null,"render_height_m":6.4,"height_label":"assumed"}},{"type":"Feature","geometry":{"type":"Polygon","coordinates":[[[78.434859,17.397901],[78.434971,17.397878],[78.435003,17.398024],[78.434928,17.39804],[78.434916,17.397986],[78.434879,17.397994],[78.434859,17.397901]]]},"properties":{"id":"6b15a46af0f8","height":null,"num_floors":null,"render_height_m":9.6,"height_label":"assumed"}},{"type":"Feature","geometry":{"type":"Polygon","coordinates":[[[78.434988,17.398067],[78.435021,17.398217],[78.434932,17.398235],[78.4349,17.398085],[78.434988,17.398067]]]},"properties":{"id":"8b82a88c02c2","height":null,"num_floors":null,"render_height_m":9.6,"height_label":"assumed"}},{"type":"Feature","geometry":{"type":"Polygon","coordinates":[[[78.434984,17.398583],[78.434776,17.398621],[78.434755,17.398517],[78.434963,17.398479],[78.434984,17.398583]]]},"properties":{"id":"34b10acd5b09","height":null,"num_floors":null,"render_height_m":12.8,"height_label":"assumed"}},{"type":"Feature","geometry":{"type":"Polygon","coordinates":[[[78.435074,17.398259],[78.435118,17.398251],[78.435147,17.398396],[78.435104,17.398404],[78.435074,17.398259]]]},"properties":{"id":"ec7ac6f89886","height":null,"num_floors":null,"render_height_m":6.4,"height_label":"assumed"}},{"type":"Feature","geometry":{"type":"Polygon","coordinates":[[[78.435053,17.398366],[78.435062,17.398409],[78.434973,17.398427],[78.434964,17.398384],[78.435053,17.398366]]]},"properties":{"id":"716009c065ce","height":null,"num_floors":null,"render_height_m":6.4,"height_label":"assumed"}},{"type":"Feature","geometry":{"type":"Polygon","coordinates":[[[78.435042,17.39842],[78.435051,17.398469],[78.434989,17.398479],[78.43498,17.39843],[78.435042,17.39842]]]},"properties":{"id":"24927d3a0d8c","height":null,"num_floors":null,"render_height_m":6.4,"height_label":"assumed"}},{"type":"Feature","geometry":{"type":"Polygon","coordinates":[[[78.435067,17.39847],[78.435072,17.398493],[78.435007,17.398505],[78.435002,17.398481],[78.435067,17.39847]]]},"properties":{"id":"3cb23da8a473","height":null,"num_floors":null,"render_height_m":6.4,"height_label":"assumed"}},{"type":"Feature","geometry":{"type":"Polygon","coordinates":[[[78.435035,17.398066],[78.435064,17.39806],[78.435079,17.398131],[78.43505,17.398136],[78.435035,17.398066]]]},"properties":{"id":"96e0284df9b4","height":null,"num_floors":null,"render_height_m":6.4,"height_label":"assumed"}},{"type":"Feature","geometry":{"type":"Polygon","coordinates":[[[78.43514,17.397692],[78.434891,17.397714],[78.434876,17.397564],[78.435126,17.397542],[78.43514,17.397692]]]},"properties":{"id":"00d22cf8cb54","height":null,"num_floors":null,"render_height_m":12.8,"height_label":"assumed"}},{"type":"Feature","geometry":{"type":"Polygon","coordinates":[[[78.43563,17.396738],[78.435642,17.396695],[78.435687,17.396706],[78.435675,17.396749],[78.43563,17.396738]]]},"properties":{"id":"bd65a56f8a66","height":null,"num_floors":null,"render_height_m":6.4,"height_label":"assumed"}},{"type":"Feature","geometry":{"type":"Polygon","coordinates":[[[78.435466,17.396533],[78.435565,17.396537],[78.435562,17.396603],[78.435463,17.396599],[78.435466,17.396533]]]},"properties":{"id":"33a5acc14e6c","height":null,"num_floors":null,"render_height_m":6.4,"height_label":"assumed"}},{"type":"Feature","geometry":{"type":"Polygon","coordinates":[[[78.435609,17.396097],[78.43562,17.396033],[78.435856,17.396072],[78.435843,17.396144],[78.435864,17.396148],[78.435814,17.396425],[78.435699,17.396406],[78.4357,17.396402],[78.435533,17.396375],[78.435548,17.396295],[78.435502,17.396288],[78.435527,17.396148],[78.435532,17.396148],[78.435544,17.396086],[78.435609,17.396097]]]},"properties":{"id":"5e8398d549c8","height":null,"num_floors":null,"render_height_m":19.2,"height_label":"assumed"}},{"type":"Feature","geometry":{"type":"Polygon","coordinates":[[[78.435444,17.399645],[78.43546,17.399585],[78.43553,17.399601],[78.435515,17.399662],[78.435444,17.399645]]]},"properties":{"id":"8cf6e0ae7d58","height":null,"num_floors":null,"render_height_m":6.4,"height_label":"assumed"}},{"type":"Feature","geometry":{"type":"Polygon","coordinates":[[[78.435482,17.399802],[78.435525,17.399809],[78.435516,17.39986],[78.435473,17.399853],[78.435482,17.399802]]]},"properties":{"id":"03858137b4b8","height":null,"num_floors":null,"render_height_m":6.4,"height_label":"assumed"}},{"type":"Feature","geometry":{"type":"Polygon","coordinates":[[[78.435012,17.399847],[78.43505,17.399842],[78.435057,17.39989],[78.435019,17.399896],[78.435012,17.399847]]]},"properties":{"id":"c448fc31b3ef","height":null,"num_floors":null,"render_height_m":6.4,"height_label":"assumed"}},{"type":"Feature","geometry":{"type":"Polygon","coordinates":[[[78.435074,17.399675],[78.435089,17.399741],[78.434966,17.399766],[78.434951,17.399701],[78.435074,17.399675]]]},"properties":{"id":"9cd5dd3066cf","height":null,"num_floors":null,"render_height_m":9.6,"height_label":"assumed"}},{"type":"Feature","geometry":{"type":"Polygon","coordinates":[[[78.435231,17.399631],[78.43525,17.399711],[78.435185,17.399726],[78.435166,17.399645],[78.435231,17.399631]]]},"properties":{"id":"71f21d38d109","height":null,"num_floors":null,"render_height_m":6.4,"height_label":"assumed"}},{"type":"Feature","geometry":{"type":"Polygon","coordinates":[[[78.434875,17.399475],[78.434951,17.399467],[78.434958,17.399527],[78.434881,17.399534],[78.434875,17.399475]]]},"properties":{"id":"efb1e69d8e1d","height":null,"num_floors":null,"render_height_m":6.4,"height_label":"assumed"}},{"type":"Feature","geometry":{"type":"Polygon","coordinates":[[[78.434844,17.399412],[78.43486,17.399413],[78.43486,17.399435],[78.434769,17.399433],[78.43477,17.399366],[78.434845,17.399368],[78.434844,17.399412]]]},"properties":{"id":"e375f375dbc0","height":null,"num_floors":null,"render_height_m":6.4,"height_label":"assumed"}},{"type":"Feature","geometry":{"type":"Polygon","coordinates":[[[78.435081,17.398784],[78.435117,17.398948],[78.435089,17.398954],[78.435101,17.399009],[78.435056,17.399018],[78.43506,17.399036],[78.434891,17.39907],[78.434875,17.398997],[78.435044,17.398963],[78.435007,17.398799],[78.435081,17.398784]]]},"properties":{"id":"267c87ffb13d","height":null,"num_floors":null,"render_height_m":12.8,"height_label":"assumed"}},{"type":"Feature","geometry":{"type":"Polygon","coordinates":[[[78.434692,17.399298],[78.43467,17.399205],[78.43473,17.399192],[78.434752,17.399286],[78.434692,17.399298]]]},"properties":{"id":"d5f55dbb9bb6","height":null,"num_floors":null,"render_height_m":6.4,"height_label":"assumed"}},{"type":"Feature","geometry":{"type":"Polygon","coordinates":[[[78.434732,17.39975],[78.434749,17.399746],[78.434761,17.399795],[78.434743,17.399799],[78.434732,17.39975]]]},"properties":{"id":"15c7c7c1041b","height":null,"num_floors":null,"render_height_m":6.4,"height_label":"assumed"}},{"type":"Feature","geometry":{"type":"Polygon","coordinates":[[[78.434951,17.399702],[78.434966,17.399767],[78.434851,17.399792],[78.434836,17.399727],[78.434951,17.399702]]]},"properties":{"id":"cec50b7cd148","height":null,"num_floors":null,"render_height_m":9.6,"height_label":"assumed"}},{"type":"Feature","geometry":{"type":"Polygon","coordinates":[[[78.434995,17.399843],[78.435005,17.399889],[78.434871,17.399917],[78.43485,17.399825],[78.434955,17.399803],[78.434965,17.399849],[78.434995,17.399843]]]},"properties":{"id":"e7eb761ee05e","height":null,"num_floors":null,"render_height_m":9.6,"height_label":"assumed"}},{"type":"Feature","geometry":{"type":"Polygon","coordinates":[[[78.434792,17.399967],[78.434811,17.40004],[78.434734,17.400058],[78.434715,17.399985],[78.434792,17.399967]]]},"properties":{"id":"4ada0340895f","height":null,"num_floors":null,"render_height_m":6.4,"height_label":"assumed"}}]}