{"type":"FeatureCollection","features":[{"type":"Feature","geometry":{"type":"Polygon","coordinates":[[[78.447728,17.403357],[78.447646,17.403351],[78.447657,17.403196],[78.447739,17.403201],[78.447728,17.403357]]]},"properties":{"id":"d15af7d2e2a4","height":null,"num_floors":null,"render_height_m":9.6,"height_label":"assumed"}},{"type":"Feature","geometry":{"type":"Polygon","coordinates":[[[78.447634,17.403352],[78.447536,17.403346],[78.447547,17.403184],[78.447646,17.403191],[78.447634,17.403352]]]},"properties":{"id":"ca99347d689c","height":null,"num_floors":null,"render_height_m":9.6,"height_label":"assumed"}},{"type":"Feature","geometry":{"type":"Polygon","coordinates":[[[78.447683,17.403481],[78.447535,17.403489],[78.447528,17.403374],[78.447676,17.403366],[78.447683,17.403481]]]},"properties":{"id":"511d2dd529fc","height":null,"num_floors":null,"render_height_m":9.6,"height_label":"assumed"}},{"type":"Feature","geometry":{"type":"Polygon","coordinates":[[[78.447467,17.403421],[78.447342,17.40342],[78.447343,17.403334],[78.447468,17.403336],[78.447467,17.403421]]]},"properties":{"id":"987842f13e87","height":null,"num_floors":null,"render_height_m":9.6,"height_label":"assumed"}},{"type":"Feature","geometry":{"type":"Polygon","coordinates":[[[78.447342,17.403457],[78.447389,17.403459],[78.447387,17.403505],[78.44734,17.403503],[78.447342,17.403457]]]},"properties":{"id":"888246699b11","height":null,"num_floors":null,"render_height_m":6.4,"height_label":"assumed"}},{"type":"Feature","geometry":{"type":"Polygon","coordinates":[[[78.447252,17.40356],[78.447104,17.403558],[78.447107,17.403385],[78.447255,17.403387],[78.447252,17.40356]]]},"properties":{"id":"e5b1a2519f22","height":null,"num_floors":null,"render_height_m":12.8,"height_label":"assumed"}},{"type":"Feature","geometry":{"type":"Polygon","coordinates":[[[78.447324,17.403379],[78.4472,17.403378],[78.447201,17.403297],[78.447325,17.403299],[78.447324,17.403379]]]},"properties":{"id":"f6cab1802839","height":null,"num_floors":null,"render_height_m":9.6,"height_label":"assumed"}},{"type":"Feature","geometry":{"type":"Polygon","coordinates":[[[78.447372,17.403288],[78.447303,17.403287],[78.447304,17.403167],[78.447374,17.403167],[78.447372,17.403288]]]},"properties":{"id":"bb295a76361e","height":null,"num_floors":null,"render_height_m":9.6,"height_label":"assumed"}},{"type":"Feature","geometry":{"type":"Polygon","coordinates":[[[78.447294,17.403164],[78.447292,17.403278],[78.447208,17.403277],[78.447209,17.403162],[78.447294,17.403164]]]},"properties":{"id":"0b60efaea23e","height":null,"num_floors":null,"render_height_m":9.6,"height_label":"assumed"}},{"type":"Feature","geometry":{"type":"Polygon","coordinates":[[[78.447196,17.403292],[78.447125,17.403291],[78.447127,17.40316],[78.447198,17.403161],[78.447196,17.403292]]]},"properties":{"id":"6b4f554a32dc","height":null,"num_floors":null,"render_height_m":9.6,"height_label":"assumed"}},{"type":"Feature","geometry":{"type":"Polygon","coordinates":[[[78.447098,17.403545],[78.44699,17.403544],[78.446993,17.403314],[78.447101,17.403316],[78.447098,17.403545]]]},"properties":{"id":"3c393d0f0bf5","height":null,"num_floors":null,"render_height_m":12.8,"height_label":"assumed"}},{"type":"Feature","geometry":{"type":"Polygon","coordinates":[[[78.447117,17.403285],[78.446982,17.403283],[78.446984,17.403148],[78.447119,17.40315],[78.447117,17.403285]]]},"properties":{"id":"1adfde1339a7","height":null,"num_floors":null,"render_height_m":9.6,"height_label":"assumed"}},{"type":"Feature","geometry":{"type":"Polygon","coordinates":[[[78.446572,17.403543],[78.446409,17.40353],[78.446417,17.403447],[78.44658,17.40346],[78.446572,17.403543]]]},"properties":{"id":"a6a224907ca6","height":null,"num_floors":null,"render_height_m":9.6,"height_label":"assumed"}},{"type":"Feature","geometry":{"type":"Polygon","coordinates":[[[78.446383,17.403569],[78.44629,17.403561],[78.446305,17.403399],[78.446397,17.403406],[78.446383,17.403569]]]},"properties":{"id":"17a991a5ffd9","height":null,"num_floors":null,"render_height_m":9.6,"height_label":"assumed"}},{"type":"Feature","geometry":{"type":"Polygon","coordinates":[[[78.446248,17.403426],[78.446284,17.403428],[78.446279,17.403496],[78.446243,17.403493],[78.446248,17.403426]]]},"properties":{"id":"2fec943935a2","height":null,"num_floors":null,"render_height_m":6.4,"height_label":"assumed"}},{"type":"Feature","geometry":{"type":"Polygon","coordinates":[[[78.446405,17.403384],[78.446237,17.40337],[78.446247,17.403264],[78.446414,17.403278],[78.446405,17.403384]]]},"properties":{"id":"df93bdd8494e","height":null,"num_floors":null,"render_height_m":9.6,"height_label":"assumed"}},{"type":"Feature","geometry":{"type":"Polygon","coordinates":[[[78.446581,17.40344],[78.446425,17.403427],[78.44644,17.40326],[78.446596,17.403272],[78.446581,17.40344]]]},"properties":{"id":"b071eed4bedb","height":null,"num_floors":null,"render_height_m":12.8,"height_label":"assumed"}},{"type":"Feature","geometry":{"type":"Polygon","coordinates":[[[78.446527,17.40312],[78.446515,17.403254],[78.446419,17.403246],[78.446431,17.403112],[78.446527,17.40312]]]},"properties":{"id":"ad2979d04cb7","height":null,"num_floors":null,"render_height_m":9.6,"height_label":"assumed"}},{"type":"Feature","geometry":{"type":"Polygon","coordinates":[[[78.446609,17.403265],[78.446522,17.403257],[78.446534,17.403131],[78.44662,17.403138],[78.446609,17.403265]]]},"properties":{"id":"638774120c7b","height":null,"num_floors":null,"render_height_m":9.6,"height_label":"assumed"}},{"type":"Feature","geometry":{"type":"Polygon","coordinates":[[[78.446645,17.403364],[78.446646,17.403313],[78.446798,17.403315],[78.446798,17.403365],[78.446645,17.403364]]]},"properties":{"id":"eb3c3eaa4a93","height":null,"num_floors":null,"render_height_m":9.6,"height_label":"assumed"}},{"type":"Feature","geometry":{"type":"Polygon","coordinates":[[[78.446954,17.403362],[78.446813,17.403365],[78.446811,17.403278],[78.446952,17.403276],[78.446954,17.403362]]]},"properties":{"id":"078934ef8420","height":null,"num_floors":null,"render_height_m":9.6,"height_label":"assumed"}},{"type":"Feature","geometry":{"type":"Polygon","coordinates":[[[78.446922,17.403475],[78.446818,17.403477],[78.446816,17.403378],[78.44692,17.403375],[78.446922,17.403475]]]},"properties":{"id":"fcc218a61a57","height":null,"num_floors":null,"render_height_m":9.6,"height_label":"assumed"}},{"type":"Feature","geometry":{"type":"Polygon","coordinates":[[[78.446772,17.403251],[78.446696,17.403246],[78.446706,17.403129],[78.446782,17.403135],[78.446772,17.403251]]]},"properties":{"id":"8c40206091fd","height":null,"num_floors":null,"render_height_m":9.6,"height_label":"assumed"}},{"type":"Feature","geometry":{"type":"Polygon","coordinates":[[[78.446944,17.403255],[78.446788,17.403253],[78.44679,17.403157],[78.446945,17.403159],[78.446944,17.403255]]]},"properties":{"id":"e9791889b6d2","height":null,"num_floors":null,"render_height_m":9.6,"height_label":"assumed"}},{"type":"Feature","geometry":{"type":"Polygon","coordinates":[[[78.446791,17.403098],[78.446713,17.403095],[78.446718,17.402992],[78.446796,17.402995],[78.446791,17.403098]]]},"properties":{"id":"11ff75469039","height":null,"num_floors":null,"render_height_m":9.6,"height_label":"assumed"}},{"type":"Feature","geometry":{"type":"Polygon","coordinates":[[[78.4468,17.402976],[78.446686,17.402975],[78.446686,17.402894],[78.446801,17.402895],[78.4468,17.402976]]]},"properties":{"id":"08e957436310","height":null,"num_floors":null,"render_height_m":9.6,"height_label":"assumed"}},{"type":"Feature","geometry":{"type":"Polygon","coordinates":[[[78.446862,17.402589],[78.446786,17.402589],[78.446786,17.402438],[78.446862,17.402438],[78.446862,17.402589]]]},"properties":{"id":"8892f4251362","height":null,"num_floors":null,"render_height_m":9.6,"height_label":"assumed"}},{"type":"Feature","geometry":{"type":"Polygon","coordinates":[[[78.446836,17.402678],[78.446833,17.402753],[78.44668,17.402748],[78.446682,17.402673],[78.446836,17.402678]]]},"properties":{"id":"7c9f2f1e967c","height":null,"num_floors":null,"render_height_m":9.6,"height_label":"assumed"}},{"type":"Feature","geometry":{"type":"Polygon","coordinates":[[[78.446768,17.402455],[78.44677,17.402548],[78.446674,17.402549],[78.446673,17.402456],[78.446768,17.402455]]]},"properties":{"id":"e7a0b5508b9f","height":null,"num_floors":null,"render_height_m":9.6,"height_label":"assumed"}},{"type":"Feature","geometry":{"type":"Polygon","coordinates":[[[78.446684,17.402555],[78.446686,17.402617],[78.446635,17.402618],[78.446633,17.402556],[78.446684,17.402555]]]},"properties":{"id":"b23109ff4091","height":null,"num_floors":null,"render_height_m":6.4,"height_label":"assumed"}},{"type":"Feature","geometry":{"type":"Polygon","coordinates":[[[78.446539,17.402524],[78.446541,17.4025],[78.446584,17.402504],[78.446582,17.402527],[78.446539,17.402524]]]},"properties":{"id":"ca7b7e179b10","height":null,"num_floors":null,"render_height_m":6.4,"height_label":"assumed"}},{"type":"Feature","geometry":{"type":"Polygon","coordinates":[[[78.446545,17.402559],[78.446585,17.402558],[78.446587,17.40262],[78.446547,17.402621],[78.446545,17.402559]]]},"properties":{"id":"654d88b1184a","height":null,"num_floors":null,"render_height_m":6.4,"height_label":"assumed"}},{"type":"Feature","geometry":{"type":"Polygon","coordinates":[[[78.446581,17.402717],[78.446667,17.402722],[78.446656,17.402897],[78.44657,17.402892],[78.446581,17.402717]]]},"properties":{"id":"578705250ac5","height":null,"num_floors":null,"render_height_m":9.6,"height_label":"assumed"}},{"type":"Feature","geometry":{"type":"Polygon","coordinates":[[[78.446525,17.402874],[78.446432,17.402869],[78.446441,17.402696],[78.446535,17.402701],[78.446525,17.402874]]]},"properties":{"id":"ccf01eeed6da","height":null,"num_floors":null,"render_height_m":9.6,"height_label":"assumed"}},{"type":"Feature","geometry":{"type":"Polygon","coordinates":[[[78.44642,17.402861],[78.446297,17.402852],[78.446309,17.402695],[78.446432,17.402703],[78.44642,17.402861]]]},"properties":{"id":"fd70ce154621","height":null,"num_floors":null,"render_height_m":9.6,"height_label":"assumed"}},{"type":"Feature","geometry":{"type":"Polygon","coordinates":[[[78.446368,17.402565],[78.446445,17.402562],[78.446447,17.402624],[78.44637,17.402627],[78.446368,17.402565]]]},"properties":{"id":"96705f9552b4","height":null,"num_floors":null,"render_height_m":6.4,"height_label":"assumed"}},{"type":"Feature","geometry":{"type":"Polygon","coordinates":[[[78.446479,17.402539],[78.446534,17.402541],[78.446531,17.402624],[78.446475,17.402622],[78.446479,17.402539]]]},"properties":{"id":"33c85c01dee8","height":null,"num_floors":null,"render_height_m":6.4,"height_label":"assumed"}},{"type":"Feature","geometry":{"type":"Polygon","coordinates":[[[78.446385,17.402461],[78.446471,17.402459],[78.446473,17.402526],[78.446388,17.402529],[78.446385,17.402461]]]},"properties":{"id":"99d48aa52209","height":null,"num_floors":null,"render_height_m":6.4,"height_label":"assumed"}},{"type":"Feature","geometry":{"type":"Polygon","coordinates":[[[78.446482,17.402453],[78.446538,17.402455],[78.446534,17.402541],[78.446479,17.402539],[78.446482,17.402453]]]},"properties":{"id":"f7fb21434a7f","height":null,"num_floors":null,"render_height_m":6.4,"height_label":"assumed"}},{"type":"Feature","geometry":{"type":"Polygon","coordinates":[[[78.446389,17.402341],[78.446484,17.402338],[78.446489,17.402464],[78.446394,17.402467],[78.446389,17.402341]]]},"properties":{"id":"6a5a1c98549d","height":null,"num_floors":null,"render_height_m":9.6,"height_label":"assumed"}},{"type":"Feature","geometry":{"type":"Polygon","coordinates":[[[78.446406,17.402292],[78.446436,17.402291],[78.446437,17.402331],[78.446407,17.402331],[78.446406,17.402292]]]},"properties":{"id":"fa09539d1289","height":null,"num_floors":null,"render_height_m":6.4,"height_label":"assumed"}},{"type":"Feature","geometry":{"type":"Polygon","coordinates":[[[78.446434,17.402248],[78.446502,17.402246],[78.446504,17.402289],[78.446436,17.402291],[78.446434,17.402248]]]},"properties":{"id":"716b9ad7f39e","height":null,"num_floors":null,"render_height_m":6.4,"height_label":"assumed"}},{"type":"Feature","geometry":{"type":"Polygon","coordinates":[[[78.446463,17.402299],[78.446509,17.40229],[78.446516,17.402326],[78.44647,17.402335],[78.446463,17.402299]]]},"properties":{"id":"00fdf7a7d440","height":null,"num_floors":null,"render_height_m":6.4,"height_label":"assumed"}},{"type":"Feature","geometry":{"type":"Polygon","coordinates":[[[78.44643,17.40214],[78.44655,17.402136],[78.446552,17.402193],[78.446432,17.402197],[78.44643,17.40214]]]},"properties":{"id":"578b332b88cb","height":null,"num_floors":null,"render_height_m":6.4,"height_label":"assumed"}},{"type":"Feature","geometry":{"type":"Polygon","coordinates":[[[78.446465,17.402085],[78.446529,17.402083],[78.44653,17.402125],[78.446467,17.402127],[78.446465,17.402085]]]},"properties":{"id":"c07f869b2ad7","height":null,"num_floors":null,"render_height_m":6.4,"height_label":"assumed"}},{"type":"Feature","geometry":{"type":"Polygon","coordinates":[[[78.446426,17.402085],[78.446461,17.402088],[78.446457,17.40213],[78.446421,17.402127],[78.446426,17.402085]]]},"properties":{"id":"c5c63de7c68f","height":null,"num_floors":null,"render_height_m":6.4,"height_label":"assumed"}},{"type":"Feature","geometry":{"type":"Polygon","coordinates":[[[78.446403,17.402198],[78.446469,17.402196],[78.446471,17.402247],[78.446404,17.402249],[78.446403,17.402198]]]},"properties":{"id":"4cc1e1b142a6","height":null,"num_floors":null,"render_height_m":6.4,"height_label":"assumed"}},{"type":"Feature","geometry":{"type":"Polygon","coordinates":[[[78.446404,17.402249],[78.446434,17.402248],[78.446436,17.402291],[78.446406,17.402292],[78.446404,17.402249]]]},"properties":{"id":"c6e3ab07452a","height":null,"num_floors":null,"render_height_m":6.4,"height_label":"assumed"}},{"type":"Feature","geometry":{"type":"Polygon","coordinates":[[[78.44615,17.402022],[78.446153,17.401946],[78.446268,17.40195],[78.446265,17.402027],[78.44615,17.402022]]]},"properties":{"id":"b01491a58dd8","height":null,"num_floors":null,"render_height_m":9.6,"height_label":"assumed"}},{"type":"Feature","geometry":{"type":"Polygon","coordinates":[[[78.44642,17.402027],[78.446591,17.40202],[78.446594,17.402074],[78.446422,17.40208],[78.44642,17.402027]]]},"properties":{"id":"a089bb9a3f27","height":null,"num_floors":null,"render_height_m":9.6,"height_label":"assumed"}},{"type":"Feature","geometry":{"type":"Polygon","coordinates":[[[78.446448,17.401946],[78.446599,17.40195],[78.446597,17.402011],[78.446446,17.402007],[78.446448,17.401946]]]},"properties":{"id":"8dbfa8e4793a","height":null,"num_floors":null,"render_height_m":9.6,"height_label":"assumed"}},{"type":"Feature","geometry":{"type":"Polygon","coordinates":[[[78.446496,17.401779],[78.446536,17.401781],[78.446533,17.401893],[78.446493,17.401891],[78.446496,17.401779]]]},"properties":{"id":"3560f66093f7","height":null,"num_floors":null,"render_height_m":6.4,"height_label":"assumed"}},{"type":"Feature","geometry":{"type":"Polygon","coordinates":[[[78.446453,17.401778],[78.446483,17.401779],[78.446479,17.401891],[78.44645,17.40189],[78.446453,17.401778]]]},"properties":{"id":"067c6a33ed23","height":null,"num_floors":null,"render_height_m":6.4,"height_label":"assumed"}},{"type":"Feature","geometry":{"type":"Polygon","coordinates":[[[78.446608,17.40178],[78.446602,17.401898],[78.446563,17.401897],[78.446565,17.401843],[78.44654,17.401842],[78.446543,17.401777],[78.446608,17.40178]]]},"properties":{"id":"d0c874c4ff52","height":null,"num_floors":null,"render_height_m":6.4,"height_label":"assumed"}},{"type":"Feature","geometry":{"type":"Polygon","coordinates":[[[78.44671,17.401769],[78.446738,17.401769],[78.446734,17.401899],[78.446706,17.401898],[78.44671,17.401769]]]},"properties":{"id":"6cf19511295e","height":null,"num_floors":null,"render_height_m":6.4,"height_label":"assumed"}},{"type":"Feature","geometry":{"type":"Polygon","coordinates":[[[78.446619,17.401766],[78.446667,17.401767],[78.446662,17.401896],[78.446615,17.401895],[78.446619,17.401766]]]},"properties":{"id":"262bc2249294","height":null,"num_floors":null,"render_height_m":6.4,"height_label":"assumed"}},{"type":"Feature","geometry":{"type":"Polygon","coordinates":[[[78.446636,17.401896],[78.446682,17.401897],[78.44668,17.401953],[78.446634,17.401951],[78.446636,17.401896]]]},"properties":{"id":"718440549b3f","height":null,"num_floors":null,"render_height_m":6.4,"height_label":"assumed"}},{"type":"Feature","geometry":{"type":"Polygon","coordinates":[[[78.446659,17.402013],[78.446702,17.402014],[78.4467,17.402077],[78.446657,17.402076],[78.446659,17.402013]]]},"properties":{"id":"2080f5f51b9f","height":null,"num_floors":null,"render_height_m":6.4,"height_label":"assumed"}},{"type":"Feature","geometry":{"type":"Polygon","coordinates":[[[78.446604,17.40202],[78.446662,17.402018],[78.446664,17.402072],[78.446606,17.402074],[78.446604,17.40202]]]},"properties":{"id":"9e54a1904a54","height":null,"num_floors":null,"render_height_m":6.4,"height_label":"assumed"}},{"type":"Feature","geometry":{"type":"Polygon","coordinates":[[[78.446548,17.402082],[78.446641,17.402079],[78.446642,17.402122],[78.44655,17.402125],[78.446548,17.402082]]]},"properties":{"id":"5af1cb453361","height":null,"num_floors":null,"render_height_m":6.4,"height_label":"assumed"}},{"type":"Feature","geometry":{"type":"Polygon","coordinates":[[[78.446618,17.402134],[78.44662,17.402191],[78.446573,17.402192],[78.446571,17.402136],[78.446618,17.402134]]]},"properties":{"id":"332f0dccaea5","height":null,"num_floors":null,"render_height_m":6.4,"height_label":"assumed"}},{"type":"Feature","geometry":{"type":"Polygon","coordinates":[[[78.446469,17.402196],[78.44662,17.402191],[78.446622,17.402242],[78.446471,17.402247],[78.446469,17.402196]]]},"properties":{"id":"025f3884f1a5","height":null,"num_floors":null,"render_height_m":9.6,"height_label":"assumed"}},{"type":"Feature","geometry":{"type":"Polygon","coordinates":[[[78.44659,17.402335],[78.446547,17.402334],[78.44655,17.402277],[78.446592,17.402279],[78.44659,17.402335]]]},"properties":{"id":"06cdb89b2e17","height":null,"num_floors":null,"render_height_m":6.4,"height_label":"assumed"}},{"type":"Feature","geometry":{"type":"Polygon","coordinates":[[[78.446585,17.40239],[78.446543,17.402392],[78.44654,17.402342],[78.446582,17.40234],[78.446585,17.40239]]]},"properties":{"id":"a4ff4d449956","height":null,"num_floors":null,"render_height_m":6.4,"height_label":"assumed"}},{"type":"Feature","geometry":{"type":"Polygon","coordinates":[[[78.446667,17.402439],[78.446592,17.402442],[78.446588,17.402345],[78.446662,17.402342],[78.446667,17.402439]]]},"properties":{"id":"2a1da2c5be03","height":null,"num_floors":null,"render_height_m":9.6,"height_label":"assumed"}},{"type":"Feature","geometry":{"type":"Polygon","coordinates":[[[78.446751,17.402317],[78.446753,17.402373],[78.446677,17.402376],[78.446674,17.40232],[78.446751,17.402317]]]},"properties":{"id":"c922992a4689","height":null,"num_floors":null,"render_height_m":6.4,"height_label":"assumed"}},{"type":"Feature","geometry":{"type":"Polygon","coordinates":[[[78.446673,17.402256],[78.446735,17.402254],[78.446736,17.4023],[78.446675,17.402302],[78.446673,17.402256]]]},"properties":{"id":"79ffd211ca37","height":null,"num_floors":null,"render_height_m":6.4,"height_label":"assumed"}},{"type":"Feature","geometry":{"type":"Polygon","coordinates":[[[78.446642,17.402134],[78.44673,17.402131],[78.446732,17.402187],[78.446644,17.40219],[78.446642,17.402134]]]},"properties":{"id":"52d9f662ab86","height":null,"num_floors":null,"render_height_m":6.4,"height_label":"assumed"}},{"type":"Feature","geometry":{"type":"Polygon","coordinates":[[[78.446804,17.402072],[78.446801,17.402128],[78.446727,17.402123],[78.446731,17.402068],[78.446804,17.402072]]]},"properties":{"id":"fa1e8a5db5c5","height":null,"num_floors":null,"render_height_m":6.4,"height_label":"assumed"}},{"type":"Feature","geometry":{"type":"Polygon","coordinates":[[[78.44682,17.402251],[78.446822,17.402299],[78.446753,17.402301],[78.446751,17.402254],[78.44682,17.402251]]]},"properties":{"id":"5bc00d71afd4","height":null,"num_floors":null,"render_height_m":6.4,"height_label":"assumed"}},{"type":"Feature","geometry":{"type":"Polygon","coordinates":[[[78.446891,17.402295],[78.446894,17.402368],[78.446786,17.402372],[78.446784,17.402298],[78.446891,17.402295]]]},"properties":{"id":"9311604ba916","height":null,"num_floors":null,"render_height_m":9.6,"height_label":"assumed"}},{"type":"Feature","geometry":{"type":"Polygon","coordinates":[[[78.446838,17.40237],[78.446907,17.402368],[78.446909,17.402435],[78.44684,17.402437],[78.446838,17.40237]]]},"properties":{"id":"2dbdb563b596","height":null,"num_floors":null,"render_height_m":6.4,"height_label":"assumed"}},{"type":"Feature","geometry":{"type":"Polygon","coordinates":[[[78.446817,17.402128],[78.446898,17.402125],[78.446902,17.402249],[78.446822,17.402251],[78.446817,17.402128]]]},"properties":{"id":"dc09e8f3d696","height":null,"num_floors":null,"render_height_m":9.6,"height_label":"assumed"}},{"type":"Feature","geometry":{"type":"Polygon","coordinates":[[[78.446873,17.401903],[78.446872,17.401928],[78.446824,17.401926],[78.446825,17.401901],[78.446873,17.401903]]]},"properties":{"id":"65b79b779c07","height":null,"num_floors":null,"render_height_m":6.4,"height_label":"assumed"}},{"type":"Feature","geometry":{"type":"Polygon","coordinates":[[[78.446806,17.40195],[78.446869,17.401948],[78.446872,17.402009],[78.446809,17.402012],[78.446806,17.40195]]]},"properties":{"id":"0ee08bd42fb8","height":null,"num_floors":null,"render_height_m":6.4,"height_label":"assumed"}},{"type":"Feature","geometry":{"type":"Polygon","coordinates":[[[78.446726,17.402013],[78.446813,17.402011],[78.446815,17.402074],[78.446729,17.402077],[78.446726,17.402013]]]},"properties":{"id":"a6e650d06f60","height":null,"num_floors":null,"render_height_m":6.4,"height_label":"assumed"}},{"type":"Feature","geometry":{"type":"Polygon","coordinates":[[[78.446734,17.401899],[78.446777,17.4019],[78.446776,17.401955],[78.446732,17.401954],[78.446734,17.401899]]]},"properties":{"id":"e2b71efe6782","height":null,"num_floors":null,"render_height_m":6.4,"height_label":"assumed"}},{"type":"Feature","geometry":{"type":"Polygon","coordinates":[[[78.446778,17.401908],[78.446811,17.401905],[78.446817,17.401952],[78.446783,17.401956],[78.446778,17.401908]]]},"properties":{"id":"e3d658139129","height":null,"num_floors":null,"render_height_m":6.4,"height_label":"assumed"}},{"type":"Feature","geometry":{"type":"Polygon","coordinates":[[[78.446751,17.40177],[78.446782,17.401771],[78.446777,17.4019],[78.446747,17.401899],[78.446751,17.40177]]]},"properties":{"id":"c14c9187bcd3","height":null,"num_floors":null,"render_height_m":6.4,"height_label":"assumed"}},{"type":"Feature","geometry":{"type":"Polygon","coordinates":[[[78.446786,17.401763],[78.446819,17.401765],[78.446817,17.40181],[78.446784,17.401808],[78.446786,17.401763]]]},"properties":{"id":"71bb1681caaf","height":null,"num_floors":null,"render_height_m":6.4,"height_label":"assumed"}},{"type":"Feature","geometry":{"type":"Polygon","coordinates":[[[78.446821,17.401778],[78.446879,17.401772],[78.446884,17.401816],[78.446827,17.401822],[78.446821,17.401778]]]},"properties":{"id":"86ca2d309a21","height":null,"num_floors":null,"render_height_m":6.4,"height_label":"assumed"}},{"type":"Feature","geometry":{"type":"Polygon","coordinates":[[[78.446823,17.401825],[78.446868,17.401822],[78.446873,17.401888],[78.446828,17.401891],[78.446823,17.401825]]]},"properties":{"id":"217993b765bb","height":null,"num_floors":null,"render_height_m":6.4,"height_label":"assumed"}},{"type":"Feature","geometry":{"type":"Polygon","coordinates":[[[78.44707,17.401861],[78.447179,17.401858],[78.447182,17.401934],[78.447073,17.401938],[78.44707,17.401861]]]},"properties":{"id":"808fcd5db508","height":null,"num_floors":null,"render_height_m":9.6,"height_label":"assumed"}},{"type":"Feature","geometry":{"type":"Polygon","coordinates":[[[78.447253,17.402095],[78.447136,17.402094],[78.447138,17.401965],[78.447255,17.401966],[78.447253,17.402095]]]},"properties":{"id":"ec552ca65240","height":null,"num_floors":null,"render_height_m":9.6,"height_label":"assumed"}},{"type":"Feature","geometry":{"type":"Polygon","coordinates":[[[78.447259,17.402201],[78.44714,17.4022],[78.447141,17.402109],[78.447259,17.40211],[78.447259,17.402201]]]},"properties":{"id":"4d9816dfdd49","height":null,"num_floors":null,"render_height_m":9.6,"height_label":"assumed"}},{"type":"Feature","geometry":{"type":"Polygon","coordinates":[[[78.447191,17.40231],[78.447192,17.402335],[78.44713,17.402337],[78.447129,17.402312],[78.447191,17.40231]]]},"properties":{"id":"bc069e5c2c3b","height":null,"num_floors":null,"render_height_m":6.4,"height_label":"assumed"}},{"type":"Feature","geometry":{"type":"Polygon","coordinates":[[[78.447202,17.402346],[78.447203,17.402389],[78.44716,17.40239],[78.447158,17.402347],[78.447202,17.402346]]]},"properties":{"id":"5249b259a316","height":null,"num_floors":null,"render_height_m":6.4,"height_label":"assumed"}},{"type":"Feature","geometry":{"type":"Polygon","coordinates":[[[78.44716,17.40239],[78.447203,17.402389],[78.447204,17.402435],[78.447161,17.402437],[78.44716,17.40239]]]},"properties":{"id":"78179599ba91","height":null,"num_floors":null,"render_height_m":6.4,"height_label":"assumed"}},{"type":"Feature","geometry":{"type":"Polygon","coordinates":[[[78.447128,17.402348],[78.447129,17.402391],[78.447052,17.402394],[78.447051,17.40235],[78.447128,17.402348]]]},"properties":{"id":"182ab3714cb1","height":null,"num_floors":null,"render_height_m":6.4,"height_label":"assumed"}},{"type":"Feature","geometry":{"type":"Polygon","coordinates":[[[78.447042,17.402293],[78.447093,17.402296],[78.447088,17.402353],[78.447038,17.40235],[78.447042,17.402293]]]},"properties":{"id":"699423673ab7","height":null,"num_floors":null,"render_height_m":6.4,"height_label":"assumed"}},{"type":"Feature","geometry":{"type":"Polygon","coordinates":[[[78.44713,17.402246],[78.447029,17.402245],[78.44703,17.402124],[78.44713,17.402125],[78.44713,17.402246]]]},"properties":{"id":"5b843ae958fe","height":null,"num_floors":null,"render_height_m":9.6,"height_label":"assumed"}},{"type":"Feature","geometry":{"type":"Polygon","coordinates":[[[78.446906,17.402259],[78.446996,17.402265],[78.44699,17.402346],[78.4469,17.40234],[78.446906,17.402259]]]},"properties":{"id":"261e4e3f203c","height":null,"num_floors":null,"render_height_m":9.6,"height_label":"assumed"}},{"type":"Feature","geometry":{"type":"Polygon","coordinates":[[[78.446941,17.402354],[78.447029,17.402351],[78.447031,17.402394],[78.446942,17.402397],[78.446941,17.402354]]]},"properties":{"id":"e9904ad51ba8","height":null,"num_floors":null,"render_height_m":6.4,"height_label":"assumed"}},{"type":"Feature","geometry":{"type":"Polygon","coordinates":[[[78.446948,17.402403],[78.44703,17.402407],[78.447027,17.402453],[78.446996,17.402452],[78.446993,17.402504],[78.446943,17.402502],[78.446948,17.402403]]]},"properties":{"id":"736addd3d31e","height":null,"num_floors":null,"render_height_m":6.4,"height_label":"assumed"}},{"type":"Feature","geometry":{"type":"Polygon","coordinates":[[[78.44692,17.402514],[78.447009,17.402517],[78.447007,17.40256],[78.446918,17.402557],[78.44692,17.402514]]]},"properties":{"id":"292f2e034819","height":null,"num_floors":null,"render_height_m":6.4,"height_label":"assumed"}},{"type":"Feature","geometry":{"type":"Polygon","coordinates":[[[78.447131,17.402456],[78.447132,17.402488],[78.447034,17.402491],[78.447033,17.402459],[78.447131,17.402456]]]},"properties":{"id":"e3cf2944a276","height":null,"num_floors":null,"render_height_m":6.4,"height_label":"assumed"}},{"type":"Feature","geometry":{"type":"Polygon","coordinates":[[[78.447138,17.402395],[78.447145,17.402447],[78.447099,17.402453],[78.447092,17.402401],[78.447138,17.402395]]]},"properties":{"id":"0841bb09b707","height":null,"num_floors":null,"render_height_m":6.4,"height_label":"assumed"}},{"type":"Feature","geometry":{"type":"Polygon","coordinates":[[[78.447164,17.402504],[78.447166,17.402559],[78.447006,17.402564],[78.447004,17.402509],[78.447164,17.402504]]]},"properties":{"id":"db75ea39e987","height":null,"num_floors":null,"render_height_m":9.6,"height_label":"assumed"}},{"type":"Feature","geometry":{"type":"Polygon","coordinates":[[[78.447006,17.402564],[78.447095,17.402561],[78.447097,17.402623],[78.447008,17.402626],[78.447006,17.402564]]]},"properties":{"id":"2994eb0b109c","height":null,"num_floors":null,"render_height_m":6.4,"height_label":"assumed"}},{"type":"Feature","geometry":{"type":"Polygon","coordinates":[[[78.447085,17.402704],[78.447172,17.40271],[78.447168,17.402761],[78.447081,17.402755],[78.447085,17.402704]]]},"properties":{"id":"b65ea1e25033","height":null,"num_floors":null,"render_height_m":6.4,"height_label":"assumed"}},{"type":"Feature","geometry":{"type":"Polygon","coordinates":[[[78.44701,17.402698],[78.447085,17.402704],[78.447081,17.402755],[78.447006,17.402749],[78.44701,17.402698]]]},"properties":{"id":"7169f04a1bff","height":null,"num_floors":null,"render_height_m":6.4,"height_label":"assumed"}},{"type":"Feature","geometry":{"type":"Polygon","coordinates":[[[78.446913,17.402566],[78.447006,17.402564],[78.447008,17.402626],[78.446916,17.402629],[78.446913,17.402566]]]},"properties":{"id":"eade5fa39c0f","height":null,"num_floors":null,"render_height_m":6.4,"height_label":"assumed"}},{"type":"Feature","geometry":{"type":"Polygon","coordinates":[[[78.446931,17.402692],[78.44701,17.402698],[78.447006,17.402749],[78.446927,17.402743],[78.446931,17.402692]]]},"properties":{"id":"0188451f9786","height":null,"num_floors":null,"render_height_m":6.4,"height_label":"assumed"}},{"type":"Feature","geometry":{"type":"Polygon","coordinates":[[[78.446927,17.402743],[78.447081,17.402755],[78.447076,17.402819],[78.446922,17.402808],[78.446927,17.402743]]]},"properties":{"id":"c22b676ba42d","height":null,"num_floors":null,"render_height_m":9.6,"height_label":"assumed"}},{"type":"Feature","geometry":{"type":"Polygon","coordinates":[[[78.446917,17.402868],[78.447,17.402873],[78.446997,17.402924],[78.446914,17.40292],[78.446917,17.402868]]]},"properties":{"id":"c947e1b61cec","height":null,"num_floors":null,"render_height_m":6.4,"height_label":"assumed"}},{"type":"Feature","geometry":{"type":"Polygon","coordinates":[[[78.447113,17.402889],[78.447225,17.402894],[78.447221,17.40297],[78.447109,17.402965],[78.447113,17.402889]]]},"properties":{"id":"7bd52aed8819","height":null,"num_floors":null,"render_height_m":9.6,"height_label":"assumed"}},{"type":"Feature","geometry":{"type":"Polygon","coordinates":[[[78.44741,17.403137],[78.447233,17.403128],[78.447243,17.402963],[78.447419,17.402973],[78.44741,17.403137]]]},"properties":{"id":"3f598d6eae56","height":null,"num_floors":null,"render_height_m":12.8,"height_label":"assumed"}},{"type":"Feature","geometry":{"type":"Polygon","coordinates":[[[78.447424,17.402857],[78.447219,17.402848],[78.447226,17.402701],[78.447432,17.40271],[78.447424,17.402857]]]},"properties":{"id":"dfa3c89de70c","height":null,"num_floors":null,"render_height_m":12.8,"height_label":"assumed"}},{"type":"Feature","geometry":{"type":"Polygon","coordinates":[[[78.447209,17.4025],[78.447248,17.402498],[78.44725,17.402552],[78.447212,17.402554],[78.447209,17.4025]]]},"properties":{"id":"dc62b4bdacdf","height":null,"num_floors":null,"render_height_m":6.4,"height_label":"assumed"}},{"type":"Feature","geometry":{"type":"Polygon","coordinates":[[[78.447165,17.402501],[78.447209,17.4025],[78.447212,17.402554],[78.447167,17.402555],[78.447165,17.402501]]]},"properties":{"id":"bee1c2fafcf7","height":null,"num_floors":null,"render_height_m":6.4,"height_label":"assumed"}},{"type":"Feature","geometry":{"type":"Polygon","coordinates":[[[78.447162,17.402439],[78.447211,17.402438],[78.447216,17.402547],[78.447204,17.402547],[78.447203,17.402506],[78.447165,17.402507],[78.447162,17.402439]]]},"properties":{"id":"37df009b7b5a","height":null,"num_floors":null,"render_height_m":6.4,"height_label":"assumed"}},{"type":"Feature","geometry":{"type":"Polygon","coordinates":[[[78.447343,17.402439],[78.447438,17.402443],[78.447434,17.402538],[78.447339,17.402534],[78.447343,17.402439]]]},"properties":{"id":"5730719f94fc","height":null,"num_floors":null,"render_height_m":9.6,"height_label":"assumed"}},{"type":"Feature","geometry":{"type":"Polygon","coordinates":[[[78.447438,17.402447],[78.447511,17.402451],[78.447506,17.402539],[78.447433,17.402536],[78.447438,17.402447]]]},"properties":{"id":"f8922c6be2d7","height":null,"num_floors":null,"render_height_m":6.4,"height_label":"assumed"}},{"type":"Feature","geometry":{"type":"Polygon","coordinates":[[[78.447469,17.402539],[78.447464,17.402643],[78.447398,17.402641],[78.447403,17.402537],[78.447469,17.402539]]]},"properties":{"id":"cf809e4ff989","height":null,"num_floors":null,"render_height_m":9.6,"height_label":"assumed"}},{"type":"Feature","geometry":{"type":"Polygon","coordinates":[[[78.447511,17.402981],[78.4476,17.402984],[78.447597,17.403063],[78.447508,17.40306],[78.447511,17.402981]]]},"properties":{"id":"101ef8594ba1","height":null,"num_floors":null,"render_height_m":9.6,"height_label":"assumed"}},{"type":"Feature","geometry":{"type":"Polygon","coordinates":[[[78.447463,17.402961],[78.447464,17.40289],[78.447633,17.402894],[78.447632,17.402965],[78.447463,17.402961]]]},"properties":{"id":"d8054390c7e2","height":null,"num_floors":null,"render_height_m":9.6,"height_label":"assumed"}},{"type":"Feature","geometry":{"type":"Polygon","coordinates":[[[78.447661,17.40288],[78.447582,17.402877],[78.447589,17.402716],[78.447668,17.402719],[78.447661,17.40288]]]},"properties":{"id":"06af1b98d621","height":null,"num_floors":null,"render_height_m":9.6,"height_label":"assumed"}},{"type":"Feature","geometry":{"type":"Polygon","coordinates":[[[78.447637,17.403157],[78.447636,17.402974],[78.447801,17.402974],[78.447802,17.403156],[78.447637,17.403157]]]},"properties":{"id":"7f92648c0e58","height":null,"num_floors":null,"render_height_m":12.8,"height_label":"assumed"}},{"type":"Feature","geometry":{"type":"Polygon","coordinates":[[[78.447728,17.402735],[78.447788,17.402738],[78.44778,17.402908],[78.447721,17.402905],[78.447728,17.402735]]]},"properties":{"id":"7feedc4cb27b","height":null,"num_floors":null,"render_height_m":9.6,"height_label":"assumed"}},{"type":"Feature","geometry":{"type":"Polygon","coordinates":[[[78.447605,17.402544],[78.447639,17.402545],[78.447633,17.402658],[78.447599,17.402656],[78.447605,17.402544]]]},"properties":{"id":"134c32ecc68f","height":null,"num_floors":null,"render_height_m":6.4,"height_label":"assumed"}},{"type":"Feature","geometry":{"type":"Polygon","coordinates":[[[78.447615,17.402207],[78.447521,17.40221],[78.447516,17.402082],[78.447609,17.402079],[78.447615,17.402207]]]},"properties":{"id":"308d94fc0446","height":null,"num_floors":null,"render_height_m":9.6,"height_label":"assumed"}},{"type":"Feature","geometry":{"type":"Polygon","coordinates":[[[78.447597,17.40241],[78.4476,17.402318],[78.447686,17.402321],[78.447682,17.402413],[78.447597,17.40241]]]},"properties":{"id":"d453384d04e0","height":null,"num_floors":null,"render_height_m":9.6,"height_label":"assumed"}},{"type":"Feature","geometry":{"type":"Polygon","coordinates":[[[78.447424,17.402318],[78.447426,17.402236],[78.447554,17.402239],[78.447552,17.402321],[78.447424,17.402318]]]},"properties":{"id":"dc7d6828aaa8","height":null,"num_floors":null,"render_height_m":9.6,"height_label":"assumed"}},{"type":"Feature","geometry":{"type":"Polygon","coordinates":[[[78.447409,17.402224],[78.447405,17.402334],[78.44734,17.402332],[78.447343,17.402237],[78.447365,17.402238],[78.447365,17.402222],[78.447409,17.402224]]]},"properties":{"id":"9e5180806653","height":null,"num_floors":null,"render_height_m":9.6,"height_label":"assumed"}},{"type":"Feature","geometry":{"type":"Polygon","coordinates":[[[78.447474,17.402126],[78.447473,17.402183],[78.447345,17.402179],[78.447347,17.402122],[78.447474,17.402126]]]},"properties":{"id":"cad156df02ac","height":null,"num_floors":null,"render_height_m":9.6,"height_label":"assumed"}},{"type":"Feature","geometry":{"type":"Polygon","coordinates":[[[78.447344,17.402194],[78.44741,17.402196],[78.447409,17.402224],[78.447343,17.402221],[78.447344,17.402194]]]},"properties":{"id":"9e949f706a50","height":null,"num_floors":null,"render_height_m":6.4,"height_label":"assumed"}},{"type":"Feature","geometry":{"type":"Polygon","coordinates":[[[78.447518,17.402031],[78.447422,17.402029],[78.447424,17.401954],[78.447519,17.401956],[78.447518,17.402031]]]},"properties":{"id":"999a5bf2a11c","height":null,"num_floors":null,"render_height_m":9.6,"height_label":"assumed"}},{"type":"Feature","geometry":{"type":"Polygon","coordinates":[[[78.447411,17.402026],[78.447283,17.402023],[78.447286,17.401912],[78.447414,17.401915],[78.447411,17.402026]]]},"properties":{"id":"c7b7bdfa8a7c","height":null,"num_floors":null,"render_height_m":9.6,"height_label":"assumed"}},{"type":"Feature","geometry":{"type":"Polygon","coordinates":[[[78.447347,17.401729],[78.447465,17.401734],[78.447456,17.40191],[78.447339,17.401905],[78.447347,17.401729]]]},"properties":{"id":"1dfaa24ccc1b","height":null,"num_floors":null,"render_height_m":9.6,"height_label":"assumed"}},{"type":"Feature","geometry":{"type":"Polygon","coordinates":[[[78.447616,17.401885],[78.447526,17.401889],[78.447519,17.401722],[78.447609,17.401718],[78.447616,17.401885]]]},"properties":{"id":"c6b96cba0dc3","height":null,"num_floors":null,"render_height_m":9.6,"height_label":"assumed"}},{"type":"Feature","geometry":{"type":"Polygon","coordinates":[[[78.447641,17.401978],[78.447633,17.401877],[78.447726,17.40187],[78.447733,17.401972],[78.447641,17.401978]]]},"properties":{"id":"63b8f945a72f","height":null,"num_floors":null,"render_height_m":9.6,"height_label":"assumed"}},{"type":"Feature","geometry":{"type":"Polygon","coordinates":[[[78.447736,17.402111],[78.44765,17.402116],[78.447642,17.401986],[78.447729,17.401981],[78.447736,17.402111]]]},"properties":{"id":"acd1cf329e26","height":null,"num_floors":null,"render_height_m":9.6,"height_label":"assumed"}},{"type":"Feature","geometry":{"type":"Polygon","coordinates":[[[78.447826,17.401847],[78.447639,17.401855],[78.447631,17.401684],[78.447818,17.401676],[78.447826,17.401847]]]},"properties":{"id":"c0baec55a5f7","height":null,"num_floors":null,"render_height_m":12.8,"height_label":"assumed"}},{"type":"Feature","geometry":{"type":"Polygon","coordinates":[[[78.447797,17.401635],[78.447677,17.40164],[78.447671,17.401513],[78.447791,17.401508],[78.447797,17.401635]]]},"properties":{"id":"39ab8caad858","height":null,"num_floors":null,"render_height_m":9.6,"height_label":"assumed"}},{"type":"Feature","geometry":{"type":"Polygon","coordinates":[[[78.447634,17.40154],[78.447528,17.401545],[78.447521,17.401402],[78.447626,17.401397],[78.447634,17.40154]]]},"properties":{"id":"412b1917c6a6","height":null,"num_floors":null,"render_height_m":9.6,"height_label":"assumed"}},{"type":"Feature","geometry":{"type":"Polygon","coordinates":[[[78.447775,17.401145],[78.447646,17.401152],[78.447637,17.400996],[78.447765,17.400989],[78.447775,17.401145]]]},"properties":{"id":"94c54a886ccb","height":null,"num_floors":null,"render_height_m":9.6,"height_label":"assumed"}},{"type":"Feature","geometry":{"type":"Polygon","coordinates":[[[78.447603,17.401317],[78.447501,17.401319],[78.447498,17.401211],[78.4476,17.401208],[78.447603,17.401317]]]},"properties":{"id":"49ca22031bcb","height":null,"num_floors":null,"render_height_m":9.6,"height_label":"assumed"}},{"type":"Feature","geometry":{"type":"Polygon","coordinates":[[[78.447584,17.401148],[78.44742,17.401149],[78.447418,17.400994],[78.447582,17.400992],[78.447584,17.401148]]]},"properties":{"id":"f8d8f7df9a2f","height":null,"num_floors":null,"render_height_m":12.8,"height_label":"assumed"}},{"type":"Feature","geometry":{"type":"Polygon","coordinates":[[[78.447484,17.401324],[78.447416,17.401323],[78.447417,17.401232],[78.447485,17.401233],[78.447484,17.401324]]]},"properties":{"id":"7c3d5b19c296","height":null,"num_floors":null,"render_height_m":6.4,"height_label":"assumed"}},{"type":"Feature","geometry":{"type":"Polygon","coordinates":[[[78.44749,17.401627],[78.447407,17.401629],[78.447403,17.401499],[78.447486,17.401497],[78.44749,17.401627]]]},"properties":{"id":"f3ce84ce5149","height":null,"num_floors":null,"render_height_m":9.6,"height_label":"assumed"}},{"type":"Feature","geometry":{"type":"Polygon","coordinates":[[[78.447579,17.401659],[78.447517,17.40166],[78.447515,17.401551],[78.447577,17.40155],[78.447579,17.401659]]]},"properties":{"id":"6fa293ab74fa","height":null,"num_floors":null,"render_height_m":6.4,"height_label":"assumed"}},{"type":"Feature","geometry":{"type":"Polygon","coordinates":[[[78.447393,17.401649],[78.447252,17.401653],[78.447249,17.401558],[78.44739,17.401554],[78.447393,17.401649]]]},"properties":{"id":"ac546c69c22d","height":null,"num_floors":null,"render_height_m":9.6,"height_label":"assumed"}},{"type":"Feature","geometry":{"type":"Polygon","coordinates":[[[78.44738,17.401541],[78.447234,17.40155],[78.447227,17.401458],[78.447374,17.401449],[78.44738,17.401541]]]},"properties":{"id":"b8ff2332fc86","height":null,"num_floors":null,"render_height_m":9.6,"height_label":"assumed"}},{"type":"Feature","geometry":{"type":"Polygon","coordinates":[[[78.447188,17.401655],[78.447018,17.40166],[78.447014,17.401545],[78.447185,17.401541],[78.447188,17.401655]]]},"properties":{"id":"7fef30c39a40","height":null,"num_floors":null,"render_height_m":9.6,"height_label":"assumed"}},{"type":"Feature","geometry":{"type":"Polygon","coordinates":[[[78.447205,17.401422],[78.447209,17.401509],[78.447075,17.401515],[78.44707,17.401428],[78.447205,17.401422]]]},"properties":{"id":"fbbe4eeaa90f","height":null,"num_floors":null,"render_height_m":9.6,"height_label":"assumed"}},{"type":"Feature","geometry":{"type":"Polygon","coordinates":[[[78.44707,17.401314],[78.447111,17.401313],[78.447113,17.401373],[78.447072,17.401374],[78.44707,17.401314]]]},"properties":{"id":"3a5aaaa89a08","height":null,"num_floors":null,"render_height_m":6.4,"height_label":"assumed"}},{"type":"Feature","geometry":{"type":"Polygon","coordinates":[[[78.447065,17.401161],[78.447121,17.401159],[78.447123,17.401219],[78.447067,17.401221],[78.447065,17.401161]]]},"properties":{"id":"768e88ab20fb","height":null,"num_floors":null,"render_height_m":6.4,"height_label":"assumed"}},{"type":"Feature","geometry":{"type":"Polygon","coordinates":[[[78.447276,17.401362],[78.44717,17.401362],[78.44717,17.401006],[78.447276,17.401006],[78.447276,17.401362]]]},"properties":{"id":"85ddf3731f44","height":null,"num_floors":null,"render_height_m":12.8,"height_label":"assumed"}},{"type":"Feature","geometry":{"type":"Polygon","coordinates":[[[78.447328,17.400679],[78.447331,17.40074],[78.447165,17.400746],[78.447163,17.400685],[78.447328,17.400679]]]},"properties":{"id":"ccff417b70ef","height":null,"num_floors":null,"render_height_m":9.6,"height_label":"assumed"}},{"type":"Feature","geometry":{"type":"Polygon","coordinates":[[[78.447262,17.400934],[78.447112,17.400939],[78.447106,17.400759],[78.447256,17.400754],[78.447262,17.400934]]]},"properties":{"id":"372f9736b958","height":null,"num_floors":null,"render_height_m":12.8,"height_label":"assumed"}},{"type":"Feature","geometry":{"type":"Polygon","coordinates":[[[78.447093,17.400931],[78.446971,17.400935],[78.446966,17.400769],[78.447087,17.400765],[78.447093,17.400931]]]},"properties":{"id":"fa6472917a79","height":null,"num_floors":null,"render_height_m":9.6,"height_label":"assumed"}},{"type":"Feature","geometry":{"type":"Polygon","coordinates":[[[78.447093,17.400681],[78.446966,17.400685],[78.446959,17.400457],[78.447085,17.400453],[78.447093,17.400681]]]},"properties":{"id":"7b8e472cc8c7","height":null,"num_floors":null,"render_height_m":12.8,"height_label":"assumed"}},{"type":"Feature","geometry":{"type":"Polygon","coordinates":[[[78.446952,17.400322],[78.447042,17.400319],[78.447044,17.400361],[78.446953,17.400364],[78.446952,17.400322]]]},"properties":{"id":"48283ca4bbf4","height":null,"num_floors":null,"render_height_m":6.4,"height_label":"assumed"}},{"type":"Feature","geometry":{"type":"Polygon","coordinates":[[[78.447237,17.400501],[78.447134,17.400504],[78.447132,17.400461],[78.447235,17.400457],[78.447237,17.400501]]]},"properties":{"id":"3a633b87685a","height":null,"num_floors":null,"render_height_m":6.4,"height_label":"assumed"}},{"type":"Feature","geometry":{"type":"Polygon","coordinates":[[[78.447284,17.400655],[78.447139,17.400666],[78.44713,17.400555],[78.447275,17.400544],[78.447284,17.400655]]]},"properties":{"id":"9bb0271d9a35","height":null,"num_floors":null,"render_height_m":9.6,"height_label":"assumed"}},{"type":"Feature","geometry":{"type":"Polygon","coordinates":[[[78.447301,17.400565],[78.447501,17.40055],[78.447508,17.40064],[78.447309,17.400655],[78.447301,17.400565]]]},"properties":{"id":"807499232eb6","height":null,"num_floors":null,"render_height_m":9.6,"height_label":"assumed"}},{"type":"Feature","geometry":{"type":"Polygon","coordinates":[[[78.447348,17.40076],[78.447391,17.400758],[78.447392,17.400785],[78.447421,17.400784],[78.447422,17.400807],[78.44735,17.40081],[78.447348,17.40076]]]},"properties":{"id":"10464f2302cb","height":null,"num_floors":null,"render_height_m":6.4,"height_label":"assumed"}},{"type":"Feature","geometry":{"type":"Polygon","coordinates":[[[78.44743,17.400932],[78.447294,17.400936],[78.44729,17.400818],[78.447427,17.400814],[78.44743,17.400932]]]},"properties":{"id":"8ad3af680fab","height":null,"num_floors":null,"render_height_m":9.6,"height_label":"assumed"}},{"type":"Feature","geometry":{"type":"Polygon","coordinates":[[[78.447829,17.40091],[78.447512,17.400919],[78.447509,17.400819],[78.447825,17.40081],[78.447829,17.40091]]]},"properties":{"id":"d9f799cab5e5","height":null,"num_floors":null,"render_height_m":12.8,"height_label":"assumed"}},{"type":"Feature","geometry":{"type":"Polygon","coordinates":[[[78.447778,17.400636],[78.447526,17.400654],[78.447519,17.400567],[78.447771,17.400548],[78.447778,17.400636]]]},"properties":{"id":"cd1b23c1e8c5","height":null,"num_floors":null,"render_height_m":12.8,"height_label":"assumed"}},{"type":"Feature","geometry":{"type":"Polygon","coordinates":[[[78.447459,17.400482],[78.447447,17.400342],[78.447659,17.400327],[78.44767,17.400466],[78.447459,17.400482]]]},"properties":{"id":"7494b8ffc72c","height":null,"num_floors":null,"render_height_m":12.8,"height_label":"assumed"}},{"type":"Feature","geometry":{"type":"Polygon","coordinates":[[[78.447832,17.400296],[78.44762,17.400312],[78.447606,17.400142],[78.447818,17.400127],[78.447832,17.400296]]]},"properties":{"id":"c5c27aa8555e","height":null,"num_floors":null,"render_height_m":12.8,"height_label":"assumed"}},{"type":"Feature","geometry":{"type":"Polygon","coordinates":[[[78.44756,17.400264],[78.447366,17.400278],[78.447354,17.40013],[78.447548,17.400115],[78.44756,17.400264]]]},"properties":{"id":"7739977682dd","height":null,"num_floors":null,"render_height_m":12.8,"height_label":"assumed"}},{"type":"Feature","geometry":{"type":"Polygon","coordinates":[[[78.447533,17.400043],[78.447331,17.400058],[78.447312,17.399822],[78.447514,17.399807],[78.447533,17.400043]]]},"properties":{"id":"cccfff87ecd1","height":null,"num_floors":null,"render_height_m":12.8,"height_label":"assumed"}},{"type":"Feature","geometry":{"type":"Polygon","coordinates":[[[78.447453,17.399732],[78.447303,17.399714],[78.44731,17.399658],[78.44729,17.399656],[78.447295,17.399614],[78.447432,17.399629],[78.447424,17.399691],[78.447457,17.399695],[78.447453,17.399732]]]},"properties":{"id":"b9cca773032d","height":null,"num_floors":null,"render_height_m":9.6,"height_label":"assumed"}},{"type":"Feature","geometry":{"type":"Polygon","coordinates":[[[78.447491,17.399738],[78.447482,17.399628],[78.447759,17.399607],[78.447768,17.399716],[78.447491,17.399738]]]},"properties":{"id":"95c348e5b264","height":null,"num_floors":null,"render_height_m":12.8,"height_label":"assumed"}},{"type":"Feature","geometry":{"type":"Polygon","coordinates":[[[78.447766,17.400036],[78.447562,17.400051],[78.447542,17.39981],[78.447747,17.399795],[78.447766,17.400036]]]},"properties":{"id":"8dd561edc66a","height":null,"num_floors":null,"render_height_m":12.8,"height_label":"assumed"}},{"type":"Feature","geometry":{"type":"Polygon","coordinates":[[[78.447761,17.399459],[78.447706,17.399463],[78.447683,17.399413],[78.447757,17.399408],[78.447761,17.399459]]]},"properties":{"id":"1e029999f96a","height":null,"num_floors":null,"render_height_m":6.4,"height_label":"assumed"}},{"type":"Feature","geometry":{"type":"Polygon","coordinates":[[[78.447695,17.399287],[78.447605,17.399296],[78.447598,17.399241],[78.447689,17.399231],[78.447695,17.399287]]]},"properties":{"id":"e6b9fe4a1760","height":null,"num_floors":null,"render_height_m":6.4,"height_label":"assumed"}},{"type":"Feature","geometry":{"type":"Polygon","coordinates":[[[78.44757,17.399266],[78.447573,17.399304],[78.447516,17.399308],[78.447513,17.39927],[78.44757,17.399266]]]},"properties":{"id":"1201804a6899","height":null,"num_floors":null,"render_height_m":6.4,"height_label":"assumed"}},{"type":"Feature","geometry":{"type":"Polygon","coordinates":[[[78.447403,17.39954],[78.447137,17.39952],[78.447144,17.399431],[78.44741,17.399452],[78.447403,17.39954]]]},"properties":{"id":"c24fb6d0ca76","height":null,"num_floors":null,"render_height_m":12.8,"height_label":"assumed"}},{"type":"Feature","geometry":{"type":"Polygon","coordinates":[[[78.44719,17.399592],[78.447193,17.399559],[78.447248,17.399564],[78.447245,17.399597],[78.44719,17.399592]]]},"properties":{"id":"47d9931e109c","height":null,"num_floors":null,"render_height_m":6.4,"height_label":"assumed"}},{"type":"Feature","geometry":{"type":"Polygon","coordinates":[[[78.447391,17.399431],[78.447144,17.399414],[78.447158,17.399238],[78.447405,17.399256],[78.447391,17.399431]]]},"properties":{"id":"fde379ba2855","height":null,"num_floors":null,"render_height_m":12.8,"height_label":"assumed"}},{"type":"Feature","geometry":{"type":"Polygon","coordinates":[[[78.4471,17.399341],[78.446927,17.399332],[78.446933,17.399227],[78.447027,17.399232],[78.447025,17.399259],[78.447104,17.399262],[78.4471,17.399341]]]},"properties":{"id":"3615d745f58a","height":null,"num_floors":null,"render_height_m":9.6,"height_label":"assumed"}},{"type":"Feature","geometry":{"type":"Polygon","coordinates":[[[78.447097,17.399938],[78.44702,17.399945],[78.447014,17.399793],[78.447207,17.399786],[78.447212,17.3999],[78.447099,17.399904],[78.447097,17.399938]]]},"properties":{"id":"6a8714783ff9","height":null,"num_floors":null,"render_height_m":12.8,"height_label":"assumed"}},{"type":"Feature","geometry":{"type":"Polygon","coordinates":[[[78.447282,17.400054],[78.447112,17.400053],[78.447113,17.399929],[78.447283,17.39993],[78.447282,17.400054]]]},"properties":{"id":"27cd9b01f96d","height":null,"num_floors":null,"render_height_m":9.6,"height_label":"assumed"}},{"type":"Feature","geometry":{"type":"Polygon","coordinates":[[[78.447273,17.400166],[78.44727,17.400409],[78.447139,17.400408],[78.447141,17.400307],[78.447088,17.400306],[78.447089,17.400164],[78.447273,17.400166]]]},"properties":{"id":"8a563e182c06","height":null,"num_floors":null,"render_height_m":12.8,"height_label":"assumed"}},{"type":"Feature","geometry":{"type":"Polygon","coordinates":[[[78.446973,17.400148],[78.447043,17.400151],[78.447034,17.400318],[78.446964,17.400315],[78.446973,17.400148]]]},"properties":{"id":"a04ea8b0acc6","height":null,"num_floors":null,"render_height_m":9.6,"height_label":"assumed"}},{"type":"Feature","geometry":{"type":"Polygon","coordinates":[[[78.44684,17.400242],[78.446752,17.40024],[78.446755,17.400112],[78.446843,17.400114],[78.44684,17.400242]]]},"properties":{"id":"8a117a7a52c2","height":null,"num_floors":null,"render_height_m":9.6,"height_label":"assumed"}},{"type":"Feature","geometry":{"type":"Polygon","coordinates":[[[78.446696,17.400342],[78.446693,17.400275],[78.446789,17.400272],[78.446792,17.400338],[78.446696,17.400342]]]},"properties":{"id":"eac4ab63ee73","height":null,"num_floors":null,"render_height_m":6.4,"height_label":"assumed"}},{"type":"Feature","geometry":{"type":"Polygon","coordinates":[[[78.44672,17.400268],[78.446607,17.400262],[78.446614,17.40015],[78.446727,17.400156],[78.44672,17.400268]]]},"properties":{"id":"32872aaca7d8","height":null,"num_floors":null,"render_height_m":9.6,"height_label":"assumed"}},{"type":"Feature","geometry":{"type":"Polygon","coordinates":[[[78.44665,17.400393],[78.44644,17.400391],[78.446442,17.400214],[78.446578,17.400215],[78.446577,17.400294],[78.446651,17.400294],[78.44665,17.400393]]]},"properties":{"id":"4979a28f5881","height":null,"num_floors":null,"render_height_m":12.8,"height_label":"assumed"}},{"type":"Feature","geometry":{"type":"Polygon","coordinates":[[[78.446667,17.400031],[78.446528,17.400031],[78.446528,17.39984],[78.446667,17.39984],[78.446667,17.400031]]]},"properties":{"id":"c69fc8f423f6","height":null,"num_floors":null,"render_height_m":12.8,"height_label":"assumed"}},{"type":"Feature","geometry":{"type":"Polygon","coordinates":[[[78.446873,17.400051],[78.446699,17.400057],[78.446689,17.399735],[78.446863,17.39973],[78.446873,17.400051]]]},"properties":{"id":"aa8acef03a0d","height":null,"num_floors":null,"render_height_m":12.8,"height_label":"assumed"}},{"type":"Feature","geometry":{"type":"Polygon","coordinates":[[[78.446797,17.399443],[78.446989,17.39945],[78.446984,17.39957],[78.446792,17.399563],[78.446797,17.399443]]]},"properties":{"id":"24f5297e263e","height":null,"num_floors":null,"render_height_m":12.8,"height_label":"assumed"}},{"type":"Feature","geometry":{"type":"Polygon","coordinates":[[[78.446724,17.399435],[78.44678,17.399439],[78.446776,17.399489],[78.44672,17.399485],[78.446724,17.399435]]]},"properties":{"id":"58241cfd37c1","height":null,"num_floors":null,"render_height_m":6.4,"height_label":"assumed"}},{"type":"Feature","geometry":{"type":"Polygon","coordinates":[[[78.446877,17.399403],[78.446717,17.399401],[78.44672,17.399221],[78.44688,17.399223],[78.446877,17.399403]]]},"properties":{"id":"c04dff25debb","height":null,"num_floors":null,"render_height_m":12.8,"height_label":"assumed"}},{"type":"Feature","geometry":{"type":"Polygon","coordinates":[[[78.446666,17.399191],[78.446522,17.399195],[78.446517,17.399064],[78.446662,17.399059],[78.446666,17.399191]]]},"properties":{"id":"39ddeaa9872c","height":null,"num_floors":null,"render_height_m":9.6,"height_label":"assumed"}},{"type":"Feature","geometry":{"type":"Polygon","coordinates":[[[78.446469,17.399526],[78.44646,17.399346],[78.446626,17.399338],[78.446636,17.399518],[78.44654,17.399523],[78.446469,17.399526]]]},"properties":{"id":"8dddeb9b6cc8","height":null,"num_floors":null,"render_height_m":12.8,"height_label":"assumed"}},{"type":"Feature","geometry":{"type":"Polygon","coordinates":[[[78.446384,17.399376],[78.446382,17.399417],[78.446346,17.399416],[78.446348,17.399375],[78.446384,17.399376]]]},"properties":{"id":"c35270ec3ec9","height":null,"num_floors":null,"render_height_m":6.4,"height_label":"assumed"}},{"type":"Feature","geometry":{"type":"Polygon","coordinates":[[[78.446318,17.399187],[78.446177,17.399185],[78.446179,17.399054],[78.44632,17.399055],[78.446318,17.399187]]]},"properties":{"id":"cff2c71d0613","height":null,"num_floors":null,"render_height_m":9.6,"height_label":"assumed"}},{"type":"Feature","geometry":{"type":"Polygon","coordinates":[[[78.446304,17.39936],[78.446094,17.399363],[78.446091,17.399204],[78.446301,17.399201],[78.446304,17.39936]]]},"properties":{"id":"55457dc928c1","height":null,"num_floors":null,"render_height_m":12.8,"height_label":"assumed"}},{"type":"Feature","geometry":{"type":"Polygon","coordinates":[[[78.446099,17.399524],[78.446097,17.39942],[78.44635,17.399416],[78.446352,17.399521],[78.446289,17.399522],[78.44629,17.399539],[78.446144,17.399541],[78.446144,17.399523],[78.446099,17.399524]]]},"properties":{"id":"36badbd93b17","height":null,"num_floors":null,"render_height_m":12.8,"height_label":"assumed"}},{"type":"Feature","geometry":{"type":"Polygon","coordinates":[[[78.446007,17.399734],[78.446004,17.399663],[78.446312,17.399651],[78.446322,17.399868],[78.446077,17.399877],[78.44607,17.399731],[78.446007,17.399734]]]},"properties":{"id":"eea5205a1235","height":null,"num_floors":null,"render_height_m":12.8,"height_label":"assumed"}},{"type":"Feature","geometry":{"type":"Polygon","coordinates":[[[78.446602,17.400183],[78.446439,17.400185],[78.446438,17.400096],[78.446601,17.400094],[78.446602,17.400183]]]},"properties":{"id":"04a1409ec148","height":null,"num_floors":null,"render_height_m":9.6,"height_label":"assumed"}},{"type":"Feature","geometry":{"type":"Polygon","coordinates":[[[78.446232,17.400184],[78.446367,17.400169],[78.446381,17.400281],[78.446246,17.400295],[78.446232,17.400184]]]},"properties":{"id":"ec79691876f2","height":null,"num_floors":null,"render_height_m":9.6,"height_label":"assumed"}},{"type":"Feature","geometry":{"type":"Polygon","coordinates":[[[78.446243,17.400121],[78.44632,17.400122],[78.446318,17.400171],[78.446241,17.400168],[78.446243,17.400121]]]},"properties":{"id":"144cc78b2a9b","height":null,"num_floors":null,"render_height_m":6.4,"height_label":"assumed"}},{"type":"Feature","geometry":{"type":"Polygon","coordinates":[[[78.446356,17.400035],[78.4462,17.400038],[78.446198,17.399939],[78.446353,17.399936],[78.446356,17.400035]]]},"properties":{"id":"ee2986088d58","height":null,"num_floors":null,"render_height_m":9.6,"height_label":"assumed"}},{"type":"Feature","geometry":{"type":"Polygon","coordinates":[[[78.446248,17.400485],[78.446245,17.400399],[78.446354,17.400396],[78.446357,17.400512],[78.446287,17.400514],[78.446286,17.400484],[78.446248,17.400485]]]},"properties":{"id":"bbb781f347b2","height":null,"num_floors":null,"render_height_m":9.6,"height_label":"assumed"}},{"type":"Feature","geometry":{"type":"Polygon","coordinates":[[[78.446278,17.40063],[78.446156,17.400637],[78.446148,17.400521],[78.446271,17.400514],[78.446278,17.40063]]]},"properties":{"id":"c4786e821296","height":null,"num_floors":null,"render_height_m":9.6,"height_label":"assumed"}},{"type":"Feature","geometry":{"type":"Polygon","coordinates":[[[78.446179,17.40099],[78.446136,17.400993],[78.446134,17.40096],[78.446176,17.400957],[78.446179,17.40099]]]},"properties":{"id":"fc843f91f91a","height":null,"num_floors":null,"render_height_m":6.4,"height_label":"assumed"}},{"type":"Feature","geometry":{"type":"Polygon","coordinates":[[[78.446356,17.401004],[78.446275,17.401012],[78.446263,17.400888],[78.446344,17.400881],[78.446356,17.401004]]]},"properties":{"id":"c5cb74f29cb7","height":null,"num_floors":null,"render_height_m":9.6,"height_label":"assumed"}},{"type":"Feature","geometry":{"type":"Polygon","coordinates":[[[78.446321,17.400794],[78.446255,17.400803],[78.446246,17.400735],[78.446312,17.400727],[78.446321,17.400794]]]},"properties":{"id":"1d5f42bd518a","height":null,"num_floors":null,"render_height_m":6.4,"height_label":"assumed"}},{"type":"Feature","geometry":{"type":"Polygon","coordinates":[[[78.446206,17.400667],[78.446271,17.40066],[78.446276,17.400704],[78.446211,17.400711],[78.446206,17.400667]]]},"properties":{"id":"1788d495c266","height":null,"num_floors":null,"render_height_m":6.4,"height_label":"assumed"}},{"type":"Feature","geometry":{"type":"Polygon","coordinates":[[[78.446442,17.400868],[78.446351,17.40088],[78.44633,17.400736],[78.446421,17.400724],[78.446442,17.400868]]]},"properties":{"id":"bebc7491b2b0","height":null,"num_floors":null,"render_height_m":9.6,"height_label":"assumed"}},{"type":"Feature","geometry":{"type":"Polygon","coordinates":[[[78.446453,17.400986],[78.446372,17.400994],[78.446363,17.400924],[78.446445,17.400915],[78.446453,17.400986]]]},"properties":{"id":"d8678e0dd095","height":null,"num_floors":null,"render_height_m":6.4,"height_label":"assumed"}},{"type":"Feature","geometry":{"type":"Polygon","coordinates":[[[78.446396,17.400655],[78.446294,17.400663],[78.446284,17.400533],[78.446386,17.400526],[78.446396,17.400655]]]},"properties":{"id":"91b7f96603a8","height":null,"num_floors":null,"render_height_m":9.6,"height_label":"assumed"}},{"type":"Feature","geometry":{"type":"Polygon","coordinates":[[[78.446581,17.400485],[78.446585,17.400601],[78.446475,17.400604],[78.446472,17.400488],[78.446581,17.400485]]]},"properties":{"id":"211358475c94","height":null,"num_floors":null,"render_height_m":9.6,"height_label":"assumed"}},{"type":"Feature","geometry":{"type":"Polygon","coordinates":[[[78.446713,17.4007],[78.446593,17.400703],[78.446587,17.400495],[78.446707,17.400491],[78.446713,17.4007]]]},"properties":{"id":"7dd09b310c59","height":null,"num_floors":null,"render_height_m":12.8,"height_label":"assumed"}},{"type":"Feature","geometry":{"type":"Polygon","coordinates":[[[78.446879,17.400291],[78.446876,17.400364],[78.44682,17.400361],[78.446822,17.400313],[78.446797,17.400312],[78.446798,17.400288],[78.446879,17.400291]]]},"properties":{"id":"0b4747b0aa35","height":null,"num_floors":null,"render_height_m":6.4,"height_label":"assumed"}},{"type":"Feature","geometry":{"type":"Polygon","coordinates":[[[78.446833,17.400358],[78.446882,17.400361],[78.446878,17.400426],[78.446829,17.400424],[78.446833,17.400358]]]},"properties":{"id":"0921034032d0","height":null,"num_floors":null,"render_height_m":6.4,"height_label":"assumed"}},{"type":"Feature","geometry":{"type":"Polygon","coordinates":[[[78.446956,17.400681],[78.446872,17.400683],[78.446865,17.400448],[78.446948,17.400446],[78.446956,17.400681]]]},"properties":{"id":"30d3ac7732a6","height":null,"num_floors":null,"render_height_m":9.6,"height_label":"assumed"}},{"type":"Feature","geometry":{"type":"Polygon","coordinates":[[[78.446853,17.400461],[78.446859,17.400674],[78.446788,17.400676],[78.446781,17.400464],[78.446853,17.400461]]]},"properties":{"id":"358d101c31fe","height":null,"num_floors":null,"render_height_m":9.6,"height_label":"assumed"}},{"type":"Feature","geometry":{"type":"Polygon","coordinates":[[[78.446778,17.400819],[78.446701,17.400822],[78.446698,17.400723],[78.446775,17.400721],[78.446778,17.400819]]]},"properties":{"id":"6a46059c421f","height":null,"num_floors":null,"render_height_m":9.6,"height_label":"assumed"}},{"type":"Feature","geometry":{"type":"Polygon","coordinates":[[[78.446875,17.400908],[78.446803,17.40091],[78.446797,17.400728],[78.446869,17.400726],[78.446875,17.400908]]]},"properties":{"id":"8129dcbe4035","height":null,"num_floors":null,"render_height_m":9.6,"height_label":"assumed"}},{"type":"Feature","geometry":{"type":"Polygon","coordinates":[[[78.446964,17.400921],[78.446879,17.400924],[78.446872,17.400718],[78.446957,17.400715],[78.446964,17.400921]]]},"properties":{"id":"7cbb0562423a","height":null,"num_floors":null,"render_height_m":9.6,"height_label":"assumed"}},{"type":"Feature","geometry":{"type":"Polygon","coordinates":[[[78.446778,17.400954],[78.446632,17.400959],[78.446629,17.400865],[78.446775,17.400861],[78.446778,17.400954]]]},"properties":{"id":"2ebb32843000","height":null,"num_floors":null,"render_height_m":9.6,"height_label":"assumed"}},{"type":"Feature","geometry":{"type":"Polygon","coordinates":[[[78.446673,17.400843],[78.446585,17.400846],[78.446582,17.40076],[78.44667,17.400758],[78.446673,17.400843]]]},"properties":{"id":"e609c60dedca","height":null,"num_floors":null,"render_height_m":9.6,"height_label":"assumed"}},{"type":"Feature","geometry":{"type":"Polygon","coordinates":[[[78.446729,17.401118],[78.446533,17.401135],[78.446525,17.401058],[78.446721,17.40104],[78.446729,17.401118]]]},"properties":{"id":"f6bd14d5ab56","height":null,"num_floors":null,"render_height_m":9.6,"height_label":"assumed"}},{"type":"Feature","geometry":{"type":"Polygon","coordinates":[[[78.446741,17.401216],[78.446744,17.401293],[78.446578,17.4013],[78.446574,17.401223],[78.446741,17.401216]]]},"properties":{"id":"63ab1a221ae1","height":null,"num_floors":null,"render_height_m":9.6,"height_label":"assumed"}},{"type":"Feature","geometry":{"type":"Polygon","coordinates":[[[78.446969,17.401152],[78.446885,17.401152],[78.446885,17.401041],[78.446969,17.401041],[78.446969,17.401152]]]},"properties":{"id":"85bdb9aed51c","height":null,"num_floors":null,"render_height_m":9.6,"height_label":"assumed"}},{"type":"Feature","geometry":{"type":"Polygon","coordinates":[[[78.446971,17.401256],[78.44689,17.401256],[78.44689,17.401171],[78.446971,17.401171],[78.446971,17.401256]]]},"properties":{"id":"85520b3daa99","height":null,"num_floors":null,"render_height_m":9.6,"height_label":"assumed"}},{"type":"Feature","geometry":{"type":"Polygon","coordinates":[[[78.446976,17.401388],[78.446826,17.401387],[78.446827,17.40132],[78.446976,17.401321],[78.446976,17.401388]]]},"properties":{"id":"b1b3cd3136c4","height":null,"num_floors":null,"render_height_m":9.6,"height_label":"assumed"}},{"type":"Feature","geometry":{"type":"Polygon","coordinates":[[[78.446749,17.401124],[78.446806,17.401121],[78.446812,17.401251],[78.446755,17.401254],[78.446749,17.401124]]]},"properties":{"id":"e81e06239e9a","height":null,"num_floors":null,"render_height_m":9.6,"height_label":"assumed"}},{"type":"Feature","geometry":{"type":"Polygon","coordinates":[[[78.446739,17.401391],[78.446733,17.40131],[78.446768,17.401307],[78.446764,17.401256],[78.446809,17.401253],[78.446819,17.401386],[78.446739,17.401391]]]},"properties":{"id":"7aafdf3f1852","height":null,"num_floors":null,"render_height_m":9.6,"height_label":"assumed"}},{"type":"Feature","geometry":{"type":"Polygon","coordinates":[[[78.446786,17.401457],[78.446858,17.40146],[78.446852,17.401591],[78.44678,17.401588],[78.446786,17.401457]]]},"properties":{"id":"e883732b8ef3","height":null,"num_floors":null,"render_height_m":9.6,"height_label":"assumed"}},{"type":"Feature","geometry":{"type":"Polygon","coordinates":[[[78.446677,17.401615],[78.446609,17.401616],[78.446606,17.401496],[78.446674,17.401494],[78.446677,17.401615]]]},"properties":{"id":"ff5dc8154aee","height":null,"num_floors":null,"render_height_m":9.6,"height_label":"assumed"}},{"type":"Feature","geometry":{"type":"Polygon","coordinates":[[[78.446581,17.401383],[78.446693,17.401378],[78.446695,17.401419],[78.446583,17.401424],[78.446581,17.401383]]]},"properties":{"id":"73718e077f15","height":null,"num_floors":null,"render_height_m":6.4,"height_label":"assumed"}},{"type":"Feature","geometry":{"type":"Polygon","coordinates":[[[78.446695,17.401434],[78.446697,17.401462],[78.446585,17.401467],[78.446584,17.401439],[78.446695,17.401434]]]},"properties":{"id":"26c409f69901","height":null,"num_floors":null,"render_height_m":6.4,"height_label":"assumed"}},{"type":"Feature","geometry":{"type":"Polygon","coordinates":[[[78.446491,17.401606],[78.446552,17.401603],[78.446557,17.401707],[78.446496,17.40171],[78.446491,17.401606]]]},"properties":{"id":"67d94395df30","height":null,"num_floors":null,"render_height_m":6.4,"height_label":"assumed"}},{"type":"Feature","geometry":{"type":"Polygon","coordinates":[[[78.446356,17.401187],[78.446348,17.401158],[78.44639,17.401147],[78.446399,17.401176],[78.446356,17.401187]]]},"properties":{"id":"3de4b7789432","height":null,"num_floors":null,"render_height_m":6.4,"height_label":"assumed"}},{"type":"Feature","geometry":{"type":"Polygon","coordinates":[[[78.446375,17.401392],[78.446252,17.401411],[78.446232,17.401292],[78.446356,17.401274],[78.446375,17.401392]]]},"properties":{"id":"d2d2e81ec679","height":null,"num_floors":null,"render_height_m":9.6,"height_label":"assumed"}},{"type":"Feature","geometry":{"type":"Polygon","coordinates":[[[78.446308,17.401188],[78.44609,17.401215],[78.446072,17.401084],[78.446291,17.401058],[78.446308,17.401188]]]},"properties":{"id":"07229db390d4","height":null,"num_floors":null,"render_height_m":12.8,"height_label":"assumed"}},{"type":"Feature","geometry":{"type":"Polygon","coordinates":[[[78.44624,17.401456],[78.446156,17.401467],[78.446129,17.401282],[78.446213,17.401271],[78.44624,17.401456]]]},"properties":{"id":"4fb96f3a8a11","height":null,"num_floors":null,"render_height_m":9.6,"height_label":"assumed"}},{"type":"Feature","geometry":{"type":"Polygon","coordinates":[[[78.446354,17.396424],[78.446239,17.396445],[78.446223,17.396368],[78.446338,17.396346],[78.446354,17.396424]]]},"properties":{"id":"147c12b24fe5","height":null,"num_floors":null,"render_height_m":9.6,"height_label":"assumed"}},{"type":"Feature","geometry":{"type":"Polygon","coordinates":[[[78.446226,17.396341],[78.446128,17.396366],[78.446093,17.396241],[78.446191,17.396215],[78.446226,17.396341]]]},"properties":{"id":"18d4cfdad2bb","height":null,"num_floors":null,"render_height_m":9.6,"height_label":"assumed"}},{"type":"Feature","geometry":{"type":"Polygon","coordinates":[[[78.44624,17.396511],[78.446112,17.396531],[78.446087,17.396381],[78.446215,17.396362],[78.44624,17.396511]]]},"properties":{"id":"bd478f0b1bee","height":null,"num_floors":null,"render_height_m":9.6,"height_label":"assumed"}},{"type":"Feature","geometry":{"type":"Polygon","coordinates":[[[78.446266,17.39665],[78.446095,17.396677],[78.446077,17.396573],[78.446248,17.396546],[78.446266,17.39665]]]},"properties":{"id":"b62038971b5d","height":null,"num_floors":null,"render_height_m":9.6,"height_label":"assumed"}},{"type":"Feature","geometry":{"type":"Polygon","coordinates":[[[78.446247,17.396808],[78.446159,17.396826],[78.446132,17.396703],[78.44622,17.396686],[78.446247,17.396808]]]},"properties":{"id":"702e25943738","height":null,"num_floors":null,"render_height_m":9.6,"height_label":"assumed"}},{"type":"Feature","geometry":{"type":"Polygon","coordinates":[[[78.446342,17.396546],[78.446258,17.396552],[78.446249,17.396459],[78.446334,17.396453],[78.446342,17.396546]]]},"properties":{"id":"d31bc267eb4c","height":null,"num_floors":null,"render_height_m":9.6,"height_label":"assumed"}},{"type":"Feature","geometry":{"type":"Polygon","coordinates":[[[78.446378,17.396657],[78.446282,17.39667],[78.446268,17.396572],[78.446364,17.396559],[78.446378,17.396657]]]},"properties":{"id":"e1b86910f846","height":null,"num_floors":null,"render_height_m":9.6,"height_label":"assumed"}},{"type":"Feature","geometry":{"type":"Polygon","coordinates":[[[78.446511,17.396718],[78.446333,17.396755],[78.446317,17.396684],[78.446495,17.396647],[78.446511,17.396718]]]},"properties":{"id":"7e5c93927159","height":null,"num_floors":null,"render_height_m":9.6,"height_label":"assumed"}},{"type":"Feature","geometry":{"type":"Polygon","coordinates":[[[78.446438,17.396309],[78.446348,17.396325],[78.446336,17.396265],[78.446426,17.396249],[78.446438,17.396309]]]},"properties":{"id":"9e23a7bed91b","height":null,"num_floors":null,"render_height_m":6.4,"height_label":"assumed"}},{"type":"Feature","geometry":{"type":"Polygon","coordinates":[[[78.446497,17.396069],[78.446534,17.39616],[78.446423,17.396202],[78.446386,17.39611],[78.446497,17.396069]]]},"properties":{"id":"1675f27a7bd9","height":null,"num_floors":null,"render_height_m":9.6,"height_label":"assumed"}},{"type":"Feature","geometry":{"type":"Polygon","coordinates":[[[78.446464,17.396296],[78.446445,17.396218],[78.446533,17.396198],[78.446552,17.396275],[78.446464,17.396296]]]},"properties":{"id":"bb7cbccbc3b8","height":null,"num_floors":null,"render_height_m":9.6,"height_label":"assumed"}},{"type":"Feature","geometry":{"type":"Polygon","coordinates":[[[78.446699,17.396124],[78.446575,17.396165],[78.446554,17.396107],[78.446678,17.396066],[78.446699,17.396124]]]},"properties":{"id":"80846c74bccd","height":null,"num_floors":null,"render_height_m":9.6,"height_label":"assumed"}},{"type":"Feature","geometry":{"type":"Polygon","coordinates":[[[78.446498,17.396383],[78.446473,17.396303],[78.446564,17.396278],[78.446589,17.396357],[78.446498,17.396383]]]},"properties":{"id":"02fe27ee49f7","height":null,"num_floors":null,"render_height_m":9.6,"height_label":"assumed"}},{"type":"Feature","geometry":{"type":"Polygon","coordinates":[[[78.446676,17.396339],[78.446612,17.396353],[78.446587,17.396245],[78.446651,17.396232],[78.446676,17.396339]]]},"properties":{"id":"6d2867915f2d","height":null,"num_floors":null,"render_height_m":9.6,"height_label":"assumed"}},{"type":"Feature","geometry":{"type":"Polygon","coordinates":[[[78.446717,17.396456],[78.446631,17.396476],[78.446606,17.396371],[78.446692,17.396352],[78.446717,17.396456]]]},"properties":{"id":"d19f68fe5346","height":null,"num_floors":null,"render_height_m":9.6,"height_label":"assumed"}},{"type":"Feature","geometry":{"type":"Polygon","coordinates":[[[78.446724,17.396201],[78.446594,17.396231],[78.446578,17.39617],[78.446708,17.39614],[78.446724,17.396201]]]},"properties":{"id":"a08a096c1f22","height":null,"num_floors":null,"render_height_m":9.6,"height_label":"assumed"}},{"type":"Feature","geometry":{"type":"Polygon","coordinates":[[[78.446721,17.396169],[78.446773,17.396162],[78.446781,17.396214],[78.446729,17.396222],[78.446721,17.396169]]]},"properties":{"id":"3599a97d7646","height":null,"num_floors":null,"render_height_m":6.4,"height_label":"assumed"}},{"type":"Feature","geometry":{"type":"Polygon","coordinates":[[[78.446841,17.396215],[78.446802,17.396137],[78.446933,17.396077],[78.446972,17.396156],[78.446841,17.396215]]]},"properties":{"id":"e7fa2dc0a702","height":null,"num_floors":null,"render_height_m":9.6,"height_label":"assumed"}},{"type":"Feature","geometry":{"type":"Polygon","coordinates":[[[78.447024,17.396278],[78.446865,17.396337],[78.446836,17.396265],[78.446994,17.396207],[78.447024,17.396278]]]},"properties":{"id":"254895d07187","height":null,"num_floors":null,"render_height_m":9.6,"height_label":"assumed"}},{"type":"Feature","geometry":{"type":"Polygon","coordinates":[[[78.446869,17.396498],[78.446744,17.396513],[78.446729,17.396397],[78.446854,17.396383],[78.446869,17.396498]]]},"properties":{"id":"ebc1df377125","height":null,"num_floors":null,"render_height_m":9.6,"height_label":"assumed"}},{"type":"Feature","geometry":{"type":"Polygon","coordinates":[[[78.446836,17.396331],[78.446698,17.396357],[78.446678,17.396257],[78.446816,17.396231],[78.446836,17.396331]]]},"properties":{"id":"7793dd63e9d7","height":null,"num_floors":null,"render_height_m":9.6,"height_label":"assumed"}},{"type":"Feature","geometry":{"type":"Polygon","coordinates":[[[78.446771,17.396614],[78.44676,17.396558],[78.446865,17.396541],[78.446875,17.396597],[78.446771,17.396614]]]},"properties":{"id":"941ca448888d","height":null,"num_floors":null,"render_height_m":6.4,"height_label":"assumed"}},{"type":"Feature","geometry":{"type":"Polygon","coordinates":[[[78.44675,17.396634],[78.44667,17.396646],[78.446658,17.396573],[78.446738,17.396561],[78.44675,17.396634]]]},"properties":{"id":"308b00310d9f","height":null,"num_floors":null,"render_height_m":6.4,"height_label":"assumed"}},{"type":"Feature","geometry":{"type":"Polygon","coordinates":[[[78.446663,17.396534],[78.446651,17.39648],[78.446715,17.396467],[78.446727,17.396522],[78.446663,17.396534]]]},"properties":{"id":"39902d34fa37","height":null,"num_floors":null,"render_height_m":6.4,"height_label":"assumed"}},{"type":"Feature","geometry":{"type":"Polygon","coordinates":[[[78.446622,17.396561],[78.446488,17.396589],[78.446455,17.396441],[78.44659,17.396414],[78.446622,17.396561]]]},"properties":{"id":"a25d32c2f29c","height":null,"num_floors":null,"render_height_m":9.6,"height_label":"assumed"}},{"type":"Feature","geometry":{"type":"Polygon","coordinates":[[[78.446671,17.396811],[78.446558,17.396829],[78.446536,17.396707],[78.446649,17.396688],[78.446671,17.396811]]]},"properties":{"id":"77c30400d74d","height":null,"num_floors":null,"render_height_m":9.6,"height_label":"assumed"}},{"type":"Feature","geometry":{"type":"Polygon","coordinates":[[[78.446519,17.39703],[78.446572,17.397022],[78.446579,17.397062],[78.446526,17.39707],[78.446519,17.39703]]]},"properties":{"id":"f2dea19fe69f","height":null,"num_floors":null,"render_height_m":6.4,"height_label":"assumed"}},{"type":"Feature","geometry":{"type":"Polygon","coordinates":[[[78.446835,17.396935],[78.446747,17.39697],[78.446698,17.396858],[78.446787,17.396823],[78.446835,17.396935]]]},"properties":{"id":"3b7a4a713945","height":null,"num_floors":null,"render_height_m":9.6,"height_label":"assumed"}},{"type":"Feature","geometry":{"type":"Polygon","coordinates":[[[78.446799,17.396795],[78.446851,17.396777],[78.446896,17.396891],[78.446844,17.39691],[78.446799,17.396795]]]},"properties":{"id":"c4a3efe4ca04","height":null,"num_floors":null,"render_height_m":6.4,"height_label":"assumed"}},{"type":"Feature","geometry":{"type":"Polygon","coordinates":[[[78.446967,17.396846],[78.446911,17.396866],[78.446878,17.396782],[78.446934,17.396762],[78.446967,17.396846]]]},"properties":{"id":"18f21f7830bc","height":null,"num_floors":null,"render_height_m":6.4,"height_label":"assumed"}},{"type":"Feature","geometry":{"type":"Polygon","coordinates":[[[78.446938,17.396934],[78.446963,17.397075],[78.446873,17.39709],[78.446848,17.396949],[78.446938,17.396934]]]},"properties":{"id":"31711f52a3bf","height":null,"num_floors":null,"render_height_m":9.6,"height_label":"assumed"}},{"type":"Feature","geometry":{"type":"Polygon","coordinates":[[[78.44683,17.397079],[78.446677,17.397118],[78.446636,17.396973],[78.446759,17.396981],[78.44683,17.397079]]]},"properties":{"id":"315d843e0688","height":null,"num_floors":null,"render_height_m":9.6,"height_label":"assumed"}},{"type":"Feature","geometry":{"type":"Polygon","coordinates":[[[78.446864,17.397268],[78.446722,17.397293],[78.446699,17.397168],[78.44684,17.397143],[78.446864,17.397268]]]},"properties":{"id":"159302515eb4","height":null,"num_floors":null,"render_height_m":9.6,"height_label":"assumed"}},{"type":"Feature","geometry":{"type":"Polygon","coordinates":[[[78.446896,17.397423],[78.446772,17.397424],[78.446771,17.397323],[78.446895,17.397322],[78.446896,17.397423]]]},"properties":{"id":"7c71392920bf","height":null,"num_floors":null,"render_height_m":9.6,"height_label":"assumed"}},{"type":"Feature","geometry":{"type":"Polygon","coordinates":[[[78.446897,17.39746],[78.446901,17.397506],[78.446832,17.397511],[78.446828,17.397465],[78.446897,17.39746]]]},"properties":{"id":"3b9322bcc79f","height":null,"num_floors":null,"render_height_m":6.4,"height_label":"assumed"}},{"type":"Feature","geometry":{"type":"Polygon","coordinates":[[[78.44661,17.397352],[78.446711,17.397351],[78.446712,17.397391],[78.44661,17.397392],[78.44661,17.397352]]]},"properties":{"id":"16da385d9cba","height":null,"num_floors":null,"render_height_m":6.4,"height_label":"assumed"}},{"type":"Feature","geometry":{"type":"Polygon","coordinates":[[[78.446664,17.397325],[78.446523,17.397345],[78.446487,17.397103],[78.446628,17.397084],[78.446664,17.397325]]]},"properties":{"id":"2f4d671bb68d","height":null,"num_floors":null,"render_height_m":12.8,"height_label":"assumed"}},{"type":"Feature","geometry":{"type":"Polygon","coordinates":[[[78.446549,17.397395],[78.44659,17.397396],[78.446588,17.397441],[78.446548,17.39744],[78.446549,17.397395]]]},"properties":{"id":"6a6be397f019","height":null,"num_floors":null,"render_height_m":6.4,"height_label":"assumed"}},{"type":"Feature","geometry":{"type":"Polygon","coordinates":[[[78.446509,17.397406],[78.446544,17.397411],[78.446533,17.397483],[78.446499,17.397478],[78.446509,17.397406]]]},"properties":{"id":"663cdc95ae24","height":null,"num_floors":null,"render_height_m":6.4,"height_label":"assumed"}},{"type":"Feature","geometry":{"type":"Polygon","coordinates":[[[78.446429,17.397406],[78.44649,17.397402],[78.446495,17.397481],[78.446435,17.397485],[78.446429,17.397406]]]},"properties":{"id":"8f405f432ee0","height":null,"num_floors":null,"render_height_m":6.4,"height_label":"assumed"}},{"type":"Feature","geometry":{"type":"Polygon","coordinates":[[[78.44647,17.39736],[78.446284,17.397387],[78.446261,17.39725],[78.446428,17.397225],[78.446432,17.397253],[78.446452,17.39725],[78.44647,17.39736]]]},"properties":{"id":"16e209d1113c","height":null,"num_floors":null,"render_height_m":12.8,"height_label":"assumed"}},{"type":"Feature","geometry":{"type":"Polygon","coordinates":[[[78.446549,17.39687],[78.44642,17.396891],[78.446396,17.396761],[78.446525,17.396739],[78.446549,17.39687]]]},"properties":{"id":"f3cb2ead29bc","height":null,"num_floors":null,"render_height_m":9.6,"height_label":"assumed"}},{"type":"Feature","geometry":{"type":"Polygon","coordinates":[[[78.446398,17.396776],[78.446422,17.396935],[78.446366,17.396943],[78.446342,17.396784],[78.446398,17.396776]]]},"properties":{"id":"7665b7ca8580","height":null,"num_floors":null,"render_height_m":9.6,"height_label":"assumed"}},{"type":"Feature","geometry":{"type":"Polygon","coordinates":[[[78.446358,17.397091],[78.446409,17.397082],[78.446434,17.397213],[78.446383,17.397222],[78.446358,17.397091]]]},"properties":{"id":"bdb9496b5346","height":null,"num_floors":null,"render_height_m":9.6,"height_label":"assumed"}},{"type":"Feature","geometry":{"type":"Polygon","coordinates":[[[78.446319,17.397123],[78.446231,17.397139],[78.446217,17.397068],[78.446305,17.397053],[78.446319,17.397123]]]},"properties":{"id":"d5b7edf0eb9e","height":null,"num_floors":null,"render_height_m":6.4,"height_label":"assumed"}},{"type":"Feature","geometry":{"type":"Polygon","coordinates":[[[78.446334,17.396964],[78.446269,17.396977],[78.446246,17.396872],[78.446311,17.396859],[78.446334,17.396964]]]},"properties":{"id":"9579aef3a5e6","height":null,"num_floors":null,"render_height_m":9.6,"height_label":"assumed"}},{"type":"Feature","geometry":{"type":"Polygon","coordinates":[[[78.446255,17.396866],[78.446226,17.396872],[78.446215,17.396822],[78.446257,17.396814],[78.44625,17.396782],[78.446289,17.396774],[78.446307,17.396856],[78.446299,17.396857],[78.446255,17.396866]]]},"properties":{"id":"e26fa89102da","height":null,"num_floors":null,"render_height_m":6.4,"height_label":"assumed"}},{"type":"Feature","geometry":{"type":"Polygon","coordinates":[[[78.446215,17.396904],[78.446241,17.397012],[78.44619,17.397024],[78.446163,17.396915],[78.446215,17.396904]]]},"properties":{"id":"6792bf8444ec","height":null,"num_floors":null,"render_height_m":6.4,"height_label":"assumed"}},{"type":"Feature","geometry":{"type":"Polygon","coordinates":[[[78.44614,17.396841],[78.446206,17.396838],[78.446209,17.396899],[78.446143,17.396902],[78.44614,17.396841]]]},"properties":{"id":"426333fa4be5","height":null,"num_floors":null,"render_height_m":6.4,"height_label":"assumed"}},{"type":"Feature","geometry":{"type":"Polygon","coordinates":[[[78.446132,17.397396],[78.446117,17.397322],[78.446222,17.397303],[78.446236,17.397377],[78.446132,17.397396]]]},"properties":{"id":"e014aa211f41","height":null,"num_floors":null,"render_height_m":9.6,"height_label":"assumed"}},{"type":"Feature","geometry":{"type":"Polygon","coordinates":[[[78.446411,17.397838],[78.446267,17.39787],[78.446223,17.397693],[78.446368,17.397661],[78.446411,17.397838]]]},"properties":{"id":"6fff3dfff8f1","height":null,"num_floors":null,"render_height_m":12.8,"height_label":"assumed"}},{"type":"Feature","geometry":{"type":"Polygon","coordinates":[[[78.446389,17.397457],[78.446413,17.397648],[78.446264,17.397665],[78.446239,17.397474],[78.446389,17.397457]]]},"properties":{"id":"a792590bbbec","height":null,"num_floors":null,"render_height_m":12.8,"height_label":"assumed"}},{"type":"Feature","geometry":{"type":"Polygon","coordinates":[[[78.446488,17.39761],[78.446494,17.397679],[78.446462,17.397682],[78.446455,17.397613],[78.446488,17.39761]]]},"properties":{"id":"c87af117f783","height":null,"num_floors":null,"render_height_m":6.4,"height_label":"assumed"}},{"type":"Feature","geometry":{"type":"Polygon","coordinates":[[[78.446428,17.398071],[78.446245,17.398051],[78.446262,17.397911],[78.446445,17.397932],[78.446428,17.398071]]]},"properties":{"id":"99fa891989d5","height":null,"num_floors":null,"render_height_m":12.8,"height_label":"assumed"}},{"type":"Feature","geometry":{"type":"Polygon","coordinates":[[[78.446569,17.397909],[78.446587,17.398078],[78.446469,17.398089],[78.446451,17.397921],[78.446569,17.397909]]]},"properties":{"id":"c891c59f6cdb","height":null,"num_floors":null,"render_height_m":9.6,"height_label":"assumed"}},{"type":"Feature","geometry":{"type":"Polygon","coordinates":[[[78.446383,17.398218],[78.446256,17.398208],[78.446266,17.398081],[78.446393,17.398091],[78.446383,17.398218]]]},"properties":{"id":"6ec8754f7208","height":null,"num_floors":null,"render_height_m":9.6,"height_label":"assumed"}},{"type":"Feature","geometry":{"type":"Polygon","coordinates":[[[78.446224,17.398205],[78.446118,17.398203],[78.446122,17.398019],[78.446231,17.39796],[78.446228,17.398021],[78.446224,17.398205]]]},"properties":{"id":"9e381293cc4f","height":null,"num_floors":null,"render_height_m":12.8,"height_label":"assumed"}},{"type":"Feature","geometry":{"type":"Polygon","coordinates":[[[78.446371,17.398665],[78.446217,17.398653],[78.446236,17.398411],[78.446391,17.398423],[78.446371,17.398665]]]},"properties":{"id":"4d3aaf038915","height":null,"num_floors":null,"render_height_m":12.8,"height_label":"assumed"}},{"type":"Feature","geometry":{"type":"Polygon","coordinates":[[[78.446567,17.39872],[78.44646,17.39871],[78.446469,17.39862],[78.446575,17.398629],[78.446567,17.39872]]]},"properties":{"id":"0dac5209ebf1","height":null,"num_floors":null,"render_height_m":9.6,"height_label":"assumed"}},{"type":"Feature","geometry":{"type":"Polygon","coordinates":[[[78.446392,17.398358],[78.446244,17.398348],[78.446253,17.39822],[78.446401,17.398229],[78.446392,17.398358]]]},"properties":{"id":"3457527eca7c","height":null,"num_floors":null,"render_height_m":9.6,"height_label":"assumed"}},{"type":"Feature","geometry":{"type":"Polygon","coordinates":[[[78.446583,17.398328],[78.446485,17.398319],[78.446495,17.398212],[78.446594,17.398221],[78.446583,17.398328]]]},"properties":{"id":"a57c9a405dfb","height":null,"num_floors":null,"render_height_m":9.6,"height_label":"assumed"}},{"type":"Feature","geometry":{"type":"Polygon","coordinates":[[[78.446655,17.398426],[78.446657,17.398365],[78.446693,17.398366],[78.446696,17.398298],[78.446747,17.3983],[78.446742,17.398429],[78.446655,17.398426]]]},"properties":{"id":"85920062f5f3","height":null,"num_floors":null,"render_height_m":9.6,"height_label":"assumed"}},{"type":"Feature","geometry":{"type":"Polygon","coordinates":[[[78.446571,17.398492],[78.446483,17.398484],[78.446494,17.398368],[78.446582,17.398375],[78.446571,17.398492]]]},"properties":{"id":"c7ff5e81997e","height":null,"num_floors":null,"render_height_m":9.6,"height_label":"assumed"}},{"type":"Feature","geometry":{"type":"Polygon","coordinates":[[[78.44657,17.398604],[78.446479,17.398596],[78.446484,17.398522],[78.446573,17.398535],[78.44657,17.398604]]]},"properties":{"id":"e1fcf5b705c8","height":null,"num_floors":null,"render_height_m":6.4,"height_label":"assumed"}},{"type":"Feature","geometry":{"type":"Polygon","coordinates":[[[78.446903,17.3985],[78.446898,17.39863],[78.446748,17.398625],[78.446753,17.398495],[78.446903,17.3985]]]},"properties":{"id":"71afbd98be75","height":null,"num_floors":null,"render_height_m":9.6,"height_label":"assumed"}},{"type":"Feature","geometry":{"type":"Polygon","coordinates":[[[78.446926,17.398669],[78.446944,17.398825],[78.446789,17.398812],[78.446752,17.39867],[78.446926,17.398669]]]},"properties":{"id":"d7ec5d45dc53","height":null,"num_floors":null,"render_height_m":12.8,"height_label":"assumed"}},{"type":"Feature","geometry":{"type":"Polygon","coordinates":[[[78.446792,17.398283],[78.446907,17.398288],[78.446902,17.398406],[78.446825,17.398403],[78.446827,17.39837],[78.446788,17.398369],[78.446792,17.398283]]]},"properties":{"id":"598190293649","height":null,"num_floors":null,"render_height_m":9.6,"height_label":"assumed"}},{"type":"Feature","geometry":{"type":"Polygon","coordinates":[[[78.446956,17.398169],[78.446823,17.398173],[78.446812,17.39816],[78.446943,17.398043],[78.446956,17.398169]]]},"properties":{"id":"207e4f62775e","height":null,"num_floors":null,"render_height_m":9.6,"height_label":"assumed"}},{"type":"Feature","geometry":{"type":"Polygon","coordinates":[[[78.446765,17.397838],[78.446777,17.39779],[78.446938,17.397865],[78.446891,17.397969],[78.446855,17.398002],[78.446812,17.397983],[78.446797,17.397971],[78.446784,17.397941],[78.446771,17.397889],[78.446765,17.397838]]]},"properties":{"id":"d6533dbf8e33","height":null,"num_floors":null,"render_height_m":12.8,"height_label":"assumed"}},{"type":"Feature","geometry":{"type":"Polygon","coordinates":[[[78.446721,17.398006],[78.44676,17.397999],[78.446767,17.398035],[78.446728,17.398042],[78.446721,17.398006]]]},"properties":{"id":"2ae8cc3ba4f4","height":null,"num_floors":null,"render_height_m":6.4,"height_label":"assumed"}},{"type":"Feature","geometry":{"type":"Polygon","coordinates":[[[78.446679,17.398089],[78.446736,17.398081],[78.446743,17.398125],[78.446686,17.398133],[78.446679,17.398089]]]},"properties":{"id":"9768d3b4ea18","height":null,"num_floors":null,"render_height_m":6.4,"height_label":"assumed"}},{"type":"Feature","geometry":{"type":"Polygon","coordinates":[[[78.44663,17.398081],[78.446635,17.398127],[78.446585,17.398132],[78.44658,17.398086],[78.44663,17.398081]]]},"properties":{"id":"4e60f8c0bfa3","height":null,"num_floors":null,"render_height_m":6.4,"height_label":"assumed"}},{"type":"Feature","geometry":{"type":"Polygon","coordinates":[[[78.446717,17.39749],[78.446731,17.397694],[78.446615,17.397701],[78.446602,17.397497],[78.446717,17.39749]]]},"properties":{"id":"fc1cbd9df2d5","height":null,"num_floors":null,"render_height_m":12.8,"height_label":"assumed"}},{"type":"Feature","geometry":{"type":"Polygon","coordinates":[[[78.446994,17.397714],[78.446922,17.397834],[78.446817,17.397777],[78.44689,17.397657],[78.446994,17.397714]]]},"properties":{"id":"96b5adcdb4d4","height":null,"num_floors":null,"render_height_m":9.6,"height_label":"assumed"}},{"type":"Feature","geometry":{"type":"Polygon","coordinates":[[[78.447218,17.397615],[78.447262,17.397631],[78.447238,17.397693],[78.447194,17.397678],[78.447218,17.397615]]]},"properties":{"id":"5858b6c03ff0","height":null,"num_floors":null,"render_height_m":6.4,"height_label":"assumed"}},{"type":"Feature","geometry":{"type":"Polygon","coordinates":[[[78.447302,17.397472],[78.44737,17.397512],[78.447351,17.397542],[78.447283,17.397502],[78.447302,17.397472]]]},"properties":{"id":"967dd074614d","height":null,"num_floors":null,"render_height_m":6.4,"height_label":"assumed"}},{"type":"Feature","geometry":{"type":"Polygon","coordinates":[[[78.447328,17.397664],[78.447304,17.397665],[78.447302,17.397625],[78.447326,17.397624],[78.447328,17.397664]]]},"properties":{"id":"901b729f4f98","height":null,"num_floors":null,"render_height_m":6.4,"height_label":"assumed"}},{"type":"Feature","geometry":{"type":"Polygon","coordinates":[[[78.447272,17.397783],[78.447232,17.397779],[78.447218,17.397716],[78.447378,17.397682],[78.447395,17.397756],[78.447378,17.39776],[78.447384,17.397784],[78.447277,17.397807],[78.447272,17.397783]]]},"properties":{"id":"19f1d10c3942","height":null,"num_floors":null,"render_height_m":9.6,"height_label":"assumed"}},{"type":"Feature","geometry":{"type":"Polygon","coordinates":[[[78.447117,17.397887],[78.447094,17.397876],[78.447168,17.397738],[78.447216,17.397758],[78.447216,17.397832],[78.447117,17.397887]]]},"properties":{"id":"af273549cbfd","height":null,"num_floors":null,"render_height_m":9.6,"height_label":"assumed"}},{"type":"Feature","geometry":{"type":"Polygon","coordinates":[[[78.44728,17.398028],[78.447307,17.398029],[78.447305,17.398072],[78.447278,17.398071],[78.44728,17.398028]]]},"properties":{"id":"6f2388b2abdf","height":null,"num_floors":null,"render_height_m":6.4,"height_label":"assumed"}},{"type":"Feature","geometry":{"type":"Polygon","coordinates":[[[78.447309,17.3981],[78.44734,17.39809],[78.447349,17.398118],[78.447318,17.398127],[78.447309,17.3981]]]},"properties":{"id":"9f13f458a033","height":null,"num_floors":null,"render_height_m":6.4,"height_label":"assumed"}},{"type":"Feature","geometry":{"type":"Polygon","coordinates":[[[78.447348,17.398121],[78.447353,17.398166],[78.447275,17.398174],[78.44727,17.398129],[78.447348,17.398121]]]},"properties":{"id":"e97bb056a6df","height":null,"num_floors":null,"render_height_m":6.4,"height_label":"assumed"}},{"type":"Feature","geometry":{"type":"Polygon","coordinates":[[[78.447238,17.397993],[78.447242,17.398133],[78.447162,17.398135],[78.447159,17.397994],[78.447238,17.397993]]]},"properties":{"id":"54150c559a01","height":null,"num_floors":null,"render_height_m":9.6,"height_label":"assumed"}},{"type":"Feature","geometry":{"type":"Polygon","coordinates":[[[78.447145,17.398137],[78.447065,17.39814],[78.447059,17.397997],[78.447139,17.397993],[78.447145,17.398137]]]},"properties":{"id":"71669115187a","height":null,"num_floors":null,"render_height_m":9.6,"height_label":"assumed"}},{"type":"Feature","geometry":{"type":"Polygon","coordinates":[[[78.447052,17.398131],[78.446982,17.398133],[78.446977,17.398013],[78.447047,17.398011],[78.447052,17.398131]]]},"properties":{"id":"6b26a6d2bb1c","height":null,"num_floors":null,"render_height_m":9.6,"height_label":"assumed"}},{"type":"Feature","geometry":{"type":"Polygon","coordinates":[[[78.447054,17.398432],[78.446947,17.398431],[78.446948,17.398237],[78.447055,17.398237],[78.447054,17.398432]]]},"properties":{"id":"29f5ce746309","height":null,"num_floors":null,"render_height_m":9.6,"height_label":"assumed"}},{"type":"Feature","geometry":{"type":"Polygon","coordinates":[[[78.447058,17.398441],[78.447057,17.398474],[78.446996,17.398474],[78.446996,17.398441],[78.447058,17.398441]]]},"properties":{"id":"36bdb505f7ad","height":null,"num_floors":null,"render_height_m":6.4,"height_label":"assumed"}},{"type":"Feature","geometry":{"type":"Polygon","coordinates":[[[78.44696,17.39875],[78.4471,17.398744],[78.447106,17.398875],[78.447004,17.398879],[78.447003,17.398862],[78.446966,17.398863],[78.44696,17.39875]]]},"properties":{"id":"5e841d47959a","height":null,"num_floors":null,"render_height_m":9.6,"height_label":"assumed"}},{"type":"Feature","geometry":{"type":"Polygon","coordinates":[[[78.447132,17.398708],[78.447057,17.398689],[78.447057,17.398558],[78.447132,17.398558],[78.447132,17.398463],[78.447281,17.398463],[78.447403,17.398497],[78.447424,17.398821],[78.447141,17.398837],[78.447132,17.398708]]]},"properties":{"id":"abf1fbe2d46e","height":null,"num_floors":null,"render_height_m":19.2,"height_label":"assumed"}},{"type":"Feature","geometry":{"type":"Polygon","coordinates":[[[78.447107,17.398421],[78.447111,17.398309],[78.447338,17.398316],[78.447334,17.398427],[78.447107,17.398421]]]},"properties":{"id":"9e27b747ab76","height":null,"num_floors":null,"render_height_m":12.8,"height_label":"assumed"}},{"type":"Feature","geometry":{"type":"Polygon","coordinates":[[[78.447287,17.398273],[78.447097,17.398274],[78.447096,17.398228],[78.447287,17.398228],[78.447287,17.398273]]]},"properties":{"id":"9a31e7c777cf","height":null,"num_floors":null,"render_height_m":9.6,"height_label":"assumed"}},{"type":"Feature","geometry":{"type":"Polygon","coordinates":[[[78.447606,17.398942],[78.447491,17.398952],[78.447471,17.398728],[78.447586,17.398719],[78.447606,17.398942]]]},"properties":{"id":"440066d7094f","height":null,"num_floors":null,"render_height_m":12.8,"height_label":"assumed"}},{"type":"Feature","geometry":{"type":"Polygon","coordinates":[[[78.447721,17.398658],[78.44753,17.398672],[78.44752,17.398551],[78.447711,17.398537],[78.447721,17.398658]]]},"properties":{"id":"ca3a349f30e6","height":null,"num_floors":null,"render_height_m":12.8,"height_label":"assumed"}},{"type":"Feature","geometry":{"type":"Polygon","coordinates":[[[78.447802,17.398938],[78.447656,17.398952],[78.447633,17.398734],[78.447779,17.39872],[78.447802,17.398938]]]},"properties":{"id":"0bf39f76ba54","height":null,"num_floors":null,"render_height_m":12.8,"height_label":"assumed"}},{"type":"Feature","geometry":{"type":"Polygon","coordinates":[[[78.447655,17.398499],[78.447645,17.398417],[78.447768,17.398403],[78.447778,17.398486],[78.447655,17.398499]]]},"properties":{"id":"b5793635dfab","height":null,"num_floors":null,"render_height_m":9.6,"height_label":"assumed"}},{"type":"Feature","geometry":{"type":"Polygon","coordinates":[[[78.447598,17.398384],[78.447605,17.398511],[78.447512,17.398516],[78.447505,17.398389],[78.447598,17.398384]]]},"properties":{"id":"25f96f15035e","height":null,"num_floors":null,"render_height_m":9.6,"height_label":"assumed"}},{"type":"Feature","geometry":{"type":"Polygon","coordinates":[[[78.447778,17.398363],[78.447517,17.398386],[78.447508,17.39829],[78.447768,17.398267],[78.447778,17.398363]]]},"properties":{"id":"a51c8d1dab16","height":null,"num_floors":null,"render_height_m":12.8,"height_label":"assumed"}},{"type":"Feature","geometry":{"type":"Polygon","coordinates":[[[78.447754,17.398215],[78.447627,17.398229],[78.447609,17.39809],[78.447736,17.398075],[78.447754,17.398215]]]},"properties":{"id":"35e0c0fe70bc","height":null,"num_floors":null,"render_height_m":9.6,"height_label":"assumed"}},{"type":"Feature","geometry":{"type":"Polygon","coordinates":[[[78.447711,17.397944],[78.447799,17.397938],[78.447804,17.398012],[78.447716,17.398018],[78.447711,17.397944]]]},"properties":{"id":"bfc57843ebea","height":null,"num_floors":null,"render_height_m":6.4,"height_label":"assumed"}},{"type":"Feature","geometry":{"type":"Polygon","coordinates":[[[78.447401,17.398198],[78.447364,17.39801],[78.447443,17.397995],[78.447481,17.398185],[78.447401,17.398198]]]},"properties":{"id":"2532cd8cff3b","height":null,"num_floors":null,"render_height_m":9.6,"height_label":"assumed"}},{"type":"Feature","geometry":{"type":"Polygon","coordinates":[[[78.447474,17.397864],[78.447488,17.397963],[78.447335,17.397982],[78.447322,17.397883],[78.447474,17.397864]]]},"properties":{"id":"515b3e431e64","height":null,"num_floors":null,"render_height_m":9.6,"height_label":"assumed"}},{"type":"Feature","geometry":{"type":"Polygon","coordinates":[[[78.447436,17.397807],[78.447446,17.397846],[78.447392,17.397859],[78.447382,17.39782],[78.447436,17.397807]]]},"properties":{"id":"9c958d920788","height":null,"num_floors":null,"render_height_m":6.4,"height_label":"assumed"}},{"type":"Feature","geometry":{"type":"Polygon","coordinates":[[[78.447357,17.397627],[78.447387,17.397612],[78.447413,17.397661],[78.447383,17.397676],[78.447357,17.397627]]]},"properties":{"id":"e6c3b4bcfc26","height":null,"num_floors":null,"render_height_m":6.4,"height_label":"assumed"}},{"type":"Feature","geometry":{"type":"Polygon","coordinates":[[[78.447487,17.397618],[78.447527,17.39766],[78.447481,17.3977],[78.447441,17.397658],[78.447487,17.397618]]]},"properties":{"id":"f03c2b9b3cea","height":null,"num_floors":null,"render_height_m":6.4,"height_label":"assumed"}},{"type":"Feature","geometry":{"type":"Polygon","coordinates":[[[78.447669,17.397638],[78.447589,17.397708],[78.447489,17.397604],[78.447569,17.397534],[78.447669,17.397638]]]},"properties":{"id":"339d11b1efd3","height":null,"num_floors":null,"render_height_m":9.6,"height_label":"assumed"}},{"type":"Feature","geometry":{"type":"Polygon","coordinates":[[[78.447481,17.3977],[78.447527,17.39766],[78.447663,17.397801],[78.447617,17.397841],[78.447481,17.3977]]]},"properties":{"id":"070e13939016","height":null,"num_floors":null,"render_height_m":9.6,"height_label":"assumed"}},{"type":"Feature","geometry":{"type":"Polygon","coordinates":[[[78.4477,17.397739],[78.447793,17.397732],[78.447799,17.397818],[78.447706,17.397825],[78.4477,17.397739]]]},"properties":{"id":"ecb2327297e9","height":null,"num_floors":null,"render_height_m":9.6,"height_label":"assumed"}},{"type":"Feature","geometry":{"type":"Polygon","coordinates":[[[78.447575,17.397514],[78.447504,17.397534],[78.447604,17.397448],[78.44766,17.397488],[78.447575,17.397514]]]},"properties":{"id":"4f2ccf2b8c1f","height":null,"num_floors":null,"render_height_m":6.4,"height_label":"assumed"}},{"type":"Feature","geometry":{"type":"Polygon","coordinates":[[[78.44765,17.396907],[78.447813,17.397044],[78.447736,17.397129],[78.447572,17.396992],[78.44765,17.396907]]]},"properties":{"id":"7d07e19742e8","height":null,"num_floors":null,"render_height_m":12.8,"height_label":"assumed"}},{"type":"Feature","geometry":{"type":"Polygon","coordinates":[[[78.447562,17.397004],[78.447683,17.397106],[78.44759,17.397207],[78.447469,17.397106],[78.447562,17.397004]]]},"properties":{"id":"9ff21036305c","height":null,"num_floors":null,"render_height_m":12.8,"height_label":"assumed"}},{"type":"Feature","geometry":{"type":"Polygon","coordinates":[[[78.44755,17.396782],[78.447577,17.396836],[78.447516,17.396864],[78.447488,17.396811],[78.44755,17.396782]]]},"properties":{"id":"2f428111f923","height":null,"num_floors":null,"render_height_m":6.4,"height_label":"assumed"}},{"type":"Feature","geometry":{"type":"Polygon","coordinates":[[[78.447481,17.39681],[78.447539,17.396911],[78.447487,17.396939],[78.447429,17.396838],[78.447481,17.39681]]]},"properties":{"id":"545e3f4abf6c","height":null,"num_floors":null,"render_height_m":9.6,"height_label":"assumed"}},{"type":"Feature","geometry":{"type":"Polygon","coordinates":[[[78.447374,17.396887],[78.447395,17.396925],[78.447334,17.396956],[78.447313,17.396917],[78.447374,17.396887]]]},"properties":{"id":"52c29ca61105","height":null,"num_floors":null,"render_height_m":6.4,"height_label":"assumed"}},{"type":"Feature","geometry":{"type":"Polygon","coordinates":[[[78.447398,17.396933],[78.44741,17.396955],[78.447382,17.396969],[78.447416,17.397033],[78.447334,17.397073],[78.447288,17.396987],[78.447398,17.396933]]]},"properties":{"id":"51a97e8b7937","height":null,"num_floors":null,"render_height_m":9.6,"height_label":"assumed"}},{"type":"Feature","geometry":{"type":"Polygon","coordinates":[[[78.44743,17.397399],[78.447346,17.397321],[78.447418,17.397251],[78.447501,17.397329],[78.44743,17.397399]]]},"properties":{"id":"9c44022456b5","height":null,"num_floors":null,"render_height_m":9.6,"height_label":"assumed"}},{"type":"Feature","geometry":{"type":"Polygon","coordinates":[[[78.447371,17.397362],[78.447469,17.397423],[78.447406,17.397516],[78.447308,17.397455],[78.447371,17.397362]]]},"properties":{"id":"ff8be4f4ef26","height":null,"num_floors":null,"render_height_m":9.6,"height_label":"assumed"}},{"type":"Feature","geometry":{"type":"Polygon","coordinates":[[[78.447219,17.397138],[78.447251,17.397127],[78.447266,17.397171],[78.447235,17.397182],[78.447219,17.397138]]]},"properties":{"id":"4d59b45a49d9","height":null,"num_floors":null,"render_height_m":6.4,"height_label":"assumed"}},{"type":"Feature","geometry":{"type":"Polygon","coordinates":[[[78.446969,17.39755],[78.446957,17.397394],[78.447069,17.397386],[78.447081,17.397542],[78.446969,17.39755]]]},"properties":{"id":"a7e431b3a92d","height":null,"num_floors":null,"render_height_m":9.6,"height_label":"assumed"}},{"type":"Feature","geometry":{"type":"Polygon","coordinates":[[[78.447036,17.397372],[78.446934,17.397378],[78.44693,17.397314],[78.447032,17.397308],[78.447036,17.397372]]]},"properties":{"id":"2bb0cba3fd14","height":null,"num_floors":null,"render_height_m":6.4,"height_label":"assumed"}},{"type":"Feature","geometry":{"type":"Polygon","coordinates":[[[78.446986,17.397232],[78.446888,17.397239],[78.446879,17.397112],[78.446977,17.397106],[78.446986,17.397232]]]},"properties":{"id":"c149d85ddec7","height":null,"num_floors":null,"render_height_m":9.6,"height_label":"assumed"}},{"type":"Feature","geometry":{"type":"Polygon","coordinates":[[[78.447078,17.397118],[78.447039,17.396994],[78.447115,17.396972],[78.447154,17.397096],[78.447078,17.397118]]]},"properties":{"id":"8167f0fd2c78","height":null,"num_floors":null,"render_height_m":9.6,"height_label":"assumed"}},{"type":"Feature","geometry":{"type":"Polygon","coordinates":[[[78.447092,17.397204],[78.447028,17.397222],[78.446978,17.397058],[78.447041,17.39704],[78.447092,17.397204]]]},"properties":{"id":"e655b4cf5caa","height":null,"num_floors":null,"render_height_m":9.6,"height_label":"assumed"}},{"type":"Feature","geometry":{"type":"Polygon","coordinates":[[[78.447293,17.396821],[78.447149,17.396894],[78.44713,17.396859],[78.447273,17.396785],[78.447293,17.396821]]]},"properties":{"id":"30d67d7abe59","height":null,"num_floors":null,"render_height_m":6.4,"height_label":"assumed"}},{"type":"Feature","geometry":{"type":"Polygon","coordinates":[[[78.447253,17.396857],[78.44727,17.396907],[78.447227,17.396921],[78.44721,17.396871],[78.447253,17.396857]]]},"properties":{"id":"9c5b9931572c","height":null,"num_floors":null,"render_height_m":6.4,"height_label":"assumed"}},{"type":"Feature","geometry":{"type":"Polygon","coordinates":[[[78.44721,17.396883],[78.447221,17.396917],[78.447155,17.396937],[78.447144,17.396903],[78.44721,17.396883]]]},"properties":{"id":"84b36fbea9cf","height":null,"num_floors":null,"render_height_m":6.4,"height_label":"assumed"}},{"type":"Feature","geometry":{"type":"Polygon","coordinates":[[[78.447213,17.397103],[78.447237,17.397184],[78.447163,17.397203],[78.447139,17.397123],[78.447213,17.397103]]]},"properties":{"id":"a3ee5f82c8b0","height":null,"num_floors":null,"render_height_m":6.4,"height_label":"assumed"}},{"type":"Feature","geometry":{"type":"Polygon","coordinates":[[[78.447137,17.397012],[78.447204,17.396977],[78.447259,17.397073],[78.447193,17.397108],[78.447137,17.397012]]]},"properties":{"id":"b14a04eb28cc","height":null,"num_floors":null,"render_height_m":9.6,"height_label":"assumed"}},{"type":"Feature","geometry":{"type":"Polygon","coordinates":[[[78.447331,17.397082],[78.447351,17.397119],[78.447312,17.397138],[78.447292,17.397101],[78.447331,17.397082]]]},"properties":{"id":"d440c8e1ad2e","height":null,"num_floors":null,"render_height_m":6.4,"height_label":"assumed"}},{"type":"Feature","geometry":{"type":"Polygon","coordinates":[[[78.447321,17.396929],[78.447331,17.396957],[78.447291,17.39697],[78.447281,17.396941],[78.447321,17.396929]]]},"properties":{"id":"839d125ce88e","height":null,"num_floors":null,"render_height_m":6.4,"height_label":"assumed"}},{"type":"Feature","geometry":{"type":"Polygon","coordinates":[[[78.447305,17.396816],[78.447337,17.396865],[78.447274,17.396902],[78.447242,17.396853],[78.447305,17.396816]]]},"properties":{"id":"53b36e564f57","height":null,"num_floors":null,"render_height_m":6.4,"height_label":"assumed"}},{"type":"Feature","geometry":{"type":"Polygon","coordinates":[[[78.447343,17.39686],[78.447363,17.396896],[78.447317,17.39692],[78.447298,17.396884],[78.447343,17.39686]]]},"properties":{"id":"6bf677e8c30d","height":null,"num_floors":null,"render_height_m":6.4,"height_label":"assumed"}},{"type":"Feature","geometry":{"type":"Polygon","coordinates":[[[78.447385,17.396479],[78.447262,17.396532],[78.447224,17.396452],[78.447348,17.396399],[78.447385,17.396479]]]},"properties":{"id":"daefeeae59b7","height":null,"num_floors":null,"render_height_m":9.6,"height_label":"assumed"}},{"type":"Feature","geometry":{"type":"Polygon","coordinates":[[[78.447259,17.396742],[78.447187,17.396768],[78.447136,17.396638],[78.447208,17.396612],[78.447259,17.396742]]]},"properties":{"id":"13433cb07cb5","height":null,"num_floors":null,"render_height_m":9.6,"height_label":"assumed"}},{"type":"Feature","geometry":{"type":"Polygon","coordinates":[[[78.447135,17.396811],[78.447052,17.39684],[78.446998,17.396703],[78.44708,17.396673],[78.447135,17.396811]]]},"properties":{"id":"b081bb59cd68","height":null,"num_floors":null,"render_height_m":9.6,"height_label":"assumed"}},{"type":"Feature","geometry":{"type":"Polygon","coordinates":[[[78.447052,17.396868],[78.446991,17.396889],[78.446928,17.396729],[78.446988,17.396708],[78.447052,17.396868]]]},"properties":{"id":"a0bf608a26e2","height":null,"num_floors":null,"render_height_m":9.6,"height_label":"assumed"}},{"type":"Feature","geometry":{"type":"Polygon","coordinates":[[[78.447046,17.396646],[78.446945,17.396673],[78.4469,17.396522],[78.447001,17.396495],[78.447046,17.396646]]]},"properties":{"id":"dc2153c555f3","height":null,"num_floors":null,"render_height_m":9.6,"height_label":"assumed"}},{"type":"Feature","geometry":{"type":"Polygon","coordinates":[[[78.447123,17.396609],[78.447044,17.396628],[78.447006,17.396482],[78.447085,17.396463],[78.447123,17.396609]]]},"properties":{"id":"8892fcd2d306","height":null,"num_floors":null,"render_height_m":9.6,"height_label":"assumed"}},{"type":"Feature","geometry":{"type":"Polygon","coordinates":[[[78.4469,17.396476],[78.446865,17.396376],[78.447037,17.396322],[78.447072,17.396422],[78.4469,17.396476]]]},"properties":{"id":"4316d46e90df","height":null,"num_floors":null,"render_height_m":9.6,"height_label":"assumed"}},{"type":"Feature","geometry":{"type":"Polygon","coordinates":[[[78.447055,17.396104],[78.447193,17.396046],[78.447247,17.396163],[78.447095,17.396191],[78.447055,17.396104]]]},"properties":{"id":"42ca7d03a483","height":null,"num_floors":null,"render_height_m":9.6,"height_label":"assumed"}},{"type":"Feature","geometry":{"type":"Polygon","coordinates":[[[78.447286,17.396294],[78.447164,17.396329],[78.44713,17.396221],[78.447253,17.396186],[78.447286,17.396294]]]},"properties":{"id":"6563cb9a868b","height":null,"num_floors":null,"render_height_m":9.6,"height_label":"assumed"}},{"type":"Feature","geometry":{"type":"Polygon","coordinates":[[[78.447285,17.396166],[78.447252,17.396088],[78.447371,17.396043],[78.447404,17.39612],[78.447285,17.396166]]]},"properties":{"id":"b9f1a6267f4d","height":null,"num_floors":null,"render_height_m":9.6,"height_label":"assumed"}},{"type":"Feature","geometry":{"type":"Polygon","coordinates":[[[78.447319,17.396288],[78.447282,17.396183],[78.447409,17.396142],[78.447446,17.396248],[78.447319,17.396288]]]},"properties":{"id":"362b61e94d5b","height":null,"num_floors":null,"render_height_m":9.6,"height_label":"assumed"}},{"type":"Feature","geometry":{"type":"Polygon","coordinates":[[[78.44744,17.396055],[78.447478,17.396147],[78.447428,17.396167],[78.447389,17.396075],[78.44744,17.396055]]]},"properties":{"id":"1fcfb7b5e5fb","height":null,"num_floors":null,"render_height_m":6.4,"height_label":"assumed"}},{"type":"Feature","geometry":{"type":"Polygon","coordinates":[[[78.44754,17.396347],[78.4476,17.396493],[78.447538,17.396517],[78.447478,17.396371],[78.44754,17.396347]]]},"properties":{"id":"12b88ce4a65e","height":null,"num_floors":null,"render_height_m":9.6,"height_label":"assumed"}},{"type":"Feature","geometry":{"type":"Polygon","coordinates":[[[78.447477,17.396642],[78.447311,17.396707],[78.447249,17.396561],[78.447415,17.396497],[78.447477,17.396642]]]},"properties":{"id":"22769d33dcdd","height":null,"num_floors":null,"render_height_m":12.8,"height_label":"assumed"}},{"type":"Feature","geometry":{"type":"Polygon","coordinates":[[[78.447384,17.396817],[78.447332,17.396709],[78.447448,17.396657],[78.4475,17.396765],[78.447384,17.396817]]]},"properties":{"id":"35d59da5a191","height":null,"num_floors":null,"render_height_m":9.6,"height_label":"assumed"}},{"type":"Feature","geometry":{"type":"Polygon","coordinates":[[[78.447531,17.39659],[78.447545,17.396627],[78.44748,17.396649],[78.447466,17.396613],[78.447531,17.39659]]]},"properties":{"id":"67210f85ff88","height":null,"num_floors":null,"render_height_m":6.4,"height_label":"assumed"}},{"type":"Feature","geometry":{"type":"Polygon","coordinates":[[[78.447598,17.396481],[78.447637,17.396468],[78.447646,17.396491],[78.447674,17.396481],[78.447698,17.396545],[78.447631,17.396568],[78.447598,17.396481]]]},"properties":{"id":"a32ed7c4f502","height":null,"num_floors":null,"render_height_m":6.4,"height_label":"assumed"}},{"type":"Feature","geometry":{"type":"Polygon","coordinates":[[[78.447707,17.396598],[78.447746,17.396664],[78.447612,17.396737],[78.447573,17.39667],[78.447707,17.396598]]]},"properties":{"id":"9ff6b77d64e0","height":null,"num_floors":null,"render_height_m":9.6,"height_label":"assumed"}},{"type":"Feature","geometry":{"type":"Polygon","coordinates":[[[78.447755,17.396451],[78.447674,17.396476],[78.447617,17.396309],[78.447698,17.396283],[78.447755,17.396451]]]},"properties":{"id":"dde194da08aa","height":null,"num_floors":null,"render_height_m":9.6,"height_label":"assumed"}},{"type":"Feature","geometry":{"type":"Polygon","coordinates":[[[78.447592,17.396346],[78.447621,17.396337],[78.447674,17.396481],[78.447646,17.396491],[78.447592,17.396346]]]},"properties":{"id":"ccb21f5859d9","height":null,"num_floors":null,"render_height_m":6.4,"height_label":"assumed"}},{"type":"Feature","geometry":{"type":"Polygon","coordinates":[[[78.447591,17.396345],[78.44762,17.396422],[78.447581,17.396435],[78.447553,17.396358],[78.447591,17.396345]]]},"properties":{"id":"58f522656342","height":null,"num_floors":null,"render_height_m":6.4,"height_label":"assumed"}},{"type":"Feature","geometry":{"type":"Polygon","coordinates":[[[78.447731,17.396072],[78.447672,17.396091],[78.44763,17.395974],[78.447738,17.395938],[78.447791,17.396085],[78.447742,17.396101],[78.447731,17.396072]]]},"properties":{"id":"e30383009992","height":null,"num_floors":null,"render_height_m":9.6,"height_label":"assumed"}},{"type":"Feature","geometry":{"type":"Polygon","coordinates":[[[78.447728,17.395909],[78.447622,17.395952],[78.447563,17.395819],[78.447669,17.395776],[78.447728,17.395909]]]},"properties":{"id":"642111ae8595","height":null,"num_floors":null,"render_height_m":9.6,"height_label":"assumed"}},{"type":"Feature","geometry":{"type":"Polygon","coordinates":[[[78.447502,17.396056],[78.447622,17.396008],[78.447663,17.3961],[78.447542,17.396148],[78.447502,17.396056]]]},"properties":{"id":"7be34b3f70c1","height":null,"num_floors":null,"render_height_m":9.6,"height_label":"assumed"}},{"type":"Feature","geometry":{"type":"Polygon","coordinates":[[[78.447595,17.395956],[78.447485,17.396013],[78.447441,17.395935],[78.447551,17.395878],[78.447595,17.395956]]]},"properties":{"id":"203c9a7d2ba7","height":null,"num_floors":null,"render_height_m":9.6,"height_label":"assumed"}},{"type":"Feature","geometry":{"type":"Polygon","coordinates":[[[78.447426,17.395892],[78.447391,17.395816],[78.447516,17.395764],[78.447551,17.395841],[78.447426,17.395892]]]},"properties":{"id":"f71fce3fe02b","height":null,"num_floors":null,"render_height_m":9.6,"height_label":"assumed"}},{"type":"Feature","geometry":{"type":"Polygon","coordinates":[[[78.447401,17.395779],[78.447363,17.395703],[78.447443,17.395667],[78.44748,17.395743],[78.447401,17.395779]]]},"properties":{"id":"063c14acba93","height":null,"num_floors":null,"render_height_m":9.6,"height_label":"assumed"}},{"type":"Feature","geometry":{"type":"Polygon","coordinates":[[[78.447341,17.395688],[78.4473,17.395599],[78.447419,17.39555],[78.44746,17.395638],[78.447341,17.395688]]]},"properties":{"id":"a9226521a9c6","height":null,"num_floors":null,"render_height_m":9.6,"height_label":"assumed"}},{"type":"Feature","geometry":{"type":"Polygon","coordinates":[[[78.447018,17.39554],[78.446934,17.395575],[78.446861,17.395417],[78.446945,17.395382],[78.447018,17.39554]]]},"properties":{"id":"de34ec16deb0","height":null,"num_floors":null,"render_height_m":9.6,"height_label":"assumed"}},{"type":"Feature","geometry":{"type":"Polygon","coordinates":[[[78.447091,17.395715],[78.447007,17.39575],[78.446948,17.395621],[78.447032,17.395586],[78.447091,17.395715]]]},"properties":{"id":"4b51df58de1a","height":null,"num_floors":null,"render_height_m":9.6,"height_label":"assumed"}},{"type":"Feature","geometry":{"type":"Polygon","coordinates":[[[78.447196,17.395654],[78.447093,17.395698],[78.447048,17.395601],[78.447151,17.395558],[78.447196,17.395654]]]},"properties":{"id":"902193754369","height":null,"num_floors":null,"render_height_m":9.6,"height_label":"assumed"}},{"type":"Feature","geometry":{"type":"Polygon","coordinates":[[[78.447123,17.395506],[78.447035,17.395543],[78.447,17.395466],[78.447088,17.39543],[78.447123,17.395506]]]},"properties":{"id":"6a392eb37a53","height":null,"num_floors":null,"render_height_m":9.6,"height_label":"assumed"}},{"type":"Feature","geometry":{"type":"Polygon","coordinates":[[[78.4474,17.395512],[78.447302,17.395556],[78.447269,17.39549],[78.447367,17.395445],[78.4474,17.395512]]]},"properties":{"id":"6e4144957e5d","height":null,"num_floors":null,"render_height_m":9.6,"height_label":"assumed"}},{"type":"Feature","geometry":{"type":"Polygon","coordinates":[[[78.447283,17.395851],[78.447196,17.39589],[78.447152,17.395798],[78.447239,17.39576],[78.447283,17.395851]]]},"properties":{"id":"fd31f9d24366","height":null,"num_floors":null,"render_height_m":9.6,"height_label":"assumed"}},{"type":"Feature","geometry":{"type":"Polygon","coordinates":[[[78.447236,17.396067],[78.447206,17.396002],[78.447323,17.395952],[78.447354,17.396018],[78.447236,17.396067]]]},"properties":{"id":"951901bb92d8","height":null,"num_floors":null,"render_height_m":9.6,"height_label":"assumed"}},{"type":"Feature","geometry":{"type":"Polygon","coordinates":[[[78.447316,17.39594],[78.447199,17.395991],[78.447165,17.395918],[78.447282,17.395868],[78.447316,17.39594]]]},"properties":{"id":"1aa7d007f9ad","height":null,"num_floors":null,"render_height_m":9.6,"height_label":"assumed"}},{"type":"Feature","geometry":{"type":"Polygon","coordinates":[[[78.447052,17.396048],[78.447025,17.395989],[78.447147,17.395938],[78.447174,17.395997],[78.447052,17.396048]]]},"properties":{"id":"913090030960","height":null,"num_floors":null,"render_height_m":9.6,"height_label":"assumed"}},{"type":"Feature","geometry":{"type":"Polygon","coordinates":[[[78.447183,17.395906],[78.44709,17.395945],[78.447042,17.395841],[78.447136,17.395802],[78.447183,17.395906]]]},"properties":{"id":"980e8a7024cf","height":null,"num_floors":null,"render_height_m":9.6,"height_label":"assumed"}},{"type":"Feature","geometry":{"type":"Polygon","coordinates":[[[78.447075,17.39595],[78.446998,17.395984],[78.446944,17.395875],[78.44702,17.39584],[78.447075,17.39595]]]},"properties":{"id":"d2ae9d0f5656","height":null,"num_floors":null,"render_height_m":9.6,"height_label":"assumed"}},{"type":"Feature","geometry":{"type":"Polygon","coordinates":[[[78.446832,17.396095],[78.44677,17.395969],[78.446843,17.395936],[78.446905,17.396062],[78.446832,17.396095]]]},"properties":{"id":"ff400a78bf62","height":null,"num_floors":null,"render_height_m":9.6,"height_label":"assumed"}},{"type":"Feature","geometry":{"type":"Polygon","coordinates":[[[78.446821,17.396102],[78.446724,17.396146],[78.446651,17.396001],[78.446748,17.395957],[78.446821,17.396102]]]},"properties":{"id":"09ba9e847828","height":null,"num_floors":null,"render_height_m":9.6,"height_label":"assumed"}},{"type":"Feature","geometry":{"type":"Polygon","coordinates":[[[78.446817,17.395831],[78.446737,17.395862],[78.446683,17.395734],[78.446763,17.395703],[78.446817,17.395831]]]},"properties":{"id":"89cdefe05c2c","height":null,"num_floors":null,"render_height_m":9.6,"height_label":"assumed"}},{"type":"Feature","geometry":{"type":"Polygon","coordinates":[[[78.446987,17.39573],[78.446907,17.395763],[78.446861,17.395662],[78.44694,17.395629],[78.446987,17.39573]]]},"properties":{"id":"7ffa2692df68","height":null,"num_floors":null,"render_height_m":9.6,"height_label":"assumed"}},{"type":"Feature","geometry":{"type":"Polygon","coordinates":[[[78.446923,17.395583],[78.446824,17.395624],[78.446789,17.39555],[78.446889,17.395508],[78.446923,17.395583]]]},"properties":{"id":"596e84d287ca","height":null,"num_floors":null,"render_height_m":9.6,"height_label":"assumed"}},{"type":"Feature","geometry":{"type":"Polygon","coordinates":[[[78.446883,17.395499],[78.446779,17.395543],[78.446746,17.395471],[78.44685,17.395427],[78.446883,17.395499]]]},"properties":{"id":"3ebe0a4cd93b","height":null,"num_floors":null,"render_height_m":9.6,"height_label":"assumed"}},{"type":"Feature","geometry":{"type":"Polygon","coordinates":[[[78.446605,17.395754],[78.446511,17.395567],[78.446656,17.395502],[78.446749,17.395688],[78.446605,17.395754]]]},"properties":{"id":"e696f972fbbb","height":null,"num_floors":null,"render_height_m":12.8,"height_label":"assumed"}},{"type":"Feature","geometry":{"type":"Polygon","coordinates":[[[78.446623,17.395899],[78.446539,17.395929],[78.446482,17.395784],[78.446566,17.395754],[78.446623,17.395899]]]},"properties":{"id":"82247ed386c0","height":null,"num_floors":null,"render_height_m":9.6,"height_label":"assumed"}},{"type":"Feature","geometry":{"type":"Polygon","coordinates":[[[78.446716,17.395853],[78.446633,17.395886],[78.446584,17.395777],[78.446667,17.395743],[78.446716,17.395853]]]},"properties":{"id":"aab8c0c2bc96","height":null,"num_floors":null,"render_height_m":9.6,"height_label":"assumed"}},{"type":"Feature","geometry":{"type":"Polygon","coordinates":[[[78.446661,17.396065],[78.446563,17.396092],[78.44655,17.396039],[78.446642,17.396012],[78.446661,17.396065]]]},"properties":{"id":"19b0b99c69ce","height":null,"num_floors":null,"render_height_m":6.4,"height_label":"assumed"}},{"type":"Feature","geometry":{"type":"Polygon","coordinates":[[[78.446534,17.395956],[78.44646,17.395982],[78.446408,17.395852],[78.446481,17.395825],[78.446534,17.395956]]]},"properties":{"id":"739c90c45e3f","height":null,"num_floors":null,"render_height_m":9.6,"height_label":"assumed"}},{"type":"Feature","geometry":{"type":"Polygon","coordinates":[[[78.446435,17.395798],[78.446305,17.39586],[78.446261,17.395775],[78.446391,17.395713],[78.446435,17.395798]]]},"properties":{"id":"562d55a8233b","height":null,"num_floors":null,"render_height_m":9.6,"height_label":"assumed"}},{"type":"Feature","geometry":{"type":"Polygon","coordinates":[[[78.446449,17.395996],[78.446346,17.396028],[78.446299,17.395892],[78.446401,17.395859],[78.446449,17.395996]]]},"properties":{"id":"127308275969","height":null,"num_floors":null,"render_height_m":9.6,"height_label":"assumed"}},{"type":"Feature","geometry":{"type":"Polygon","coordinates":[[[78.446282,17.396076],[78.446192,17.396104],[78.446141,17.395955],[78.446231,17.395927],[78.446282,17.396076]]]},"properties":{"id":"81d16f1760d9","height":null,"num_floors":null,"render_height_m":9.6,"height_label":"assumed"}},{"type":"Feature","geometry":{"type":"Polygon","coordinates":[[[78.446387,17.395677],[78.44626,17.395738],[78.446208,17.39564],[78.446335,17.395578],[78.446387,17.395677]]]},"properties":{"id":"b5f69f29f4d7","height":null,"num_floors":null,"render_height_m":9.6,"height_label":"assumed"}},{"type":"Feature","geometry":{"type":"Polygon","coordinates":[[[78.446297,17.39557],[78.4462,17.395617],[78.446147,17.395518],[78.446244,17.395471],[78.446297,17.39557]]]},"properties":{"id":"e66c5f8b6efa","height":null,"num_floors":null,"render_height_m":9.6,"height_label":"assumed"}},{"type":"Feature","geometry":{"type":"Polygon","coordinates":[[[78.446428,17.39554],[78.446344,17.39558],[78.446272,17.395442],[78.446355,17.395402],[78.446428,17.39554]]]},"properties":{"id":"d40279094bc5","height":null,"num_floors":null,"render_height_m":9.6,"height_label":"assumed"}},{"type":"Feature","geometry":{"type":"Polygon","coordinates":[[[78.446563,17.395722],[78.446449,17.395777],[78.44641,17.395704],[78.446524,17.395649],[78.446563,17.395722]]]},"properties":{"id":"d2cffc991903","height":null,"num_floors":null,"render_height_m":9.6,"height_label":"assumed"}},{"type":"Feature","geometry":{"type":"Polygon","coordinates":[[[78.446526,17.395504],[78.44644,17.395539],[78.446377,17.395397],[78.446463,17.395362],[78.446526,17.395504]]]},"properties":{"id":"7095de04e138","height":null,"num_floors":null,"render_height_m":9.6,"height_label":"assumed"}},{"type":"Feature","geometry":{"type":"Polygon","coordinates":[[[78.448955,17.39559],[78.448903,17.39545],[78.449084,17.395388],[78.449136,17.395528],[78.448955,17.39559]]]},"properties":{"id":"ccabdee69b7a","height":null,"num_floors":null,"render_height_m":12.8,"height_label":"assumed"}},{"type":"Feature","geometry":{"type":"Polygon","coordinates":[[[78.449134,17.395761],[78.449062,17.395794],[78.449005,17.395679],[78.449077,17.395646],[78.449134,17.395761]]]},"properties":{"id":"ef7484901e3a","height":null,"num_floors":null,"render_height_m":9.6,"height_label":"assumed"}},{"type":"Feature","geometry":{"type":"Polygon","coordinates":[[[78.449202,17.395724],[78.449139,17.395746],[78.449101,17.395647],[78.449165,17.395625],[78.449202,17.395724]]]},"properties":{"id":"759928669363","height":null,"num_floors":null,"render_height_m":9.6,"height_label":"assumed"}},{"type":"Feature","geometry":{"type":"Polygon","coordinates":[[[78.449168,17.395543],[78.449178,17.395576],[78.449119,17.395593],[78.449109,17.39556],[78.449168,17.395543]]]},"properties":{"id":"463b308ab7e7","height":null,"num_floors":null,"render_height_m":6.4,"height_label":"assumed"}},{"type":"Feature","geometry":{"type":"Polygon","coordinates":[[[78.449305,17.395995],[78.449356,17.3961],[78.449192,17.396173],[78.449156,17.396098],[78.449206,17.396075],[78.449192,17.396046],[78.449305,17.395995]]]},"properties":{"id":"886310d5f08c","height":null,"num_floors":null,"render_height_m":9.6,"height_label":"assumed"}},{"type":"Feature","geometry":{"type":"Polygon","coordinates":[[[78.449265,17.395913],[78.449305,17.395991],[78.449248,17.396019],[78.449208,17.395941],[78.449265,17.395913]]]},"properties":{"id":"0c4806796ba5","height":null,"num_floors":null,"render_height_m":6.4,"height_label":"assumed"}},{"type":"Feature","geometry":{"type":"Polygon","coordinates":[[[78.448996,17.39598],[78.449041,17.396076],[78.44901,17.39609],[78.448965,17.395993],[78.448996,17.39598]]]},"properties":{"id":"2224eb298cea","height":null,"num_floors":null,"render_height_m":6.4,"height_label":"assumed"}},{"type":"Feature","geometry":{"type":"Polygon","coordinates":[[[78.448854,17.396071],[78.448869,17.39611],[78.448818,17.396127],[78.448804,17.396089],[78.448854,17.396071]]]},"properties":{"id":"9a95018591d8","height":null,"num_floors":null,"render_height_m":6.4,"height_label":"assumed"}},{"type":"Feature","geometry":{"type":"Polygon","coordinates":[[[78.448871,17.395866],[78.448755,17.395899],[78.448713,17.395762],[78.448829,17.395729],[78.448871,17.395866]]]},"properties":{"id":"a3b8b916f950","height":null,"num_floors":null,"render_height_m":9.6,"height_label":"assumed"}},{"type":"Feature","geometry":{"type":"Polygon","coordinates":[[[78.449023,17.395818],[78.448911,17.395862],[78.448838,17.395695],[78.448951,17.39565],[78.449023,17.395818]]]},"properties":{"id":"cb440ab609e3","height":null,"num_floors":null,"render_height_m":12.8,"height_label":"assumed"}},{"type":"Feature","geometry":{"type":"Polygon","coordinates":[[[78.448872,17.395487],[78.448768,17.395523],[78.448724,17.395406],[78.448828,17.39537],[78.448872,17.395487]]]},"properties":{"id":"2bb9c6fe2918","height":null,"num_floors":null,"render_height_m":9.6,"height_label":"assumed"}},{"type":"Feature","geometry":{"type":"Polygon","coordinates":[[[78.448942,17.395638],[78.448844,17.395677],[78.448782,17.395535],[78.44888,17.395496],[78.448942,17.395638]]]},"properties":{"id":"e182cf28dd69","height":null,"num_floors":null,"render_height_m":9.6,"height_label":"assumed"}},{"type":"Feature","geometry":{"type":"Polygon","coordinates":[[[78.448795,17.395726],[78.448678,17.39576],[78.448637,17.395629],[78.448755,17.395595],[78.448795,17.395726]]]},"properties":{"id":"9b656044f8fb","height":null,"num_floors":null,"render_height_m":9.6,"height_label":"assumed"}},{"type":"Feature","geometry":{"type":"Polygon","coordinates":[[[78.44871,17.395436],[78.448754,17.395566],[78.448694,17.395584],[78.44865,17.395455],[78.44871,17.395436]]]},"properties":{"id":"33961014d92f","height":null,"num_floors":null,"render_height_m":9.6,"height_label":"assumed"}},{"type":"Feature","geometry":{"type":"Polygon","coordinates":[[[78.448729,17.395961],[78.448602,17.395997],[78.448555,17.395844],[78.448681,17.395808],[78.448729,17.395961]]]},"properties":{"id":"7a2b31680071","height":null,"num_floors":null,"render_height_m":9.6,"height_label":"assumed"}},{"type":"Feature","geometry":{"type":"Polygon","coordinates":[[[78.448464,17.395993],[78.448367,17.396021],[78.448328,17.395899],[78.448425,17.395871],[78.448464,17.395993]]]},"properties":{"id":"9f3a69b2cbd6","height":null,"num_floors":null,"render_height_m":9.6,"height_label":"assumed"}},{"type":"Feature","geometry":{"type":"Polygon","coordinates":[[[78.448357,17.396038],[78.448311,17.396049],[78.448274,17.395907],[78.44832,17.395896],[78.448357,17.396038]]]},"properties":{"id":"7adfda8d5876","height":null,"num_floors":null,"render_height_m":9.6,"height_label":"assumed"}},{"type":"Feature","geometry":{"type":"Polygon","coordinates":[[[78.4483,17.396051],[78.448201,17.396076],[78.448153,17.395903],[78.448252,17.395878],[78.4483,17.396051]]]},"properties":{"id":"908a97f2e877","height":null,"num_floors":null,"render_height_m":9.6,"height_label":"assumed"}},{"type":"Feature","geometry":{"type":"Polygon","coordinates":[[[78.448453,17.395834],[78.448321,17.395872],[78.448282,17.39575],[78.448414,17.395712],[78.448453,17.395834]]]},"properties":{"id":"362569b53022","height":null,"num_floors":null,"render_height_m":9.6,"height_label":"assumed"}},{"type":"Feature","geometry":{"type":"Polygon","coordinates":[[[78.448277,17.395709],[78.448258,17.395625],[78.448387,17.395597],[78.448407,17.395681],[78.448277,17.395709]]]},"properties":{"id":"9d6c41a0ea7f","height":null,"num_floors":null,"render_height_m":9.6,"height_label":"assumed"}},{"type":"Feature","geometry":{"type":"Polygon","coordinates":[[[78.448349,17.395481],[78.448204,17.39552],[78.448177,17.395429],[78.448322,17.39539],[78.448349,17.395481]]]},"properties":{"id":"42438dacdc91","height":null,"num_floors":null,"render_height_m":9.6,"height_label":"assumed"}},{"type":"Feature","geometry":{"type":"Polygon","coordinates":[[[78.448374,17.395572],[78.448251,17.395607],[78.448226,17.395525],[78.448349,17.395491],[78.448374,17.395572]]]},"properties":{"id":"63787ca7e539","height":null,"num_floors":null,"render_height_m":9.6,"height_label":"assumed"}},{"type":"Feature","geometry":{"type":"Polygon","coordinates":[[[78.448521,17.395605],[78.448468,17.39562],[78.448429,17.395494],[78.448482,17.395479],[78.448521,17.395605]]]},"properties":{"id":"c4b7ee54382b","height":null,"num_floors":null,"render_height_m":9.6,"height_label":"assumed"}},{"type":"Feature","geometry":{"type":"Polygon","coordinates":[[[78.448669,17.395767],[78.448549,17.395801],[78.448494,17.395626],[78.448615,17.395592],[78.448669,17.395767]]]},"properties":{"id":"fcd6d8152b40","height":null,"num_floors":null,"render_height_m":12.8,"height_label":"assumed"}},{"type":"Feature","geometry":{"type":"Polygon","coordinates":[[[78.447919,17.39559],[78.447769,17.395632],[78.447752,17.395574],[78.447902,17.395533],[78.447919,17.39559]]]},"properties":{"id":"ca9a8e758465","height":null,"num_floors":null,"render_height_m":9.6,"height_label":"assumed"}},{"type":"Feature","geometry":{"type":"Polygon","coordinates":[[[78.447791,17.395757],[78.447763,17.395665],[78.447932,17.395618],[78.44796,17.395711],[78.447791,17.395757]]]},"properties":{"id":"ff769e80642c","height":null,"num_floors":null,"render_height_m":9.6,"height_label":"assumed"}},{"type":"Feature","geometry":{"type":"Polygon","coordinates":[[[78.448073,17.39555],[78.447943,17.395586],[78.447923,17.395522],[78.448052,17.395485],[78.448073,17.39555]]]},"properties":{"id":"b1e00f3168b4","height":null,"num_floors":null,"render_height_m":9.6,"height_label":"assumed"}},{"type":"Feature","geometry":{"type":"Polygon","coordinates":[[[78.447972,17.395711],[78.447944,17.395625],[78.448089,17.395582],[78.448117,17.395668],[78.447972,17.395711]]]},"properties":{"id":"00c2f6042311","height":null,"num_floors":null,"render_height_m":9.6,"height_label":"assumed"}},{"type":"Feature","geometry":{"type":"Polygon","coordinates":[[[78.448189,17.396068],[78.44812,17.396085],[78.448084,17.395951],[78.448153,17.395934],[78.448189,17.396068]]]},"properties":{"id":"67c2c8082b6e","height":null,"num_floors":null,"render_height_m":9.6,"height_label":"assumed"}},{"type":"Feature","geometry":{"type":"Polygon","coordinates":[[[78.448095,17.396079],[78.448036,17.396096],[78.447993,17.395957],[78.448052,17.395941],[78.448095,17.396079]]]},"properties":{"id":"2d30350ff6fb","height":null,"num_floors":null,"render_height_m":9.6,"height_label":"assumed"}},{"type":"Feature","geometry":{"type":"Polygon","coordinates":[[[78.448004,17.396064],[78.44791,17.396091],[78.447889,17.396026],[78.447983,17.395998],[78.448004,17.396064]]]},"properties":{"id":"e0acfc2391b4","height":null,"num_floors":null,"render_height_m":6.4,"height_label":"assumed"}},{"type":"Feature","geometry":{"type":"Polygon","coordinates":[[[78.447979,17.395992],[78.447885,17.396019],[78.447865,17.395955],[78.447958,17.395928],[78.447979,17.395992]]]},"properties":{"id":"730229de8fef","height":null,"num_floors":null,"render_height_m":6.4,"height_label":"assumed"}},{"type":"Feature","geometry":{"type":"Polygon","coordinates":[[[78.448025,17.395898],[78.447874,17.395941],[78.447847,17.395857],[78.447999,17.395814],[78.448025,17.395898]]]},"properties":{"id":"4c54d7e6b5b5","height":null,"num_floors":null,"render_height_m":9.6,"height_label":"assumed"}},{"type":"Feature","geometry":{"type":"Polygon","coordinates":[[[78.447981,17.395801],[78.447847,17.39584],[78.447823,17.395765],[78.447957,17.395726],[78.447981,17.395801]]]},"properties":{"id":"4930a88eb5e4","height":null,"num_floors":null,"render_height_m":9.6,"height_label":"assumed"}},{"type":"Feature","geometry":{"type":"Polygon","coordinates":[[[78.447879,17.396395],[78.447897,17.396449],[78.447836,17.396469],[78.447817,17.396415],[78.447879,17.396395]]]},"properties":{"id":"ac781a06e654","height":null,"num_floors":null,"render_height_m":6.4,"height_label":"assumed"}},{"type":"Feature","geometry":{"type":"Polygon","coordinates":[[[78.447902,17.396329],[78.447826,17.396356],[78.447785,17.39625],[78.447861,17.396223],[78.447902,17.396329]]]},"properties":{"id":"b0392c2d3cc1","height":null,"num_floors":null,"render_height_m":9.6,"height_label":"assumed"}},{"type":"Feature","geometry":{"type":"Polygon","coordinates":[[[78.447778,17.396251],[78.44782,17.396358],[78.447759,17.396379],[78.447718,17.396272],[78.447778,17.396251]]]},"properties":{"id":"fe09191f7e63","height":null,"num_floors":null,"render_height_m":9.6,"height_label":"assumed"}},{"type":"Feature","geometry":{"type":"Polygon","coordinates":[[[78.447935,17.396811],[78.447847,17.396842],[78.447796,17.39671],[78.447884,17.396679],[78.447935,17.396811]]]},"properties":{"id":"c779274ff0b9","height":null,"num_floors":null,"render_height_m":9.6,"height_label":"assumed"}},{"type":"Feature","geometry":{"type":"Polygon","coordinates":[[[78.447868,17.396453],[78.447937,17.396542],[78.447891,17.396576],[78.447822,17.396487],[78.447868,17.396453]]]},"properties":{"id":"933a90d1b2d7","height":null,"num_floors":null,"render_height_m":6.4,"height_label":"assumed"}},{"type":"Feature","geometry":{"type":"Polygon","coordinates":[[[78.448039,17.396684],[78.447968,17.396709],[78.447922,17.396591],[78.447993,17.396566],[78.448039,17.396684]]]},"properties":{"id":"cb037dc37659","height":null,"num_floors":null,"render_height_m":9.6,"height_label":"assumed"}},{"type":"Feature","geometry":{"type":"Polygon","coordinates":[[[78.448092,17.396736],[78.448112,17.396789],[78.448044,17.396813],[78.448024,17.39676],[78.448092,17.396736]]]},"properties":{"id":"dc03d65dbd5d","height":null,"num_floors":null,"render_height_m":6.4,"height_label":"assumed"}},{"type":"Feature","geometry":{"type":"Polygon","coordinates":[[[78.448158,17.396554],[78.448167,17.396589],[78.448132,17.396597],[78.448124,17.396562],[78.448158,17.396554]]]},"properties":{"id":"9ef6cadbff23","height":null,"num_floors":null,"render_height_m":6.4,"height_label":"assumed"}},{"type":"Feature","geometry":{"type":"Polygon","coordinates":[[[78.448173,17.396509],[78.448185,17.396537],[78.448127,17.396559],[78.448115,17.396532],[78.448173,17.396509]]]},"properties":{"id":"8d93a32a14fb","height":null,"num_floors":null,"render_height_m":6.4,"height_label":"assumed"}},{"type":"Feature","geometry":{"type":"Polygon","coordinates":[[[78.44797,17.396318],[78.448029,17.396297],[78.448073,17.396413],[78.448014,17.396433],[78.44797,17.396318]]]},"properties":{"id":"2c7d44222af0","height":null,"num_floors":null,"render_height_m":9.6,"height_label":"assumed"}},{"type":"Feature","geometry":{"type":"Polygon","coordinates":[[[78.448035,17.396272],[78.44796,17.396298],[78.447923,17.396203],[78.447998,17.396177],[78.448035,17.396272]]]},"properties":{"id":"cbb796ddf17a","height":null,"num_floors":null,"render_height_m":9.6,"height_label":"assumed"}},{"type":"Feature","geometry":{"type":"Polygon","coordinates":[[[78.448188,17.396157],[78.448225,17.39625],[78.448136,17.396282],[78.448135,17.396278],[78.448114,17.396285],[78.448079,17.396196],[78.448188,17.396157]]]},"properties":{"id":"a19b7199c505","height":null,"num_floors":null,"render_height_m":9.6,"height_label":"assumed"}},{"type":"Feature","geometry":{"type":"Polygon","coordinates":[[[78.448443,17.396202],[78.4483,17.396252],[78.44826,17.39615],[78.448403,17.396099],[78.448443,17.396202]]]},"properties":{"id":"73fc0c7cea58","height":null,"num_floors":null,"render_height_m":9.6,"height_label":"assumed"}},{"type":"Feature","geometry":{"type":"Polygon","coordinates":[[[78.448545,17.396088],[78.44855,17.396134],[78.448475,17.396143],[78.448469,17.396096],[78.448545,17.396088]]]},"properties":{"id":"eb2910f0b0f4","height":null,"num_floors":null,"render_height_m":6.4,"height_label":"assumed"}},{"type":"Feature","geometry":{"type":"Polygon","coordinates":[[[78.448601,17.396437],[78.448401,17.396508],[78.448339,17.396348],[78.448539,17.396277],[78.448601,17.396437]]]},"properties":{"id":"7658fe59b1fb","height":null,"num_floors":null,"render_height_m":12.8,"height_label":"assumed"}},{"type":"Feature","geometry":{"type":"Polygon","coordinates":[[[78.448646,17.396604],[78.448492,17.396659],[78.448441,17.396528],[78.448595,17.396473],[78.448646,17.396604]]]},"properties":{"id":"20868cff8e10","height":null,"num_floors":null,"render_height_m":12.8,"height_label":"assumed"}},{"type":"Feature","geometry":{"type":"Polygon","coordinates":[[[78.448546,17.396807],[78.448454,17.396839],[78.448414,17.396735],[78.448506,17.396703],[78.448546,17.396807]]]},"properties":{"id":"803629cee4df","height":null,"num_floors":null,"render_height_m":9.6,"height_label":"assumed"}},{"type":"Feature","geometry":{"type":"Polygon","coordinates":[[[78.448452,17.396627],[78.448471,17.396673],[78.448417,17.396694],[78.448398,17.396648],[78.448452,17.396627]]]},"properties":{"id":"41e96960860e","height":null,"num_floors":null,"render_height_m":6.4,"height_label":"assumed"}},{"type":"Feature","geometry":{"type":"Polygon","coordinates":[[[78.448408,17.396657],[78.448319,17.396691],[78.448304,17.396654],[78.448393,17.39662],[78.448408,17.396657]]]},"properties":{"id":"b3e764eb4287","height":null,"num_floors":null,"render_height_m":6.4,"height_label":"assumed"}},{"type":"Feature","geometry":{"type":"Polygon","coordinates":[[[78.448229,17.396455],[78.448305,17.396426],[78.448381,17.396609],[78.448305,17.396638],[78.448229,17.396455]]]},"properties":{"id":"304f2dbe2a90","height":null,"num_floors":null,"render_height_m":9.6,"height_label":"assumed"}},{"type":"Feature","geometry":{"type":"Polygon","coordinates":[[[78.448164,17.396561],[78.44821,17.396543],[78.44826,17.396663],[78.448183,17.396693],[78.448144,17.3966],[78.448175,17.396588],[78.448164,17.396561]]]},"properties":{"id":"57487f4b18e1","height":null,"num_floors":null,"render_height_m":9.6,"height_label":"assumed"}},{"type":"Feature","geometry":{"type":"Polygon","coordinates":[[[78.448433,17.396903],[78.448257,17.396965],[78.448181,17.396767],[78.448357,17.396705],[78.448433,17.396903]]]},"properties":{"id":"fe170d3dbd2b","height":null,"num_floors":null,"render_height_m":12.8,"height_label":"assumed"}},{"type":"Feature","geometry":{"type":"Polygon","coordinates":[[[78.448455,17.397443],[78.448441,17.397355],[78.44858,17.397333],[78.448595,17.397421],[78.448455,17.397443]]]},"properties":{"id":"4d4cbac72b80","height":null,"num_floors":null,"render_height_m":9.6,"height_label":"assumed"}},{"type":"Feature","geometry":{"type":"Polygon","coordinates":[[[78.448364,17.397364],[78.448379,17.397395],[78.448301,17.39743],[78.448286,17.397399],[78.448364,17.397364]]]},"properties":{"id":"923845889b5b","height":null,"num_floors":null,"render_height_m":6.4,"height_label":"assumed"}},{"type":"Feature","geometry":{"type":"Polygon","coordinates":[[[78.448287,17.397172],[78.448323,17.397256],[78.448307,17.397263],[78.448329,17.397313],[78.448345,17.397307],[78.448363,17.39735],[78.448251,17.397395],[78.448197,17.397268],[78.448228,17.397256],[78.448206,17.397205],[78.448287,17.397172]]]},"properties":{"id":"be1f06475618","height":null,"num_floors":null,"render_height_m":9.6,"height_label":"assumed"}},{"type":"Feature","geometry":{"type":"Polygon","coordinates":[[[78.448222,17.397339],[78.448275,17.397426],[78.448226,17.397454],[78.448173,17.397367],[78.448222,17.397339]]]},"properties":{"id":"338e02700be0","height":null,"num_floors":null,"render_height_m":6.4,"height_label":"assumed"}},{"type":"Feature","geometry":{"type":"Polygon","coordinates":[[[78.44813,17.397444],[78.448044,17.397475],[78.447958,17.397252],[78.448044,17.397222],[78.44813,17.397444]]]},"properties":{"id":"f6b9efe328b6","height":null,"num_floors":null,"render_height_m":12.8,"height_label":"assumed"}},{"type":"Feature","geometry":{"type":"Polygon","coordinates":[[[78.448176,17.397257],[78.448203,17.397304],[78.448155,17.39733],[78.448127,17.397282],[78.448176,17.397257]]]},"properties":{"id":"8756ce704b4f","height":null,"num_floors":null,"render_height_m":6.4,"height_label":"assumed"}},{"type":"Feature","geometry":{"type":"Polygon","coordinates":[[[78.448164,17.397223],[78.448177,17.397254],[78.448124,17.397275],[78.448111,17.397243],[78.448164,17.397223]]]},"properties":{"id":"ef6eb6f865f3","height":null,"num_floors":null,"render_height_m":6.4,"height_label":"assumed"}},{"type":"Feature","geometry":{"type":"Polygon","coordinates":[[[78.448195,17.397075],[78.448059,17.397123],[78.448017,17.397015],[78.448153,17.396967],[78.448195,17.397075]]]},"properties":{"id":"ccb5daf192ad","height":null,"num_floors":null,"render_height_m":9.6,"height_label":"assumed"}},{"type":"Feature","geometry":{"type":"Polygon","coordinates":[[[78.448086,17.396845],[78.448101,17.396891],[78.448038,17.396911],[78.448022,17.396865],[78.448086,17.396845]]]},"properties":{"id":"1d6420fcfa5f","height":null,"num_floors":null,"render_height_m":6.4,"height_label":"assumed"}},{"type":"Feature","geometry":{"type":"Polygon","coordinates":[[[78.448005,17.397132],[78.447906,17.397167],[78.447852,17.397027],[78.447951,17.396993],[78.448005,17.397132]]]},"properties":{"id":"fc3cbfb9191c","height":null,"num_floors":null,"render_height_m":9.6,"height_label":"assumed"}},{"type":"Feature","geometry":{"type":"Polygon","coordinates":[[[78.447768,17.396947],[78.447699,17.396857],[78.447771,17.396808],[78.447839,17.396898],[78.447768,17.396947]]]},"properties":{"id":"2f2dcba2820d","height":null,"num_floors":null,"render_height_m":9.6,"height_label":"assumed"}},{"type":"Feature","geometry":{"type":"Polygon","coordinates":[[[78.44776,17.397124],[78.447825,17.397178],[78.447762,17.397249],[78.447697,17.397195],[78.44776,17.397124]]]},"properties":{"id":"7b5785a61756","height":null,"num_floors":null,"render_height_m":9.6,"height_label":"assumed"}},{"type":"Feature","geometry":{"type":"Polygon","coordinates":[[[78.447905,17.39717],[78.447948,17.39716],[78.447962,17.397213],[78.447919,17.397223],[78.447905,17.39717]]]},"properties":{"id":"35d179ade37e","height":null,"num_floors":null,"render_height_m":6.4,"height_label":"assumed"}},{"type":"Feature","geometry":{"type":"Polygon","coordinates":[[[78.447808,17.397241],[78.447883,17.397208],[78.447931,17.397306],[78.447857,17.39734],[78.447808,17.397241]]]},"properties":{"id":"d9a56e86c1b2","height":null,"num_floors":null,"render_height_m":9.6,"height_label":"assumed"}},{"type":"Feature","geometry":{"type":"Polygon","coordinates":[[[78.447894,17.397504],[78.44781,17.397541],[78.44775,17.397416],[78.447834,17.397379],[78.447894,17.397504]]]},"properties":{"id":"2877acf1cb7a","height":null,"num_floors":null,"render_height_m":9.6,"height_label":"assumed"}},{"type":"Feature","geometry":{"type":"Polygon","coordinates":[[[78.44823,17.397773],[78.448083,17.397816],[78.448007,17.397574],[78.448155,17.397532],[78.44823,17.397773]]]},"properties":{"id":"50b87b08b985","height":null,"num_floors":null,"render_height_m":12.8,"height_label":"assumed"}},{"type":"Feature","geometry":{"type":"Polygon","coordinates":[[[78.447814,17.39783],[78.447822,17.397945],[78.447738,17.397951],[78.447729,17.397836],[78.447814,17.39783]]]},"properties":{"id":"dfcf8143d35c","height":null,"num_floors":null,"render_height_m":9.6,"height_label":"assumed"}},{"type":"Feature","geometry":{"type":"Polygon","coordinates":[[[78.447901,17.398692],[78.447907,17.398747],[78.447826,17.398756],[78.447819,17.398701],[78.447901,17.398692]]]},"properties":{"id":"75a44d5bc087","height":null,"num_floors":null,"render_height_m":6.4,"height_label":"assumed"}},{"type":"Feature","geometry":{"type":"Polygon","coordinates":[[[78.447886,17.398778],[78.447983,17.398766],[78.448001,17.398901],[78.447908,17.398913],[78.447816,17.398924],[78.447793,17.398762],[78.447882,17.398751],[78.447886,17.398778]]]},"properties":{"id":"0418d2232f05","height":null,"num_floors":null,"render_height_m":12.8,"height_label":"assumed"}},{"type":"Feature","geometry":{"type":"Polygon","coordinates":[[[78.448145,17.39891],[78.448026,17.398926],[78.447993,17.398711],[78.448113,17.398695],[78.448145,17.39891]]]},"properties":{"id":"61568d71520a","height":null,"num_floors":null,"render_height_m":12.8,"height_label":"assumed"}},{"type":"Feature","geometry":{"type":"Polygon","coordinates":[[[78.4481,17.398669],[78.448103,17.39869],[78.44805,17.398698],[78.448047,17.398677],[78.4481,17.398669]]]},"properties":{"id":"42a78ec222c1","height":null,"num_floors":null,"render_height_m":6.4,"height_label":"assumed"}},{"type":"Feature","geometry":{"type":"Polygon","coordinates":[[[78.447896,17.398289],[78.448008,17.398285],[78.448014,17.398428],[78.448089,17.398425],[78.448093,17.398507],[78.447963,17.398515],[78.447915,17.398491],[78.447893,17.398454],[78.447896,17.398289]]]},"properties":{"id":"dfc360af4f92","height":null,"num_floors":null,"render_height_m":12.8,"height_label":"assumed"}},{"type":"Feature","geometry":{"type":"Polygon","coordinates":[[[78.448032,17.398391],[78.448028,17.398269],[78.448262,17.398262],[78.448269,17.398474],[78.448104,17.398479],[78.448101,17.398389],[78.448032,17.398391]]]},"properties":{"id":"3e2825eb288c","height":null,"num_floors":null,"render_height_m":12.8,"height_label":"assumed"}},{"type":"Feature","geometry":{"type":"Polygon","coordinates":[[[78.44832,17.398455],[78.448319,17.398506],[78.448273,17.398506],[78.448274,17.398454],[78.44832,17.398455]]]},"properties":{"id":"cdac3b9f83c6","height":null,"num_floors":null,"render_height_m":6.4,"height_label":"assumed"}},{"type":"Feature","geometry":{"type":"Polygon","coordinates":[[[78.448248,17.398871],[78.448157,17.398884],[78.448125,17.398675],[78.448215,17.398662],[78.448248,17.398871]]]},"properties":{"id":"1e0bcc729289","height":null,"num_floors":null,"render_height_m":9.6,"height_label":"assumed"}},{"type":"Feature","geometry":{"type":"Polygon","coordinates":[[[78.448339,17.398869],[78.448264,17.39888],[78.448233,17.398686],[78.448307,17.398675],[78.448339,17.398869]]]},"properties":{"id":"1f0f5079a360","height":null,"num_floors":null,"render_height_m":9.6,"height_label":"assumed"}},{"type":"Feature","geometry":{"type":"Polygon","coordinates":[[[78.44842,17.398864],[78.448352,17.398874],[78.448324,17.398687],[78.448392,17.398678],[78.44842,17.398864]]]},"properties":{"id":"da3a474bd16e","height":null,"num_floors":null,"render_height_m":9.6,"height_label":"assumed"}},{"type":"Feature","geometry":{"type":"Polygon","coordinates":[[[78.44855,17.398844],[78.448432,17.39886],[78.448397,17.398623],[78.448515,17.398608],[78.44855,17.398844]]]},"properties":{"id":"53c14a52e87c","height":null,"num_floors":null,"render_height_m":12.8,"height_label":"assumed"}},{"type":"Feature","geometry":{"type":"Polygon","coordinates":[[[78.448384,17.398228],[78.448426,17.398226],[78.448428,17.398257],[78.448386,17.398259],[78.448384,17.398228]]]},"properties":{"id":"c551754f5ed3","height":null,"num_floors":null,"render_height_m":6.4,"height_label":"assumed"}},{"type":"Feature","geometry":{"type":"Polygon","coordinates":[[[78.448589,17.398278],[78.448446,17.398299],[78.448405,17.398051],[78.448548,17.39803],[78.448589,17.398278]]]},"properties":{"id":"dacfc18fdcbd","height":null,"num_floors":null,"render_height_m":12.8,"height_label":"assumed"}},{"type":"Feature","geometry":{"type":"Polygon","coordinates":[[[78.448542,17.397975],[78.448306,17.398015],[78.448284,17.397895],[78.44852,17.397855],[78.448542,17.397975]]]},"properties":{"id":"1065474a348a","height":null,"num_floors":null,"render_height_m":12.8,"height_label":"assumed"}},{"type":"Feature","geometry":{"type":"Polygon","coordinates":[[[78.448376,17.398151],[78.448414,17.398147],[78.448422,17.398222],[78.448384,17.398225],[78.448376,17.398151]]]},"properties":{"id":"4ffff865366d","height":null,"num_floors":null,"render_height_m":6.4,"height_label":"assumed"}},{"type":"Feature","geometry":{"type":"Polygon","coordinates":[[[78.448365,17.397649],[78.448249,17.39769],[78.448195,17.397551],[78.448312,17.39751],[78.448365,17.397649]]]},"properties":{"id":"1acac0ef74da","height":null,"num_floors":null,"render_height_m":9.6,"height_label":"assumed"}},{"type":"Feature","geometry":{"type":"Polygon","coordinates":[[[78.448484,17.397558],[78.448383,17.397611],[78.448324,17.39751],[78.448425,17.397456],[78.448484,17.397558]]]},"properties":{"id":"368a8f8d9066","height":null,"num_floors":null,"render_height_m":9.6,"height_label":"assumed"}},{"type":"Feature","geometry":{"type":"Polygon","coordinates":[[[78.448518,17.397799],[78.448515,17.397832],[78.448456,17.397827],[78.448459,17.397794],[78.448518,17.397799]]]},"properties":{"id":"bc126f0921a8","height":null,"num_floors":null,"render_height_m":6.4,"height_label":"assumed"}},{"type":"Feature","geometry":{"type":"Polygon","coordinates":[[[78.448608,17.397552],[78.44865,17.397554],[78.448648,17.397594],[78.448605,17.397592],[78.448608,17.397552]]]},"properties":{"id":"7693a28de357","height":null,"num_floors":null,"render_height_m":6.4,"height_label":"assumed"}},{"type":"Feature","geometry":{"type":"Polygon","coordinates":[[[78.448644,17.397529],[78.448632,17.397552],[78.448599,17.397538],[78.44861,17.397514],[78.448644,17.397529]]]},"properties":{"id":"57196a716713","height":null,"num_floors":null,"render_height_m":6.4,"height_label":"assumed"}},{"type":"Feature","geometry":{"type":"Polygon","coordinates":[[[78.448585,17.397638],[78.448634,17.39768],[78.448607,17.397709],[78.448558,17.397667],[78.448585,17.397638]]]},"properties":{"id":"aa8547154f2c","height":null,"num_floors":null,"render_height_m":6.4,"height_label":"assumed"}},{"type":"Feature","geometry":{"type":"Polygon","coordinates":[[[78.448739,17.39746],[78.448768,17.397508],[78.448673,17.39756],[78.448645,17.397512],[78.448739,17.39746]]]},"properties":{"id":"a9d2b49d6ff6","height":null,"num_floors":null,"render_height_m":6.4,"height_label":"assumed"}},{"type":"Feature","geometry":{"type":"Polygon","coordinates":[[[78.449067,17.397579],[78.448708,17.397774],[78.448623,17.397619],[78.448986,17.397437],[78.449067,17.397579]]]},"properties":{"id":"a4533858d33a","height":null,"num_floors":null,"render_height_m":19.2,"height_label":"assumed"}},{"type":"Feature","geometry":{"type":"Polygon","coordinates":[[[78.44876,17.397975],[78.448761,17.397911],[78.44884,17.397912],[78.448839,17.397976],[78.44876,17.397975]]]},"properties":{"id":"42e0cac968f7","height":null,"num_floors":null,"render_height_m":6.4,"height_label":"assumed"}},{"type":"Feature","geometry":{"type":"Polygon","coordinates":[[[78.448908,17.39819],[78.448765,17.398211],[78.448729,17.397994],[78.448872,17.397972],[78.448908,17.39819]]]},"properties":{"id":"cd919cc26ee7","height":null,"num_floors":null,"render_height_m":12.8,"height_label":"assumed"}},{"type":"Feature","geometry":{"type":"Polygon","coordinates":[[[78.448655,17.397855],[78.44866,17.397909],[78.448598,17.397914],[78.448592,17.397861],[78.448655,17.397855]]]},"properties":{"id":"40300fd36370","height":null,"num_floors":null,"render_height_m":6.4,"height_label":"assumed"}},{"type":"Feature","geometry":{"type":"Polygon","coordinates":[[[78.44874,17.398215],[78.4486,17.398235],[78.448566,17.398019],[78.448706,17.397999],[78.44874,17.398215]]]},"properties":{"id":"611317830c76","height":null,"num_floors":null,"render_height_m":12.8,"height_label":"assumed"}},{"type":"Feature","geometry":{"type":"Polygon","coordinates":[[[78.448747,17.398568],[78.4487,17.398574],[78.448691,17.398507],[78.448738,17.398501],[78.448747,17.398568]]]},"properties":{"id":"ac387f94f85a","height":null,"num_floors":null,"render_height_m":6.4,"height_label":"assumed"}},{"type":"Feature","geometry":{"type":"Polygon","coordinates":[[[78.448547,17.398623],[78.448528,17.39855],[78.44868,17.398514],[78.448699,17.398586],[78.448547,17.398623]]]},"properties":{"id":"f303ef5bd438","height":null,"num_floors":null,"render_height_m":9.6,"height_label":"assumed"}},{"type":"Feature","geometry":{"type":"Polygon","coordinates":[[[78.448684,17.398725],[78.448687,17.398802],[78.448564,17.398806],[78.448561,17.398729],[78.448684,17.398725]]]},"properties":{"id":"aafff297d681","height":null,"num_floors":null,"render_height_m":9.6,"height_label":"assumed"}},{"type":"Feature","geometry":{"type":"Polygon","coordinates":[[[78.448779,17.398827],[78.448703,17.398834],[78.448694,17.398744],[78.448769,17.398737],[78.448779,17.398827]]]},"properties":{"id":"44d8c611fd0b","height":null,"num_floors":null,"render_height_m":9.6,"height_label":"assumed"}},{"type":"Feature","geometry":{"type":"Polygon","coordinates":[[[78.448736,17.398601],[78.448743,17.39865],[78.448689,17.398657],[78.448683,17.398608],[78.448736,17.398601]]]},"properties":{"id":"a764cc8d0b8d","height":null,"num_floors":null,"render_height_m":6.4,"height_label":"assumed"}},{"type":"Feature","geometry":{"type":"Polygon","coordinates":[[[78.449031,17.398786],[78.448837,17.398808],[78.448807,17.398567],[78.449001,17.398545],[78.449031,17.398786]]]},"properties":{"id":"0f6c1fef697b","height":null,"num_floors":null,"render_height_m":12.8,"height_label":"assumed"}},{"type":"Feature","geometry":{"type":"Polygon","coordinates":[[[78.448996,17.398536],[78.448866,17.398547],[78.44886,17.398485],[78.44899,17.398473],[78.448996,17.398536]]]},"properties":{"id":"0666ab48b83e","height":null,"num_floors":null,"render_height_m":9.6,"height_label":"assumed"}},{"type":"Feature","geometry":{"type":"Polygon","coordinates":[[[78.448853,17.398546],[78.448754,17.398558],[78.448744,17.398485],[78.448843,17.398473],[78.448853,17.398546]]]},"properties":{"id":"986c71a56d34","height":null,"num_floors":null,"render_height_m":9.6,"height_label":"assumed"}},{"type":"Feature","geometry":{"type":"Polygon","coordinates":[[[78.449146,17.398247],[78.448949,17.398279],[78.448932,17.398187],[78.449129,17.398155],[78.449146,17.398247]]]},"properties":{"id":"c5096d44859d","height":null,"num_floors":null,"render_height_m":9.6,"height_label":"assumed"}},{"type":"Feature","geometry":{"type":"Polygon","coordinates":[[[78.4492,17.39854],[78.44924,17.398542],[78.449238,17.39858],[78.449198,17.398579],[78.4492,17.39854]]]},"properties":{"id":"e7dc57a4c0db","height":null,"num_floors":null,"render_height_m":6.4,"height_label":"assumed"}},{"type":"Feature","geometry":{"type":"Polygon","coordinates":[[[78.449141,17.398746],[78.449129,17.398636],[78.449279,17.398622],[78.449291,17.398732],[78.449141,17.398746]]]},"properties":{"id":"b77178837c55","height":null,"num_floors":null,"render_height_m":9.6,"height_label":"assumed"}},{"type":"Feature","geometry":{"type":"Polygon","coordinates":[[[78.449467,17.398412],[78.449568,17.398648],[78.449324,17.398686],[78.449295,17.39852],[78.449247,17.398527],[78.449238,17.398478],[78.449281,17.398436],[78.449467,17.398412]]]},"properties":{"id":"d99981b4dd4b","height":null,"num_floors":null,"render_height_m":12.8,"height_label":"assumed"}},{"type":"Feature","geometry":{"type":"Polygon","coordinates":[[[78.449341,17.398276],[78.449353,17.3984],[78.449296,17.398404],[78.449285,17.39828],[78.449341,17.398276]]]},"properties":{"id":"b8b617672e87","height":null,"num_floors":null,"render_height_m":9.6,"height_label":"assumed"}},{"type":"Feature","geometry":{"type":"Polygon","coordinates":[[[78.449148,17.398135],[78.448931,17.398162],[78.448902,17.397955],[78.44912,17.397928],[78.449148,17.398135]]]},"properties":{"id":"1191e57eac5f","height":null,"num_floors":null,"render_height_m":12.8,"height_label":"assumed"}},{"type":"Feature","geometry":{"type":"Polygon","coordinates":[[[78.449488,17.397126],[78.449379,17.397201],[78.44931,17.397111],[78.449418,17.397035],[78.449488,17.397126]]]},"properties":{"id":"53a77631860d","height":null,"num_floors":null,"render_height_m":9.6,"height_label":"assumed"}},{"type":"Feature","geometry":{"type":"Polygon","coordinates":[[[78.449198,17.396978],[78.449375,17.396883],[78.449424,17.396966],[78.449247,17.397061],[78.449198,17.396978]]]},"properties":{"id":"bbcf6ff88d0b","height":null,"num_floors":null,"render_height_m":9.6,"height_label":"assumed"}},{"type":"Feature","geometry":{"type":"Polygon","coordinates":[[[78.449193,17.396853],[78.449116,17.396986],[78.449088,17.396971],[78.449165,17.396838],[78.449193,17.396853]]]},"properties":{"id":"090dd1e090fb","height":null,"num_floors":null,"render_height_m":6.4,"height_label":"assumed"}},{"type":"Feature","geometry":{"type":"Polygon","coordinates":[[[78.448979,17.397158],[78.448997,17.397307],[78.448945,17.397313],[78.448949,17.39734],[78.448818,17.397355],[78.448807,17.39727],[78.448875,17.397262],[78.448869,17.397209],[78.448932,17.397202],[78.448927,17.397164],[78.448979,17.397158]]]},"properties":{"id":"ecc094f6e244","height":null,"num_floors":null,"render_height_m":12.8,"height_label":"assumed"}},{"type":"Feature","geometry":{"type":"Polygon","coordinates":[[[78.448778,17.397271],[78.448805,17.397269],[78.44881,17.397319],[78.448783,17.397321],[78.448778,17.397271]]]},"properties":{"id":"1d3b368cea85","height":null,"num_floors":null,"render_height_m":6.4,"height_label":"assumed"}},{"type":"Feature","geometry":{"type":"Polygon","coordinates":[[[78.448882,17.397372],[78.448907,17.397397],[78.448865,17.397435],[78.448815,17.397385],[78.448832,17.39737],[78.448856,17.397395],[78.448882,17.397372]]]},"properties":{"id":"778f9b9ebdb6","height":null,"num_floors":null,"render_height_m":6.4,"height_label":"assumed"}},{"type":"Feature","geometry":{"type":"Polygon","coordinates":[[[78.448736,17.397398],[78.448774,17.39746],[78.448748,17.397475],[78.44871,17.397413],[78.448736,17.397398]]]},"properties":{"id":"1a98656f26f7","height":null,"num_floors":null,"render_height_m":6.4,"height_label":"assumed"}},{"type":"Feature","geometry":{"type":"Polygon","coordinates":[[[78.448686,17.397437],[78.448719,17.39743],[78.448726,17.397463],[78.448694,17.39747],[78.448686,17.397437]]]},"properties":{"id":"46b67ee3f684","height":null,"num_floors":null,"render_height_m":6.4,"height_label":"assumed"}},{"type":"Feature","geometry":{"type":"Polygon","coordinates":[[[78.448628,17.397107],[78.448666,17.397089],[78.448689,17.397135],[78.448651,17.397153],[78.448628,17.397107]]]},"properties":{"id":"d18fb4a1204b","height":null,"num_floors":null,"render_height_m":6.4,"height_label":"assumed"}},{"type":"Feature","geometry":{"type":"Polygon","coordinates":[[[78.448986,17.397117],[78.448991,17.397156],[78.448927,17.397164],[78.44893,17.397186],[78.448895,17.397189],[78.448888,17.397128],[78.448986,17.397117]]]},"properties":{"id":"c0c0706f584e","height":null,"num_floors":null,"render_height_m":6.4,"height_label":"assumed"}},{"type":"Feature","geometry":{"type":"Polygon","coordinates":[[[78.448924,17.396639],[78.448792,17.396686],[78.44873,17.396525],[78.448862,17.396479],[78.448924,17.396639]]]},"properties":{"id":"d9ab730beeb7","height":null,"num_floors":null,"render_height_m":12.8,"height_label":"assumed"}},{"type":"Feature","geometry":{"type":"Polygon","coordinates":[[[78.44876,17.39673],[78.448574,17.396795],[78.448536,17.396696],[78.448721,17.39663],[78.44876,17.39673]]]},"properties":{"id":"9696429c4aa3","height":null,"num_floors":null,"render_height_m":9.6,"height_label":"assumed"}},{"type":"Feature","geometry":{"type":"Polygon","coordinates":[[[78.448793,17.396286],[78.448643,17.396339],[78.448599,17.396225],[78.448749,17.396172],[78.448793,17.396286]]]},"properties":{"id":"98671eeb9d13","height":null,"num_floors":null,"render_height_m":9.6,"height_label":"assumed"}},{"type":"Feature","geometry":{"type":"Polygon","coordinates":[[[78.448893,17.396458],[78.448744,17.39651],[78.448687,17.396363],[78.448836,17.396311],[78.448893,17.396458]]]},"properties":{"id":"3c68ed9fd83b","height":null,"num_floors":null,"render_height_m":12.8,"height_label":"assumed"}},{"type":"Feature","geometry":{"type":"Polygon","coordinates":[[[78.449198,17.3967],[78.449252,17.396677],[78.449295,17.396769],[78.449241,17.396792],[78.449198,17.3967]]]},"properties":{"id":"74ecfe32938d","height":null,"num_floors":null,"render_height_m":6.4,"height_label":"assumed"}},{"type":"Feature","geometry":{"type":"Polygon","coordinates":[[[78.449269,17.396397],[78.449221,17.396303],[78.449456,17.396193],[78.449484,17.396247],[78.449467,17.396255],[78.449483,17.396285],[78.449451,17.3963],[78.449471,17.396338],[78.449334,17.396402],[78.44932,17.396373],[78.449269,17.396397]]]},"properties":{"id":"c211c98e86bd","height":null,"num_floors":null,"render_height_m":12.8,"height_label":"assumed"}},{"type":"Feature","geometry":{"type":"Polygon","coordinates":[[[78.449414,17.39603],[78.449451,17.396019],[78.44951,17.396192],[78.449473,17.396203],[78.449414,17.39603]]]},"properties":{"id":"a78ca64ca381","height":null,"num_floors":null,"render_height_m":9.6,"height_label":"assumed"}},{"type":"Feature","geometry":{"type":"Polygon","coordinates":[[[78.449692,17.396287],[78.449564,17.396368],[78.449507,17.396286],[78.449636,17.396205],[78.449692,17.396287]]]},"properties":{"id":"5d380b8fde35","height":null,"num_floors":null,"render_height_m":9.6,"height_label":"assumed"}},{"type":"Feature","geometry":{"type":"Polygon","coordinates":[[[78.449591,17.396503],[78.449447,17.396659],[78.449354,17.396574],[78.449449,17.39639],[78.449491,17.396352],[78.449591,17.396503]]]},"properties":{"id":"913ad0b2a906","height":null,"num_floors":null,"render_height_m":12.8,"height_label":"assumed"}},{"type":"Feature","geometry":{"type":"Polygon","coordinates":[[[78.449648,17.396626],[78.449516,17.396732],[78.449459,17.396668],[78.449591,17.396562],[78.449648,17.396626]]]},"properties":{"id":"15142c6687dc","height":null,"num_floors":null,"render_height_m":9.6,"height_label":"assumed"}},{"type":"Feature","geometry":{"type":"Polygon","coordinates":[[[78.449572,17.396777],[78.449614,17.396788],[78.449605,17.39682],[78.449563,17.396809],[78.449572,17.396777]]]},"properties":{"id":"62dc10cd623a","height":null,"num_floors":null,"render_height_m":6.4,"height_label":"assumed"}},{"type":"Feature","geometry":{"type":"Polygon","coordinates":[[[78.449756,17.396758],[78.449656,17.396811],[78.449601,17.396715],[78.449701,17.396662],[78.449756,17.396758]]]},"properties":{"id":"fc10a78c5765","height":null,"num_floors":null,"render_height_m":9.6,"height_label":"assumed"}},{"type":"Feature","geometry":{"type":"Polygon","coordinates":[[[78.449769,17.396702],[78.449717,17.396607],[78.449858,17.396538],[78.449909,17.396633],[78.449769,17.396702]]]},"properties":{"id":"ebc3a057a684","height":null,"num_floors":null,"render_height_m":9.6,"height_label":"assumed"}},{"type":"Feature","geometry":{"type":"Polygon","coordinates":[[[78.449859,17.396486],[78.449695,17.396581],[78.449635,17.396487],[78.449798,17.396392],[78.449859,17.396486]]]},"properties":{"id":"59f82c6a8ed6","height":null,"num_floors":null,"render_height_m":9.6,"height_label":"assumed"}},{"type":"Feature","geometry":{"type":"Polygon","coordinates":[[[78.449681,17.396396],[78.449636,17.396336],[78.449728,17.396273],[78.449773,17.396333],[78.449681,17.396396]]]},"properties":{"id":"5f0e0ddf0c63","height":null,"num_floors":null,"render_height_m":9.6,"height_label":"assumed"}},{"type":"Feature","geometry":{"type":"Polygon","coordinates":[[[78.450081,17.396341],[78.44994,17.396392],[78.449881,17.396244],[78.450022,17.396193],[78.450081,17.396341]]]},"properties":{"id":"7f4ec3ea47a1","height":null,"num_floors":null,"render_height_m":12.8,"height_label":"assumed"}},{"type":"Feature","geometry":{"type":"Polygon","coordinates":[[[78.450147,17.396297],[78.450092,17.396163],[78.450204,17.396121],[78.450259,17.396255],[78.450147,17.396297]]]},"properties":{"id":"5700b40b4f58","height":null,"num_floors":null,"render_height_m":9.6,"height_label":"assumed"}},{"type":"Feature","geometry":{"type":"Polygon","coordinates":[[[78.450203,17.396534],[78.450062,17.396598],[78.450029,17.396532],[78.450169,17.396467],[78.450203,17.396534]]]},"properties":{"id":"ea13047e9860","height":null,"num_floors":null,"render_height_m":9.6,"height_label":"assumed"}},{"type":"Feature","geometry":{"type":"Polygon","coordinates":[[[78.450161,17.396458],[78.45002,17.396519],[78.449988,17.396452],[78.450129,17.396391],[78.450161,17.396458]]]},"properties":{"id":"c11825b739b6","height":null,"num_floors":null,"render_height_m":9.6,"height_label":"assumed"}},{"type":"Feature","geometry":{"type":"Polygon","coordinates":[[[78.450266,17.396671],[78.450141,17.396739],[78.450072,17.396624],[78.450198,17.396556],[78.450266,17.396671]]]},"properties":{"id":"c2fc45a6dcea","height":null,"num_floors":null,"render_height_m":9.6,"height_label":"assumed"}},{"type":"Feature","geometry":{"type":"Polygon","coordinates":[[[78.449829,17.396862],[78.44977,17.39677],[78.449928,17.396678],[78.449987,17.39677],[78.449829,17.396862]]]},"properties":{"id":"6690a1383ea0","height":null,"num_floors":null,"render_height_m":9.6,"height_label":"assumed"}},{"type":"Feature","geometry":{"type":"Polygon","coordinates":[[[78.449953,17.397013],[78.449856,17.39706],[78.449775,17.396907],[78.449872,17.39686],[78.449953,17.397013]]]},"properties":{"id":"2255bff9a80a","height":null,"num_floors":null,"render_height_m":9.6,"height_label":"assumed"}},{"type":"Feature","geometry":{"type":"Polygon","coordinates":[[[78.450074,17.396889],[78.449965,17.396946],[78.449901,17.396833],[78.45001,17.396777],[78.450074,17.396889]]]},"properties":{"id":"f031be090409","height":null,"num_floors":null,"render_height_m":9.6,"height_label":"assumed"}},{"type":"Feature","geometry":{"type":"Polygon","coordinates":[[[78.450041,17.39708],[78.449981,17.39697],[78.450087,17.396917],[78.450148,17.397026],[78.450041,17.39708]]]},"properties":{"id":"793241220fbf","height":null,"num_floors":null,"render_height_m":9.6,"height_label":"assumed"}},{"type":"Feature","geometry":{"type":"Polygon","coordinates":[[[78.450126,17.397254],[78.450042,17.397303],[78.449981,17.397208],[78.450065,17.397159],[78.450126,17.397254]]]},"properties":{"id":"58799b6846d6","height":null,"num_floors":null,"render_height_m":9.6,"height_label":"assumed"}},{"type":"Feature","geometry":{"type":"Polygon","coordinates":[[[78.450247,17.397279],[78.450179,17.397319],[78.450116,17.397221],[78.450184,17.397181],[78.450247,17.397279]]]},"properties":{"id":"3854ffbc5935","height":null,"num_floors":null,"render_height_m":9.6,"height_label":"assumed"}},{"type":"Feature","geometry":{"type":"Polygon","coordinates":[[[78.450289,17.397348],[78.450194,17.397403],[78.450161,17.397352],[78.450256,17.397296],[78.450289,17.397348]]]},"properties":{"id":"d94ad892ca07","height":null,"num_floors":null,"render_height_m":6.4,"height_label":"assumed"}},{"type":"Feature","geometry":{"type":"Polygon","coordinates":[[[78.449983,17.397503],[78.44995,17.397444],[78.450152,17.397344],[78.450184,17.397402],[78.449983,17.397503]]]},"properties":{"id":"4cd247158564","height":null,"num_floors":null,"render_height_m":9.6,"height_label":"assumed"}},{"type":"Feature","geometry":{"type":"Polygon","coordinates":[[[78.450025,17.397304],[78.449918,17.397366],[78.449863,17.397281],[78.44997,17.397219],[78.450025,17.397304]]]},"properties":{"id":"70ac88259a06","height":null,"num_floors":null,"render_height_m":9.6,"height_label":"assumed"}},{"type":"Feature","geometry":{"type":"Polygon","coordinates":[[[78.449655,17.397018],[78.449757,17.396958],[78.44989,17.397166],[78.449788,17.397225],[78.449655,17.397018]]]},"properties":{"id":"c3dad97c88d2","height":null,"num_floors":null,"render_height_m":12.8,"height_label":"assumed"}},{"type":"Feature","geometry":{"type":"Polygon","coordinates":[[[78.449806,17.396847],[78.44967,17.396944],[78.449611,17.396869],[78.449748,17.396772],[78.449806,17.396847]]]},"properties":{"id":"f9dbedae1622","height":null,"num_floors":null,"render_height_m":9.6,"height_label":"assumed"}},{"type":"Feature","geometry":{"type":"Polygon","coordinates":[[[78.449751,17.397509],[78.449776,17.397547],[78.449342,17.397803],[78.449294,17.397731],[78.44921,17.397781],[78.44913,17.397659],[78.449203,17.397616],[78.449155,17.397541],[78.449534,17.397317],[78.449567,17.397367],[78.449634,17.397327],[78.449704,17.397435],[78.44976,17.397402],[78.449808,17.397475],[78.449751,17.397509]],[[78.449548,17.397421],[78.449477,17.397466],[78.44953,17.397541],[78.4496,17.397496],[78.449548,17.397421]],[[78.449302,17.397683],[78.449374,17.397637],[78.449328,17.397571],[78.449256,17.397617],[78.449302,17.397683]]]},"properties":{"id":"7b5c88083cab","height":null,"num_floors":null,"render_height_m":19.2,"height_label":"assumed"}},{"type":"Feature","geometry":{"type":"Polygon","coordinates":[[[78.449805,17.397761],[78.449828,17.397799],[78.449763,17.397835],[78.44974,17.397797],[78.449805,17.397761]]]},"properties":{"id":"db78492b4990","height":null,"num_floors":null,"render_height_m":6.4,"height_label":"assumed"}},{"type":"Feature","geometry":{"type":"Polygon","coordinates":[[[78.449449,17.398021],[78.449489,17.398012],[78.449504,17.39808],[78.449465,17.398088],[78.449449,17.398021]]]},"properties":{"id":"ae9279e5d117","height":null,"num_floors":null,"render_height_m":6.4,"height_label":"assumed"}},{"type":"Feature","geometry":{"type":"Polygon","coordinates":[[[78.449583,17.398267],[78.449381,17.398316],[78.449353,17.398211],[78.449555,17.398162],[78.449583,17.398267]]]},"properties":{"id":"256740f3b7d1","height":null,"num_floors":null,"render_height_m":12.8,"height_label":"assumed"}},{"type":"Feature","geometry":{"type":"Polygon","coordinates":[[[78.449574,17.398338],[78.449589,17.398391],[78.449539,17.398405],[78.449523,17.398351],[78.449574,17.398338]]]},"properties":{"id":"95910f189bbf","height":null,"num_floors":null,"render_height_m":6.4,"height_label":"assumed"}},{"type":"Feature","geometry":{"type":"Polygon","coordinates":[[[78.449623,17.398567],[78.449568,17.398468],[78.449774,17.398364],[78.449829,17.398462],[78.449623,17.398567]]]},"properties":{"id":"5c0a22073c62","height":null,"num_floors":null,"render_height_m":12.8,"height_label":"assumed"}},{"type":"Feature","geometry":{"type":"Polygon","coordinates":[[[78.449958,17.398269],[78.450009,17.398241],[78.450055,17.398316],[78.450004,17.398345],[78.449958,17.398269]]]},"properties":{"id":"21f1c71bac24","height":null,"num_floors":null,"render_height_m":6.4,"height_label":"assumed"}},{"type":"Feature","geometry":{"type":"Polygon","coordinates":[[[78.450176,17.398464],[78.449774,17.39786],[78.449945,17.397756],[78.450348,17.398359],[78.450176,17.398464]]]},"properties":{"id":"0a7f6f231247","height":null,"num_floors":null,"render_height_m":19.2,"height_label":"assumed"}},{"type":"Feature","geometry":{"type":"Polygon","coordinates":[[[78.449853,17.397983],[78.449899,17.398059],[78.449848,17.398088],[78.449802,17.398012],[78.449853,17.397983]]]},"properties":{"id":"786f72c66cac","height":null,"num_floors":null,"render_height_m":6.4,"height_label":"assumed"}},{"type":"Feature","geometry":{"type":"Polygon","coordinates":[[[78.450288,17.397702],[78.450168,17.397772],[78.450103,17.397671],[78.450223,17.397601],[78.450288,17.397702]]]},"properties":{"id":"288a3cfb9b7a","height":null,"num_floors":null,"render_height_m":9.6,"height_label":"assumed"}},{"type":"Feature","geometry":{"type":"Polygon","coordinates":[[[78.450235,17.39759],[78.450103,17.397656],[78.450027,17.397519],[78.450159,17.397452],[78.450235,17.39759]]]},"properties":{"id":"4e564090087c","height":null,"num_floors":null,"render_height_m":12.8,"height_label":"assumed"}},{"type":"Feature","geometry":{"type":"Polygon","coordinates":[[[78.450384,17.397516],[78.450263,17.397586],[78.45022,17.397519],[78.450341,17.397448],[78.450384,17.397516]]]},"properties":{"id":"ace2b48a8f2d","height":null,"num_floors":null,"render_height_m":9.6,"height_label":"assumed"}},{"type":"Feature","geometry":{"type":"Polygon","coordinates":[[[78.450373,17.397814],[78.450245,17.397889],[78.45019,17.397804],[78.450318,17.397729],[78.450373,17.397814]]]},"properties":{"id":"db4aaa3dfc76","height":null,"num_floors":null,"render_height_m":9.6,"height_label":"assumed"}},{"type":"Feature","geometry":{"type":"Polygon","coordinates":[[[78.450506,17.397751],[78.450397,17.397815],[78.450344,17.397733],[78.450454,17.397669],[78.450506,17.397751]]]},"properties":{"id":"e85e6fb9e311","height":null,"num_floors":null,"render_height_m":9.6,"height_label":"assumed"}},{"type":"Feature","geometry":{"type":"Polygon","coordinates":[[[78.450457,17.397627],[78.450321,17.397707],[78.450258,17.39761],[78.450395,17.39753],[78.450457,17.397627]]]},"properties":{"id":"05220359615f","height":null,"num_floors":null,"render_height_m":9.6,"height_label":"assumed"}},{"type":"Feature","geometry":{"type":"Polygon","coordinates":[[[78.4507,17.397554],[78.450585,17.397607],[78.450546,17.39753],[78.450661,17.397478],[78.4507,17.397554]]]},"properties":{"id":"62ec04aca554","height":null,"num_floors":null,"render_height_m":9.6,"height_label":"assumed"}},{"type":"Feature","geometry":{"type":"Polygon","coordinates":[[[78.450612,17.39795],[78.450399,17.398095],[78.450331,17.398005],[78.450544,17.39786],[78.450612,17.39795]]]},"properties":{"id":"5b8196af042c","height":null,"num_floors":null,"render_height_m":12.8,"height_label":"assumed"}},{"type":"Feature","geometry":{"type":"Polygon","coordinates":[[[78.450696,17.398086],[78.450568,17.398161],[78.450514,17.398078],[78.450642,17.398003],[78.450696,17.398086]]]},"properties":{"id":"9ecc28abdb37","height":null,"num_floors":null,"render_height_m":9.6,"height_label":"assumed"}},{"type":"Feature","geometry":{"type":"Polygon","coordinates":[[[78.450589,17.398242],[78.450501,17.398294],[78.450411,17.398153],[78.450499,17.398102],[78.450589,17.398242]]]},"properties":{"id":"3b16473522b1","height":null,"num_floors":null,"render_height_m":9.6,"height_label":"assumed"}},{"type":"Feature","geometry":{"type":"Polygon","coordinates":[[[78.450321,17.398837],[78.45028,17.398724],[78.450403,17.398683],[78.450445,17.398796],[78.450321,17.398837]]]},"properties":{"id":"5911a2202e1d","height":null,"num_floors":null,"render_height_m":9.6,"height_label":"assumed"}},{"type":"Feature","geometry":{"type":"Polygon","coordinates":[[[78.450399,17.398608],[78.450546,17.398554],[78.450643,17.398794],[78.450595,17.398812],[78.45058,17.398774],[78.450481,17.39881],[78.450399,17.398608]]]},"properties":{"id":"e15a3a4710bd","height":null,"num_floors":null,"render_height_m":12.8,"height_label":"assumed"}},{"type":"Feature","geometry":{"type":"Polygon","coordinates":[[[78.450676,17.398899],[78.450598,17.398934],[78.45057,17.398852],[78.450652,17.398819],[78.450676,17.398899]]]},"properties":{"id":"af65ba46e861","height":null,"num_floors":null,"render_height_m":9.6,"height_label":"assumed"}},{"type":"Feature","geometry":{"type":"Polygon","coordinates":[[[78.451057,17.399015],[78.450935,17.399039],[78.450879,17.398781],[78.451001,17.398757],[78.451057,17.399015]]]},"properties":{"id":"c51f4c343ce6","height":null,"num_floors":null,"render_height_m":12.8,"height_label":"assumed"}},{"type":"Feature","geometry":{"type":"Polygon","coordinates":[[[78.450937,17.398666],[78.450867,17.398685],[78.450788,17.398415],[78.450982,17.398363],[78.45106,17.398634],[78.451007,17.398648],[78.451026,17.398714],[78.450957,17.398732],[78.450937,17.398666]]]},"properties":{"id":"9cbddb26cb25","height":null,"num_floors":null,"render_height_m":12.8,"height_label":"assumed"}},{"type":"Feature","geometry":{"type":"Polygon","coordinates":[[[78.450976,17.398204],[78.451019,17.398173],[78.451105,17.398282],[78.451062,17.398314],[78.450976,17.398204]]]},"properties":{"id":"b82c54395d86","height":null,"num_floors":null,"render_height_m":9.6,"height_label":"assumed"}},{"type":"Feature","geometry":{"type":"Polygon","coordinates":[[[78.450606,17.39824],[78.450573,17.398189],[78.4507,17.398116],[78.450733,17.398167],[78.450606,17.39824]]]},"properties":{"id":"d7b0d145e274","height":null,"num_floors":null,"render_height_m":9.6,"height_label":"assumed"}},{"type":"Feature","geometry":{"type":"Polygon","coordinates":[[[78.45075,17.397905],[78.450834,17.397863],[78.45091,17.398001],[78.450825,17.398043],[78.45075,17.397905]]]},"properties":{"id":"3ec8e7fb1a16","height":null,"num_floors":null,"render_height_m":9.6,"height_label":"assumed"}},{"type":"Feature","geometry":{"type":"Polygon","coordinates":[[[78.45086,17.397828],[78.450754,17.397887],[78.450712,17.397818],[78.450817,17.397759],[78.45086,17.397828]]]},"properties":{"id":"77bacd044919","height":null,"num_floors":null,"render_height_m":9.6,"height_label":"assumed"}},{"type":"Feature","geometry":{"type":"Polygon","coordinates":[[[78.450811,17.397734],[78.45071,17.397778],[78.45068,17.397714],[78.45078,17.397671],[78.450811,17.397734]]]},"properties":{"id":"3056460b5f43","height":null,"num_floors":null,"render_height_m":9.6,"height_label":"assumed"}},{"type":"Feature","geometry":{"type":"Polygon","coordinates":[[[78.450745,17.397661],[78.45064,17.397709],[78.450592,17.397614],[78.450698,17.397566],[78.450745,17.397661]]]},"properties":{"id":"d20622a37f65","height":null,"num_floors":null,"render_height_m":9.6,"height_label":"assumed"}},{"type":"Feature","geometry":{"type":"Polygon","coordinates":[[[78.450846,17.397521],[78.450722,17.397558],[78.450701,17.397496],[78.450825,17.397458],[78.450846,17.397521]]]},"properties":{"id":"b9cc0a43bc0b","height":null,"num_floors":null,"render_height_m":9.6,"height_label":"assumed"}},{"type":"Feature","geometry":{"type":"Polygon","coordinates":[[[78.450959,17.397234],[78.45097,17.397261],[78.450937,17.397272],[78.450926,17.397246],[78.450959,17.397234]]]},"properties":{"id":"0cce3998de91","height":null,"num_floors":null,"render_height_m":6.4,"height_label":"assumed"}},{"type":"Feature","geometry":{"type":"Polygon","coordinates":[[[78.451064,17.397249],[78.451057,17.397315],[78.450992,17.397308],[78.450999,17.397242],[78.451064,17.397249]]]},"properties":{"id":"22a0005d910a","height":null,"num_floors":null,"render_height_m":6.4,"height_label":"assumed"}},{"type":"Feature","geometry":{"type":"Polygon","coordinates":[[[78.451047,17.396993],[78.45082,17.396929],[78.45085,17.396833],[78.451077,17.396898],[78.451047,17.396993]]]},"properties":{"id":"eb15497b9b26","height":null,"num_floors":null,"render_height_m":12.8,"height_label":"assumed"}},{"type":"Feature","geometry":{"type":"Polygon","coordinates":[[[78.45094,17.396988],[78.451001,17.39718],[78.450906,17.397207],[78.450845,17.397015],[78.45094,17.396988]]]},"properties":{"id":"5d37e7846664","height":null,"num_floors":null,"render_height_m":9.6,"height_label":"assumed"}},{"type":"Feature","geometry":{"type":"Polygon","coordinates":[[[78.450684,17.397113],[78.450746,17.397253],[78.450636,17.397298],[78.450574,17.397158],[78.450684,17.397113]]]},"properties":{"id":"11a2cecc76ba","height":null,"num_floors":null,"render_height_m":9.6,"height_label":"assumed"}},{"type":"Feature","geometry":{"type":"Polygon","coordinates":[[[78.450685,17.397337],[78.450764,17.397314],[78.450806,17.397448],[78.450776,17.397457],[78.450769,17.397435],[78.45072,17.397449],[78.450685,17.397337]]]},"properties":{"id":"9622a19b1dbc","height":null,"num_floors":null,"render_height_m":9.6,"height_label":"assumed"}},{"type":"Feature","geometry":{"type":"Polygon","coordinates":[[[78.450463,17.39734],[78.450404,17.397203],[78.450535,17.397152],[78.450594,17.397289],[78.450463,17.39734]]]},"properties":{"id":"dca4a3311d54","height":null,"num_floors":null,"render_height_m":9.6,"height_label":"assumed"}},{"type":"Feature","geometry":{"type":"Polygon","coordinates":[[[78.450362,17.397371],[78.450407,17.397449],[78.450367,17.39747],[78.450322,17.397391],[78.450362,17.397371]]]},"properties":{"id":"ce6693d2e314","height":null,"num_floors":null,"render_height_m":6.4,"height_label":"assumed"}},{"type":"Feature","geometry":{"type":"Polygon","coordinates":[[[78.450343,17.397435],[78.450228,17.397503],[78.450182,17.397431],[78.450297,17.397364],[78.450343,17.397435]]]},"properties":{"id":"35cfa7f85071","height":null,"num_floors":null,"render_height_m":9.6,"height_label":"assumed"}},{"type":"Feature","geometry":{"type":"Polygon","coordinates":[[[78.450516,17.397131],[78.450382,17.397197],[78.450333,17.397106],[78.450467,17.39704],[78.450516,17.397131]]]},"properties":{"id":"f7bc7a55f63d","height":null,"num_floors":null,"render_height_m":9.6,"height_label":"assumed"}},{"type":"Feature","geometry":{"type":"Polygon","coordinates":[[[78.450346,17.396907],[78.450232,17.39696],[78.450186,17.396871],[78.450299,17.396818],[78.450346,17.396907]]]},"properties":{"id":"be9dacd06ffe","height":null,"num_floors":null,"render_height_m":9.6,"height_label":"assumed"}},{"type":"Feature","geometry":{"type":"Polygon","coordinates":[[[78.450559,17.397125],[78.450526,17.397059],[78.450663,17.396997],[78.450696,17.397063],[78.450559,17.397125]]]},"properties":{"id":"1a5558aab575","height":null,"num_floors":null,"render_height_m":9.6,"height_label":"assumed"}},{"type":"Feature","geometry":{"type":"Polygon","coordinates":[[[78.45052,17.39705],[78.45048,17.396976],[78.450618,17.396907],[78.450658,17.396981],[78.45052,17.39705]]]},"properties":{"id":"c889e0dc70d3","height":null,"num_floors":null,"render_height_m":9.6,"height_label":"assumed"}},{"type":"Feature","geometry":{"type":"Polygon","coordinates":[[[78.450556,17.396622],[78.450454,17.396657],[78.450397,17.396506],[78.450499,17.396471],[78.450556,17.396622]]]},"properties":{"id":"cafe626e615f","height":null,"num_floors":null,"render_height_m":9.6,"height_label":"assumed"}},{"type":"Feature","geometry":{"type":"Polygon","coordinates":[[[78.450578,17.396794],[78.450469,17.396829],[78.450415,17.396678],[78.450524,17.396643],[78.450578,17.396794]]]},"properties":{"id":"60c73ed9ab0c","height":null,"num_floors":null,"render_height_m":9.6,"height_label":"assumed"}},{"type":"Feature","geometry":{"type":"Polygon","coordinates":[[[78.450453,17.39683],[78.450356,17.396876],[78.450284,17.396738],[78.450382,17.396692],[78.450453,17.39683]]]},"properties":{"id":"bc635b1523e2","height":null,"num_floors":null,"render_height_m":9.6,"height_label":"assumed"}},{"type":"Feature","geometry":{"type":"Polygon","coordinates":[[[78.450433,17.396629],[78.450306,17.396688],[78.450244,17.396566],[78.450371,17.396507],[78.450433,17.396629]]]},"properties":{"id":"22265b5ecbb7","height":null,"num_floors":null,"render_height_m":9.6,"height_label":"assumed"}},{"type":"Feature","geometry":{"type":"Polygon","coordinates":[[[78.45049,17.396451],[78.450373,17.3965],[78.450308,17.396357],[78.450425,17.396309],[78.45049,17.396451]]]},"properties":{"id":"ba9bb6405e2e","height":null,"num_floors":null,"render_height_m":9.6,"height_label":"assumed"}},{"type":"Feature","geometry":{"type":"Polygon","coordinates":[[[78.450488,17.396107],[78.450522,17.396217],[78.450419,17.396246],[78.450404,17.396196],[78.450372,17.396205],[78.450354,17.396144],[78.450488,17.396107]]]},"properties":{"id":"42a6f4726039","height":null,"num_floors":null,"render_height_m":9.6,"height_label":"assumed"}},{"type":"Feature","geometry":{"type":"Polygon","coordinates":[[[78.450522,17.396217],[78.450542,17.396283],[78.450439,17.396312],[78.450419,17.396246],[78.450522,17.396217]]]},"properties":{"id":"f09139606849","height":null,"num_floors":null,"render_height_m":9.6,"height_label":"assumed"}},{"type":"Feature","geometry":{"type":"Polygon","coordinates":[[[78.450692,17.396194],[78.450571,17.39616],[78.450612,17.39603],[78.450732,17.396065],[78.450692,17.396194]]]},"properties":{"id":"93815f88aa33","height":null,"num_floors":null,"render_height_m":9.6,"height_label":"assumed"}},{"type":"Feature","geometry":{"type":"Polygon","coordinates":[[[78.450836,17.396221],[78.450705,17.396183],[78.450743,17.39606],[78.450875,17.396098],[78.450836,17.396221]]]},"properties":{"id":"27620bc1f0aa","height":null,"num_floors":null,"render_height_m":9.6,"height_label":"assumed"}},{"type":"Feature","geometry":{"type":"Polygon","coordinates":[[[78.450844,17.396534],[78.450745,17.396511],[78.450781,17.396369],[78.45088,17.396393],[78.450844,17.396534]]]},"properties":{"id":"d9307c47825c","height":null,"num_floors":null,"render_height_m":9.6,"height_label":"assumed"}},{"type":"Feature","geometry":{"type":"Polygon","coordinates":[[[78.450756,17.396384],[78.450733,17.396522],[78.450653,17.39651],[78.450676,17.396372],[78.450756,17.396384]]]},"properties":{"id":"8358d8783b91","height":null,"num_floors":null,"render_height_m":9.6,"height_label":"assumed"}},{"type":"Feature","geometry":{"type":"Polygon","coordinates":[[[78.450754,17.396538],[78.450842,17.396559],[78.450808,17.39669],[78.450721,17.396669],[78.450754,17.396538]]]},"properties":{"id":"7b2b11ff6464","height":null,"num_floors":null,"render_height_m":9.6,"height_label":"assumed"}},{"type":"Feature","geometry":{"type":"Polygon","coordinates":[[[78.450955,17.396562],[78.450856,17.396539],[78.450897,17.396376],[78.450997,17.3964],[78.450955,17.396562]]]},"properties":{"id":"15a5fc47404b","height":null,"num_floors":null,"render_height_m":9.6,"height_label":"assumed"}},{"type":"Feature","geometry":{"type":"Polygon","coordinates":[[[78.451061,17.396612],[78.451024,17.396754],[78.450923,17.39673],[78.45096,17.396588],[78.451061,17.396612]]]},"properties":{"id":"800088d675b9","height":null,"num_floors":null,"render_height_m":9.6,"height_label":"assumed"}},{"type":"Feature","geometry":{"type":"Polygon","coordinates":[[[78.45107,17.3966],[78.450962,17.396573],[78.451001,17.396432],[78.451109,17.39646],[78.45107,17.3966]]]},"properties":{"id":"ba2a08dd68e9","height":null,"num_floors":null,"render_height_m":9.6,"height_label":"assumed"}},{"type":"Feature","geometry":{"type":"Polygon","coordinates":[[[78.450955,17.396249],[78.450848,17.396219],[78.450884,17.396105],[78.450991,17.396136],[78.450955,17.396249]]]},"properties":{"id":"07bde6a18831","height":null,"num_floors":null,"render_height_m":9.6,"height_label":"assumed"}},{"type":"Feature","geometry":{"type":"Polygon","coordinates":[[[78.450949,17.395895],[78.451076,17.395931],[78.451023,17.3961],[78.450896,17.396064],[78.450949,17.395895]]]},"properties":{"id":"bf3220c07228","height":null,"num_floors":null,"render_height_m":12.8,"height_label":"assumed"}},{"type":"Feature","geometry":{"type":"Polygon","coordinates":[[[78.450885,17.396069],[78.450767,17.396035],[78.450825,17.39585],[78.450943,17.395884],[78.450885,17.396069]]]},"properties":{"id":"b9179fedf7f6","height":null,"num_floors":null,"render_height_m":12.8,"height_label":"assumed"}},{"type":"Feature","geometry":{"type":"Polygon","coordinates":[[[78.450795,17.395881],[78.45075,17.396025],[78.450634,17.395992],[78.450679,17.395848],[78.450795,17.395881]]]},"properties":{"id":"9247ccd37e04","height":null,"num_floors":null,"render_height_m":9.6,"height_label":"assumed"}},{"type":"Feature","geometry":{"type":"Polygon","coordinates":[[[78.450839,17.395743],[78.450747,17.395717],[78.450803,17.395543],[78.450895,17.39557],[78.450839,17.395743]]]},"properties":{"id":"2778e7be33d7","height":null,"num_floors":null,"render_height_m":9.6,"height_label":"assumed"}},{"type":"Feature","geometry":{"type":"Polygon","coordinates":[[[78.450738,17.395704],[78.450639,17.395675],[78.450688,17.395524],[78.450787,17.395553],[78.450738,17.395704]]]},"properties":{"id":"09ab635d848a","height":null,"num_floors":null,"render_height_m":9.6,"height_label":"assumed"}},{"type":"Feature","geometry":{"type":"Polygon","coordinates":[[[78.450668,17.39551],[78.45057,17.395481],[78.450615,17.395342],[78.450713,17.395371],[78.450668,17.39551]]]},"properties":{"id":"a99751678a1d","height":null,"num_floors":null,"render_height_m":9.6,"height_label":"assumed"}},{"type":"Feature","geometry":{"type":"Polygon","coordinates":[[[78.450763,17.395537],[78.450684,17.395514],[78.450733,17.395363],[78.450812,17.395386],[78.450763,17.395537]]]},"properties":{"id":"acc4aec41d96","height":null,"num_floors":null,"render_height_m":9.6,"height_label":"assumed"}},{"type":"Feature","geometry":{"type":"Polygon","coordinates":[[[78.450881,17.39555],[78.450789,17.395523],[78.450832,17.395389],[78.450924,17.395416],[78.450881,17.39555]]]},"properties":{"id":"51c77187555b","height":null,"num_floors":null,"render_height_m":9.6,"height_label":"assumed"}},{"type":"Feature","geometry":{"type":"Polygon","coordinates":[[[78.450945,17.395766],[78.450858,17.39574],[78.450908,17.395585],[78.450995,17.395611],[78.450945,17.395766]]]},"properties":{"id":"6d1832a13ad5","height":null,"num_floors":null,"render_height_m":9.6,"height_label":"assumed"}},{"type":"Feature","geometry":{"type":"Polygon","coordinates":[[[78.451055,17.395809],[78.450953,17.395779],[78.450999,17.395638],[78.451101,17.395668],[78.451055,17.395809]]]},"properties":{"id":"2162bfb1a757","height":null,"num_floors":null,"render_height_m":9.6,"height_label":"assumed"}},{"type":"Feature","geometry":{"type":"Polygon","coordinates":[[[78.451003,17.395594],[78.450898,17.395564],[78.450947,17.395412],[78.451052,17.395443],[78.451003,17.395594]]]},"properties":{"id":"6cfc9c46e673","height":null,"num_floors":null,"render_height_m":9.6,"height_label":"assumed"}},{"type":"Feature","geometry":{"type":"Polygon","coordinates":[[[78.45055,17.395498],[78.4505,17.395654],[78.450399,17.395624],[78.450419,17.395564],[78.450386,17.395554],[78.450393,17.395532],[78.450362,17.395523],[78.450371,17.395493],[78.450347,17.395486],[78.450361,17.395442],[78.45055,17.395498]]]},"properties":{"id":"0577c259110e","height":null,"num_floors":null,"render_height_m":12.8,"height_label":"assumed"}},{"type":"Feature","geometry":{"type":"Polygon","coordinates":[[[78.45062,17.395678],[78.450523,17.395649],[78.45057,17.395503],[78.450668,17.395532],[78.45062,17.395678]]]},"properties":{"id":"013bd17d3433","height":null,"num_floors":null,"render_height_m":9.6,"height_label":"assumed"}},{"type":"Feature","geometry":{"type":"Polygon","coordinates":[[[78.450658,17.395833],[78.450614,17.395971],[78.450513,17.395942],[78.450556,17.395804],[78.450658,17.395833]]]},"properties":{"id":"6ab2612af412","height":null,"num_floors":null,"render_height_m":9.6,"height_label":"assumed"}},{"type":"Feature","geometry":{"type":"Polygon","coordinates":[[[78.450258,17.396168],[78.450213,17.396086],[78.450404,17.39599],[78.450449,17.396072],[78.450258,17.396168]]]},"properties":{"id":"f4c9ac4bd111","height":null,"num_floors":null,"render_height_m":9.6,"height_label":"assumed"}},{"type":"Feature","geometry":{"type":"Polygon","coordinates":[[[78.45015,17.396061],[78.45008,17.395927],[78.450308,17.395819],[78.450377,17.395954],[78.45015,17.396061]]]},"properties":{"id":"9a2633f8f92d","height":null,"num_floors":null,"render_height_m":12.8,"height_label":"assumed"}},{"type":"Feature","geometry":{"type":"Polygon","coordinates":[[[78.449995,17.395902],[78.449954,17.395816],[78.450284,17.39567],[78.450326,17.395756],[78.449995,17.395902]]]},"properties":{"id":"ec8a94e0312a","height":null,"num_floors":null,"render_height_m":12.8,"height_label":"assumed"}},{"type":"Feature","geometry":{"type":"Polygon","coordinates":[[[78.450171,17.395688],[78.450124,17.395596],[78.450234,17.395545],[78.450281,17.395636],[78.450171,17.395688]]]},"properties":{"id":"cf5c7422bc90","height":null,"num_floors":null,"render_height_m":9.6,"height_label":"assumed"}},{"type":"Feature","geometry":{"type":"Polygon","coordinates":[[[78.450106,17.395577],[78.45006,17.395479],[78.450191,17.395423],[78.450236,17.395521],[78.450106,17.395577]]]},"properties":{"id":"549b359b1279","height":null,"num_floors":null,"render_height_m":9.6,"height_label":"assumed"}},{"type":"Feature","geometry":{"type":"Polygon","coordinates":[[[78.450084,17.395743],[78.449956,17.395786],[78.449923,17.395694],[78.450051,17.395651],[78.450084,17.395743]]]},"properties":{"id":"2a006377899a","height":null,"num_floors":null,"render_height_m":9.6,"height_label":"assumed"}},{"type":"Feature","geometry":{"type":"Polygon","coordinates":[[[78.450026,17.395626],[78.449931,17.395411],[78.450003,17.395382],[78.450098,17.395597],[78.450026,17.395626]]]},"properties":{"id":"65f70ebbc773","height":null,"num_floors":null,"render_height_m":9.6,"height_label":"assumed"}},{"type":"Feature","geometry":{"type":"Polygon","coordinates":[[[78.450017,17.39565],[78.44992,17.395688],[78.449844,17.395466],[78.449921,17.395427],[78.450017,17.39565]]]},"properties":{"id":"5df00d5961f9","height":null,"num_floors":null,"render_height_m":12.8,"height_label":"assumed"}},{"type":"Feature","geometry":{"type":"Polygon","coordinates":[[[78.449985,17.395959],[78.449878,17.395988],[78.449827,17.395817],[78.449935,17.395788],[78.449985,17.395959]]]},"properties":{"id":"ea7b051ef850","height":null,"num_floors":null,"render_height_m":9.6,"height_label":"assumed"}},{"type":"Feature","geometry":{"type":"Polygon","coordinates":[[[78.450082,17.396084],[78.44996,17.396131],[78.449908,17.396007],[78.45003,17.395961],[78.450082,17.396084]]]},"properties":{"id":"c63c2524a34b","height":null,"num_floors":null,"render_height_m":9.6,"height_label":"assumed"}},{"type":"Feature","geometry":{"type":"Polygon","coordinates":[[[78.449928,17.396128],[78.449831,17.396156],[78.449791,17.396029],[78.449888,17.396001],[78.449928,17.396128]]]},"properties":{"id":"4492898ef24b","height":null,"num_floors":null,"render_height_m":9.6,"height_label":"assumed"}},{"type":"Feature","geometry":{"type":"Polygon","coordinates":[[[78.449846,17.395974],[78.449759,17.395988],[78.449731,17.395835],[78.449818,17.395821],[78.449846,17.395974]]]},"properties":{"id":"c871af7b07cc","height":null,"num_floors":null,"render_height_m":9.6,"height_label":"assumed"}},{"type":"Feature","geometry":{"type":"Polygon","coordinates":[[[78.449629,17.396009],[78.449592,17.395829],[78.449702,17.395808],[78.449739,17.395988],[78.449629,17.396009]]]},"properties":{"id":"60c7ac9736fa","height":null,"num_floors":null,"render_height_m":9.6,"height_label":"assumed"}},{"type":"Feature","geometry":{"type":"Polygon","coordinates":[[[78.449673,17.396098],[78.449667,17.396032],[78.449736,17.396012],[78.449751,17.396085],[78.449673,17.396098]]]},"properties":{"id":"2ed22ff3ee26","height":null,"num_floors":null,"render_height_m":6.4,"height_label":"assumed"}},{"type":"Feature","geometry":{"type":"Polygon","coordinates":[[[78.44955,17.395967],[78.449564,17.396024],[78.449509,17.396036],[78.449495,17.39598],[78.44955,17.395967]]]},"properties":{"id":"cc22ec6e8dba","height":null,"num_floors":null,"render_height_m":6.4,"height_label":"assumed"}},{"type":"Feature","geometry":{"type":"Polygon","coordinates":[[[78.449487,17.395793],[78.449389,17.395843],[78.449344,17.395762],[78.449442,17.395713],[78.449487,17.395793]]]},"properties":{"id":"e72ef02dff7b","height":null,"num_floors":null,"render_height_m":9.6,"height_label":"assumed"}},{"type":"Feature","geometry":{"type":"Polygon","coordinates":[[[78.449609,17.395664],[78.449632,17.395742],[78.449586,17.395754],[78.449564,17.395676],[78.449609,17.395664]]]},"properties":{"id":"a729fe9dc875","height":null,"num_floors":null,"render_height_m":6.4,"height_label":"assumed"}},{"type":"Feature","geometry":{"type":"Polygon","coordinates":[[[78.451104,17.39563],[78.451009,17.395602],[78.451063,17.395435],[78.451158,17.395463],[78.451104,17.39563]]]},"properties":{"id":"ebbd2ba5c99f","height":null,"num_floors":null,"render_height_m":9.6,"height_label":"assumed"}},{"type":"Feature","geometry":{"type":"Polygon","coordinates":[[[78.45117,17.396143],[78.451037,17.396106],[78.45109,17.395936],[78.451223,17.395973],[78.45117,17.396143]]]},"properties":{"id":"89296cfd8709","height":null,"num_floors":null,"render_height_m":12.8,"height_label":"assumed"}},{"type":"Feature","geometry":{"type":"Polygon","coordinates":[[[78.45131,17.395722],[78.451265,17.395877],[78.451166,17.395851],[78.45121,17.395696],[78.45131,17.395722]]]},"properties":{"id":"8bcaa4310902","height":null,"num_floors":null,"render_height_m":9.6,"height_label":"assumed"}},{"type":"Feature","geometry":{"type":"Polygon","coordinates":[[[78.451389,17.395891],[78.451288,17.395866],[78.451329,17.395711],[78.45143,17.395736],[78.451389,17.395891]]]},"properties":{"id":"df3576553e53","height":null,"num_floors":null,"render_height_m":9.6,"height_label":"assumed"}},{"type":"Feature","geometry":{"type":"Polygon","coordinates":[[[78.451296,17.396178],[78.451187,17.396147],[78.451235,17.395994],[78.451344,17.396025],[78.451296,17.396178]]]},"properties":{"id":"8fc075bdbb00","height":null,"num_floors":null,"render_height_m":9.6,"height_label":"assumed"}},{"type":"Feature","geometry":{"type":"Polygon","coordinates":[[[78.451365,17.395676],[78.451249,17.395645],[78.451274,17.395557],[78.451391,17.395587],[78.451365,17.395676]]]},"properties":{"id":"5dfc9360f567","height":null,"num_floors":null,"render_height_m":9.6,"height_label":"assumed"}},{"type":"Feature","geometry":{"type":"Polygon","coordinates":[[[78.451391,17.395581],[78.451294,17.395557],[78.451317,17.395473],[78.451414,17.395497],[78.451391,17.395581]]]},"properties":{"id":"ee1acd6ee233","height":null,"num_floors":null,"render_height_m":9.6,"height_label":"assumed"}},{"type":"Feature","geometry":{"type":"Polygon","coordinates":[[[78.451472,17.3954],[78.451445,17.395481],[78.451277,17.39543],[78.451304,17.395349],[78.451472,17.3954]]]},"properties":{"id":"f82400da5f15","height":null,"num_floors":null,"render_height_m":9.6,"height_label":"assumed"}},{"type":"Feature","geometry":{"type":"Polygon","coordinates":[[[78.45151,17.39563],[78.451436,17.395614],[78.451458,17.395519],[78.451533,17.395535],[78.45151,17.39563]]]},"properties":{"id":"32477792e970","height":null,"num_floors":null,"render_height_m":9.6,"height_label":"assumed"}},{"type":"Feature","geometry":{"type":"Polygon","coordinates":[[[78.451591,17.39553],[78.451466,17.395493],[78.4515,17.395389],[78.451625,17.395426],[78.451591,17.39553]]]},"properties":{"id":"b35376068d92","height":null,"num_floors":null,"render_height_m":9.6,"height_label":"assumed"}},{"type":"Feature","geometry":{"type":"Polygon","coordinates":[[[78.451579,17.395627],[78.451523,17.395616],[78.45154,17.395536],[78.451596,17.395547],[78.451579,17.395627]]]},"properties":{"id":"c56a32fa925b","height":null,"num_floors":null,"render_height_m":6.4,"height_label":"assumed"}},{"type":"Feature","geometry":{"type":"Polygon","coordinates":[[[78.451499,17.395741],[78.451447,17.395729],[78.451466,17.395658],[78.451518,17.395671],[78.451499,17.395741]]]},"properties":{"id":"badfe2ffc4da","height":null,"num_floors":null,"render_height_m":6.4,"height_label":"assumed"}},{"type":"Feature","geometry":{"type":"Polygon","coordinates":[[[78.451534,17.395901],[78.451427,17.395873],[78.45146,17.395759],[78.451567,17.395787],[78.451534,17.395901]]]},"properties":{"id":"780e09ea3a98","height":null,"num_floors":null,"render_height_m":9.6,"height_label":"assumed"}},{"type":"Feature","geometry":{"type":"Polygon","coordinates":[[[78.451827,17.395828],[78.451688,17.395793],[78.451714,17.395699],[78.451853,17.395734],[78.451827,17.395828]]]},"properties":{"id":"1399a74577fb","height":null,"num_floors":null,"render_height_m":9.6,"height_label":"assumed"}},{"type":"Feature","geometry":{"type":"Polygon","coordinates":[[[78.451754,17.395845],[78.451712,17.395991],[78.451617,17.395966],[78.451658,17.39582],[78.451754,17.395845]]]},"properties":{"id":"ba5f4b5cb502","height":null,"num_floors":null,"render_height_m":9.6,"height_label":"assumed"}},{"type":"Feature","geometry":{"type":"Polygon","coordinates":[[[78.45186,17.395849],[78.451823,17.395997],[78.451732,17.395976],[78.45177,17.395828],[78.45186,17.395849]]]},"properties":{"id":"00e016004626","height":null,"num_floors":null,"render_height_m":9.6,"height_label":"assumed"}},{"type":"Feature","geometry":{"type":"Polygon","coordinates":[[[78.451838,17.395708],[78.4517,17.395674],[78.451727,17.395574],[78.451865,17.395608],[78.451838,17.395708]]]},"properties":{"id":"b689d160e434","height":null,"num_floors":null,"render_height_m":9.6,"height_label":"assumed"}},{"type":"Feature","geometry":{"type":"Polygon","coordinates":[[[78.451888,17.395579],[78.451726,17.395536],[78.451751,17.395448],[78.451914,17.395491],[78.451888,17.395579]]]},"properties":{"id":"de50b918f03e","height":null,"num_floors":null,"render_height_m":9.6,"height_label":"assumed"}},{"type":"Feature","geometry":{"type":"Polygon","coordinates":[[[78.451973,17.395539],[78.452017,17.395546],[78.452008,17.395594],[78.451964,17.395586],[78.451973,17.395539]]]},"properties":{"id":"34814277768c","height":null,"num_floors":null,"render_height_m":6.4,"height_label":"assumed"}},{"type":"Feature","geometry":{"type":"Polygon","coordinates":[[[78.451974,17.395588],[78.452018,17.395599],[78.452027,17.395568],[78.452049,17.395574],[78.45204,17.395605],[78.452076,17.395614],[78.452064,17.395657],[78.451962,17.39563],[78.451974,17.395588]]]},"properties":{"id":"03828de7d172","height":null,"num_floors":null,"render_height_m":6.4,"height_label":"assumed"}},{"type":"Feature","geometry":{"type":"Polygon","coordinates":[[[78.452008,17.395747],[78.451873,17.395715],[78.451897,17.395621],[78.452033,17.395653],[78.452008,17.395747]]]},"properties":{"id":"3fc46c8aab8b","height":null,"num_floors":null,"render_height_m":9.6,"height_label":"assumed"}},{"type":"Feature","geometry":{"type":"Polygon","coordinates":[[[78.451973,17.395856],[78.451848,17.395823],[78.45187,17.395742],[78.451996,17.395775],[78.451973,17.395856]]]},"properties":{"id":"6a4d3f73636d","height":null,"num_floors":null,"render_height_m":9.6,"height_label":"assumed"}},{"type":"Feature","geometry":{"type":"Polygon","coordinates":[[[78.451935,17.39601],[78.451845,17.395987],[78.451882,17.39585],[78.451972,17.395873],[78.451935,17.39601]]]},"properties":{"id":"256885eb85d7","height":null,"num_floors":null,"render_height_m":9.6,"height_label":"assumed"}},{"type":"Feature","geometry":{"type":"Polygon","coordinates":[[[78.452223,17.395937],[78.452112,17.395911],[78.452131,17.395839],[78.452242,17.395866],[78.452223,17.395937]]]},"properties":{"id":"5c7a1bf1dac1","height":null,"num_floors":null,"render_height_m":9.6,"height_label":"assumed"}},{"type":"Feature","geometry":{"type":"Polygon","coordinates":[[[78.452225,17.395961],[78.452184,17.396099],[78.452088,17.396073],[78.452129,17.395935],[78.452225,17.395961]]]},"properties":{"id":"7e8d6f4d9253","height":null,"num_floors":null,"render_height_m":9.6,"height_label":"assumed"}},{"type":"Feature","geometry":{"type":"Polygon","coordinates":[[[78.452332,17.396136],[78.452198,17.396103],[78.452217,17.396035],[78.452351,17.396069],[78.452332,17.396136]]]},"properties":{"id":"19db110344d3","height":null,"num_floors":null,"render_height_m":9.6,"height_label":"assumed"}},{"type":"Feature","geometry":{"type":"Polygon","coordinates":[[[78.452263,17.395827],[78.452139,17.395799],[78.452166,17.395693],[78.45229,17.395722],[78.452263,17.395827]]]},"properties":{"id":"ff98f36ff5d5","height":null,"num_floors":null,"render_height_m":9.6,"height_label":"assumed"}},{"type":"Feature","geometry":{"type":"Polygon","coordinates":[[[78.452301,17.395717],[78.452173,17.395682],[78.452194,17.395613],[78.452321,17.395648],[78.452301,17.395717]]]},"properties":{"id":"fff00d6c9409","height":null,"num_floors":null,"render_height_m":9.6,"height_label":"assumed"}},{"type":"Feature","geometry":{"type":"Polygon","coordinates":[[[78.452204,17.395607],[78.452223,17.395535],[78.452341,17.395562],[78.452323,17.395634],[78.452204,17.395607]]]},"properties":{"id":"1df001edd24d","height":null,"num_floors":null,"render_height_m":9.6,"height_label":"assumed"}},{"type":"Feature","geometry":{"type":"Polygon","coordinates":[[[78.452218,17.395507],[78.45224,17.39543],[78.452365,17.395462],[78.452343,17.395539],[78.452218,17.395507]]]},"properties":{"id":"d474d55edd79","height":null,"num_floors":null,"render_height_m":9.6,"height_label":"assumed"}},{"type":"Feature","geometry":{"type":"Polygon","coordinates":[[[78.452466,17.395605],[78.45245,17.395657],[78.45235,17.395629],[78.452366,17.395577],[78.452466,17.395605]]]},"properties":{"id":"75cbe82abab9","height":null,"num_floors":null,"render_height_m":6.4,"height_label":"assumed"}},{"type":"Feature","geometry":{"type":"Polygon","coordinates":[[[78.452443,17.395734],[78.452318,17.395702],[78.452337,17.395632],[78.452463,17.395664],[78.452443,17.395734]]]},"properties":{"id":"6a148219d39a","height":null,"num_floors":null,"render_height_m":9.6,"height_label":"assumed"}},{"type":"Feature","geometry":{"type":"Polygon","coordinates":[[[78.452382,17.395901],[78.45227,17.395869],[78.45229,17.395806],[78.452402,17.395838],[78.452382,17.395901]]]},"properties":{"id":"eba0b0248ca2","height":null,"num_floors":null,"render_height_m":9.6,"height_label":"assumed"}},{"type":"Feature","geometry":{"type":"Polygon","coordinates":[[[78.452359,17.395983],[78.45225,17.395958],[78.452267,17.395889],[78.452376,17.395914],[78.452359,17.395983]]]},"properties":{"id":"c84f2e1f0206","height":null,"num_floors":null,"render_height_m":9.6,"height_label":"assumed"}},{"type":"Feature","geometry":{"type":"Polygon","coordinates":[[[78.452347,17.396054],[78.452226,17.396027],[78.452241,17.395967],[78.452362,17.395995],[78.452347,17.396054]]]},"properties":{"id":"69ad02085da6","height":null,"num_floors":null,"render_height_m":9.6,"height_label":"assumed"}},{"type":"Feature","geometry":{"type":"Polygon","coordinates":[[[78.452637,17.395892],[78.452518,17.395862],[78.452538,17.395789],[78.452657,17.39582],[78.452637,17.395892]]]},"properties":{"id":"1550fce18e71","height":null,"num_floors":null,"render_height_m":9.6,"height_label":"assumed"}},{"type":"Feature","geometry":{"type":"Polygon","coordinates":[[[78.452535,17.396066],[78.452453,17.396047],[78.452487,17.395912],[78.45257,17.395931],[78.452535,17.396066]]]},"properties":{"id":"75668e3c9885","height":null,"num_floors":null,"render_height_m":9.6,"height_label":"assumed"}},{"type":"Feature","geometry":{"type":"Polygon","coordinates":[[[78.452617,17.39608],[78.452545,17.396063],[78.452577,17.395941],[78.452648,17.395957],[78.452617,17.39608]]]},"properties":{"id":"ced422328778","height":null,"num_floors":null,"render_height_m":9.6,"height_label":"assumed"}},{"type":"Feature","geometry":{"type":"Polygon","coordinates":[[[78.452703,17.396108],[78.452626,17.39609],[78.452657,17.395972],[78.452733,17.395989],[78.452703,17.396108]]]},"properties":{"id":"deadb80e3d15","height":null,"num_floors":null,"render_height_m":9.6,"height_label":"assumed"}},{"type":"Feature","geometry":{"type":"Polygon","coordinates":[[[78.452688,17.395681],[78.452653,17.395808],[78.452534,17.395777],[78.452569,17.395651],[78.452688,17.395681]]]},"properties":{"id":"69b0e4218d52","height":null,"num_floors":null,"render_height_m":9.6,"height_label":"assumed"}},{"type":"Feature","geometry":{"type":"Polygon","coordinates":[[[78.452577,17.395604],[78.452622,17.395465],[78.452749,17.395502],[78.452704,17.395641],[78.452577,17.395604]]]},"properties":{"id":"1c5ea20e3ec3","height":null,"num_floors":null,"render_height_m":9.6,"height_label":"assumed"}},{"type":"Feature","geometry":{"type":"Polygon","coordinates":[[[78.452626,17.395458],[78.452641,17.395401],[78.452764,17.395431],[78.452748,17.395488],[78.452626,17.395458]]]},"properties":{"id":"da0328ab1726","height":null,"num_floors":null,"render_height_m":9.6,"height_label":"assumed"}},{"type":"Feature","geometry":{"type":"Polygon","coordinates":[[[78.454071,17.395747],[78.453952,17.395696],[78.453994,17.395607],[78.454113,17.395658],[78.454071,17.395747]]]},"properties":{"id":"86a34dc02d46","height":null,"num_floors":null,"render_height_m":9.6,"height_label":"assumed"}},{"type":"Feature","geometry":{"type":"Polygon","coordinates":[[[78.454062,17.395532],[78.453978,17.395509],[78.454024,17.395353],[78.454108,17.395376],[78.454062,17.395532]]]},"properties":{"id":"63dd7b8bc202","height":null,"num_floors":null,"render_height_m":9.6,"height_label":"assumed"}},{"type":"Feature","geometry":{"type":"Polygon","coordinates":[[[78.454186,17.395547],[78.454097,17.395525],[78.454143,17.395361],[78.454233,17.395384],[78.454186,17.395547]]]},"properties":{"id":"5294ad86bae7","height":null,"num_floors":null,"render_height_m":9.6,"height_label":"assumed"}},{"type":"Feature","geometry":{"type":"Polygon","coordinates":[[[78.454319,17.395788],[78.454246,17.395776],[78.454269,17.395644],[78.454343,17.395657],[78.454319,17.395788]]]},"properties":{"id":"6d01bddadad2","height":null,"num_floors":null,"render_height_m":9.6,"height_label":"assumed"}},{"type":"Feature","geometry":{"type":"Polygon","coordinates":[[[78.454137,17.395826],[78.454214,17.39584],[78.454208,17.395871],[78.454188,17.395867],[78.454182,17.395901],[78.454125,17.395891],[78.454137,17.395826]]]},"properties":{"id":"498ae4168a1f","height":null,"num_floors":null,"render_height_m":6.4,"height_label":"assumed"}},{"type":"Feature","geometry":{"type":"Polygon","coordinates":[[[78.454226,17.395911],[78.454243,17.3958],[78.454324,17.395812],[78.454307,17.395923],[78.454226,17.395911]]]},"properties":{"id":"f15a38d3d581","height":null,"num_floors":null,"render_height_m":9.6,"height_label":"assumed"}},{"type":"Feature","geometry":{"type":"Polygon","coordinates":[[[78.45434,17.396111],[78.454207,17.396053],[78.454252,17.395959],[78.454385,17.396018],[78.45434,17.396111]]]},"properties":{"id":"18f3fb792cf8","height":null,"num_floors":null,"render_height_m":9.6,"height_label":"assumed"}},{"type":"Feature","geometry":{"type":"Polygon","coordinates":[[[78.45403,17.395818],[78.453941,17.395772],[78.453972,17.395717],[78.454062,17.395763],[78.45403,17.395818]]]},"properties":{"id":"9264a29ea0d7","height":null,"num_floors":null,"render_height_m":6.4,"height_label":"assumed"}},{"type":"Feature","geometry":{"type":"Polygon","coordinates":[[[78.453983,17.395891],[78.453876,17.395834],[78.453911,17.395776],[78.454018,17.395833],[78.453983,17.395891]]]},"properties":{"id":"47900bfd5c76","height":null,"num_floors":null,"render_height_m":9.6,"height_label":"assumed"}},{"type":"Feature","geometry":{"type":"Polygon","coordinates":[[[78.453915,17.396025],[78.4538,17.395972],[78.45383,17.395914],[78.453945,17.395967],[78.453915,17.396025]]]},"properties":{"id":"61d41b28e8f6","height":null,"num_floors":null,"render_height_m":9.6,"height_label":"assumed"}},{"type":"Feature","geometry":{"type":"Polygon","coordinates":[[[78.45389,17.39609],[78.45377,17.396035],[78.453798,17.39598],[78.453918,17.396035],[78.45389,17.39609]]]},"properties":{"id":"c8278954c246","height":null,"num_floors":null,"render_height_m":9.6,"height_label":"assumed"}},{"type":"Feature","geometry":{"type":"Polygon","coordinates":[[[78.453777,17.395954],[78.453672,17.395907],[78.453701,17.395847],[78.453806,17.395894],[78.453777,17.395954]]]},"properties":{"id":"d010bb48d763","height":null,"num_floors":null,"render_height_m":9.6,"height_label":"assumed"}},{"type":"Feature","geometry":{"type":"Polygon","coordinates":[[[78.45381,17.395878],[78.453724,17.395842],[78.453753,17.39578],[78.453839,17.395816],[78.45381,17.395878]]]},"properties":{"id":"d6d09adea76b","height":null,"num_floors":null,"render_height_m":6.4,"height_label":"assumed"}},{"type":"Feature","geometry":{"type":"Polygon","coordinates":[[[78.453861,17.395811],[78.453741,17.395757],[78.453771,17.395696],[78.453891,17.395751],[78.453861,17.395811]]]},"properties":{"id":"6c34d7aca7dd","height":null,"num_floors":null,"render_height_m":9.6,"height_label":"assumed"}},{"type":"Feature","geometry":{"type":"Polygon","coordinates":[[[78.453975,17.395902],[78.453942,17.395957],[78.453829,17.395896],[78.453862,17.395841],[78.453975,17.395902]]]},"properties":{"id":"e75be9cc4a36","height":null,"num_floors":null,"render_height_m":9.6,"height_label":"assumed"}},{"type":"Feature","geometry":{"type":"Polygon","coordinates":[[[78.453926,17.395667],[78.453894,17.395735],[78.453776,17.395685],[78.453807,17.395616],[78.453926,17.395667]]]},"properties":{"id":"87a97e731dd7","height":null,"num_floors":null,"render_height_m":9.6,"height_label":"assumed"}},{"type":"Feature","geometry":{"type":"Polygon","coordinates":[[[78.453709,17.395634],[78.453615,17.395591],[78.453667,17.395485],[78.453761,17.395527],[78.453709,17.395634]]]},"properties":{"id":"ee18f3b3146e","height":null,"num_floors":null,"render_height_m":9.6,"height_label":"assumed"}},{"type":"Feature","geometry":{"type":"Polygon","coordinates":[[[78.453605,17.39558],[78.45348,17.395516],[78.453525,17.395436],[78.45365,17.3955],[78.453605,17.39558]]]},"properties":{"id":"16f24e2145b3","height":null,"num_floors":null,"render_height_m":9.6,"height_label":"assumed"}},{"type":"Feature","geometry":{"type":"Polygon","coordinates":[[[78.453624,17.39577],[78.453521,17.395714],[78.453594,17.395594],[78.453697,17.39565],[78.453624,17.39577]]]},"properties":{"id":"e674a338176d","height":null,"num_floors":null,"render_height_m":9.6,"height_label":"assumed"}},{"type":"Feature","geometry":{"type":"Polygon","coordinates":[[[78.45359,17.395855],[78.453473,17.395795],[78.45351,17.395729],[78.453627,17.395789],[78.45359,17.395855]]]},"properties":{"id":"e35ebf453406","height":null,"num_floors":null,"render_height_m":9.6,"height_label":"assumed"}},{"type":"Feature","geometry":{"type":"Polygon","coordinates":[[[78.453644,17.395986],[78.453675,17.395917],[78.453787,17.395964],[78.453755,17.396032],[78.453644,17.395986]]]},"properties":{"id":"b1576a118756","height":null,"num_floors":null,"render_height_m":9.6,"height_label":"assumed"}},{"type":"Feature","geometry":{"type":"Polygon","coordinates":[[[78.453744,17.396037],[78.453718,17.396103],[78.453622,17.396069],[78.453648,17.396003],[78.453744,17.396037]]]},"properties":{"id":"57c309b03cdc","height":null,"num_floors":null,"render_height_m":9.6,"height_label":"assumed"}},{"type":"Feature","geometry":{"type":"Polygon","coordinates":[[[78.453463,17.396131],[78.453334,17.396077],[78.453385,17.395966],[78.453513,17.396019],[78.453463,17.396131]]]},"properties":{"id":"f4072a27ceaf","height":null,"num_floors":null,"render_height_m":9.6,"height_label":"assumed"}},{"type":"Feature","geometry":{"type":"Polygon","coordinates":[[[78.453509,17.396006],[78.453397,17.395958],[78.453428,17.395892],[78.45354,17.39594],[78.453509,17.396006]]]},"properties":{"id":"d53bfc54c984","height":null,"num_floors":null,"render_height_m":9.6,"height_label":"assumed"}},{"type":"Feature","geometry":{"type":"Polygon","coordinates":[[[78.453558,17.395922],[78.453438,17.39587],[78.453467,17.395809],[78.453587,17.395861],[78.453558,17.395922]]]},"properties":{"id":"9e33c3c7ee08","height":null,"num_floors":null,"render_height_m":9.6,"height_label":"assumed"}},{"type":"Feature","geometry":{"type":"Polygon","coordinates":[[[78.453376,17.395936],[78.453276,17.395893],[78.453303,17.395834],[78.453404,17.395877],[78.453376,17.395936]]]},"properties":{"id":"5ff93c4530bf","height":null,"num_floors":null,"render_height_m":9.6,"height_label":"assumed"}},{"type":"Feature","geometry":{"type":"Polygon","coordinates":[[[78.453204,17.396049],[78.453235,17.395976],[78.453346,17.396018],[78.453316,17.396091],[78.453204,17.396049]]]},"properties":{"id":"017d7f630cbc","height":null,"num_floors":null,"render_height_m":9.6,"height_label":"assumed"}},{"type":"Feature","geometry":{"type":"Polygon","coordinates":[[[78.45335,17.396008],[78.453244,17.395963],[78.453271,17.395906],[78.453377,17.395951],[78.45335,17.396008]]]},"properties":{"id":"a309a84f0881","height":null,"num_floors":null,"render_height_m":9.6,"height_label":"assumed"}},{"type":"Feature","geometry":{"type":"Polygon","coordinates":[[[78.45309,17.395685],[78.453178,17.395707],[78.453162,17.395768],[78.453074,17.395747],[78.45309,17.395685]]]},"properties":{"id":"4f0266dd80af","height":null,"num_floors":null,"render_height_m":6.4,"height_label":"assumed"}},{"type":"Feature","geometry":{"type":"Polygon","coordinates":[[[78.45283,17.395764],[78.452704,17.395732],[78.452722,17.395668],[78.452848,17.3957],[78.45283,17.395764]]]},"properties":{"id":"58709fde9045","height":null,"num_floors":null,"render_height_m":9.6,"height_label":"assumed"}},{"type":"Feature","geometry":{"type":"Polygon","coordinates":[[[78.452848,17.395688],[78.45272,17.395655],[78.452738,17.395591],[78.452867,17.395624],[78.452848,17.395688]]]},"properties":{"id":"07762ee72eed","height":null,"num_floors":null,"render_height_m":9.6,"height_label":"assumed"}},{"type":"Feature","geometry":{"type":"Polygon","coordinates":[[[78.452869,17.395605],[78.452737,17.395571],[78.452759,17.395495],[78.452891,17.395529],[78.452869,17.395605]]]},"properties":{"id":"dcb007834a4f","height":null,"num_floors":null,"render_height_m":9.6,"height_label":"assumed"}},{"type":"Feature","geometry":{"type":"Polygon","coordinates":[[[78.452897,17.39552],[78.452759,17.395485],[78.452779,17.395414],[78.452917,17.39545],[78.452897,17.39552]]]},"properties":{"id":"09fcfcc4c2c8","height":null,"num_floors":null,"render_height_m":9.6,"height_label":"assumed"}},{"type":"Feature","geometry":{"type":"Polygon","coordinates":[[[78.453006,17.395771],[78.453157,17.395809],[78.453129,17.395912],[78.452978,17.395874],[78.453006,17.395771]]]},"properties":{"id":"0326976f7dd1","height":null,"num_floors":null,"render_height_m":9.6,"height_label":"assumed"}},{"type":"Feature","geometry":{"type":"Polygon","coordinates":[[[78.452889,17.396029],[78.45286,17.396142],[78.4528,17.396128],[78.452829,17.396015],[78.452889,17.396029]]]},"properties":{"id":"68647968f614","height":null,"num_floors":null,"render_height_m":9.6,"height_label":"assumed"}},{"type":"Feature","geometry":{"type":"Polygon","coordinates":[[[78.452803,17.395849],[78.452669,17.395815],[78.45269,17.395741],[78.452824,17.395776],[78.452803,17.395849]]]},"properties":{"id":"cd06d83d9d26","height":null,"num_floors":null,"render_height_m":9.6,"height_label":"assumed"}},{"type":"Feature","geometry":{"type":"Polygon","coordinates":[[[78.452786,17.395926],[78.452649,17.395891],[78.452666,17.395828],[78.452803,17.395863],[78.452786,17.395926]]]},"properties":{"id":"264ed8f72c78","height":null,"num_floors":null,"render_height_m":9.6,"height_label":"assumed"}},{"type":"Feature","geometry":{"type":"Polygon","coordinates":[[[78.452789,17.396122],[78.452714,17.396105],[78.452743,17.395992],[78.452818,17.396009],[78.452789,17.396122]]]},"properties":{"id":"5b2d59a5bad9","height":null,"num_floors":null,"render_height_m":9.6,"height_label":"assumed"}},{"type":"Feature","geometry":{"type":"Polygon","coordinates":[[[78.452744,17.396269],[78.452662,17.39625],[78.452692,17.396135],[78.452773,17.396154],[78.452744,17.396269]]]},"properties":{"id":"5767859dc0d5","height":null,"num_floors":null,"render_height_m":9.6,"height_label":"assumed"}},{"type":"Feature","geometry":{"type":"Polygon","coordinates":[[[78.45277,17.396486],[78.452696,17.396468],[78.452724,17.396359],[78.452799,17.396377],[78.45277,17.396486]]]},"properties":{"id":"261c929ff8ac","height":null,"num_floors":null,"render_height_m":9.6,"height_label":"assumed"}},{"type":"Feature","geometry":{"type":"Polygon","coordinates":[[[78.452853,17.396503],[78.452782,17.396486],[78.452806,17.396392],[78.452878,17.396409],[78.452853,17.396503]]]},"properties":{"id":"c064c1e7149a","height":null,"num_floors":null,"render_height_m":9.6,"height_label":"assumed"}},{"type":"Feature","geometry":{"type":"Polygon","coordinates":[[[78.452902,17.396308],[78.452834,17.396293],[78.45286,17.396192],[78.452928,17.396208],[78.452902,17.396308]]]},"properties":{"id":"b1938cbbeb2a","height":null,"num_floors":null,"render_height_m":9.6,"height_label":"assumed"}},{"type":"Feature","geometry":{"type":"Polygon","coordinates":[[[78.452824,17.396291],[78.452757,17.396276],[78.452786,17.396162],[78.452853,17.396178],[78.452824,17.396291]]]},"properties":{"id":"5fd0659868f0","height":null,"num_floors":null,"render_height_m":9.6,"height_label":"assumed"}},{"type":"Feature","geometry":{"type":"Polygon","coordinates":[[[78.452942,17.396171],[78.452866,17.396153],[78.452894,17.396042],[78.452971,17.396059],[78.452942,17.396171]]]},"properties":{"id":"5784ee7b4c59","height":null,"num_floors":null,"render_height_m":9.6,"height_label":"assumed"}},{"type":"Feature","geometry":{"type":"Polygon","coordinates":[[[78.452996,17.396331],[78.45292,17.396314],[78.45295,17.396199],[78.453025,17.396217],[78.452996,17.396331]]]},"properties":{"id":"7bf85defae31","height":null,"num_floors":null,"render_height_m":9.6,"height_label":"assumed"}},{"type":"Feature","geometry":{"type":"Polygon","coordinates":[[[78.453042,17.396185],[78.452957,17.396165],[78.452985,17.396058],[78.45307,17.396078],[78.453042,17.396185]]]},"properties":{"id":"bb07cea7950e","height":null,"num_floors":null,"render_height_m":9.6,"height_label":"assumed"}},{"type":"Feature","geometry":{"type":"Polygon","coordinates":[[[78.452929,17.396522],[78.452858,17.396505],[78.452883,17.39641],[78.452954,17.396427],[78.452929,17.396522]]]},"properties":{"id":"b203e3a84a11","height":null,"num_floors":null,"render_height_m":9.6,"height_label":"assumed"}},{"type":"Feature","geometry":{"type":"Polygon","coordinates":[[[78.453178,17.39646],[78.453159,17.396528],[78.453039,17.396497],[78.453058,17.396429],[78.453178,17.39646]]]},"properties":{"id":"b2159a743e18","height":null,"num_floors":null,"render_height_m":9.6,"height_label":"assumed"}},{"type":"Feature","geometry":{"type":"Polygon","coordinates":[[[78.453129,17.396531],[78.453108,17.396606],[78.452996,17.396577],[78.453017,17.396503],[78.453129,17.396531]]]},"properties":{"id":"17b3f32e9d75","height":null,"num_floors":null,"render_height_m":9.6,"height_label":"assumed"}},{"type":"Feature","geometry":{"type":"Polygon","coordinates":[[[78.453096,17.396697],[78.452979,17.396666],[78.453001,17.396589],[78.453118,17.396619],[78.453096,17.396697]]]},"properties":{"id":"e01392f886c8","height":null,"num_floors":null,"render_height_m":9.6,"height_label":"assumed"}},{"type":"Feature","geometry":{"type":"Polygon","coordinates":[[[78.453036,17.396685],[78.453098,17.396703],[78.453077,17.396769],[78.453015,17.396751],[78.453036,17.396685]]]},"properties":{"id":"419453520948","height":null,"num_floors":null,"render_height_m":6.4,"height_label":"assumed"}},{"type":"Feature","geometry":{"type":"Polygon","coordinates":[[[78.453048,17.396835],[78.452932,17.396807],[78.452948,17.396749],[78.453063,17.396776],[78.453048,17.396835]]]},"properties":{"id":"6db96bfacbce","height":null,"num_floors":null,"render_height_m":9.6,"height_label":"assumed"}},{"type":"Feature","geometry":{"type":"Polygon","coordinates":[[[78.452853,17.396818],[78.452738,17.396791],[78.452756,17.396722],[78.452871,17.39675],[78.452853,17.396818]]]},"properties":{"id":"023b482b0aec","height":null,"num_floors":null,"render_height_m":9.6,"height_label":"assumed"}},{"type":"Feature","geometry":{"type":"Polygon","coordinates":[[[78.45291,17.39668],[78.452818,17.396658],[78.45285,17.396532],[78.452942,17.396554],[78.45291,17.39668]]]},"properties":{"id":"7ed0cd99843c","height":null,"num_floors":null,"render_height_m":9.6,"height_label":"assumed"}},{"type":"Feature","geometry":{"type":"Polygon","coordinates":[[[78.452813,17.396648],[78.452738,17.39663],[78.452772,17.396498],[78.452848,17.396515],[78.452813,17.396648]]]},"properties":{"id":"e4a2bcbec8d6","height":null,"num_floors":null,"render_height_m":9.6,"height_label":"assumed"}},{"type":"Feature","geometry":{"type":"Polygon","coordinates":[[[78.452726,17.396614],[78.452655,17.396597],[78.452683,17.396488],[78.452754,17.396505],[78.452726,17.396614]]]},"properties":{"id":"6b3c022529e2","height":null,"num_floors":null,"render_height_m":9.6,"height_label":"assumed"}},{"type":"Feature","geometry":{"type":"Polygon","coordinates":[[[78.452817,17.396906],[78.452797,17.396983],[78.452695,17.396959],[78.452714,17.396882],[78.452817,17.396906]]]},"properties":{"id":"75549b8ae923","height":null,"num_floors":null,"render_height_m":9.6,"height_label":"assumed"}},{"type":"Feature","geometry":{"type":"Polygon","coordinates":[[[78.452834,17.396901],[78.452718,17.396873],[78.452735,17.396807],[78.452851,17.396835],[78.452834,17.396901]]]},"properties":{"id":"97408512bb99","height":null,"num_floors":null,"render_height_m":9.6,"height_label":"assumed"}},{"type":"Feature","geometry":{"type":"Polygon","coordinates":[[[78.452954,17.397176],[78.452821,17.397144],[78.452839,17.397078],[78.452971,17.397109],[78.452954,17.397176]]]},"properties":{"id":"23ff1fe0eebb","height":null,"num_floors":null,"render_height_m":9.6,"height_label":"assumed"}},{"type":"Feature","geometry":{"type":"Polygon","coordinates":[[[78.452779,17.397052],[78.452657,17.397023],[78.452672,17.396966],[78.452794,17.396995],[78.452779,17.397052]]]},"properties":{"id":"dbd794865ca4","height":null,"num_floors":null,"render_height_m":9.6,"height_label":"assumed"}},{"type":"Feature","geometry":{"type":"Polygon","coordinates":[[[78.452793,17.397487],[78.452584,17.397439],[78.452605,17.397354],[78.452815,17.397402],[78.452793,17.397487]]]},"properties":{"id":"2feb110cb9ab","height":null,"num_floors":null,"render_height_m":9.6,"height_label":"assumed"}},{"type":"Feature","geometry":{"type":"Polygon","coordinates":[[[78.452945,17.397198],[78.452925,17.397274],[78.452782,17.39724],[78.452802,17.397164],[78.452945,17.397198]]]},"properties":{"id":"3519465e1e07","height":null,"num_floors":null,"render_height_m":9.6,"height_label":"assumed"}},{"type":"Feature","geometry":{"type":"Polygon","coordinates":[[[78.45307,17.397312],[78.452947,17.397282],[78.452966,17.397207],[78.45309,17.397237],[78.45307,17.397312]]]},"properties":{"id":"bbc23e4c1119","height":null,"num_floors":null,"render_height_m":9.6,"height_label":"assumed"}},{"type":"Feature","geometry":{"type":"Polygon","coordinates":[[[78.453143,17.39707],[78.453016,17.39704],[78.453037,17.396961],[78.453164,17.396991],[78.453143,17.39707]]]},"properties":{"id":"8af1954529ec","height":null,"num_floors":null,"render_height_m":9.6,"height_label":"assumed"}},{"type":"Feature","geometry":{"type":"Polygon","coordinates":[[[78.453105,17.397209],[78.452973,17.397178],[78.453006,17.397049],[78.453139,17.39708],[78.453105,17.397209]]]},"properties":{"id":"240f32bfb443","height":null,"num_floors":null,"render_height_m":9.6,"height_label":"assumed"}},{"type":"Feature","geometry":{"type":"Polygon","coordinates":[[[78.452976,17.397095],[78.45285,17.397065],[78.452867,17.396998],[78.452993,17.397028],[78.452976,17.397095]]]},"properties":{"id":"722e4ca3d795","height":null,"num_floors":null,"render_height_m":9.6,"height_label":"assumed"}},{"type":"Feature","geometry":{"type":"Polygon","coordinates":[[[78.453001,17.397009],[78.452872,17.396978],[78.452892,17.396902],[78.453021,17.396933],[78.453001,17.397009]]]},"properties":{"id":"ba1794226c6f","height":null,"num_floors":null,"render_height_m":9.6,"height_label":"assumed"}},{"type":"Feature","geometry":{"type":"Polygon","coordinates":[[[78.453033,17.396925],[78.452897,17.396893],[78.452914,17.396826],[78.45305,17.396859],[78.453033,17.396925]]]},"properties":{"id":"d2cac0af226a","height":null,"num_floors":null,"render_height_m":9.6,"height_label":"assumed"}},{"type":"Feature","geometry":{"type":"Polygon","coordinates":[[[78.453205,17.396887],[78.453068,17.396855],[78.453087,17.396783],[78.453224,17.396815],[78.453205,17.396887]]]},"properties":{"id":"dc8d799cad7c","height":null,"num_floors":null,"render_height_m":9.6,"height_label":"assumed"}},{"type":"Feature","geometry":{"type":"Polygon","coordinates":[[[78.453174,17.396963],[78.453041,17.396931],[78.453057,17.396869],[78.45319,17.396901],[78.453174,17.396963]]]},"properties":{"id":"75e1d49c7fdd","height":null,"num_floors":null,"render_height_m":9.6,"height_label":"assumed"}},{"type":"Feature","geometry":{"type":"Polygon","coordinates":[[[78.453384,17.397027],[78.453359,17.397103],[78.453227,17.397063],[78.453252,17.396987],[78.453384,17.397027]]]},"properties":{"id":"edddcdc01b31","height":null,"num_floors":null,"render_height_m":9.6,"height_label":"assumed"}},{"type":"Feature","geometry":{"type":"Polygon","coordinates":[[[78.453334,17.397184],[78.453215,17.397151],[78.453236,17.397081],[78.453355,17.397113],[78.453334,17.397184]]]},"properties":{"id":"7e5872675e33","height":null,"num_floors":null,"render_height_m":9.6,"height_label":"assumed"}},{"type":"Feature","geometry":{"type":"Polygon","coordinates":[[[78.453252,17.397344],[78.453165,17.397318],[78.453187,17.397253],[78.453274,17.397279],[78.453252,17.397344]]]},"properties":{"id":"5ad4241a5d10","height":null,"num_floors":null,"render_height_m":6.4,"height_label":"assumed"}},{"type":"Feature","geometry":{"type":"Polygon","coordinates":[[[78.45331,17.397282],[78.453181,17.397243],[78.453211,17.397155],[78.453339,17.397194],[78.45331,17.397282]]]},"properties":{"id":"153623739788","height":null,"num_floors":null,"render_height_m":9.6,"height_label":"assumed"}},{"type":"Feature","geometry":{"type":"Polygon","coordinates":[[[78.45345,17.39731],[78.453327,17.397273],[78.453351,17.397199],[78.453475,17.397237],[78.45345,17.39731]]]},"properties":{"id":"1583accc94f2","height":null,"num_floors":null,"render_height_m":9.6,"height_label":"assumed"}},{"type":"Feature","geometry":{"type":"Polygon","coordinates":[[[78.453421,17.397408],[78.45329,17.397368],[78.453313,17.397298],[78.453444,17.397337],[78.453421,17.397408]]]},"properties":{"id":"44375817387b","height":null,"num_floors":null,"render_height_m":9.6,"height_label":"assumed"}},{"type":"Feature","geometry":{"type":"Polygon","coordinates":[[[78.453474,17.397228],[78.453348,17.397189],[78.453373,17.397117],[78.453498,17.397155],[78.453474,17.397228]]]},"properties":{"id":"11c8331d9d84","height":null,"num_floors":null,"render_height_m":9.6,"height_label":"assumed"}},{"type":"Feature","geometry":{"type":"Polygon","coordinates":[[[78.453521,17.397077],[78.453396,17.397039],[78.45342,17.396968],[78.453545,17.397006],[78.453521,17.397077]]]},"properties":{"id":"dea4a04a05ea","height":null,"num_floors":null,"render_height_m":9.6,"height_label":"assumed"}},{"type":"Feature","geometry":{"type":"Polygon","coordinates":[[[78.4535,17.397146],[78.453376,17.397108],[78.453395,17.397052],[78.453519,17.397089],[78.4535,17.397146]]]},"properties":{"id":"7dbc21011459","height":null,"num_floors":null,"render_height_m":9.6,"height_label":"assumed"}},{"type":"Feature","geometry":{"type":"Polygon","coordinates":[[[78.453298,17.396855],[78.453427,17.396894],[78.453404,17.396965],[78.453274,17.396925],[78.453298,17.396855]]]},"properties":{"id":"17a4597e4bbe","height":null,"num_floors":null,"render_height_m":9.6,"height_label":"assumed"}},{"type":"Feature","geometry":{"type":"Polygon","coordinates":[[[78.453455,17.396789],[78.45343,17.396862],[78.453307,17.396825],[78.453332,17.396752],[78.453455,17.396789]]]},"properties":{"id":"f5688f2ac1a4","height":null,"num_floors":null,"render_height_m":9.6,"height_label":"assumed"}},{"type":"Feature","geometry":{"type":"Polygon","coordinates":[[[78.453546,17.396995],[78.453429,17.39696],[78.453446,17.396908],[78.453563,17.396944],[78.453546,17.396995]]]},"properties":{"id":"8bb03a244b95","height":null,"num_floors":null,"render_height_m":6.4,"height_label":"assumed"}},{"type":"Feature","geometry":{"type":"Polygon","coordinates":[[[78.453492,17.396704],[78.453354,17.396662],[78.45338,17.396586],[78.453518,17.396628],[78.453492,17.396704]]]},"properties":{"id":"e1450298daec","height":null,"num_floors":null,"render_height_m":9.6,"height_label":"assumed"}},{"type":"Feature","geometry":{"type":"Polygon","coordinates":[[[78.453541,17.396533],[78.453516,17.396609],[78.453379,17.396568],[78.453405,17.396491],[78.453541,17.396533]]]},"properties":{"id":"74bdf3a6a5e2","height":null,"num_floors":null,"render_height_m":9.6,"height_label":"assumed"}},{"type":"Feature","geometry":{"type":"Polygon","coordinates":[[[78.45346,17.396781],[78.45333,17.396742],[78.453352,17.396675],[78.453482,17.396714],[78.45346,17.396781]]]},"properties":{"id":"21f4a9a7747e","height":null,"num_floors":null,"render_height_m":9.6,"height_label":"assumed"}},{"type":"Feature","geometry":{"type":"Polygon","coordinates":[[[78.453184,17.396646],[78.45329,17.396676],[78.453268,17.39675],[78.453209,17.396734],[78.453218,17.396705],[78.45317,17.396692],[78.453184,17.396646]]]},"properties":{"id":"19ad6a5ea87f","height":null,"num_floors":null,"render_height_m":9.6,"height_label":"assumed"}},{"type":"Feature","geometry":{"type":"Polygon","coordinates":[[[78.453186,17.396728],[78.453166,17.396794],[78.453146,17.396788],[78.453167,17.396722],[78.453186,17.396728]]]},"properties":{"id":"1dae668bb1d2","height":null,"num_floors":null,"render_height_m":6.4,"height_label":"assumed"}},{"type":"Feature","geometry":{"type":"Polygon","coordinates":[[[78.453268,17.396645],[78.453126,17.396606],[78.453145,17.396542],[78.453287,17.396582],[78.453268,17.396645]]]},"properties":{"id":"9d3d9c851a1c","height":null,"num_floors":null,"render_height_m":9.6,"height_label":"assumed"}},{"type":"Feature","geometry":{"type":"Polygon","coordinates":[[[78.453297,17.396579],[78.453162,17.396542],[78.453183,17.39647],[78.453319,17.396507],[78.453297,17.396579]]]},"properties":{"id":"959614982c9f","height":null,"num_floors":null,"render_height_m":9.6,"height_label":"assumed"}},{"type":"Feature","geometry":{"type":"Polygon","coordinates":[[[78.453338,17.396425],[78.453226,17.396381],[78.453259,17.396304],[78.453371,17.396347],[78.453338,17.396425]]]},"properties":{"id":"93decaaf3707","height":null,"num_floors":null,"render_height_m":9.6,"height_label":"assumed"}},{"type":"Feature","geometry":{"type":"Polygon","coordinates":[[[78.453084,17.396357],[78.4531,17.396303],[78.453225,17.396337],[78.453209,17.396391],[78.453084,17.396357]]]},"properties":{"id":"ff8c2e1fe2ef","height":null,"num_floors":null,"render_height_m":9.6,"height_label":"assumed"}},{"type":"Feature","geometry":{"type":"Polygon","coordinates":[[[78.453236,17.396319],[78.453111,17.396278],[78.45314,17.396199],[78.453265,17.39624],[78.453236,17.396319]]]},"properties":{"id":"16a1ba085c02","height":null,"num_floors":null,"render_height_m":9.6,"height_label":"assumed"}},{"type":"Feature","geometry":{"type":"Polygon","coordinates":[[[78.453271,17.396224],[78.453151,17.396187],[78.453194,17.39606],[78.453313,17.396097],[78.453271,17.396224]]]},"properties":{"id":"a078e3b7773f","height":null,"num_floors":null,"render_height_m":9.6,"height_label":"assumed"}},{"type":"Feature","geometry":{"type":"Polygon","coordinates":[[[78.453432,17.396201],[78.453304,17.396152],[78.453328,17.396094],[78.453457,17.396143],[78.453432,17.396201]]]},"properties":{"id":"4ff94c7f160f","height":null,"num_floors":null,"render_height_m":9.6,"height_label":"assumed"}},{"type":"Feature","geometry":{"type":"Polygon","coordinates":[[[78.453404,17.396265],[78.453284,17.39622],[78.453306,17.396164],[78.453427,17.39621],[78.453404,17.396265]]]},"properties":{"id":"7b827e248f6a","height":null,"num_floors":null,"render_height_m":9.6,"height_label":"assumed"}},{"type":"Feature","geometry":{"type":"Polygon","coordinates":[[[78.453375,17.39634],[78.453252,17.396295],[78.453281,17.396224],[78.453404,17.39627],[78.453375,17.39634]]]},"properties":{"id":"b6fea3b6b65a","height":null,"num_floors":null,"render_height_m":9.6,"height_label":"assumed"}},{"type":"Feature","geometry":{"type":"Polygon","coordinates":[[[78.453559,17.396494],[78.453416,17.39645],[78.453441,17.396375],[78.453584,17.396419],[78.453559,17.396494]]]},"properties":{"id":"e9a7aea26314","height":null,"num_floors":null,"render_height_m":9.6,"height_label":"assumed"}},{"type":"Feature","geometry":{"type":"Polygon","coordinates":[[[78.45367,17.396216],[78.453647,17.396275],[78.453527,17.396232],[78.45355,17.396173],[78.45367,17.396216]]]},"properties":{"id":"fa08b8cf10fb","height":null,"num_floors":null,"render_height_m":9.6,"height_label":"assumed"}},{"type":"Feature","geometry":{"type":"Polygon","coordinates":[[[78.453691,17.396176],[78.453573,17.396133],[78.453597,17.396072],[78.453715,17.396115],[78.453691,17.396176]]]},"properties":{"id":"4e0c9f2ca301","height":null,"num_floors":null,"render_height_m":9.6,"height_label":"assumed"}},{"type":"Feature","geometry":{"type":"Polygon","coordinates":[[[78.453758,17.396378],[78.453658,17.396341],[78.453683,17.396276],[78.453784,17.396312],[78.453758,17.396378]]]},"properties":{"id":"72f307fcd72b","height":null,"num_floors":null,"render_height_m":9.6,"height_label":"assumed"}},{"type":"Feature","geometry":{"type":"Polygon","coordinates":[[[78.453734,17.396441],[78.453614,17.396398],[78.453633,17.396351],[78.453752,17.396394],[78.453734,17.396441]]]},"properties":{"id":"30169c31131e","height":null,"num_floors":null,"render_height_m":6.4,"height_label":"assumed"}},{"type":"Feature","geometry":{"type":"Polygon","coordinates":[[[78.453607,17.396386],[78.453474,17.396338],[78.453497,17.39628],[78.45363,17.396328],[78.453607,17.396386]]]},"properties":{"id":"e326480a3554","height":null,"num_floors":null,"render_height_m":9.6,"height_label":"assumed"}},{"type":"Feature","geometry":{"type":"Polygon","coordinates":[[[78.453651,17.396662],[78.453535,17.396627],[78.453561,17.396547],[78.453678,17.396582],[78.453651,17.396662]]]},"properties":{"id":"436c0e32b8fb","height":null,"num_floors":null,"render_height_m":9.6,"height_label":"assumed"}},{"type":"Feature","geometry":{"type":"Polygon","coordinates":[[[78.453623,17.396753],[78.453497,17.396715],[78.453523,17.396639],[78.453648,17.396677],[78.453623,17.396753]]]},"properties":{"id":"a8142a66fa5a","height":null,"num_floors":null,"render_height_m":9.6,"height_label":"assumed"}},{"type":"Feature","geometry":{"type":"Polygon","coordinates":[[[78.453584,17.396828],[78.453477,17.396796],[78.453496,17.396738],[78.453603,17.39677],[78.453584,17.396828]]]},"properties":{"id":"6f4967419a60","height":null,"num_floors":null,"render_height_m":9.6,"height_label":"assumed"}},{"type":"Feature","geometry":{"type":"Polygon","coordinates":[[[78.453705,17.396518],[78.453578,17.396473],[78.453606,17.396403],[78.453732,17.396449],[78.453705,17.396518]]]},"properties":{"id":"538c0e8f8db6","height":null,"num_floors":null,"render_height_m":9.6,"height_label":"assumed"}},{"type":"Feature","geometry":{"type":"Polygon","coordinates":[[[78.453801,17.396311],[78.453679,17.396267],[78.453704,17.396205],[78.453825,17.396249],[78.453801,17.396311]]]},"properties":{"id":"197616981aa7","height":null,"num_floors":null,"render_height_m":9.6,"height_label":"assumed"}},{"type":"Feature","geometry":{"type":"Polygon","coordinates":[[[78.453834,17.396238],[78.4537,17.39619],[78.453726,17.396126],[78.453859,17.396174],[78.453834,17.396238]]]},"properties":{"id":"c30bdcfb77b0","height":null,"num_floors":null,"render_height_m":9.6,"height_label":"assumed"}},{"type":"Feature","geometry":{"type":"Polygon","coordinates":[[[78.453866,17.39616],[78.453733,17.396112],[78.453756,17.396055],[78.453889,17.396103],[78.453866,17.39616]]]},"properties":{"id":"a8a9d7a3b9f5","height":null,"num_floors":null,"render_height_m":9.6,"height_label":"assumed"}},{"type":"Feature","geometry":{"type":"Polygon","coordinates":[[[78.454136,17.396202],[78.454173,17.39612],[78.4543,17.396173],[78.454263,17.396254],[78.454136,17.396202]]]},"properties":{"id":"7d6558c0c4f5","height":null,"num_floors":null,"render_height_m":9.6,"height_label":"assumed"}},{"type":"Feature","geometry":{"type":"Polygon","coordinates":[[[78.45419,17.39612],[78.454211,17.396073],[78.454332,17.396122],[78.454311,17.396169],[78.45419,17.39612]]]},"properties":{"id":"19d95852e4a4","height":null,"num_floors":null,"render_height_m":6.4,"height_label":"assumed"}},{"type":"Feature","geometry":{"type":"Polygon","coordinates":[[[78.454303,17.396328],[78.454331,17.396335],[78.45432,17.396373],[78.454291,17.396366],[78.454303,17.396328]]]},"properties":{"id":"287df92ba3c2","height":null,"num_floors":null,"render_height_m":6.4,"height_label":"assumed"}},{"type":"Feature","geometry":{"type":"Polygon","coordinates":[[[78.454281,17.3964],[78.45431,17.396408],[78.454301,17.396437],[78.454273,17.396429],[78.454281,17.3964]]]},"properties":{"id":"f9f3cd66eb07","height":null,"num_floors":null,"render_height_m":6.4,"height_label":"assumed"}},{"type":"Feature","geometry":{"type":"Polygon","coordinates":[[[78.454193,17.396405],[78.45408,17.396357],[78.454119,17.396275],[78.454232,17.396323],[78.454193,17.396405]]]},"properties":{"id":"9feb35ef46d5","height":null,"num_floors":null,"render_height_m":9.6,"height_label":"assumed"}},{"type":"Feature","geometry":{"type":"Polygon","coordinates":[[[78.454193,17.396498],[78.454224,17.39651],[78.454206,17.396554],[78.454175,17.396543],[78.454193,17.396498]]]},"properties":{"id":"58b41ebfc1fe","height":null,"num_floors":null,"render_height_m":6.4,"height_label":"assumed"}},{"type":"Feature","geometry":{"type":"Polygon","coordinates":[[[78.454228,17.396559],[78.45439,17.396601],[78.45437,17.396675],[78.454352,17.39667],[78.454344,17.396697],[78.454296,17.396685],[78.454304,17.396658],[78.454285,17.396653],[78.45429,17.396633],[78.454213,17.396614],[78.454228,17.396559]]]},"properties":{"id":"a1182ab44a44","height":null,"num_floors":null,"render_height_m":9.6,"height_label":"assumed"}},{"type":"Feature","geometry":{"type":"Polygon","coordinates":[[[78.454012,17.396505],[78.454036,17.396441],[78.454175,17.396489],[78.45415,17.396553],[78.454012,17.396505]]]},"properties":{"id":"6af8c3a7d458","height":null,"num_floors":null,"render_height_m":9.6,"height_label":"assumed"}},{"type":"Feature","geometry":{"type":"Polygon","coordinates":[[[78.453967,17.396587],[78.453999,17.39651],[78.454144,17.396564],[78.454112,17.396641],[78.453967,17.396587]]]},"properties":{"id":"98fa02142617","height":null,"num_floors":null,"render_height_m":9.6,"height_label":"assumed"}},{"type":"Feature","geometry":{"type":"Polygon","coordinates":[[[78.453923,17.396729],[78.453946,17.396653],[78.454078,17.39669],[78.454054,17.396767],[78.453923,17.396729]]]},"properties":{"id":"0a11d513c4ca","height":null,"num_floors":null,"render_height_m":9.6,"height_label":"assumed"}},{"type":"Feature","geometry":{"type":"Polygon","coordinates":[[[78.453889,17.396807],[78.453915,17.396737],[78.45405,17.396783],[78.454024,17.396853],[78.453889,17.396807]]]},"properties":{"id":"4b0d0a8b92e5","height":null,"num_floors":null,"render_height_m":9.6,"height_label":"assumed"}},{"type":"Feature","geometry":{"type":"Polygon","coordinates":[[[78.453871,17.396895],[78.453892,17.396823],[78.454015,17.396856],[78.453994,17.396927],[78.453871,17.396895]]]},"properties":{"id":"60d12da7e44b","height":null,"num_floors":null,"render_height_m":9.6,"height_label":"assumed"}},{"type":"Feature","geometry":{"type":"Polygon","coordinates":[[[78.454028,17.397042],[78.454142,17.397073],[78.454106,17.397191],[78.454042,17.397174],[78.454071,17.397076],[78.454046,17.39707],[78.454028,17.39713],[78.454004,17.397123],[78.454028,17.397042]]]},"properties":{"id":"f4b177ecd49d","height":null,"num_floors":null,"render_height_m":9.6,"height_label":"assumed"}},{"type":"Feature","geometry":{"type":"Polygon","coordinates":[[[78.45411,17.396954],[78.45419,17.396974],[78.454178,17.397021],[78.454154,17.397015],[78.454148,17.397038],[78.454092,17.397025],[78.45411,17.396954]]]},"properties":{"id":"9e5c55e96a8c","height":null,"num_floors":null,"render_height_m":6.4,"height_label":"assumed"}},{"type":"Feature","geometry":{"type":"Polygon","coordinates":[[[78.454134,17.396725],[78.454248,17.396752],[78.454214,17.396884],[78.4541,17.396856],[78.454134,17.396725]]]},"properties":{"id":"74ccd8ce17b8","height":null,"num_floors":null,"render_height_m":9.6,"height_label":"assumed"}},{"type":"Feature","geometry":{"type":"Polygon","coordinates":[[[78.45424,17.39679],[78.454314,17.396802],[78.454311,17.396823],[78.454338,17.396827],[78.454331,17.396871],[78.454229,17.396855],[78.45424,17.39679]]]},"properties":{"id":"6a659c591cbc","height":null,"num_floors":null,"render_height_m":6.4,"height_label":"assumed"}},{"type":"Feature","geometry":{"type":"Polygon","coordinates":[[[78.454297,17.396992],[78.454342,17.397],[78.454325,17.397084],[78.45428,17.397076],[78.454297,17.396992]]]},"properties":{"id":"ae0f5211efc9","height":null,"num_floors":null,"render_height_m":6.4,"height_label":"assumed"}},{"type":"Feature","geometry":{"type":"Polygon","coordinates":[[[78.454239,17.397154],[78.454368,17.397179],[78.454359,17.39722],[78.454231,17.397196],[78.454239,17.397154]]]},"properties":{"id":"63db7d7edca2","height":null,"num_floors":null,"render_height_m":6.4,"height_label":"assumed"}},{"type":"Feature","geometry":{"type":"Polygon","coordinates":[[[78.45428,17.397214],[78.454364,17.397222],[78.45435,17.397359],[78.454266,17.397351],[78.45428,17.397214]]]},"properties":{"id":"386b08b96815","height":null,"num_floors":null,"render_height_m":9.6,"height_label":"assumed"}},{"type":"Feature","geometry":{"type":"Polygon","coordinates":[[[78.45428,17.397439],[78.454076,17.397436],[78.454077,17.397351],[78.454281,17.397354],[78.45428,17.397439]]]},"properties":{"id":"e2a37da4099b","height":null,"num_floors":null,"render_height_m":9.6,"height_label":"assumed"}},{"type":"Feature","geometry":{"type":"Polygon","coordinates":[[[78.454031,17.397187],[78.454102,17.397202],[78.454093,17.397241],[78.454022,17.397226],[78.454031,17.397187]]]},"properties":{"id":"83de69956250","height":null,"num_floors":null,"render_height_m":6.4,"height_label":"assumed"}},{"type":"Feature","geometry":{"type":"Polygon","coordinates":[[[78.454033,17.397241],[78.454074,17.397256],[78.454049,17.397322],[78.454008,17.397308],[78.454033,17.397241]]]},"properties":{"id":"fc133c98aef0","height":null,"num_floors":null,"render_height_m":6.4,"height_label":"assumed"}},{"type":"Feature","geometry":{"type":"Polygon","coordinates":[[[78.453974,17.397224],[78.454016,17.397235],[78.453998,17.397297],[78.453956,17.397286],[78.453974,17.397224]]]},"properties":{"id":"b4c8fcfc9f5e","height":null,"num_floors":null,"render_height_m":6.4,"height_label":"assumed"}},{"type":"Feature","geometry":{"type":"Polygon","coordinates":[[[78.453967,17.397359],[78.454001,17.397361],[78.453994,17.397446],[78.45396,17.397443],[78.453967,17.397359]]]},"properties":{"id":"ba007092123c","height":null,"num_floors":null,"render_height_m":6.4,"height_label":"assumed"}},{"type":"Feature","geometry":{"type":"Polygon","coordinates":[[[78.453996,17.397318],[78.454048,17.397321],[78.454045,17.397371],[78.453992,17.397367],[78.453996,17.397318]]]},"properties":{"id":"7323e3f8c0b6","height":null,"num_floors":null,"render_height_m":6.4,"height_label":"assumed"}},{"type":"Feature","geometry":{"type":"Polygon","coordinates":[[[78.453916,17.397369],[78.453956,17.397374],[78.453946,17.397451],[78.453906,17.397446],[78.453916,17.397369]]]},"properties":{"id":"3d5db2ec3ca4","height":null,"num_floors":null,"render_height_m":6.4,"height_label":"assumed"}},{"type":"Feature","geometry":{"type":"Polygon","coordinates":[[[78.453804,17.397375],[78.45388,17.397384],[78.453871,17.397447],[78.453795,17.397437],[78.453804,17.397375]]]},"properties":{"id":"d82a8651cb23","height":null,"num_floors":null,"render_height_m":6.4,"height_label":"assumed"}},{"type":"Feature","geometry":{"type":"Polygon","coordinates":[[[78.453942,17.397328],[78.453785,17.397285],[78.453827,17.397144],[78.453932,17.397173],[78.45391,17.397247],[78.453962,17.397262],[78.453942,17.397328]]]},"properties":{"id":"837089c3b7dc","height":null,"num_floors":null,"render_height_m":9.6,"height_label":"assumed"}},{"type":"Feature","geometry":{"type":"Polygon","coordinates":[[[78.453853,17.397112],[78.453863,17.39708],[78.453929,17.397099],[78.453919,17.397131],[78.453853,17.397112]]]},"properties":{"id":"2b5381033c4f","height":null,"num_floors":null,"render_height_m":6.4,"height_label":"assumed"}},{"type":"Feature","geometry":{"type":"Polygon","coordinates":[[[78.453974,17.397082],[78.453862,17.397049],[78.453884,17.396987],[78.453998,17.397011],[78.453974,17.397082]]]},"properties":{"id":"921b07c33fe5","height":null,"num_floors":null,"render_height_m":9.6,"height_label":"assumed"}},{"type":"Feature","geometry":{"type":"Polygon","coordinates":[[[78.453561,17.396935],[78.453453,17.396904],[78.453482,17.396813],[78.45359,17.396844],[78.453561,17.396935]]]},"properties":{"id":"f43a7957d360","height":null,"num_floors":null,"render_height_m":9.6,"height_label":"assumed"}},{"type":"Feature","geometry":{"type":"Polygon","coordinates":[[[78.453897,17.397598],[78.45419,17.397696],[78.454028,17.3984],[78.45351,17.398299],[78.453897,17.397598]],[[78.454108,17.397736],[78.453947,17.397703],[78.453906,17.397771],[78.454095,17.39782],[78.454108,17.397736]],[[78.453675,17.398204],[78.453973,17.398267],[78.454083,17.397928],[78.453854,17.397867],[78.453675,17.398204]]]},"properties":{"id":"325ec40eae5e","height":null,"num_floors":null,"render_height_m":19.2,"height_label":"assumed"}},{"type":"Feature","geometry":{"type":"Polygon","coordinates":[[[78.454253,17.397504],[78.454323,17.397507],[78.454321,17.397545],[78.454251,17.397542],[78.454253,17.397504]]]},"properties":{"id":"ab7a71f2bf9a","height":null,"num_floors":null,"render_height_m":6.4,"height_label":"assumed"}},{"type":"Feature","geometry":{"type":"Polygon","coordinates":[[[78.454241,17.397819],[78.454205,17.39796],[78.454181,17.397954],[78.454217,17.397813],[78.454241,17.397819]]]},"properties":{"id":"9e28950834cb","height":null,"num_floors":null,"render_height_m":6.4,"height_label":"assumed"}},{"type":"Feature","geometry":{"type":"Polygon","coordinates":[[[78.453927,17.398814],[78.453804,17.398779],[78.453862,17.398589],[78.453985,17.398623],[78.453927,17.398814]]]},"properties":{"id":"cd9d796dd475","height":null,"num_floors":null,"render_height_m":12.8,"height_label":"assumed"}},{"type":"Feature","geometry":{"type":"Polygon","coordinates":[[[78.453581,17.398655],[78.453548,17.398726],[78.453521,17.398714],[78.453554,17.398644],[78.453581,17.398655]]]},"properties":{"id":"0685c627d2c1","height":null,"num_floors":null,"render_height_m":6.4,"height_label":"assumed"}},{"type":"Feature","geometry":{"type":"Polygon","coordinates":[[[78.453611,17.398678],[78.45359,17.39873],[78.45356,17.398718],[78.453581,17.398666],[78.453611,17.398678]]]},"properties":{"id":"9897c325bf73","height":null,"num_floors":null,"render_height_m":6.4,"height_label":"assumed"}},{"type":"Feature","geometry":{"type":"Polygon","coordinates":[[[78.453793,17.398634],[78.453587,17.398584],[78.45361,17.398495],[78.453817,17.398544],[78.453793,17.398634]]]},"properties":{"id":"6def984fcb31","height":null,"num_floors":null,"render_height_m":9.6,"height_label":"assumed"}},{"type":"Feature","geometry":{"type":"Polygon","coordinates":[[[78.453537,17.398528],[78.453436,17.398716],[78.453336,17.398667],[78.453437,17.398478],[78.453537,17.398528]]]},"properties":{"id":"4baaa301ce19","height":null,"num_floors":null,"render_height_m":12.8,"height_label":"assumed"}},{"type":"Feature","geometry":{"type":"Polygon","coordinates":[[[78.453194,17.398911],[78.453227,17.398847],[78.45334,17.3989],[78.453307,17.398964],[78.453194,17.398911]]]},"properties":{"id":"a72f4fabfc49","height":null,"num_floors":null,"render_height_m":9.6,"height_label":"assumed"}},{"type":"Feature","geometry":{"type":"Polygon","coordinates":[[[78.45335,17.398881],[78.453223,17.398822],[78.453272,17.398726],[78.453399,17.398786],[78.45335,17.398881]]]},"properties":{"id":"afe7de154a2d","height":null,"num_floors":null,"render_height_m":9.6,"height_label":"assumed"}},{"type":"Feature","geometry":{"type":"Polygon","coordinates":[[[78.453198,17.39835],[78.453107,17.398307],[78.453152,17.398219],[78.453243,17.398261],[78.453198,17.39835]]]},"properties":{"id":"ee590ed65dc4","height":null,"num_floors":null,"render_height_m":9.6,"height_label":"assumed"}},{"type":"Feature","geometry":{"type":"Polygon","coordinates":[[[78.453263,17.398091],[78.453387,17.398129],[78.453378,17.398157],[78.453253,17.398119],[78.453263,17.398091]]]},"properties":{"id":"e0a29ce7bfec","height":null,"num_floors":null,"render_height_m":6.4,"height_label":"assumed"}},{"type":"Feature","geometry":{"type":"Polygon","coordinates":[[[78.453281,17.398059],[78.453367,17.398069],[78.453362,17.398109],[78.453276,17.398099],[78.453281,17.398059]]]},"properties":{"id":"386256996e78","height":null,"num_floors":null,"render_height_m":6.4,"height_label":"assumed"}},{"type":"Feature","geometry":{"type":"Polygon","coordinates":[[[78.45354,17.397861],[78.453372,17.397823],[78.453394,17.397735],[78.453561,17.397773],[78.45354,17.397861]]]},"properties":{"id":"cf7500145028","height":null,"num_floors":null,"render_height_m":9.6,"height_label":"assumed"}},{"type":"Feature","geometry":{"type":"Polygon","coordinates":[[[78.453568,17.39769],[78.453379,17.397647],[78.453404,17.397547],[78.453593,17.39759],[78.453568,17.39769]]]},"properties":{"id":"7e8dd3d0bad1","height":null,"num_floors":null,"render_height_m":9.6,"height_label":"assumed"}},{"type":"Feature","geometry":{"type":"Polygon","coordinates":[[[78.45337,17.397492],[78.453457,17.397514],[78.453446,17.397554],[78.453358,17.397532],[78.45337,17.397492]]]},"properties":{"id":"c088fc298a78","height":null,"num_floors":null,"render_height_m":6.4,"height_label":"assumed"}},{"type":"Feature","geometry":{"type":"Polygon","coordinates":[[[78.453303,17.397799],[78.453156,17.397766],[78.453181,17.397667],[78.453328,17.397701],[78.453303,17.397799]]]},"properties":{"id":"c4372e0173ad","height":null,"num_floors":null,"render_height_m":9.6,"height_label":"assumed"}},{"type":"Feature","geometry":{"type":"Polygon","coordinates":[[[78.45334,17.397638],[78.453171,17.3976],[78.453195,17.397503],[78.453364,17.397541],[78.45334,17.397638]]]},"properties":{"id":"d252b3924a09","height":null,"num_floors":null,"render_height_m":9.6,"height_label":"assumed"}},{"type":"Feature","geometry":{"type":"Polygon","coordinates":[[[78.453249,17.398251],[78.45316,17.398207],[78.453207,17.398121],[78.453295,17.398166],[78.453249,17.398251]]]},"properties":{"id":"175a720d9509","height":null,"num_floors":null,"render_height_m":9.6,"height_label":"assumed"}},{"type":"Feature","geometry":{"type":"Polygon","coordinates":[[[78.453131,17.39814],[78.453172,17.398149],[78.453164,17.398186],[78.453122,17.398178],[78.453131,17.39814]]]},"properties":{"id":"fac5d82f4e8e","height":null,"num_floors":null,"render_height_m":6.4,"height_label":"assumed"}},{"type":"Feature","geometry":{"type":"Polygon","coordinates":[[[78.452957,17.398037],[78.453023,17.398051],[78.453011,17.398104],[78.452945,17.39809],[78.452957,17.398037]]]},"properties":{"id":"4ab4052b6550","height":null,"num_floors":null,"render_height_m":6.4,"height_label":"assumed"}},{"type":"Feature","geometry":{"type":"Polygon","coordinates":[[[78.452981,17.39799],[78.452906,17.397969],[78.45293,17.397889],[78.453006,17.397911],[78.452981,17.39799]]]},"properties":{"id":"c4fb9fd0bd28","height":null,"num_floors":null,"render_height_m":6.4,"height_label":"assumed"}},{"type":"Feature","geometry":{"type":"Polygon","coordinates":[[[78.453057,17.397912],[78.453093,17.39792],[78.453082,17.397967],[78.453046,17.397959],[78.453057,17.397912]]]},"properties":{"id":"e8b00c0a04bf","height":null,"num_floors":null,"render_height_m":6.4,"height_label":"assumed"}},{"type":"Feature","geometry":{"type":"Polygon","coordinates":[[[78.453129,17.397579],[78.452942,17.397537],[78.452965,17.397444],[78.453152,17.397486],[78.453129,17.397579]]]},"properties":{"id":"5756f497131c","height":null,"num_floors":null,"render_height_m":9.6,"height_label":"assumed"}},{"type":"Feature","geometry":{"type":"Polygon","coordinates":[[[78.453077,17.397753],[78.452876,17.397708],[78.452913,17.397557],[78.453115,17.397603],[78.453077,17.397753]]]},"properties":{"id":"0da09a6ae68a","height":null,"num_floors":null,"render_height_m":12.8,"height_label":"assumed"}},{"type":"Feature","geometry":{"type":"Polygon","coordinates":[[[78.452827,17.397512],[78.452767,17.397722],[78.452679,17.397699],[78.452693,17.397648],[78.452732,17.397658],[78.452747,17.397609],[78.452708,17.397598],[78.452739,17.397489],[78.452827,17.397512]]]},"properties":{"id":"3f04301042eb","height":null,"num_floors":null,"render_height_m":9.6,"height_label":"assumed"}},{"type":"Feature","geometry":{"type":"Polygon","coordinates":[[[78.452925,17.397885],[78.452897,17.397966],[78.452794,17.397934],[78.452823,17.397852],[78.452925,17.397885]]]},"properties":{"id":"18c94c58ff7b","height":null,"num_floors":null,"render_height_m":9.6,"height_label":"assumed"}},{"type":"Feature","geometry":{"type":"Polygon","coordinates":[[[78.452803,17.398265],[78.452706,17.398236],[78.452767,17.398051],[78.452864,17.39808],[78.452803,17.398265]]]},"properties":{"id":"9c45273e4a08","height":null,"num_floors":null,"render_height_m":9.6,"height_label":"assumed"}},{"type":"Feature","geometry":{"type":"Polygon","coordinates":[[[78.452715,17.398444],[78.452787,17.398464],[78.452763,17.398545],[78.452742,17.398539],[78.452716,17.398627],[78.452648,17.398608],[78.452685,17.398484],[78.452702,17.398488],[78.452715,17.398444]]]},"properties":{"id":"a1133743deed","height":null,"num_floors":null,"render_height_m":9.6,"height_label":"assumed"}},{"type":"Feature","geometry":{"type":"Polygon","coordinates":[[[78.453124,17.398456],[78.453042,17.398413],[78.453088,17.398333],[78.45317,17.398376],[78.453124,17.398456]]]},"properties":{"id":"21a4d0eefd6f","height":null,"num_floors":null,"render_height_m":9.6,"height_label":"assumed"}},{"type":"Feature","geometry":{"type":"Polygon","coordinates":[[[78.45307,17.398559],[78.452982,17.398515],[78.453029,17.398431],[78.453116,17.398475],[78.45307,17.398559]]]},"properties":{"id":"27c911996a1f","height":null,"num_floors":null,"render_height_m":9.6,"height_label":"assumed"}},{"type":"Feature","geometry":{"type":"Polygon","coordinates":[[[78.452754,17.398833],[78.4528,17.398758],[78.452897,17.398813],[78.45285,17.398888],[78.452754,17.398833]]]},"properties":{"id":"d1bbe44cf2a3","height":null,"num_floors":null,"render_height_m":9.6,"height_label":"assumed"}},{"type":"Feature","geometry":{"type":"Polygon","coordinates":[[[78.452745,17.398809],[78.452643,17.39875],[78.452691,17.398675],[78.452793,17.398734],[78.452745,17.398809]]]},"properties":{"id":"82cac2e5dc8f","height":null,"num_floors":null,"render_height_m":9.6,"height_label":"assumed"}},{"type":"Feature","geometry":{"type":"Polygon","coordinates":[[[78.452525,17.398162],[78.452609,17.398186],[78.452561,17.398336],[78.452478,17.398312],[78.452525,17.398162]]]},"properties":{"id":"86343e5feca6","height":null,"num_floors":null,"render_height_m":9.6,"height_label":"assumed"}},{"type":"Feature","geometry":{"type":"Polygon","coordinates":[[[78.452489,17.398235],[78.452455,17.398355],[78.452429,17.398348],[78.452463,17.398228],[78.452489,17.398235]]]},"properties":{"id":"818dc7401c99","height":null,"num_floors":null,"render_height_m":6.4,"height_label":"assumed"}},{"type":"Feature","geometry":{"type":"Polygon","coordinates":[[[78.45241,17.398201],[78.452463,17.398223],[78.452438,17.39828],[78.452385,17.398259],[78.45241,17.398201]]]},"properties":{"id":"9947c3de685c","height":null,"num_floors":null,"render_height_m":6.4,"height_label":"assumed"}},{"type":"Feature","geometry":{"type":"Polygon","coordinates":[[[78.452282,17.398201],[78.452371,17.39824],[78.452357,17.39827],[78.452268,17.398231],[78.452282,17.398201]]]},"properties":{"id":"945b268ce822","height":null,"num_floors":null,"render_height_m":6.4,"height_label":"assumed"}},{"type":"Feature","geometry":{"type":"Polygon","coordinates":[[[78.45225,17.398575],[78.452281,17.398495],[78.452436,17.398548],[78.452405,17.398628],[78.45225,17.398575]]]},"properties":{"id":"e7a69996c9f6","height":null,"num_floors":null,"render_height_m":9.6,"height_label":"assumed"}},{"type":"Feature","geometry":{"type":"Polygon","coordinates":[[[78.452343,17.398838],[78.452296,17.398815],[78.452338,17.398739],[78.452384,17.398761],[78.452343,17.398838]]]},"properties":{"id":"3b90c12adbed","height":null,"num_floors":null,"render_height_m":6.4,"height_label":"assumed"}},{"type":"Feature","geometry":{"type":"Polygon","coordinates":[[[78.452259,17.398845],[78.452171,17.398799],[78.452233,17.398693],[78.45232,17.398739],[78.452259,17.398845]]]},"properties":{"id":"fd81b4708750","height":null,"num_floors":null,"render_height_m":9.6,"height_label":"assumed"}},{"type":"Feature","geometry":{"type":"Polygon","coordinates":[[[78.452156,17.39879],[78.452082,17.398749],[78.452144,17.398648],[78.452218,17.398689],[78.452156,17.39879]]]},"properties":{"id":"afda2fcb8227","height":null,"num_floors":null,"render_height_m":9.6,"height_label":"assumed"}},{"type":"Feature","geometry":{"type":"Polygon","coordinates":[[[78.452116,17.398946],[78.452049,17.398908],[78.452117,17.398801],[78.452183,17.398839],[78.452116,17.398946]]]},"properties":{"id":"1a5e318ba488","height":null,"num_floors":null,"render_height_m":9.6,"height_label":"assumed"}},{"type":"Feature","geometry":{"type":"Polygon","coordinates":[[[78.452029,17.398894],[78.451918,17.398835],[78.451975,17.398737],[78.452086,17.398796],[78.452029,17.398894]]]},"properties":{"id":"8e33b308c995","height":null,"num_floors":null,"render_height_m":9.6,"height_label":"assumed"}},{"type":"Feature","geometry":{"type":"Polygon","coordinates":[[[78.45198,17.398719],[78.451875,17.398664],[78.451953,17.398529],[78.452058,17.398584],[78.45198,17.398719]]]},"properties":{"id":"d5f1c8567dc2","height":null,"num_floors":null,"render_height_m":9.6,"height_label":"assumed"}},{"type":"Feature","geometry":{"type":"Polygon","coordinates":[[[78.45206,17.398768],[78.451991,17.398729],[78.452069,17.398604],[78.452137,17.398643],[78.45206,17.398768]]]},"properties":{"id":"07514a1d52d0","height":null,"num_floors":null,"render_height_m":9.6,"height_label":"assumed"}},{"type":"Feature","geometry":{"type":"Polygon","coordinates":[[[78.45191,17.398398],[78.4518,17.398356],[78.451849,17.398238],[78.451959,17.398279],[78.45191,17.398398]]]},"properties":{"id":"9ea1a028f016","height":null,"num_floors":null,"render_height_m":9.6,"height_label":"assumed"}},{"type":"Feature","geometry":{"type":"Polygon","coordinates":[[[78.451922,17.398182],[78.451971,17.398204],[78.451952,17.398242],[78.451904,17.39822],[78.451922,17.398182]]]},"properties":{"id":"d436639dd49d","height":null,"num_floors":null,"render_height_m":6.4,"height_label":"assumed"}},{"type":"Feature","geometry":{"type":"Polygon","coordinates":[[[78.451975,17.398202],[78.452007,17.398216],[78.451983,17.398266],[78.451951,17.398251],[78.451975,17.398202]]]},"properties":{"id":"f7fafdef23f6","height":null,"num_floors":null,"render_height_m":6.4,"height_label":"assumed"}},{"type":"Feature","geometry":{"type":"Polygon","coordinates":[[[78.452006,17.398429],[78.451927,17.398396],[78.451975,17.398292],[78.452054,17.398325],[78.452006,17.398429]]]},"properties":{"id":"1540a47a57b1","height":null,"num_floors":null,"render_height_m":9.6,"height_label":"assumed"}},{"type":"Feature","geometry":{"type":"Polygon","coordinates":[[[78.452009,17.398221],[78.452087,17.398255],[78.452066,17.3983],[78.451988,17.398267],[78.452009,17.398221]]]},"properties":{"id":"b0b109d55d31","height":null,"num_floors":null,"render_height_m":6.4,"height_label":"assumed"}},{"type":"Feature","geometry":{"type":"Polygon","coordinates":[[[78.452028,17.398171],[78.452089,17.398198],[78.452068,17.398242],[78.452007,17.398216],[78.452028,17.398171]]]},"properties":{"id":"9ffc7edec493","height":null,"num_floors":null,"render_height_m":6.4,"height_label":"assumed"}},{"type":"Feature","geometry":{"type":"Polygon","coordinates":[[[78.452171,17.39819],[78.452199,17.398202],[78.45218,17.39824],[78.452153,17.398228],[78.452171,17.39819]]]},"properties":{"id":"e5f2214f2b33","height":null,"num_floors":null,"render_height_m":6.4,"height_label":"assumed"}},{"type":"Feature","geometry":{"type":"Polygon","coordinates":[[[78.452138,17.398227],[78.452177,17.398244],[78.452158,17.398285],[78.452119,17.398268],[78.452138,17.398227]]]},"properties":{"id":"3abd15f14be1","height":null,"num_floors":null,"render_height_m":6.4,"height_label":"assumed"}},{"type":"Feature","geometry":{"type":"Polygon","coordinates":[[[78.452087,17.398472],[78.45202,17.398444],[78.452078,17.398315],[78.452145,17.398342],[78.452087,17.398472]]]},"properties":{"id":"a7c20818da05","height":null,"num_floors":null,"render_height_m":9.6,"height_label":"assumed"}},{"type":"Feature","geometry":{"type":"Polygon","coordinates":[[[78.452166,17.398523],[78.4521,17.3985],[78.452148,17.398373],[78.452214,17.398396],[78.452166,17.398523]]]},"properties":{"id":"d38ecb17ba6a","height":null,"num_floors":null,"render_height_m":9.6,"height_label":"assumed"}},{"type":"Feature","geometry":{"type":"Polygon","coordinates":[[[78.452232,17.398567],[78.452168,17.398541],[78.452222,17.398419],[78.452286,17.398444],[78.452232,17.398567]]]},"properties":{"id":"67a4fe6d6ca0","height":null,"num_floors":null,"render_height_m":9.6,"height_label":"assumed"}},{"type":"Feature","geometry":{"type":"Polygon","coordinates":[[[78.452328,17.398295],[78.45226,17.398411],[78.452147,17.398349],[78.452155,17.398335],[78.452145,17.39833],[78.452205,17.398229],[78.452328,17.398295]]]},"properties":{"id":"229953e1f32a","height":null,"num_floors":null,"render_height_m":9.6,"height_label":"assumed"}},{"type":"Feature","geometry":{"type":"Polygon","coordinates":[[[78.452176,17.398124],[78.452262,17.39817],[78.452236,17.398217],[78.452149,17.398171],[78.452176,17.398124]]]},"properties":{"id":"8580aefc2bf5","height":null,"num_floors":null,"render_height_m":6.4,"height_label":"assumed"}},{"type":"Feature","geometry":{"type":"Polygon","coordinates":[[[78.452201,17.398075],[78.452256,17.398095],[78.45224,17.398138],[78.452184,17.398117],[78.452201,17.398075]]]},"properties":{"id":"7543acb2d331","height":null,"num_floors":null,"render_height_m":6.4,"height_label":"assumed"}},{"type":"Feature","geometry":{"type":"Polygon","coordinates":[[[78.452196,17.397997],[78.45223,17.398007],[78.452209,17.398071],[78.452176,17.398062],[78.452196,17.397997]]]},"properties":{"id":"b390c98b806a","height":null,"num_floors":null,"render_height_m":6.4,"height_label":"assumed"}},{"type":"Feature","geometry":{"type":"Polygon","coordinates":[[[78.45222,17.398031],[78.452264,17.398041],[78.452253,17.398085],[78.452209,17.398075],[78.45222,17.398031]]]},"properties":{"id":"4c4c4c163585","height":null,"num_floors":null,"render_height_m":6.4,"height_label":"assumed"}},{"type":"Feature","geometry":{"type":"Polygon","coordinates":[[[78.452234,17.397999],[78.452269,17.397992],[78.452276,17.398019],[78.452241,17.398027],[78.452234,17.397999]]]},"properties":{"id":"fe2b14e3f7a0","height":null,"num_floors":null,"render_height_m":6.4,"height_label":"assumed"}},{"type":"Feature","geometry":{"type":"Polygon","coordinates":[[[78.452295,17.397854],[78.45232,17.397973],[78.452267,17.397983],[78.452242,17.397864],[78.452295,17.397854]]]},"properties":{"id":"3c487fccfdc9","height":null,"num_floors":null,"render_height_m":6.4,"height_label":"assumed"}},{"type":"Feature","geometry":{"type":"Polygon","coordinates":[[[78.452154,17.397996],[78.452186,17.398005],[78.452171,17.398056],[78.452139,17.398048],[78.452154,17.397996]]]},"properties":{"id":"7e8051835d34","height":null,"num_floors":null,"render_height_m":6.4,"height_label":"assumed"}},{"type":"Feature","geometry":{"type":"Polygon","coordinates":[[[78.452165,17.397967],[78.452105,17.39797],[78.452103,17.397928],[78.452163,17.397925],[78.452165,17.397967]]]},"properties":{"id":"8d59c6bb15d6","height":null,"num_floors":null,"render_height_m":6.4,"height_label":"assumed"}},{"type":"Feature","geometry":{"type":"Polygon","coordinates":[[[78.452119,17.397996],[78.452146,17.397999],[78.452141,17.398035],[78.452114,17.398032],[78.452119,17.397996]]]},"properties":{"id":"5cf89a863a72","height":null,"num_floors":null,"render_height_m":6.4,"height_label":"assumed"}},{"type":"Feature","geometry":{"type":"Polygon","coordinates":[[[78.452074,17.398083],[78.452121,17.398102],[78.452103,17.39814],[78.452056,17.398121],[78.452074,17.398083]]]},"properties":{"id":"1593938b9280","height":null,"num_floors":null,"render_height_m":6.4,"height_label":"assumed"}},{"type":"Feature","geometry":{"type":"Polygon","coordinates":[[[78.452104,17.398039],[78.452138,17.398051],[78.452121,17.398094],[78.452087,17.398081],[78.452104,17.398039]]]},"properties":{"id":"d98a8b799e19","height":null,"num_floors":null,"render_height_m":6.4,"height_label":"assumed"}},{"type":"Feature","geometry":{"type":"Polygon","coordinates":[[[78.452139,17.39806],[78.452189,17.39808],[78.452176,17.398108],[78.452127,17.398089],[78.452139,17.39806]]]},"properties":{"id":"fc887f6090f4","height":null,"num_floors":null,"render_height_m":6.4,"height_label":"assumed"}},{"type":"Feature","geometry":{"type":"Polygon","coordinates":[[[78.452126,17.398105],[78.452169,17.398123],[78.452147,17.398171],[78.452104,17.398153],[78.452126,17.398105]]]},"properties":{"id":"ca0d71730230","height":null,"num_floors":null,"render_height_m":6.4,"height_label":"assumed"}},{"type":"Feature","geometry":{"type":"Polygon","coordinates":[[[78.452104,17.398153],[78.452147,17.398171],[78.452126,17.398219],[78.452082,17.3982],[78.452104,17.398153]]]},"properties":{"id":"6f61fc636f1c","height":null,"num_floors":null,"render_height_m":6.4,"height_label":"assumed"}},{"type":"Feature","geometry":{"type":"Polygon","coordinates":[[[78.452046,17.398134],[78.452098,17.398157],[78.45208,17.398194],[78.452028,17.398171],[78.452046,17.398134]]]},"properties":{"id":"2fb536164228","height":null,"num_floors":null,"render_height_m":6.4,"height_label":"assumed"}},{"type":"Feature","geometry":{"type":"Polygon","coordinates":[[[78.452097,17.39803],[78.452078,17.398079],[78.45205,17.398069],[78.452069,17.398019],[78.452097,17.39803]]]},"properties":{"id":"eba8d4af8a26","height":null,"num_floors":null,"render_height_m":6.4,"height_label":"assumed"}},{"type":"Feature","geometry":{"type":"Polygon","coordinates":[[[78.452036,17.398067],[78.452074,17.398083],[78.452056,17.398121],[78.452019,17.398105],[78.452036,17.398067]]]},"properties":{"id":"745b3ba749eb","height":null,"num_floors":null,"render_height_m":6.4,"height_label":"assumed"}},{"type":"Feature","geometry":{"type":"Polygon","coordinates":[[[78.451981,17.3981],[78.452012,17.398112],[78.451995,17.398149],[78.452018,17.398158],[78.452,17.398198],[78.451948,17.398177],[78.451981,17.3981]]]},"properties":{"id":"065291533117","height":null,"num_floors":null,"render_height_m":6.4,"height_label":"assumed"}},{"type":"Feature","geometry":{"type":"Polygon","coordinates":[[[78.452019,17.398107],[78.452054,17.398121],[78.452031,17.398176],[78.451996,17.398163],[78.452019,17.398107]]]},"properties":{"id":"b2220e68902a","height":null,"num_floors":null,"render_height_m":6.4,"height_label":"assumed"}},{"type":"Feature","geometry":{"type":"Polygon","coordinates":[[[78.451923,17.398109],[78.451973,17.39813],[78.451953,17.398175],[78.451903,17.398153],[78.451923,17.398109]]]},"properties":{"id":"b6ca584ecf35","height":null,"num_floors":null,"render_height_m":6.4,"height_label":"assumed"}},{"type":"Feature","geometry":{"type":"Polygon","coordinates":[[[78.45189,17.398095],[78.451923,17.398109],[78.451903,17.398153],[78.451869,17.398139],[78.45189,17.398095]]]},"properties":{"id":"52061546b0dc","height":null,"num_floors":null,"render_height_m":6.4,"height_label":"assumed"}},{"type":"Feature","geometry":{"type":"Polygon","coordinates":[[[78.451897,17.398071],[78.451934,17.398083],[78.451925,17.39811],[78.451887,17.398098],[78.451897,17.398071]]]},"properties":{"id":"8034d319e07a","height":null,"num_floors":null,"render_height_m":6.4,"height_label":"assumed"}},{"type":"Feature","geometry":{"type":"Polygon","coordinates":[[[78.452062,17.398003],[78.452023,17.398104],[78.451886,17.398057],[78.451901,17.398017],[78.451989,17.398047],[78.452012,17.397986],[78.452062,17.398003]]]},"properties":{"id":"af98590fd0b1","height":null,"num_floors":null,"render_height_m":9.6,"height_label":"assumed"}},{"type":"Feature","geometry":{"type":"Polygon","coordinates":[[[78.451958,17.39798],[78.451985,17.397984],[78.451979,17.398029],[78.451951,17.398025],[78.451958,17.39798]]]},"properties":{"id":"8aefe22da3f8","height":null,"num_floors":null,"render_height_m":6.4,"height_label":"assumed"}},{"type":"Feature","geometry":{"type":"Polygon","coordinates":[[[78.451892,17.397972],[78.451958,17.39798],[78.451951,17.398025],[78.451886,17.398017],[78.451892,17.397972]]]},"properties":{"id":"86121be3337b","height":null,"num_floors":null,"render_height_m":6.4,"height_label":"assumed"}},{"type":"Feature","geometry":{"type":"Polygon","coordinates":[[[78.451966,17.397944],[78.452011,17.39795],[78.452005,17.397997],[78.451959,17.397991],[78.451966,17.397944]]]},"properties":{"id":"d8341a15f3e2","height":null,"num_floors":null,"render_height_m":6.4,"height_label":"assumed"}},{"type":"Feature","geometry":{"type":"Polygon","coordinates":[[[78.452041,17.39797],[78.452119,17.39798],[78.452114,17.398014],[78.452036,17.398004],[78.452041,17.39797]]]},"properties":{"id":"b065cc58520b","height":null,"num_floors":null,"render_height_m":6.4,"height_label":"assumed"}},{"type":"Feature","geometry":{"type":"Polygon","coordinates":[[[78.451987,17.397575],[78.452006,17.397622],[78.451941,17.397646],[78.451922,17.397598],[78.451987,17.397575]]]},"properties":{"id":"162df56dbe67","height":null,"num_floors":null,"render_height_m":6.4,"height_label":"assumed"}},{"type":"Feature","geometry":{"type":"Polygon","coordinates":[[[78.451993,17.397581],[78.451937,17.397469],[78.45198,17.39745],[78.452036,17.397562],[78.451993,17.397581]]]},"properties":{"id":"38711e263130","height":null,"num_floors":null,"render_height_m":6.4,"height_label":"assumed"}},{"type":"Feature","geometry":{"type":"Polygon","coordinates":[[[78.4521,17.397499],[78.452124,17.397561],[78.452058,17.397585],[78.452034,17.397524],[78.4521,17.397499]]]},"properties":{"id":"c086c82a9910","height":null,"num_floors":null,"render_height_m":6.4,"height_label":"assumed"}},{"type":"Feature","geometry":{"type":"Polygon","coordinates":[[[78.452103,17.397507],[78.45214,17.39751],[78.452137,17.397538],[78.4521,17.397534],[78.452103,17.397507]]]},"properties":{"id":"19c9e6d27617","height":null,"num_floors":null,"render_height_m":6.4,"height_label":"assumed"}},{"type":"Feature","geometry":{"type":"Polygon","coordinates":[[[78.452276,17.397797],[78.452288,17.39785],[78.452238,17.397862],[78.452225,17.397809],[78.452276,17.397797]]]},"properties":{"id":"69f644a78ec8","height":null,"num_floors":null,"render_height_m":6.4,"height_label":"assumed"}},{"type":"Feature","geometry":{"type":"Polygon","coordinates":[[[78.452304,17.397704],[78.452314,17.397773],[78.45222,17.397785],[78.452212,17.397715],[78.452304,17.397704]]]},"properties":{"id":"54f498c11269","height":null,"num_floors":null,"render_height_m":6.4,"height_label":"assumed"}},{"type":"Feature","geometry":{"type":"Polygon","coordinates":[[[78.4523,17.397696],[78.452227,17.397707],[78.452222,17.397675],[78.452294,17.397664],[78.4523,17.397696]]]},"properties":{"id":"4c26f8319ab6","height":null,"num_floors":null,"render_height_m":6.4,"height_label":"assumed"}},{"type":"Feature","geometry":{"type":"Polygon","coordinates":[[[78.452289,17.39762],[78.4523,17.397646],[78.452183,17.397692],[78.452172,17.397666],[78.452289,17.39762]]]},"properties":{"id":"cc3ef92343d3","height":null,"num_floors":null,"render_height_m":6.4,"height_label":"assumed"}},{"type":"Feature","geometry":{"type":"Polygon","coordinates":[[[78.45225,17.397549],[78.452278,17.397622],[78.45218,17.397657],[78.452166,17.397622],[78.452214,17.397605],[78.452199,17.397567],[78.45225,17.397549]]]},"properties":{"id":"e94b3432b50c","height":null,"num_floors":null,"render_height_m":6.4,"height_label":"assumed"}},{"type":"Feature","geometry":{"type":"Polygon","coordinates":[[[78.452204,17.397545],[78.452197,17.397603],[78.452164,17.3976],[78.452171,17.397541],[78.452204,17.397545]]]},"properties":{"id":"7ba0308307fe","height":null,"num_floors":null,"render_height_m":6.4,"height_label":"assumed"}},{"type":"Feature","geometry":{"type":"Polygon","coordinates":[[[78.452164,17.397513],[78.45224,17.39752],[78.452237,17.397548],[78.452161,17.39754],[78.452164,17.397513]]]},"properties":{"id":"d7df783d6353","height":null,"num_floors":null,"render_height_m":6.4,"height_label":"assumed"}},{"type":"Feature","geometry":{"type":"Polygon","coordinates":[[[78.452263,17.397521],[78.45232,17.397526],[78.452314,17.397578],[78.452258,17.397572],[78.452263,17.397521]]]},"properties":{"id":"aaec9b4c8342","height":null,"num_floors":null,"render_height_m":6.4,"height_label":"assumed"}},{"type":"Feature","geometry":{"type":"Polygon","coordinates":[[[78.452371,17.39766],[78.452374,17.397695],[78.452313,17.397699],[78.45231,17.397664],[78.452371,17.39766]]]},"properties":{"id":"695998804bb6","height":null,"num_floors":null,"render_height_m":6.4,"height_label":"assumed"}},{"type":"Feature","geometry":{"type":"Polygon","coordinates":[[[78.452485,17.397495],[78.452465,17.397563],[78.452334,17.397529],[78.452348,17.397479],[78.452426,17.397499],[78.452432,17.397481],[78.452485,17.397495]]]},"properties":{"id":"251656ab7e01","height":null,"num_floors":null,"render_height_m":9.6,"height_label":"assumed"}},{"type":"Feature","geometry":{"type":"Polygon","coordinates":[[[78.452374,17.397562],[78.452433,17.397568],[78.452427,17.397626],[78.452367,17.39762],[78.452374,17.397562]]]},"properties":{"id":"3d4276e17f13","height":null,"num_floors":null,"render_height_m":6.4,"height_label":"assumed"}},{"type":"Feature","geometry":{"type":"Polygon","coordinates":[[[78.452412,17.397712],[78.452496,17.39771],[78.452498,17.397782],[78.452414,17.397783],[78.452412,17.397712]]]},"properties":{"id":"6fea1b151fbf","height":null,"num_floors":null,"render_height_m":6.4,"height_label":"assumed"}},{"type":"Feature","geometry":{"type":"Polygon","coordinates":[[[78.452352,17.397781],[78.452384,17.39778],[78.452386,17.397833],[78.452477,17.39783],[78.452479,17.397884],[78.452356,17.397888],[78.452352,17.397781]]]},"properties":{"id":"ce6c3c053516","height":null,"num_floors":null,"render_height_m":9.6,"height_label":"assumed"}},{"type":"Feature","geometry":{"type":"Polygon","coordinates":[[[78.452416,17.397783],[78.452463,17.397789],[78.452458,17.39783],[78.452411,17.397824],[78.452416,17.397783]]]},"properties":{"id":"a4c0df4dbbfc","height":null,"num_floors":null,"render_height_m":6.4,"height_label":"assumed"}},{"type":"Feature","geometry":{"type":"Polygon","coordinates":[[[78.452383,17.397782],[78.45241,17.397778],[78.452418,17.397834],[78.452391,17.397837],[78.452383,17.397782]]]},"properties":{"id":"6ecd76742635","height":null,"num_floors":null,"render_height_m":6.4,"height_label":"assumed"}},{"type":"Feature","geometry":{"type":"Polygon","coordinates":[[[78.452325,17.397704],[78.452366,17.397705],[78.452365,17.397744],[78.452404,17.397745],[78.452403,17.397782],[78.452323,17.39778],[78.452325,17.397704]]]},"properties":{"id":"9e64aae2450e","height":null,"num_floors":null,"render_height_m":6.4,"height_label":"assumed"}},{"type":"Feature","geometry":{"type":"Polygon","coordinates":[[[78.452315,17.397781],[78.452344,17.397778],[78.452359,17.397889],[78.452314,17.397895],[78.452302,17.397807],[78.452319,17.397805],[78.452315,17.397781]]]},"properties":{"id":"f01903faed1b","height":null,"num_floors":null,"render_height_m":6.4,"height_label":"assumed"}},{"type":"Feature","geometry":{"type":"Polygon","coordinates":[[[78.452323,17.397903],[78.452439,17.397908],[78.452435,17.397969],[78.45232,17.397964],[78.452323,17.397903]]]},"properties":{"id":"f5a04ae80ed6","height":null,"num_floors":null,"render_height_m":9.6,"height_label":"assumed"}},{"type":"Feature","geometry":{"type":"Polygon","coordinates":[[[78.452335,17.397969],[78.452389,17.397976],[78.452381,17.398035],[78.452326,17.398028],[78.452335,17.397969]]]},"properties":{"id":"e8f0630e5330","height":null,"num_floors":null,"render_height_m":6.4,"height_label":"assumed"}},{"type":"Feature","geometry":{"type":"Polygon","coordinates":[[[78.452284,17.397993],[78.452322,17.39799],[78.452325,17.398024],[78.452288,17.398027],[78.452284,17.397993]]]},"properties":{"id":"bf372a8c9c9a","height":null,"num_floors":null,"render_height_m":6.4,"height_label":"assumed"}},{"type":"Feature","geometry":{"type":"Polygon","coordinates":[[[78.452287,17.398031],[78.452339,17.39803],[78.45234,17.398073],[78.452288,17.398074],[78.452287,17.398031]]]},"properties":{"id":"a2615628dfae","height":null,"num_floors":null,"render_height_m":6.4,"height_label":"assumed"}},{"type":"Feature","geometry":{"type":"Polygon","coordinates":[[[78.452339,17.39808],[78.4523,17.398175],[78.452243,17.398153],[78.452282,17.398058],[78.452339,17.39808]]]},"properties":{"id":"e2ae123b7982","height":null,"num_floors":null,"render_height_m":6.4,"height_label":"assumed"}},{"type":"Feature","geometry":{"type":"Polygon","coordinates":[[[78.452315,17.398125],[78.452356,17.398142],[78.452335,17.39819],[78.452391,17.398214],[78.452381,17.398235],[78.452283,17.398194],[78.452315,17.398125]]]},"properties":{"id":"886bdb447bef","height":null,"num_floors":null,"render_height_m":6.4,"height_label":"assumed"}},{"type":"Feature","geometry":{"type":"Polygon","coordinates":[[[78.452346,17.398059],[78.452444,17.3981],[78.452414,17.398166],[78.452315,17.398125],[78.452346,17.398059]]]},"properties":{"id":"51605f884cd7","height":null,"num_floors":null,"render_height_m":9.6,"height_label":"assumed"}},{"type":"Feature","geometry":{"type":"Polygon","coordinates":[[[78.452403,17.398031],[78.452466,17.398055],[78.452451,17.398092],[78.452388,17.398069],[78.452403,17.398031]]]},"properties":{"id":"cafc9e47d9db","height":null,"num_floors":null,"render_height_m":6.4,"height_label":"assumed"}},{"type":"Feature","geometry":{"type":"Polygon","coordinates":[[[78.452493,17.39789],[78.452525,17.397894],[78.45252,17.397933],[78.452487,17.397929],[78.452493,17.39789]]]},"properties":{"id":"253a3ded247f","height":null,"num_floors":null,"render_height_m":6.4,"height_label":"assumed"}},{"type":"Feature","geometry":{"type":"Polygon","coordinates":[[[78.452608,17.397939],[78.452581,17.398024],[78.452551,17.398015],[78.452578,17.397931],[78.452608,17.397939]]]},"properties":{"id":"899c2ad8997c","height":null,"num_floors":null,"render_height_m":6.4,"height_label":"assumed"}},{"type":"Feature","geometry":{"type":"Polygon","coordinates":[[[78.452566,17.398],[78.452546,17.398058],[78.452507,17.398046],[78.452527,17.397988],[78.452566,17.398]]]},"properties":{"id":"3cd57dc953a2","height":null,"num_floors":null,"render_height_m":6.4,"height_label":"assumed"}},{"type":"Feature","geometry":{"type":"Polygon","coordinates":[[[78.452452,17.397919],[78.452492,17.397917],[78.452494,17.397943],[78.452546,17.397939],[78.45255,17.397989],[78.452517,17.397991],[78.452516,17.397972],[78.452456,17.397976],[78.452452,17.397919]]]},"properties":{"id":"f61654335746","height":null,"num_floors":null,"render_height_m":6.4,"height_label":"assumed"}},{"type":"Feature","geometry":{"type":"Polygon","coordinates":[[[78.452468,17.398057],[78.452539,17.398076],[78.452524,17.398129],[78.452496,17.398122],[78.452502,17.398101],[78.452459,17.398089],[78.452468,17.398057]]]},"properties":{"id":"fe43c1c82e1c","height":null,"num_floors":null,"render_height_m":6.4,"height_label":"assumed"}},{"type":"Feature","geometry":{"type":"Polygon","coordinates":[[[78.452553,17.398016],[78.452605,17.398026],[78.452601,17.398046],[78.452648,17.398055],[78.452634,17.39812],[78.452535,17.3981],[78.452553,17.398016]]]},"properties":{"id":"aba50a75b631","height":null,"num_floors":null,"render_height_m":9.6,"height_label":"assumed"}},{"type":"Feature","geometry":{"type":"Polygon","coordinates":[[[78.452612,17.397933],[78.452677,17.39795],[78.452647,17.398052],[78.45259,17.398036],[78.452596,17.398013],[78.452588,17.398011],[78.452612,17.397933]]]},"properties":{"id":"5834c6689de0","height":null,"num_floors":null,"render_height_m":9.6,"height_label":"assumed"}},{"type":"Feature","geometry":{"type":"Polygon","coordinates":[[[78.452608,17.397817],[78.452656,17.39783],[78.452629,17.39792],[78.452583,17.397907],[78.452608,17.397817]]]},"properties":{"id":"65262ac5fcdf","height":null,"num_floors":null,"render_height_m":6.4,"height_label":"assumed"}},{"type":"Feature","geometry":{"type":"Polygon","coordinates":[[[78.452585,17.397678],[78.452623,17.397687],[78.45261,17.397738],[78.452573,17.397729],[78.452585,17.397678]]]},"properties":{"id":"a50999e7164d","height":null,"num_floors":null,"render_height_m":6.4,"height_label":"assumed"}},{"type":"Feature","geometry":{"type":"Polygon","coordinates":[[[78.452515,17.397727],[78.452608,17.397746],[78.45259,17.39782],[78.452556,17.397813],[78.452551,17.397834],[78.452492,17.397821],[78.452515,17.397727]]]},"properties":{"id":"1b96a960090b","height":null,"num_floors":null,"render_height_m":9.6,"height_label":"assumed"}},{"type":"Feature","geometry":{"type":"Polygon","coordinates":[[[78.452504,17.397828],[78.45253,17.397835],[78.452522,17.397866],[78.452495,17.397859],[78.452504,17.397828]]]},"properties":{"id":"4a7cbf1e7943","height":null,"num_floors":null,"render_height_m":6.4,"height_label":"assumed"}},{"type":"Feature","geometry":{"type":"Polygon","coordinates":[[[78.452542,17.397657],[78.452583,17.39767],[78.45256,17.397733],[78.452519,17.39772],[78.452542,17.397657]]]},"properties":{"id":"cda39a75e112","height":null,"num_floors":null,"render_height_m":6.4,"height_label":"assumed"}},{"type":"Feature","geometry":{"type":"Polygon","coordinates":[[[78.452492,17.397633],[78.452536,17.397651],[78.452506,17.397715],[78.452462,17.397696],[78.452492,17.397633]]]},"properties":{"id":"5c93583edc2f","height":null,"num_floors":null,"render_height_m":6.4,"height_label":"assumed"}},{"type":"Feature","geometry":{"type":"Polygon","coordinates":[[[78.452533,17.397432],[78.452318,17.397383],[78.452343,17.397281],[78.452558,17.39733],[78.452533,17.397432]]]},"properties":{"id":"7d229e634698","height":null,"num_floors":null,"render_height_m":12.8,"height_label":"assumed"}},{"type":"Feature","geometry":{"type":"Polygon","coordinates":[[[78.452476,17.397055],[78.452342,17.397023],[78.45236,17.396955],[78.452494,17.396987],[78.452476,17.397055]]]},"properties":{"id":"c70285055a97","height":null,"num_floors":null,"render_height_m":9.6,"height_label":"assumed"}},{"type":"Feature","geometry":{"type":"Polygon","coordinates":[[[78.452447,17.397139],[78.452324,17.39711],[78.452343,17.397038],[78.452465,17.397067],[78.452447,17.397139]]]},"properties":{"id":"939a57c31c19","height":null,"num_floors":null,"render_height_m":9.6,"height_label":"assumed"}},{"type":"Feature","geometry":{"type":"Polygon","coordinates":[[[78.452365,17.396867],[78.452347,17.396937],[78.452209,17.396904],[78.452228,17.396834],[78.452365,17.396867]]]},"properties":{"id":"89c3f60cf29a","height":null,"num_floors":null,"render_height_m":9.6,"height_label":"assumed"}},{"type":"Feature","geometry":{"type":"Polygon","coordinates":[[[78.452368,17.396854],[78.452232,17.396822],[78.452249,17.396759],[78.452384,17.396791],[78.452368,17.396854]]]},"properties":{"id":"c9a948217fff","height":null,"num_floors":null,"render_height_m":9.6,"height_label":"assumed"}},{"type":"Feature","geometry":{"type":"Polygon","coordinates":[[[78.452498,17.396974],[78.452359,17.396941],[78.452375,17.396878],[78.452514,17.396911],[78.452498,17.396974]]]},"properties":{"id":"cd4d7fa34294","height":null,"num_floors":null,"render_height_m":9.6,"height_label":"assumed"}},{"type":"Feature","geometry":{"type":"Polygon","coordinates":[[[78.452613,17.39718],[78.452513,17.397157],[78.452526,17.397106],[78.452626,17.39713],[78.452613,17.39718]]]},"properties":{"id":"4980a0a0dcb6","height":null,"num_floors":null,"render_height_m":6.4,"height_label":"assumed"}},{"type":"Feature","geometry":{"type":"Polygon","coordinates":[[[78.452627,17.397107],[78.452521,17.397082],[78.452539,17.397014],[78.452645,17.397039],[78.452627,17.397107]]]},"properties":{"id":"27cd5d5ec170","height":null,"num_floors":null,"render_height_m":9.6,"height_label":"assumed"}},{"type":"Feature","geometry":{"type":"Polygon","coordinates":[[[78.452749,17.397151],[78.452634,17.397124],[78.452651,17.39706],[78.452766,17.397087],[78.452749,17.397151]]]},"properties":{"id":"297955c650bb","height":null,"num_floors":null,"render_height_m":9.6,"height_label":"assumed"}},{"type":"Feature","geometry":{"type":"Polygon","coordinates":[[[78.452642,17.396994],[78.452554,17.396973],[78.452567,17.396923],[78.452655,17.396944],[78.452642,17.396994]]]},"properties":{"id":"e52a5267e1f3","height":null,"num_floors":null,"render_height_m":6.4,"height_label":"assumed"}},{"type":"Feature","geometry":{"type":"Polygon","coordinates":[[[78.452696,17.396884],[78.452682,17.396937],[78.452571,17.396911],[78.452585,17.396858],[78.452696,17.396884]]]},"properties":{"id":"2220b8572bd5","height":null,"num_floors":null,"render_height_m":6.4,"height_label":"assumed"}},{"type":"Feature","geometry":{"type":"Polygon","coordinates":[[[78.452714,17.396793],[78.452696,17.396864],[78.452592,17.396839],[78.452611,17.396768],[78.452714,17.396793]]]},"properties":{"id":"cf2550d53bf4","height":null,"num_floors":null,"render_height_m":9.6,"height_label":"assumed"}},{"type":"Feature","geometry":{"type":"Polygon","coordinates":[[[78.452552,17.396752],[78.452417,17.39672],[78.452433,17.396655],[78.452569,17.396687],[78.452552,17.396752]]]},"properties":{"id":"e65f1c3ce01b","height":null,"num_floors":null,"render_height_m":9.6,"height_label":"assumed"}},{"type":"Feature","geometry":{"type":"Polygon","coordinates":[[[78.452569,17.396575],[78.452495,17.396558],[78.452522,17.396454],[78.452596,17.396471],[78.452569,17.396575]]]},"properties":{"id":"278411af5f28","height":null,"num_floors":null,"render_height_m":9.6,"height_label":"assumed"}},{"type":"Feature","geometry":{"type":"Polygon","coordinates":[[[78.452645,17.396598],[78.452574,17.396581],[78.452603,17.396469],[78.452674,17.396486],[78.452645,17.396598]]]},"properties":{"id":"7124382d1e60","height":null,"num_floors":null,"render_height_m":9.6,"height_label":"assumed"}},{"type":"Feature","geometry":{"type":"Polygon","coordinates":[[[78.452683,17.396472],[78.452606,17.396454],[78.452636,17.396338],[78.452714,17.396356],[78.452683,17.396472]]]},"properties":{"id":"84f7dfae4e4f","height":null,"num_floors":null,"render_height_m":9.6,"height_label":"assumed"}},{"type":"Feature","geometry":{"type":"Polygon","coordinates":[[[78.452652,17.396246],[78.452583,17.39623],[78.452612,17.396115],[78.452681,17.396131],[78.452652,17.396246]]]},"properties":{"id":"72e4ff49787b","height":null,"num_floors":null,"render_height_m":9.6,"height_label":"assumed"}},{"type":"Feature","geometry":{"type":"Polygon","coordinates":[[[78.452575,17.396228],[78.452497,17.396209],[78.452525,17.3961],[78.452604,17.396118],[78.452575,17.396228]]]},"properties":{"id":"ba607c1c0975","height":null,"num_floors":null,"render_height_m":9.6,"height_label":"assumed"}},{"type":"Feature","geometry":{"type":"Polygon","coordinates":[[[78.452516,17.39642],[78.452446,17.396403],[78.452474,17.396295],[78.452544,17.396311],[78.452516,17.39642]]]},"properties":{"id":"086285d7133b","height":null,"num_floors":null,"render_height_m":9.6,"height_label":"assumed"}},{"type":"Feature","geometry":{"type":"Polygon","coordinates":[[[78.452629,17.39633],[78.452597,17.396455],[78.452526,17.396438],[78.452558,17.396313],[78.452629,17.39633]]]},"properties":{"id":"14692acfe573","height":null,"num_floors":null,"render_height_m":9.6,"height_label":"assumed"}},{"type":"Feature","geometry":{"type":"Polygon","coordinates":[[[78.452437,17.396398],[78.452364,17.396381],[78.452392,17.396272],[78.452465,17.396289],[78.452437,17.396398]]]},"properties":{"id":"bd28737698cc","height":null,"num_floors":null,"render_height_m":9.6,"height_label":"assumed"}},{"type":"Feature","geometry":{"type":"Polygon","coordinates":[[[78.452495,17.396202],[78.452416,17.396183],[78.452448,17.396057],[78.452527,17.396076],[78.452495,17.396202]]]},"properties":{"id":"e3fb42955751","height":null,"num_floors":null,"render_height_m":9.6,"height_label":"assumed"}},{"type":"Feature","geometry":{"type":"Polygon","coordinates":[[[78.452428,17.396411],[78.452396,17.396533],[78.452322,17.396515],[78.452354,17.396393],[78.452428,17.396411]]]},"properties":{"id":"7fa46e5735a4","height":null,"num_floors":null,"render_height_m":9.6,"height_label":"assumed"}},{"type":"Feature","geometry":{"type":"Polygon","coordinates":[[[78.452481,17.396562],[78.452404,17.396541],[78.452439,17.396423],[78.452517,17.396445],[78.452481,17.396562]]]},"properties":{"id":"83f3c3a30ef9","height":null,"num_floors":null,"render_height_m":9.6,"height_label":"assumed"}},{"type":"Feature","geometry":{"type":"Polygon","coordinates":[[[78.45241,17.396697],[78.452294,17.39667],[78.452309,17.396611],[78.452425,17.396638],[78.45241,17.396697]]]},"properties":{"id":"4f1467c4fa43","height":null,"num_floors":null,"render_height_m":9.6,"height_label":"assumed"}},{"type":"Feature","geometry":{"type":"Polygon","coordinates":[[[78.452386,17.396772],[78.452257,17.396742],[78.452275,17.396674],[78.452404,17.396704],[78.452386,17.396772]]]},"properties":{"id":"0d2b0d1cc886","height":null,"num_floors":null,"render_height_m":9.6,"height_label":"assumed"}},{"type":"Feature","geometry":{"type":"Polygon","coordinates":[[[78.452166,17.396808],[78.452018,17.396773],[78.452039,17.396691],[78.452187,17.396726],[78.452166,17.396808]]]},"properties":{"id":"9e85f64dc8a8","height":null,"num_floors":null,"render_height_m":9.6,"height_label":"assumed"}},{"type":"Feature","geometry":{"type":"Polygon","coordinates":[[[78.452165,17.3967],[78.452047,17.39667],[78.452066,17.396604],[78.452184,17.396635],[78.452165,17.3967]]]},"properties":{"id":"524430dedadc","height":null,"num_floors":null,"render_height_m":9.6,"height_label":"assumed"}},{"type":"Feature","geometry":{"type":"Polygon","coordinates":[[[78.452192,17.396619],[78.452067,17.39659],[78.452081,17.396538],[78.452206,17.396567],[78.452192,17.396619]]]},"properties":{"id":"4af6e086348a","height":null,"num_floors":null,"render_height_m":9.6,"height_label":"assumed"}},{"type":"Feature","geometry":{"type":"Polygon","coordinates":[[[78.452114,17.396472],[78.45213,17.396409],[78.452261,17.396438],[78.452246,17.396502],[78.452114,17.396472]]]},"properties":{"id":"2882051d8ce4","height":null,"num_floors":null,"render_height_m":9.6,"height_label":"assumed"}},{"type":"Feature","geometry":{"type":"Polygon","coordinates":[[[78.452134,17.396362],[78.452152,17.396291],[78.452283,17.39632],[78.452265,17.396391],[78.452134,17.396362]]]},"properties":{"id":"9296230288e7","height":null,"num_floors":null,"render_height_m":9.6,"height_label":"assumed"}},{"type":"Feature","geometry":{"type":"Polygon","coordinates":[[[78.452153,17.396276],[78.452179,17.396195],[78.452306,17.396233],[78.45228,17.396314],[78.452153,17.396276]]]},"properties":{"id":"c131e5748083","height":null,"num_floors":null,"render_height_m":9.6,"height_label":"assumed"}},{"type":"Feature","geometry":{"type":"Polygon","coordinates":[[[78.452139,17.396288],[78.452005,17.396247],[78.452038,17.39615],[78.452172,17.39619],[78.452139,17.396288]]]},"properties":{"id":"f83b2a27c342","height":null,"num_floors":null,"render_height_m":9.6,"height_label":"assumed"}},{"type":"Feature","geometry":{"type":"Polygon","coordinates":[[[78.45198,17.396436],[78.451999,17.396365],[78.452117,17.396394],[78.452097,17.396465],[78.45198,17.396436]]]},"properties":{"id":"8ec9a80d6842","height":null,"num_floors":null,"render_height_m":9.6,"height_label":"assumed"}},{"type":"Feature","geometry":{"type":"Polygon","coordinates":[[[78.452119,17.396371],[78.451978,17.396336],[78.451996,17.396272],[78.452136,17.396307],[78.452119,17.396371]]]},"properties":{"id":"a66fc069a6df","height":null,"num_floors":null,"render_height_m":9.6,"height_label":"assumed"}},{"type":"Feature","geometry":{"type":"Polygon","coordinates":[[[78.451947,17.396508],[78.451965,17.396446],[78.452083,17.396477],[78.452065,17.396539],[78.451947,17.396508]]]},"properties":{"id":"45cbdca9a132","height":null,"num_floors":null,"render_height_m":9.6,"height_label":"assumed"}},{"type":"Feature","geometry":{"type":"Polygon","coordinates":[[[78.452051,17.396598],[78.451937,17.396571],[78.451951,17.396519],[78.452065,17.396546],[78.452051,17.396598]]]},"properties":{"id":"4e952da05a27","height":null,"num_floors":null,"render_height_m":6.4,"height_label":"assumed"}},{"type":"Feature","geometry":{"type":"Polygon","coordinates":[[[78.451976,17.39684],[78.451852,17.396808],[78.451886,17.39669],[78.45201,17.396723],[78.451976,17.39684]]]},"properties":{"id":"49b0ef2bf385","height":null,"num_floors":null,"render_height_m":9.6,"height_label":"assumed"}},{"type":"Feature","geometry":{"type":"Polygon","coordinates":[[[78.452021,17.396691],[78.451898,17.396662],[78.451916,17.396594],[78.452039,17.396623],[78.452021,17.396691]]]},"properties":{"id":"f911d58d32ba","height":null,"num_floors":null,"render_height_m":9.6,"height_label":"assumed"}},{"type":"Feature","geometry":{"type":"Polygon","coordinates":[[[78.451991,17.396863],[78.45197,17.396925],[78.451817,17.396877],[78.451838,17.396815],[78.451991,17.396863]]]},"properties":{"id":"09712e5652b3","height":null,"num_floors":null,"render_height_m":9.6,"height_label":"assumed"}},{"type":"Feature","geometry":{"type":"Polygon","coordinates":[[[78.451922,17.396927],[78.451958,17.396937],[78.451941,17.396996],[78.451904,17.396986],[78.451922,17.396927]]]},"properties":{"id":"5ef58b197ff1","height":null,"num_floors":null,"render_height_m":6.4,"height_label":"assumed"}},{"type":"Feature","geometry":{"type":"Polygon","coordinates":[[[78.452138,17.396899],[78.452003,17.396868],[78.452023,17.396794],[78.452157,17.396825],[78.452138,17.396899]]]},"properties":{"id":"f3497df00ee8","height":null,"num_floors":null,"render_height_m":9.6,"height_label":"assumed"}},{"type":"Feature","geometry":{"type":"Polygon","coordinates":[[[78.452319,17.397026],[78.452204,17.396998],[78.452222,17.396931],[78.452337,17.396958],[78.452319,17.397026]]]},"properties":{"id":"308ef4581009","height":null,"num_floors":null,"render_height_m":9.6,"height_label":"assumed"}},{"type":"Feature","geometry":{"type":"Polygon","coordinates":[[[78.452298,17.397038],[78.452281,17.397108],[78.452169,17.397081],[78.452187,17.397012],[78.452298,17.397038]]]},"properties":{"id":"6f2037df0055","height":null,"num_floors":null,"render_height_m":9.6,"height_label":"assumed"}},{"type":"Feature","geometry":{"type":"Polygon","coordinates":[[[78.452302,17.397351],[78.452136,17.39731],[78.452156,17.397239],[78.452321,17.39728],[78.452302,17.397351]]]},"properties":{"id":"126105e90244","height":null,"num_floors":null,"render_height_m":9.6,"height_label":"assumed"}},{"type":"Feature","geometry":{"type":"Polygon","coordinates":[[[78.452254,17.397362],[78.452299,17.397371],[78.452289,17.397422],[78.452244,17.397414],[78.452254,17.397362]]]},"properties":{"id":"69c64e2b4a29","height":null,"num_floors":null,"render_height_m":6.4,"height_label":"assumed"}},{"type":"Feature","geometry":{"type":"Polygon","coordinates":[[[78.452165,17.397474],[78.452255,17.39749],[78.45225,17.397517],[78.452159,17.397501],[78.452165,17.397474]]]},"properties":{"id":"2fb4b3d039b0","height":null,"num_floors":null,"render_height_m":6.4,"height_label":"assumed"}},{"type":"Feature","geometry":{"type":"Polygon","coordinates":[[[78.452137,17.397388],[78.452194,17.3974],[78.452181,17.397458],[78.452124,17.397447],[78.452137,17.397388]]]},"properties":{"id":"bebc2e58de71","height":null,"num_floors":null,"render_height_m":6.4,"height_label":"assumed"}},{"type":"Feature","geometry":{"type":"Polygon","coordinates":[[[78.452046,17.39747],[78.452048,17.397449],[78.452108,17.397455],[78.452106,17.397476],[78.452046,17.39747]]]},"properties":{"id":"0a419d1e45be","height":null,"num_floors":null,"render_height_m":6.4,"height_label":"assumed"}},{"type":"Feature","geometry":{"type":"Polygon","coordinates":[[[78.452053,17.39748],[78.452056,17.397518],[78.452021,17.39752],[78.452019,17.397482],[78.452053,17.39748]]]},"properties":{"id":"9e1fc2cff4eb","height":null,"num_floors":null,"render_height_m":6.4,"height_label":"assumed"}},{"type":"Feature","geometry":{"type":"Polygon","coordinates":[[[78.45204,17.397382],[78.452108,17.397388],[78.452103,17.39743],[78.452036,17.397423],[78.45204,17.397382]]]},"properties":{"id":"c080548c9178","height":null,"num_floors":null,"render_height_m":6.4,"height_label":"assumed"}},{"type":"Feature","geometry":{"type":"Polygon","coordinates":[[[78.452023,17.397288],[78.452083,17.397304],[78.452069,17.39735],[78.452009,17.397334],[78.452023,17.397288]]]},"properties":{"id":"db5588b5fca8","height":null,"num_floors":null,"render_height_m":6.4,"height_label":"assumed"}},{"type":"Feature","geometry":{"type":"Polygon","coordinates":[[[78.452106,17.397282],[78.451936,17.397234],[78.451966,17.397137],[78.452136,17.397185],[78.452106,17.397282]]]},"properties":{"id":"2f576d37afc8","height":null,"num_floors":null,"render_height_m":9.6,"height_label":"assumed"}},{"type":"Feature","geometry":{"type":"Polygon","coordinates":[[[78.451958,17.397271],[78.452023,17.397288],[78.452009,17.397334],[78.451945,17.397317],[78.451958,17.397271]]]},"properties":{"id":"d6c086064d10","height":null,"num_floors":null,"render_height_m":6.4,"height_label":"assumed"}},{"type":"Feature","geometry":{"type":"Polygon","coordinates":[[[78.451919,17.397244],[78.451836,17.397223],[78.451867,17.397113],[78.451949,17.397133],[78.451919,17.397244]]]},"properties":{"id":"5b90f366313d","height":null,"num_floors":null,"render_height_m":9.6,"height_label":"assumed"}},{"type":"Feature","geometry":{"type":"Polygon","coordinates":[[[78.451888,17.397284],[78.45195,17.397314],[78.451922,17.397368],[78.45186,17.397339],[78.451888,17.397284]]]},"properties":{"id":"51bf2e4039e4","height":null,"num_floors":null,"render_height_m":6.4,"height_label":"assumed"}},{"type":"Feature","geometry":{"type":"Polygon","coordinates":[[[78.45188,17.397359],[78.451928,17.397374],[78.45191,17.397428],[78.451862,17.397413],[78.45188,17.397359]]]},"properties":{"id":"2f2c29bdc553","height":null,"num_floors":null,"render_height_m":6.4,"height_label":"assumed"}},{"type":"Feature","geometry":{"type":"Polygon","coordinates":[[[78.451953,17.397332],[78.451983,17.397343],[78.451967,17.397383],[78.451937,17.397372],[78.451953,17.397332]]]},"properties":{"id":"0e266b552baf","height":null,"num_floors":null,"render_height_m":6.4,"height_label":"assumed"}},{"type":"Feature","geometry":{"type":"Polygon","coordinates":[[[78.451842,17.397417],[78.451869,17.397459],[78.451811,17.397493],[78.451784,17.397451],[78.451842,17.397417]]]},"properties":{"id":"2a6dd1464549","height":null,"num_floors":null,"render_height_m":6.4,"height_label":"assumed"}},{"type":"Feature","geometry":{"type":"Polygon","coordinates":[[[78.451786,17.397345],[78.451833,17.397349],[78.451826,17.397413],[78.451779,17.397409],[78.451786,17.397345]]]},"properties":{"id":"a971b6c52e85","height":null,"num_floors":null,"render_height_m":6.4,"height_label":"assumed"}},{"type":"Feature","geometry":{"type":"Polygon","coordinates":[[[78.451833,17.397349],[78.451873,17.397353],[78.451867,17.397417],[78.451826,17.397413],[78.451833,17.397349]]]},"properties":{"id":"8f9f1dacd2a6","height":null,"num_floors":null,"render_height_m":6.4,"height_label":"assumed"}},{"type":"Feature","geometry":{"type":"Polygon","coordinates":[[[78.451796,17.39725],[78.451863,17.397256],[78.451853,17.397351],[78.451812,17.397347],[78.451816,17.397312],[78.451789,17.397309],[78.451796,17.39725]]]},"properties":{"id":"510db180a1c4","height":null,"num_floors":null,"render_height_m":6.4,"height_label":"assumed"}},{"type":"Feature","geometry":{"type":"Polygon","coordinates":[[[78.45182,17.397252],[78.451709,17.397228],[78.451737,17.397108],[78.451848,17.397132],[78.45182,17.397252]]]},"properties":{"id":"baae9bfb6bc2","height":null,"num_floors":null,"render_height_m":9.6,"height_label":"assumed"}},{"type":"Feature","geometry":{"type":"Polygon","coordinates":[[[78.451781,17.397254],[78.451798,17.397331],[78.451743,17.397342],[78.451726,17.397265],[78.451781,17.397254]]]},"properties":{"id":"03057e737261","height":null,"num_floors":null,"render_height_m":6.4,"height_label":"assumed"}},{"type":"Feature","geometry":{"type":"Polygon","coordinates":[[[78.451726,17.39727],[78.45174,17.397319],[78.451685,17.397333],[78.451671,17.397285],[78.451726,17.39727]]]},"properties":{"id":"f37882a70bdc","height":null,"num_floors":null,"render_height_m":6.4,"height_label":"assumed"}},{"type":"Feature","geometry":{"type":"Polygon","coordinates":[[[78.451663,17.397374],[78.451704,17.397378],[78.451697,17.397436],[78.451657,17.397432],[78.451663,17.397374]]]},"properties":{"id":"73f335227153","height":null,"num_floors":null,"render_height_m":6.4,"height_label":"assumed"}},{"type":"Feature","geometry":{"type":"Polygon","coordinates":[[[78.451726,17.397339],[78.451786,17.397345],[78.451779,17.397409],[78.451719,17.397403],[78.451726,17.397339]]]},"properties":{"id":"640e972ce595","height":null,"num_floors":null,"render_height_m":6.4,"height_label":"assumed"}},{"type":"Feature","geometry":{"type":"Polygon","coordinates":[[[78.451719,17.397403],[78.451805,17.397411],[78.451802,17.397446],[78.451715,17.397437],[78.451719,17.397403]]]},"properties":{"id":"ad74a01689b8","height":null,"num_floors":null,"render_height_m":6.4,"height_label":"assumed"}},{"type":"Feature","geometry":{"type":"Polygon","coordinates":[[[78.45168,17.397438],[78.451686,17.397483],[78.451616,17.39749],[78.451611,17.397445],[78.45168,17.397438]]]},"properties":{"id":"0cae2d8ebc62","height":null,"num_floors":null,"render_height_m":6.4,"height_label":"assumed"}},{"type":"Feature","geometry":{"type":"Polygon","coordinates":[[[78.451619,17.397332],[78.451666,17.397323],[78.451676,17.397367],[78.451629,17.397376],[78.451619,17.397332]]]},"properties":{"id":"9a08691552c9","height":null,"num_floors":null,"render_height_m":6.4,"height_label":"assumed"}},{"type":"Feature","geometry":{"type":"Polygon","coordinates":[[[78.451603,17.397385],[78.451653,17.397377],[78.451664,17.397438],[78.451613,17.397447],[78.451603,17.397385]]]},"properties":{"id":"e5f84b63c825","height":null,"num_floors":null,"render_height_m":6.4,"height_label":"assumed"}},{"type":"Feature","geometry":{"type":"Polygon","coordinates":[[[78.451572,17.397299],[78.451592,17.397354],[78.45156,17.397365],[78.45154,17.397309],[78.451572,17.397299]]]},"properties":{"id":"912bdd24291f","height":null,"num_floors":null,"render_height_m":6.4,"height_label":"assumed"}},{"type":"Feature","geometry":{"type":"Polygon","coordinates":[[[78.451538,17.39738],[78.451562,17.397374],[78.45157,17.397404],[78.451592,17.397399],[78.451603,17.397441],[78.451556,17.397452],[78.451538,17.39738]]]},"properties":{"id":"00b001df7cbc","height":null,"num_floors":null,"render_height_m":6.4,"height_label":"assumed"}},{"type":"Feature","geometry":{"type":"Polygon","coordinates":[[[78.451571,17.397449],[78.451611,17.397445],[78.451616,17.39749],[78.451577,17.397495],[78.451571,17.397449]]]},"properties":{"id":"08ed5050b491","height":null,"num_floors":null,"render_height_m":6.4,"height_label":"assumed"}},{"type":"Feature","geometry":{"type":"Polygon","coordinates":[[[78.451509,17.397387],[78.451538,17.39738],[78.451556,17.397452],[78.451527,17.397459],[78.451509,17.397387]]]},"properties":{"id":"b80ecae14915","height":null,"num_floors":null,"render_height_m":6.4,"height_label":"assumed"}},{"type":"Feature","geometry":{"type":"Polygon","coordinates":[[[78.451471,17.397472],[78.451503,17.397475],[78.451497,17.397531],[78.451465,17.397528],[78.451471,17.397472]]]},"properties":{"id":"9a16cf9035a9","height":null,"num_floors":null,"render_height_m":6.4,"height_label":"assumed"}},{"type":"Feature","geometry":{"type":"Polygon","coordinates":[[[78.451466,17.397393],[78.45151,17.397389],[78.451517,17.397467],[78.451474,17.397471],[78.451466,17.397393]]]},"properties":{"id":"690c8666750b","height":null,"num_floors":null,"render_height_m":6.4,"height_label":"assumed"}},{"type":"Feature","geometry":{"type":"Polygon","coordinates":[[[78.451499,17.39733],[78.451507,17.397379],[78.451446,17.397388],[78.451438,17.397339],[78.451499,17.39733]]]},"properties":{"id":"21f2450a0ae4","height":null,"num_floors":null,"render_height_m":6.4,"height_label":"assumed"}},{"type":"Feature","geometry":{"type":"Polygon","coordinates":[[[78.451536,17.397311],[78.451555,17.397367],[78.451527,17.397376],[78.451508,17.39732],[78.451536,17.397311]]]},"properties":{"id":"37cf9b0beb6c","height":null,"num_floors":null,"render_height_m":6.4,"height_label":"assumed"}},{"type":"Feature","geometry":{"type":"Polygon","coordinates":[[[78.45145,17.3973],[78.451489,17.397294],[78.451495,17.397329],[78.451456,17.397334],[78.45145,17.3973]]]},"properties":{"id":"d5b72910b4fe","height":null,"num_floors":null,"render_height_m":6.4,"height_label":"assumed"}},{"type":"Feature","geometry":{"type":"Polygon","coordinates":[[[78.451464,17.397195],[78.451532,17.397202],[78.451528,17.397241],[78.45146,17.397234],[78.451464,17.397195]]]},"properties":{"id":"0a7c5f59d62f","height":null,"num_floors":null,"render_height_m":6.4,"height_label":"assumed"}},{"type":"Feature","geometry":{"type":"Polygon","coordinates":[[[78.451532,17.397202],[78.451585,17.397207],[78.451581,17.397246],[78.451528,17.397241],[78.451532,17.397202]]]},"properties":{"id":"d7b52cf9c2ef","height":null,"num_floors":null,"render_height_m":6.4,"height_label":"assumed"}},{"type":"Feature","geometry":{"type":"Polygon","coordinates":[[[78.451648,17.397249],[78.451668,17.397291],[78.451591,17.397326],[78.45157,17.397284],[78.451648,17.397249]]]},"properties":{"id":"fb70286ab3eb","height":null,"num_floors":null,"render_height_m":6.4,"height_label":"assumed"}},{"type":"Feature","geometry":{"type":"Polygon","coordinates":[[[78.451596,17.397204],[78.451687,17.397216],[78.451681,17.397257],[78.45159,17.397246],[78.451596,17.397204]]]},"properties":{"id":"77fbaaf87a0f","height":null,"num_floors":null,"render_height_m":6.4,"height_label":"assumed"}},{"type":"Feature","geometry":{"type":"Polygon","coordinates":[[[78.451655,17.397187],[78.451455,17.397139],[78.451479,17.397048],[78.451678,17.397096],[78.451655,17.397187]]]},"properties":{"id":"5b297ca9bae0","height":null,"num_floors":null,"render_height_m":9.6,"height_label":"assumed"}},{"type":"Feature","geometry":{"type":"Polygon","coordinates":[[[78.451475,17.396871],[78.451512,17.396751],[78.451617,17.396781],[78.45158,17.396901],[78.451475,17.396871]]]},"properties":{"id":"0440ad10640f","height":null,"num_floors":null,"render_height_m":9.6,"height_label":"assumed"}},{"type":"Feature","geometry":{"type":"Polygon","coordinates":[[[78.451691,17.396942],[78.451588,17.396916],[78.451627,17.396776],[78.45173,17.396801],[78.451691,17.396942]]]},"properties":{"id":"e684fe3cf903","height":null,"num_floors":null,"render_height_m":9.6,"height_label":"assumed"}},{"type":"Feature","geometry":{"type":"Polygon","coordinates":[[[78.451737,17.396771],[78.451631,17.396749],[78.451662,17.396617],[78.451767,17.396639],[78.451737,17.396771]]]},"properties":{"id":"c3bfea7dcff9","height":null,"num_floors":null,"render_height_m":9.6,"height_label":"assumed"}},{"type":"Feature","geometry":{"type":"Polygon","coordinates":[[[78.451848,17.396319],[78.451732,17.396286],[78.451777,17.396142],[78.451893,17.396175],[78.451848,17.396319]]]},"properties":{"id":"e71ddb3ea93d","height":null,"num_floors":null,"render_height_m":9.6,"height_label":"assumed"}},{"type":"Feature","geometry":{"type":"Polygon","coordinates":[[[78.451722,17.396286],[78.451602,17.396252],[78.45165,17.396099],[78.451769,17.396133],[78.451722,17.396286]]]},"properties":{"id":"b556a2bcfbc1","height":null,"num_floors":null,"render_height_m":9.6,"height_label":"assumed"}},{"type":"Feature","geometry":{"type":"Polygon","coordinates":[[[78.451803,17.396478],[78.451706,17.39645],[78.451745,17.396325],[78.451842,17.396353],[78.451803,17.396478]]]},"properties":{"id":"bfee182b2caf","height":null,"num_floors":null,"render_height_m":9.6,"height_label":"assumed"}},{"type":"Feature","geometry":{"type":"Polygon","coordinates":[[[78.451661,17.396423],[78.451561,17.396395],[78.451591,17.3963],[78.45169,17.396328],[78.451661,17.396423]]]},"properties":{"id":"a50c8cff8852","height":null,"num_floors":null,"render_height_m":9.6,"height_label":"assumed"}},{"type":"Feature","geometry":{"type":"Polygon","coordinates":[[[78.451573,17.396239],[78.451472,17.39621],[78.451523,17.396046],[78.451624,17.396075],[78.451573,17.396239]]]},"properties":{"id":"4ee4f0e8651e","height":null,"num_floors":null,"render_height_m":9.6,"height_label":"assumed"}},{"type":"Feature","geometry":{"type":"Polygon","coordinates":[[[78.451527,17.396268],[78.451493,17.396378],[78.451422,17.396358],[78.451457,17.396248],[78.451527,17.396268]]]},"properties":{"id":"0d2417dfc0d7","height":null,"num_floors":null,"render_height_m":9.6,"height_label":"assumed"}},{"type":"Feature","geometry":{"type":"Polygon","coordinates":[[[78.451603,17.396755],[78.451516,17.39673],[78.451553,17.396614],[78.45164,17.396639],[78.451603,17.396755]]]},"properties":{"id":"46388a023873","height":null,"num_floors":null,"render_height_m":9.6,"height_label":"assumed"}},{"type":"Feature","geometry":{"type":"Polygon","coordinates":[[[78.451493,17.396724],[78.451407,17.396704],[78.451442,17.396574],[78.451527,17.396594],[78.451493,17.396724]]]},"properties":{"id":"9194f51c8cdb","height":null,"num_floors":null,"render_height_m":9.6,"height_label":"assumed"}},{"type":"Feature","geometry":{"type":"Polygon","coordinates":[[[78.451471,17.396868],[78.451367,17.396841],[78.4514,17.396722],[78.451504,17.396749],[78.451471,17.396868]]]},"properties":{"id":"b22589c0ec06","height":null,"num_floors":null,"render_height_m":9.6,"height_label":"assumed"}},{"type":"Feature","geometry":{"type":"Polygon","coordinates":[[[78.451258,17.396814],[78.451293,17.396689],[78.451391,17.396715],[78.451356,17.396839],[78.451258,17.396814]]]},"properties":{"id":"403aa1698404","height":null,"num_floors":null,"render_height_m":9.6,"height_label":"assumed"}},{"type":"Feature","geometry":{"type":"Polygon","coordinates":[[[78.451389,17.396696],[78.451297,17.396673],[78.451332,17.396544],[78.451424,17.396567],[78.451389,17.396696]]]},"properties":{"id":"806d95fd2ebc","height":null,"num_floors":null,"render_height_m":9.6,"height_label":"assumed"}},{"type":"Feature","geometry":{"type":"Polygon","coordinates":[[[78.451408,17.39637],[78.451286,17.396336],[78.451325,17.39621],[78.451447,17.396244],[78.451408,17.39637]]]},"properties":{"id":"48db7a6171d8","height":null,"num_floors":null,"render_height_m":9.6,"height_label":"assumed"}},{"type":"Feature","geometry":{"type":"Polygon","coordinates":[[[78.451447,17.396214],[78.451317,17.396178],[78.451372,17.396003],[78.451501,17.39604],[78.451447,17.396214]]]},"properties":{"id":"1b99a101533a","height":null,"num_floors":null,"render_height_m":12.8,"height_label":"assumed"}},{"type":"Feature","geometry":{"type":"Polygon","coordinates":[[[78.451299,17.396209],[78.451261,17.396329],[78.451139,17.396294],[78.451177,17.396174],[78.451299,17.396209]]]},"properties":{"id":"5411c46413fc","height":null,"num_floors":null,"render_height_m":9.6,"height_label":"assumed"}},{"type":"Feature","geometry":{"type":"Polygon","coordinates":[[[78.451103,17.396332],[78.450988,17.396299],[78.451032,17.396158],[78.451147,17.39619],[78.451103,17.396332]]]},"properties":{"id":"3baf19e599c1","height":null,"num_floors":null,"render_height_m":9.6,"height_label":"assumed"}},{"type":"Feature","geometry":{"type":"Polygon","coordinates":[[[78.451178,17.396632],[78.451079,17.396609],[78.451112,17.396476],[78.451211,17.396498],[78.451178,17.396632]]]},"properties":{"id":"133e92431ad1","height":null,"num_floors":null,"render_height_m":9.6,"height_label":"assumed"}},{"type":"Feature","geometry":{"type":"Polygon","coordinates":[[[78.451279,17.396655],[78.451188,17.396632],[78.451223,17.396503],[78.451315,17.396526],[78.451279,17.396655]]]},"properties":{"id":"9c857fa5639f","height":null,"num_floors":null,"render_height_m":9.6,"height_label":"assumed"}},{"type":"Feature","geometry":{"type":"Polygon","coordinates":[[[78.451241,17.396808],[78.451146,17.396787],[78.451179,17.396654],[78.451274,17.396675],[78.451241,17.396808]]]},"properties":{"id":"aec11f262ce9","height":null,"num_floors":null,"render_height_m":9.6,"height_label":"assumed"}},{"type":"Feature","geometry":{"type":"Polygon","coordinates":[[[78.451124,17.396777],[78.451038,17.396759],[78.451069,17.396631],[78.451154,17.39665],[78.451124,17.396777]]]},"properties":{"id":"0c60c34c7597","height":null,"num_floors":null,"render_height_m":9.6,"height_label":"assumed"}},{"type":"Feature","geometry":{"type":"Polygon","coordinates":[[[78.451085,17.397149],[78.451062,17.397086],[78.451298,17.397007],[78.451321,17.397071],[78.451085,17.397149]]]},"properties":{"id":"3d48af36aa6f","height":null,"num_floors":null,"render_height_m":9.6,"height_label":"assumed"}},{"type":"Feature","geometry":{"type":"Polygon","coordinates":[[[78.451173,17.397196],[78.451154,17.397133],[78.45124,17.39711],[78.451259,17.397174],[78.451173,17.397196]]]},"properties":{"id":"cb3bf29b6c24","height":null,"num_floors":null,"render_height_m":6.4,"height_label":"assumed"}},{"type":"Feature","geometry":{"type":"Polygon","coordinates":[[[78.451319,17.397224],[78.451319,17.397316],[78.451269,17.397316],[78.451269,17.397224],[78.451319,17.397224]]]},"properties":{"id":"11cac5e0dc87","height":null,"num_floors":null,"render_height_m":6.4,"height_label":"assumed"}},{"type":"Feature","geometry":{"type":"Polygon","coordinates":[[[78.451327,17.397252],[78.451359,17.397255],[78.451352,17.397323],[78.45132,17.39732],[78.451327,17.397252]]]},"properties":{"id":"1f3b87c1a409","height":null,"num_floors":null,"render_height_m":6.4,"height_label":"assumed"}},{"type":"Feature","geometry":{"type":"Polygon","coordinates":[[[78.451332,17.397204],[78.451364,17.397207],[78.451359,17.397255],[78.451327,17.397252],[78.451332,17.397204]]]},"properties":{"id":"ffaaf8dcb6fa","height":null,"num_floors":null,"render_height_m":6.4,"height_label":"assumed"}},{"type":"Feature","geometry":{"type":"Polygon","coordinates":[[[78.451372,17.397196],[78.451274,17.397216],[78.451255,17.397133],[78.451353,17.397113],[78.451372,17.397196]]]},"properties":{"id":"dfdcd437c125","height":null,"num_floors":null,"render_height_m":9.6,"height_label":"assumed"}},{"type":"Feature","geometry":{"type":"Polygon","coordinates":[[[78.451421,17.397188],[78.451457,17.397186],[78.451462,17.397271],[78.451426,17.397273],[78.451421,17.397188]]]},"properties":{"id":"c1eaeccaa528","height":null,"num_floors":null,"render_height_m":6.4,"height_label":"assumed"}},{"type":"Feature","geometry":{"type":"Polygon","coordinates":[[[78.451368,17.397331],[78.451366,17.397271],[78.451408,17.39727],[78.451409,17.39733],[78.451368,17.397331]]]},"properties":{"id":"b5ff86576775","height":null,"num_floors":null,"render_height_m":6.4,"height_label":"assumed"}},{"type":"Feature","geometry":{"type":"Polygon","coordinates":[[[78.451409,17.397349],[78.451448,17.397353],[78.451445,17.397376],[78.451407,17.397372],[78.451409,17.397349]]]},"properties":{"id":"d3bacf2202f6","height":null,"num_floors":null,"render_height_m":6.4,"height_label":"assumed"}},{"type":"Feature","geometry":{"type":"Polygon","coordinates":[[[78.451449,17.397407],[78.451463,17.397498],[78.451423,17.397503],[78.45141,17.397412],[78.451449,17.397407]]]},"properties":{"id":"3d4853322c22","height":null,"num_floors":null,"render_height_m":6.4,"height_label":"assumed"}},{"type":"Feature","geometry":{"type":"Polygon","coordinates":[[[78.451345,17.397381],[78.451405,17.397386],[78.451397,17.397465],[78.451337,17.397459],[78.451345,17.397381]]]},"properties":{"id":"3264094c479e","height":null,"num_floors":null,"render_height_m":6.4,"height_label":"assumed"}},{"type":"Feature","geometry":{"type":"Polygon","coordinates":[[[78.451359,17.397473],[78.451402,17.397463],[78.451413,17.397509],[78.45137,17.397519],[78.451359,17.397473]]]},"properties":{"id":"71cc84a95965","height":null,"num_floors":null,"render_height_m":6.4,"height_label":"assumed"}},{"type":"Feature","geometry":{"type":"Polygon","coordinates":[[[78.451336,17.397466],[78.451343,17.39749],[78.451299,17.397502],[78.451292,17.397478],[78.451336,17.397466]]]},"properties":{"id":"844a7c8471f9","height":null,"num_floors":null,"render_height_m":6.4,"height_label":"assumed"}},{"type":"Feature","geometry":{"type":"Polygon","coordinates":[[[78.451335,17.397433],[78.45134,17.397474],[78.451293,17.397479],[78.451288,17.397438],[78.451335,17.397433]]]},"properties":{"id":"59344a8be830","height":null,"num_floors":null,"render_height_m":6.4,"height_label":"assumed"}},{"type":"Feature","geometry":{"type":"Polygon","coordinates":[[[78.451274,17.397322],[78.451351,17.39732],[78.451353,17.397371],[78.451276,17.397374],[78.451274,17.397322]]]},"properties":{"id":"3e0e6238ffcb","height":null,"num_floors":null,"render_height_m":6.4,"height_label":"assumed"}},{"type":"Feature","geometry":{"type":"Polygon","coordinates":[[[78.451323,17.397388],[78.451329,17.397429],[78.451285,17.397434],[78.45128,17.397394],[78.451323,17.397388]]]},"properties":{"id":"c7087b7dd840","height":null,"num_floors":null,"render_height_m":6.4,"height_label":"assumed"}},{"type":"Feature","geometry":{"type":"Polygon","coordinates":[[[78.451252,17.39724],[78.451265,17.397316],[78.451227,17.397322],[78.451214,17.397246],[78.451252,17.39724]]]},"properties":{"id":"68ebb8c10741","height":null,"num_floors":null,"render_height_m":6.4,"height_label":"assumed"}},{"type":"Feature","geometry":{"type":"Polygon","coordinates":[[[78.451219,17.397296],[78.451224,17.397335],[78.45116,17.397343],[78.451155,17.397304],[78.451219,17.397296]]]},"properties":{"id":"2e21ba109ff1","height":null,"num_floors":null,"render_height_m":6.4,"height_label":"assumed"}},{"type":"Feature","geometry":{"type":"Polygon","coordinates":[[[78.451047,17.397542],[78.451081,17.397538],[78.451087,17.39758],[78.451052,17.397584],[78.451047,17.397542]]]},"properties":{"id":"dbebf7503cb0","height":null,"num_floors":null,"render_height_m":6.4,"height_label":"assumed"}},{"type":"Feature","geometry":{"type":"Polygon","coordinates":[[[78.451161,17.397614],[78.45116,17.397545],[78.451275,17.397542],[78.451277,17.397611],[78.451161,17.397614]]]},"properties":{"id":"7eaa27863b8c","height":null,"num_floors":null,"render_height_m":9.6,"height_label":"assumed"}},{"type":"Feature","geometry":{"type":"Polygon","coordinates":[[[78.45118,17.397769],[78.451155,17.397774],[78.451143,17.397716],[78.451454,17.397657],[78.451512,17.397941],[78.451197,17.398],[78.451184,17.397938],[78.451214,17.397932],[78.45118,17.397769]],[[78.451386,17.397758],[78.451279,17.397776],[78.4513,17.397891],[78.451407,17.397873],[78.451386,17.397758]]]},"properties":{"id":"a3c2613d6674","height":null,"num_floors":null,"render_height_m":19.2,"height_label":"assumed"}},{"type":"Feature","geometry":{"type":"Polygon","coordinates":[[[78.451343,17.39749],[78.451352,17.39752],[78.451307,17.397532],[78.451299,17.397502],[78.451343,17.39749]]]},"properties":{"id":"a2c12ae50025","height":null,"num_floors":null,"render_height_m":6.4,"height_label":"assumed"}},{"type":"Feature","geometry":{"type":"Polygon","coordinates":[[[78.451346,17.397513],[78.451366,17.397575],[78.451325,17.397586],[78.451305,17.397525],[78.451346,17.397513]]]},"properties":{"id":"facc595acff1","height":null,"num_floors":null,"render_height_m":6.4,"height_label":"assumed"}},{"type":"Feature","geometry":{"type":"Polygon","coordinates":[[[78.451423,17.397518],[78.451429,17.397548],[78.451363,17.39756],[78.451357,17.397529],[78.451423,17.397518]]]},"properties":{"id":"afa2de1ca5c9","height":null,"num_floors":null,"render_height_m":6.4,"height_label":"assumed"}},{"type":"Feature","geometry":{"type":"Polygon","coordinates":[[[78.451422,17.397551],[78.451428,17.397575],[78.45136,17.397591],[78.451353,17.397567],[78.451422,17.397551]]]},"properties":{"id":"71b0b181fb7b","height":null,"num_floors":null,"render_height_m":6.4,"height_label":"assumed"}},{"type":"Feature","geometry":{"type":"Polygon","coordinates":[[[78.451448,17.39761],[78.451361,17.397635],[78.45135,17.397601],[78.451437,17.397575],[78.451448,17.39761]]]},"properties":{"id":"712adf249994","height":null,"num_floors":null,"render_height_m":6.4,"height_label":"assumed"}},{"type":"Feature","geometry":{"type":"Polygon","coordinates":[[[78.451413,17.397517],[78.451446,17.397509],[78.451461,17.397567],[78.451428,17.397575],[78.451413,17.397517]]]},"properties":{"id":"0e6ea57c3ce3","height":null,"num_floors":null,"render_height_m":6.4,"height_label":"assumed"}},{"type":"Feature","geometry":{"type":"Polygon","coordinates":[[[78.451561,17.397465],[78.45158,17.397531],[78.451514,17.397548],[78.451495,17.397482],[78.451561,17.397465]]]},"properties":{"id":"4e10e609ee99","height":null,"num_floors":null,"render_height_m":6.4,"height_label":"assumed"}},{"type":"Feature","geometry":{"type":"Polygon","coordinates":[[[78.451583,17.397537],[78.451621,17.397625],[78.45151,17.39767],[78.451471,17.397582],[78.451583,17.397537]]]},"properties":{"id":"221ee1427a21","height":null,"num_floors":null,"render_height_m":9.6,"height_label":"assumed"}},{"type":"Feature","geometry":{"type":"Polygon","coordinates":[[[78.451562,17.397828],[78.451522,17.397826],[78.451526,17.397759],[78.451566,17.397761],[78.451562,17.397828]]]},"properties":{"id":"30d66a8d9c42","height":null,"num_floors":null,"render_height_m":6.4,"height_label":"assumed"}},{"type":"Feature","geometry":{"type":"Polygon","coordinates":[[[78.451571,17.39774],[78.451534,17.397754],[78.451502,17.397676],[78.451579,17.397647],[78.451594,17.397683],[78.451768,17.397618],[78.451822,17.397749],[78.451607,17.397829],[78.451571,17.39774]]]},"properties":{"id":"5fede97978e5","height":null,"num_floors":null,"render_height_m":12.8,"height_label":"assumed"}},{"type":"Feature","geometry":{"type":"Polygon","coordinates":[[[78.451836,17.397628],[78.451802,17.397645],[78.45178,17.397602],[78.451814,17.397586],[78.451836,17.397628]]]},"properties":{"id":"b09aa21c5b0e","height":null,"num_floors":null,"render_height_m":6.4,"height_label":"assumed"}},{"type":"Feature","geometry":{"type":"Polygon","coordinates":[[[78.451833,17.397962],[78.451875,17.397958],[78.45188,17.398006],[78.451837,17.39801],[78.451833,17.397962]]]},"properties":{"id":"9bd4cebbde8e","height":null,"num_floors":null,"render_height_m":6.4,"height_label":"assumed"}},{"type":"Feature","geometry":{"type":"Polygon","coordinates":[[[78.451777,17.397949],[78.451818,17.397952],[78.451813,17.398008],[78.451773,17.398005],[78.451777,17.397949]]]},"properties":{"id":"800c12a98715","height":null,"num_floors":null,"render_height_m":6.4,"height_label":"assumed"}},{"type":"Feature","geometry":{"type":"Polygon","coordinates":[[[78.451813,17.398007],[78.451842,17.398009],[78.451836,17.398085],[78.451806,17.398083],[78.451813,17.398007]]]},"properties":{"id":"4dfff03600e5","height":null,"num_floors":null,"render_height_m":6.4,"height_label":"assumed"}},{"type":"Feature","geometry":{"type":"Polygon","coordinates":[[[78.451842,17.398009],[78.451878,17.398011],[78.451874,17.398064],[78.451838,17.398061],[78.451842,17.398009]]]},"properties":{"id":"2c54316cdcf2","height":null,"num_floors":null,"render_height_m":6.4,"height_label":"assumed"}},{"type":"Feature","geometry":{"type":"Polygon","coordinates":[[[78.451849,17.398136],[78.451904,17.398143],[78.451898,17.398188],[78.451843,17.398181],[78.451849,17.398136]]]},"properties":{"id":"ac0baf85c1bc","height":null,"num_floors":null,"render_height_m":6.4,"height_label":"assumed"}},{"type":"Feature","geometry":{"type":"Polygon","coordinates":[[[78.451791,17.398142],[78.451831,17.398145],[78.451827,17.3982],[78.451787,17.398197],[78.451791,17.398142]]]},"properties":{"id":"067c968923f3","height":null,"num_floors":null,"render_height_m":6.4,"height_label":"assumed"}},{"type":"Feature","geometry":{"type":"Polygon","coordinates":[[[78.451743,17.398096],[78.45179,17.398099],[78.451786,17.398148],[78.451739,17.398144],[78.451743,17.398096]]]},"properties":{"id":"2805bd4b78e9","height":null,"num_floors":null,"render_height_m":6.4,"height_label":"assumed"}},{"type":"Feature","geometry":{"type":"Polygon","coordinates":[[[78.451487,17.398164],[78.451528,17.398164],[78.451528,17.398231],[78.451486,17.398231],[78.451487,17.398164]]]},"properties":{"id":"a9923ff3e174","height":null,"num_floors":null,"render_height_m":6.4,"height_label":"assumed"}},{"type":"Feature","geometry":{"type":"Polygon","coordinates":[[[78.451606,17.398477],[78.451485,17.398474],[78.451487,17.398391],[78.451608,17.398394],[78.451606,17.398477]]]},"properties":{"id":"03a7d482aa52","height":null,"num_floors":null,"render_height_m":9.6,"height_label":"assumed"}},{"type":"Feature","geometry":{"type":"Polygon","coordinates":[[[78.451529,17.398208],[78.451762,17.398214],[78.451758,17.398369],[78.45164,17.398366],[78.451641,17.398339],[78.451526,17.398336],[78.451529,17.398208]]]},"properties":{"id":"a6811c49031b","height":null,"num_floors":null,"render_height_m":12.8,"height_label":"assumed"}},{"type":"Feature","geometry":{"type":"Polygon","coordinates":[[[78.451746,17.398757],[78.451807,17.398652],[78.45196,17.398732],[78.451899,17.398837],[78.451746,17.398757]]]},"properties":{"id":"7a1233ee9886","height":null,"num_floors":null,"render_height_m":9.6,"height_label":"assumed"}},{"type":"Feature","geometry":{"type":"Polygon","coordinates":[[[78.451642,17.398844],[78.451537,17.398827],[78.451565,17.398667],[78.45167,17.398684],[78.451642,17.398844]]]},"properties":{"id":"2bec7c6227a7","height":null,"num_floors":null,"render_height_m":9.6,"height_label":"assumed"}},{"type":"Feature","geometry":{"type":"Polygon","coordinates":[[[78.451697,17.398608],[78.451485,17.398598],[78.451489,17.39852],[78.451701,17.39853],[78.451697,17.398608]]]},"properties":{"id":"9ae12b37703f","height":null,"num_floors":null,"render_height_m":9.6,"height_label":"assumed"}},{"type":"Feature","geometry":{"type":"Polygon","coordinates":[[[78.451409,17.398923],[78.451424,17.398781],[78.451538,17.398792],[78.451523,17.398933],[78.451409,17.398923]]]},"properties":{"id":"390f2f7a6b55","height":null,"num_floors":null,"render_height_m":9.6,"height_label":"assumed"}},{"type":"Feature","geometry":{"type":"Polygon","coordinates":[[[78.451483,17.398768],[78.451353,17.398753],[78.451369,17.398625],[78.4515,17.39864],[78.451483,17.398768]]]},"properties":{"id":"0bf9a7da3c2d","height":null,"num_floors":null,"render_height_m":9.6,"height_label":"assumed"}},{"type":"Feature","geometry":{"type":"Polygon","coordinates":[[[78.451468,17.39857],[78.45138,17.398567],[78.451386,17.398413],[78.451473,17.398416],[78.451468,17.39857]]]},"properties":{"id":"eee6211dacdf","height":null,"num_floors":null,"render_height_m":9.6,"height_label":"assumed"}},{"type":"Feature","geometry":{"type":"Polygon","coordinates":[[[78.451362,17.398536],[78.451248,17.398542],[78.451236,17.398347],[78.451349,17.398341],[78.451362,17.398536]]]},"properties":{"id":"72b09877da5b","height":null,"num_floors":null,"render_height_m":12.8,"height_label":"assumed"}},{"type":"Feature","geometry":{"type":"Polygon","coordinates":[[[78.451236,17.398558],[78.451148,17.39858],[78.45108,17.398331],[78.451193,17.398304],[78.451231,17.398446],[78.451207,17.398452],[78.451236,17.398558]]]},"properties":{"id":"9de7c2e0d79a","height":null,"num_floors":null,"render_height_m":12.8,"height_label":"assumed"}},{"type":"Feature","geometry":{"type":"Polygon","coordinates":[[[78.451245,17.398265],[78.451111,17.39827],[78.451107,17.398185],[78.451241,17.39818],[78.451245,17.398265]]]},"properties":{"id":"f719937b44e9","height":null,"num_floors":null,"render_height_m":9.6,"height_label":"assumed"}},{"type":"Feature","geometry":{"type":"Polygon","coordinates":[[[78.451326,17.398763],[78.451205,17.398793],[78.451156,17.398611],[78.451276,17.398582],[78.451326,17.398763]]]},"properties":{"id":"933fe5de910a","height":null,"num_floors":null,"render_height_m":12.8,"height_label":"assumed"}},{"type":"Feature","geometry":{"type":"Polygon","coordinates":[[[78.451156,17.398816],[78.451088,17.398823],[78.451077,17.398717],[78.451144,17.39871],[78.451156,17.398816]]]},"properties":{"id":"005dc7b3f9c9","height":null,"num_floors":null,"render_height_m":9.6,"height_label":"assumed"}},{"type":"Feature","geometry":{"type":"Polygon","coordinates":[[[78.451219,17.398818],[78.451269,17.399002],[78.451157,17.39903],[78.451107,17.398846],[78.451219,17.398818]]]},"properties":{"id":"285f1861a845","height":null,"num_floors":null,"render_height_m":12.8,"height_label":"assumed"}},{"type":"Feature","geometry":{"type":"Polygon","coordinates":[[[78.451138,17.399519],[78.451049,17.399556],[78.450985,17.399416],[78.451074,17.399379],[78.451138,17.399519]]]},"properties":{"id":"8d2687727923","height":null,"num_floors":null,"render_height_m":9.6,"height_label":"assumed"}},{"type":"Feature","geometry":{"type":"Polygon","coordinates":[[[78.451244,17.399482],[78.451151,17.399517],[78.451092,17.399375],[78.451185,17.39934],[78.451244,17.399482]]]},"properties":{"id":"c1dc4dfff16d","height":null,"num_floors":null,"render_height_m":9.6,"height_label":"assumed"}},{"type":"Feature","geometry":{"type":"Polygon","coordinates":[[[78.451357,17.399444],[78.451259,17.399477],[78.451208,17.399341],[78.451306,17.399308],[78.451357,17.399444]]]},"properties":{"id":"22a9eecdbbc5","height":null,"num_floors":null,"render_height_m":9.6,"height_label":"assumed"}},{"type":"Feature","geometry":{"type":"Polygon","coordinates":[[[78.451436,17.399607],[78.451322,17.399649],[78.45127,17.399521],[78.451384,17.399479],[78.451436,17.399607]]]},"properties":{"id":"0fc29b31d3ba","height":null,"num_floors":null,"render_height_m":9.6,"height_label":"assumed"}},{"type":"Feature","geometry":{"type":"Polygon","coordinates":[[[78.451559,17.399351],[78.451363,17.399429],[78.451324,17.399339],[78.45152,17.399261],[78.451559,17.399351]]]},"properties":{"id":"559eaa259c49","height":null,"num_floors":null,"render_height_m":9.6,"height_label":"assumed"}},{"type":"Feature","geometry":{"type":"Polygon","coordinates":[[[78.451305,17.39901],[78.451336,17.399007],[78.451343,17.39908],[78.451313,17.399083],[78.451305,17.39901]]]},"properties":{"id":"1a3347208799","height":null,"num_floors":null,"render_height_m":6.4,"height_label":"assumed"}},{"type":"Feature","geometry":{"type":"Polygon","coordinates":[[[78.451408,17.398982],[78.4513,17.399009],[78.451258,17.398852],[78.451365,17.398826],[78.451408,17.398982]]]},"properties":{"id":"a02ae101a07e","height":null,"num_floors":null,"render_height_m":9.6,"height_label":"assumed"}},{"type":"Feature","geometry":{"type":"Polygon","coordinates":[[[78.451588,17.39907],[78.451526,17.398982],[78.451675,17.398886],[78.451737,17.398974],[78.451588,17.39907]]]},"properties":{"id":"3d1df84a490a","height":null,"num_floors":null,"render_height_m":9.6,"height_label":"assumed"}},{"type":"Feature","geometry":{"type":"Polygon","coordinates":[[[78.451919,17.399214],[78.451854,17.399322],[78.451775,17.399278],[78.451839,17.399171],[78.451919,17.399214]]]},"properties":{"id":"6ad462e908cb","height":null,"num_floors":null,"render_height_m":9.6,"height_label":"assumed"}},{"type":"Feature","geometry":{"type":"Polygon","coordinates":[[[78.451769,17.399238],[78.45168,17.39919],[78.451732,17.399104],[78.45182,17.399153],[78.451769,17.399238]]]},"properties":{"id":"da70089c7b2b","height":null,"num_floors":null,"render_height_m":9.6,"height_label":"assumed"}},{"type":"Feature","geometry":{"type":"Polygon","coordinates":[[[78.451846,17.399459],[78.451725,17.399506],[78.451656,17.399351],[78.4517,17.39934],[78.451826,17.399421],[78.451846,17.399459]]]},"properties":{"id":"00e58630b2ad","height":null,"num_floors":null,"render_height_m":9.6,"height_label":"assumed"}},{"type":"Feature","geometry":{"type":"Polygon","coordinates":[[[78.45192,17.399584],[78.451904,17.399625],[78.451804,17.399589],[78.45182,17.399548],[78.45192,17.399584]]]},"properties":{"id":"e249d6ad4ff1","height":null,"num_floors":null,"render_height_m":6.4,"height_label":"assumed"}},{"type":"Feature","geometry":{"type":"Polygon","coordinates":[[[78.45169,17.399518],[78.451591,17.399554],[78.451531,17.399406],[78.451629,17.399369],[78.45169,17.399518]]]},"properties":{"id":"f0fccf373cdd","height":null,"num_floors":null,"render_height_m":9.6,"height_label":"assumed"}},{"type":"Feature","geometry":{"type":"Polygon","coordinates":[[[78.451555,17.399523],[78.451467,17.399556],[78.451412,17.399422],[78.4515,17.399389],[78.451555,17.399523]]]},"properties":{"id":"e274d90bc721","height":null,"num_floors":null,"render_height_m":9.6,"height_label":"assumed"}},{"type":"Feature","geometry":{"type":"Polygon","coordinates":[[[78.451605,17.399771],[78.451541,17.399901],[78.451386,17.399833],[78.45145,17.399702],[78.451605,17.399771]]]},"properties":{"id":"5cd695ff3df8","height":null,"num_floors":null,"render_height_m":12.8,"height_label":"assumed"}},{"type":"Feature","geometry":{"type":"Polygon","coordinates":[[[78.451624,17.399754],[78.451545,17.399719],[78.451589,17.399628],[78.451668,17.399663],[78.451624,17.399754]]]},"properties":{"id":"2db00c2a5c4a","height":null,"num_floors":null,"render_height_m":9.6,"height_label":"assumed"}},{"type":"Feature","geometry":{"type":"Polygon","coordinates":[[[78.451769,17.399851],[78.451637,17.399775],[78.451688,17.399695],[78.451819,17.39977],[78.451769,17.399851]]]},"properties":{"id":"20316a7a08f0","height":null,"num_floors":null,"render_height_m":9.6,"height_label":"assumed"}},{"type":"Feature","geometry":{"type":"Polygon","coordinates":[[[78.451829,17.399766],[78.451705,17.399689],[78.451755,17.399615],[78.451879,17.399692],[78.451829,17.399766]]]},"properties":{"id":"85db37bd14c1","height":null,"num_floors":null,"render_height_m":9.6,"height_label":"assumed"}},{"type":"Feature","geometry":{"type":"Polygon","coordinates":[[[78.45173,17.39994],[78.451587,17.399865],[78.451632,17.399787],[78.451776,17.399862],[78.45173,17.39994]]]},"properties":{"id":"94ac123403d6","height":null,"num_floors":null,"render_height_m":9.6,"height_label":"assumed"}},{"type":"Feature","geometry":{"type":"Polygon","coordinates":[[[78.451947,17.400123],[78.451884,17.400233],[78.451737,17.400157],[78.4518,17.400047],[78.451947,17.400123]]]},"properties":{"id":"3b6c0968c13e","height":null,"num_floors":null,"render_height_m":9.6,"height_label":"assumed"}},{"type":"Feature","geometry":{"type":"Polygon","coordinates":[[[78.451873,17.400246],[78.451808,17.400359],[78.451654,17.400278],[78.451718,17.400166],[78.451873,17.400246]]]},"properties":{"id":"9ed5cc0b429d","height":null,"num_floors":null,"render_height_m":12.8,"height_label":"assumed"}},{"type":"Feature","geometry":{"type":"Polygon","coordinates":[[[78.451705,17.399966],[78.451638,17.40009],[78.451519,17.40003],[78.451586,17.399907],[78.451705,17.399966]]]},"properties":{"id":"38cad41461b8","height":null,"num_floors":null,"render_height_m":9.6,"height_label":"assumed"}},{"type":"Feature","geometry":{"type":"Polygon","coordinates":[[[78.451478,17.400337],[78.451346,17.400134],[78.451458,17.400051],[78.451568,17.400211],[78.451478,17.400337]]]},"properties":{"id":"b759336a0649","height":null,"num_floors":null,"render_height_m":12.8,"height_label":"assumed"}},{"type":"Feature","geometry":{"type":"Polygon","coordinates":[[[78.451253,17.400365],[78.451177,17.400243],[78.45129,17.400179],[78.451366,17.4003],[78.451253,17.400365]]]},"properties":{"id":"16a82a4a0f48","height":null,"num_floors":null,"render_height_m":9.6,"height_label":"assumed"}},{"type":"Feature","geometry":{"type":"Polygon","coordinates":[[[78.45132,17.400118],[78.451258,17.400026],[78.451391,17.399944],[78.451453,17.400036],[78.45132,17.400118]]]},"properties":{"id":"e499beb45a5b","height":null,"num_floors":null,"render_height_m":9.6,"height_label":"assumed"}},{"type":"Feature","geometry":{"type":"Polygon","coordinates":[[[78.451245,17.400019],[78.451195,17.399945],[78.451345,17.399853],[78.451394,17.399927],[78.451245,17.400019]]]},"properties":{"id":"82d7c7795f71","height":null,"num_floors":null,"render_height_m":9.6,"height_label":"assumed"}},{"type":"Feature","geometry":{"type":"Polygon","coordinates":[[[78.451307,17.399858],[78.451184,17.399932],[78.451139,17.399863],[78.451262,17.399789],[78.451307,17.399858]]]},"properties":{"id":"f70ce3c72919","height":null,"num_floors":null,"render_height_m":9.6,"height_label":"assumed"}},{"type":"Feature","geometry":{"type":"Polygon","coordinates":[[[78.451289,17.399658],[78.451198,17.399697],[78.451133,17.39956],[78.451224,17.399521],[78.451289,17.399658]]]},"properties":{"id":"a931be6533d3","height":null,"num_floors":null,"render_height_m":9.6,"height_label":"assumed"}},{"type":"Feature","geometry":{"type":"Polygon","coordinates":[[[78.451166,17.399702],[78.451053,17.399741],[78.450999,17.399601],[78.451112,17.399562],[78.451166,17.399702]]]},"properties":{"id":"71af13fe55fa","height":null,"num_floors":null,"render_height_m":9.6,"height_label":"assumed"}},{"type":"Feature","geometry":{"type":"Polygon","coordinates":[[[78.451164,17.399937],[78.451045,17.400004],[78.450995,17.399924],[78.451114,17.399857],[78.451164,17.399937]]]},"properties":{"id":"f1574f37b3aa","height":null,"num_floors":null,"render_height_m":9.6,"height_label":"assumed"}},{"type":"Feature","geometry":{"type":"Polygon","coordinates":[[[78.45111,17.400126],[78.451059,17.400048],[78.451182,17.399975],[78.451233,17.400054],[78.45111,17.400126]]]},"properties":{"id":"ecb0b9a4fcc3","height":null,"num_floors":null,"render_height_m":9.6,"height_label":"assumed"}},{"type":"Feature","geometry":{"type":"Polygon","coordinates":[[[78.451286,17.400144],[78.45117,17.400212],[78.45112,17.400135],[78.451236,17.400067],[78.451286,17.400144]]]},"properties":{"id":"4a05f93d5dbe","height":null,"num_floors":null,"render_height_m":9.6,"height_label":"assumed"}},{"type":"Feature","geometry":{"type":"Polygon","coordinates":[[[78.451469,17.400471],[78.451372,17.400522],[78.451296,17.40039],[78.451393,17.400339],[78.451469,17.400471]]]},"properties":{"id":"c7f45ff5578a","height":null,"num_floors":null,"render_height_m":9.6,"height_label":"assumed"}},{"type":"Feature","geometry":{"type":"Polygon","coordinates":[[[78.451802,17.400819],[78.451644,17.400737],[78.451693,17.400651],[78.45185,17.400733],[78.451802,17.400819]]]},"properties":{"id":"25ff0ebc6165","height":null,"num_floors":null,"render_height_m":9.6,"height_label":"assumed"}},{"type":"Feature","geometry":{"type":"Polygon","coordinates":[[[78.451766,17.400865],[78.451711,17.40096],[78.451577,17.40089],[78.451631,17.400795],[78.451766,17.400865]]]},"properties":{"id":"12cf29388689","height":null,"num_floors":null,"render_height_m":9.6,"height_label":"assumed"}},{"type":"Feature","geometry":{"type":"Polygon","coordinates":[[[78.451561,17.400718],[78.451642,17.400751],[78.45162,17.400801],[78.451539,17.400768],[78.451561,17.400718]]]},"properties":{"id":"5ffc62164b66","height":null,"num_floors":null,"render_height_m":6.4,"height_label":"assumed"}},{"type":"Feature","geometry":{"type":"Polygon","coordinates":[[[78.451725,17.400491],[78.451669,17.400588],[78.451527,17.400514],[78.451583,17.400417],[78.451725,17.400491]]]},"properties":{"id":"8c294612acb4","height":null,"num_floors":null,"render_height_m":9.6,"height_label":"assumed"}},{"type":"Feature","geometry":{"type":"Polygon","coordinates":[[[78.451673,17.400601],[78.451613,17.400705],[78.451456,17.400623],[78.451515,17.40052],[78.451673,17.400601]]]},"properties":{"id":"84d8644a7435","height":null,"num_floors":null,"render_height_m":9.6,"height_label":"assumed"}},{"type":"Feature","geometry":{"type":"Polygon","coordinates":[[[78.451786,17.400388],[78.451735,17.400477],[78.451566,17.400389],[78.451617,17.4003],[78.451786,17.400388]]]},"properties":{"id":"1980acc6f879","height":null,"num_floors":null,"render_height_m":9.6,"height_label":"assumed"}},{"type":"Feature","geometry":{"type":"Polygon","coordinates":[[[78.451854,17.400706],[78.451719,17.400636],[78.451767,17.400551],[78.451903,17.400621],[78.451854,17.400706]]]},"properties":{"id":"b379bb6b4c4d","height":null,"num_floors":null,"render_height_m":9.6,"height_label":"assumed"}},{"type":"Feature","geometry":{"type":"Polygon","coordinates":[[[78.452026,17.400406],[78.451887,17.400339],[78.451932,17.400256],[78.45207,17.400323],[78.452026,17.400406]]]},"properties":{"id":"89f5f1dbe288","height":null,"num_floors":null,"render_height_m":9.6,"height_label":"assumed"}},{"type":"Feature","geometry":{"type":"Polygon","coordinates":[[[78.451934,17.400607],[78.451782,17.400528],[78.451844,17.400419],[78.451996,17.400499],[78.451934,17.400607]]]},"properties":{"id":"599c54aea714","height":null,"num_floors":null,"render_height_m":12.8,"height_label":"assumed"}},{"type":"Feature","geometry":{"type":"Polygon","coordinates":[[[78.452339,17.400665],[78.452289,17.400754],[78.452165,17.400689],[78.452215,17.400601],[78.452339,17.400665]]]},"properties":{"id":"a0ff4a24e416","height":null,"num_floors":null,"render_height_m":9.6,"height_label":"assumed"}},{"type":"Feature","geometry":{"type":"Polygon","coordinates":[[[78.452294,17.40077],[78.452245,17.400855],[78.452096,17.400778],[78.452145,17.400692],[78.452294,17.40077]]]},"properties":{"id":"4a8e3b9cd643","height":null,"num_floors":null,"render_height_m":9.6,"height_label":"assumed"}},{"type":"Feature","geometry":{"type":"Polygon","coordinates":[[[78.452237,17.400857],[78.452184,17.40095],[78.452049,17.40088],[78.452102,17.400787],[78.452237,17.400857]]]},"properties":{"id":"328cfa0c3ab7","height":null,"num_floors":null,"render_height_m":9.6,"height_label":"assumed"}},{"type":"Feature","geometry":{"type":"Polygon","coordinates":[[[78.452129,17.401042],[78.452011,17.400981],[78.452053,17.400908],[78.45217,17.400969],[78.452129,17.401042]]]},"properties":{"id":"39e80ce673a6","height":null,"num_floors":null,"render_height_m":9.6,"height_label":"assumed"}},{"type":"Feature","geometry":{"type":"Polygon","coordinates":[[[78.452127,17.401048],[78.452081,17.401128],[78.451956,17.401063],[78.452002,17.400983],[78.452127,17.401048]]]},"properties":{"id":"15b3541f7252","height":null,"num_floors":null,"render_height_m":9.6,"height_label":"assumed"}},{"type":"Feature","geometry":{"type":"Polygon","coordinates":[[[78.452153,17.401297],[78.452099,17.401391],[78.451982,17.401331],[78.452036,17.401236],[78.452153,17.401297]]]},"properties":{"id":"fe5529a12b04","height":null,"num_floors":null,"render_height_m":9.6,"height_label":"assumed"}},{"type":"Feature","geometry":{"type":"Polygon","coordinates":[[[78.452033,17.401209],[78.451975,17.401312],[78.451821,17.401233],[78.45188,17.40113],[78.452033,17.401209]]]},"properties":{"id":"c99784461dfb","height":null,"num_floors":null,"render_height_m":9.6,"height_label":"assumed"}},{"type":"Feature","geometry":{"type":"Polygon","coordinates":[[[78.452079,17.401499],[78.452046,17.401557],[78.451944,17.401505],[78.451977,17.401447],[78.452079,17.401499]]]},"properties":{"id":"edc393c59da3","height":null,"num_floors":null,"render_height_m":9.6,"height_label":"assumed"}},{"type":"Feature","geometry":{"type":"Polygon","coordinates":[[[78.452097,17.401409],[78.452057,17.40148],[78.451937,17.401417],[78.451977,17.401347],[78.452097,17.401409]]]},"properties":{"id":"31a40bc33703","height":null,"num_floors":null,"render_height_m":9.6,"height_label":"assumed"}},{"type":"Feature","geometry":{"type":"Polygon","coordinates":[[[78.452278,17.401718],[78.452133,17.401797],[78.452086,17.401718],[78.452155,17.401681],[78.452113,17.401611],[78.45219,17.40157],[78.452278,17.401718]]]},"properties":{"id":"9f431988b2db","height":null,"num_floors":null,"render_height_m":12.8,"height_label":"assumed"}},{"type":"Feature","geometry":{"type":"Polygon","coordinates":[[[78.452137,17.401176],[78.452255,17.401231],[78.452219,17.401303],[78.452101,17.401248],[78.452137,17.401176]]]},"properties":{"id":"b595945091a1","height":null,"num_floors":null,"render_height_m":9.6,"height_label":"assumed"}},{"type":"Feature","geometry":{"type":"Polygon","coordinates":[[[78.452243,17.401188],[78.452112,17.40112],[78.452155,17.401044],[78.452287,17.401112],[78.452243,17.401188]]]},"properties":{"id":"3a231d311c57","height":null,"num_floors":null,"render_height_m":9.6,"height_label":"assumed"}},{"type":"Feature","geometry":{"type":"Polygon","coordinates":[[[78.452279,17.4011],[78.452156,17.401036],[78.452195,17.400967],[78.452318,17.401031],[78.452279,17.4011]]]},"properties":{"id":"eddb497bf5cd","height":null,"num_floors":null,"render_height_m":9.6,"height_label":"assumed"}},{"type":"Feature","geometry":{"type":"Polygon","coordinates":[[[78.452352,17.401424],[78.452363,17.401452],[78.452318,17.401468],[78.452308,17.40144],[78.452352,17.401424]]]},"properties":{"id":"c964684c218a","height":null,"num_floors":null,"render_height_m":6.4,"height_label":"assumed"}},{"type":"Feature","geometry":{"type":"Polygon","coordinates":[[[78.45239,17.401614],[78.452257,17.401679],[78.452211,17.401593],[78.452344,17.401528],[78.45239,17.401614]]]},"properties":{"id":"3f2f3c3269f1","height":null,"num_floors":null,"render_height_m":9.6,"height_label":"assumed"}},{"type":"Feature","geometry":{"type":"Polygon","coordinates":[[[78.452315,17.401771],[78.45227,17.401691],[78.452417,17.401617],[78.452461,17.401697],[78.452315,17.401771]]]},"properties":{"id":"66ece5aa17ce","height":null,"num_floors":null,"render_height_m":9.6,"height_label":"assumed"}},{"type":"Feature","geometry":{"type":"Polygon","coordinates":[[[78.452515,17.401527],[78.452451,17.401405],[78.452548,17.40136],[78.452611,17.401481],[78.452515,17.401527]]]},"properties":{"id":"23d5329cab6a","height":null,"num_floors":null,"render_height_m":9.6,"height_label":"assumed"}},{"type":"Feature","geometry":{"type":"Polygon","coordinates":[[[78.452556,17.401606],[78.452516,17.401537],[78.452634,17.401475],[78.452674,17.401543],[78.452556,17.401606]]]},"properties":{"id":"9d0b89f78db3","height":null,"num_floors":null,"render_height_m":9.6,"height_label":"assumed"}},{"type":"Feature","geometry":{"type":"Polygon","coordinates":[[[78.45254,17.401295],[78.45256,17.401356],[78.452487,17.401378],[78.452467,17.401318],[78.45254,17.401295]]]},"properties":{"id":"d8b2a279b2f0","height":null,"num_floors":null,"render_height_m":6.4,"height_label":"assumed"}},{"type":"Feature","geometry":{"type":"Polygon","coordinates":[[[78.452537,17.401129],[78.452466,17.401096],[78.452521,17.400984],[78.452593,17.401017],[78.452537,17.401129]]]},"properties":{"id":"61bd04ad7487","height":null,"num_floors":null,"render_height_m":9.6,"height_label":"assumed"}},{"type":"Feature","geometry":{"type":"Polygon","coordinates":[[[78.452624,17.400942],[78.452559,17.400904],[78.452611,17.400823],[78.452676,17.400861],[78.452624,17.400942]]]},"properties":{"id":"15623e06d569","height":null,"num_floors":null,"render_height_m":9.6,"height_label":"assumed"}},{"type":"Feature","geometry":{"type":"Polygon","coordinates":[[[78.45266,17.400814],[78.452725,17.400841],[78.452712,17.400869],[78.452647,17.400842],[78.45266,17.400814]]]},"properties":{"id":"adb8103b4898","height":null,"num_floors":null,"render_height_m":6.4,"height_label":"assumed"}},{"type":"Feature","geometry":{"type":"Polygon","coordinates":[[[78.452591,17.401],[78.452533,17.400975],[78.452558,17.400921],[78.452617,17.400946],[78.452591,17.401]]]},"properties":{"id":"c71ba95eb734","height":null,"num_floors":null,"render_height_m":6.4,"height_label":"assumed"}},{"type":"Feature","geometry":{"type":"Polygon","coordinates":[[[78.452328,17.401024],[78.452207,17.400961],[78.452256,17.400874],[78.452377,17.400937],[78.452328,17.401024]]]},"properties":{"id":"a71ed008c4df","height":null,"num_floors":null,"render_height_m":9.6,"height_label":"assumed"}},{"type":"Feature","geometry":{"type":"Polygon","coordinates":[[[78.452383,17.40093],[78.452264,17.400868],[78.452329,17.400755],[78.452448,17.400817],[78.452383,17.40093]]]},"properties":{"id":"600888607564","height":null,"num_floors":null,"render_height_m":9.6,"height_label":"assumed"}},{"type":"Feature","geometry":{"type":"Polygon","coordinates":[[[78.452457,17.400805],[78.452321,17.400734],[78.452382,17.400628],[78.452517,17.400699],[78.452457,17.400805]]]},"properties":{"id":"5384529fcc83","height":null,"num_floors":null,"render_height_m":9.6,"height_label":"assumed"}},{"type":"Feature","geometry":{"type":"Polygon","coordinates":[[[78.452468,17.400468],[78.452377,17.400471],[78.452372,17.400323],[78.452463,17.40032],[78.452468,17.400468]]]},"properties":{"id":"a9c4b14426ed","height":null,"num_floors":null,"render_height_m":9.6,"height_label":"assumed"}},{"type":"Feature","geometry":{"type":"Polygon","coordinates":[[[78.452648,17.400578],[78.4525,17.400568],[78.452518,17.400332],[78.452671,17.400349],[78.452648,17.400578]]]},"properties":{"id":"02520f1b2924","height":null,"num_floors":null,"render_height_m":12.8,"height_label":"assumed"}},{"type":"Feature","geometry":{"type":"Polygon","coordinates":[[[78.452651,17.400273],[78.452462,17.40024],[78.452489,17.400101],[78.452678,17.400134],[78.452651,17.400273]]]},"properties":{"id":"d4d325d510e7","height":null,"num_floors":null,"render_height_m":12.8,"height_label":"assumed"}},{"type":"Feature","geometry":{"type":"Polygon","coordinates":[[[78.452703,17.400124],[78.45257,17.400105],[78.452584,17.400022],[78.452716,17.400041],[78.452703,17.400124]]]},"properties":{"id":"517caa040116","height":null,"num_floors":null,"render_height_m":9.6,"height_label":"assumed"}},{"type":"Feature","geometry":{"type":"Polygon","coordinates":[[[78.452739,17.400035],[78.452602,17.400013],[78.452619,17.399913],[78.452756,17.399935],[78.452739,17.400035]]]},"properties":{"id":"91e6803aa9a9","height":null,"num_floors":null,"render_height_m":9.6,"height_label":"assumed"}},{"type":"Feature","geometry":{"type":"Polygon","coordinates":[[[78.452351,17.399858],[78.452224,17.399792],[78.452272,17.399706],[78.4524,17.399773],[78.452351,17.399858]]]},"properties":{"id":"fd0ed7e92647","height":null,"num_floors":null,"render_height_m":9.6,"height_label":"assumed"}},{"type":"Feature","geometry":{"type":"Polygon","coordinates":[[[78.452221,17.40011],[78.452041,17.400016],[78.452093,17.399925],[78.452273,17.400019],[78.452221,17.40011]]]},"properties":{"id":"fc27016896d2","height":null,"num_floors":null,"render_height_m":12.8,"height_label":"assumed"}},{"type":"Feature","geometry":{"type":"Polygon","coordinates":[[[78.452071,17.40032],[78.451901,17.400232],[78.451954,17.400138],[78.452125,17.400227],[78.452071,17.40032]]]},"properties":{"id":"bed009c228bc","height":null,"num_floors":null,"render_height_m":9.6,"height_label":"assumed"}},{"type":"Feature","geometry":{"type":"Polygon","coordinates":[[[78.452011,17.400006],[78.451951,17.400112],[78.451799,17.400032],[78.451859,17.399927],[78.452011,17.400006]]]},"properties":{"id":"e2d36c1001b4","height":null,"num_floors":null,"render_height_m":9.6,"height_label":"assumed"}},{"type":"Feature","geometry":{"type":"Polygon","coordinates":[[[78.45212,17.400207],[78.451972,17.40013],[78.452025,17.400037],[78.452173,17.400114],[78.45212,17.400207]]]},"properties":{"id":"837efdb71f8d","height":null,"num_floors":null,"render_height_m":9.6,"height_label":"assumed"}},{"type":"Feature","geometry":{"type":"Polygon","coordinates":[[[78.452133,17.399758],[78.452069,17.399869],[78.451958,17.399811],[78.452022,17.3997],[78.452133,17.399758]]]},"properties":{"id":"6bd17590f5d2","height":null,"num_floors":null,"render_height_m":9.6,"height_label":"assumed"}},{"type":"Feature","geometry":{"type":"Polygon","coordinates":[[[78.452083,17.399895],[78.452024,17.4],[78.451864,17.399917],[78.451924,17.399813],[78.452083,17.399895]]]},"properties":{"id":"8ef6b722f5aa","height":null,"num_floors":null,"render_height_m":12.8,"height_label":"assumed"}},{"type":"Feature","geometry":{"type":"Polygon","coordinates":[[[78.452276,17.399972],[78.452128,17.399895],[78.452176,17.399811],[78.452324,17.399888],[78.452276,17.399972]]]},"properties":{"id":"e422a1e44147","height":null,"num_floors":null,"render_height_m":9.6,"height_label":"assumed"}},{"type":"Feature","geometry":{"type":"Polygon","coordinates":[[[78.452177,17.399486],[78.452075,17.399431],[78.452137,17.399328],[78.452239,17.399383],[78.452177,17.399486]]]},"properties":{"id":"a22fcd17c36b","height":null,"num_floors":null,"render_height_m":9.6,"height_label":"assumed"}},{"type":"Feature","geometry":{"type":"Polygon","coordinates":[[[78.451958,17.399362],[78.451869,17.399313],[78.451931,17.399209],[78.45202,17.399258],[78.451958,17.399362]]]},"properties":{"id":"933b1904da38","height":null,"num_floors":null,"render_height_m":9.6,"height_label":"assumed"}},{"type":"Feature","geometry":{"type":"Polygon","coordinates":[[[78.452115,17.399337],[78.452058,17.399431],[78.451975,17.399386],[78.452032,17.399291],[78.452115,17.399337]]]},"properties":{"id":"0fefdf41ab0e","height":null,"num_floors":null,"render_height_m":9.6,"height_label":"assumed"}},{"type":"Feature","geometry":{"type":"Polygon","coordinates":[[[78.452043,17.399233],[78.451944,17.399179],[78.45202,17.399053],[78.452119,17.399107],[78.452043,17.399233]]]},"properties":{"id":"e644a1b7b3f7","height":null,"num_floors":null,"render_height_m":9.6,"height_label":"assumed"}},{"type":"Feature","geometry":{"type":"Polygon","coordinates":[[[78.451935,17.399167],[78.451807,17.399097],[78.451896,17.39895],[78.452024,17.39902],[78.451935,17.399167]]]},"properties":{"id":"f0e73f59a948","height":null,"num_floors":null,"render_height_m":12.8,"height_label":"assumed"}},{"type":"Feature","geometry":{"type":"Polygon","coordinates":[[[78.452142,17.399295],[78.45206,17.39925],[78.452139,17.399119],[78.452221,17.399164],[78.452142,17.399295]]]},"properties":{"id":"73b6dc3ace63","height":null,"num_floors":null,"render_height_m":9.6,"height_label":"assumed"}},{"type":"Feature","geometry":{"type":"Polygon","coordinates":[[[78.452248,17.399328],[78.452175,17.399288],[78.452241,17.399179],[78.452314,17.399219],[78.452248,17.399328]]]},"properties":{"id":"807cb5780e5e","height":null,"num_floors":null,"render_height_m":9.6,"height_label":"assumed"}},{"type":"Feature","geometry":{"type":"Polygon","coordinates":[[[78.452221,17.398999],[78.452123,17.398946],[78.452174,17.398859],[78.452273,17.398912],[78.452221,17.398999]]]},"properties":{"id":"1066d24c5227","height":null,"num_floors":null,"render_height_m":9.6,"height_label":"assumed"}},{"type":"Feature","geometry":{"type":"Polygon","coordinates":[[[78.452329,17.399093],[78.452288,17.39907],[78.452356,17.398959],[78.452397,17.398982],[78.452329,17.399093]]]},"properties":{"id":"ecfe2fdd7581","height":null,"num_floors":null,"render_height_m":6.4,"height_label":"assumed"}},{"type":"Feature","geometry":{"type":"Polygon","coordinates":[[[78.452448,17.399149],[78.452391,17.39912],[78.452457,17.399002],[78.452514,17.399031],[78.452448,17.399149]]]},"properties":{"id":"f2cc90cec828","height":null,"num_floors":null,"render_height_m":9.6,"height_label":"assumed"}},{"type":"Feature","geometry":{"type":"Polygon","coordinates":[[[78.452388,17.399112],[78.452346,17.399089],[78.452407,17.398983],[78.452449,17.399005],[78.452388,17.399112]]]},"properties":{"id":"9919a0993ad8","height":null,"num_floors":null,"render_height_m":6.4,"height_label":"assumed"}},{"type":"Feature","geometry":{"type":"Polygon","coordinates":[[[78.452325,17.399357],[78.45227,17.399327],[78.45235,17.399193],[78.452405,17.399223],[78.452325,17.399357]]]},"properties":{"id":"2a9f691d80b8","height":null,"num_floors":null,"render_height_m":9.6,"height_label":"assumed"}},{"type":"Feature","geometry":{"type":"Polygon","coordinates":[[[78.452287,17.399384],[78.452359,17.399418],[78.452343,17.399448],[78.452363,17.399458],[78.452322,17.399538],[78.45223,17.399494],[78.452287,17.399384]]]},"properties":{"id":"73d9b7fba6dd","height":null,"num_floors":null,"render_height_m":9.6,"height_label":"assumed"}},{"type":"Feature","geometry":{"type":"Polygon","coordinates":[[[78.452452,17.399642],[78.452357,17.399587],[78.452437,17.399462],[78.452531,17.399516],[78.452452,17.399642]]]},"properties":{"id":"2ca624eb522c","height":null,"num_floors":null,"render_height_m":9.6,"height_label":"assumed"}},{"type":"Feature","geometry":{"type":"Polygon","coordinates":[[[78.452449,17.399441],[78.452346,17.399384],[78.452416,17.399267],[78.452519,17.399323],[78.452449,17.399441]]]},"properties":{"id":"b3986468a254","height":null,"num_floors":null,"render_height_m":9.6,"height_label":"assumed"}},{"type":"Feature","geometry":{"type":"Polygon","coordinates":[[[78.452551,17.399498],[78.452464,17.39945],[78.452547,17.399311],[78.452634,17.399359],[78.452551,17.399498]]]},"properties":{"id":"e6e36dcc5434","height":null,"num_floors":null,"render_height_m":9.6,"height_label":"assumed"}},{"type":"Feature","geometry":{"type":"Polygon","coordinates":[[[78.452663,17.399235],[78.45248,17.399136],[78.452541,17.399034],[78.452723,17.399133],[78.452663,17.399235]]]},"properties":{"id":"11db1572509d","height":null,"num_floors":null,"render_height_m":12.8,"height_label":"assumed"}},{"type":"Feature","geometry":{"type":"Polygon","coordinates":[[[78.452505,17.398818],[78.452619,17.398877],[78.452543,17.39901],[78.45243,17.398951],[78.452505,17.398818]]]},"properties":{"id":"39399cf5405d","height":null,"num_floors":null,"render_height_m":9.6,"height_label":"assumed"}},{"type":"Feature","geometry":{"type":"Polygon","coordinates":[[[78.452682,17.399072],[78.452591,17.399024],[78.452672,17.398885],[78.452762,17.398933],[78.452682,17.399072]]]},"properties":{"id":"eb39775a31b0","height":null,"num_floors":null,"render_height_m":9.6,"height_label":"assumed"}},{"type":"Feature","geometry":{"type":"Polygon","coordinates":[[[78.452765,17.399115],[78.452691,17.399073],[78.452771,17.398946],[78.452844,17.398988],[78.452765,17.399115]]]},"properties":{"id":"740d4ce80ba0","height":null,"num_floors":null,"render_height_m":9.6,"height_label":"assumed"}},{"type":"Feature","geometry":{"type":"Polygon","coordinates":[[[78.453052,17.399406],[78.452947,17.399383],[78.452972,17.399278],[78.453077,17.3993],[78.453052,17.399406]]]},"properties":{"id":"d63e6e37d6e4","height":null,"num_floors":null,"render_height_m":9.6,"height_label":"assumed"}},{"type":"Feature","geometry":{"type":"Polygon","coordinates":[[[78.453035,17.399577],[78.452893,17.399553],[78.452916,17.39943],[78.453057,17.399454],[78.453035,17.399577]]]},"properties":{"id":"924559982273","height":null,"num_floors":null,"render_height_m":9.6,"height_label":"assumed"}},{"type":"Feature","geometry":{"type":"Polygon","coordinates":[[[78.452787,17.399795],[78.452693,17.399779],[78.452716,17.399653],[78.45281,17.399668],[78.452787,17.399795]]]},"properties":{"id":"bf8d0ac29782","height":null,"num_floors":null,"render_height_m":9.6,"height_label":"assumed"}},{"type":"Feature","geometry":{"type":"Polygon","coordinates":[[[78.452957,17.399833],[78.452791,17.399801],[78.452813,17.399697],[78.452979,17.399728],[78.452957,17.399833]]]},"properties":{"id":"0b78aee69ed3","height":null,"num_floors":null,"render_height_m":9.6,"height_label":"assumed"}},{"type":"Feature","geometry":{"type":"Polygon","coordinates":[[[78.452919,17.400032],[78.452791,17.400009],[78.452823,17.399848],[78.45295,17.399871],[78.452919,17.400032]]]},"properties":{"id":"69139e8a0c5c","height":null,"num_floors":null,"render_height_m":9.6,"height_label":"assumed"}},{"type":"Feature","geometry":{"type":"Polygon","coordinates":[[[78.452787,17.399909],[78.452631,17.399879],[78.45265,17.39979],[78.452806,17.39982],[78.452787,17.399909]]]},"properties":{"id":"0bea40e606d1","height":null,"num_floors":null,"render_height_m":9.6,"height_label":"assumed"}},{"type":"Feature","geometry":{"type":"Polygon","coordinates":[[[78.452875,17.400347],[78.452673,17.400321],[78.452691,17.400197],[78.452893,17.400223],[78.452875,17.400347]]]},"properties":{"id":"e1b00de28b5a","height":null,"num_floors":null,"render_height_m":12.8,"height_label":"assumed"}},{"type":"Feature","geometry":{"type":"Polygon","coordinates":[[[78.452894,17.400152],[78.452739,17.400129],[78.452757,17.400019],[78.452912,17.400042],[78.452894,17.400152]]]},"properties":{"id":"0bcec86a6577","height":null,"num_floors":null,"render_height_m":9.6,"height_label":"assumed"}},{"type":"Feature","geometry":{"type":"Polygon","coordinates":[[[78.453011,17.399853],[78.452997,17.399941],[78.452967,17.399936],[78.45298,17.399849],[78.453011,17.399853]]]},"properties":{"id":"8f8bf5cd1272","height":null,"num_floors":null,"render_height_m":6.4,"height_label":"assumed"}},{"type":"Feature","geometry":{"type":"Polygon","coordinates":[[[78.453014,17.39967],[78.452852,17.399648],[78.452865,17.399561],[78.453027,17.399582],[78.453014,17.39967]]]},"properties":{"id":"42ef0fde3fa6","height":null,"num_floors":null,"render_height_m":9.6,"height_label":"assumed"}},{"type":"Feature","geometry":{"type":"Polygon","coordinates":[[[78.453261,17.399692],[78.453307,17.3997],[78.453297,17.399752],[78.45325,17.399744],[78.453261,17.399692]]]},"properties":{"id":"d7a85b3df4a0","height":null,"num_floors":null,"render_height_m":6.4,"height_label":"assumed"}},{"type":"Feature","geometry":{"type":"Polygon","coordinates":[[[78.453284,17.399894],[78.453119,17.399864],[78.453146,17.39973],[78.453311,17.39976],[78.453284,17.399894]]]},"properties":{"id":"49d99c6c7ebb","height":null,"num_floors":null,"render_height_m":12.8,"height_label":"assumed"}},{"type":"Feature","geometry":{"type":"Polygon","coordinates":[[[78.45323,17.400232],[78.453044,17.400198],[78.453072,17.400056],[78.453258,17.400089],[78.45323,17.400232]]]},"properties":{"id":"f7f3a84e662a","height":null,"num_floors":null,"render_height_m":12.8,"height_label":"assumed"}},{"type":"Feature","geometry":{"type":"Polygon","coordinates":[[[78.453507,17.400201],[78.453311,17.400166],[78.453334,17.400049],[78.45353,17.400084],[78.453507,17.400201]]]},"properties":{"id":"0272e410db04","height":null,"num_floors":null,"render_height_m":12.8,"height_label":"assumed"}},{"type":"Feature","geometry":{"type":"Polygon","coordinates":[[[78.453423,17.399988],[78.453304,17.399967],[78.453336,17.399805],[78.453455,17.399827],[78.453423,17.399988]]]},"properties":{"id":"699fc7fcdc6d","height":null,"num_floors":null,"render_height_m":9.6,"height_label":"assumed"}},{"type":"Feature","geometry":{"type":"Polygon","coordinates":[[[78.453474,17.399757],[78.453376,17.399739],[78.453406,17.399587],[78.453504,17.399605],[78.453474,17.399757]]]},"properties":{"id":"67e0e318328a","height":null,"num_floors":null,"render_height_m":9.6,"height_label":"assumed"}},{"type":"Feature","geometry":{"type":"Polygon","coordinates":[[[78.453474,17.399538],[78.453395,17.399524],[78.453428,17.399356],[78.453507,17.399371],[78.453474,17.399538]]]},"properties":{"id":"e3db64557f64","height":null,"num_floors":null,"render_height_m":9.6,"height_label":"assumed"}},{"type":"Feature","geometry":{"type":"Polygon","coordinates":[[[78.453341,17.399688],[78.453175,17.399659],[78.453206,17.3995],[78.453372,17.39953],[78.453341,17.399688]]]},"properties":{"id":"7c39ed4f86e2","height":null,"num_floors":null,"render_height_m":12.8,"height_label":"assumed"}},{"type":"Feature","geometry":{"type":"Polygon","coordinates":[[[78.453363,17.399511],[78.453188,17.39948],[78.453216,17.399335],[78.453391,17.399367],[78.453363,17.399511]]]},"properties":{"id":"ec450dc664d1","height":null,"num_floors":null,"render_height_m":12.8,"height_label":"assumed"}},{"type":"Feature","geometry":{"type":"Polygon","coordinates":[[[78.453184,17.399137],[78.453074,17.399104],[78.453101,17.399023],[78.453291,17.39908],[78.453311,17.399022],[78.453347,17.399033],[78.453299,17.399177],[78.453182,17.399142],[78.453184,17.399137]]]},"properties":{"id":"2a53c81f02fb","height":null,"num_floors":null,"render_height_m":12.8,"height_label":"assumed"}},{"type":"Feature","geometry":{"type":"Polygon","coordinates":[[[78.453171,17.398976],[78.453224,17.398998],[78.453208,17.399033],[78.453155,17.399011],[78.453171,17.398976]]]},"properties":{"id":"09abfbc25140","height":null,"num_floors":null,"render_height_m":6.4,"height_label":"assumed"}},{"type":"Feature","geometry":{"type":"Polygon","coordinates":[[[78.453185,17.398944],[78.453238,17.398966],[78.453224,17.398998],[78.453171,17.398976],[78.453185,17.398944]]]},"properties":{"id":"d2db38153cae","height":null,"num_floors":null,"render_height_m":6.4,"height_label":"assumed"}},{"type":"Feature","geometry":{"type":"Polygon","coordinates":[[[78.453231,17.399],[78.453259,17.399009],[78.453249,17.399042],[78.453221,17.399034],[78.453231,17.399]]]},"properties":{"id":"6c8f1d26a24f","height":null,"num_floors":null,"render_height_m":6.4,"height_label":"assumed"}},{"type":"Feature","geometry":{"type":"Polygon","coordinates":[[[78.453311,17.399155],[78.453334,17.399079],[78.453536,17.399134],[78.453513,17.39921],[78.453311,17.399155]]]},"properties":{"id":"59f65bc46f63","height":null,"num_floors":null,"render_height_m":9.6,"height_label":"assumed"}},{"type":"Feature","geometry":{"type":"Polygon","coordinates":[[[78.453556,17.39885],[78.453711,17.398884],[78.453666,17.399073],[78.453511,17.399039],[78.453556,17.39885]]]},"properties":{"id":"a999b4184ee9","height":null,"num_floors":null,"render_height_m":12.8,"height_label":"assumed"}},{"type":"Feature","geometry":{"type":"Polygon","coordinates":[[[78.453575,17.399232],[78.453595,17.399148],[78.453801,17.399195],[78.453781,17.399278],[78.453575,17.399232]]]},"properties":{"id":"d633c174866a","height":null,"num_floors":null,"render_height_m":9.6,"height_label":"assumed"}},{"type":"Feature","geometry":{"type":"Polygon","coordinates":[[[78.453686,17.399597],[78.453483,17.399561],[78.453512,17.399415],[78.453715,17.399452],[78.453686,17.399597]]]},"properties":{"id":"d068caeb7f51","height":null,"num_floors":null,"render_height_m":12.8,"height_label":"assumed"}},{"type":"Feature","geometry":{"type":"Polygon","coordinates":[[[78.453836,17.399109],[78.453732,17.399086],[78.453762,17.398964],[78.453866,17.398987],[78.453836,17.399109]]]},"properties":{"id":"fcc26bedf3af","height":null,"num_floors":null,"render_height_m":9.6,"height_label":"assumed"}},{"type":"Feature","geometry":{"type":"Polygon","coordinates":[[[78.454106,17.399748],[78.454175,17.399751],[78.454169,17.399901],[78.454099,17.399899],[78.454106,17.399748]]]},"properties":{"id":"b210f685bc3b","height":null,"num_floors":null,"render_height_m":9.6,"height_label":"assumed"}},{"type":"Feature","geometry":{"type":"Polygon","coordinates":[[[78.454197,17.40012],[78.454187,17.400268],[78.454013,17.400257],[78.454023,17.400109],[78.454197,17.40012]]]},"properties":{"id":"5f0484fcc02d","height":null,"num_floors":null,"render_height_m":12.8,"height_label":"assumed"}},{"type":"Feature","geometry":{"type":"Polygon","coordinates":[[[78.453911,17.400124],[78.453978,17.400122],[78.45398,17.400157],[78.453912,17.400159],[78.453911,17.400124]]]},"properties":{"id":"952ec9e80ffb","height":null,"num_floors":null,"render_height_m":6.4,"height_label":"assumed"}},{"type":"Feature","geometry":{"type":"Polygon","coordinates":[[[78.453646,17.399795],[78.45351,17.399771],[78.453541,17.399614],[78.453677,17.399639],[78.453646,17.399795]]]},"properties":{"id":"947924712beb","height":null,"num_floors":null,"render_height_m":12.8,"height_label":"assumed"}},{"type":"Feature","geometry":{"type":"Polygon","coordinates":[[[78.453594,17.400025],[78.453473,17.400004],[78.453504,17.399847],[78.453625,17.399869],[78.453594,17.400025]]]},"properties":{"id":"9fbd5641aba3","height":null,"num_floors":null,"render_height_m":9.6,"height_label":"assumed"}},{"type":"Feature","geometry":{"type":"Polygon","coordinates":[[[78.453562,17.400041],[78.453596,17.400044],[78.453591,17.400092],[78.453557,17.400089],[78.453562,17.400041]]]},"properties":{"id":"380eafdd0738","height":null,"num_floors":null,"render_height_m":6.4,"height_label":"assumed"}},{"type":"Feature","geometry":{"type":"Polygon","coordinates":[[[78.453915,17.401004],[78.453681,17.400989],[78.453692,17.400827],[78.453926,17.400842],[78.453915,17.401004]]]},"properties":{"id":"ad945a687deb","height":null,"num_floors":null,"render_height_m":12.8,"height_label":"assumed"}},{"type":"Feature","geometry":{"type":"Polygon","coordinates":[[[78.453952,17.400811],[78.453719,17.400797],[78.453729,17.400648],[78.453963,17.400662],[78.453952,17.400811]]]},"properties":{"id":"3f75fddab911","height":null,"num_floors":null,"render_height_m":12.8,"height_label":"assumed"}},{"type":"Feature","geometry":{"type":"Polygon","coordinates":[[[78.453933,17.400555],[78.453809,17.400547],[78.453814,17.400476],[78.453939,17.400484],[78.453933,17.400555]]]},"properties":{"id":"7dff145d2b8a","height":null,"num_floors":null,"render_height_m":9.6,"height_label":"assumed"}},{"type":"Feature","geometry":{"type":"Polygon","coordinates":[[[78.453988,17.400249],[78.453979,17.400397],[78.45377,17.400384],[78.45378,17.400236],[78.453988,17.400249]]]},"properties":{"id":"41d6e27467d0","height":null,"num_floors":null,"render_height_m":12.8,"height_label":"assumed"}},{"type":"Feature","geometry":{"type":"Polygon","coordinates":[[[78.454237,17.400434],[78.45412,17.400427],[78.454129,17.4003],[78.454246,17.400307],[78.454237,17.400434]]]},"properties":{"id":"381275e83b04","height":null,"num_floors":null,"render_height_m":9.6,"height_label":"assumed"}},{"type":"Feature","geometry":{"type":"Polygon","coordinates":[[[78.453411,17.400782],[78.453525,17.400793],[78.453521,17.400823],[78.453502,17.401002],[78.453388,17.400991],[78.453411,17.400782]]]},"properties":{"id":"b0a851cdf024","height":null,"num_floors":null,"render_height_m":12.8,"height_label":"assumed"}},{"type":"Feature","geometry":{"type":"Polygon","coordinates":[[[78.453517,17.400426],[78.453249,17.40041],[78.453261,17.400239],[78.453529,17.400255],[78.453517,17.400426]]]},"properties":{"id":"3e089335fa94","height":null,"num_floors":null,"render_height_m":12.8,"height_label":"assumed"}},{"type":"Feature","geometry":{"type":"Polygon","coordinates":[[[78.453508,17.400655],[78.453311,17.400642],[78.453323,17.400465],[78.45352,17.400477],[78.453508,17.400655]]]},"properties":{"id":"5620af88731e","height":null,"num_floors":null,"render_height_m":12.8,"height_label":"assumed"}},{"type":"Feature","geometry":{"type":"Polygon","coordinates":[[[78.453202,17.400399],[78.453037,17.400369],[78.453066,17.400221],[78.453231,17.400251],[78.453202,17.400399]]]},"properties":{"id":"78ed72fb8a9f","height":null,"num_floors":null,"render_height_m":12.8,"height_label":"assumed"}},{"type":"Feature","geometry":{"type":"Polygon","coordinates":[[[78.452905,17.400779],[78.453119,17.400793],[78.453106,17.400981],[78.452892,17.400968],[78.452905,17.400779]]]},"properties":{"id":"2b5d02eb9b55","height":null,"num_floors":null,"render_height_m":12.8,"height_label":"assumed"}},{"type":"Feature","geometry":{"type":"Polygon","coordinates":[[[78.453178,17.400638],[78.452959,17.400599],[78.452991,17.400438],[78.45321,17.400477],[78.453178,17.400638]]]},"properties":{"id":"1cc21bf12877","height":null,"num_floors":null,"render_height_m":12.8,"height_label":"assumed"}},{"type":"Feature","geometry":{"type":"Polygon","coordinates":[[[78.452833,17.400591],[78.452681,17.400579],[78.452697,17.400389],[78.452849,17.400401],[78.452833,17.400591]]]},"properties":{"id":"22b3e97e5f08","height":null,"num_floors":null,"render_height_m":12.8,"height_label":"assumed"}},{"type":"Feature","geometry":{"type":"Polygon","coordinates":[[[78.452764,17.40075],[78.452748,17.400797],[78.452719,17.400788],[78.452735,17.400741],[78.452764,17.40075]]]},"properties":{"id":"7362d548bbc5","height":null,"num_floors":null,"render_height_m":6.4,"height_label":"assumed"}},{"type":"Feature","geometry":{"type":"Polygon","coordinates":[[[78.452846,17.400655],[78.452839,17.400703],[78.452773,17.400694],[78.45278,17.400647],[78.452846,17.400655]]]},"properties":{"id":"c2c3a57667bf","height":null,"num_floors":null,"render_height_m":6.4,"height_label":"assumed"}},{"type":"Feature","geometry":{"type":"Polygon","coordinates":[[[78.45283,17.400769],[78.452898,17.400782],[78.452865,17.400948],[78.452827,17.400941],[78.452832,17.40092],[78.452801,17.400914],[78.45283,17.400769]]]},"properties":{"id":"9e6befb3306c","height":null,"num_floors":null,"render_height_m":9.6,"height_label":"assumed"}},{"type":"Feature","geometry":{"type":"Polygon","coordinates":[[[78.45283,17.400769],[78.452801,17.400914],[78.452758,17.400906],[78.452787,17.400761],[78.45283,17.400769]]]},"properties":{"id":"200bfd963ed0","height":null,"num_floors":null,"render_height_m":6.4,"height_label":"assumed"}},{"type":"Feature","geometry":{"type":"Polygon","coordinates":[[[78.453429,17.401],[78.453429,17.401002],[78.453447,17.401003],[78.453444,17.401049],[78.453426,17.401048],[78.453426,17.401054],[78.453452,17.401056],[78.45344,17.401247],[78.453461,17.401248],[78.453457,17.40132],[78.453436,17.401319],[78.45343,17.401421],[78.453418,17.40142],[78.453414,17.401478],[78.4534,17.401477],[78.453399,17.401484],[78.453251,17.401475],[78.45325,17.401496],[78.4527,17.401461],[78.452726,17.401091],[78.452883,17.401102],[78.452885,17.401072],[78.452863,17.40107],[78.452871,17.400966],[78.45315,17.400984],[78.453429,17.401]]]},"properties":{"id":"a8ee451a6da6","height":null,"num_floors":null,"render_height_m":19.2,"height_label":"assumed"}},{"type":"Feature","geometry":{"type":"Polygon","coordinates":[[[78.452434,17.402172],[78.452392,17.402069],[78.452608,17.401953],[78.45277,17.401913],[78.453124,17.401892],[78.453107,17.402021],[78.45298,17.402],[78.452851,17.402014],[78.45265,17.402067],[78.452434,17.402172]]]},"properties":{"id":"16cfbbd27869","height":null,"num_floors":null,"render_height_m":19.2,"height_label":"assumed"}},{"type":"Feature","geometry":{"type":"Polygon","coordinates":[[[78.452795,17.401806],[78.452839,17.401809],[78.452833,17.401884],[78.452788,17.40188],[78.452795,17.401806]]]},"properties":{"id":"db24948988d8","height":null,"num_floors":null,"render_height_m":6.4,"height_label":"assumed"}},{"type":"Feature","geometry":{"type":"Polygon","coordinates":[[[78.451999,17.403102],[78.452009,17.403164],[78.451903,17.40318],[78.451893,17.403118],[78.451999,17.403102]]]},"properties":{"id":"6f249fb42d74","height":null,"num_floors":null,"render_height_m":6.4,"height_label":"assumed"}},{"type":"Feature","geometry":{"type":"Polygon","coordinates":[[[78.452063,17.403092],[78.452073,17.403154],[78.452009,17.403164],[78.451999,17.403102],[78.452063,17.403092]]]},"properties":{"id":"e8ab2d0227be","height":null,"num_floors":null,"render_height_m":6.4,"height_label":"assumed"}},{"type":"Feature","geometry":{"type":"Polygon","coordinates":[[[78.45274,17.402513],[78.452665,17.402549],[78.452487,17.402206],[78.452638,17.402134],[78.4527,17.402253],[78.452623,17.402289],[78.452641,17.402324],[78.45268,17.402306],[78.452751,17.402442],[78.452713,17.402461],[78.45274,17.402513]]]},"properties":{"id":"da3047ff685b","height":null,"num_floors":null,"render_height_m":12.8,"height_label":"assumed"}},{"type":"Feature","geometry":{"type":"Polygon","coordinates":[[[78.452409,17.401938],[78.452373,17.401874],[78.452525,17.401795],[78.452561,17.401859],[78.452409,17.401938]]]},"properties":{"id":"0ace653769e8","height":null,"num_floors":null,"render_height_m":9.6,"height_label":"assumed"}},{"type":"Feature","geometry":{"type":"Polygon","coordinates":[[[78.4525,17.401793],[78.452361,17.401865],[78.452316,17.401784],[78.452455,17.401713],[78.4525,17.401793]]]},"properties":{"id":"349732bca9c8","height":null,"num_floors":null,"render_height_m":9.6,"height_label":"assumed"}},{"type":"Feature","geometry":{"type":"Polygon","coordinates":[[[78.452267,17.402003],[78.45221,17.401894],[78.452328,17.401838],[78.452385,17.401947],[78.452267,17.402003]]]},"properties":{"id":"c0169968f5d0","height":null,"num_floors":null,"render_height_m":9.6,"height_label":"assumed"}},{"type":"Feature","geometry":{"type":"Polygon","coordinates":[[[78.452453,17.402397],[78.452298,17.402111],[78.452369,17.402076],[78.452524,17.402362],[78.452453,17.402397]]]},"properties":{"id":"5049ef1a6481","height":null,"num_floors":null,"render_height_m":12.8,"height_label":"assumed"}},{"type":"Feature","geometry":{"type":"Polygon","coordinates":[[[78.452327,17.401823],[78.452204,17.401882],[78.452157,17.401794],[78.452281,17.401735],[78.452327,17.401823]]]},"properties":{"id":"cc657e6b4cd9","height":null,"num_floors":null,"render_height_m":9.6,"height_label":"assumed"}},{"type":"Feature","geometry":{"type":"Polygon","coordinates":[[[78.452112,17.403015],[78.451961,17.403051],[78.451944,17.402984],[78.452095,17.402949],[78.452112,17.403015]]]},"properties":{"id":"ba35a2aad6db","height":null,"num_floors":null,"render_height_m":9.6,"height_label":"assumed"}},{"type":"Feature","geometry":{"type":"Polygon","coordinates":[[[78.452097,17.402932],[78.451936,17.402958],[78.451937,17.402889],[78.45206,17.40289],[78.452097,17.402932]]]},"properties":{"id":"89c72962088b","height":null,"num_floors":null,"render_height_m":9.6,"height_label":"assumed"}},{"type":"Feature","geometry":{"type":"Polygon","coordinates":[[[78.451833,17.402982],[78.451832,17.403038],[78.45178,17.403037],[78.451781,17.402981],[78.451833,17.402982]]]},"properties":{"id":"b069d10e76cc","height":null,"num_floors":null,"render_height_m":6.4,"height_label":"assumed"}},{"type":"Feature","geometry":{"type":"Polygon","coordinates":[[[78.451601,17.40297],[78.45164,17.402973],[78.451635,17.403042],[78.451596,17.40304],[78.451601,17.40297]]]},"properties":{"id":"9545466c531d","height":null,"num_floors":null,"render_height_m":6.4,"height_label":"assumed"}},{"type":"Feature","geometry":{"type":"Polygon","coordinates":[[[78.451593,17.403063],[78.451639,17.403065],[78.451637,17.403109],[78.451591,17.403108],[78.451593,17.403063]]]},"properties":{"id":"cb6aaac67afa","height":null,"num_floors":null,"render_height_m":6.4,"height_label":"assumed"}},{"type":"Feature","geometry":{"type":"Polygon","coordinates":[[[78.451453,17.402863],[78.4515,17.402865],[78.451497,17.4029],[78.45145,17.402897],[78.451453,17.402863]]]},"properties":{"id":"bc177c96688c","height":null,"num_floors":null,"render_height_m":6.4,"height_label":"assumed"}},{"type":"Feature","geometry":{"type":"Polygon","coordinates":[[[78.45167,17.402945],[78.451553,17.402928],[78.451545,17.402801],[78.451599,17.40281],[78.451654,17.402817],[78.45176,17.402836],[78.451752,17.40303],[78.451686,17.40302],[78.45167,17.402945]]]},"properties":{"id":"e46ab907faf3","height":null,"num_floors":null,"render_height_m":12.8,"height_label":"assumed"}},{"type":"Feature","geometry":{"type":"Polygon","coordinates":[[[78.451474,17.402633],[78.451558,17.402632],[78.451559,17.402691],[78.451475,17.402692],[78.451474,17.402633]]]},"properties":{"id":"1106e6fe09a9","height":null,"num_floors":null,"render_height_m":6.4,"height_label":"assumed"}},{"type":"Feature","geometry":{"type":"Polygon","coordinates":[[[78.45153,17.402543],[78.45147,17.40252],[78.451503,17.402441],[78.451621,17.402486],[78.451568,17.402611],[78.451511,17.402589],[78.45153,17.402543]]]},"properties":{"id":"501fe9b39c95","height":null,"num_floors":null,"render_height_m":9.6,"height_label":"assumed"}},{"type":"Feature","geometry":{"type":"Polygon","coordinates":[[[78.451752,17.402489],[78.451726,17.402417],[78.451822,17.402385],[78.451849,17.402456],[78.451752,17.402489]]]},"properties":{"id":"4e478cd0dd72","height":null,"num_floors":null,"render_height_m":9.6,"height_label":"assumed"}},{"type":"Feature","geometry":{"type":"Polygon","coordinates":[[[78.451776,17.402248],[78.451806,17.402377],[78.451605,17.40242],[78.451575,17.40229],[78.451776,17.402248]]]},"properties":{"id":"a4b80884a918","height":null,"num_floors":null,"render_height_m":12.8,"height_label":"assumed"}},{"type":"Feature","geometry":{"type":"Polygon","coordinates":[[[78.451672,17.40187],[78.4517,17.401931],[78.451629,17.401961],[78.451601,17.401901],[78.451672,17.40187]]]},"properties":{"id":"96ac90db5d8d","height":null,"num_floors":null,"render_height_m":6.4,"height_label":"assumed"}},{"type":"Feature","geometry":{"type":"Polygon","coordinates":[[[78.451616,17.402077],[78.451415,17.401787],[78.451474,17.401756],[78.451659,17.402058],[78.451616,17.402077]]]},"properties":{"id":"57d8151c1b39","height":null,"num_floors":null,"render_height_m":9.6,"height_label":"assumed"}},{"type":"Feature","geometry":{"type":"Polygon","coordinates":[[[78.451595,17.402085],[78.451659,17.402078],[78.451664,17.402123],[78.4516,17.40213],[78.451595,17.402085]]]},"properties":{"id":"af1e003d22f4","height":null,"num_floors":null,"render_height_m":6.4,"height_label":"assumed"}},{"type":"Feature","geometry":{"type":"Polygon","coordinates":[[[78.451278,17.40189],[78.451313,17.401943],[78.451254,17.40198],[78.451218,17.401927],[78.451278,17.40189]]]},"properties":{"id":"52bb800aa8ba","height":null,"num_floors":null,"render_height_m":6.4,"height_label":"assumed"}},{"type":"Feature","geometry":{"type":"Polygon","coordinates":[[[78.451235,17.401991],[78.451098,17.402259],[78.451039,17.402231],[78.451176,17.401963],[78.451235,17.401991]]]},"properties":{"id":"13d60d0572e7","height":null,"num_floors":null,"render_height_m":9.6,"height_label":"assumed"}},{"type":"Feature","geometry":{"type":"Polygon","coordinates":[[[78.451121,17.402343],[78.451092,17.402397],[78.451012,17.402357],[78.451041,17.402303],[78.451121,17.402343]]]},"properties":{"id":"39b923139d83","height":null,"num_floors":null,"render_height_m":6.4,"height_label":"assumed"}},{"type":"Feature","geometry":{"type":"Polygon","coordinates":[[[78.451061,17.40261],[78.45102,17.402591],[78.451109,17.402422],[78.45115,17.402442],[78.451061,17.40261]]]},"properties":{"id":"5d7ac2e4cd0d","height":null,"num_floors":null,"render_height_m":9.6,"height_label":"assumed"}},{"type":"Feature","geometry":{"type":"Polygon","coordinates":[[[78.451284,17.402531],[78.451212,17.402674],[78.451188,17.402663],[78.451166,17.402707],[78.451071,17.402663],[78.451164,17.402476],[78.451284,17.402531]]]},"properties":{"id":"8b4db759425b","height":null,"num_floors":null,"render_height_m":12.8,"height_label":"assumed"}},{"type":"Feature","geometry":{"type":"Polygon","coordinates":[[[78.451467,17.402643],[78.451422,17.402629],[78.451452,17.402544],[78.451498,17.402559],[78.451467,17.402643]]]},"properties":{"id":"27fc00f67df5","height":null,"num_floors":null,"render_height_m":6.4,"height_label":"assumed"}},{"type":"Feature","geometry":{"type":"Polygon","coordinates":[[[78.451325,17.402571],[78.451393,17.402603],[78.451334,17.40272],[78.451266,17.402689],[78.451325,17.402571]]]},"properties":{"id":"32a064716df3","height":null,"num_floors":null,"render_height_m":9.6,"height_label":"assumed"}},{"type":"Feature","geometry":{"type":"Polygon","coordinates":[[[78.451396,17.402877],[78.451445,17.402872],[78.451455,17.402965],[78.451405,17.40297],[78.451396,17.402877]]]},"properties":{"id":"e56b3de2d1d1","height":null,"num_floors":null,"render_height_m":6.4,"height_label":"assumed"}},{"type":"Feature","geometry":{"type":"Polygon","coordinates":[[[78.45133,17.402975],[78.451249,17.402972],[78.451251,17.402916],[78.451332,17.402919],[78.45133,17.402975]]]},"properties":{"id":"cfaf70207f17","height":null,"num_floors":null,"render_height_m":6.4,"height_label":"assumed"}},{"type":"Feature","geometry":{"type":"Polygon","coordinates":[[[78.451298,17.403054],[78.451306,17.403115],[78.451213,17.403126],[78.451205,17.403064],[78.451298,17.403054]]]},"properties":{"id":"8f09f88c419e","height":null,"num_floors":null,"render_height_m":6.4,"height_label":"assumed"}},{"type":"Feature","geometry":{"type":"Polygon","coordinates":[[[78.451119,17.403153],[78.451217,17.403138],[78.451226,17.403192],[78.451127,17.403208],[78.451119,17.403153]]]},"properties":{"id":"e3763cbefec5","height":null,"num_floors":null,"render_height_m":6.4,"height_label":"assumed"}},{"type":"Feature","geometry":{"type":"Polygon","coordinates":[[[78.451202,17.403197],[78.451212,17.403279],[78.451136,17.403288],[78.451126,17.403206],[78.451202,17.403197]]]},"properties":{"id":"67ab64c1c849","height":null,"num_floors":null,"render_height_m":6.4,"height_label":"assumed"}},{"type":"Feature","geometry":{"type":"Polygon","coordinates":[[[78.451052,17.403268],[78.451089,17.403259],[78.451122,17.403389],[78.451085,17.403398],[78.451052,17.403268]]]},"properties":{"id":"fb3a13dae7d1","height":null,"num_floors":null,"render_height_m":6.4,"height_label":"assumed"}},{"type":"Feature","geometry":{"type":"Polygon","coordinates":[[[78.451368,17.403205],[78.451375,17.403263],[78.451299,17.40327],[78.451301,17.403296],[78.451238,17.403302],[78.451229,17.403219],[78.451368,17.403205]]]},"properties":{"id":"83cb93ce3e09","height":null,"num_floors":null,"render_height_m":9.6,"height_label":"assumed"}},{"type":"Feature","geometry":{"type":"Polygon","coordinates":[[[78.45164,17.403215],[78.451655,17.403309],[78.451453,17.403339],[78.451438,17.403245],[78.45164,17.403215]]]},"properties":{"id":"5d696bb05927","height":null,"num_floors":null,"render_height_m":9.6,"height_label":"assumed"}},{"type":"Feature","geometry":{"type":"Polygon","coordinates":[[[78.451691,17.403396],[78.451704,17.403475],[78.451614,17.403489],[78.451601,17.403409],[78.451691,17.403396]]]},"properties":{"id":"549c8d769705","height":null,"num_floors":null,"render_height_m":9.6,"height_label":"assumed"}},{"type":"Feature","geometry":{"type":"Polygon","coordinates":[[[78.451789,17.403059],[78.451813,17.403178],[78.451695,17.4032],[78.451671,17.40308],[78.451789,17.403059]]]},"properties":{"id":"523cad8b11e2","height":null,"num_floors":null,"render_height_m":9.6,"height_label":"assumed"}},{"type":"Feature","geometry":{"type":"Polygon","coordinates":[[[78.45188,17.403272],[78.45176,17.403292],[78.451742,17.403205],[78.451865,17.403183],[78.45188,17.403272]]]},"properties":{"id":"537d65042b6d","height":null,"num_floors":null,"render_height_m":9.6,"height_label":"assumed"}},{"type":"Feature","geometry":{"type":"Polygon","coordinates":[[[78.451792,17.403392],[78.451804,17.403461],[78.451704,17.403475],[78.451693,17.403407],[78.451792,17.403392]]]},"properties":{"id":"92794f134387","height":null,"num_floors":null,"render_height_m":9.6,"height_label":"assumed"}},{"type":"Feature","geometry":{"type":"Polygon","coordinates":[[[78.451649,17.403484],[78.451663,17.403574],[78.451516,17.403596],[78.451501,17.403506],[78.451649,17.403484]]]},"properties":{"id":"b5036f70cad9","height":null,"num_floors":null,"render_height_m":9.6,"height_label":"assumed"}},{"type":"Feature","geometry":{"type":"Polygon","coordinates":[[[78.450963,17.403235],[78.450809,17.403244],[78.450797,17.403075],[78.450952,17.403065],[78.450963,17.403235]]]},"properties":{"id":"9553ecf2be35","height":null,"num_floors":null,"render_height_m":12.8,"height_label":"assumed"}},{"type":"Feature","geometry":{"type":"Polygon","coordinates":[[[78.450757,17.40344],[78.450382,17.403474],[78.450374,17.4034],[78.45075,17.403366],[78.450757,17.40344]]]},"properties":{"id":"8f47133bac00","height":null,"num_floors":null,"render_height_m":12.8,"height_label":"assumed"}},{"type":"Feature","geometry":{"type":"Polygon","coordinates":[[[78.450684,17.40314],[78.450637,17.403144],[78.450646,17.403235],[78.45069,17.40323],[78.450698,17.403303],[78.450093,17.40336],[78.450056,17.403001],[78.45059,17.402952],[78.450596,17.403008],[78.45067,17.403001],[78.450684,17.40314]],[[78.450588,17.40305],[78.45019,17.403082],[78.450202,17.403208],[78.450599,17.403176],[78.450588,17.40305]]]},"properties":{"id":"a5bc833b9eb9","height":null,"num_floors":null,"render_height_m":19.2,"height_label":"assumed"}},{"type":"Feature","geometry":{"type":"Polygon","coordinates":[[[78.449429,17.403484],[78.449495,17.403486],[78.449491,17.403576],[78.449425,17.403573],[78.449429,17.403484]]]},"properties":{"id":"56069b36cbde","height":null,"num_floors":null,"render_height_m":6.4,"height_label":"assumed"}},{"type":"Feature","geometry":{"type":"Polygon","coordinates":[[[78.449583,17.403266],[78.449591,17.403404],[78.449528,17.403408],[78.44952,17.40327],[78.449583,17.403266]]]},"properties":{"id":"16c46375f08d","height":null,"num_floors":null,"render_height_m":9.6,"height_label":"assumed"}},{"type":"Feature","geometry":{"type":"Polygon","coordinates":[[[78.449434,17.403393],[78.449523,17.403397],[78.449519,17.403487],[78.44943,17.403483],[78.449434,17.403393]]]},"properties":{"id":"5033fb3a90e8","height":null,"num_floors":null,"render_height_m":9.6,"height_label":"assumed"}},{"type":"Feature","geometry":{"type":"Polygon","coordinates":[[[78.449402,17.403391],[78.449434,17.403393],[78.44943,17.403483],[78.449397,17.403481],[78.449402,17.403391]]]},"properties":{"id":"9d85786a40eb","height":null,"num_floors":null,"render_height_m":6.4,"height_label":"assumed"}},{"type":"Feature","geometry":{"type":"Polygon","coordinates":[[[78.449413,17.403195],[78.449477,17.403198],[78.449473,17.403288],[78.449409,17.403286],[78.449413,17.403195]]]},"properties":{"id":"15bd96d6c5d0","height":null,"num_floors":null,"render_height_m":6.4,"height_label":"assumed"}},{"type":"Feature","geometry":{"type":"Polygon","coordinates":[[[78.449947,17.403183],[78.449966,17.403381],[78.449727,17.403402],[78.449715,17.403283],[78.449693,17.403285],[78.449686,17.403206],[78.449947,17.403183]]]},"properties":{"id":"1e3e63db41b5","height":null,"num_floors":null,"render_height_m":12.8,"height_label":"assumed"}},{"type":"Feature","geometry":{"type":"Polygon","coordinates":[[[78.449762,17.403469],[78.450004,17.403451],[78.450023,17.403682],[78.449955,17.403687],[78.449946,17.403574],[78.449772,17.403586],[78.449762,17.403469]]]},"properties":{"id":"0c6ca8868e35","height":null,"num_floors":null,"render_height_m":12.8,"height_label":"assumed"}},{"type":"Feature","geometry":{"type":"Polygon","coordinates":[[[78.450368,17.403483],[78.45002,17.403512],[78.450014,17.403446],[78.450362,17.403417],[78.450368,17.403483]]]},"properties":{"id":"bcdf11a31099","height":null,"num_floors":null,"render_height_m":12.8,"height_label":"assumed"}},{"type":"Feature","geometry":{"type":"Polygon","coordinates":[[[78.449913,17.403157],[78.449662,17.403173],[78.449645,17.402936],[78.449896,17.40292],[78.449913,17.403157]]]},"properties":{"id":"6b339a9f1eb1","height":null,"num_floors":null,"render_height_m":12.8,"height_label":"assumed"}},{"type":"Feature","geometry":{"type":"Polygon","coordinates":[[[78.449586,17.403152],[78.449471,17.403161],[78.449444,17.402871],[78.449559,17.402861],[78.449586,17.403152]]]},"properties":{"id":"5dabca46af7b","height":null,"num_floors":null,"render_height_m":12.8,"height_label":"assumed"}},{"type":"Feature","geometry":{"type":"Polygon","coordinates":[[[78.449385,17.403015],[78.449432,17.403017],[78.449428,17.403104],[78.449381,17.403102],[78.449385,17.403015]]]},"properties":{"id":"3090d2ec0a28","height":null,"num_floors":null,"render_height_m":6.4,"height_label":"assumed"}},{"type":"Feature","geometry":{"type":"Polygon","coordinates":[[[78.4496,17.402781],[78.449606,17.402837],[78.449459,17.402851],[78.449454,17.402795],[78.4496,17.402781]]]},"properties":{"id":"98ff893d3ed8","height":null,"num_floors":null,"render_height_m":9.6,"height_label":"assumed"}},{"type":"Feature","geometry":{"type":"Polygon","coordinates":[[[78.44946,17.402714],[78.449602,17.40272],[78.4496,17.402765],[78.449458,17.402759],[78.44946,17.402714]]]},"properties":{"id":"623edeb88ca8","height":null,"num_floors":null,"render_height_m":6.4,"height_label":"assumed"}},{"type":"Feature","geometry":{"type":"Polygon","coordinates":[[[78.450102,17.401927],[78.450109,17.401993],[78.450128,17.401991],[78.450149,17.402173],[78.450056,17.402183],[78.450057,17.402202],[78.449909,17.402217],[78.4499,17.40214],[78.44988,17.402142],[78.449865,17.402013],[78.449907,17.402009],[78.4499,17.401947],[78.450102,17.401927]]]},"properties":{"id":"beafaea87ad4","height":null,"num_floors":null,"render_height_m":12.8,"height_label":"assumed"}},{"type":"Feature","geometry":{"type":"Polygon","coordinates":[[[78.450795,17.402814],[78.450859,17.402811],[78.450866,17.402954],[78.450801,17.402957],[78.450795,17.402814]]]},"properties":{"id":"18456102859f","height":null,"num_floors":null,"render_height_m":9.6,"height_label":"assumed"}},{"type":"Feature","geometry":{"type":"Polygon","coordinates":[[[78.450866,17.402799],[78.451019,17.402802],[78.451018,17.402872],[78.450864,17.40287],[78.450866,17.402799]]]},"properties":{"id":"8c085afd3a06","height":null,"num_floors":null,"render_height_m":9.6,"height_label":"assumed"}},{"type":"Feature","geometry":{"type":"Polygon","coordinates":[[[78.450992,17.402978],[78.450945,17.402972],[78.450953,17.402914],[78.450902,17.402908],[78.450905,17.40288],[78.451043,17.402897],[78.451025,17.403029],[78.450986,17.403024],[78.450992,17.402978]]]},"properties":{"id":"297f529bdb2b","height":null,"num_floors":null,"render_height_m":9.6,"height_label":"assumed"}},{"type":"Feature","geometry":{"type":"Polygon","coordinates":[[[78.450992,17.402633],[78.451068,17.402643],[78.45106,17.402694],[78.450984,17.402684],[78.450992,17.402633]]]},"properties":{"id":"6553ff578f18","height":null,"num_floors":null,"render_height_m":6.4,"height_label":"assumed"}},{"type":"Feature","geometry":{"type":"Polygon","coordinates":[[[78.450972,17.402379],[78.451028,17.402406],[78.45098,17.402497],[78.450924,17.40247],[78.450972,17.402379]]]},"properties":{"id":"d5d7746ac3c3","height":null,"num_floors":null,"render_height_m":6.4,"height_label":"assumed"}},{"type":"Feature","geometry":{"type":"Polygon","coordinates":[[[78.450753,17.40239],[78.450675,17.40236],[78.450729,17.402235],[78.450807,17.402266],[78.450753,17.40239]]]},"properties":{"id":"a60271459ce9","height":null,"num_floors":null,"render_height_m":9.6,"height_label":"assumed"}},{"type":"Feature","geometry":{"type":"Polygon","coordinates":[[[78.450675,17.402152],[78.450709,17.402165],[78.450696,17.402201],[78.450661,17.402189],[78.450675,17.402152]]]},"properties":{"id":"829f32a8480f","height":null,"num_floors":null,"render_height_m":6.4,"height_label":"assumed"}},{"type":"Feature","geometry":{"type":"Polygon","coordinates":[[[78.451016,17.400727],[78.451038,17.400774],[78.450994,17.400793],[78.450972,17.400746],[78.451016,17.400727]]]},"properties":{"id":"ae91016b6487","height":null,"num_floors":null,"render_height_m":6.4,"height_label":"assumed"}},{"type":"Feature","geometry":{"type":"Polygon","coordinates":[[[78.451039,17.399747],[78.450928,17.399796],[78.450857,17.39965],[78.450969,17.399601],[78.451039,17.399747]]]},"properties":{"id":"b2bac686edd5","height":null,"num_floors":null,"render_height_m":9.6,"height_label":"assumed"}},{"type":"Feature","geometry":{"type":"Polygon","coordinates":[[[78.450937,17.399586],[78.450882,17.399452],[78.450972,17.399418],[78.451027,17.399552],[78.450937,17.399586]]]},"properties":{"id":"70d457fef836","height":null,"num_floors":null,"render_height_m":9.6,"height_label":"assumed"}},{"type":"Feature","geometry":{"type":"Polygon","coordinates":[[[78.450928,17.399591],[78.450836,17.399628],[78.450773,17.399488],[78.450865,17.399451],[78.450928,17.399591]]]},"properties":{"id":"e12feb631a38","height":null,"num_floors":null,"render_height_m":9.6,"height_label":"assumed"}},{"type":"Feature","geometry":{"type":"Polygon","coordinates":[[[78.450892,17.399111],[78.450843,17.39912],[78.450838,17.399094],[78.450887,17.399085],[78.450892,17.399111]]]},"properties":{"id":"1eb87d7d879b","height":null,"num_floors":null,"render_height_m":6.4,"height_label":"assumed"}},{"type":"Feature","geometry":{"type":"Polygon","coordinates":[[[78.450893,17.399042],[78.450772,17.399066],[78.450719,17.398821],[78.45084,17.398797],[78.450893,17.399042]]]},"properties":{"id":"562767de8e3d","height":null,"num_floors":null,"render_height_m":12.8,"height_label":"assumed"}},{"type":"Feature","geometry":{"type":"Polygon","coordinates":[[[78.450694,17.39913],[78.450709,17.399175],[78.450632,17.399199],[78.450617,17.399154],[78.450694,17.39913]]]},"properties":{"id":"ab60816a4c5a","height":null,"num_floors":null,"render_height_m":6.4,"height_label":"assumed"}},{"type":"Feature","geometry":{"type":"Polygon","coordinates":[[[78.450777,17.399106],[78.450597,17.399164],[78.450581,17.399119],[78.450761,17.39906],[78.450777,17.399106]]]},"properties":{"id":"637e61b2c045","height":null,"num_floors":null,"render_height_m":9.6,"height_label":"assumed"}},{"type":"Feature","geometry":{"type":"Polygon","coordinates":[[[78.450749,17.39906],[78.45056,17.399123],[78.450503,17.398966],[78.450598,17.398934],[78.450692,17.398903],[78.450749,17.39906]]]},"properties":{"id":"afedd5eeb487","height":null,"num_floors":null,"render_height_m":12.8,"height_label":"assumed"}},{"type":"Feature","geometry":{"type":"Polygon","coordinates":[[[78.450553,17.399141],[78.45045,17.399182],[78.450379,17.39902],[78.450481,17.398979],[78.450553,17.399141]]]},"properties":{"id":"cfebd2fb5f9b","height":null,"num_floors":null,"render_height_m":9.6,"height_label":"assumed"}},{"type":"Feature","geometry":{"type":"Polygon","coordinates":[[[78.450311,17.39987],[78.450198,17.399892],[78.450165,17.399738],[78.450279,17.399716],[78.450311,17.39987]]]},"properties":{"id":"0a9ead0fa1b9","height":null,"num_floors":null,"render_height_m":9.6,"height_label":"assumed"}},{"type":"Feature","geometry":{"type":"Polygon","coordinates":[[[78.449982,17.39994],[78.449858,17.399971],[78.449821,17.399835],[78.449944,17.399804],[78.449982,17.39994]]]},"properties":{"id":"d3761e2b0dda","height":null,"num_floors":null,"render_height_m":9.6,"height_label":"assumed"}},{"type":"Feature","geometry":{"type":"Polygon","coordinates":[[[78.450083,17.399669],[78.449918,17.399705],[78.449896,17.399614],[78.450061,17.399578],[78.450083,17.399669]]]},"properties":{"id":"62032ecf6286","height":null,"num_floors":null,"render_height_m":9.6,"height_label":"assumed"}},{"type":"Feature","geometry":{"type":"Polygon","coordinates":[[[78.450087,17.399926],[78.450004,17.399942],[78.44997,17.399784],[78.450054,17.399768],[78.450087,17.399926]]]},"properties":{"id":"1a07a1212d0a","height":null,"num_floors":null,"render_height_m":9.6,"height_label":"assumed"}},{"type":"Feature","geometry":{"type":"Polygon","coordinates":[[[78.450185,17.399909],[78.450098,17.399922],[78.45007,17.399753],[78.450158,17.39974],[78.450185,17.399909]]]},"properties":{"id":"92a724df5642","height":null,"num_floors":null,"render_height_m":9.6,"height_label":"assumed"}},{"type":"Feature","geometry":{"type":"Polygon","coordinates":[[[78.45025,17.399625],[78.450127,17.399653],[78.450097,17.399536],[78.45022,17.399508],[78.45025,17.399625]]]},"properties":{"id":"b6c364e886de","height":null,"num_floors":null,"render_height_m":9.6,"height_label":"assumed"}},{"type":"Feature","geometry":{"type":"Polygon","coordinates":[[[78.450246,17.399451],[78.450092,17.399493],[78.450056,17.399373],[78.450209,17.399331],[78.450246,17.399451]]]},"properties":{"id":"03cda259816c","height":null,"num_floors":null,"render_height_m":9.6,"height_label":"assumed"}},{"type":"Feature","geometry":{"type":"Polygon","coordinates":[[[78.450053,17.399436],[78.449857,17.399486],[78.449826,17.399373],[78.450022,17.399323],[78.450053,17.399436]]]},"properties":{"id":"2f8ea00f1df1","height":null,"num_floors":null,"render_height_m":12.8,"height_label":"assumed"}},{"type":"Feature","geometry":{"type":"Polygon","coordinates":[[[78.450064,17.399556],[78.449889,17.399597],[78.449865,17.399504],[78.45004,17.399463],[78.450064,17.399556]]]},"properties":{"id":"8744c68d948d","height":null,"num_floors":null,"render_height_m":9.6,"height_label":"assumed"}},{"type":"Feature","geometry":{"type":"Polygon","coordinates":[[[78.449774,17.399574],[78.449625,17.399601],[78.449603,17.399489],[78.449751,17.399462],[78.449774,17.399574]]]},"properties":{"id":"58fc8cc846ac","height":null,"num_floors":null,"render_height_m":9.6,"height_label":"assumed"}},{"type":"Feature","geometry":{"type":"Polygon","coordinates":[[[78.450118,17.399279],[78.449412,17.399409],[78.449332,17.399029],[78.44966,17.398994],[78.449811,17.398997],[78.449942,17.399029],[78.450028,17.399095],[78.45009,17.39918],[78.450118,17.399279]]]},"properties":{"id":"a7efbc06d6b3","height":null,"num_floors":null,"render_height_m":19.2,"height_label":"assumed"}},{"type":"Feature","geometry":{"type":"Polygon","coordinates":[[[78.44964,17.399742],[78.449479,17.399767],[78.449469,17.399708],[78.449513,17.399701],[78.449509,17.399674],[78.449464,17.399681],[78.449454,17.399626],[78.449519,17.399616],[78.449514,17.399584],[78.449448,17.399594],[78.449432,17.399498],[78.449593,17.399473],[78.449609,17.39957],[78.449553,17.399578],[78.44957,17.399674],[78.449627,17.399665],[78.44964,17.399742]]]},"properties":{"id":"83002ac3f615","height":null,"num_floors":null,"render_height_m":12.8,"height_label":"assumed"}},{"type":"Feature","geometry":{"type":"Polygon","coordinates":[[[78.449854,17.399748],[78.449664,17.399783],[78.449635,17.39964],[78.449825,17.399605],[78.449854,17.399748]]]},"properties":{"id":"d03fb4e412cf","height":null,"num_floors":null,"render_height_m":12.8,"height_label":"assumed"}},{"type":"Feature","geometry":{"type":"Polygon","coordinates":[[[78.449837,17.399977],[78.449725,17.400003],[78.449692,17.399874],[78.449805,17.399849],[78.449837,17.399977]]]},"properties":{"id":"e7fcccd87b57","height":null,"num_floors":null,"render_height_m":9.6,"height_label":"assumed"}},{"type":"Feature","geometry":{"type":"Polygon","coordinates":[[[78.44966,17.399865],[78.449693,17.400033],[78.449608,17.400049],[78.449575,17.39988],[78.44966,17.399865]]]},"properties":{"id":"05f51875743c","height":null,"num_floors":null,"render_height_m":9.6,"height_label":"assumed"}},{"type":"Feature","geometry":{"type":"Polygon","coordinates":[[[78.449599,17.400052],[78.449524,17.400067],[78.449482,17.399873],[78.449557,17.399858],[78.449599,17.400052]]]},"properties":{"id":"81e2d16e2ce0","height":null,"num_floors":null,"render_height_m":9.6,"height_label":"assumed"}},{"type":"Feature","geometry":{"type":"Polygon","coordinates":[[[78.449456,17.399917],[78.449488,17.400068],[78.449418,17.400081],[78.449387,17.39993],[78.449456,17.399917]]]},"properties":{"id":"673e76ab101e","height":null,"num_floors":null,"render_height_m":9.6,"height_label":"assumed"}},{"type":"Feature","geometry":{"type":"Polygon","coordinates":[[[78.449239,17.401357],[78.449029,17.401339],[78.449038,17.401248],[78.449247,17.401266],[78.449239,17.401357]]]},"properties":{"id":"6984f939f7ef","height":null,"num_floors":null,"render_height_m":9.6,"height_label":"assumed"}},{"type":"Feature","geometry":{"type":"Polygon","coordinates":[[[78.449171,17.401233],[78.449,17.401229],[78.449002,17.401157],[78.449173,17.401161],[78.449171,17.401233]]]},"properties":{"id":"a910cadc631a","height":null,"num_floors":null,"render_height_m":9.6,"height_label":"assumed"}},{"type":"Feature","geometry":{"type":"Polygon","coordinates":[[[78.449003,17.401431],[78.449071,17.401436],[78.449068,17.401481],[78.448999,17.401476],[78.449003,17.401431]]]},"properties":{"id":"ffaa8ae24e08","height":null,"num_floors":null,"render_height_m":6.4,"height_label":"assumed"}},{"type":"Feature","geometry":{"type":"Polygon","coordinates":[[[78.44919,17.401483],[78.449088,17.401474],[78.449094,17.401416],[78.449196,17.401426],[78.44919,17.401483]]]},"properties":{"id":"71b3ba75c101","height":null,"num_floors":null,"render_height_m":6.4,"height_label":"assumed"}},{"type":"Feature","geometry":{"type":"Polygon","coordinates":[[[78.449195,17.401678],[78.448777,17.401653],[78.448782,17.401545],[78.449203,17.401595],[78.449195,17.401678]]]},"properties":{"id":"b8dfed521846","height":null,"num_floors":null,"render_height_m":12.8,"height_label":"assumed"}},{"type":"Feature","geometry":{"type":"Polygon","coordinates":[[[78.448911,17.401453],[78.44881,17.401446],[78.448815,17.401376],[78.448916,17.401383],[78.448911,17.401453]]]},"properties":{"id":"00a85c44bfab","height":null,"num_floors":null,"render_height_m":9.6,"height_label":"assumed"}},{"type":"Feature","geometry":{"type":"Polygon","coordinates":[[[78.448658,17.401632],[78.448567,17.401622],[78.448583,17.401497],[78.448673,17.401507],[78.448658,17.401632]]]},"properties":{"id":"4de71bb60999","height":null,"num_floors":null,"render_height_m":9.6,"height_label":"assumed"}},{"type":"Feature","geometry":{"type":"Polygon","coordinates":[[[78.448557,17.401423],[78.448559,17.401355],[78.448632,17.401356],[78.448628,17.401426],[78.448557,17.401423]]]},"properties":{"id":"1a2dce7824fc","height":null,"num_floors":null,"render_height_m":6.4,"height_label":"assumed"}},{"type":"Feature","geometry":{"type":"Polygon","coordinates":[[[78.448803,17.401492],[78.448749,17.401489],[78.448756,17.401374],[78.44881,17.401377],[78.448803,17.401492]]]},"properties":{"id":"d0b0f5e04fe8","height":null,"num_floors":null,"render_height_m":6.4,"height_label":"assumed"}},{"type":"Feature","geometry":{"type":"Polygon","coordinates":[[[78.448787,17.401317],[78.448707,17.401312],[78.448721,17.40113],[78.448801,17.401136],[78.448787,17.401317]]]},"properties":{"id":"fba6624d0755","height":null,"num_floors":null,"render_height_m":9.6,"height_label":"assumed"}},{"type":"Feature","geometry":{"type":"Polygon","coordinates":[[[78.448694,17.401351],[78.448615,17.401346],[78.448632,17.40112],[78.448711,17.401125],[78.448694,17.401351]]]},"properties":{"id":"88780e2838f2","height":null,"num_floors":null,"render_height_m":9.6,"height_label":"assumed"}},{"type":"Feature","geometry":{"type":"Polygon","coordinates":[[[78.448842,17.401332],[78.448889,17.401335],[78.448887,17.401367],[78.44884,17.401365],[78.448842,17.401332]]]},"properties":{"id":"07d1e595012a","height":null,"num_floors":null,"render_height_m":6.4,"height_label":"assumed"}},{"type":"Feature","geometry":{"type":"Polygon","coordinates":[[[78.448887,17.401318],[78.448806,17.401312],[78.44882,17.401143],[78.448901,17.401149],[78.448887,17.401318]]]},"properties":{"id":"7e27fc8de8fc","height":null,"num_floors":null,"render_height_m":9.6,"height_label":"assumed"}},{"type":"Feature","geometry":{"type":"Polygon","coordinates":[[[78.448981,17.401324],[78.448901,17.401317],[78.448915,17.40115],[78.448995,17.401156],[78.448981,17.401324]]]},"properties":{"id":"ed5820f55fe4","height":null,"num_floors":null,"render_height_m":9.6,"height_label":"assumed"}},{"type":"Feature","geometry":{"type":"Polygon","coordinates":[[[78.448985,17.4008],[78.448871,17.400804],[78.448869,17.400771],[78.448812,17.400773],[78.448809,17.400709],[78.448863,17.400706],[78.44886,17.400651],[78.448978,17.400645],[78.448985,17.4008]]]},"properties":{"id":"30b0f9c33f06","height":null,"num_floors":null,"render_height_m":12.8,"height_label":"assumed"}},{"type":"Feature","geometry":{"type":"Polygon","coordinates":[[[78.448822,17.400921],[78.448834,17.401026],[78.448742,17.401036],[78.448731,17.400931],[78.448822,17.400921]]]},"properties":{"id":"f79aff5f5632","height":null,"num_floors":null,"render_height_m":9.6,"height_label":"assumed"}},{"type":"Feature","geometry":{"type":"Polygon","coordinates":[[[78.448738,17.400894],[78.448671,17.400899],[78.448663,17.40079],[78.448731,17.400786],[78.448738,17.400894]]]},"properties":{"id":"d1099be858da","height":null,"num_floors":null,"render_height_m":9.6,"height_label":"assumed"}},{"type":"Feature","geometry":{"type":"Polygon","coordinates":[[[78.448651,17.400933],[78.448708,17.400919],[78.448744,17.401055],[78.448687,17.401069],[78.448651,17.400933]]]},"properties":{"id":"47e3dd0c6251","height":null,"num_floors":null,"render_height_m":9.6,"height_label":"assumed"}},{"type":"Feature","geometry":{"type":"Polygon","coordinates":[[[78.44866,17.400759],[78.448647,17.400657],[78.448741,17.400647],[78.448753,17.400749],[78.44866,17.400759]]]},"properties":{"id":"26f4924e54d0","height":null,"num_floors":null,"render_height_m":9.6,"height_label":"assumed"}},{"type":"Feature","geometry":{"type":"Polygon","coordinates":[[[78.44877,17.400628],[78.448559,17.40065],[78.448545,17.400524],[78.448755,17.400502],[78.44877,17.400628]]]},"properties":{"id":"53b0e570b8d3","height":null,"num_floors":null,"render_height_m":12.8,"height_label":"assumed"}},{"type":"Feature","geometry":{"type":"Polygon","coordinates":[[[78.448748,17.400486],[78.448571,17.400495],[78.448566,17.4004],[78.448743,17.400392],[78.448748,17.400486]]]},"properties":{"id":"270ed1d5ef4d","height":null,"num_floors":null,"render_height_m":9.6,"height_label":"assumed"}},{"type":"Feature","geometry":{"type":"Polygon","coordinates":[[[78.448886,17.400439],[78.448802,17.40044],[78.448801,17.400326],[78.448885,17.400326],[78.448886,17.400439]]]},"properties":{"id":"4ba9dd7783c2","height":null,"num_floors":null,"render_height_m":9.6,"height_label":"assumed"}},{"type":"Feature","geometry":{"type":"Polygon","coordinates":[[[78.448799,17.400513],[78.448878,17.400515],[78.448875,17.400592],[78.448796,17.400589],[78.448799,17.400513]]]},"properties":{"id":"ee3b8a18e699","height":null,"num_floors":null,"render_height_m":6.4,"height_label":"assumed"}},{"type":"Feature","geometry":{"type":"Polygon","coordinates":[[[78.44901,17.400632],[78.448915,17.400637],[78.448907,17.400499],[78.449002,17.400488],[78.44901,17.400632]]]},"properties":{"id":"a31f0869e4b2","height":null,"num_floors":null,"render_height_m":9.6,"height_label":"assumed"}},{"type":"Feature","geometry":{"type":"Polygon","coordinates":[[[78.449072,17.40042],[78.448913,17.400421],[78.448912,17.400323],[78.449071,17.400321],[78.449072,17.40042]]]},"properties":{"id":"35e5f4673459","height":null,"num_floors":null,"render_height_m":9.6,"height_label":"assumed"}},{"type":"Feature","geometry":{"type":"Polygon","coordinates":[[[78.449128,17.40032],[78.449198,17.400312],[78.449204,17.400361],[78.449134,17.400369],[78.449128,17.40032]]]},"properties":{"id":"53180df4dd7c","height":null,"num_floors":null,"render_height_m":6.4,"height_label":"assumed"}},{"type":"Feature","geometry":{"type":"Polygon","coordinates":[[[78.449257,17.400361],[78.449264,17.400435],[78.44913,17.400446],[78.449124,17.400373],[78.449257,17.400361]]]},"properties":{"id":"dedf686ea03e","height":null,"num_floors":null,"render_height_m":9.6,"height_label":"assumed"}},{"type":"Feature","geometry":{"type":"Polygon","coordinates":[[[78.449162,17.400467],[78.449172,17.400622],[78.449054,17.400629],[78.449051,17.400572],[78.449081,17.400571],[78.449075,17.400472],[78.449162,17.400467]]]},"properties":{"id":"9899f2df949e","height":null,"num_floors":null,"render_height_m":9.6,"height_label":"assumed"}},{"type":"Feature","geometry":{"type":"Polygon","coordinates":[[[78.449131,17.400625],[78.449173,17.400622],[78.449176,17.400661],[78.449134,17.400664],[78.449131,17.400625]]]},"properties":{"id":"7925d406175f","height":null,"num_floors":null,"render_height_m":6.4,"height_label":"assumed"}},{"type":"Feature","geometry":{"type":"Polygon","coordinates":[[[78.449065,17.400714],[78.449001,17.400776],[78.448991,17.400658],[78.449106,17.400649],[78.44911,17.40071],[78.449065,17.400714]]]},"properties":{"id":"e3668b58dac7","height":null,"num_floors":null,"render_height_m":9.6,"height_label":"assumed"}},{"type":"Feature","geometry":{"type":"Polygon","coordinates":[[[78.449266,17.40064],[78.449215,17.400637],[78.44922,17.400551],[78.449272,17.400554],[78.449266,17.40064]]]},"properties":{"id":"f3436f1c4e5c","height":null,"num_floors":null,"render_height_m":6.4,"height_label":"assumed"}},{"type":"Feature","geometry":{"type":"Polygon","coordinates":[[[78.449269,17.400304],[78.449275,17.400353],[78.449204,17.400361],[78.449198,17.400312],[78.449269,17.400304]]]},"properties":{"id":"2f9484d9e063","height":null,"num_floors":null,"render_height_m":6.4,"height_label":"assumed"}},{"type":"Feature","geometry":{"type":"Polygon","coordinates":[[[78.449356,17.399888],[78.449403,17.400104],[78.449316,17.400121],[78.44927,17.399905],[78.449356,17.399888]]]},"properties":{"id":"3116d56f2f53","height":null,"num_floors":null,"render_height_m":9.6,"height_label":"assumed"}},{"type":"Feature","geometry":{"type":"Polygon","coordinates":[[[78.44915,17.400286],[78.449061,17.400295],[78.449049,17.400193],[78.449139,17.400184],[78.44915,17.400286]]]},"properties":{"id":"64694998fc49","height":null,"num_floors":null,"render_height_m":9.6,"height_label":"assumed"}},{"type":"Feature","geometry":{"type":"Polygon","coordinates":[[[78.449043,17.400277],[78.448984,17.400282],[78.448976,17.400193],[78.449035,17.400188],[78.449043,17.400277]]]},"properties":{"id":"fd9685589a50","height":null,"num_floors":null,"render_height_m":6.4,"height_label":"assumed"}},{"type":"Feature","geometry":{"type":"Polygon","coordinates":[[[78.449051,17.400152],[78.448989,17.399839],[78.449159,17.399809],[78.449183,17.399932],[78.449124,17.399943],[78.44914,17.400024],[78.449199,17.400013],[78.44922,17.400122],[78.449051,17.400152]]]},"properties":{"id":"f0c7612c1a2c","height":null,"num_floors":null,"render_height_m":12.8,"height_label":"assumed"}},{"type":"Feature","geometry":{"type":"Polygon","coordinates":[[[78.449154,17.399759],[78.448974,17.399792],[78.448944,17.399645],[78.449124,17.399612],[78.449154,17.399759]]]},"properties":{"id":"40aea04a8fef","height":null,"num_floors":null,"render_height_m":12.8,"height_label":"assumed"}},{"type":"Feature","geometry":{"type":"Polygon","coordinates":[[[78.449407,17.399856],[78.449305,17.399871],[78.449298,17.399828],[78.449399,17.399812],[78.449407,17.399856]]]},"properties":{"id":"29d5f59e0432","height":null,"num_floors":null,"render_height_m":6.4,"height_label":"assumed"}},{"type":"Feature","geometry":{"type":"Polygon","coordinates":[[[78.449425,17.399795],[78.449253,17.399823],[78.449242,17.39976],[78.449414,17.399732],[78.449425,17.399795]]]},"properties":{"id":"34fdb687a769","height":null,"num_floors":null,"render_height_m":9.6,"height_label":"assumed"}},{"type":"Feature","geometry":{"type":"Polygon","coordinates":[[[78.449412,17.399696],[78.449235,17.399727],[78.449221,17.399657],[78.449399,17.399627],[78.449412,17.399696]]]},"properties":{"id":"c5b3199c4ea1","height":null,"num_floors":null,"render_height_m":9.6,"height_label":"assumed"}},{"type":"Feature","geometry":{"type":"Polygon","coordinates":[[[78.4494,17.39954],[78.449299,17.399557],[78.449287,17.399496],[78.449388,17.399478],[78.4494,17.39954]]]},"properties":{"id":"006332a93b41","height":null,"num_floors":null,"render_height_m":6.4,"height_label":"assumed"}},{"type":"Feature","geometry":{"type":"Polygon","coordinates":[[[78.449389,17.399619],[78.449211,17.399648],[78.4492,17.399589],[78.449378,17.39956],[78.449389,17.399619]]]},"properties":{"id":"db4ee3717443","height":null,"num_floors":null,"render_height_m":9.6,"height_label":"assumed"}},{"type":"Feature","geometry":{"type":"Polygon","coordinates":[[[78.448934,17.399145],[78.448918,17.399045],[78.449204,17.399005],[78.449219,17.399105],[78.448934,17.399145]]]},"properties":{"id":"557bbf70c6a2","height":null,"num_floors":null,"render_height_m":12.8,"height_label":"assumed"}},{"type":"Feature","geometry":{"type":"Polygon","coordinates":[[[78.449235,17.399507],[78.448982,17.399538],[78.448926,17.399226],[78.449186,17.399179],[78.449235,17.399507]]]},"properties":{"id":"a9509d45ae4d","height":null,"num_floors":null,"render_height_m":19.2,"height_label":"assumed"}},{"type":"Feature","geometry":{"type":"Polygon","coordinates":[[[78.448867,17.399392],[78.448621,17.399429],[78.448578,17.399172],[78.448824,17.399134],[78.448867,17.399392]]]},"properties":{"id":"e611ae1fc6d7","height":null,"num_floors":null,"render_height_m":12.8,"height_label":"assumed"}},{"type":"Feature","geometry":{"type":"Polygon","coordinates":[[[78.448757,17.399611],[78.448638,17.399631],[78.448608,17.399469],[78.448728,17.399449],[78.448757,17.399611]]]},"properties":{"id":"e489d09772cf","height":null,"num_floors":null,"render_height_m":9.6,"height_label":"assumed"}},{"type":"Feature","geometry":{"type":"Polygon","coordinates":[[[78.448652,17.399704],[78.448664,17.399853],[78.448519,17.399863],[78.448507,17.399714],[78.448652,17.399704]]]},"properties":{"id":"bafdbea21435","height":null,"num_floors":null,"render_height_m":12.8,"height_label":"assumed"}},{"type":"Feature","geometry":{"type":"Polygon","coordinates":[[[78.448708,17.399967],[78.44865,17.399967],[78.448649,17.399882],[78.448708,17.399881],[78.448708,17.399967]]]},"properties":{"id":"fe302316b680","height":null,"num_floors":null,"render_height_m":6.4,"height_label":"assumed"}},{"type":"Feature","geometry":{"type":"Polygon","coordinates":[[[78.448775,17.399775],[78.448753,17.399676],[78.448839,17.399658],[78.448861,17.399758],[78.448775,17.399775]]]},"properties":{"id":"653499112311","height":null,"num_floors":null,"render_height_m":9.6,"height_label":"assumed"}},{"type":"Feature","geometry":{"type":"Polygon","coordinates":[[[78.448931,17.399628],[78.448954,17.399768],[78.448877,17.39978],[78.448853,17.39964],[78.448931,17.399628]]]},"properties":{"id":"6a0a4d3d8847","height":null,"num_floors":null,"render_height_m":9.6,"height_label":"assumed"}},{"type":"Feature","geometry":{"type":"Polygon","coordinates":[[[78.448791,17.39981],[78.448792,17.399782],[78.448881,17.399785],[78.44888,17.399813],[78.448791,17.39981]]]},"properties":{"id":"3efad1008c14","height":null,"num_floors":null,"render_height_m":6.4,"height_label":"assumed"}},{"type":"Feature","geometry":{"type":"Polygon","coordinates":[[[78.448768,17.399994],[78.448762,17.399873],[78.448904,17.399866],[78.44891,17.399987],[78.448768,17.399994]]]},"properties":{"id":"36d34fc2cf48","height":null,"num_floors":null,"render_height_m":9.6,"height_label":"assumed"}},{"type":"Feature","geometry":{"type":"Polygon","coordinates":[[[78.448986,17.400095],[78.448785,17.400111],[78.448777,17.400006],[78.448978,17.399991],[78.448986,17.400095]]]},"properties":{"id":"10e035e53715","height":null,"num_floors":null,"render_height_m":9.6,"height_label":"assumed"}},{"type":"Feature","geometry":{"type":"Polygon","coordinates":[[[78.44901,17.400181],[78.448794,17.400191],[78.44879,17.400122],[78.449006,17.400112],[78.44901,17.400181]]]},"properties":{"id":"c23967a4236b","height":null,"num_floors":null,"render_height_m":9.6,"height_label":"assumed"}},{"type":"Feature","geometry":{"type":"Polygon","coordinates":[[[78.448903,17.400285],[78.448807,17.400291],[78.4488,17.400195],[78.448896,17.400189],[78.448903,17.400285]]]},"properties":{"id":"09d6ba461450","height":null,"num_floors":null,"render_height_m":9.6,"height_label":"assumed"}},{"type":"Feature","geometry":{"type":"Polygon","coordinates":[[[78.448724,17.400172],[78.448498,17.400179],[78.448493,17.400017],[78.448719,17.400011],[78.448724,17.400172]]]},"properties":{"id":"7265cd74ff53","height":null,"num_floors":null,"render_height_m":12.8,"height_label":"assumed"}},{"type":"Feature","geometry":{"type":"Polygon","coordinates":[[[78.448747,17.400307],[78.448522,17.40032],[78.448517,17.400246],[78.448742,17.400233],[78.448747,17.400307]]]},"properties":{"id":"a2ed9346873c","height":null,"num_floors":null,"render_height_m":9.6,"height_label":"assumed"}},{"type":"Feature","geometry":{"type":"Polygon","coordinates":[[[78.448428,17.400275],[78.448225,17.400281],[78.448221,17.400159],[78.448424,17.400153],[78.448428,17.400275]]]},"properties":{"id":"3137121911f1","height":null,"num_floors":null,"render_height_m":12.8,"height_label":"assumed"}},{"type":"Feature","geometry":{"type":"Polygon","coordinates":[[[78.448424,17.40013],[78.448199,17.400137],[78.448196,17.400033],[78.448421,17.400027],[78.448424,17.40013]]]},"properties":{"id":"283d292bfe98","height":null,"num_floors":null,"render_height_m":12.8,"height_label":"assumed"}},{"type":"Feature","geometry":{"type":"Polygon","coordinates":[[[78.448405,17.399871],[78.448332,17.399874],[78.448328,17.399726],[78.4484,17.399724],[78.448405,17.399871]]]},"properties":{"id":"0502425ba12f","height":null,"num_floors":null,"render_height_m":9.6,"height_label":"assumed"}},{"type":"Feature","geometry":{"type":"Polygon","coordinates":[[[78.448392,17.399892],[78.448396,17.400008],[78.448205,17.400014],[78.448201,17.399897],[78.448392,17.399892]]]},"properties":{"id":"88364485accb","height":null,"num_floors":null,"render_height_m":12.8,"height_label":"assumed"}},{"type":"Feature","geometry":{"type":"Polygon","coordinates":[[[78.448309,17.399858],[78.448188,17.399861],[78.448183,17.399732],[78.448305,17.399728],[78.448309,17.399858]]]},"properties":{"id":"2fed6afac769","height":null,"num_floors":null,"render_height_m":9.6,"height_label":"assumed"}},{"type":"Feature","geometry":{"type":"Polygon","coordinates":[[[78.448593,17.399604],[78.44854,17.399611],[78.448517,17.399463],[78.448571,17.399455],[78.448593,17.399604]]]},"properties":{"id":"688782c43791","height":null,"num_floors":null,"render_height_m":9.6,"height_label":"assumed"}},{"type":"Feature","geometry":{"type":"Polygon","coordinates":[[[78.448519,17.399659],[78.448437,17.399665],[78.448422,17.399486],[78.448503,17.39948],[78.448519,17.399659]]]},"properties":{"id":"8f2d120a97e8","height":null,"num_floors":null,"render_height_m":9.6,"height_label":"assumed"}},{"type":"Feature","geometry":{"type":"Polygon","coordinates":[[[78.448549,17.399406],[78.448446,17.399424],[78.448414,17.399244],[78.448521,17.399222],[78.448549,17.399406]]]},"properties":{"id":"b84606ebb9a7","height":null,"num_floors":null,"render_height_m":9.6,"height_label":"assumed"}},{"type":"Feature","geometry":{"type":"Polygon","coordinates":[[[78.448491,17.399167],[78.448525,17.399164],[78.44853,17.399214],[78.448496,17.399217],[78.448491,17.399167]]]},"properties":{"id":"0e5a19932719","height":null,"num_floors":null,"render_height_m":6.4,"height_label":"assumed"}},{"type":"Feature","geometry":{"type":"Polygon","coordinates":[[[78.448332,17.399276],[78.448177,17.399281],[78.448172,17.399135],[78.448327,17.39913],[78.448332,17.399276]]]},"properties":{"id":"ced82bad7b8f","height":null,"num_floors":null,"render_height_m":12.8,"height_label":"assumed"}},{"type":"Feature","geometry":{"type":"Polygon","coordinates":[[[78.448402,17.399644],[78.448166,17.399651],[78.448163,17.399539],[78.448398,17.399533],[78.448402,17.399644]]]},"properties":{"id":"1dc4485ed18f","height":null,"num_floors":null,"render_height_m":12.8,"height_label":"assumed"}},{"type":"Feature","geometry":{"type":"Polygon","coordinates":[[[78.448159,17.399662],[78.448009,17.399683],[78.44799,17.399555],[78.448139,17.399534],[78.448159,17.399662]]]},"properties":{"id":"f9e7e7bf9623","height":null,"num_floors":null,"render_height_m":9.6,"height_label":"assumed"}},{"type":"Feature","geometry":{"type":"Polygon","coordinates":[[[78.448147,17.399512],[78.447919,17.399525],[78.447906,17.39933],[78.448134,17.399316],[78.448147,17.399512]]]},"properties":{"id":"8fd741fadcfa","height":null,"num_floors":null,"render_height_m":12.8,"height_label":"assumed"}},{"type":"Feature","geometry":{"type":"Polygon","coordinates":[[[78.448152,17.39993],[78.447935,17.39995],[78.447926,17.39987],[78.448144,17.39985],[78.448152,17.39993]]]},"properties":{"id":"14806d436eb3","height":null,"num_floors":null,"render_height_m":9.6,"height_label":"assumed"}},{"type":"Feature","geometry":{"type":"Polygon","coordinates":[[[78.448165,17.400114],[78.44791,17.400141],[78.447896,17.400013],[78.448151,17.399986],[78.448165,17.400114]]]},"properties":{"id":"ca17be6db1cd","height":null,"num_floors":null,"render_height_m":12.8,"height_label":"assumed"}},{"type":"Feature","geometry":{"type":"Polygon","coordinates":[[[78.448138,17.40013],[78.448184,17.40013],[78.448184,17.400157],[78.448138,17.400157],[78.448138,17.40013]]]},"properties":{"id":"728d6dd3ad9a","height":null,"num_floors":null,"render_height_m":6.4,"height_label":"assumed"}},{"type":"Feature","geometry":{"type":"Polygon","coordinates":[[[78.448143,17.400164],[78.448144,17.400231],[78.447964,17.400234],[78.447963,17.400167],[78.448143,17.400164]]]},"properties":{"id":"9d7ff983b997","height":null,"num_floors":null,"render_height_m":9.6,"height_label":"assumed"}},{"type":"Feature","geometry":{"type":"Polygon","coordinates":[[[78.447855,17.400811],[78.447882,17.40081],[78.447884,17.40086],[78.447857,17.400861],[78.447855,17.400811]]]},"properties":{"id":"da4cdebe25c7","height":null,"num_floors":null,"render_height_m":6.4,"height_label":"assumed"}},{"type":"Feature","geometry":{"type":"Polygon","coordinates":[[[78.448063,17.400848],[78.447967,17.400843],[78.447971,17.400782],[78.448067,17.400787],[78.448063,17.400848]]]},"properties":{"id":"38afbe2a4074","height":null,"num_floors":null,"render_height_m":6.4,"height_label":"assumed"}},{"type":"Feature","geometry":{"type":"Polygon","coordinates":[[[78.447916,17.400768],[78.447909,17.400679],[78.448228,17.400656],[78.448235,17.400745],[78.447916,17.400768]]]},"properties":{"id":"05f002981fd0","height":null,"num_floors":null,"render_height_m":12.8,"height_label":"assumed"}},{"type":"Feature","geometry":{"type":"Polygon","coordinates":[[[78.448216,17.400636],[78.44789,17.400661],[78.447883,17.400577],[78.448209,17.400551],[78.448216,17.400636]]]},"properties":{"id":"b4c4f1a401aa","height":null,"num_floors":null,"render_height_m":12.8,"height_label":"assumed"}},{"type":"Feature","geometry":{"type":"Polygon","coordinates":[[[78.447961,17.400531],[78.448014,17.400528],[78.448011,17.400485],[78.448123,17.400478],[78.448129,17.400557],[78.447963,17.400568],[78.447961,17.400531]]]},"properties":{"id":"a483f91b37bb","height":null,"num_floors":null,"render_height_m":9.6,"height_label":"assumed"}},{"type":"Feature","geometry":{"type":"Polygon","coordinates":[[[78.448193,17.400465],[78.447949,17.400479],[78.447936,17.400274],[78.44818,17.40026],[78.448193,17.400465]]]},"properties":{"id":"ae3595390e28","height":null,"num_floors":null,"render_height_m":12.8,"height_label":"assumed"}},{"type":"Feature","geometry":{"type":"Polygon","coordinates":[[[78.448447,17.400648],[78.448242,17.400654],[78.448238,17.40052],[78.448442,17.400514],[78.448447,17.400648]]]},"properties":{"id":"00a3a5aec153","height":null,"num_floors":null,"render_height_m":12.8,"height_label":"assumed"}},{"type":"Feature","geometry":{"type":"Polygon","coordinates":[[[78.448427,17.400447],[78.44822,17.400453],[78.448217,17.400348],[78.448424,17.400342],[78.448427,17.400447]]]},"properties":{"id":"50f704934ce4","height":null,"num_floors":null,"render_height_m":12.8,"height_label":"assumed"}},{"type":"Feature","geometry":{"type":"Polygon","coordinates":[[[78.448461,17.400877],[78.448256,17.400883],[78.448251,17.400724],[78.448455,17.400718],[78.448461,17.400877]]]},"properties":{"id":"65b541efc4b1","height":null,"num_floors":null,"render_height_m":12.8,"height_label":"assumed"}},{"type":"Feature","geometry":{"type":"Polygon","coordinates":[[[78.44824,17.400893],[78.448171,17.400896],[78.448167,17.400776],[78.448235,17.400773],[78.44824,17.400893]]]},"properties":{"id":"0ca5f9a1c3e4","height":null,"num_floors":null,"render_height_m":9.6,"height_label":"assumed"}},{"type":"Feature","geometry":{"type":"Polygon","coordinates":[[[78.448258,17.401141],[78.448102,17.401147],[78.448094,17.400942],[78.44825,17.400937],[78.448258,17.401141]]]},"properties":{"id":"610da35f3164","height":null,"num_floors":null,"render_height_m":12.8,"height_label":"assumed"}},{"type":"Feature","geometry":{"type":"Polygon","coordinates":[[[78.448356,17.401233],[78.44828,17.401233],[78.44828,17.400969],[78.448406,17.400969],[78.448406,17.401183],[78.448356,17.401183],[78.448356,17.401233]]]},"properties":{"id":"a0f42626b238","height":null,"num_floors":null,"render_height_m":12.8,"height_label":"assumed"}},{"type":"Feature","geometry":{"type":"Polygon","coordinates":[[[78.448437,17.401141],[78.44843,17.40099],[78.44862,17.400982],[78.448624,17.401056],[78.448437,17.401141]]]},"properties":{"id":"1d64549761e5","height":null,"num_floors":null,"render_height_m":12.8,"height_label":"assumed"}},{"type":"Feature","geometry":{"type":"Polygon","coordinates":[[[78.44852,17.401349],[78.448347,17.40135],[78.448346,17.401267],[78.44852,17.401266],[78.44852,17.401349]]]},"properties":{"id":"73f9731c59a0","height":null,"num_floors":null,"render_height_m":9.6,"height_label":"assumed"}},{"type":"Feature","geometry":{"type":"Polygon","coordinates":[[[78.448372,17.401366],[78.448443,17.40137],[78.448438,17.401435],[78.448367,17.401431],[78.448372,17.401366]]]},"properties":{"id":"9046d10d3e99","height":null,"num_floors":null,"render_height_m":6.4,"height_label":"assumed"}},{"type":"Feature","geometry":{"type":"Polygon","coordinates":[[[78.448443,17.401374],[78.448534,17.40138],[78.448529,17.401443],[78.448438,17.401437],[78.448443,17.401374]]]},"properties":{"id":"d6a72f25e83e","height":null,"num_floors":null,"render_height_m":6.4,"height_label":"assumed"}},{"type":"Feature","geometry":{"type":"Polygon","coordinates":[[[78.448528,17.401579],[78.448457,17.401575],[78.448464,17.401477],[78.448535,17.401481],[78.448528,17.401579]]]},"properties":{"id":"ff5f4022edba","height":null,"num_floors":null,"render_height_m":9.6,"height_label":"assumed"}},{"type":"Feature","geometry":{"type":"Polygon","coordinates":[[[78.44842,17.401622],[78.44833,17.401615],[78.448343,17.40147],[78.448434,17.401477],[78.44842,17.401622]]]},"properties":{"id":"76634b5f9dde","height":null,"num_floors":null,"render_height_m":9.6,"height_label":"assumed"}},{"type":"Feature","geometry":{"type":"Polygon","coordinates":[[[78.448329,17.401372],[78.448369,17.401374],[78.448366,17.401444],[78.448326,17.401442],[78.448329,17.401372]]]},"properties":{"id":"7ec9b20ba3b9","height":null,"num_floors":null,"render_height_m":6.4,"height_label":"assumed"}},{"type":"Feature","geometry":{"type":"Polygon","coordinates":[[[78.448284,17.401427],[78.44812,17.401454],[78.448101,17.401347],[78.448267,17.401324],[78.448284,17.401427]]]},"properties":{"id":"959d0087ce91","height":null,"num_floors":null,"render_height_m":9.6,"height_label":"assumed"}},{"type":"Feature","geometry":{"type":"Polygon","coordinates":[[[78.448299,17.40148],[78.448282,17.401646],[78.448218,17.40164],[78.448236,17.401474],[78.448299,17.40148]]]},"properties":{"id":"082a4f0f1680","height":null,"num_floors":null,"render_height_m":9.6,"height_label":"assumed"}},{"type":"Feature","geometry":{"type":"Polygon","coordinates":[[[78.448199,17.40162],[78.448132,17.401621],[78.44813,17.401481],[78.448198,17.40148],[78.448199,17.40162]]]},"properties":{"id":"f1054eca8167","height":null,"num_floors":null,"render_height_m":9.6,"height_label":"assumed"}},{"type":"Feature","geometry":{"type":"Polygon","coordinates":[[[78.448069,17.401637],[78.447942,17.401639],[78.44794,17.401508],[78.448067,17.401506],[78.448069,17.401637]]]},"properties":{"id":"7fe6ba4e869a","height":null,"num_floors":null,"render_height_m":9.6,"height_label":"assumed"}},{"type":"Feature","geometry":{"type":"Polygon","coordinates":[[[78.44808,17.401491],[78.447957,17.40149],[78.447958,17.401351],[78.448081,17.401353],[78.44808,17.401491]]]},"properties":{"id":"bf7b0eff8a99","height":null,"num_floors":null,"render_height_m":9.6,"height_label":"assumed"}},{"type":"Feature","geometry":{"type":"Polygon","coordinates":[[[78.448211,17.401278],[78.448105,17.401278],[78.448105,17.401174],[78.448211,17.401174],[78.448211,17.401278]]]},"properties":{"id":"0b9f27493e34","height":null,"num_floors":null,"render_height_m":9.6,"height_label":"assumed"}},{"type":"Feature","geometry":{"type":"Polygon","coordinates":[[[78.448082,17.401287],[78.447978,17.401293],[78.447959,17.400978],[78.448063,17.400972],[78.448082,17.401287]]]},"properties":{"id":"ad7fa9d36870","height":null,"num_floors":null,"render_height_m":12.8,"height_label":"assumed"}},{"type":"Feature","geometry":{"type":"Polygon","coordinates":[[[78.447913,17.400965],[78.447918,17.40115],[78.447787,17.401153],[78.447781,17.400968],[78.447913,17.400965]]]},"properties":{"id":"efe362b2292a","height":null,"num_floors":null,"render_height_m":12.8,"height_label":"assumed"}},{"type":"Feature","geometry":{"type":"Polygon","coordinates":[[[78.447903,17.401273],[78.44765,17.401286],[78.447644,17.401184],[78.447898,17.401171],[78.447903,17.401273]]]},"properties":{"id":"8ae1eb939168","height":null,"num_floors":null,"render_height_m":12.8,"height_label":"assumed"}},{"type":"Feature","geometry":{"type":"Polygon","coordinates":[[[78.447926,17.401536],[78.44781,17.401541],[78.447802,17.401385],[78.447918,17.40138],[78.447926,17.401536]]]},"properties":{"id":"f634ff2ebc3a","height":null,"num_floors":null,"render_height_m":9.6,"height_label":"assumed"}},{"type":"Feature","geometry":{"type":"Polygon","coordinates":[[[78.447919,17.401633],[78.447813,17.401635],[78.447812,17.40157],[78.447917,17.401567],[78.447919,17.401633]]]},"properties":{"id":"bb5aa20d630e","height":null,"num_floors":null,"render_height_m":9.6,"height_label":"assumed"}},{"type":"Feature","geometry":{"type":"Polygon","coordinates":[[[78.447832,17.402012],[78.447741,17.402013],[78.447739,17.401857],[78.44783,17.401856],[78.447832,17.402012]]]},"properties":{"id":"fd548e5e495b","height":null,"num_floors":null,"render_height_m":9.6,"height_label":"assumed"}},{"type":"Feature","geometry":{"type":"Polygon","coordinates":[[[78.447853,17.401946],[78.44785,17.401851],[78.447938,17.401849],[78.44794,17.401944],[78.447853,17.401946]]]},"properties":{"id":"bd3f14161148","height":null,"num_floors":null,"render_height_m":9.6,"height_label":"assumed"}},{"type":"Feature","geometry":{"type":"Polygon","coordinates":[[[78.447937,17.40184],[78.447848,17.401843],[78.447843,17.401686],[78.447932,17.401683],[78.447937,17.40184]]]},"properties":{"id":"b451f18bab3a","height":null,"num_floors":null,"render_height_m":9.6,"height_label":"assumed"}},{"type":"Feature","geometry":{"type":"Polygon","coordinates":[[[78.448089,17.401832],[78.447987,17.401836],[78.44798,17.40169],[78.448082,17.401686],[78.448089,17.401832]]]},"properties":{"id":"473f4ff67828","height":null,"num_floors":null,"render_height_m":9.6,"height_label":"assumed"}},{"type":"Feature","geometry":{"type":"Polygon","coordinates":[[[78.448175,17.401823],[78.448101,17.401826],[78.448095,17.401686],[78.448169,17.401683],[78.448175,17.401823]]]},"properties":{"id":"21cbbb3f9d7b","height":null,"num_floors":null,"render_height_m":9.6,"height_label":"assumed"}},{"type":"Feature","geometry":{"type":"Polygon","coordinates":[[[78.448145,17.402098],[78.447965,17.402094],[78.447967,17.402016],[78.448147,17.40202],[78.448145,17.402098]]]},"properties":{"id":"7fc269cf140e","height":null,"num_floors":null,"render_height_m":9.6,"height_label":"assumed"}},{"type":"Feature","geometry":{"type":"Polygon","coordinates":[[[78.448163,17.401928],[78.447954,17.401939],[78.447949,17.401856],[78.448158,17.401845],[78.448163,17.401928]]]},"properties":{"id":"4f0523a7ae21","height":null,"num_floors":null,"render_height_m":9.6,"height_label":"assumed"}},{"type":"Feature","geometry":{"type":"Polygon","coordinates":[[[78.447963,17.402163],[78.447965,17.402103],[78.448144,17.40211],[78.448141,17.40217],[78.447963,17.402163]]]},"properties":{"id":"fb2c682b0587","height":null,"num_floors":null,"render_height_m":9.6,"height_label":"assumed"}},{"type":"Feature","geometry":{"type":"Polygon","coordinates":[[[78.4481,17.402436],[78.448033,17.402434],[78.448036,17.402348],[78.448103,17.40235],[78.4481,17.402436]]]},"properties":{"id":"623701d7011f","height":null,"num_floors":null,"render_height_m":6.4,"height_label":"assumed"}},{"type":"Feature","geometry":{"type":"Polygon","coordinates":[[[78.448102,17.402314],[78.448009,17.402317],[78.448004,17.402203],[78.448097,17.4022],[78.448102,17.402314]]]},"properties":{"id":"69e08fe991e1","height":null,"num_floors":null,"render_height_m":9.6,"height_label":"assumed"}},{"type":"Feature","geometry":{"type":"Polygon","coordinates":[[[78.447992,17.402205],[78.447997,17.402298],[78.447913,17.402302],[78.447909,17.402209],[78.447992,17.402205]]]},"properties":{"id":"ca630184f60b","height":null,"num_floors":null,"render_height_m":9.6,"height_label":"assumed"}},{"type":"Feature","geometry":{"type":"Polygon","coordinates":[[[78.447839,17.402179],[78.44774,17.402177],[78.447743,17.40202],[78.447842,17.402021],[78.447839,17.402179]]]},"properties":{"id":"bed2a68e58d4","height":null,"num_floors":null,"render_height_m":9.6,"height_label":"assumed"}},{"type":"Feature","geometry":{"type":"Polygon","coordinates":[[[78.447762,17.40228],[78.44789,17.402285],[78.447887,17.402361],[78.44776,17.402356],[78.447762,17.40228]]]},"properties":{"id":"55e9f8c72e0a","height":null,"num_floors":null,"render_height_m":9.6,"height_label":"assumed"}},{"type":"Feature","geometry":{"type":"Polygon","coordinates":[[[78.447768,17.402454],[78.447876,17.402461],[78.447871,17.402547],[78.447762,17.402541],[78.447768,17.402454]]]},"properties":{"id":"e9eba2f34c9b","height":null,"num_floors":null,"render_height_m":9.6,"height_label":"assumed"}},{"type":"Feature","geometry":{"type":"Polygon","coordinates":[[[78.447848,17.402546],[78.447943,17.402551],[78.447938,17.402633],[78.447898,17.40263],[78.447896,17.402659],[78.447841,17.402655],[78.447848,17.402546]]]},"properties":{"id":"a6a40a118965","height":null,"num_floors":null,"render_height_m":9.6,"height_label":"assumed"}},{"type":"Feature","geometry":{"type":"Polygon","coordinates":[[[78.448003,17.402765],[78.447927,17.402765],[78.447926,17.402713],[78.448003,17.402712],[78.448003,17.402765]]]},"properties":{"id":"487bca6db2b8","height":null,"num_floors":null,"render_height_m":6.4,"height_label":"assumed"}},{"type":"Feature","geometry":{"type":"Polygon","coordinates":[[[78.447759,17.402547],[78.447842,17.402551],[78.447836,17.402671],[78.447753,17.402667],[78.447759,17.402547]]]},"properties":{"id":"57ebd421efe9","height":null,"num_floors":null,"render_height_m":9.6,"height_label":"assumed"}},{"type":"Feature","geometry":{"type":"Polygon","coordinates":[[[78.447901,17.402907],[78.447784,17.402904],[78.447789,17.402731],[78.447906,17.402734],[78.447901,17.402907]]]},"properties":{"id":"c5a597ad440b","height":null,"num_floors":null,"render_height_m":9.6,"height_label":"assumed"}},{"type":"Feature","geometry":{"type":"Polygon","coordinates":[[[78.44801,17.403046],[78.447837,17.403045],[78.447837,17.402964],[78.448011,17.402966],[78.44801,17.403046]]]},"properties":{"id":"fb41bbf23c95","height":null,"num_floors":null,"render_height_m":9.6,"height_label":"assumed"}},{"type":"Feature","geometry":{"type":"Polygon","coordinates":[[[78.447939,17.402856],[78.447978,17.402857],[78.447975,17.402931],[78.447936,17.40293],[78.447939,17.402856]]]},"properties":{"id":"ee40f58e5423","height":null,"num_floors":null,"render_height_m":6.4,"height_label":"assumed"}},{"type":"Feature","geometry":{"type":"Polygon","coordinates":[[[78.44811,17.402882],[78.448014,17.402884],[78.44801,17.402726],[78.448106,17.402725],[78.44811,17.402882]]]},"properties":{"id":"41874564a341","height":null,"num_floors":null,"render_height_m":9.6,"height_label":"assumed"}},{"type":"Feature","geometry":{"type":"Polygon","coordinates":[[[78.448159,17.403068],[78.448057,17.403061],[78.448065,17.40295],[78.448167,17.402957],[78.448159,17.403068]]]},"properties":{"id":"e76eba8c8922","height":null,"num_floors":null,"render_height_m":9.6,"height_label":"assumed"}},{"type":"Feature","geometry":{"type":"Polygon","coordinates":[[[78.448009,17.40256],[78.448076,17.402563],[78.44807,17.40267],[78.448003,17.402667],[78.448009,17.40256]]]},"properties":{"id":"c1959e7366d6","height":null,"num_floors":null,"render_height_m":9.6,"height_label":"assumed"}},{"type":"Feature","geometry":{"type":"Polygon","coordinates":[[[78.448085,17.402476],[78.448078,17.402566],[78.447972,17.402559],[78.447978,17.402469],[78.448085,17.402476]]]},"properties":{"id":"faf8c06a43eb","height":null,"num_floors":null,"render_height_m":9.6,"height_label":"assumed"}},{"type":"Feature","geometry":{"type":"Polygon","coordinates":[[[78.44819,17.40254],[78.448143,17.402537],[78.448148,17.402465],[78.448195,17.402468],[78.44819,17.40254]]]},"properties":{"id":"e6517bbbe307","height":null,"num_floors":null,"render_height_m":6.4,"height_label":"assumed"}},{"type":"Feature","geometry":{"type":"Polygon","coordinates":[[[78.448352,17.402549],[78.448233,17.402542],[78.448235,17.402479],[78.44835,17.402483],[78.448352,17.402549]]]},"properties":{"id":"d005ba3a3efe","height":null,"num_floors":null,"render_height_m":9.6,"height_label":"assumed"}},{"type":"Feature","geometry":{"type":"Polygon","coordinates":[[[78.44824,17.402579],[78.448275,17.40258],[78.448272,17.402655],[78.448237,17.402654],[78.44824,17.402579]]]},"properties":{"id":"f71e6cfb8d69","height":null,"num_floors":null,"render_height_m":6.4,"height_label":"assumed"}},{"type":"Feature","geometry":{"type":"Polygon","coordinates":[[[78.4482,17.402576],[78.448245,17.402578],[78.448242,17.402654],[78.448277,17.402655],[78.448276,17.402676],[78.448196,17.402673],[78.4482,17.402576]]]},"properties":{"id":"9dd03f32a9b1","height":null,"num_floors":null,"render_height_m":6.4,"height_label":"assumed"}},{"type":"Feature","geometry":{"type":"Polygon","coordinates":[[[78.448294,17.402877],[78.448201,17.402882],[78.448193,17.402756],[78.448286,17.402751],[78.448294,17.402877]]]},"properties":{"id":"02bfb9474d01","height":null,"num_floors":null,"render_height_m":9.6,"height_label":"assumed"}},{"type":"Feature","geometry":{"type":"Polygon","coordinates":[[[78.44835,17.402751],[78.448395,17.40275],[78.448401,17.402921],[78.448355,17.402922],[78.44835,17.402751]]]},"properties":{"id":"78f8bc116711","height":null,"num_floors":null,"render_height_m":9.6,"height_label":"assumed"}},{"type":"Feature","geometry":{"type":"Polygon","coordinates":[[[78.448544,17.40285],[78.448409,17.402859],[78.448402,17.402766],[78.448537,17.402757],[78.448544,17.40285]]]},"properties":{"id":"ff679dbe4dee","height":null,"num_floors":null,"render_height_m":9.6,"height_label":"assumed"}},{"type":"Feature","geometry":{"type":"Polygon","coordinates":[[[78.448396,17.402868],[78.44846,17.40287],[78.448457,17.402974],[78.448392,17.402972],[78.448396,17.402868]]]},"properties":{"id":"d6577b673d26","height":null,"num_floors":null,"render_height_m":6.4,"height_label":"assumed"}},{"type":"Feature","geometry":{"type":"Polygon","coordinates":[[[78.448299,17.402969],[78.448484,17.402977],[78.448481,17.403024],[78.448296,17.403016],[78.448299,17.402969]]]},"properties":{"id":"0763720a6c2d","height":null,"num_floors":null,"render_height_m":9.6,"height_label":"assumed"}},{"type":"Feature","geometry":{"type":"Polygon","coordinates":[[[78.448423,17.403172],[78.44836,17.40317],[78.448365,17.403041],[78.448428,17.403044],[78.448423,17.403172]]]},"properties":{"id":"26e06db69fe6","height":null,"num_floors":null,"render_height_m":9.6,"height_label":"assumed"}},{"type":"Feature","geometry":{"type":"Polygon","coordinates":[[[78.448617,17.403176],[78.448511,17.403179],[78.448505,17.40299],[78.448611,17.402986],[78.448617,17.403176]]]},"properties":{"id":"b5ab043fc867","height":null,"num_floors":null,"render_height_m":9.6,"height_label":"assumed"}},{"type":"Feature","geometry":{"type":"Polygon","coordinates":[[[78.448593,17.402876],[78.448601,17.402903],[78.448542,17.402919],[78.448534,17.402892],[78.448593,17.402876]]]},"properties":{"id":"25fe5cc9b322","height":null,"num_floors":null,"render_height_m":6.4,"height_label":"assumed"}},{"type":"Feature","geometry":{"type":"Polygon","coordinates":[[[78.448482,17.402862],[78.448552,17.402864],[78.448551,17.402873],[78.448528,17.402872],[78.448525,17.40295],[78.44848,17.402948],[78.448482,17.402862]]]},"properties":{"id":"977406f84fc0","height":null,"num_floors":null,"render_height_m":6.4,"height_label":"assumed"}},{"type":"Feature","geometry":{"type":"Polygon","coordinates":[[[78.448476,17.402589],[78.448613,17.402595],[78.448608,17.402697],[78.448471,17.402691],[78.448476,17.402589]]]},"properties":{"id":"cebd7bb40d48","height":null,"num_floors":null,"render_height_m":9.6,"height_label":"assumed"}},{"type":"Feature","geometry":{"type":"Polygon","coordinates":[[[78.448442,17.402582],[78.448476,17.402583],[78.448471,17.402691],[78.448437,17.40269],[78.448442,17.402582]]]},"properties":{"id":"18c1d9833b2d","height":null,"num_floors":null,"render_height_m":6.4,"height_label":"assumed"}},{"type":"Feature","geometry":{"type":"Polygon","coordinates":[[[78.448519,17.402545],[78.448388,17.40254],[78.44839,17.402477],[78.448521,17.402482],[78.448519,17.402545]]]},"properties":{"id":"71b9c7dec274","height":null,"num_floors":null,"render_height_m":9.6,"height_label":"assumed"}},{"type":"Feature","geometry":{"type":"Polygon","coordinates":[[[78.448546,17.402501],[78.448584,17.402503],[78.44858,17.402587],[78.448542,17.402586],[78.448546,17.402501]]]},"properties":{"id":"6ef248d88243","height":null,"num_floors":null,"render_height_m":6.4,"height_label":"assumed"}},{"type":"Feature","geometry":{"type":"Polygon","coordinates":[[[78.448546,17.402411],[78.448447,17.402411],[78.448448,17.402357],[78.448546,17.402358],[78.448546,17.402411]]]},"properties":{"id":"fa365188fd42","height":null,"num_floors":null,"render_height_m":6.4,"height_label":"assumed"}},{"type":"Feature","geometry":{"type":"Polygon","coordinates":[[[78.448535,17.402347],[78.448443,17.402342],[78.448448,17.402257],[78.448539,17.402261],[78.448535,17.402347]]]},"properties":{"id":"b4eb7d842b0f","height":null,"num_floors":null,"render_height_m":9.6,"height_label":"assumed"}},{"type":"Feature","geometry":{"type":"Polygon","coordinates":[[[78.448621,17.402246],[78.448472,17.402234],[78.448482,17.402126],[78.448631,17.402139],[78.448621,17.402246]]]},"properties":{"id":"f19547c6cea6","height":null,"num_floors":null,"render_height_m":9.6,"height_label":"assumed"}},{"type":"Feature","geometry":{"type":"Polygon","coordinates":[[[78.448434,17.402347],[78.448326,17.402345],[78.448328,17.402251],[78.448436,17.402254],[78.448434,17.402347]]]},"properties":{"id":"52bc2e81c937","height":null,"num_floors":null,"render_height_m":9.6,"height_label":"assumed"}},{"type":"Feature","geometry":{"type":"Polygon","coordinates":[[[78.448418,17.402416],[78.44831,17.402417],[78.44831,17.40236],[78.448417,17.402359],[78.448418,17.402416]]]},"properties":{"id":"4ed06e8eb5ed","height":null,"num_floors":null,"render_height_m":6.4,"height_label":"assumed"}},{"type":"Feature","geometry":{"type":"Polygon","coordinates":[[[78.448292,17.402422],[78.44819,17.40242],[78.448191,17.402369],[78.448292,17.402367],[78.448292,17.402422]]]},"properties":{"id":"b6767f64d6fb","height":null,"num_floors":null,"render_height_m":6.4,"height_label":"assumed"}},{"type":"Feature","geometry":{"type":"Polygon","coordinates":[[[78.448313,17.402348],[78.44818,17.402351],[78.448178,17.402262],[78.448311,17.402259],[78.448313,17.402348]]]},"properties":{"id":"edea76da556e","height":null,"num_floors":null,"render_height_m":9.6,"height_label":"assumed"}},{"type":"Feature","geometry":{"type":"Polygon","coordinates":[[[78.448415,17.402227],[78.448214,17.402209],[78.448226,17.402083],[78.448428,17.402101],[78.448415,17.402227]]]},"properties":{"id":"d38db75b9384","height":null,"num_floors":null,"render_height_m":12.8,"height_label":"assumed"}},{"type":"Feature","geometry":{"type":"Polygon","coordinates":[[[78.448288,17.401934],[78.448209,17.40193],[78.448213,17.401856],[78.448293,17.401861],[78.448288,17.401934]]]},"properties":{"id":"86af0fc33730","height":null,"num_floors":null,"render_height_m":6.4,"height_label":"assumed"}},{"type":"Feature","geometry":{"type":"Polygon","coordinates":[[[78.448268,17.401854],[78.448213,17.401851],[78.44822,17.401718],[78.448275,17.40172],[78.448268,17.401854]]]},"properties":{"id":"2bcf7ed9be93","height":null,"num_floors":null,"render_height_m":9.6,"height_label":"assumed"}},{"type":"Feature","geometry":{"type":"Polygon","coordinates":[[[78.448356,17.401821],[78.4483,17.40182],[78.448301,17.401725],[78.448357,17.401726],[78.448356,17.401821]]]},"properties":{"id":"f890a4fe6b34","height":null,"num_floors":null,"render_height_m":6.4,"height_label":"assumed"}},{"type":"Feature","geometry":{"type":"Polygon","coordinates":[[[78.448468,17.401757],[78.448412,17.401754],[78.448416,17.401676],[78.448473,17.401679],[78.448468,17.401757]]]},"properties":{"id":"476bdfca46a1","height":null,"num_floors":null,"render_height_m":6.4,"height_label":"assumed"}},{"type":"Feature","geometry":{"type":"Polygon","coordinates":[[[78.448499,17.401841],[78.448384,17.401836],[78.448387,17.401762],[78.448502,17.401767],[78.448499,17.401841]]]},"properties":{"id":"3684574c557f","height":null,"num_floors":null,"render_height_m":9.6,"height_label":"assumed"}},{"type":"Feature","geometry":{"type":"Polygon","coordinates":[[[78.448415,17.402039],[78.448354,17.402036],[78.448358,17.401949],[78.44842,17.401952],[78.448415,17.402039]]]},"properties":{"id":"c77d126c45c7","height":null,"num_floors":null,"render_height_m":6.4,"height_label":"assumed"}},{"type":"Feature","geometry":{"type":"Polygon","coordinates":[[[78.448472,17.402073],[78.448422,17.40207],[78.448429,17.401975],[78.448478,17.401978],[78.448472,17.402073]]]},"properties":{"id":"b88eb0c8561c","height":null,"num_floors":null,"render_height_m":6.4,"height_label":"assumed"}},{"type":"Feature","geometry":{"type":"Polygon","coordinates":[[[78.448452,17.401883],[78.448486,17.401886],[78.448482,17.401946],[78.448447,17.401943],[78.448452,17.401883]]]},"properties":{"id":"17528ffb667b","height":null,"num_floors":null,"render_height_m":6.4,"height_label":"assumed"}},{"type":"Feature","geometry":{"type":"Polygon","coordinates":[[[78.448559,17.402071],[78.448515,17.402068],[78.448522,17.401985],[78.448566,17.401988],[78.448559,17.402071]]]},"properties":{"id":"d64ddb3749f6","height":null,"num_floors":null,"render_height_m":6.4,"height_label":"assumed"}},{"type":"Feature","geometry":{"type":"Polygon","coordinates":[[[78.448542,17.401896],[78.448584,17.4019],[78.448575,17.401989],[78.448533,17.401985],[78.448542,17.401896]]]},"properties":{"id":"8ce5cbfd456b","height":null,"num_floors":null,"render_height_m":6.4,"height_label":"assumed"}},{"type":"Feature","geometry":{"type":"Polygon","coordinates":[[[78.448599,17.401774],[78.448522,17.401773],[78.448524,17.401691],[78.448601,17.401693],[78.448599,17.401774]]]},"properties":{"id":"fc4020705989","height":null,"num_floors":null,"render_height_m":6.4,"height_label":"assumed"}},{"type":"Feature","geometry":{"type":"Polygon","coordinates":[[[78.448713,17.40185],[78.448613,17.401846],[78.448621,17.401698],[78.448721,17.401703],[78.448713,17.40185]]]},"properties":{"id":"f8df29a14056","height":null,"num_floors":null,"render_height_m":9.6,"height_label":"assumed"}},{"type":"Feature","geometry":{"type":"Polygon","coordinates":[[[78.448615,17.401999],[78.448676,17.402003],[78.448668,17.402112],[78.448607,17.402107],[78.448615,17.401999]]]},"properties":{"id":"1c3d475ad285","height":null,"num_floors":null,"render_height_m":6.4,"height_label":"assumed"}},{"type":"Feature","geometry":{"type":"Polygon","coordinates":[[[78.448684,17.402003],[78.448618,17.401999],[78.448626,17.4019],[78.448693,17.401905],[78.448684,17.402003]]]},"properties":{"id":"e5d7b411ae05","height":null,"num_floors":null,"render_height_m":6.4,"height_label":"assumed"}},{"type":"Feature","geometry":{"type":"Polygon","coordinates":[[[78.44914,17.402453],[78.448662,17.402433],[78.448685,17.402167],[78.449156,17.402205],[78.44914,17.402453]]]},"properties":{"id":"be835eca188a","height":null,"num_floors":null,"render_height_m":19.2,"height_label":"assumed"}},{"type":"Feature","geometry":{"type":"Polygon","coordinates":[[[78.449146,17.402118],[78.448769,17.402087],[78.448777,17.401925],[78.449177,17.401965],[78.449146,17.402118]]]},"properties":{"id":"1d3dafbb1aa1","height":null,"num_floors":null,"render_height_m":12.8,"height_label":"assumed"}},{"type":"Feature","geometry":{"type":"Polygon","coordinates":[[[78.449177,17.401902],[78.448769,17.401864],[78.448777,17.401713],[78.449193,17.401751],[78.449177,17.401902]]]},"properties":{"id":"afae2a2a6eac","height":null,"num_floors":null,"render_height_m":12.8,"height_label":"assumed"}},{"type":"Feature","geometry":{"type":"Polygon","coordinates":[[[78.449048,17.401707],[78.449092,17.40171],[78.44909,17.401734],[78.449046,17.401731],[78.449048,17.401707]]]},"properties":{"id":"0de9a4b43c0e","height":null,"num_floors":null,"render_height_m":6.4,"height_label":"assumed"}},{"type":"Feature","geometry":{"type":"Polygon","coordinates":[[[78.449468,17.402022],[78.44946,17.402185],[78.449318,17.402179],[78.449325,17.402016],[78.449468,17.402022]]]},"properties":{"id":"bbfe71acf368","height":null,"num_floors":null,"render_height_m":12.8,"height_label":"assumed"}},{"type":"Feature","geometry":{"type":"Polygon","coordinates":[[[78.449257,17.40225],[78.449313,17.402252],[78.449311,17.40229],[78.449255,17.402288],[78.449257,17.40225]]]},"properties":{"id":"f7a811c9a44c","height":null,"num_floors":null,"render_height_m":6.4,"height_label":"assumed"}},{"type":"Feature","geometry":{"type":"Polygon","coordinates":[[[78.449126,17.402684],[78.448997,17.402675],[78.449004,17.40258],[78.449134,17.402589],[78.449126,17.402684]]]},"properties":{"id":"bb3990176f98","height":null,"num_floors":null,"render_height_m":9.6,"height_label":"assumed"}},{"type":"Feature","geometry":{"type":"Polygon","coordinates":[[[78.449298,17.402975],[78.449175,17.402974],[78.449176,17.402879],[78.449298,17.40288],[78.449298,17.402975]]]},"properties":{"id":"32dc487ae654","height":null,"num_floors":null,"render_height_m":9.6,"height_label":"assumed"}},{"type":"Feature","geometry":{"type":"Polygon","coordinates":[[[78.449412,17.402725],[78.449406,17.402866],[78.44933,17.402863],[78.449336,17.402722],[78.449412,17.402725]]]},"properties":{"id":"a12f60c95974","height":null,"num_floors":null,"render_height_m":9.6,"height_label":"assumed"}},{"type":"Feature","geometry":{"type":"Polygon","coordinates":[[[78.449418,17.402893],[78.449417,17.402923],[78.449437,17.402924],[78.449433,17.403001],[78.449323,17.402996],[78.449328,17.402889],[78.449418,17.402893]]]},"properties":{"id":"058a28bd283e","height":null,"num_floors":null,"render_height_m":9.6,"height_label":"assumed"}},{"type":"Feature","geometry":{"type":"Polygon","coordinates":[[[78.449283,17.403017],[78.449381,17.403021],[78.449378,17.403103],[78.44928,17.4031],[78.449283,17.403017]]]},"properties":{"id":"342cfa79bf77","height":null,"num_floors":null,"render_height_m":9.6,"height_label":"assumed"}},{"type":"Feature","geometry":{"type":"Polygon","coordinates":[[[78.449253,17.402993],[78.449287,17.402995],[78.449283,17.403084],[78.449249,17.403083],[78.449253,17.402993]]]},"properties":{"id":"a7c7396b50df","height":null,"num_floors":null,"render_height_m":6.4,"height_label":"assumed"}},{"type":"Feature","geometry":{"type":"Polygon","coordinates":[[[78.4492,17.403007],[78.449252,17.403009],[78.449249,17.403083],[78.449196,17.40308],[78.4492,17.403007]]]},"properties":{"id":"43f84db96574","height":null,"num_floors":null,"render_height_m":6.4,"height_label":"assumed"}},{"type":"Feature","geometry":{"type":"Polygon","coordinates":[[[78.44914,17.403005],[78.4492,17.403007],[78.449196,17.40308],[78.449136,17.403078],[78.44914,17.403005]]]},"properties":{"id":"af0d7d625fa7","height":null,"num_floors":null,"render_height_m":6.4,"height_label":"assumed"}},{"type":"Feature","geometry":{"type":"Polygon","coordinates":[[[78.449173,17.402738],[78.449226,17.402736],[78.44923,17.402827],[78.449177,17.402829],[78.449173,17.402738]]]},"properties":{"id":"7a8692336ece","height":null,"num_floors":null,"render_height_m":6.4,"height_label":"assumed"}},{"type":"Feature","geometry":{"type":"Polygon","coordinates":[[[78.448907,17.402959],[78.448852,17.402955],[78.44886,17.40286],[78.448915,17.402865],[78.448907,17.402959]]]},"properties":{"id":"c588debca888","height":null,"num_floors":null,"render_height_m":6.4,"height_label":"assumed"}},{"type":"Feature","geometry":{"type":"Polygon","coordinates":[[[78.448827,17.402978],[78.448755,17.402958],[78.448756,17.402857],[78.448829,17.402858],[78.448827,17.402978]]]},"properties":{"id":"fc2bb884ee47","height":null,"num_floors":null,"render_height_m":9.6,"height_label":"assumed"}},{"type":"Feature","geometry":{"type":"Polygon","coordinates":[[[78.448984,17.402971],[78.448926,17.402966],[78.448935,17.402864],[78.448993,17.402868],[78.448984,17.402971]]]},"properties":{"id":"674bab6cf70b","height":null,"num_floors":null,"render_height_m":6.4,"height_label":"assumed"}},{"type":"Feature","geometry":{"type":"Polygon","coordinates":[[[78.448936,17.402723],[78.448861,17.402716],[78.448875,17.402586],[78.44895,17.402593],[78.448936,17.402723]]]},"properties":{"id":"c6921c114098","height":null,"num_floors":null,"render_height_m":9.6,"height_label":"assumed"}},{"type":"Feature","geometry":{"type":"Polygon","coordinates":[[[78.448994,17.402591],[78.448903,17.402585],[78.448909,17.402498],[78.448999,17.402504],[78.448994,17.402591]]]},"properties":{"id":"90a4d02f8cd7","height":null,"num_floors":null,"render_height_m":9.6,"height_label":"assumed"}},{"type":"Feature","geometry":{"type":"Polygon","coordinates":[[[78.448817,17.402656],[78.448748,17.402654],[78.448754,17.402483],[78.448823,17.402486],[78.448817,17.402656]]]},"properties":{"id":"f05f08f6f159","height":null,"num_floors":null,"render_height_m":9.6,"height_label":"assumed"}},{"type":"Feature","geometry":{"type":"Polygon","coordinates":[[[78.448734,17.402662],[78.448674,17.402662],[78.448674,17.402482],[78.448734,17.402482],[78.448734,17.402662]]]},"properties":{"id":"11f17dc09fb1","height":null,"num_floors":null,"render_height_m":9.6,"height_label":"assumed"}},{"type":"Feature","geometry":{"type":"Polygon","coordinates":[[[78.448774,17.402829],[78.448703,17.402827],[78.448705,17.402776],[78.448776,17.402778],[78.448774,17.402829]]]},"properties":{"id":"f2c41a163a88","height":null,"num_floors":null,"render_height_m":6.4,"height_label":"assumed"}},{"type":"Feature","geometry":{"type":"Polygon","coordinates":[[[78.448744,17.402998],[78.448692,17.402982],[78.44869,17.402861],[78.448742,17.40286],[78.448744,17.402998]]]},"properties":{"id":"91042c76ea9a","height":null,"num_floors":null,"render_height_m":6.4,"height_label":"assumed"}},{"type":"Feature","geometry":{"type":"Polygon","coordinates":[[[78.448723,17.403128],[78.448658,17.403126],[78.44866,17.403045],[78.448725,17.403046],[78.448723,17.403128]]]},"properties":{"id":"52857cc84495","height":null,"num_floors":null,"render_height_m":6.4,"height_label":"assumed"}},{"type":"Feature","geometry":{"type":"Polygon","coordinates":[[[78.448725,17.403229],[78.448671,17.403229],[78.448672,17.403153],[78.448725,17.403153],[78.448725,17.403229]]]},"properties":{"id":"b0c4a6fa24ad","height":null,"num_floors":null,"render_height_m":6.4,"height_label":"assumed"}},{"type":"Feature","geometry":{"type":"Polygon","coordinates":[[[78.4488,17.40324],[78.448728,17.403239],[78.448729,17.403156],[78.448801,17.403157],[78.4488,17.40324]]]},"properties":{"id":"8e2d68500bdf","height":null,"num_floors":null,"render_height_m":6.4,"height_label":"assumed"}},{"type":"Feature","geometry":{"type":"Polygon","coordinates":[[[78.448791,17.403272],[78.448788,17.403327],[78.448742,17.403324],[78.448739,17.40336],[78.448699,17.403357],[78.448704,17.403267],[78.448791,17.403272]]]},"properties":{"id":"7fdb0f1bf40c","height":null,"num_floors":null,"render_height_m":6.4,"height_label":"assumed"}},{"type":"Feature","geometry":{"type":"Polygon","coordinates":[[[78.448737,17.40348],[78.44874,17.40344],[78.448824,17.403446],[78.448821,17.403486],[78.448737,17.40348]]]},"properties":{"id":"c881ba6af7f1","height":null,"num_floors":null,"render_height_m":6.4,"height_label":"assumed"}},{"type":"Feature","geometry":{"type":"Polygon","coordinates":[[[78.448695,17.403364],[78.44874,17.403366],[78.448735,17.403464],[78.448689,17.403462],[78.448695,17.403364]]]},"properties":{"id":"70cb31877e7e","height":null,"num_floors":null,"render_height_m":6.4,"height_label":"assumed"}},{"type":"Feature","geometry":{"type":"Polygon","coordinates":[[[78.44863,17.403364],[78.448544,17.403364],[78.448543,17.403241],[78.448629,17.40324],[78.44863,17.403364]]]},"properties":{"id":"ad8b1d4a29d6","height":null,"num_floors":null,"render_height_m":9.6,"height_label":"assumed"}},{"type":"Feature","geometry":{"type":"Polygon","coordinates":[[[78.44897,17.403345],[78.448855,17.403343],[78.448857,17.403258],[78.448972,17.403261],[78.44897,17.403345]]]},"properties":{"id":"7a3f74fb5f25","height":null,"num_floors":null,"render_height_m":9.6,"height_label":"assumed"}},{"type":"Feature","geometry":{"type":"Polygon","coordinates":[[[78.448965,17.403452],[78.44889,17.403449],[78.448894,17.403364],[78.448968,17.403367],[78.448965,17.403452]]]},"properties":{"id":"e43dace3b961","height":null,"num_floors":null,"render_height_m":6.4,"height_label":"assumed"}},{"type":"Feature","geometry":{"type":"Polygon","coordinates":[[[78.448922,17.403176],[78.448958,17.403178],[78.448954,17.403246],[78.448919,17.403244],[78.448922,17.403176]]]},"properties":{"id":"1dcbeb066d13","height":null,"num_floors":null,"render_height_m":6.4,"height_label":"assumed"}},{"type":"Feature","geometry":{"type":"Polygon","coordinates":[[[78.449074,17.403245],[78.44901,17.403246],[78.449008,17.403159],[78.449073,17.403158],[78.449074,17.403245]]]},"properties":{"id":"891d807ea7b6","height":null,"num_floors":null,"render_height_m":6.4,"height_label":"assumed"}},{"type":"Feature","geometry":{"type":"Polygon","coordinates":[[[78.44905,17.403348],[78.448978,17.403345],[78.448982,17.403267],[78.449054,17.40327],[78.44905,17.403348]]]},"properties":{"id":"6edcf42c92c5","height":null,"num_floors":null,"render_height_m":6.4,"height_label":"assumed"}},{"type":"Feature","geometry":{"type":"Polygon","coordinates":[[[78.449225,17.403475],[78.44915,17.403453],[78.449147,17.403361],[78.449221,17.403359],[78.449225,17.403475]]]},"properties":{"id":"df0ac699f0dc","height":null,"num_floors":null,"render_height_m":9.6,"height_label":"assumed"}},{"type":"Feature","geometry":{"type":"Polygon","coordinates":[[[78.449212,17.403262],[78.449123,17.403258],[78.449127,17.403184],[78.449215,17.403187],[78.449212,17.403262]]]},"properties":{"id":"7d6fd3d8a1c7","height":null,"num_floors":null,"render_height_m":6.4,"height_label":"assumed"}},{"type":"Feature","geometry":{"type":"Polygon","coordinates":[[[78.449227,17.40318],[78.449163,17.40317],[78.449177,17.40308],[78.449242,17.403089],[78.449227,17.40318]]]},"properties":{"id":"bc83a548b477","height":null,"num_floors":null,"render_height_m":6.4,"height_label":"assumed"}},{"type":"Feature","geometry":{"type":"Polygon","coordinates":[[[78.44931,17.403198],[78.449411,17.403202],[78.449407,17.403286],[78.449306,17.403282],[78.44931,17.403198]]]},"properties":{"id":"29859131ed2b","height":null,"num_floors":null,"render_height_m":9.6,"height_label":"assumed"}},{"type":"Feature","geometry":{"type":"Polygon","coordinates":[[[78.449366,17.403453],[78.449258,17.403458],[78.449251,17.403375],[78.449368,17.403365],[78.449366,17.403453]]]},"properties":{"id":"2251ddfb9a10","height":null,"num_floors":null,"render_height_m":9.6,"height_label":"assumed"}},{"type":"Feature","geometry":{"type":"Polygon","coordinates":[[[78.44938,17.403573],[78.449287,17.403576],[78.449285,17.403486],[78.449377,17.403483],[78.44938,17.403573]]]},"properties":{"id":"79d455974680","height":null,"num_floors":null,"render_height_m":9.6,"height_label":"assumed"}},{"type":"Feature","geometry":{"type":"Polygon","coordinates":[[[78.448516,17.403506],[78.448519,17.403389],[78.448645,17.403401],[78.448631,17.403516],[78.448516,17.403506]]]},"properties":{"id":"fd53519cfffd","height":null,"num_floors":null,"render_height_m":9.6,"height_label":"assumed"}},{"type":"Feature","geometry":{"type":"Polygon","coordinates":[[[78.448406,17.403486],[78.448247,17.403493],[78.448241,17.403369],[78.4484,17.403362],[78.448406,17.403486]]]},"properties":{"id":"547ae683c88e","height":null,"num_floors":null,"render_height_m":9.6,"height_label":"assumed"}},{"type":"Feature","geometry":{"type":"Polygon","coordinates":[[[78.448299,17.403176],[78.448233,17.403175],[78.448234,17.403086],[78.4483,17.403087],[78.448299,17.403176]]]},"properties":{"id":"431d60d1dfdb","height":null,"num_floors":null,"render_height_m":6.4,"height_label":"assumed"}},{"type":"Feature","geometry":{"type":"Polygon","coordinates":[[[78.44804,17.403567],[78.447938,17.403561],[78.447946,17.403442],[78.448049,17.403449],[78.44804,17.403567]]]},"properties":{"id":"c7eb8a9b6521","height":null,"num_floors":null,"render_height_m":9.6,"height_label":"assumed"}},{"type":"Feature","geometry":{"type":"Polygon","coordinates":[[[78.448107,17.403483],[78.448202,17.40349],[78.448194,17.403598],[78.448099,17.403592],[78.448107,17.403483]]]},"properties":{"id":"b1d647d3e86f","height":null,"num_floors":null,"render_height_m":9.6,"height_label":"assumed"}},{"type":"Feature","geometry":{"type":"Polygon","coordinates":[[[78.448183,17.403444],[78.44798,17.40343],[78.447985,17.403363],[78.448188,17.403377],[78.448183,17.403444]]]},"properties":{"id":"01696c3cbce2","height":null,"num_floors":null,"render_height_m":9.6,"height_label":"assumed"}},{"type":"Feature","geometry":{"type":"Polygon","coordinates":[[[78.448192,17.403363],[78.448104,17.403357],[78.448113,17.40322],[78.448194,17.403229],[78.448192,17.403363]]]},"properties":{"id":"2cf83cc7f32d","height":null,"num_floors":null,"render_height_m":9.6,"height_label":"assumed"}},{"type":"Feature","geometry":{"type":"Polygon","coordinates":[[[78.448007,17.403181],[78.448009,17.403086],[78.448194,17.403088],[78.448192,17.403183],[78.448007,17.403181]]]},"properties":{"id":"252f1c9ea466","height":null,"num_floors":null,"render_height_m":9.6,"height_label":"assumed"}},{"type":"Feature","geometry":{"type":"Polygon","coordinates":[[[78.448094,17.403208],[78.448084,17.403356],[78.448019,17.403352],[78.44803,17.403203],[78.448094,17.403208]]]},"properties":{"id":"dace65a21745","height":null,"num_floors":null,"render_height_m":9.6,"height_label":"assumed"}},{"type":"Feature","geometry":{"type":"Polygon","coordinates":[[[78.447867,17.403445],[78.447936,17.40345],[78.447935,17.403471],[78.447865,17.403466],[78.447867,17.403445]]]},"properties":{"id":"6345c71a4698","height":null,"num_floors":null,"render_height_m":6.4,"height_label":"assumed"}},{"type":"Feature","geometry":{"type":"Polygon","coordinates":[[[78.447973,17.403411],[78.447785,17.403399],[78.4478,17.403187],[78.447879,17.403192],[78.447868,17.403349],[78.447977,17.403356],[78.447973,17.403411]]]},"properties":{"id":"550aa807801a","height":null,"num_floors":null,"render_height_m":12.8,"height_label":"assumed"}},{"type":"Feature","geometry":{"type":"Polygon","coordinates":[[[78.448003,17.403347],[78.447887,17.40334],[78.447897,17.403195],[78.448013,17.403203],[78.448003,17.403347]]]},"properties":{"id":"7f9024791341","height":null,"num_floors":null,"render_height_m":9.6,"height_label":"assumed"}},{"type":"Feature","geometry":{"type":"Polygon","coordinates":[[[78.447921,17.403166],[78.447824,17.403163],[78.447827,17.403077],[78.447924,17.403079],[78.447921,17.403166]]]},"properties":{"id":"140ccde3313d","height":null,"num_floors":null,"render_height_m":9.6,"height_label":"assumed"}},{"type":"Feature","geometry":{"type":"Polygon","coordinates":[[[78.447836,17.403417],[78.447868,17.403419],[78.447865,17.403466],[78.447833,17.403464],[78.447836,17.403417]]]},"properties":{"id":"3e74c22a7331","height":null,"num_floors":null,"render_height_m":6.4,"height_label":"assumed"}},{"type":"Feature","geometry":{"type":"Polygon","coordinates":[[[78.447736,17.403459],[78.447739,17.403409],[78.447845,17.403416],[78.447841,17.403465],[78.447736,17.403459]]]},"properties":{"id":"1e29ae6cd5ce","height":null,"num_floors":null,"render_height_m":6.4,"height_label":"assumed"}},{"type":"Feature","geometry":{"type":"Polygon","coordinates":[[[78.454499,17.399782],[78.454498,17.399907],[78.454194,17.399904],[78.454196,17.399757],[78.454285,17.399757],[78.454286,17.399712],[78.454448,17.399713],[78.454447,17.399782],[78.454499,17.399782]]]},"properties":{"id":"cdf6a9d339b1","height":null,"num_floors":null,"render_height_m":12.8,"height_label":"assumed"}},{"type":"Feature","geometry":{"type":"Polygon","coordinates":[[[78.45416,17.399364],[78.454167,17.399249],[78.454585,17.39927],[78.454578,17.399385],[78.45416,17.399364]]]},"properties":{"id":"d49fd40e5d3d","height":null,"num_floors":null,"render_height_m":12.8,"height_label":"assumed"}},{"type":"Feature","geometry":{"type":"Polygon","coordinates":[[[78.454558,17.399199],[78.454585,17.399203],[78.454579,17.399238],[78.454552,17.399234],[78.454558,17.399199]]]},"properties":{"id":"edb0770a1510","height":null,"num_floors":null,"render_height_m":6.4,"height_label":"assumed"}},{"type":"Feature","geometry":{"type":"Polygon","coordinates":[[[78.454608,17.399212],[78.454608,17.399262],[78.454577,17.399262],[78.454576,17.399212],[78.454608,17.399212]]]},"properties":{"id":"f9c5098cf744","height":null,"num_floors":null,"render_height_m":6.4,"height_label":"assumed"}},{"type":"Feature","geometry":{"type":"Polygon","coordinates":[[[78.454633,17.398839],[78.454638,17.398884],[78.454552,17.398892],[78.454548,17.398847],[78.454633,17.398839]]]},"properties":{"id":"fce8981e50b5","height":null,"num_floors":null,"render_height_m":6.4,"height_label":"assumed"}},{"type":"Feature","geometry":{"type":"Polygon","coordinates":[[[78.454507,17.398683],[78.454259,17.398675],[78.454265,17.398486],[78.454513,17.398494],[78.454507,17.398683]]]},"properties":{"id":"7dc1f9be90c7","height":null,"num_floors":null,"render_height_m":12.8,"height_label":"assumed"}},{"type":"Feature","geometry":{"type":"Polygon","coordinates":[[[78.45443,17.398418],[78.454424,17.398457],[78.454308,17.398441],[78.454314,17.398401],[78.45443,17.398418]]]},"properties":{"id":"fc5905ce10aa","height":null,"num_floors":null,"render_height_m":6.4,"height_label":"assumed"}},{"type":"Feature","geometry":{"type":"Polygon","coordinates":[[[78.454365,17.398217],[78.45443,17.39822],[78.454427,17.398265],[78.454362,17.398262],[78.454365,17.398217]]]},"properties":{"id":"b9a23dc75716","height":null,"num_floors":null,"render_height_m":6.4,"height_label":"assumed"}},{"type":"Feature","geometry":{"type":"Polygon","coordinates":[[[78.454703,17.398461],[78.454482,17.398457],[78.454485,17.39834],[78.454705,17.398344],[78.454703,17.398461]]]},"properties":{"id":"d9c3589782f6","height":null,"num_floors":null,"render_height_m":12.8,"height_label":"assumed"}},{"type":"Feature","geometry":{"type":"Polygon","coordinates":[[[78.454424,17.396998],[78.454308,17.396969],[78.45433,17.396891],[78.454445,17.39692],[78.454424,17.396998]]]},"properties":{"id":"9d394afceddf","height":null,"num_floors":null,"render_height_m":9.6,"height_label":"assumed"}},{"type":"Feature","geometry":{"type":"Polygon","coordinates":[[[78.454434,17.396735],[78.454363,17.396717],[78.454397,17.396593],[78.454469,17.396611],[78.454434,17.396735]]]},"properties":{"id":"e5874e1f994b","height":null,"num_floors":null,"render_height_m":9.6,"height_label":"assumed"}},{"type":"Feature","geometry":{"type":"Polygon","coordinates":[[[78.454339,17.396495],[78.454419,17.396508],[78.454409,17.396564],[78.454356,17.396555],[78.454351,17.396581],[78.454324,17.396576],[78.454339,17.396495]]]},"properties":{"id":"41521f7e287e","height":null,"num_floors":null,"render_height_m":6.4,"height_label":"assumed"}},{"type":"Feature","geometry":{"type":"Polygon","coordinates":[[[78.454433,17.396451],[78.454472,17.396458],[78.454454,17.396553],[78.454414,17.396546],[78.454433,17.396451]]]},"properties":{"id":"d12d94ad63f9","height":null,"num_floors":null,"render_height_m":6.4,"height_label":"assumed"}},{"type":"Feature","geometry":{"type":"Polygon","coordinates":[[[78.454539,17.396423],[78.454513,17.396538],[78.454458,17.396527],[78.454484,17.396411],[78.454539,17.396423]]]},"properties":{"id":"f15c439f4a26","height":null,"num_floors":null,"render_height_m":6.4,"height_label":"assumed"}},{"type":"Feature","geometry":{"type":"Polygon","coordinates":[[[78.454463,17.396352],[78.454511,17.396359],[78.454504,17.39641],[78.454456,17.396404],[78.454463,17.396352]]]},"properties":{"id":"cee1263fffef","height":null,"num_floors":null,"render_height_m":6.4,"height_label":"assumed"}},{"type":"Feature","geometry":{"type":"Polygon","coordinates":[[[78.454385,17.396419],[78.454422,17.396421],[78.45442,17.396451],[78.454383,17.396449],[78.454385,17.396419]]]},"properties":{"id":"e1796e8b4f8e","height":null,"num_floors":null,"render_height_m":6.4,"height_label":"assumed"}},{"type":"Feature","geometry":{"type":"Polygon","coordinates":[[[78.454332,17.396406],[78.454384,17.396425],[78.454374,17.396448],[78.454323,17.396429],[78.454332,17.396406]]]},"properties":{"id":"04a93e0df03d","height":null,"num_floors":null,"render_height_m":6.4,"height_label":"assumed"}},{"type":"Feature","geometry":{"type":"Polygon","coordinates":[[[78.454369,17.396267],[78.454431,17.396282],[78.454396,17.396419],[78.454334,17.396404],[78.454369,17.396267]]]},"properties":{"id":"fdd4469165cc","height":null,"num_floors":null,"render_height_m":9.6,"height_label":"assumed"}},{"type":"Feature","geometry":{"type":"Polygon","coordinates":[[[78.454376,17.396233],[78.454443,17.396249],[78.454436,17.396278],[78.454368,17.396263],[78.454376,17.396233]]]},"properties":{"id":"e531b9cfb7aa","height":null,"num_floors":null,"render_height_m":6.4,"height_label":"assumed"}},{"type":"Feature","geometry":{"type":"Polygon","coordinates":[[[78.454535,17.396331],[78.454455,17.396309],[78.454494,17.396179],[78.454573,17.3962],[78.454535,17.396331]]]},"properties":{"id":"4e571be5b05f","height":null,"num_floors":null,"render_height_m":9.6,"height_label":"assumed"}},{"type":"Feature","geometry":{"type":"Polygon","coordinates":[[[78.45454,17.396037],[78.454621,17.396053],[78.454595,17.396176],[78.454514,17.39616],[78.45454,17.396037]]]},"properties":{"id":"261a5da5bf65","height":null,"num_floors":null,"render_height_m":9.6,"height_label":"assumed"}},{"type":"Feature","geometry":{"type":"Polygon","coordinates":[[[78.454606,17.39577],[78.454566,17.39598],[78.454527,17.395973],[78.454567,17.395763],[78.454606,17.39577]]]},"properties":{"id":"6ede3a5ced25","height":null,"num_floors":null,"render_height_m":9.6,"height_label":"assumed"}},{"type":"Feature","geometry":{"type":"Polygon","coordinates":[[[78.454462,17.396027],[78.45454,17.396039],[78.454526,17.396121],[78.454448,17.396108],[78.454462,17.396027]]]},"properties":{"id":"0246e1d70152","height":null,"num_floors":null,"render_height_m":6.4,"height_label":"assumed"}},{"type":"Feature","geometry":{"type":"Polygon","coordinates":[[[78.454392,17.395929],[78.454322,17.395917],[78.45434,17.395819],[78.454409,17.39583],[78.454392,17.395929]]]},"properties":{"id":"d501ee0cd629","height":null,"num_floors":null,"render_height_m":9.6,"height_label":"assumed"}},{"type":"Feature","geometry":{"type":"Polygon","coordinates":[[[78.454474,17.395962],[78.454394,17.395948],[78.454414,17.395849],[78.454493,17.395863],[78.454474,17.395962]]]},"properties":{"id":"c2d92f285490","height":null,"num_floors":null,"render_height_m":9.6,"height_label":"assumed"}},{"type":"Feature","geometry":{"type":"Polygon","coordinates":[[[78.454497,17.395822],[78.454419,17.395805],[78.454449,17.395681],[78.454528,17.395698],[78.454497,17.395822]]]},"properties":{"id":"5f0a14df6304","height":null,"num_floors":null,"render_height_m":9.6,"height_label":"assumed"}},{"type":"Feature","geometry":{"type":"Polygon","coordinates":[[[78.454411,17.395798],[78.454332,17.395786],[78.454352,17.395666],[78.454432,17.395678],[78.454411,17.395798]]]},"properties":{"id":"93ec180979b5","height":null,"num_floors":null,"render_height_m":9.6,"height_label":"assumed"}},{"type":"Feature","geometry":{"type":"Polygon","coordinates":[[[78.454468,17.395424],[78.454446,17.395564],[78.454341,17.39555],[78.454362,17.39541],[78.454468,17.395424]]]},"properties":{"id":"4aab301bd498","height":null,"num_floors":null,"render_height_m":9.6,"height_label":"assumed"}},{"type":"Feature","geometry":{"type":"Polygon","coordinates":[[[78.454554,17.39559],[78.45446,17.395576],[78.454482,17.395437],[78.454576,17.39545],[78.454554,17.39559]]]},"properties":{"id":"8d6f6051ee8d","height":null,"num_floors":null,"render_height_m":9.6,"height_label":"assumed"}}]}