{"type":"FeatureCollection","features":[{"type":"Feature","geometry":{"type":"Polygon","coordinates":[[[78.454211,17.400562],[78.454059,17.400553],[78.454067,17.400443],[78.454218,17.400452],[78.454211,17.400562]]]},"properties":{"id":"c9f8ab021db6","height":null,"num_floors":null,"render_height_m":9.6,"height_label":"assumed"}},{"type":"Feature","geometry":{"type":"Polygon","coordinates":[[[78.454154,17.401045],[78.453959,17.401033],[78.453971,17.400868],[78.454165,17.40088],[78.454154,17.401045]]]},"properties":{"id":"c2c936c02631","height":null,"num_floors":null,"render_height_m":12.8,"height_label":"assumed"}},{"type":"Feature","geometry":{"type":"Polygon","coordinates":[[[78.454173,17.400856],[78.45397,17.400843],[78.453981,17.400685],[78.454184,17.400698],[78.454173,17.400856]]]},"properties":{"id":"415d7fe9072f","height":null,"num_floors":null,"render_height_m":12.8,"height_label":"assumed"}},{"type":"Feature","geometry":{"type":"Polygon","coordinates":[[[78.454162,17.401445],[78.453911,17.401429],[78.453922,17.401275],[78.454173,17.401291],[78.454162,17.401445]]]},"properties":{"id":"83a1501756fb","height":null,"num_floors":null,"render_height_m":12.8,"height_label":"assumed"}},{"type":"Feature","geometry":{"type":"Polygon","coordinates":[[[78.454146,17.401266],[78.453922,17.401252],[78.453933,17.401087],[78.454158,17.401101],[78.454146,17.401266]]]},"properties":{"id":"d3826660bf0b","height":null,"num_floors":null,"render_height_m":12.8,"height_label":"assumed"}},{"type":"Feature","geometry":{"type":"Polygon","coordinates":[[[78.45411,17.401621],[78.453884,17.401607],[78.453895,17.401457],[78.45412,17.401471],[78.45411,17.401621]]]},"properties":{"id":"260de1291c5b","height":null,"num_floors":null,"render_height_m":12.8,"height_label":"assumed"}},{"type":"Feature","geometry":{"type":"Polygon","coordinates":[[[78.453845,17.401617],[78.453723,17.401609],[78.453734,17.401439],[78.453856,17.401446],[78.453845,17.401617]]]},"properties":{"id":"966801accdf6","height":null,"num_floors":null,"render_height_m":9.6,"height_label":"assumed"}},{"type":"Feature","geometry":{"type":"Polygon","coordinates":[[[78.453908,17.401204],[78.453667,17.401173],[78.453683,17.401004],[78.453924,17.401035],[78.453908,17.401204]]]},"properties":{"id":"7934e5a95b91","height":null,"num_floors":null,"render_height_m":12.8,"height_label":"assumed"}},{"type":"Feature","geometry":{"type":"Polygon","coordinates":[[[78.453882,17.401416],[78.453626,17.4014],[78.453639,17.401207],[78.453895,17.401223],[78.453882,17.401416]]]},"properties":{"id":"82ff02e4b54a","height":null,"num_floors":null,"render_height_m":12.8,"height_label":"assumed"}},{"type":"Feature","geometry":{"type":"Polygon","coordinates":[[[78.453707,17.401598],[78.453594,17.401591],[78.453605,17.40142],[78.453719,17.401427],[78.453707,17.401598]]]},"properties":{"id":"5ba8f6fefbfa","height":null,"num_floors":null,"render_height_m":9.6,"height_label":"assumed"}},{"type":"Feature","geometry":{"type":"Polygon","coordinates":[[[78.452776,17.402335],[78.452792,17.402376],[78.452751,17.40239],[78.452735,17.40235],[78.452776,17.402335]]]},"properties":{"id":"0d6949ce4afc","height":null,"num_floors":null,"render_height_m":6.4,"height_label":"assumed"}},{"type":"Feature","geometry":{"type":"Polygon","coordinates":[[[78.452972,17.40307],[78.45303,17.403088],[78.45302,17.403117],[78.452962,17.403098],[78.452972,17.40307]]]},"properties":{"id":"5abfce2bf803","height":null,"num_floors":null,"render_height_m":6.4,"height_label":"assumed"}},{"type":"Feature","geometry":{"type":"Polygon","coordinates":[[[78.452831,17.402638],[78.45266,17.402715],[78.4526,17.402611],[78.452836,17.402489],[78.453076,17.402454],[78.453263,17.402461],[78.453199,17.402618],[78.452977,17.402615],[78.452831,17.402638]]]},"properties":{"id":"80a9c606bbdd","height":null,"num_floors":null,"render_height_m":19.2,"height_label":"assumed"}},{"type":"Feature","geometry":{"type":"Polygon","coordinates":[[[78.453557,17.403102],[78.453405,17.403096],[78.453414,17.402869],[78.453566,17.402875],[78.453557,17.403102]]]},"properties":{"id":"0d105852855d","height":null,"num_floors":null,"render_height_m":12.8,"height_label":"assumed"}},{"type":"Feature","geometry":{"type":"Polygon","coordinates":[[[78.453285,17.402029],[78.453123,17.402012],[78.453138,17.401892],[78.453299,17.401909],[78.453285,17.402029]]]},"properties":{"id":"575ed724a84d","height":null,"num_floors":null,"render_height_m":9.6,"height_label":"assumed"}},{"type":"Feature","geometry":{"type":"Polygon","coordinates":[[[78.453702,17.401925],[78.453557,17.401911],[78.453576,17.401725],[78.453722,17.401739],[78.453702,17.401925]]]},"properties":{"id":"a7e480b9ef88","height":null,"num_floors":null,"render_height_m":12.8,"height_label":"assumed"}},{"type":"Feature","geometry":{"type":"Polygon","coordinates":[[[78.453698,17.402225],[78.453548,17.402215],[78.453565,17.401981],[78.453716,17.401991],[78.453698,17.402225]]]},"properties":{"id":"2c0ef681a66f","height":null,"num_floors":null,"render_height_m":12.8,"height_label":"assumed"}},{"type":"Feature","geometry":{"type":"Polygon","coordinates":[[[78.453889,17.402233],[78.453739,17.402223],[78.453756,17.401971],[78.453906,17.401981],[78.453889,17.402233]]]},"properties":{"id":"5fe41512612f","height":null,"num_floors":null,"render_height_m":12.8,"height_label":"assumed"}},{"type":"Feature","geometry":{"type":"Polygon","coordinates":[[[78.453923,17.401907],[78.453775,17.401894],[78.453791,17.401722],[78.453939,17.401734],[78.453923,17.401907]]]},"properties":{"id":"229fef277e38","height":null,"num_floors":null,"render_height_m":12.8,"height_label":"assumed"}},{"type":"Feature","geometry":{"type":"Polygon","coordinates":[[[78.454093,17.40193],[78.45397,17.40192],[78.453985,17.401765],[78.454107,17.401776],[78.454093,17.40193]]]},"properties":{"id":"fae924a20832","height":null,"num_floors":null,"render_height_m":9.6,"height_label":"assumed"}},{"type":"Feature","geometry":{"type":"Polygon","coordinates":[[[78.454262,17.401984],[78.454144,17.401978],[78.454156,17.401756],[78.454274,17.401762],[78.454262,17.401984]]]},"properties":{"id":"097b271caa2f","height":null,"num_floors":null,"render_height_m":12.8,"height_label":"assumed"}},{"type":"Feature","geometry":{"type":"Polygon","coordinates":[[[78.454266,17.402179],[78.454125,17.40217],[78.454134,17.402031],[78.454275,17.40204],[78.454266,17.402179]]]},"properties":{"id":"1a4dfc4f386f","height":null,"num_floors":null,"render_height_m":9.6,"height_label":"assumed"}},{"type":"Feature","geometry":{"type":"Polygon","coordinates":[[[78.454073,17.402197],[78.453944,17.402184],[78.453962,17.402021],[78.454091,17.402034],[78.454073,17.402197]]]},"properties":{"id":"426e9fc585b2","height":null,"num_floors":null,"render_height_m":9.6,"height_label":"assumed"}},{"type":"Feature","geometry":{"type":"Polygon","coordinates":[[[78.453935,17.402248],[78.453996,17.402253],[78.453994,17.40227],[78.453934,17.402266],[78.453935,17.402248]]]},"properties":{"id":"2f6258db2663","height":null,"num_floors":null,"render_height_m":6.4,"height_label":"assumed"}},{"type":"Feature","geometry":{"type":"Polygon","coordinates":[[[78.454101,17.402701],[78.453923,17.402691],[78.453932,17.402536],[78.454111,17.402546],[78.454101,17.402701]]]},"properties":{"id":"8797b467b19b","height":null,"num_floors":null,"render_height_m":12.8,"height_label":"assumed"}},{"type":"Feature","geometry":{"type":"Polygon","coordinates":[[[78.454266,17.402521],[78.454168,17.402509],[78.454179,17.402424],[78.454278,17.402436],[78.454266,17.402521]]]},"properties":{"id":"90546ae2d435","height":null,"num_floors":null,"render_height_m":9.6,"height_label":"assumed"}},{"type":"Feature","geometry":{"type":"Polygon","coordinates":[[[78.453692,17.403046],[78.453799,17.403052],[78.453795,17.403116],[78.453688,17.40311],[78.453692,17.403046]]]},"properties":{"id":"1c92cc8d076b","height":null,"num_floors":null,"render_height_m":9.6,"height_label":"assumed"}},{"type":"Feature","geometry":{"type":"Polygon","coordinates":[[[78.453609,17.402995],[78.45362,17.402885],[78.453872,17.402909],[78.453861,17.403019],[78.453609,17.402995]]]},"properties":{"id":"97bdc2651a1a","height":null,"num_floors":null,"render_height_m":12.8,"height_label":"assumed"}},{"type":"Feature","geometry":{"type":"Polygon","coordinates":[[[78.454092,17.402496],[78.453738,17.402476],[78.453743,17.402393],[78.454097,17.402413],[78.454092,17.402496]]]},"properties":{"id":"1a7fefca88d1","height":null,"num_floors":null,"render_height_m":12.8,"height_label":"assumed"}},{"type":"Feature","geometry":{"type":"Polygon","coordinates":[[[78.45387,17.402646],[78.453724,17.402636],[78.453731,17.402539],[78.453878,17.402549],[78.45387,17.402646]]]},"properties":{"id":"7a03986fd0cd","height":null,"num_floors":null,"render_height_m":9.6,"height_label":"assumed"}},{"type":"Feature","geometry":{"type":"Polygon","coordinates":[[[78.453688,17.402496],[78.453542,17.402484],[78.45355,17.402398],[78.453697,17.40241],[78.453688,17.402496]]]},"properties":{"id":"d045f4f0f714","height":null,"num_floors":null,"render_height_m":9.6,"height_label":"assumed"}},{"type":"Feature","geometry":{"type":"Polygon","coordinates":[[[78.453625,17.402683],[78.453443,17.402668],[78.453455,17.402524],[78.453637,17.402539],[78.453625,17.402683]]]},"properties":{"id":"1c35f82d8bb8","height":null,"num_floors":null,"render_height_m":12.8,"height_label":"assumed"}},{"type":"Feature","geometry":{"type":"Polygon","coordinates":[[[78.453677,17.403135],[78.453731,17.403138],[78.453726,17.40321],[78.453672,17.403206],[78.453677,17.403135]]]},"properties":{"id":"29a4f8c97078","height":null,"num_floors":null,"render_height_m":6.4,"height_label":"assumed"}},{"type":"Feature","geometry":{"type":"Polygon","coordinates":[[[78.454067,17.403063],[78.454105,17.403015],[78.453987,17.402928],[78.454077,17.402818],[78.454669,17.403278],[78.454288,17.403749],[78.454312,17.403767],[78.454215,17.403886],[78.453721,17.40352],[78.454009,17.403166],[78.453913,17.403095],[78.453961,17.403036],[78.453938,17.403019],[78.453964,17.402987],[78.454067,17.403063]],[[78.454153,17.403322],[78.454353,17.403472],[78.454509,17.403282],[78.454309,17.403133],[78.454153,17.403322]],[[78.454267,17.403568],[78.454031,17.40339],[78.453926,17.403517],[78.454161,17.403695],[78.454267,17.403568]]]},"properties":{"id":"51d53e153afd","height":null,"num_floors":null,"render_height_m":19.2,"height_label":"assumed"}},{"type":"Feature","geometry":{"type":"Polygon","coordinates":[[[78.452458,17.403478],[78.452523,17.403545],[78.45247,17.403594],[78.452404,17.403526],[78.452458,17.403478]]]},"properties":{"id":"ef362ea3eff0","height":null,"num_floors":null,"render_height_m":9.6,"height_label":"assumed"}},{"type":"Feature","geometry":{"type":"Polygon","coordinates":[[[78.452297,17.403005],[78.452388,17.403004],[78.452388,17.403063],[78.452297,17.403064],[78.452297,17.403005]]]},"properties":{"id":"dbf729930aa6","height":null,"num_floors":null,"render_height_m":6.4,"height_label":"assumed"}},{"type":"Feature","geometry":{"type":"Polygon","coordinates":[[[78.454673,17.403113],[78.454436,17.402932],[78.45449,17.402867],[78.454552,17.402915],[78.454586,17.402874],[78.454692,17.402955],[78.454664,17.402987],[78.454734,17.403041],[78.454673,17.403113]]]},"properties":{"id":"d6a8746d5566","height":null,"num_floors":null,"render_height_m":12.8,"height_label":"assumed"}},{"type":"Feature","geometry":{"type":"Polygon","coordinates":[[[78.454734,17.402746],[78.454289,17.402715],[78.454311,17.402437],[78.454755,17.402467],[78.454734,17.402746]]]},"properties":{"id":"0792dd905a6e","height":null,"num_floors":null,"render_height_m":19.2,"height_label":"assumed"}},{"type":"Feature","geometry":{"type":"Polygon","coordinates":[[[78.454613,17.402297],[78.454475,17.402286],[78.454497,17.402047],[78.454635,17.402059],[78.454613,17.402297]]]},"properties":{"id":"8f265c5fec88","height":null,"num_floors":null,"render_height_m":12.8,"height_label":"assumed"}},{"type":"Feature","geometry":{"type":"Polygon","coordinates":[[[78.454427,17.402279],[78.454269,17.402265],[78.454293,17.402012],[78.454451,17.402026],[78.454427,17.402279]]]},"properties":{"id":"b0b5a1515aa5","height":null,"num_floors":null,"render_height_m":12.8,"height_label":"assumed"}},{"type":"Feature","geometry":{"type":"Polygon","coordinates":[[[78.454456,17.402011],[78.454307,17.401994],[78.454333,17.401779],[78.454483,17.401796],[78.454456,17.402011]]]},"properties":{"id":"3a9b785f2bec","height":null,"num_floors":null,"render_height_m":12.8,"height_label":"assumed"}},{"type":"Feature","geometry":{"type":"Polygon","coordinates":[[[78.454638,17.401961],[78.454506,17.401956],[78.454515,17.401739],[78.454647,17.401744],[78.454638,17.401961]]]},"properties":{"id":"2aad372e3f85","height":null,"num_floors":null,"render_height_m":12.8,"height_label":"assumed"}},{"type":"Feature","geometry":{"type":"Polygon","coordinates":[[[78.454462,17.401391],[78.454314,17.401382],[78.454325,17.401225],[78.454473,17.401235],[78.454462,17.401391]]]},"properties":{"id":"97f2be9526b5","height":null,"num_floors":null,"render_height_m":12.8,"height_label":"assumed"}},{"type":"Feature","geometry":{"type":"Polygon","coordinates":[[[78.454432,17.401111],[78.45432,17.401104],[78.454332,17.400928],[78.454444,17.400935],[78.454432,17.401111]]]},"properties":{"id":"c27e1c18cccd","height":null,"num_floors":null,"render_height_m":9.6,"height_label":"assumed"}},{"type":"Feature","geometry":{"type":"Polygon","coordinates":[[[78.454629,17.401139],[78.454463,17.401129],[78.454478,17.40091],[78.454644,17.40092],[78.454629,17.401139]]]},"properties":{"id":"ec0ec45e7956","height":null,"num_floors":null,"render_height_m":12.8,"height_label":"assumed"}},{"type":"Feature","geometry":{"type":"Polygon","coordinates":[[[78.454634,17.40137],[78.454492,17.401362],[78.454502,17.401213],[78.454644,17.401222],[78.454634,17.40137]]]},"properties":{"id":"b934e9ae6e50","height":null,"num_floors":null,"render_height_m":9.6,"height_label":"assumed"}},{"type":"Feature","geometry":{"type":"Polygon","coordinates":[[[78.454501,17.400562],[78.454352,17.400553],[78.454366,17.40034],[78.454515,17.40035],[78.454501,17.400562]]]},"properties":{"id":"0ddc623cf7ef","height":null,"num_floors":null,"render_height_m":12.8,"height_label":"assumed"}},{"type":"Feature","geometry":{"type":"Polygon","coordinates":[[[78.4547,17.400587],[78.454538,17.400577],[78.454552,17.40038],[78.454713,17.40039],[78.4547,17.400587]]]},"properties":{"id":"8e34e12e4740","height":null,"num_floors":null,"render_height_m":12.8,"height_label":"assumed"}},{"type":"Feature","geometry":{"type":"Polygon","coordinates":[[[78.454704,17.400349],[78.454532,17.400339],[78.454548,17.400112],[78.454719,17.400123],[78.454704,17.400349]]]},"properties":{"id":"50570414f08b","height":null,"num_floors":null,"render_height_m":12.8,"height_label":"assumed"}},{"type":"Feature","geometry":{"type":"Polygon","coordinates":[[[78.454663,17.39995],[78.454599,17.399949],[78.454602,17.399769],[78.454803,17.399773],[78.4548,17.399953],[78.454737,17.399952],[78.454739,17.399878],[78.454664,17.399877],[78.454663,17.39995]]]},"properties":{"id":"69bd5e611c9d","height":null,"num_floors":null,"render_height_m":12.8,"height_label":"assumed"}},{"type":"Feature","geometry":{"type":"Polygon","coordinates":[[[78.453542,17.404126],[78.453584,17.404145],[78.453564,17.404187],[78.453521,17.404169],[78.453542,17.404126]]]},"properties":{"id":"00c4a9013611","height":null,"num_floors":null,"render_height_m":6.4,"height_label":"assumed"}},{"type":"Feature","geometry":{"type":"Polygon","coordinates":[[[78.453569,17.404647],[78.45347,17.404563],[78.453517,17.40444],[78.453542,17.40427],[78.453622,17.40425],[78.453743,17.40436],[78.45388,17.404445],[78.453852,17.404541],[78.453569,17.404647]]]},"properties":{"id":"9ced0656118d","height":null,"num_floors":null,"render_height_m":19.2,"height_label":"assumed"}},{"type":"Feature","geometry":{"type":"Polygon","coordinates":[[[78.453371,17.404214],[78.45348,17.404214],[78.45348,17.404243],[78.45337,17.404242],[78.453371,17.404214]]]},"properties":{"id":"f67b1b852ca0","height":null,"num_floors":null,"render_height_m":6.4,"height_label":"assumed"}},{"type":"Feature","geometry":{"type":"Polygon","coordinates":[[[78.453271,17.404213],[78.453371,17.404214],[78.45337,17.404242],[78.453271,17.404242],[78.453271,17.404213]]]},"properties":{"id":"b68d705b0c4e","height":null,"num_floors":null,"render_height_m":6.4,"height_label":"assumed"}},{"type":"Feature","geometry":{"type":"Polygon","coordinates":[[[78.453328,17.404158],[78.453149,17.404029],[78.453291,17.40385],[78.45347,17.403979],[78.453328,17.404158]]]},"properties":{"id":"cbe6f4594862","height":null,"num_floors":null,"render_height_m":12.8,"height_label":"assumed"}},{"type":"Feature","geometry":{"type":"Polygon","coordinates":[[[78.453266,17.403793],[78.453078,17.404107],[78.453051,17.404103],[78.453076,17.40383],[78.453066,17.40376],[78.453069,17.403686],[78.453103,17.40368],[78.453144,17.403687],[78.453168,17.403716],[78.453266,17.403793]]]},"properties":{"id":"f88eacd5d41d","height":null,"num_floors":null,"render_height_m":12.8,"height_label":"assumed"}},{"type":"Feature","geometry":{"type":"Polygon","coordinates":[[[78.453524,17.40403],[78.453516,17.404072],[78.453544,17.404076],[78.453526,17.404176],[78.453402,17.404156],[78.453507,17.404028],[78.453524,17.40403]]]},"properties":{"id":"e636372d19e7","height":null,"num_floors":null,"render_height_m":9.6,"height_label":"assumed"}},{"type":"Feature","geometry":{"type":"Polygon","coordinates":[[[78.452734,17.404085],[78.452669,17.404083],[78.45267,17.404061],[78.452648,17.40406],[78.452649,17.404034],[78.452627,17.404033],[78.452631,17.403949],[78.45267,17.403951],[78.452673,17.4039],[78.452766,17.403903],[78.45277,17.403828],[78.45279,17.403828],[78.452824,17.40383],[78.452826,17.403789],[78.452924,17.403793],[78.452912,17.404044],[78.452898,17.404043],[78.452896,17.404081],[78.452877,17.40408],[78.452876,17.404099],[78.452837,17.404098],[78.452838,17.404086],[78.452808,17.404084],[78.452808,17.404071],[78.452735,17.404068],[78.452734,17.404085]]]},"properties":{"id":"dc1a4d17c980","height":null,"num_floors":null,"render_height_m":12.8,"height_label":"assumed"}},{"type":"Feature","geometry":{"type":"Polygon","coordinates":[[[78.452896,17.404285],[78.452553,17.404294],[78.452549,17.404152],[78.452892,17.404143],[78.452896,17.404285]]]},"properties":{"id":"fca5477db88a","height":null,"num_floors":null,"render_height_m":12.8,"height_label":"assumed"}},{"type":"Feature","geometry":{"type":"Polygon","coordinates":[[[78.452942,17.404471],[78.452635,17.404481],[78.45263,17.404329],[78.452936,17.404319],[78.452942,17.404471]]]},"properties":{"id":"4f10142cb72b","height":null,"num_floors":null,"render_height_m":12.8,"height_label":"assumed"}},{"type":"Feature","geometry":{"type":"Polygon","coordinates":[[[78.452617,17.404534],[78.452465,17.404533],[78.452466,17.404395],[78.452618,17.404396],[78.452617,17.404534]]]},"properties":{"id":"a741cb8a529e","height":null,"num_floors":null,"render_height_m":9.6,"height_label":"assumed"}},{"type":"Feature","geometry":{"type":"Polygon","coordinates":[[[78.452488,17.404358],[78.452521,17.40436],[78.452518,17.404393],[78.452486,17.40439],[78.452488,17.404358]]]},"properties":{"id":"27a4d3fe6e8b","height":null,"num_floors":null,"render_height_m":6.4,"height_label":"assumed"}},{"type":"Feature","geometry":{"type":"Polygon","coordinates":[[[78.452332,17.404361],[78.452282,17.404265],[78.452344,17.404235],[78.452395,17.404332],[78.452332,17.404361]]]},"properties":{"id":"b9fc3500662f","height":null,"num_floors":null,"render_height_m":9.6,"height_label":"assumed"}},{"type":"Feature","geometry":{"type":"Polygon","coordinates":[[[78.45243,17.404149],[78.452455,17.404182],[78.452418,17.404208],[78.452393,17.404174],[78.45243,17.404149]]]},"properties":{"id":"01569ee7a928","height":null,"num_floors":null,"render_height_m":6.4,"height_label":"assumed"}},{"type":"Feature","geometry":{"type":"Polygon","coordinates":[[[78.452334,17.404457],[78.452231,17.404546],[78.452166,17.404477],[78.45227,17.404388],[78.452334,17.404457]]]},"properties":{"id":"2701b1101589","height":null,"num_floors":null,"render_height_m":9.6,"height_label":"assumed"}},{"type":"Feature","geometry":{"type":"Polygon","coordinates":[[[78.452215,17.403899],[78.452241,17.403971],[78.452167,17.403995],[78.452141,17.403923],[78.452215,17.403899]]]},"properties":{"id":"af47322cae89","height":null,"num_floors":null,"render_height_m":6.4,"height_label":"assumed"}},{"type":"Feature","geometry":{"type":"Polygon","coordinates":[[[78.454098,17.407553],[78.454082,17.407412],[78.45419,17.407401],[78.454205,17.407543],[78.454098,17.407553]]]},"properties":{"id":"d5ff428691dd","height":null,"num_floors":null,"render_height_m":9.6,"height_label":"assumed"}},{"type":"Feature","geometry":{"type":"Polygon","coordinates":[[[78.453311,17.407392],[78.453352,17.407388],[78.453358,17.407468],[78.453318,17.407471],[78.453311,17.407392]]]},"properties":{"id":"2378316917d4","height":null,"num_floors":null,"render_height_m":6.4,"height_label":"assumed"}},{"type":"Feature","geometry":{"type":"Polygon","coordinates":[[[78.453321,17.40748],[78.453361,17.407482],[78.45336,17.407522],[78.453319,17.40752],[78.453321,17.40748]]]},"properties":{"id":"7aba6bbbe303","height":null,"num_floors":null,"render_height_m":6.4,"height_label":"assumed"}},{"type":"Feature","geometry":{"type":"Polygon","coordinates":[[[78.453256,17.407355],[78.453263,17.407434],[78.453116,17.407446],[78.453111,17.407389],[78.453143,17.407386],[78.453141,17.407365],[78.453256,17.407355]]]},"properties":{"id":"a28c6dc1a9ab","height":null,"num_floors":null,"render_height_m":9.6,"height_label":"assumed"}},{"type":"Feature","geometry":{"type":"Polygon","coordinates":[[[78.452731,17.40734],[78.45273,17.407271],[78.452958,17.40727],[78.45296,17.407487],[78.452766,17.407488],[78.452765,17.40734],[78.452731,17.40734]]]},"properties":{"id":"ebfc03c3ca4c","height":null,"num_floors":null,"render_height_m":12.8,"height_label":"assumed"}},{"type":"Feature","geometry":{"type":"Polygon","coordinates":[[[78.452406,17.407545],[78.452301,17.407554],[78.452286,17.407388],[78.452391,17.40738],[78.452406,17.407545]]]},"properties":{"id":"eea740d65ddc","height":null,"num_floors":null,"render_height_m":9.6,"height_label":"assumed"}},{"type":"Feature","geometry":{"type":"Polygon","coordinates":[[[78.452667,17.407359],[78.452496,17.407369],[78.452492,17.407311],[78.452663,17.407301],[78.452667,17.407359]]]},"properties":{"id":"287149cde02b","height":null,"num_floors":null,"render_height_m":9.6,"height_label":"assumed"}},{"type":"Feature","geometry":{"type":"Polygon","coordinates":[[[78.452574,17.407472],[78.452673,17.407464],[78.45268,17.407547],[78.452581,17.407556],[78.452574,17.407472]]]},"properties":{"id":"190e9436190f","height":null,"num_floors":null,"render_height_m":9.6,"height_label":"assumed"}},{"type":"Feature","geometry":{"type":"Polygon","coordinates":[[[78.45246,17.407132],[78.452522,17.407127],[78.452526,17.407172],[78.452464,17.407177],[78.45246,17.407132]]]},"properties":{"id":"93d11973ed08","height":null,"num_floors":null,"render_height_m":6.4,"height_label":"assumed"}},{"type":"Feature","geometry":{"type":"Polygon","coordinates":[[[78.452464,17.407177],[78.452526,17.407172],[78.45253,17.40722],[78.452469,17.407225],[78.452464,17.407177]]]},"properties":{"id":"77a021f318dd","height":null,"num_floors":null,"render_height_m":6.4,"height_label":"assumed"}},{"type":"Feature","geometry":{"type":"Polygon","coordinates":[[[78.45247,17.407031],[78.452493,17.407033],[78.45249,17.407073],[78.452466,17.407071],[78.45247,17.407031]]]},"properties":{"id":"d5a3ba77e33b","height":null,"num_floors":null,"render_height_m":6.4,"height_label":"assumed"}},{"type":"Feature","geometry":{"type":"Polygon","coordinates":[[[78.452422,17.40688],[78.452499,17.406873],[78.452503,17.406926],[78.452427,17.406932],[78.452422,17.40688]]]},"properties":{"id":"3ca309e7b5cc","height":null,"num_floors":null,"render_height_m":6.4,"height_label":"assumed"}},{"type":"Feature","geometry":{"type":"Polygon","coordinates":[[[78.452428,17.406782],[78.452509,17.406775],[78.452513,17.406817],[78.452432,17.406824],[78.452428,17.406782]]]},"properties":{"id":"18eb3903d539","height":null,"num_floors":null,"render_height_m":6.4,"height_label":"assumed"}},{"type":"Feature","geometry":{"type":"Polygon","coordinates":[[[78.452429,17.406832],[78.452469,17.406833],[78.452468,17.406873],[78.452428,17.406872],[78.452429,17.406832]]]},"properties":{"id":"3305b272c7cd","height":null,"num_floors":null,"render_height_m":6.4,"height_label":"assumed"}},{"type":"Feature","geometry":{"type":"Polygon","coordinates":[[[78.452399,17.406633],[78.452495,17.406625],[78.452505,17.406731],[78.452409,17.406739],[78.452399,17.406633]]]},"properties":{"id":"2ee6ecaee108","height":null,"num_floors":null,"render_height_m":9.6,"height_label":"assumed"}},{"type":"Feature","geometry":{"type":"Polygon","coordinates":[[[78.452667,17.406522],[78.452674,17.406663],[78.452695,17.406662],[78.452706,17.406887],[78.452634,17.40689],[78.452616,17.406525],[78.452667,17.406522]]]},"properties":{"id":"7154e9bda18e","height":null,"num_floors":null,"render_height_m":12.8,"height_label":"assumed"}},{"type":"Feature","geometry":{"type":"Polygon","coordinates":[[[78.452515,17.406425],[78.452202,17.406447],[78.452192,17.406319],[78.452505,17.406296],[78.452515,17.406425]]]},"properties":{"id":"6b1edf8000c8","height":null,"num_floors":null,"render_height_m":12.8,"height_label":"assumed"}},{"type":"Feature","geometry":{"type":"Polygon","coordinates":[[[78.452389,17.407332],[78.45214,17.407351],[78.452134,17.407267],[78.45228,17.407256],[78.452215,17.406458],[78.452317,17.406451],[78.452389,17.407332]]]},"properties":{"id":"3a63a8ed4c9b","height":null,"num_floors":null,"render_height_m":19.2,"height_label":"assumed"}},{"type":"Feature","geometry":{"type":"Polygon","coordinates":[[[78.452328,17.405268],[78.45216,17.405284],[78.452147,17.405158],[78.452314,17.405141],[78.452328,17.405268]]]},"properties":{"id":"2a6e6521e0e4","height":null,"num_floors":null,"render_height_m":12.8,"height_label":"assumed"}},{"type":"Feature","geometry":{"type":"Polygon","coordinates":[[[78.452263,17.405475],[78.452193,17.40548],[78.452184,17.405371],[78.452254,17.405365],[78.452263,17.405475]]]},"properties":{"id":"12e60522cedb","height":null,"num_floors":null,"render_height_m":9.6,"height_label":"assumed"}},{"type":"Feature","geometry":{"type":"Polygon","coordinates":[[[78.452451,17.405301],[78.452359,17.40531],[78.452345,17.405187],[78.452437,17.405177],[78.452451,17.405301]]]},"properties":{"id":"bf6e84b6e9fe","height":null,"num_floors":null,"render_height_m":9.6,"height_label":"assumed"}},{"type":"Feature","geometry":{"type":"Polygon","coordinates":[[[78.452482,17.405421],[78.452367,17.405431],[78.452357,17.405321],[78.452472,17.405311],[78.452482,17.405421]]]},"properties":{"id":"d58993c5b418","height":null,"num_floors":null,"render_height_m":9.6,"height_label":"assumed"}},{"type":"Feature","geometry":{"type":"Polygon","coordinates":[[[78.452344,17.40546],[78.45228,17.405465],[78.452273,17.405373],[78.452337,17.405369],[78.452344,17.40546]]]},"properties":{"id":"32b66eee2183","height":null,"num_floors":null,"render_height_m":6.4,"height_label":"assumed"}},{"type":"Feature","geometry":{"type":"Polygon","coordinates":[[[78.452631,17.405626],[78.452638,17.405689],[78.452511,17.4057],[78.452505,17.405637],[78.452631,17.405626]]]},"properties":{"id":"fb0c62bd0bbd","height":null,"num_floors":null,"render_height_m":9.6,"height_label":"assumed"}},{"type":"Feature","geometry":{"type":"Polygon","coordinates":[[[78.451941,17.405662],[78.451932,17.405547],[78.453112,17.405463],[78.453121,17.405577],[78.451941,17.405662]]]},"properties":{"id":"4037634fb4bf","height":null,"num_floors":null,"render_height_m":19.2,"height_label":"assumed"}},{"type":"Feature","geometry":{"type":"Polygon","coordinates":[[[78.452686,17.4054],[78.452547,17.405407],[78.452535,17.405178],[78.452674,17.405171],[78.452686,17.4054]]]},"properties":{"id":"87d683cf6a3c","height":null,"num_floors":null,"render_height_m":12.8,"height_label":"assumed"}},{"type":"Feature","geometry":{"type":"Polygon","coordinates":[[[78.452642,17.405122],[78.452457,17.405126],[78.45245,17.404777],[78.452635,17.404774],[78.452642,17.405122]]]},"properties":{"id":"6a7cc2f80dd2","height":null,"num_floors":null,"render_height_m":12.8,"height_label":"assumed"}},{"type":"Feature","geometry":{"type":"Polygon","coordinates":[[[78.452325,17.405114],[78.452388,17.405117],[78.452386,17.405157],[78.452323,17.405154],[78.452325,17.405114]]]},"properties":{"id":"e4c02bf3dce8","height":null,"num_floors":null,"render_height_m":6.4,"height_label":"assumed"}},{"type":"Feature","geometry":{"type":"Polygon","coordinates":[[[78.452659,17.404718],[78.452475,17.404722],[78.452472,17.404566],[78.452655,17.404562],[78.452659,17.404718]]]},"properties":{"id":"1e54992deeca","height":null,"num_floors":null,"render_height_m":12.8,"height_label":"assumed"}},{"type":"Feature","geometry":{"type":"Polygon","coordinates":[[[78.452948,17.40466],[78.452698,17.404669],[78.452693,17.404539],[78.452943,17.40453],[78.452948,17.40466]]]},"properties":{"id":"37c923a447b6","height":null,"num_floors":null,"render_height_m":12.8,"height_label":"assumed"}},{"type":"Feature","geometry":{"type":"Polygon","coordinates":[[[78.452869,17.404972],[78.45274,17.404976],[78.452734,17.404796],[78.452863,17.404792],[78.452869,17.404972]]]},"properties":{"id":"1d5c48a611f1","height":null,"num_floors":null,"render_height_m":12.8,"height_label":"assumed"}},{"type":"Feature","geometry":{"type":"Polygon","coordinates":[[[78.45297,17.404713],[78.452973,17.404778],[78.45286,17.404782],[78.452858,17.404717],[78.45297,17.404713]]]},"properties":{"id":"6031c8b7bf20","height":null,"num_floors":null,"render_height_m":9.6,"height_label":"assumed"}},{"type":"Feature","geometry":{"type":"Polygon","coordinates":[[[78.453313,17.404827],[78.453162,17.404827],[78.453162,17.404694],[78.453313,17.404694],[78.453313,17.404827]]]},"properties":{"id":"9f7a47caa6b0","height":null,"num_floors":null,"render_height_m":9.6,"height_label":"assumed"}},{"type":"Feature","geometry":{"type":"Polygon","coordinates":[[[78.453334,17.404664],[78.453169,17.404666],[78.453168,17.404526],[78.453333,17.404525],[78.453334,17.404664]]]},"properties":{"id":"a6560c27d402","height":null,"num_floors":null,"render_height_m":12.8,"height_label":"assumed"}},{"type":"Feature","geometry":{"type":"Polygon","coordinates":[[[78.453389,17.404733],[78.453432,17.404737],[78.453426,17.404798],[78.453383,17.404794],[78.453389,17.404733]]]},"properties":{"id":"2e23c0fdc876","height":null,"num_floors":null,"render_height_m":6.4,"height_label":"assumed"}},{"type":"Feature","geometry":{"type":"Polygon","coordinates":[[[78.453524,17.405099],[78.453103,17.405078],[78.453116,17.40484],[78.453537,17.404861],[78.453524,17.405099]]]},"properties":{"id":"1ffac7f75a4b","height":null,"num_floors":null,"render_height_m":19.2,"height_label":"assumed"}},{"type":"Feature","geometry":{"type":"Polygon","coordinates":[[[78.453147,17.405174],[78.453257,17.40518],[78.453254,17.40524],[78.453144,17.405234],[78.453147,17.405174]]]},"properties":{"id":"3dab7164e515","height":null,"num_floors":null,"render_height_m":6.4,"height_label":"assumed"}},{"type":"Feature","geometry":{"type":"Polygon","coordinates":[[[78.452988,17.405357],[78.452782,17.405361],[78.452777,17.405123],[78.452983,17.405119],[78.452988,17.405357]]]},"properties":{"id":"658a3c527fe9","height":null,"num_floors":null,"render_height_m":12.8,"height_label":"assumed"}},{"type":"Feature","geometry":{"type":"Polygon","coordinates":[[[78.452777,17.405613],[78.452783,17.405676],[78.452638,17.405689],[78.452631,17.405626],[78.452777,17.405613]]]},"properties":{"id":"00d6f1a8174e","height":null,"num_floors":null,"render_height_m":9.6,"height_label":"assumed"}},{"type":"Feature","geometry":{"type":"Polygon","coordinates":[[[78.453296,17.40639],[78.452606,17.406457],[78.452589,17.406297],[78.45328,17.406231],[78.453296,17.40639]]]},"properties":{"id":"50d74b93066f","height":null,"num_floors":null,"render_height_m":19.2,"height_label":"assumed"}},{"type":"Feature","geometry":{"type":"Polygon","coordinates":[[[78.453057,17.406544],[78.453063,17.406607],[78.453041,17.406609],[78.453044,17.406635],[78.453022,17.406637],[78.453017,17.406591],[78.452993,17.406593],[78.452989,17.40655],[78.453057,17.406544]]]},"properties":{"id":"e35581fec59d","height":null,"num_floors":null,"render_height_m":6.4,"height_label":"assumed"}},{"type":"Feature","geometry":{"type":"Polygon","coordinates":[[[78.452874,17.406644],[78.452685,17.40666],[78.45268,17.406602],[78.452869,17.406585],[78.452874,17.406644]]]},"properties":{"id":"8d520b7ef294","height":null,"num_floors":null,"render_height_m":9.6,"height_label":"assumed"}},{"type":"Feature","geometry":{"type":"Polygon","coordinates":[[[78.452743,17.406853],[78.45278,17.406849],[78.452785,17.406902],[78.452748,17.406905],[78.452743,17.406853]]]},"properties":{"id":"931539fb2d1d","height":null,"num_floors":null,"render_height_m":6.4,"height_label":"assumed"}},{"type":"Feature","geometry":{"type":"Polygon","coordinates":[[[78.452684,17.407065],[78.452727,17.407062],[78.45273,17.407099],[78.452688,17.407102],[78.452684,17.407065]]]},"properties":{"id":"6a9dc8caec7f","height":null,"num_floors":null,"render_height_m":6.4,"height_label":"assumed"}},{"type":"Feature","geometry":{"type":"Polygon","coordinates":[[[78.452678,17.407159],[78.452717,17.407155],[78.452726,17.407254],[78.452687,17.407257],[78.452678,17.407159]]]},"properties":{"id":"e40ae1af668e","height":null,"num_floors":null,"render_height_m":6.4,"height_label":"assumed"}},{"type":"Feature","geometry":{"type":"Polygon","coordinates":[[[78.45293,17.40724],[78.452746,17.407253],[78.452741,17.407186],[78.452925,17.407172],[78.45293,17.40724]]]},"properties":{"id":"9bb58760c088","height":null,"num_floors":null,"render_height_m":9.6,"height_label":"assumed"}},{"type":"Feature","geometry":{"type":"Polygon","coordinates":[[[78.452901,17.407003],[78.452719,17.407011],[78.452715,17.406954],[78.452911,17.406944],[78.452901,17.407003]]]},"properties":{"id":"a84e4493c6de","height":null,"num_floors":null,"render_height_m":9.6,"height_label":"assumed"}},{"type":"Feature","geometry":{"type":"Polygon","coordinates":[[[78.453044,17.406679],[78.453049,17.40674],[78.452992,17.406744],[78.452987,17.406683],[78.453044,17.406679]]]},"properties":{"id":"9606f848913a","height":null,"num_floors":null,"render_height_m":6.4,"height_label":"assumed"}},{"type":"Feature","geometry":{"type":"Polygon","coordinates":[[[78.453189,17.406716],[78.453108,17.406718],[78.453107,17.406676],[78.453188,17.406674],[78.453189,17.406716]]]},"properties":{"id":"ef3b84912fb3","height":null,"num_floors":null,"render_height_m":6.4,"height_label":"assumed"}},{"type":"Feature","geometry":{"type":"Polygon","coordinates":[[[78.45315,17.406768],[78.453185,17.40677],[78.453184,17.406796],[78.453149,17.406795],[78.45315,17.406768]]]},"properties":{"id":"837d43a9d9a1","height":null,"num_floors":null,"render_height_m":6.4,"height_label":"assumed"}},{"type":"Feature","geometry":{"type":"Polygon","coordinates":[[[78.453288,17.406767],[78.453204,17.406769],[78.453201,17.406686],[78.453284,17.406683],[78.453288,17.406767]]]},"properties":{"id":"4897e9662f18","height":null,"num_floors":null,"render_height_m":9.6,"height_label":"assumed"}},{"type":"Feature","geometry":{"type":"Polygon","coordinates":[[[78.453161,17.40712],[78.453168,17.407191],[78.453093,17.407197],[78.453086,17.407126],[78.453161,17.40712]]]},"properties":{"id":"671a847566b2","height":null,"num_floors":null,"render_height_m":6.4,"height_label":"assumed"}},{"type":"Feature","geometry":{"type":"Polygon","coordinates":[[[78.453322,17.406925],[78.453335,17.407067],[78.453265,17.407073],[78.453262,17.407043],[78.453194,17.407049],[78.4532,17.407115],[78.453233,17.407112],[78.453256,17.407355],[78.453109,17.407368],[78.453096,17.407231],[78.45315,17.407227],[78.453147,17.407193],[78.453168,17.407191],[78.453161,17.40712],[78.453141,17.407121],[78.453136,17.407077],[78.453114,17.407079],[78.453106,17.40699],[78.453142,17.406987],[78.45314,17.406966],[78.453186,17.406962],[78.453191,17.407013],[78.453224,17.40701],[78.453221,17.40698],[78.453256,17.406977],[78.453252,17.406931],[78.453322,17.406925]]]},"properties":{"id":"b424a97abf66","height":null,"num_floors":null,"render_height_m":12.8,"height_label":"assumed"}},{"type":"Feature","geometry":{"type":"Polygon","coordinates":[[[78.453495,17.40729],[78.453532,17.40729],[78.453532,17.407329],[78.453494,17.407329],[78.453495,17.40729]]]},"properties":{"id":"f58c853f5f3b","height":null,"num_floors":null,"render_height_m":6.4,"height_label":"assumed"}},{"type":"Feature","geometry":{"type":"Polygon","coordinates":[[[78.453404,17.406652],[78.453409,17.406713],[78.453343,17.406718],[78.453338,17.406657],[78.453404,17.406652]]]},"properties":{"id":"58e451dfc89e","height":null,"num_floors":null,"render_height_m":6.4,"height_label":"assumed"}},{"type":"Feature","geometry":{"type":"Polygon","coordinates":[[[78.453384,17.406478],[78.453445,17.406473],[78.45345,17.406532],[78.45339,17.406537],[78.453384,17.406478]]]},"properties":{"id":"eb53887adac6","height":null,"num_floors":null,"render_height_m":6.4,"height_label":"assumed"}},{"type":"Feature","geometry":{"type":"Polygon","coordinates":[[[78.453463,17.406496],[78.453526,17.406492],[78.453531,17.406554],[78.453467,17.406559],[78.453463,17.406496]]]},"properties":{"id":"b582a53d8752","height":null,"num_floors":null,"render_height_m":6.4,"height_label":"assumed"}},{"type":"Feature","geometry":{"type":"Polygon","coordinates":[[[78.453325,17.406534],[78.45332,17.406491],[78.45336,17.406487],[78.453365,17.40653],[78.453325,17.406534]]]},"properties":{"id":"3a87a9df8832","height":null,"num_floors":null,"render_height_m":6.4,"height_label":"assumed"}},{"type":"Feature","geometry":{"type":"Polygon","coordinates":[[[78.45335,17.406551],[78.453394,17.406548],[78.453396,17.406575],[78.453352,17.406579],[78.45335,17.406551]]]},"properties":{"id":"83699ad6c5f9","height":null,"num_floors":null,"render_height_m":6.4,"height_label":"assumed"}},{"type":"Feature","geometry":{"type":"Polygon","coordinates":[[[78.453214,17.406511],[78.453224,17.406636],[78.453106,17.406645],[78.453096,17.406521],[78.453214,17.406511]]]},"properties":{"id":"1d9f890f6e0e","height":null,"num_floors":null,"render_height_m":9.6,"height_label":"assumed"}},{"type":"Feature","geometry":{"type":"Polygon","coordinates":[[[78.453417,17.405964],[78.45282,17.406001],[78.452812,17.405898],[78.453496,17.405855],[78.453512,17.40609],[78.453426,17.406095],[78.453417,17.405964]]]},"properties":{"id":"02123b65680f","height":null,"num_floors":null,"render_height_m":19.2,"height_label":"assumed"}},{"type":"Feature","geometry":{"type":"Polygon","coordinates":[[[78.45346,17.406254],[78.453457,17.406159],[78.453567,17.406157],[78.45357,17.406251],[78.45346,17.406254]]]},"properties":{"id":"a3a7ce9d00e8","height":null,"num_floors":null,"render_height_m":9.6,"height_label":"assumed"}},{"type":"Feature","geometry":{"type":"Polygon","coordinates":[[[78.45385,17.406434],[78.453936,17.406427],[78.453952,17.406598],[78.453866,17.406606],[78.45385,17.406434]]]},"properties":{"id":"71bb46b77495","height":null,"num_floors":null,"render_height_m":9.6,"height_label":"assumed"}},{"type":"Feature","geometry":{"type":"Polygon","coordinates":[[[78.45385,17.406434],[78.453866,17.406606],[78.453704,17.40662],[78.453695,17.406523],[78.453773,17.406517],[78.453766,17.406442],[78.45385,17.406434]]]},"properties":{"id":"4a377130c63a","height":null,"num_floors":null,"render_height_m":12.8,"height_label":"assumed"}},{"type":"Feature","geometry":{"type":"Polygon","coordinates":[[[78.453546,17.406491],[78.453602,17.406487],[78.453607,17.406549],[78.453551,17.406553],[78.453546,17.406491]]]},"properties":{"id":"4018786a6aaf","height":null,"num_floors":null,"render_height_m":6.4,"height_label":"assumed"}},{"type":"Feature","geometry":{"type":"Polygon","coordinates":[[[78.453615,17.406738],[78.453532,17.406746],[78.453528,17.406709],[78.453611,17.406701],[78.453615,17.406738]]]},"properties":{"id":"de96d2572ae1","height":null,"num_floors":null,"render_height_m":6.4,"height_label":"assumed"}},{"type":"Feature","geometry":{"type":"Polygon","coordinates":[[[78.453746,17.406726],[78.453683,17.406729],[78.453678,17.406638],[78.453741,17.406635],[78.453746,17.406726]]]},"properties":{"id":"215c4b1fd6d8","height":null,"num_floors":null,"render_height_m":6.4,"height_label":"assumed"}},{"type":"Feature","geometry":{"type":"Polygon","coordinates":[[[78.453505,17.407015],[78.453496,17.406891],[78.453641,17.406882],[78.45365,17.407007],[78.453505,17.407015]]]},"properties":{"id":"29ddaebe5a72","height":null,"num_floors":null,"render_height_m":9.6,"height_label":"assumed"}},{"type":"Feature","geometry":{"type":"Polygon","coordinates":[[[78.453707,17.407253],[78.453544,17.407262],[78.453536,17.407131],[78.453699,17.407122],[78.453707,17.407253]]]},"properties":{"id":"214313d64ba3","height":null,"num_floors":null,"render_height_m":12.8,"height_label":"assumed"}},{"type":"Feature","geometry":{"type":"Polygon","coordinates":[[[78.453776,17.407253],[78.453867,17.407248],[78.45387,17.407305],[78.453779,17.40731],[78.453776,17.407253]]]},"properties":{"id":"c9baf2f4fdba","height":null,"num_floors":null,"render_height_m":6.4,"height_label":"assumed"}},{"type":"Feature","geometry":{"type":"Polygon","coordinates":[[[78.453869,17.406786],[78.453908,17.407118],[78.453785,17.407131],[78.453746,17.406799],[78.453869,17.406786]]]},"properties":{"id":"7f1c2643d1de","height":null,"num_floors":null,"render_height_m":12.8,"height_label":"assumed"}},{"type":"Feature","geometry":{"type":"Polygon","coordinates":[[[78.453843,17.406607],[78.453857,17.40675],[78.453795,17.406756],[78.453781,17.406613],[78.453843,17.406607]]]},"properties":{"id":"07ca97c2fcd4","height":null,"num_floors":null,"render_height_m":9.6,"height_label":"assumed"}},{"type":"Feature","geometry":{"type":"Polygon","coordinates":[[[78.453952,17.406598],[78.453965,17.406741],[78.453857,17.40675],[78.453843,17.406607],[78.453952,17.406598]]]},"properties":{"id":"8950a01fa4b1","height":null,"num_floors":null,"render_height_m":9.6,"height_label":"assumed"}},{"type":"Feature","geometry":{"type":"Polygon","coordinates":[[[78.454062,17.406878],[78.454062,17.406889],[78.45402,17.406889],[78.454021,17.406856],[78.454061,17.406856],[78.454062,17.406813],[78.454145,17.406814],[78.454143,17.406925],[78.454116,17.406925],[78.454117,17.406879],[78.454062,17.406878]]]},"properties":{"id":"0b08dea7eae8","height":null,"num_floors":null,"render_height_m":9.6,"height_label":"assumed"}},{"type":"Feature","geometry":{"type":"Polygon","coordinates":[[[78.453933,17.407245],[78.453976,17.407247],[78.453974,17.407301],[78.453931,17.407299],[78.453933,17.407245]]]},"properties":{"id":"bca8b29b2b1b","height":null,"num_floors":null,"render_height_m":6.4,"height_label":"assumed"}},{"type":"Feature","geometry":{"type":"Polygon","coordinates":[[[78.454304,17.406788],[78.454338,17.406785],[78.454344,17.406839],[78.454309,17.406842],[78.454304,17.406788]]]},"properties":{"id":"34c1d3fbb25d","height":null,"num_floors":null,"render_height_m":6.4,"height_label":"assumed"}},{"type":"Feature","geometry":{"type":"Polygon","coordinates":[[[78.454251,17.406847],[78.454295,17.406843],[78.454305,17.406941],[78.454261,17.406945],[78.454251,17.406847]]]},"properties":{"id":"14e5e2852724","height":null,"num_floors":null,"render_height_m":6.4,"height_label":"assumed"}},{"type":"Feature","geometry":{"type":"Polygon","coordinates":[[[78.454172,17.406932],[78.454175,17.406967],[78.454146,17.40697],[78.454143,17.406935],[78.454172,17.406932]]]},"properties":{"id":"f090acab3e2e","height":null,"num_floors":null,"render_height_m":6.4,"height_label":"assumed"}},{"type":"Feature","geometry":{"type":"Polygon","coordinates":[[[78.454246,17.406485],[78.454254,17.40657],[78.454224,17.406572],[78.454216,17.406487],[78.454246,17.406485]]]},"properties":{"id":"e00af55a2d4d","height":null,"num_floors":null,"render_height_m":6.4,"height_label":"assumed"}},{"type":"Feature","geometry":{"type":"Polygon","coordinates":[[[78.454054,17.406461],[78.45412,17.406455],[78.454124,17.406502],[78.454058,17.406508],[78.454054,17.406461]]]},"properties":{"id":"28b37c9fd333","height":null,"num_floors":null,"render_height_m":6.4,"height_label":"assumed"}},{"type":"Feature","geometry":{"type":"Polygon","coordinates":[[[78.454127,17.406502],[78.45414,17.406637],[78.45407,17.406644],[78.454072,17.406665],[78.45403,17.406669],[78.45402,17.406566],[78.454089,17.40656],[78.454084,17.406506],[78.454127,17.406502]]]},"properties":{"id":"ae64d4bfe7c3","height":null,"num_floors":null,"render_height_m":9.6,"height_label":"assumed"}},{"type":"Feature","geometry":{"type":"Polygon","coordinates":[[[78.454024,17.406419],[78.454067,17.40642],[78.454066,17.406447],[78.454024,17.406446],[78.454024,17.406419]]]},"properties":{"id":"0544f303d97e","height":null,"num_floors":null,"render_height_m":6.4,"height_label":"assumed"}},{"type":"Feature","geometry":{"type":"Polygon","coordinates":[[[78.454053,17.406192],[78.453935,17.406184],[78.453938,17.406142],[78.454056,17.40615],[78.454053,17.406192]]]},"properties":{"id":"3389960c097b","height":null,"num_floors":null,"render_height_m":6.4,"height_label":"assumed"}},{"type":"Feature","geometry":{"type":"Polygon","coordinates":[[[78.454127,17.405814],[78.454173,17.405813],[78.454179,17.406033],[78.454134,17.406034],[78.454127,17.405814]]]},"properties":{"id":"3c94b0a2eb24","height":null,"num_floors":null,"render_height_m":9.6,"height_label":"assumed"}},{"type":"Feature","geometry":{"type":"Polygon","coordinates":[[[78.454052,17.405482],[78.454045,17.405279],[78.45411,17.405277],[78.454117,17.40548],[78.454052,17.405482]]]},"properties":{"id":"37c60359253f","height":null,"num_floors":null,"render_height_m":9.6,"height_label":"assumed"}},{"type":"Feature","geometry":{"type":"Polygon","coordinates":[[[78.45378,17.4053],[78.453778,17.405241],[78.453971,17.405235],[78.453973,17.405294],[78.45378,17.4053]]]},"properties":{"id":"19352db75624","height":null,"num_floors":null,"render_height_m":9.6,"height_label":"assumed"}},{"type":"Feature","geometry":{"type":"Polygon","coordinates":[[[78.453806,17.405093],[78.453968,17.4051],[78.453963,17.405198],[78.453801,17.405191],[78.453806,17.405093]]]},"properties":{"id":"eb72d11c3274","height":null,"num_floors":null,"render_height_m":9.6,"height_label":"assumed"}},{"type":"Feature","geometry":{"type":"Polygon","coordinates":[[[78.453822,17.405045],[78.453833,17.404885],[78.453976,17.404894],[78.453965,17.405054],[78.453822,17.405045]]]},"properties":{"id":"5c16db404852","height":null,"num_floors":null,"render_height_m":12.8,"height_label":"assumed"}},{"type":"Feature","geometry":{"type":"Polygon","coordinates":[[[78.4536,17.404917],[78.453606,17.404819],[78.453758,17.404827],[78.453752,17.404926],[78.4536,17.404917]]]},"properties":{"id":"eb72c4dd746b","height":null,"num_floors":null,"render_height_m":9.6,"height_label":"assumed"}},{"type":"Feature","geometry":{"type":"Polygon","coordinates":[[[78.45364,17.404679],[78.45367,17.404684],[78.453686,17.404719],[78.453683,17.404736],[78.453653,17.404732],[78.45364,17.404679]]]},"properties":{"id":"13e0de099827","height":null,"num_floors":null,"render_height_m":6.4,"height_label":"assumed"}},{"type":"Feature","geometry":{"type":"Polygon","coordinates":[[[78.453543,17.404719],[78.453624,17.404728],[78.453619,17.404775],[78.453538,17.404767],[78.453543,17.404719]]]},"properties":{"id":"2ecf02e500b8","height":null,"num_floors":null,"render_height_m":6.4,"height_label":"assumed"}},{"type":"Feature","geometry":{"type":"Polygon","coordinates":[[[78.453862,17.404876],[78.453782,17.404873],[78.453784,17.404806],[78.453865,17.404809],[78.453862,17.404876]]]},"properties":{"id":"556616659943","height":null,"num_floors":null,"render_height_m":6.4,"height_label":"assumed"}},{"type":"Feature","geometry":{"type":"Polygon","coordinates":[[[78.453949,17.404469],[78.454006,17.404514],[78.453944,17.404587],[78.453887,17.404542],[78.453949,17.404469]]]},"properties":{"id":"d8b132bbee0a","height":null,"num_floors":null,"render_height_m":9.6,"height_label":"assumed"}},{"type":"Feature","geometry":{"type":"Polygon","coordinates":[[[78.454146,17.404809],[78.453972,17.404799],[78.453979,17.404677],[78.454153,17.404687],[78.454146,17.404809]]]},"properties":{"id":"d813abc48db4","height":null,"num_floors":null,"render_height_m":12.8,"height_label":"assumed"}},{"type":"Feature","geometry":{"type":"Polygon","coordinates":[[[78.454024,17.404859],[78.454022,17.404892],[78.453953,17.404889],[78.453955,17.404855],[78.454024,17.404859]]]},"properties":{"id":"3fde31e8dde3","height":null,"num_floors":null,"render_height_m":6.4,"height_label":"assumed"}},{"type":"Feature","geometry":{"type":"Polygon","coordinates":[[[78.454116,17.405143],[78.453992,17.405141],[78.453995,17.405036],[78.454118,17.405039],[78.454116,17.405143]]]},"properties":{"id":"e6d146cc872b","height":null,"num_floors":null,"render_height_m":9.6,"height_label":"assumed"}},{"type":"Feature","geometry":{"type":"Polygon","coordinates":[[[78.454125,17.405052],[78.454151,17.405054],[78.454147,17.405099],[78.454121,17.405097],[78.454125,17.405052]]]},"properties":{"id":"d23f91b34db1","height":null,"num_floors":null,"render_height_m":6.4,"height_label":"assumed"}},{"type":"Feature","geometry":{"type":"Polygon","coordinates":[[[78.454157,17.404919],[78.454041,17.404915],[78.454044,17.404822],[78.45416,17.404826],[78.454157,17.404919]]]},"properties":{"id":"d59e55a3b12b","height":null,"num_floors":null,"render_height_m":9.6,"height_label":"assumed"}},{"type":"Feature","geometry":{"type":"Polygon","coordinates":[[[78.454487,17.404854],[78.454283,17.404852],[78.454287,17.404564],[78.454491,17.404566],[78.454487,17.404854]]]},"properties":{"id":"e207273ac27c","height":null,"num_floors":null,"render_height_m":12.8,"height_label":"assumed"}},{"type":"Feature","geometry":{"type":"Polygon","coordinates":[[[78.454499,17.404965],[78.454303,17.404969],[78.454302,17.404888],[78.454497,17.404884],[78.454499,17.404965]]]},"properties":{"id":"10fa1bdf35c0","height":null,"num_floors":null,"render_height_m":9.6,"height_label":"assumed"}},{"type":"Feature","geometry":{"type":"Polygon","coordinates":[[[78.454503,17.405058],[78.454318,17.405056],[78.454319,17.404975],[78.454504,17.404977],[78.454503,17.405058]]]},"properties":{"id":"24484b9e675f","height":null,"num_floors":null,"render_height_m":9.6,"height_label":"assumed"}},{"type":"Feature","geometry":{"type":"Polygon","coordinates":[[[78.454432,17.405165],[78.454323,17.405168],[78.454321,17.405078],[78.45443,17.405075],[78.454432,17.405165]]]},"properties":{"id":"f1bcdc7c7b0c","height":null,"num_floors":null,"render_height_m":9.6,"height_label":"assumed"}},{"type":"Feature","geometry":{"type":"Polygon","coordinates":[[[78.45451,17.405158],[78.454445,17.405159],[78.454444,17.405069],[78.454508,17.405068],[78.45451,17.405158]]]},"properties":{"id":"c96dc201e94c","height":null,"num_floors":null,"render_height_m":6.4,"height_label":"assumed"}},{"type":"Feature","geometry":{"type":"Polygon","coordinates":[[[78.454648,17.404941],[78.454661,17.405153],[78.454584,17.405158],[78.454572,17.404946],[78.454648,17.404941]]]},"properties":{"id":"baa98e37f0f5","height":null,"num_floors":null,"render_height_m":9.6,"height_label":"assumed"}},{"type":"Feature","geometry":{"type":"Polygon","coordinates":[[[78.454782,17.405166],[78.454666,17.405168],[78.454662,17.404954],[78.454777,17.404951],[78.454782,17.405166]]]},"properties":{"id":"7a3f8f1d1972","height":null,"num_floors":null,"render_height_m":12.8,"height_label":"assumed"}},{"type":"Feature","geometry":{"type":"Polygon","coordinates":[[[78.454659,17.404891],[78.454637,17.404534],[78.45476,17.404527],[78.454782,17.404884],[78.454659,17.404891]]]},"properties":{"id":"2118d146c02e","height":null,"num_floors":null,"render_height_m":12.8,"height_label":"assumed"}},{"type":"Feature","geometry":{"type":"Polygon","coordinates":[[[78.45464,17.404901],[78.454569,17.404904],[78.454552,17.404548],[78.454623,17.404545],[78.45464,17.404901]]]},"properties":{"id":"3ebd7f838c5d","height":null,"num_floors":null,"render_height_m":12.8,"height_label":"assumed"}},{"type":"Feature","geometry":{"type":"Polygon","coordinates":[[[78.455012,17.404738],[78.454888,17.404747],[78.454873,17.404557],[78.454997,17.404548],[78.455012,17.404738]]]},"properties":{"id":"87d710ce5f4d","height":null,"num_floors":null,"render_height_m":12.8,"height_label":"assumed"}},{"type":"Feature","geometry":{"type":"Polygon","coordinates":[[[78.455061,17.404904],[78.454894,17.404916],[78.454884,17.404785],[78.455051,17.404773],[78.455061,17.404904]]]},"properties":{"id":"3d37e17934ba","height":null,"num_floors":null,"render_height_m":12.8,"height_label":"assumed"}},{"type":"Feature","geometry":{"type":"Polygon","coordinates":[[[78.455048,17.405025],[78.454905,17.405035],[78.454899,17.404949],[78.455041,17.404939],[78.455048,17.405025]]]},"properties":{"id":"2103ef9094c1","height":null,"num_floors":null,"render_height_m":9.6,"height_label":"assumed"}},{"type":"Feature","geometry":{"type":"Polygon","coordinates":[[[78.455074,17.405207],[78.454943,17.405216],[78.454931,17.405052],[78.455061,17.405042],[78.455074,17.405207]]]},"properties":{"id":"c12d80aaeb6f","height":null,"num_floors":null,"render_height_m":12.8,"height_label":"assumed"}},{"type":"Feature","geometry":{"type":"Polygon","coordinates":[[[78.454847,17.405374],[78.454704,17.405376],[78.454701,17.405221],[78.454844,17.405219],[78.454847,17.405374]]]},"properties":{"id":"5735759c630f","height":null,"num_floors":null,"render_height_m":12.8,"height_label":"assumed"}},{"type":"Feature","geometry":{"type":"Polygon","coordinates":[[[78.454677,17.405428],[78.45484,17.405424],[78.454842,17.405524],[78.454679,17.405527],[78.454677,17.405428]]]},"properties":{"id":"73806a40785e","height":null,"num_floors":null,"render_height_m":9.6,"height_label":"assumed"}},{"type":"Feature","geometry":{"type":"Polygon","coordinates":[[[78.455204,17.405516],[78.455097,17.405522],[78.455081,17.405294],[78.455188,17.405287],[78.455204,17.405516]]]},"properties":{"id":"f583e75bf7df","height":null,"num_floors":null,"render_height_m":12.8,"height_label":"assumed"}},{"type":"Feature","geometry":{"type":"Polygon","coordinates":[[[78.455085,17.405549],[78.454957,17.405557],[78.454939,17.405301],[78.455067,17.405293],[78.455085,17.405549]]]},"properties":{"id":"98edb5a571e2","height":null,"num_floors":null,"render_height_m":12.8,"height_label":"assumed"}},{"type":"Feature","geometry":{"type":"Polygon","coordinates":[[[78.45522,17.405562],[78.455228,17.405674],[78.455121,17.405681],[78.455113,17.405569],[78.45522,17.405562]]]},"properties":{"id":"1034a09e7883","height":null,"num_floors":null,"render_height_m":9.6,"height_label":"assumed"}},{"type":"Feature","geometry":{"type":"Polygon","coordinates":[[[78.455061,17.405606],[78.455095,17.405606],[78.455093,17.405713],[78.455059,17.405712],[78.455061,17.405606]]]},"properties":{"id":"5ca7b730ae55","height":null,"num_floors":null,"render_height_m":6.4,"height_label":"assumed"}},{"type":"Feature","geometry":{"type":"Polygon","coordinates":[[[78.455135,17.405904],[78.455018,17.405912],[78.455008,17.405762],[78.455124,17.405755],[78.455135,17.405904]]]},"properties":{"id":"d9b4fce15b12","height":null,"num_floors":null,"render_height_m":9.6,"height_label":"assumed"}},{"type":"Feature","geometry":{"type":"Polygon","coordinates":[[[78.454622,17.405901],[78.454625,17.405809],[78.45481,17.405815],[78.454807,17.405906],[78.454764,17.405904],[78.454765,17.405863],[78.454668,17.405859],[78.454666,17.405903],[78.454622,17.405901]]]},"properties":{"id":"a7e05fee1fe2","height":null,"num_floors":null,"render_height_m":9.6,"height_label":"assumed"}},{"type":"Feature","geometry":{"type":"Polygon","coordinates":[[[78.454336,17.405349],[78.454337,17.405223],[78.454668,17.405225],[78.454667,17.405351],[78.454336,17.405349]]]},"properties":{"id":"ff93e4280666","height":null,"num_floors":null,"render_height_m":12.8,"height_label":"assumed"}},{"type":"Feature","geometry":{"type":"Polygon","coordinates":[[[78.454432,17.405736],[78.454312,17.405738],[78.454307,17.405522],[78.454428,17.40552],[78.454432,17.405736]]]},"properties":{"id":"f9417fc0d549","height":null,"num_floors":null,"render_height_m":12.8,"height_label":"assumed"}},{"type":"Feature","geometry":{"type":"Polygon","coordinates":[[[78.454586,17.40577],[78.454445,17.405773],[78.454437,17.405429],[78.454578,17.405426],[78.454586,17.40577]]]},"properties":{"id":"917e3a46daf6","height":null,"num_floors":null,"render_height_m":12.8,"height_label":"assumed"}},{"type":"Feature","geometry":{"type":"Polygon","coordinates":[[[78.454551,17.40603],[78.454301,17.406035],[78.454296,17.405813],[78.454546,17.405808],[78.454551,17.40603]]]},"properties":{"id":"a82404bb0620","height":null,"num_floors":null,"render_height_m":12.8,"height_label":"assumed"}},{"type":"Feature","geometry":{"type":"Polygon","coordinates":[[[78.454497,17.406247],[78.454345,17.40625],[78.454341,17.406077],[78.454493,17.406074],[78.454497,17.406247]]]},"properties":{"id":"dde69588f799","height":null,"num_floors":null,"render_height_m":12.8,"height_label":"assumed"}},{"type":"Feature","geometry":{"type":"Polygon","coordinates":[[[78.454593,17.405922],[78.454651,17.405926],[78.45464,17.406066],[78.454582,17.406062],[78.454593,17.405922]]]},"properties":{"id":"76427595b307","height":null,"num_floors":null,"render_height_m":9.6,"height_label":"assumed"}},{"type":"Feature","geometry":{"type":"Polygon","coordinates":[[[78.454641,17.406082],[78.454713,17.406091],[78.454706,17.40614],[78.454634,17.406131],[78.454641,17.406082]]]},"properties":{"id":"e5e289e0e7de","height":null,"num_floors":null,"render_height_m":6.4,"height_label":"assumed"}},{"type":"Feature","geometry":{"type":"Polygon","coordinates":[[[78.454575,17.40613],[78.454621,17.406135],[78.454615,17.406198],[78.454568,17.406194],[78.454575,17.40613]]]},"properties":{"id":"4d337d03f5ef","height":null,"num_floors":null,"render_height_m":6.4,"height_label":"assumed"}},{"type":"Feature","geometry":{"type":"Polygon","coordinates":[[[78.454634,17.406536],[78.454643,17.40663],[78.454565,17.406637],[78.454555,17.406543],[78.454634,17.406536]]]},"properties":{"id":"6746db4d449f","height":null,"num_floors":null,"render_height_m":9.6,"height_label":"assumed"}},{"type":"Feature","geometry":{"type":"Polygon","coordinates":[[[78.454579,17.406535],[78.454473,17.406543],[78.454458,17.406353],[78.454564,17.406346],[78.454579,17.406535]]]},"properties":{"id":"157dedf38ad7","height":null,"num_floors":null,"render_height_m":9.6,"height_label":"assumed"}},{"type":"Feature","geometry":{"type":"Polygon","coordinates":[[[78.454417,17.406627],[78.454522,17.406618],[78.45454,17.406802],[78.454435,17.406811],[78.454417,17.406627]]]},"properties":{"id":"2801c39b7a26","height":null,"num_floors":null,"render_height_m":9.6,"height_label":"assumed"}},{"type":"Feature","geometry":{"type":"Polygon","coordinates":[[[78.454507,17.406961],[78.454423,17.406972],[78.454408,17.406863],[78.454492,17.406852],[78.454507,17.406961]]]},"properties":{"id":"673189adb874","height":null,"num_floors":null,"render_height_m":9.6,"height_label":"assumed"}},{"type":"Feature","geometry":{"type":"Polygon","coordinates":[[[78.454586,17.407145],[78.45461,17.407389],[78.454495,17.4074],[78.45447,17.407156],[78.454586,17.407145]]]},"properties":{"id":"420a54f54db2","height":null,"num_floors":null,"render_height_m":12.8,"height_label":"assumed"}},{"type":"Feature","geometry":{"type":"Polygon","coordinates":[[[78.454577,17.40705],[78.454586,17.407145],[78.45447,17.407156],[78.454461,17.40706],[78.454577,17.40705]]]},"properties":{"id":"bae45ee12f3b","height":null,"num_floors":null,"render_height_m":9.6,"height_label":"assumed"}},{"type":"Feature","geometry":{"type":"Polygon","coordinates":[[[78.45469,17.407092],[78.4547,17.407191],[78.454591,17.407201],[78.454582,17.407102],[78.45469,17.407092]]]},"properties":{"id":"1cd5503e2531","height":null,"num_floors":null,"render_height_m":9.6,"height_label":"assumed"}},{"type":"Feature","geometry":{"type":"Polygon","coordinates":[[[78.4547,17.407191],[78.454707,17.407268],[78.454599,17.407278],[78.454591,17.407201],[78.4547,17.407191]]]},"properties":{"id":"b4c5b3cae244","height":null,"num_floors":null,"render_height_m":9.6,"height_label":"assumed"}},{"type":"Feature","geometry":{"type":"Polygon","coordinates":[[[78.454672,17.406907],[78.454681,17.407],[78.454573,17.40701],[78.454563,17.406917],[78.454672,17.406907]]]},"properties":{"id":"e8ebf2d0856f","height":null,"num_floors":null,"render_height_m":9.6,"height_label":"assumed"}},{"type":"Feature","geometry":{"type":"Polygon","coordinates":[[[78.454655,17.406756],[78.454666,17.406872],[78.454651,17.406873],[78.454654,17.406909],[78.454563,17.406917],[78.454548,17.406765],[78.454655,17.406756]]]},"properties":{"id":"71f727e5ed0b","height":null,"num_floors":null,"render_height_m":9.6,"height_label":"assumed"}},{"type":"Feature","geometry":{"type":"Polygon","coordinates":[[[78.454526,17.406546],[78.454555,17.406543],[78.454565,17.406637],[78.454643,17.40663],[78.454652,17.406723],[78.454544,17.406733],[78.454526,17.406546]]]},"properties":{"id":"8063a20ffe24","height":null,"num_floors":null,"render_height_m":9.6,"height_label":"assumed"}},{"type":"Feature","geometry":{"type":"Polygon","coordinates":[[[78.454888,17.406705],[78.454965,17.406699],[78.454974,17.406823],[78.454897,17.406828],[78.454888,17.406705]]]},"properties":{"id":"30b4898fb909","height":null,"num_floors":null,"render_height_m":9.6,"height_label":"assumed"}},{"type":"Feature","geometry":{"type":"Polygon","coordinates":[[[78.454831,17.406927],[78.454724,17.406935],[78.454716,17.406834],[78.454823,17.406826],[78.454831,17.406927]]]},"properties":{"id":"bd2b52ab755c","height":null,"num_floors":null,"render_height_m":9.6,"height_label":"assumed"}},{"type":"Feature","geometry":{"type":"Polygon","coordinates":[[[78.45492,17.40702],[78.454924,17.40707],[78.454762,17.407081],[78.454758,17.407032],[78.45492,17.40702]]]},"properties":{"id":"38f8154579aa","height":null,"num_floors":null,"render_height_m":9.6,"height_label":"assumed"}},{"type":"Feature","geometry":{"type":"Polygon","coordinates":[[[78.454889,17.407231],[78.454775,17.407239],[78.454764,17.407096],[78.454878,17.407088],[78.454889,17.407231]]]},"properties":{"id":"a58d2d4cb471","height":null,"num_floors":null,"render_height_m":9.6,"height_label":"assumed"}},{"type":"Feature","geometry":{"type":"Polygon","coordinates":[[[78.45492,17.407001],[78.454938,17.407],[78.454942,17.407058],[78.454924,17.407059],[78.45492,17.407001]]]},"properties":{"id":"fa4bfa9eb035","height":null,"num_floors":null,"render_height_m":6.4,"height_label":"assumed"}},{"type":"Feature","geometry":{"type":"Polygon","coordinates":[[[78.455022,17.407069],[78.454983,17.407069],[78.454984,17.407005],[78.455023,17.407005],[78.455022,17.407069]]]},"properties":{"id":"afb6d55ffcc8","height":null,"num_floors":null,"render_height_m":6.4,"height_label":"assumed"}},{"type":"Feature","geometry":{"type":"Polygon","coordinates":[[[78.454937,17.407107],[78.454995,17.407103],[78.454998,17.407149],[78.45494,17.407153],[78.454937,17.407107]]]},"properties":{"id":"5d54d0ce99a8","height":null,"num_floors":null,"render_height_m":6.4,"height_label":"assumed"}},{"type":"Feature","geometry":{"type":"Polygon","coordinates":[[[78.455149,17.407047],[78.455158,17.407168],[78.455105,17.407171],[78.455096,17.40705],[78.455149,17.407047]]]},"properties":{"id":"d5642815191c","height":null,"num_floors":null,"render_height_m":6.4,"height_label":"assumed"}},{"type":"Feature","geometry":{"type":"Polygon","coordinates":[[[78.455115,17.407007],[78.455033,17.407013],[78.455027,17.406946],[78.45511,17.40694],[78.455115,17.407007]]]},"properties":{"id":"b0c5516f4ba4","height":null,"num_floors":null,"render_height_m":6.4,"height_label":"assumed"}},{"type":"Feature","geometry":{"type":"Polygon","coordinates":[[[78.455215,17.406723],[78.455229,17.406893],[78.45512,17.406901],[78.455107,17.406731],[78.455215,17.406723]]]},"properties":{"id":"66e3b3625442","height":null,"num_floors":null,"render_height_m":9.6,"height_label":"assumed"}},{"type":"Feature","geometry":{"type":"Polygon","coordinates":[[[78.454982,17.406732],[78.455046,17.406728],[78.455052,17.406818],[78.454989,17.406822],[78.454982,17.406732]]]},"properties":{"id":"a604a8ef51bb","height":null,"num_floors":null,"render_height_m":6.4,"height_label":"assumed"}},{"type":"Feature","geometry":{"type":"Polygon","coordinates":[[[78.455123,17.406358],[78.455034,17.406364],[78.455025,17.406224],[78.455113,17.406218],[78.455123,17.406358]]]},"properties":{"id":"782967986d06","height":null,"num_floors":null,"render_height_m":9.6,"height_label":"assumed"}},{"type":"Feature","geometry":{"type":"Polygon","coordinates":[[[78.455103,17.406503],[78.455012,17.406509],[78.455004,17.406387],[78.455094,17.406381],[78.455103,17.406503]]]},"properties":{"id":"582c1e580da2","height":null,"num_floors":null,"render_height_m":9.6,"height_label":"assumed"}},{"type":"Feature","geometry":{"type":"Polygon","coordinates":[[[78.455086,17.406627],[78.454881,17.40664],[78.454874,17.406541],[78.455079,17.406528],[78.455086,17.406627]]]},"properties":{"id":"1ac27b6d857f","height":null,"num_floors":null,"render_height_m":9.6,"height_label":"assumed"}},{"type":"Feature","geometry":{"type":"Polygon","coordinates":[[[78.454995,17.406518],[78.454881,17.406526],[78.454871,17.406388],[78.454986,17.406381],[78.454995,17.406518]]]},"properties":{"id":"cf3f522ec66d","height":null,"num_floors":null,"render_height_m":9.6,"height_label":"assumed"}},{"type":"Feature","geometry":{"type":"Polygon","coordinates":[[[78.455008,17.406354],[78.454904,17.40636],[78.454894,17.406215],[78.454998,17.406208],[78.455008,17.406354]]]},"properties":{"id":"34332d86a906","height":null,"num_floors":null,"render_height_m":9.6,"height_label":"assumed"}},{"type":"Feature","geometry":{"type":"Polygon","coordinates":[[[78.454738,17.405995],[78.454736,17.405913],[78.454795,17.405911],[78.454797,17.405993],[78.454738,17.405995]]]},"properties":{"id":"7c0c56e40b2e","height":null,"num_floors":null,"render_height_m":6.4,"height_label":"assumed"}},{"type":"Feature","geometry":{"type":"Polygon","coordinates":[[[78.455149,17.406139],[78.45502,17.406147],[78.455008,17.405984],[78.455138,17.405976],[78.455149,17.406139]]]},"properties":{"id":"162bffbcbb45","height":null,"num_floors":null,"render_height_m":9.6,"height_label":"assumed"}},{"type":"Feature","geometry":{"type":"Polygon","coordinates":[[[78.45524,17.406341],[78.455152,17.406347],[78.455142,17.406194],[78.455229,17.406188],[78.45524,17.406341]]]},"properties":{"id":"b513c3d8f615","height":null,"num_floors":null,"render_height_m":9.6,"height_label":"assumed"}},{"type":"Feature","geometry":{"type":"Polygon","coordinates":[[[78.45545,17.406077],[78.455197,17.406093],[78.455188,17.405963],[78.455441,17.405948],[78.45545,17.406077]]]},"properties":{"id":"eb0ebf96850d","height":null,"num_floors":null,"render_height_m":12.8,"height_label":"assumed"}},{"type":"Feature","geometry":{"type":"Polygon","coordinates":[[[78.455578,17.406105],[78.45548,17.406111],[78.455467,17.405921],[78.455565,17.405914],[78.455578,17.406105]]]},"properties":{"id":"ba0c526b8a88","height":null,"num_floors":null,"render_height_m":9.6,"height_label":"assumed"}},{"type":"Feature","geometry":{"type":"Polygon","coordinates":[[[78.455573,17.406308],[78.455478,17.406314],[78.455469,17.406182],[78.455564,17.406176],[78.455573,17.406308]]]},"properties":{"id":"6ab533234ede","height":null,"num_floors":null,"render_height_m":9.6,"height_label":"assumed"}},{"type":"Feature","geometry":{"type":"Polygon","coordinates":[[[78.455471,17.406339],[78.455376,17.406345],[78.455366,17.406195],[78.455461,17.406189],[78.455471,17.406339]]]},"properties":{"id":"a79269dfcf38","height":null,"num_floors":null,"render_height_m":9.6,"height_label":"assumed"}},{"type":"Feature","geometry":{"type":"Polygon","coordinates":[[[78.455613,17.40658],[78.455516,17.406586],[78.455496,17.406333],[78.455593,17.406326],[78.455613,17.40658]]]},"properties":{"id":"83fd392b18e8","height":null,"num_floors":null,"render_height_m":12.8,"height_label":"assumed"}},{"type":"Feature","geometry":{"type":"Polygon","coordinates":[[[78.455498,17.40655],[78.455374,17.406557],[78.455361,17.406371],[78.455485,17.406364],[78.455498,17.40655]]]},"properties":{"id":"d66134fb9528","height":null,"num_floors":null,"render_height_m":12.8,"height_label":"assumed"}},{"type":"Feature","geometry":{"type":"Polygon","coordinates":[[[78.455339,17.406372],[78.455356,17.406615],[78.455275,17.40662],[78.455258,17.406377],[78.455339,17.406372]]]},"properties":{"id":"8312a3aaca33","height":null,"num_floors":null,"render_height_m":9.6,"height_label":"assumed"}},{"type":"Feature","geometry":{"type":"Polygon","coordinates":[[[78.455349,17.406341],[78.455258,17.406347],[78.45525,17.406225],[78.455341,17.406219],[78.455349,17.406341]]]},"properties":{"id":"107ee98369dd","height":null,"num_floors":null,"render_height_m":9.6,"height_label":"assumed"}},{"type":"Feature","geometry":{"type":"Polygon","coordinates":[[[78.45525,17.40637],[78.455259,17.406507],[78.455133,17.406515],[78.455124,17.406378],[78.45525,17.40637]]]},"properties":{"id":"2c2d2df4e88c","height":null,"num_floors":null,"render_height_m":9.6,"height_label":"assumed"}},{"type":"Feature","geometry":{"type":"Polygon","coordinates":[[[78.455263,17.406628],[78.455099,17.406638],[78.455092,17.406535],[78.455256,17.406525],[78.455263,17.406628]]]},"properties":{"id":"5ccea001523e","height":null,"num_floors":null,"render_height_m":9.6,"height_label":"assumed"}},{"type":"Feature","geometry":{"type":"Polygon","coordinates":[[[78.455333,17.40666],[78.455259,17.406664],[78.455257,17.406634],[78.455331,17.40663],[78.455333,17.40666]]]},"properties":{"id":"cc3f8207013c","height":null,"num_floors":null,"render_height_m":6.4,"height_label":"assumed"}},{"type":"Feature","geometry":{"type":"Polygon","coordinates":[[[78.455418,17.406796],[78.45528,17.4068],[78.455276,17.406711],[78.455415,17.406706],[78.455418,17.406796]]]},"properties":{"id":"79e40a96a2e8","height":null,"num_floors":null,"render_height_m":9.6,"height_label":"assumed"}},{"type":"Feature","geometry":{"type":"Polygon","coordinates":[[[78.455427,17.406936],[78.455248,17.406948],[78.455239,17.406833],[78.455418,17.40682],[78.455427,17.406936]]]},"properties":{"id":"8e98f283f27b","height":null,"num_floors":null,"render_height_m":9.6,"height_label":"assumed"}},{"type":"Feature","geometry":{"type":"Polygon","coordinates":[[[78.455291,17.40701],[78.455296,17.407088],[78.45525,17.407091],[78.455245,17.407013],[78.455291,17.40701]]]},"properties":{"id":"f128f03b32bb","height":null,"num_floors":null,"render_height_m":6.4,"height_label":"assumed"}},{"type":"Feature","geometry":{"type":"Polygon","coordinates":[[[78.455159,17.407038],[78.455209,17.407039],[78.455209,17.407097],[78.455158,17.407096],[78.455159,17.407038]]]},"properties":{"id":"845d390897ac","height":null,"num_floors":null,"render_height_m":6.4,"height_label":"assumed"}},{"type":"Feature","geometry":{"type":"Polygon","coordinates":[[[78.455323,17.407008],[78.455399,17.407004],[78.455402,17.407056],[78.45538,17.407058],[78.455382,17.407104],[78.455329,17.407107],[78.455323,17.407008]]]},"properties":{"id":"ec22dab6476a","height":null,"num_floors":null,"render_height_m":6.4,"height_label":"assumed"}},{"type":"Feature","geometry":{"type":"Polygon","coordinates":[[[78.455598,17.407131],[78.45547,17.407141],[78.455458,17.406992],[78.455587,17.406983],[78.455598,17.407131]]]},"properties":{"id":"3fb3b00be054","height":null,"num_floors":null,"render_height_m":9.6,"height_label":"assumed"}},{"type":"Feature","geometry":{"type":"Polygon","coordinates":[[[78.455557,17.406955],[78.455453,17.406962],[78.455435,17.406736],[78.455597,17.406724],[78.455603,17.406808],[78.455546,17.406812],[78.455557,17.406955]]]},"properties":{"id":"a6e92db2422f","height":null,"num_floors":null,"render_height_m":12.8,"height_label":"assumed"}},{"type":"Feature","geometry":{"type":"Polygon","coordinates":[[[78.455665,17.406945],[78.455605,17.406947],[78.455601,17.406833],[78.45566,17.406831],[78.455661,17.406859],[78.455711,17.406858],[78.455713,17.406907],[78.455664,17.406909],[78.455665,17.406945]]]},"properties":{"id":"549dd65547d3","height":null,"num_floors":null,"render_height_m":9.6,"height_label":"assumed"}},{"type":"Feature","geometry":{"type":"Polygon","coordinates":[[[78.455725,17.406358],[78.455837,17.40635],[78.455856,17.406609],[78.455744,17.406617],[78.455725,17.406358]]]},"properties":{"id":"131a17733346","height":null,"num_floors":null,"render_height_m":12.8,"height_label":"assumed"}},{"type":"Feature","geometry":{"type":"Polygon","coordinates":[[[78.455671,17.406362],[78.455725,17.406358],[78.455744,17.406617],[78.45569,17.40662],[78.455671,17.406362]]]},"properties":{"id":"3c07f849648d","height":null,"num_floors":null,"render_height_m":9.6,"height_label":"assumed"}},{"type":"Feature","geometry":{"type":"Polygon","coordinates":[[[78.455685,17.406552],[78.455687,17.406596],[78.455629,17.406599],[78.455626,17.406555],[78.455685,17.406552]]]},"properties":{"id":"372735d38ac5","height":null,"num_floors":null,"render_height_m":6.4,"height_label":"assumed"}},{"type":"Feature","geometry":{"type":"Polygon","coordinates":[[[78.455682,17.406491],[78.455685,17.406552],[78.455626,17.406555],[78.455623,17.406494],[78.455682,17.406491]]]},"properties":{"id":"a82820aa0c34","height":null,"num_floors":null,"render_height_m":6.4,"height_label":"assumed"}},{"type":"Feature","geometry":{"type":"Polygon","coordinates":[[[78.455617,17.40639],[78.455676,17.406388],[78.455681,17.406479],[78.455622,17.406482],[78.455617,17.40639]]]},"properties":{"id":"2cefafd8aa55","height":null,"num_floors":null,"render_height_m":6.4,"height_label":"assumed"}},{"type":"Feature","geometry":{"type":"Polygon","coordinates":[[[78.455829,17.406326],[78.455743,17.406331],[78.455731,17.406162],[78.455818,17.406157],[78.455829,17.406326]]]},"properties":{"id":"1fb6d753f153","height":null,"num_floors":null,"render_height_m":9.6,"height_label":"assumed"}},{"type":"Feature","geometry":{"type":"Polygon","coordinates":[[[78.455712,17.40629],[78.455609,17.406296],[78.455601,17.406167],[78.455703,17.406161],[78.455712,17.40629]]]},"properties":{"id":"54b9f261e468","height":null,"num_floors":null,"render_height_m":9.6,"height_label":"assumed"}},{"type":"Feature","geometry":{"type":"Polygon","coordinates":[[[78.455689,17.405914],[78.455701,17.406084],[78.455599,17.40609],[78.455588,17.405921],[78.455689,17.405914]]]},"properties":{"id":"51e13732b39d","height":null,"num_floors":null,"render_height_m":9.6,"height_label":"assumed"}},{"type":"Feature","geometry":{"type":"Polygon","coordinates":[[[78.455815,17.406062],[78.455714,17.406068],[78.455703,17.405904],[78.455803,17.405898],[78.455815,17.406062]]]},"properties":{"id":"9923de43d245","height":null,"num_floors":null,"render_height_m":9.6,"height_label":"assumed"}},{"type":"Feature","geometry":{"type":"Polygon","coordinates":[[[78.45592,17.406053],[78.455834,17.406058],[78.455825,17.405922],[78.455911,17.405917],[78.45592,17.406053]]]},"properties":{"id":"31736831fee2","height":null,"num_floors":null,"render_height_m":9.6,"height_label":"assumed"}},{"type":"Feature","geometry":{"type":"Polygon","coordinates":[[[78.455804,17.40609],[78.455865,17.406085],[78.455868,17.406116],[78.455807,17.406121],[78.455804,17.40609]]]},"properties":{"id":"a593490ce160","height":null,"num_floors":null,"render_height_m":6.4,"height_label":"assumed"}},{"type":"Feature","geometry":{"type":"Polygon","coordinates":[[[78.455974,17.406309],[78.455867,17.406316],[78.455857,17.406163],[78.455963,17.406157],[78.455974,17.406309]]]},"properties":{"id":"fb22eda177db","height":null,"num_floors":null,"render_height_m":9.6,"height_label":"assumed"}},{"type":"Feature","geometry":{"type":"Polygon","coordinates":[[[78.45591,17.405746],[78.45592,17.405893],[78.455817,17.405899],[78.455807,17.405752],[78.45591,17.405746]]]},"properties":{"id":"fb09313b762e","height":null,"num_floors":null,"render_height_m":9.6,"height_label":"assumed"}},{"type":"Feature","geometry":{"type":"Polygon","coordinates":[[[78.456071,17.405649],[78.455913,17.405659],[78.455899,17.405455],[78.456057,17.405445],[78.456071,17.405649]]]},"properties":{"id":"a8eb25a075e7","height":null,"num_floors":null,"render_height_m":12.8,"height_label":"assumed"}},{"type":"Feature","geometry":{"type":"Polygon","coordinates":[[[78.455943,17.405405],[78.455972,17.405405],[78.455971,17.40545],[78.455943,17.40545],[78.455943,17.405405]]]},"properties":{"id":"8da3953c09b8","height":null,"num_floors":null,"render_height_m":6.4,"height_label":"assumed"}},{"type":"Feature","geometry":{"type":"Polygon","coordinates":[[[78.456024,17.405376],[78.455897,17.405384],[78.455887,17.40524],[78.456014,17.405232],[78.456024,17.405376]]]},"properties":{"id":"6b4f4bbec661","height":null,"num_floors":null,"render_height_m":9.6,"height_label":"assumed"}},{"type":"Feature","geometry":{"type":"Polygon","coordinates":[[[78.455864,17.405388],[78.45573,17.405396],[78.455719,17.405246],[78.455854,17.405237],[78.455864,17.405388]]]},"properties":{"id":"6ad12a9886a7","height":null,"num_floors":null,"render_height_m":9.6,"height_label":"assumed"}},{"type":"Feature","geometry":{"type":"Polygon","coordinates":[[[78.455883,17.405461],[78.455895,17.405646],[78.455779,17.405653],[78.455766,17.405469],[78.455883,17.405461]]]},"properties":{"id":"c9731a85b667","height":null,"num_floors":null,"render_height_m":12.8,"height_label":"assumed"}},{"type":"Feature","geometry":{"type":"Polygon","coordinates":[[[78.455782,17.405417],[78.455784,17.405467],[78.455656,17.405473],[78.455653,17.405423],[78.455782,17.405417]]]},"properties":{"id":"fa80629a3636","height":null,"num_floors":null,"render_height_m":6.4,"height_label":"assumed"}},{"type":"Feature","geometry":{"type":"Polygon","coordinates":[[[78.455705,17.405412],[78.455596,17.405418],[78.455585,17.405252],[78.455693,17.405245],[78.455705,17.405412]]]},"properties":{"id":"52539cc8c4f9","height":null,"num_floors":null,"render_height_m":9.6,"height_label":"assumed"}},{"type":"Feature","geometry":{"type":"Polygon","coordinates":[[[78.45575,17.405615],[78.455609,17.405624],[78.455601,17.405508],[78.455742,17.405499],[78.45575,17.405615]]]},"properties":{"id":"c4ef4600dce6","height":null,"num_floors":null,"render_height_m":9.6,"height_label":"assumed"}},{"type":"Feature","geometry":{"type":"Polygon","coordinates":[[[78.455738,17.405889],[78.455627,17.405896],[78.455618,17.405765],[78.455729,17.405758],[78.455738,17.405889]]]},"properties":{"id":"7fb45401d12d","height":null,"num_floors":null,"render_height_m":9.6,"height_label":"assumed"}},{"type":"Feature","geometry":{"type":"Polygon","coordinates":[[[78.455579,17.405893],[78.455465,17.4059],[78.455456,17.405759],[78.455569,17.405752],[78.455579,17.405893]]]},"properties":{"id":"477d06da4670","height":null,"num_floors":null,"render_height_m":9.6,"height_label":"assumed"}},{"type":"Feature","geometry":{"type":"Polygon","coordinates":[[[78.455588,17.405644],[78.455494,17.40565],[78.455485,17.405513],[78.455579,17.405507],[78.455588,17.405644]]]},"properties":{"id":"3b8ae7c1ff82","height":null,"num_floors":null,"render_height_m":9.6,"height_label":"assumed"}},{"type":"Feature","geometry":{"type":"Polygon","coordinates":[[[78.455462,17.40551],[78.455473,17.405664],[78.455355,17.405671],[78.455345,17.405517],[78.455462,17.40551]]]},"properties":{"id":"269d65a1b9a7","height":null,"num_floors":null,"render_height_m":9.6,"height_label":"assumed"}},{"type":"Feature","geometry":{"type":"Polygon","coordinates":[[[78.455434,17.405912],[78.455331,17.405918],[78.455321,17.405783],[78.455425,17.405777],[78.455434,17.405912]]]},"properties":{"id":"f730a3ce8a58","height":null,"num_floors":null,"render_height_m":9.6,"height_label":"assumed"}},{"type":"Feature","geometry":{"type":"Polygon","coordinates":[[[78.455302,17.405927],[78.455161,17.405936],[78.455149,17.405766],[78.45529,17.405758],[78.455302,17.405927]]]},"properties":{"id":"5aca83972684","height":null,"num_floors":null,"render_height_m":12.8,"height_label":"assumed"}},{"type":"Feature","geometry":{"type":"Polygon","coordinates":[[[78.455335,17.405657],[78.455241,17.405662],[78.455232,17.405531],[78.455326,17.405525],[78.455335,17.405657]]]},"properties":{"id":"98a992e6618b","height":null,"num_floors":null,"render_height_m":9.6,"height_label":"assumed"}},{"type":"Feature","geometry":{"type":"Polygon","coordinates":[[[78.455317,17.405489],[78.455215,17.405496],[78.455202,17.405305],[78.455304,17.405299],[78.455317,17.405489]]]},"properties":{"id":"276f1b7790b9","height":null,"num_floors":null,"render_height_m":9.6,"height_label":"assumed"}},{"type":"Feature","geometry":{"type":"Polygon","coordinates":[[[78.455451,17.405443],[78.455346,17.405449],[78.455332,17.405249],[78.455438,17.405242],[78.455451,17.405443]]]},"properties":{"id":"5384b041e5c9","height":null,"num_floors":null,"render_height_m":9.6,"height_label":"assumed"}},{"type":"Feature","geometry":{"type":"Polygon","coordinates":[[[78.455589,17.405437],[78.455473,17.405444],[78.45546,17.405265],[78.455576,17.405258],[78.455589,17.405437]]]},"properties":{"id":"d394da8dea75","height":null,"num_floors":null,"render_height_m":9.6,"height_label":"assumed"}},{"type":"Feature","geometry":{"type":"Polygon","coordinates":[[[78.455592,17.40519],[78.455464,17.405199],[78.455458,17.405125],[78.455586,17.405116],[78.455592,17.40519]]]},"properties":{"id":"96e93f8e6875","height":null,"num_floors":null,"render_height_m":9.6,"height_label":"assumed"}},{"type":"Feature","geometry":{"type":"Polygon","coordinates":[[[78.455589,17.405066],[78.455439,17.405076],[78.45543,17.404952],[78.455579,17.404941],[78.455589,17.405066]]]},"properties":{"id":"425e419406da","height":null,"num_floors":null,"render_height_m":9.6,"height_label":"assumed"}},{"type":"Feature","geometry":{"type":"Polygon","coordinates":[[[78.455373,17.405205],[78.455224,17.40521],[78.455227,17.405066],[78.455382,17.405069],[78.455373,17.405205]]]},"properties":{"id":"09f07d55baf6","height":null,"num_floors":null,"render_height_m":12.8,"height_label":"assumed"}},{"type":"Feature","geometry":{"type":"Polygon","coordinates":[[[78.455372,17.405026],[78.455236,17.405027],[78.455236,17.404955],[78.455372,17.404954],[78.455372,17.405026]]]},"properties":{"id":"4697b117e42e","height":null,"num_floors":null,"render_height_m":9.6,"height_label":"assumed"}},{"type":"Feature","geometry":{"type":"Polygon","coordinates":[[[78.455335,17.404785],[78.455232,17.404792],[78.455224,17.404691],[78.455327,17.404683],[78.455335,17.404785]]]},"properties":{"id":"85668ccf86b4","height":null,"num_floors":null,"render_height_m":9.6,"height_label":"assumed"}},{"type":"Feature","geometry":{"type":"Polygon","coordinates":[[[78.455354,17.404931],[78.455251,17.404938],[78.45524,17.404799],[78.455343,17.404792],[78.455354,17.404931]]]},"properties":{"id":"196039dc0ce1","height":null,"num_floors":null,"render_height_m":9.6,"height_label":"assumed"}},{"type":"Feature","geometry":{"type":"Polygon","coordinates":[[[78.455227,17.404914],[78.45514,17.40492],[78.455126,17.404753],[78.455213,17.404746],[78.455227,17.404914]]]},"properties":{"id":"77ed24a1eaf6","height":null,"num_floors":null,"render_height_m":9.6,"height_label":"assumed"}},{"type":"Feature","geometry":{"type":"Polygon","coordinates":[[[78.455332,17.404672],[78.455217,17.40468],[78.45521,17.404597],[78.455325,17.404589],[78.455332,17.404672]]]},"properties":{"id":"bf84d3ec1970","height":null,"num_floors":null,"render_height_m":9.6,"height_label":"assumed"}},{"type":"Feature","geometry":{"type":"Polygon","coordinates":[[[78.455546,17.404711],[78.455551,17.40476],[78.455388,17.404774],[78.455369,17.404571],[78.455406,17.404568],[78.455421,17.404721],[78.455546,17.404711]]]},"properties":{"id":"98a2ed82d34f","height":null,"num_floors":null,"render_height_m":9.6,"height_label":"assumed"}},{"type":"Feature","geometry":{"type":"Polygon","coordinates":[[[78.455434,17.404794],[78.455479,17.40479],[78.455488,17.404876],[78.455442,17.40488],[78.455434,17.404794]]]},"properties":{"id":"cfa22839dc20","height":null,"num_floors":null,"render_height_m":6.4,"height_label":"assumed"}},{"type":"Feature","geometry":{"type":"Polygon","coordinates":[[[78.455544,17.404669],[78.455444,17.404676],[78.455431,17.404504],[78.455531,17.404497],[78.455544,17.404669]]]},"properties":{"id":"e2bae446e6c3","height":null,"num_floors":null,"render_height_m":9.6,"height_label":"assumed"}},{"type":"Feature","geometry":{"type":"Polygon","coordinates":[[[78.455648,17.404469],[78.45566,17.404623],[78.455554,17.404631],[78.455542,17.404477],[78.455648,17.404469]]]},"properties":{"id":"3599edcb7cc3","height":null,"num_floors":null,"render_height_m":9.6,"height_label":"assumed"}},{"type":"Feature","geometry":{"type":"Polygon","coordinates":[[[78.455691,17.404627],[78.455697,17.404683],[78.455644,17.404687],[78.455638,17.404632],[78.455691,17.404627]]]},"properties":{"id":"e0a8b19d652e","height":null,"num_floors":null,"render_height_m":6.4,"height_label":"assumed"}},{"type":"Feature","geometry":{"type":"Polygon","coordinates":[[[78.4558,17.4046],[78.455684,17.404608],[78.455675,17.404491],[78.455791,17.404483],[78.4558,17.4046]]]},"properties":{"id":"5037b87280af","height":null,"num_floors":null,"render_height_m":9.6,"height_label":"assumed"}},{"type":"Feature","geometry":{"type":"Polygon","coordinates":[[[78.455788,17.404715],[78.455793,17.404765],[78.455728,17.404771],[78.455723,17.404721],[78.455788,17.404715]]]},"properties":{"id":"a25ea51acffa","height":null,"num_floors":null,"render_height_m":6.4,"height_label":"assumed"}},{"type":"Feature","geometry":{"type":"Polygon","coordinates":[[[78.455728,17.404771],[78.4558,17.404764],[78.455809,17.404852],[78.455737,17.404859],[78.455728,17.404771]]]},"properties":{"id":"e0f2bb1f1370","height":null,"num_floors":null,"render_height_m":6.4,"height_label":"assumed"}},{"type":"Feature","geometry":{"type":"Polygon","coordinates":[[[78.455669,17.404881],[78.455549,17.40489],[78.455539,17.404762],[78.455659,17.404754],[78.455669,17.404881]]]},"properties":{"id":"486172b943e8","height":null,"num_floors":null,"render_height_m":9.6,"height_label":"assumed"}},{"type":"Feature","geometry":{"type":"Polygon","coordinates":[[[78.455804,17.405163],[78.455649,17.405174],[78.455641,17.405081],[78.455797,17.40507],[78.455804,17.405163]]]},"properties":{"id":"9ec9e47b1744","height":null,"num_floors":null,"render_height_m":9.6,"height_label":"assumed"}},{"type":"Feature","geometry":{"type":"Polygon","coordinates":[[[78.455798,17.405006],[78.455621,17.405019],[78.455612,17.404903],[78.455788,17.40489],[78.455798,17.405006]]]},"properties":{"id":"d123dfae9847","height":null,"num_floors":null,"render_height_m":9.6,"height_label":"assumed"}},{"type":"Feature","geometry":{"type":"Polygon","coordinates":[[[78.456009,17.405155],[78.455878,17.405165],[78.455871,17.405073],[78.456002,17.405064],[78.456009,17.405155]]]},"properties":{"id":"9154cd665e9d","height":null,"num_floors":null,"render_height_m":9.6,"height_label":"assumed"}},{"type":"Feature","geometry":{"type":"Polygon","coordinates":[[[78.456035,17.405046],[78.45586,17.405059],[78.455851,17.404953],[78.456026,17.404941],[78.456035,17.405046]]]},"properties":{"id":"da01938e715d","height":null,"num_floors":null,"render_height_m":9.6,"height_label":"assumed"}},{"type":"Feature","geometry":{"type":"Polygon","coordinates":[[[78.45602,17.404931],[78.455851,17.404943],[78.455843,17.404842],[78.456012,17.40483],[78.45602,17.404931]]]},"properties":{"id":"229ea7bc3c75","height":null,"num_floors":null,"render_height_m":9.6,"height_label":"assumed"}},{"type":"Feature","geometry":{"type":"Polygon","coordinates":[[[78.456012,17.404812],[78.455851,17.404823],[78.455844,17.404736],[78.456005,17.404724],[78.456012,17.404812]]]},"properties":{"id":"2acfcbe53c47","height":null,"num_floors":null,"render_height_m":9.6,"height_label":"assumed"}},{"type":"Feature","geometry":{"type":"Polygon","coordinates":[[[78.45598,17.404571],[78.455992,17.404715],[78.455818,17.404727],[78.455807,17.404583],[78.45598,17.404571]]]},"properties":{"id":"296c9f0488fc","height":null,"num_floors":null,"render_height_m":12.8,"height_label":"assumed"}},{"type":"Feature","geometry":{"type":"Polygon","coordinates":[[[78.456193,17.404804],[78.4562,17.404915],[78.456089,17.404922],[78.456081,17.404811],[78.456193,17.404804]]]},"properties":{"id":"46e688a18e19","height":null,"num_floors":null,"render_height_m":9.6,"height_label":"assumed"}},{"type":"Feature","geometry":{"type":"Polygon","coordinates":[[[78.456137,17.404754],[78.456068,17.404759],[78.456056,17.404604],[78.456125,17.404599],[78.456137,17.404754]]]},"properties":{"id":"57bb5d531ec0","height":null,"num_floors":null,"render_height_m":9.6,"height_label":"assumed"}},{"type":"Feature","geometry":{"type":"Polygon","coordinates":[[[78.456288,17.404736],[78.456173,17.404744],[78.456159,17.404565],[78.456273,17.404557],[78.456288,17.404736]]]},"properties":{"id":"6c384d5bace4","height":null,"num_floors":null,"render_height_m":9.6,"height_label":"assumed"}},{"type":"Feature","geometry":{"type":"Polygon","coordinates":[[[78.456428,17.404749],[78.456315,17.404756],[78.456305,17.40461],[78.456418,17.404603],[78.456428,17.404749]]]},"properties":{"id":"33ff6ec2ddaf","height":null,"num_floors":null,"render_height_m":9.6,"height_label":"assumed"}},{"type":"Feature","geometry":{"type":"Polygon","coordinates":[[[78.456294,17.404814],[78.4563,17.404907],[78.456221,17.404912],[78.456215,17.404819],[78.456294,17.404814]]]},"properties":{"id":"ffef3ab8bbda","height":null,"num_floors":null,"render_height_m":9.6,"height_label":"assumed"}},{"type":"Feature","geometry":{"type":"Polygon","coordinates":[[[78.456259,17.405027],[78.45618,17.405031],[78.456173,17.404938],[78.456253,17.404933],[78.456259,17.405027]]]},"properties":{"id":"f6bd7d2d7b5a","height":null,"num_floors":null,"render_height_m":9.6,"height_label":"assumed"}},{"type":"Feature","geometry":{"type":"Polygon","coordinates":[[[78.45641,17.404909],[78.45632,17.404915],[78.456314,17.404825],[78.456404,17.404819],[78.45641,17.404909]]]},"properties":{"id":"1b625c0ba0e8","height":null,"num_floors":null,"render_height_m":9.6,"height_label":"assumed"}},{"type":"Feature","geometry":{"type":"Polygon","coordinates":[[[78.456403,17.405013],[78.456274,17.405021],[78.456268,17.404934],[78.456397,17.404926],[78.456403,17.405013]]]},"properties":{"id":"b10cfb7eb57f","height":null,"num_floors":null,"render_height_m":9.6,"height_label":"assumed"}},{"type":"Feature","geometry":{"type":"Polygon","coordinates":[[[78.456305,17.405159],[78.456116,17.405173],[78.45611,17.405089],[78.456298,17.405076],[78.456305,17.405159]]]},"properties":{"id":"4291f21ff5c7","height":null,"num_floors":null,"render_height_m":9.6,"height_label":"assumed"}},{"type":"Feature","geometry":{"type":"Polygon","coordinates":[[[78.456271,17.405241],[78.45611,17.405251],[78.456105,17.405182],[78.456266,17.405172],[78.456271,17.405241]]]},"properties":{"id":"e0490a67ee59","height":null,"num_floors":null,"render_height_m":9.6,"height_label":"assumed"}},{"type":"Feature","geometry":{"type":"Polygon","coordinates":[[[78.456174,17.40506],[78.456102,17.405064],[78.456093,17.404943],[78.456166,17.404938],[78.456174,17.40506]]]},"properties":{"id":"2eff306b5724","height":null,"num_floors":null,"render_height_m":9.6,"height_label":"assumed"}},{"type":"Feature","geometry":{"type":"Polygon","coordinates":[[[78.456265,17.405252],[78.456271,17.405333],[78.456105,17.405343],[78.456099,17.405263],[78.456265,17.405252]]]},"properties":{"id":"9b49f8354f72","height":null,"num_floors":null,"render_height_m":9.6,"height_label":"assumed"}},{"type":"Feature","geometry":{"type":"Polygon","coordinates":[[[78.456254,17.405475],[78.456134,17.405483],[78.456128,17.405402],[78.456249,17.405395],[78.456254,17.405475]]]},"properties":{"id":"255aa7484327","height":null,"num_floors":null,"render_height_m":9.6,"height_label":"assumed"}},{"type":"Feature","geometry":{"type":"Polygon","coordinates":[[[78.456061,17.405895],[78.455939,17.405903],[78.455927,17.40572],[78.456048,17.405713],[78.456061,17.405895]]]},"properties":{"id":"79a5d8ed055e","height":null,"num_floors":null,"render_height_m":12.8,"height_label":"assumed"}},{"type":"Feature","geometry":{"type":"Polygon","coordinates":[[[78.456299,17.405659],[78.456145,17.405668],[78.45614,17.405591],[78.456293,17.405582],[78.456299,17.405659]]]},"properties":{"id":"eb0add7fb81e","height":null,"num_floors":null,"render_height_m":9.6,"height_label":"assumed"}},{"type":"Feature","geometry":{"type":"Polygon","coordinates":[[[78.456501,17.405768],[78.456192,17.405785],[78.456188,17.405709],[78.456496,17.405692],[78.456501,17.405768]]]},"properties":{"id":"8accabe213a3","height":null,"num_floors":null,"render_height_m":12.8,"height_label":"assumed"}},{"type":"Feature","geometry":{"type":"Polygon","coordinates":[[[78.456353,17.405416],[78.456388,17.405415],[78.45639,17.405456],[78.456355,17.405458],[78.456353,17.405416]]]},"properties":{"id":"1e629f02bf0d","height":null,"num_floors":null,"render_height_m":6.4,"height_label":"assumed"}},{"type":"Feature","geometry":{"type":"Polygon","coordinates":[[[78.456265,17.40557],[78.45614,17.405578],[78.456135,17.4055],[78.45626,17.405492],[78.456265,17.40557]]]},"properties":{"id":"015bae5f719e","height":null,"num_floors":null,"render_height_m":9.6,"height_label":"assumed"}},{"type":"Feature","geometry":{"type":"Polygon","coordinates":[[[78.456376,17.405317],[78.456287,17.405323],[78.456281,17.405227],[78.456369,17.405221],[78.456376,17.405317]]]},"properties":{"id":"714e72dd8c07","height":null,"num_floors":null,"render_height_m":9.6,"height_label":"assumed"}},{"type":"Feature","geometry":{"type":"Polygon","coordinates":[[[78.456459,17.405294],[78.456385,17.405299],[78.456377,17.405176],[78.45645,17.405172],[78.456459,17.405294]]]},"properties":{"id":"1c65a6504409","height":null,"num_floors":null,"render_height_m":9.6,"height_label":"assumed"}},{"type":"Feature","geometry":{"type":"Polygon","coordinates":[[[78.456521,17.405155],[78.456591,17.405149],[78.456599,17.405224],[78.456621,17.405221],[78.456624,17.405244],[78.456602,17.405245],[78.456615,17.405383],[78.456544,17.40539],[78.456521,17.405155]]]},"properties":{"id":"73234a08271d","height":null,"num_floors":null,"render_height_m":9.6,"height_label":"assumed"}},{"type":"Feature","geometry":{"type":"Polygon","coordinates":[[[78.456492,17.405575],[78.456485,17.405488],[78.456577,17.405482],[78.456584,17.405569],[78.456492,17.405575]]]},"properties":{"id":"d47098b002f8","height":null,"num_floors":null,"render_height_m":9.6,"height_label":"assumed"}},{"type":"Feature","geometry":{"type":"Polygon","coordinates":[[[78.456483,17.405578],[78.456424,17.405582],[78.456415,17.405453],[78.456474,17.405449],[78.456483,17.405578]]]},"properties":{"id":"58aae9f16608","height":null,"num_floors":null,"render_height_m":9.6,"height_label":"assumed"}},{"type":"Feature","geometry":{"type":"Polygon","coordinates":[[[78.456594,17.405696],[78.4566,17.40577],[78.45655,17.405774],[78.456544,17.4057],[78.456594,17.405696]]]},"properties":{"id":"2f685a54aaae","height":null,"num_floors":null,"render_height_m":6.4,"height_label":"assumed"}},{"type":"Feature","geometry":{"type":"Polygon","coordinates":[[[78.456694,17.405738],[78.456601,17.405745],[78.456592,17.405632],[78.456686,17.405626],[78.456694,17.405738]]]},"properties":{"id":"8abe667d33e6","height":null,"num_floors":null,"render_height_m":9.6,"height_label":"assumed"}},{"type":"Feature","geometry":{"type":"Polygon","coordinates":[[[78.456856,17.405855],[78.456682,17.405866],[78.456674,17.405746],[78.456848,17.405735],[78.456856,17.405855]]]},"properties":{"id":"6aa35fe2ab45","height":null,"num_floors":null,"render_height_m":9.6,"height_label":"assumed"}},{"type":"Feature","geometry":{"type":"Polygon","coordinates":[[[78.456825,17.405605],[78.456834,17.405719],[78.456703,17.405728],[78.456694,17.405614],[78.456825,17.405605]]]},"properties":{"id":"ae4aa5fe5eb7","height":null,"num_floors":null,"render_height_m":9.6,"height_label":"assumed"}},{"type":"Feature","geometry":{"type":"Polygon","coordinates":[[[78.456867,17.405427],[78.456879,17.405556],[78.456729,17.405569],[78.456717,17.40544],[78.456867,17.405427]]]},"properties":{"id":"95a08a98f666","height":null,"num_floors":null,"render_height_m":9.6,"height_label":"assumed"}},{"type":"Feature","geometry":{"type":"Polygon","coordinates":[[[78.456876,17.405198],[78.456885,17.405282],[78.456622,17.405307],[78.456613,17.405222],[78.456876,17.405198]]]},"properties":{"id":"87ed0000538f","height":null,"num_floors":null,"render_height_m":12.8,"height_label":"assumed"}},{"type":"Feature","geometry":{"type":"Polygon","coordinates":[[[78.456592,17.405013],[78.456629,17.40501],[78.456639,17.405106],[78.456602,17.405109],[78.456592,17.405013]]]},"properties":{"id":"25d8955cb653","height":null,"num_floors":null,"render_height_m":6.4,"height_label":"assumed"}},{"type":"Feature","geometry":{"type":"Polygon","coordinates":[[[78.456693,17.405015],[78.456708,17.405096],[78.456659,17.405105],[78.456643,17.405023],[78.456693,17.405015]]]},"properties":{"id":"a93da98da5d1","height":null,"num_floors":null,"render_height_m":6.4,"height_label":"assumed"}},{"type":"Feature","geometry":{"type":"Polygon","coordinates":[[[78.456619,17.405112],[78.456708,17.405096],[78.456727,17.405199],[78.456603,17.405221],[78.456588,17.405141],[78.456623,17.405135],[78.456619,17.405112]]]},"properties":{"id":"6a0c2d206468","height":null,"num_floors":null,"render_height_m":9.6,"height_label":"assumed"}},{"type":"Feature","geometry":{"type":"Polygon","coordinates":[[[78.456524,17.405035],[78.456532,17.405136],[78.456465,17.405141],[78.456457,17.40504],[78.456524,17.405035]]]},"properties":{"id":"cb7052d57449","height":null,"num_floors":null,"render_height_m":6.4,"height_label":"assumed"}},{"type":"Feature","geometry":{"type":"Polygon","coordinates":[[[78.456454,17.405008],[78.456442,17.40492],[78.456609,17.404899],[78.456634,17.404997],[78.456454,17.405008]]]},"properties":{"id":"4c2e804fb002","height":null,"num_floors":null,"render_height_m":9.6,"height_label":"assumed"}},{"type":"Feature","geometry":{"type":"Polygon","coordinates":[[[78.45658,17.404692],[78.456597,17.404781],[78.45652,17.404794],[78.456503,17.404706],[78.45658,17.404692]]]},"properties":{"id":"445db394962e","height":null,"num_floors":null,"render_height_m":9.6,"height_label":"assumed"}},{"type":"Feature","geometry":{"type":"Polygon","coordinates":[[[78.456454,17.404912],[78.456442,17.404831],[78.456588,17.404788],[78.456614,17.404869],[78.456454,17.404912]]]},"properties":{"id":"737516f6a2e8","height":null,"num_floors":null,"render_height_m":9.6,"height_label":"assumed"}},{"type":"Feature","geometry":{"type":"Polygon","coordinates":[[[78.456791,17.404742],[78.456713,17.404774],[78.456669,17.404676],[78.456747,17.404644],[78.456791,17.404742]]]},"properties":{"id":"65fcf3d0d149","height":null,"num_floors":null,"render_height_m":9.6,"height_label":"assumed"}},{"type":"Feature","geometry":{"type":"Polygon","coordinates":[[[78.456782,17.404883],[78.456693,17.404905],[78.456663,17.404798],[78.456752,17.404775],[78.456782,17.404883]]]},"properties":{"id":"fb62e10d04af","height":null,"num_floors":null,"render_height_m":9.6,"height_label":"assumed"}},{"type":"Feature","geometry":{"type":"Polygon","coordinates":[[[78.45672,17.404546],[78.456796,17.404541],[78.456799,17.404581],[78.456723,17.404586],[78.45672,17.404546]]]},"properties":{"id":"436bf3844cc2","height":null,"num_floors":null,"render_height_m":6.4,"height_label":"assumed"}},{"type":"Feature","geometry":{"type":"Polygon","coordinates":[[[78.457019,17.404805],[78.457033,17.404866],[78.456976,17.404879],[78.456961,17.404818],[78.457019,17.404805]]]},"properties":{"id":"2d421dbaf40c","height":null,"num_floors":null,"render_height_m":6.4,"height_label":"assumed"}},{"type":"Feature","geometry":{"type":"Polygon","coordinates":[[[78.456921,17.404761],[78.456803,17.404769],[78.456795,17.404661],[78.456913,17.404653],[78.456921,17.404761]]]},"properties":{"id":"132ab679898d","height":null,"num_floors":null,"render_height_m":9.6,"height_label":"assumed"}},{"type":"Feature","geometry":{"type":"Polygon","coordinates":[[[78.456895,17.404789],[78.456898,17.404818],[78.456778,17.404828],[78.456776,17.404799],[78.456895,17.404789]]]},"properties":{"id":"33ada1185cc7","height":null,"num_floors":null,"render_height_m":6.4,"height_label":"assumed"}},{"type":"Feature","geometry":{"type":"Polygon","coordinates":[[[78.45696,17.404944],[78.456717,17.405012],[78.456698,17.404948],[78.456941,17.404881],[78.45696,17.404944]]]},"properties":{"id":"f4f9114764e0","height":null,"num_floors":null,"render_height_m":9.6,"height_label":"assumed"}},{"type":"Feature","geometry":{"type":"Polygon","coordinates":[[[78.456831,17.405058],[78.456875,17.405048],[78.456896,17.405132],[78.456852,17.405142],[78.456831,17.405058]]]},"properties":{"id":"8cd4fc7fafb9","height":null,"num_floors":null,"render_height_m":6.4,"height_label":"assumed"}},{"type":"Feature","geometry":{"type":"Polygon","coordinates":[[[78.457168,17.40504],[78.457189,17.405126],[78.457122,17.405141],[78.4571,17.405056],[78.457168,17.40504]]]},"properties":{"id":"3e5af07f8005","height":null,"num_floors":null,"render_height_m":6.4,"height_label":"assumed"}},{"type":"Feature","geometry":{"type":"Polygon","coordinates":[[[78.457113,17.405008],[78.457092,17.404939],[78.457239,17.404899],[78.45726,17.404968],[78.457113,17.405008]]]},"properties":{"id":"402db9e646df","height":null,"num_floors":null,"render_height_m":9.6,"height_label":"assumed"}},{"type":"Feature","geometry":{"type":"Polygon","coordinates":[[[78.457223,17.404803],[78.457143,17.404828],[78.457101,17.404704],[78.457181,17.404679],[78.457223,17.404803]]]},"properties":{"id":"fa6ec23ccee2","height":null,"num_floors":null,"render_height_m":9.6,"height_label":"assumed"}},{"type":"Feature","geometry":{"type":"Polygon","coordinates":[[[78.457244,17.404815],[78.457186,17.404657],[78.457334,17.404608],[78.457392,17.404766],[78.457244,17.404815]]]},"properties":{"id":"0e16b5bf58be","height":null,"num_floors":null,"render_height_m":12.8,"height_label":"assumed"}},{"type":"Feature","geometry":{"type":"Polygon","coordinates":[[[78.457598,17.404536],[78.457629,17.404537],[78.457626,17.404587],[78.457595,17.404585],[78.457598,17.404536]]]},"properties":{"id":"ebe540c1cf58","height":null,"num_floors":null,"render_height_m":6.4,"height_label":"assumed"}},{"type":"Feature","geometry":{"type":"Polygon","coordinates":[[[78.457606,17.40507],[78.457554,17.405071],[78.457549,17.40494],[78.457601,17.404938],[78.457606,17.40507]]]},"properties":{"id":"189015aa8298","height":null,"num_floors":null,"render_height_m":9.6,"height_label":"assumed"}},{"type":"Feature","geometry":{"type":"Polygon","coordinates":[[[78.457528,17.405185],[78.457524,17.405085],[78.457613,17.405081],[78.457618,17.405182],[78.457528,17.405185]]]},"properties":{"id":"569067453349","height":null,"num_floors":null,"render_height_m":9.6,"height_label":"assumed"}},{"type":"Feature","geometry":{"type":"Polygon","coordinates":[[[78.457467,17.40505],[78.457473,17.405096],[78.457383,17.405107],[78.457377,17.405061],[78.457467,17.40505]]]},"properties":{"id":"34d6f0e0d29a","height":null,"num_floors":null,"render_height_m":6.4,"height_label":"assumed"}},{"type":"Feature","geometry":{"type":"Polygon","coordinates":[[[78.457347,17.405075],[78.457256,17.405098],[78.457244,17.405051],[78.457334,17.405029],[78.457347,17.405075]]]},"properties":{"id":"890bf81bf7f3","height":null,"num_floors":null,"render_height_m":6.4,"height_label":"assumed"}},{"type":"Feature","geometry":{"type":"Polygon","coordinates":[[[78.45742,17.405643],[78.457181,17.405641],[78.457184,17.405394],[78.457423,17.405397],[78.45742,17.405643]]]},"properties":{"id":"044a8eb48971","height":null,"num_floors":null,"render_height_m":12.8,"height_label":"assumed"}},{"type":"Feature","geometry":{"type":"Polygon","coordinates":[[[78.457429,17.405335],[78.457321,17.405342],[78.45731,17.405188],[78.457418,17.40518],[78.457429,17.405335]]]},"properties":{"id":"8d28968daedf","height":null,"num_floors":null,"render_height_m":9.6,"height_label":"assumed"}},{"type":"Feature","geometry":{"type":"Polygon","coordinates":[[[78.457557,17.40523],[78.457627,17.405233],[78.457624,17.40532],[78.457554,17.405317],[78.457557,17.40523]]]},"properties":{"id":"77e6cae5eb49","height":null,"num_floors":null,"render_height_m":6.4,"height_label":"assumed"}},{"type":"Feature","geometry":{"type":"Polygon","coordinates":[[[78.457443,17.405447],[78.457486,17.405446],[78.457488,17.40551],[78.457445,17.405511],[78.457443,17.405447]]]},"properties":{"id":"62b9cb00f8c3","height":null,"num_floors":null,"render_height_m":6.4,"height_label":"assumed"}},{"type":"Feature","geometry":{"type":"Polygon","coordinates":[[[78.457513,17.405572],[78.457515,17.405654],[78.457478,17.405655],[78.457476,17.405573],[78.457513,17.405572]]]},"properties":{"id":"8869a9fa72e4","height":null,"num_floors":null,"render_height_m":6.4,"height_label":"assumed"}},{"type":"Feature","geometry":{"type":"Polygon","coordinates":[[[78.457424,17.405835],[78.457499,17.405833],[78.457503,17.405957],[78.457428,17.40596],[78.457424,17.405835]]]},"properties":{"id":"b8225a981987","height":null,"num_floors":null,"render_height_m":9.6,"height_label":"assumed"}},{"type":"Feature","geometry":{"type":"Polygon","coordinates":[[[78.457169,17.405806],[78.457171,17.405652],[78.457456,17.405654],[78.457454,17.405809],[78.457169,17.405806]]]},"properties":{"id":"204f868dde30","height":null,"num_floors":null,"render_height_m":12.8,"height_label":"assumed"}},{"type":"Feature","geometry":{"type":"Polygon","coordinates":[[[78.457269,17.40584],[78.457326,17.405839],[78.45733,17.405963],[78.457274,17.405965],[78.457269,17.40584]]]},"properties":{"id":"84f1472ae635","height":null,"num_floors":null,"render_height_m":9.6,"height_label":"assumed"}},{"type":"Feature","geometry":{"type":"Polygon","coordinates":[[[78.457122,17.405702],[78.457162,17.405701],[78.457165,17.405807],[78.457124,17.405808],[78.457122,17.405702]]]},"properties":{"id":"06fa968377b8","height":null,"num_floors":null,"render_height_m":6.4,"height_label":"assumed"}},{"type":"Feature","geometry":{"type":"Polygon","coordinates":[[[78.45708,17.405782],[78.457126,17.40578],[78.457127,17.405817],[78.457082,17.405818],[78.45708,17.405782]]]},"properties":{"id":"46c4486c1ddd","height":null,"num_floors":null,"render_height_m":6.4,"height_label":"assumed"}},{"type":"Feature","geometry":{"type":"Polygon","coordinates":[[[78.457028,17.405569],[78.457119,17.405567],[78.457123,17.405773],[78.457032,17.405775],[78.457028,17.405569]]]},"properties":{"id":"79d71e936a6d","height":null,"num_floors":null,"render_height_m":9.6,"height_label":"assumed"}},{"type":"Feature","geometry":{"type":"Polygon","coordinates":[[[78.457271,17.405338],[78.457135,17.405337],[78.457137,17.405209],[78.457272,17.40521],[78.457271,17.405338]]]},"properties":{"id":"2910b16864d8","height":null,"num_floors":null,"render_height_m":9.6,"height_label":"assumed"}},{"type":"Feature","geometry":{"type":"Polygon","coordinates":[[[78.457053,17.405352],[78.456969,17.405355],[78.456972,17.405216],[78.45705,17.405219],[78.457053,17.405352]]]},"properties":{"id":"883e73a86349","height":null,"num_floors":null,"render_height_m":9.6,"height_label":"assumed"}},{"type":"Feature","geometry":{"type":"Polygon","coordinates":[[[78.456883,17.406076],[78.456758,17.406084],[78.456744,17.405887],[78.456869,17.405879],[78.456883,17.406076]]]},"properties":{"id":"914c24be15e4","height":null,"num_floors":null,"render_height_m":12.8,"height_label":"assumed"}},{"type":"Feature","geometry":{"type":"Polygon","coordinates":[[[78.456899,17.406601],[78.456834,17.406603],[78.456828,17.40647],[78.456893,17.406467],[78.456899,17.406601]]]},"properties":{"id":"97a846869853","height":null,"num_floors":null,"render_height_m":9.6,"height_label":"assumed"}},{"type":"Feature","geometry":{"type":"Polygon","coordinates":[[[78.457085,17.406406],[78.457123,17.406405],[78.457128,17.406551],[78.45709,17.406553],[78.457085,17.406406]]]},"properties":{"id":"18a824c076d1","height":null,"num_floors":null,"render_height_m":6.4,"height_label":"assumed"}},{"type":"Feature","geometry":{"type":"Polygon","coordinates":[[[78.457187,17.406549],[78.457245,17.406547],[78.45725,17.406673],[78.457191,17.406675],[78.457187,17.406549]]]},"properties":{"id":"8fcc42d491a9","height":null,"num_floors":null,"render_height_m":9.6,"height_label":"assumed"}},{"type":"Feature","geometry":{"type":"Polygon","coordinates":[[[78.457181,17.406403],[78.457227,17.406402],[78.457233,17.406548],[78.457187,17.406549],[78.457181,17.406403]]]},"properties":{"id":"68ce9e8bc80b","height":null,"num_floors":null,"render_height_m":6.4,"height_label":"assumed"}},{"type":"Feature","geometry":{"type":"Polygon","coordinates":[[[78.457181,17.406105],[78.457225,17.40611],[78.457221,17.406153],[78.457176,17.406149],[78.457181,17.406105]]]},"properties":{"id":"05f97e52ebe8","height":null,"num_floors":null,"render_height_m":6.4,"height_label":"assumed"}},{"type":"Feature","geometry":{"type":"Polygon","coordinates":[[[78.457173,17.40612],[78.45718,17.406247],[78.457123,17.406249],[78.457117,17.406123],[78.457173,17.40612]]]},"properties":{"id":"84ccc9101dbd","height":null,"num_floors":null,"render_height_m":9.6,"height_label":"assumed"}},{"type":"Feature","geometry":{"type":"Polygon","coordinates":[[[78.457223,17.405966],[78.457227,17.406086],[78.457172,17.406088],[78.457168,17.405968],[78.457223,17.405966]]]},"properties":{"id":"98a78ff468b2","height":null,"num_floors":null,"render_height_m":6.4,"height_label":"assumed"}},{"type":"Feature","geometry":{"type":"Polygon","coordinates":[[[78.457258,17.405915],[78.457264,17.405956],[78.45722,17.405961],[78.457215,17.405921],[78.457258,17.405915]]]},"properties":{"id":"308daae62bbf","height":null,"num_floors":null,"render_height_m":6.4,"height_label":"assumed"}},{"type":"Feature","geometry":{"type":"Polygon","coordinates":[[[78.457274,17.405965],[78.45733,17.405963],[78.457334,17.406083],[78.457278,17.406085],[78.457274,17.405965]]]},"properties":{"id":"c09539b3eb57","height":null,"num_floors":null,"render_height_m":6.4,"height_label":"assumed"}},{"type":"Feature","geometry":{"type":"Polygon","coordinates":[[[78.457222,17.406123],[78.457323,17.406119],[78.457328,17.406243],[78.457227,17.406247],[78.457222,17.406123]]]},"properties":{"id":"7efa9ffcb074","height":null,"num_floors":null,"render_height_m":9.6,"height_label":"assumed"}},{"type":"Feature","geometry":{"type":"Polygon","coordinates":[[[78.457539,17.406111],[78.457544,17.406235],[78.457435,17.406239],[78.45743,17.406115],[78.457539,17.406111]]]},"properties":{"id":"29587631657a","height":null,"num_floors":null,"render_height_m":9.6,"height_label":"assumed"}},{"type":"Feature","geometry":{"type":"Polygon","coordinates":[[[78.457492,17.406347],[78.457386,17.406348],[78.457384,17.406256],[78.457491,17.406255],[78.457492,17.406347]]]},"properties":{"id":"19425de2ade6","height":null,"num_floors":null,"render_height_m":9.6,"height_label":"assumed"}},{"type":"Feature","geometry":{"type":"Polygon","coordinates":[[[78.457663,17.406512],[78.457664,17.406609],[78.457608,17.40661],[78.457607,17.406513],[78.457663,17.406512]]]},"properties":{"id":"94e1978b1c10","height":null,"num_floors":null,"render_height_m":6.4,"height_label":"assumed"}},{"type":"Feature","geometry":{"type":"Polygon","coordinates":[[[78.457445,17.406393],[78.457552,17.40639],[78.45756,17.406654],[78.457453,17.406657],[78.457445,17.406393]]]},"properties":{"id":"0202a6394c8a","height":null,"num_floors":null,"render_height_m":12.8,"height_label":"assumed"}},{"type":"Feature","geometry":{"type":"Polygon","coordinates":[[[78.457364,17.406608],[78.457334,17.406609],[78.457333,17.406516],[78.457363,17.406516],[78.457364,17.406608]]]},"properties":{"id":"fbe75f77c905","height":null,"num_floors":null,"render_height_m":6.4,"height_label":"assumed"}},{"type":"Feature","geometry":{"type":"Polygon","coordinates":[[[78.457231,17.406406],[78.457281,17.406404],[78.457285,17.406532],[78.457235,17.406533],[78.457231,17.406406]]]},"properties":{"id":"233b76055cc0","height":null,"num_floors":null,"render_height_m":6.4,"height_label":"assumed"}},{"type":"Feature","geometry":{"type":"Polygon","coordinates":[[[78.457256,17.406685],[78.457305,17.406689],[78.457295,17.406813],[78.457246,17.406809],[78.457256,17.406685]]]},"properties":{"id":"18a19789777c","height":null,"num_floors":null,"render_height_m":6.4,"height_label":"assumed"}},{"type":"Feature","geometry":{"type":"Polygon","coordinates":[[[78.457185,17.40682],[78.457292,17.406817],[78.457296,17.406935],[78.457189,17.406938],[78.457185,17.40682]]]},"properties":{"id":"6729c1cd38e6","height":null,"num_floors":null,"render_height_m":9.6,"height_label":"assumed"}},{"type":"Feature","geometry":{"type":"Polygon","coordinates":[[[78.457453,17.4068],[78.457551,17.406796],[78.457556,17.40694],[78.457458,17.406943],[78.457453,17.4068]]]},"properties":{"id":"619d0ce7f383","height":null,"num_floors":null,"render_height_m":9.6,"height_label":"assumed"}},{"type":"Feature","geometry":{"type":"Polygon","coordinates":[[[78.457569,17.40709],[78.457573,17.407224],[78.45741,17.407228],[78.457407,17.407094],[78.457569,17.40709]]]},"properties":{"id":"e1444a030578","height":null,"num_floors":null,"render_height_m":12.8,"height_label":"assumed"}},{"type":"Feature","geometry":{"type":"Polygon","coordinates":[[[78.457266,17.406968],[78.457403,17.406964],[78.457407,17.407094],[78.45727,17.407097],[78.457266,17.406968]]]},"properties":{"id":"f133dab2eed4","height":null,"num_floors":null,"render_height_m":9.6,"height_label":"assumed"}},{"type":"Feature","geometry":{"type":"Polygon","coordinates":[[[78.457193,17.407099],[78.457352,17.407095],[78.457356,17.407229],[78.457273,17.407231],[78.457272,17.407174],[78.457217,17.407175],[78.457216,17.407133],[78.457194,17.407134],[78.457193,17.407099]]]},"properties":{"id":"779c5c421a12","height":null,"num_floors":null,"render_height_m":9.6,"height_label":"assumed"}},{"type":"Feature","geometry":{"type":"Polygon","coordinates":[[[78.457247,17.406687],[78.457251,17.40681],[78.457118,17.406814],[78.457118,17.406822],[78.457058,17.406824],[78.457054,17.406693],[78.457247,17.406687]]]},"properties":{"id":"d3b26725e450","height":null,"num_floors":null,"render_height_m":12.8,"height_label":"assumed"}},{"type":"Feature","geometry":{"type":"Polygon","coordinates":[[[78.45705,17.406587],[78.457129,17.406585],[78.457132,17.406659],[78.457053,17.406662],[78.45705,17.406587]]]},"properties":{"id":"8031512e24a5","height":null,"num_floors":null,"render_height_m":6.4,"height_label":"assumed"}},{"type":"Feature","geometry":{"type":"Polygon","coordinates":[[[78.457067,17.4069],[78.457126,17.406898],[78.457127,17.406939],[78.457068,17.406941],[78.457067,17.4069]]]},"properties":{"id":"5a19c44cedc0","height":null,"num_floors":null,"render_height_m":6.4,"height_label":"assumed"}},{"type":"Feature","geometry":{"type":"Polygon","coordinates":[[[78.456913,17.406858],[78.456938,17.406859],[78.456936,17.406908],[78.456911,17.406907],[78.456913,17.406858]]]},"properties":{"id":"770b3f9521e9","height":null,"num_floors":null,"render_height_m":6.4,"height_label":"assumed"}},{"type":"Feature","geometry":{"type":"Polygon","coordinates":[[[78.456895,17.407196],[78.456788,17.407188],[78.456802,17.407038],[78.456908,17.407046],[78.456895,17.407196]]]},"properties":{"id":"56ccc8700337","height":null,"num_floors":null,"render_height_m":9.6,"height_label":"assumed"}},{"type":"Feature","geometry":{"type":"Polygon","coordinates":[[[78.45693,17.407072],[78.456965,17.407073],[78.456963,17.407152],[78.456928,17.407152],[78.45693,17.407072]]]},"properties":{"id":"8103a27bb666","height":null,"num_floors":null,"render_height_m":6.4,"height_label":"assumed"}},{"type":"Feature","geometry":{"type":"Polygon","coordinates":[[[78.4567,17.407194],[78.456775,17.407198],[78.456771,17.407273],[78.456695,17.407269],[78.4567,17.407194]]]},"properties":{"id":"d1f357310047","height":null,"num_floors":null,"render_height_m":6.4,"height_label":"assumed"}},{"type":"Feature","geometry":{"type":"Polygon","coordinates":[[[78.456705,17.407073],[78.456778,17.407075],[78.456775,17.407186],[78.456702,17.407184],[78.456705,17.407073]]]},"properties":{"id":"88ff2b592863","height":null,"num_floors":null,"render_height_m":9.6,"height_label":"assumed"}},{"type":"Feature","geometry":{"type":"Polygon","coordinates":[[[78.456697,17.407067],[78.456701,17.407153],[78.456636,17.407156],[78.456632,17.40707],[78.456697,17.407067]]]},"properties":{"id":"dfe592d6b5a7","height":null,"num_floors":null,"render_height_m":6.4,"height_label":"assumed"}},{"type":"Feature","geometry":{"type":"Polygon","coordinates":[[[78.45648,17.407189],[78.45655,17.407186],[78.456558,17.40732],[78.456487,17.407324],[78.45648,17.407189]]]},"properties":{"id":"7c16f411fa2a","height":null,"num_floors":null,"render_height_m":9.6,"height_label":"assumed"}},{"type":"Feature","geometry":{"type":"Polygon","coordinates":[[[78.456398,17.407084],[78.456472,17.407079],[78.456479,17.40719],[78.456405,17.407194],[78.456398,17.407084]]]},"properties":{"id":"82e58a9806dc","height":null,"num_floors":null,"render_height_m":9.6,"height_label":"assumed"}},{"type":"Feature","geometry":{"type":"Polygon","coordinates":[[[78.456544,17.407075],[78.456548,17.407143],[78.456478,17.407147],[78.456474,17.407079],[78.456544,17.407075]]]},"properties":{"id":"4d6b8f4b37ec","height":null,"num_floors":null,"render_height_m":6.4,"height_label":"assumed"}},{"type":"Feature","geometry":{"type":"Polygon","coordinates":[[[78.456282,17.406851],[78.456276,17.40673],[78.456802,17.406706],[78.456808,17.406823],[78.45675,17.406825],[78.456749,17.406805],[78.456332,17.406824],[78.456333,17.406849],[78.456282,17.406851]]]},"properties":{"id":"edd4d48c5e1a","height":null,"num_floors":null,"render_height_m":12.8,"height_label":"assumed"}},{"type":"Feature","geometry":{"type":"Polygon","coordinates":[[[78.456826,17.406601],[78.456671,17.406607],[78.456667,17.406503],[78.456821,17.406497],[78.456826,17.406601]]]},"properties":{"id":"72f5851a0b7e","height":null,"num_floors":null,"render_height_m":9.6,"height_label":"assumed"}},{"type":"Feature","geometry":{"type":"Polygon","coordinates":[[[78.456651,17.406603],[78.456572,17.406604],[78.456568,17.406421],[78.456647,17.406419],[78.456651,17.406603]]]},"properties":{"id":"7db744f3f0b6","height":null,"num_floors":null,"render_height_m":9.6,"height_label":"assumed"}},{"type":"Feature","geometry":{"type":"Polygon","coordinates":[[[78.456849,17.406457],[78.456686,17.406462],[78.456683,17.40636],[78.456845,17.406354],[78.456849,17.406457]]]},"properties":{"id":"70504a2e6289","height":null,"num_floors":null,"render_height_m":9.6,"height_label":"assumed"}},{"type":"Feature","geometry":{"type":"Polygon","coordinates":[[[78.456852,17.406337],[78.456686,17.406339],[78.456684,17.406147],[78.45685,17.406145],[78.456852,17.406337]]]},"properties":{"id":"7406fbd0c9d4","height":null,"num_floors":null,"render_height_m":12.8,"height_label":"assumed"}},{"type":"Feature","geometry":{"type":"Polygon","coordinates":[[[78.456733,17.405884],[78.456746,17.406071],[78.456651,17.406077],[78.456639,17.40589],[78.456733,17.405884]]]},"properties":{"id":"0fb12fbe1d74","height":null,"num_floors":null,"render_height_m":9.6,"height_label":"assumed"}},{"type":"Feature","geometry":{"type":"Polygon","coordinates":[[[78.456614,17.406334],[78.456488,17.406343],[78.456473,17.406153],[78.456598,17.406144],[78.456614,17.406334]]]},"properties":{"id":"82c9ba513fd6","height":null,"num_floors":null,"render_height_m":12.8,"height_label":"assumed"}},{"type":"Feature","geometry":{"type":"Polygon","coordinates":[[[78.456631,17.405891],[78.456643,17.406068],[78.456499,17.406077],[78.456487,17.4059],[78.456631,17.405891]]]},"properties":{"id":"9b6da88b5ea7","height":null,"num_floors":null,"render_height_m":12.8,"height_label":"assumed"}},{"type":"Feature","geometry":{"type":"Polygon","coordinates":[[[78.456482,17.406075],[78.456322,17.406074],[78.456324,17.405803],[78.456483,17.405804],[78.456482,17.406075]]]},"properties":{"id":"bfe3fe808b51","height":null,"num_floors":null,"render_height_m":12.8,"height_label":"assumed"}},{"type":"Feature","geometry":{"type":"Polygon","coordinates":[[[78.456482,17.406361],[78.456518,17.406363],[78.456514,17.406406],[78.456479,17.406404],[78.456482,17.406361]]]},"properties":{"id":"a8ec738bcd54","height":null,"num_floors":null,"render_height_m":6.4,"height_label":"assumed"}},{"type":"Feature","geometry":{"type":"Polygon","coordinates":[[[78.45653,17.406361],[78.456571,17.406364],[78.456568,17.406403],[78.456526,17.406399],[78.45653,17.406361]]]},"properties":{"id":"78c85a474845","height":null,"num_floors":null,"render_height_m":6.4,"height_label":"assumed"}},{"type":"Feature","geometry":{"type":"Polygon","coordinates":[[[78.456542,17.40662],[78.456431,17.406618],[78.456432,17.406544],[78.456544,17.406546],[78.456542,17.40662]]]},"properties":{"id":"54c1f0c6d1d7","height":null,"num_floors":null,"render_height_m":9.6,"height_label":"assumed"}},{"type":"Feature","geometry":{"type":"Polygon","coordinates":[[[78.456415,17.406576],[78.456284,17.40658],[78.456276,17.406382],[78.456408,17.406378],[78.456415,17.406576]]]},"properties":{"id":"2fa0ac4e218c","height":null,"num_floors":null,"render_height_m":12.8,"height_label":"assumed"}},{"type":"Feature","geometry":{"type":"Polygon","coordinates":[[[78.45646,17.406308],[78.456201,17.406328],[78.456186,17.406147],[78.456445,17.406127],[78.45646,17.406308]]]},"properties":{"id":"e94e11ee91ff","height":null,"num_floors":null,"render_height_m":12.8,"height_label":"assumed"}},{"type":"Feature","geometry":{"type":"Polygon","coordinates":[[[78.45628,17.405909],[78.456292,17.406086],[78.456178,17.406093],[78.456166,17.405916],[78.45628,17.405909]]]},"properties":{"id":"309fad82dd29","height":null,"num_floors":null,"render_height_m":9.6,"height_label":"assumed"}},{"type":"Feature","geometry":{"type":"Polygon","coordinates":[[[78.456068,17.406018],[78.455965,17.406025],[78.455957,17.405918],[78.45606,17.405912],[78.456068,17.406018]]]},"properties":{"id":"15131cf3fa30","height":null,"num_floors":null,"render_height_m":9.6,"height_label":"assumed"}},{"type":"Feature","geometry":{"type":"Polygon","coordinates":[[[78.456127,17.406332],[78.455989,17.406341],[78.455976,17.406151],[78.456114,17.406142],[78.456127,17.406332]]]},"properties":{"id":"afb944975e38","height":null,"num_floors":null,"render_height_m":12.8,"height_label":"assumed"}},{"type":"Feature","geometry":{"type":"Polygon","coordinates":[[[78.456057,17.406525],[78.455947,17.406532],[78.455936,17.406363],[78.456045,17.406357],[78.456057,17.406525]]]},"properties":{"id":"daf1c7bc4351","height":null,"num_floors":null,"render_height_m":9.6,"height_label":"assumed"}},{"type":"Feature","geometry":{"type":"Polygon","coordinates":[[[78.456169,17.40652],[78.456076,17.406526],[78.456065,17.406365],[78.456158,17.406359],[78.456169,17.40652]]]},"properties":{"id":"50035cf6f766","height":null,"num_floors":null,"render_height_m":9.6,"height_label":"assumed"}},{"type":"Feature","geometry":{"type":"Polygon","coordinates":[[[78.456009,17.406553],[78.456081,17.406547],[78.456086,17.406597],[78.456014,17.406602],[78.456009,17.406553]]]},"properties":{"id":"6346be63e97b","height":null,"num_floors":null,"render_height_m":6.4,"height_label":"assumed"}},{"type":"Feature","geometry":{"type":"Polygon","coordinates":[[[78.456104,17.406867],[78.456174,17.406865],[78.456177,17.406957],[78.456108,17.406959],[78.456104,17.406867]]]},"properties":{"id":"e26009754729","height":null,"num_floors":null,"render_height_m":6.4,"height_label":"assumed"}},{"type":"Feature","geometry":{"type":"Polygon","coordinates":[[[78.456278,17.407132],[78.456207,17.407136],[78.456203,17.407057],[78.456273,17.407053],[78.456278,17.407132]]]},"properties":{"id":"560ec04b7076","height":null,"num_floors":null,"render_height_m":6.4,"height_label":"assumed"}},{"type":"Feature","geometry":{"type":"Polygon","coordinates":[[[78.456345,17.40716],[78.456288,17.407161],[78.456285,17.407051],[78.456342,17.40705],[78.456345,17.40716]]]},"properties":{"id":"5cce4d213548","height":null,"num_floors":null,"render_height_m":6.4,"height_label":"assumed"}},{"type":"Feature","geometry":{"type":"Polygon","coordinates":[[[78.456205,17.407221],[78.456219,17.4074],[78.456108,17.407408],[78.456094,17.407229],[78.456205,17.407221]]]},"properties":{"id":"b4a956720d2a","height":null,"num_floors":null,"render_height_m":9.6,"height_label":"assumed"}},{"type":"Feature","geometry":{"type":"Polygon","coordinates":[[[78.456157,17.407062],[78.456181,17.407114],[78.456133,17.407133],[78.456109,17.407082],[78.456157,17.407062]]]},"properties":{"id":"b7b647a40a1c","height":null,"num_floors":null,"render_height_m":6.4,"height_label":"assumed"}},{"type":"Feature","geometry":{"type":"Polygon","coordinates":[[[78.456169,17.407415],[78.456199,17.407416],[78.456198,17.407456],[78.456168,17.407455],[78.456169,17.407415]]]},"properties":{"id":"4dbba504207f","height":null,"num_floors":null,"render_height_m":6.4,"height_label":"assumed"}},{"type":"Feature","geometry":{"type":"Polygon","coordinates":[[[78.456104,17.407489],[78.456107,17.407413],[78.456169,17.407415],[78.456167,17.407491],[78.456104,17.407489]]]},"properties":{"id":"798f1a5a6f8a","height":null,"num_floors":null,"render_height_m":6.4,"height_label":"assumed"}},{"type":"Feature","geometry":{"type":"Polygon","coordinates":[[[78.456281,17.40746],[78.456284,17.407509],[78.456206,17.407514],[78.456203,17.407465],[78.456281,17.40746]]]},"properties":{"id":"203b315a34cb","height":null,"num_floors":null,"render_height_m":6.4,"height_label":"assumed"}},{"type":"Feature","geometry":{"type":"Polygon","coordinates":[[[78.4562,17.407414],[78.456342,17.407405],[78.456345,17.407457],[78.456203,17.407465],[78.4562,17.407414]]]},"properties":{"id":"1b74ffb37e87","height":null,"num_floors":null,"render_height_m":9.6,"height_label":"assumed"}},{"type":"Feature","geometry":{"type":"Polygon","coordinates":[[[78.456338,17.407389],[78.456335,17.407262],[78.456425,17.407259],[78.456428,17.407387],[78.456338,17.407389]]]},"properties":{"id":"16247300b2db","height":null,"num_floors":null,"render_height_m":9.6,"height_label":"assumed"}},{"type":"Feature","geometry":{"type":"Polygon","coordinates":[[[78.456356,17.407405],[78.456418,17.407401],[78.456421,17.407452],[78.456359,17.407456],[78.456356,17.407405]]]},"properties":{"id":"7aa0e1233236","height":null,"num_floors":null,"render_height_m":6.4,"height_label":"assumed"}},{"type":"Feature","geometry":{"type":"Polygon","coordinates":[[[78.456359,17.407456],[78.456421,17.407452],[78.456422,17.407473],[78.45636,17.407477],[78.456359,17.407456]]]},"properties":{"id":"d4d0a1a0ff9f","height":null,"num_floors":null,"render_height_m":6.4,"height_label":"assumed"}},{"type":"Feature","geometry":{"type":"Polygon","coordinates":[[[78.456499,17.407526],[78.456569,17.407523],[78.456571,17.407555],[78.4565,17.407558],[78.456499,17.407526]]]},"properties":{"id":"2b1395415800","height":null,"num_floors":null,"render_height_m":6.4,"height_label":"assumed"}},{"type":"Feature","geometry":{"type":"Polygon","coordinates":[[[78.456424,17.407506],[78.456497,17.407502],[78.456503,17.407607],[78.45643,17.40761],[78.456424,17.407506]]]},"properties":{"id":"ba3e2f679c59","height":null,"num_floors":null,"render_height_m":9.6,"height_label":"assumed"}},{"type":"Feature","geometry":{"type":"Polygon","coordinates":[[[78.456506,17.407462],[78.456446,17.407463],[78.456443,17.40739],[78.456503,17.407388],[78.456506,17.407462]]]},"properties":{"id":"d76fa1309fb1","height":null,"num_floors":null,"render_height_m":6.4,"height_label":"assumed"}},{"type":"Feature","geometry":{"type":"Polygon","coordinates":[[[78.457054,17.407426],[78.45688,17.407439],[78.456869,17.4073],[78.457043,17.407287],[78.457054,17.407426]]]},"properties":{"id":"8763e42ebae4","height":null,"num_floors":null,"render_height_m":12.8,"height_label":"assumed"}},{"type":"Feature","geometry":{"type":"Polygon","coordinates":[[[78.457003,17.407452],[78.457008,17.407533],[78.456954,17.407535],[78.45695,17.407455],[78.457003,17.407452]]]},"properties":{"id":"687b44036dae","height":null,"num_floors":null,"render_height_m":6.4,"height_label":"assumed"}},{"type":"Feature","geometry":{"type":"Polygon","coordinates":[[[78.456978,17.407547],[78.457118,17.40754],[78.457121,17.407599],[78.456982,17.407606],[78.456978,17.407547]]]},"properties":{"id":"1fcf9b88c372","height":null,"num_floors":null,"render_height_m":9.6,"height_label":"assumed"}},{"type":"Feature","geometry":{"type":"Polygon","coordinates":[[[78.457101,17.407447],[78.457106,17.407528],[78.457079,17.407529],[78.457075,17.407448],[78.457101,17.407447]]]},"properties":{"id":"7245ad5ac65a","height":null,"num_floors":null,"render_height_m":6.4,"height_label":"assumed"}},{"type":"Feature","geometry":{"type":"Polygon","coordinates":[[[78.457003,17.407452],[78.457075,17.407448],[78.457079,17.407529],[78.457008,17.407533],[78.457003,17.407452]]]},"properties":{"id":"c9179294c438","height":null,"num_floors":null,"render_height_m":6.4,"height_label":"assumed"}},{"type":"Feature","geometry":{"type":"Polygon","coordinates":[[[78.457106,17.407346],[78.457166,17.407342],[78.457174,17.407447],[78.457114,17.407452],[78.457106,17.407346]]]},"properties":{"id":"f2633b7938bb","height":null,"num_floors":null,"render_height_m":6.4,"height_label":"assumed"}},{"type":"Feature","geometry":{"type":"Polygon","coordinates":[[[78.45747,17.407276],[78.457471,17.407449],[78.45734,17.407449],[78.45734,17.407276],[78.45747,17.407276]]]},"properties":{"id":"bb64c69911f2","height":null,"num_floors":null,"render_height_m":12.8,"height_label":"assumed"}},{"type":"Feature","geometry":{"type":"Polygon","coordinates":[[[78.457559,17.407277],[78.457559,17.407449],[78.457489,17.40745],[78.457489,17.407277],[78.457559,17.407277]]]},"properties":{"id":"f10ae725eda5","height":null,"num_floors":null,"render_height_m":9.6,"height_label":"assumed"}},{"type":"Feature","geometry":{"type":"Polygon","coordinates":[[[78.45763,17.407599],[78.457564,17.407599],[78.457563,17.407467],[78.457629,17.407467],[78.45763,17.407599]]]},"properties":{"id":"cc6433092732","height":null,"num_floors":null,"render_height_m":9.6,"height_label":"assumed"}},{"type":"Feature","geometry":{"type":"Polygon","coordinates":[[[78.455509,17.407725],[78.455333,17.407734],[78.455325,17.407602],[78.455333,17.407599],[78.455353,17.4076],[78.455365,17.407623],[78.455484,17.40762],[78.455596,17.407583],[78.455686,17.40756],[78.455733,17.407536],[78.455818,17.407507],[78.4559,17.407497],[78.455952,17.40744],[78.45595,17.407331],[78.455895,17.407309],[78.45569,17.407379],[78.455656,17.407301],[78.456025,17.407184],[78.456059,17.407589],[78.455994,17.407585],[78.455853,17.407589],[78.455743,17.40763],[78.455509,17.407725]]]},"properties":{"id":"57abd10a23a7","height":null,"num_floors":null,"render_height_m":19.2,"height_label":"assumed"}},{"type":"Feature","geometry":{"type":"Polygon","coordinates":[[[78.455648,17.407468],[78.455473,17.40748],[78.455461,17.407324],[78.455636,17.407311],[78.455648,17.407468]]]},"properties":{"id":"55d05a3565ae","height":null,"num_floors":null,"render_height_m":12.8,"height_label":"assumed"}},{"type":"Feature","geometry":{"type":"Polygon","coordinates":[[[78.455478,17.407614],[78.455379,17.40762],[78.455373,17.407534],[78.455473,17.407528],[78.455478,17.407614]]]},"properties":{"id":"4d0e2048d8b7","height":null,"num_floors":null,"render_height_m":9.6,"height_label":"assumed"}},{"type":"Feature","geometry":{"type":"Polygon","coordinates":[[[78.455402,17.407531],[78.455311,17.407537],[78.455282,17.407163],[78.455373,17.407157],[78.455402,17.407531]]]},"properties":{"id":"de6268a1fcce","height":null,"num_floors":null,"render_height_m":12.8,"height_label":"assumed"}},{"type":"Feature","geometry":{"type":"Polygon","coordinates":[[[78.455229,17.40755],[78.455116,17.407558],[78.455113,17.407519],[78.455226,17.407511],[78.455229,17.40755]]]},"properties":{"id":"bff050895200","height":null,"num_floors":null,"render_height_m":6.4,"height_label":"assumed"}},{"type":"Feature","geometry":{"type":"Polygon","coordinates":[[[78.454999,17.407582],[78.454817,17.407595],[78.454798,17.407354],[78.45498,17.407341],[78.454999,17.407582]]]},"properties":{"id":"ab614c94ce9f","height":null,"num_floors":null,"render_height_m":12.8,"height_label":"assumed"}},{"type":"Feature","geometry":{"type":"Polygon","coordinates":[[[78.454719,17.40743],[78.454726,17.407509],[78.454712,17.40751],[78.454718,17.407577],[78.454672,17.407581],[78.454659,17.407435],[78.454719,17.40743]]]},"properties":{"id":"977903663eb5","height":null,"num_floors":null,"render_height_m":9.6,"height_label":"assumed"}},{"type":"Feature","geometry":{"type":"Polygon","coordinates":[[[78.454707,17.407268],[78.454718,17.40738],[78.454631,17.407387],[78.45462,17.407276],[78.454707,17.407268]]]},"properties":{"id":"10a67748ea38","height":null,"num_floors":null,"render_height_m":9.6,"height_label":"assumed"}},{"type":"Feature","geometry":{"type":"Polygon","coordinates":[[[78.454573,17.407465],[78.454651,17.407459],[78.454662,17.407582],[78.454584,17.407588],[78.454573,17.407465]]]},"properties":{"id":"2125e9cb67e4","height":null,"num_floors":null,"render_height_m":9.6,"height_label":"assumed"}},{"type":"Feature","geometry":{"type":"Polygon","coordinates":[[[78.454384,17.407481],[78.454459,17.407475],[78.454463,17.407519],[78.454388,17.407525],[78.454384,17.407481]]]},"properties":{"id":"b5582f735ec7","height":null,"num_floors":null,"render_height_m":6.4,"height_label":"assumed"}},{"type":"Feature","geometry":{"type":"Polygon","coordinates":[[[78.460347,17.407344],[78.460354,17.407448],[78.460249,17.407454],[78.460243,17.407349],[78.460347,17.407344]]]},"properties":{"id":"9161ba98a0a0","height":null,"num_floors":null,"render_height_m":9.6,"height_label":"assumed"}},{"type":"Feature","geometry":{"type":"Polygon","coordinates":[[[78.460121,17.40745],[78.459912,17.407467],[78.459903,17.407368],[78.459948,17.407364],[78.459934,17.407209],[78.460098,17.407196],[78.460121,17.40745]]]},"properties":{"id":"dea0bcf7787e","height":null,"num_floors":null,"render_height_m":12.8,"height_label":"assumed"}},{"type":"Feature","geometry":{"type":"Polygon","coordinates":[[[78.459821,17.407484],[78.459565,17.407498],[78.459559,17.407398],[78.459815,17.407384],[78.459821,17.407484]]]},"properties":{"id":"a9c7ad1a43c6","height":null,"num_floors":null,"render_height_m":12.8,"height_label":"assumed"}},{"type":"Feature","geometry":{"type":"Polygon","coordinates":[[[78.457816,17.407608],[78.45774,17.407608],[78.45774,17.407492],[78.457816,17.407492],[78.457816,17.407608]]]},"properties":{"id":"d0cce114cff6","height":null,"num_floors":null,"render_height_m":9.6,"height_label":"assumed"}},{"type":"Feature","geometry":{"type":"Polygon","coordinates":[[[78.457728,17.407598],[78.457672,17.407598],[78.457672,17.407464],[78.457727,17.407463],[78.457728,17.407598]]]},"properties":{"id":"48692631eb04","height":null,"num_floors":null,"render_height_m":9.6,"height_label":"assumed"}},{"type":"Feature","geometry":{"type":"Polygon","coordinates":[[[78.45775,17.407457],[78.457572,17.407458],[78.457571,17.40727],[78.457749,17.407269],[78.45775,17.407457]]]},"properties":{"id":"53d293d3abf1","height":null,"num_floors":null,"render_height_m":12.8,"height_label":"assumed"}},{"type":"Feature","geometry":{"type":"Polygon","coordinates":[[[78.457965,17.407241],[78.457973,17.407433],[78.457853,17.407438],[78.457844,17.407245],[78.457965,17.407241]]]},"properties":{"id":"166e722eca48","height":null,"num_floors":null,"render_height_m":12.8,"height_label":"assumed"}},{"type":"Feature","geometry":{"type":"Polygon","coordinates":[[[78.457948,17.407484],[78.457949,17.407593],[78.457859,17.407593],[78.457859,17.407484],[78.457948,17.407484]]]},"properties":{"id":"080931f43d3d","height":null,"num_floors":null,"render_height_m":9.6,"height_label":"assumed"}},{"type":"Feature","geometry":{"type":"Polygon","coordinates":[[[78.458236,17.40757],[78.458112,17.407571],[78.458111,17.407464],[78.458234,17.407463],[78.458236,17.40757]]]},"properties":{"id":"b0712b21470d","height":null,"num_floors":null,"render_height_m":9.6,"height_label":"assumed"}},{"type":"Feature","geometry":{"type":"Polygon","coordinates":[[[78.458388,17.407563],[78.458249,17.407564],[78.458248,17.407487],[78.458388,17.407486],[78.458388,17.407563]]]},"properties":{"id":"a557139a80c0","height":null,"num_floors":null,"render_height_m":9.6,"height_label":"assumed"}},{"type":"Feature","geometry":{"type":"Polygon","coordinates":[[[78.458441,17.407276],[78.45845,17.407425],[78.458233,17.407436],[78.458225,17.407287],[78.458441,17.407276]]]},"properties":{"id":"08d1adecfdf2","height":null,"num_floors":null,"render_height_m":12.8,"height_label":"assumed"}},{"type":"Feature","geometry":{"type":"Polygon","coordinates":[[[78.458803,17.407344],[78.458817,17.407502],[78.45865,17.407516],[78.458635,17.407357],[78.458803,17.407344]]]},"properties":{"id":"06e11e3829c8","height":null,"num_floors":null,"render_height_m":12.8,"height_label":"assumed"}},{"type":"Feature","geometry":{"type":"Polygon","coordinates":[[[78.458997,17.407498],[78.458875,17.407508],[78.458858,17.407318],[78.45898,17.407308],[78.458997,17.407498]]]},"properties":{"id":"a85cdd29218f","height":null,"num_floors":null,"render_height_m":12.8,"height_label":"assumed"}},{"type":"Feature","geometry":{"type":"Polygon","coordinates":[[[78.459173,17.407484],[78.459038,17.407495],[78.459025,17.407349],[78.45916,17.407338],[78.459173,17.407484]]]},"properties":{"id":"e283bf7c4c4b","height":null,"num_floors":null,"render_height_m":9.6,"height_label":"assumed"}},{"type":"Feature","geometry":{"type":"Polygon","coordinates":[[[78.459346,17.407469],[78.459201,17.407481],[78.45918,17.407249],[78.459325,17.407237],[78.459346,17.407469]]]},"properties":{"id":"d887a6a9ab04","height":null,"num_floors":null,"render_height_m":12.8,"height_label":"assumed"}},{"type":"Feature","geometry":{"type":"Polygon","coordinates":[[[78.459177,17.407213],[78.459026,17.407226],[78.459005,17.406989],[78.459156,17.406977],[78.459177,17.407213]]]},"properties":{"id":"5db9e46e2a77","height":null,"num_floors":null,"render_height_m":12.8,"height_label":"assumed"}},{"type":"Feature","geometry":{"type":"Polygon","coordinates":[[[78.458982,17.407227],[78.458841,17.407239],[78.458822,17.407028],[78.458963,17.407016],[78.458982,17.407227]]]},"properties":{"id":"add4758e69bd","height":null,"num_floors":null,"render_height_m":12.8,"height_label":"assumed"}},{"type":"Feature","geometry":{"type":"Polygon","coordinates":[[[78.459124,17.406857],[78.458995,17.406892],[78.45895,17.406743],[78.459079,17.406708],[78.459124,17.406857]]]},"properties":{"id":"10b7db457062","height":null,"num_floors":null,"render_height_m":9.6,"height_label":"assumed"}},{"type":"Feature","geometry":{"type":"Polygon","coordinates":[[[78.458926,17.406622],[78.458962,17.406615],[78.458971,17.406658],[78.458935,17.406665],[78.458926,17.406622]]]},"properties":{"id":"a2454398123d","height":null,"num_floors":null,"render_height_m":6.4,"height_label":"assumed"}},{"type":"Feature","geometry":{"type":"Polygon","coordinates":[[[78.459257,17.406839],[78.45915,17.406869],[78.459105,17.406721],[78.459212,17.406691],[78.459257,17.406839]]]},"properties":{"id":"e8c259c005b0","height":null,"num_floors":null,"render_height_m":9.6,"height_label":"assumed"}},{"type":"Feature","geometry":{"type":"Polygon","coordinates":[[[78.459303,17.406636],[78.459212,17.40666],[78.459173,17.40653],[78.459264,17.406505],[78.459303,17.406636]]]},"properties":{"id":"ff86855d7310","height":null,"num_floors":null,"render_height_m":9.6,"height_label":"assumed"}},{"type":"Feature","geometry":{"type":"Polygon","coordinates":[[[78.459199,17.406485],[78.459117,17.406493],[78.459103,17.406352],[78.459185,17.406345],[78.459199,17.406485]]]},"properties":{"id":"79dadc2c9d33","height":null,"num_floors":null,"render_height_m":9.6,"height_label":"assumed"}},{"type":"Feature","geometry":{"type":"Polygon","coordinates":[[[78.459164,17.406277],[78.459174,17.40633],[78.459083,17.406345],[78.459073,17.406292],[78.459164,17.406277]]]},"properties":{"id":"836b5a9b42e0","height":null,"num_floors":null,"render_height_m":6.4,"height_label":"assumed"}},{"type":"Feature","geometry":{"type":"Polygon","coordinates":[[[78.459176,17.406113],[78.459186,17.406175],[78.45913,17.406183],[78.45912,17.406121],[78.459176,17.406113]]]},"properties":{"id":"7e954c91c7f9","height":null,"num_floors":null,"render_height_m":6.4,"height_label":"assumed"}},{"type":"Feature","geometry":{"type":"Polygon","coordinates":[[[78.45912,17.406236],[78.459137,17.406234],[78.459145,17.406284],[78.459128,17.406286],[78.45912,17.406236]]]},"properties":{"id":"92f2b4590172","height":null,"num_floors":null,"render_height_m":6.4,"height_label":"assumed"}},{"type":"Feature","geometry":{"type":"Polygon","coordinates":[[[78.459098,17.406061],[78.45911,17.40613],[78.459007,17.406147],[78.458998,17.406098],[78.459038,17.406091],[78.459035,17.406071],[78.459098,17.406061]]]},"properties":{"id":"94e2477fcc46","height":null,"num_floors":null,"render_height_m":6.4,"height_label":"assumed"}},{"type":"Feature","geometry":{"type":"Polygon","coordinates":[[[78.459058,17.405992],[78.459082,17.405991],[78.459086,17.406062],[78.459061,17.406063],[78.459058,17.405992]]]},"properties":{"id":"091aadb3daf5","height":null,"num_floors":null,"render_height_m":6.4,"height_label":"assumed"}},{"type":"Feature","geometry":{"type":"Polygon","coordinates":[[[78.459025,17.405979],[78.459055,17.40598],[78.459053,17.406022],[78.459023,17.406021],[78.459025,17.405979]]]},"properties":{"id":"607b6f0a2007","height":null,"num_floors":null,"render_height_m":6.4,"height_label":"assumed"}},{"type":"Feature","geometry":{"type":"Polygon","coordinates":[[[78.458949,17.405985],[78.459007,17.406186],[78.458879,17.40622],[78.45882,17.406019],[78.458949,17.405985]]]},"properties":{"id":"ca89f697515b","height":null,"num_floors":null,"render_height_m":12.8,"height_label":"assumed"}},{"type":"Feature","geometry":{"type":"Polygon","coordinates":[[[78.4589,17.406316],[78.458936,17.406313],[78.458941,17.406361],[78.458904,17.406364],[78.4589,17.406316]]]},"properties":{"id":"b4cf4070f1d2","height":null,"num_floors":null,"render_height_m":6.4,"height_label":"assumed"}},{"type":"Feature","geometry":{"type":"Polygon","coordinates":[[[78.459043,17.406259],[78.459049,17.406296],[78.458933,17.406315],[78.45892,17.406238],[78.458985,17.406227],[78.458992,17.406267],[78.459043,17.406259]]]},"properties":{"id":"4c8e5bd17e0d","height":null,"num_floors":null,"render_height_m":9.6,"height_label":"assumed"}},{"type":"Feature","geometry":{"type":"Polygon","coordinates":[[[78.459073,17.406292],[78.459088,17.406373],[78.458998,17.406388],[78.458984,17.406306],[78.459073,17.406292]]]},"properties":{"id":"41eed84a8c10","height":null,"num_floors":null,"render_height_m":9.6,"height_label":"assumed"}},{"type":"Feature","geometry":{"type":"Polygon","coordinates":[[[78.45913,17.406673],[78.459032,17.4067],[78.458987,17.406552],[78.459086,17.406525],[78.45913,17.406673]]]},"properties":{"id":"166cbda771ef","height":null,"num_floors":null,"render_height_m":9.6,"height_label":"assumed"}},{"type":"Feature","geometry":{"type":"Polygon","coordinates":[[[78.458772,17.406439],[78.458876,17.406434],[78.458879,17.406489],[78.458776,17.406495],[78.458772,17.406439]]]},"properties":{"id":"7d457cc75d05","height":null,"num_floors":null,"render_height_m":6.4,"height_label":"assumed"}},{"type":"Feature","geometry":{"type":"Polygon","coordinates":[[[78.458752,17.406305],[78.458827,17.406313],[78.458816,17.406422],[78.458741,17.406415],[78.458752,17.406305]]]},"properties":{"id":"ca8d73c1b365","height":null,"num_floors":null,"render_height_m":9.6,"height_label":"assumed"}},{"type":"Feature","geometry":{"type":"Polygon","coordinates":[[[78.458831,17.406397],[78.458886,17.406396],[78.458887,17.406425],[78.458832,17.406427],[78.458831,17.406397]]]},"properties":{"id":"dd2a4ed05f2a","height":null,"num_floors":null,"render_height_m":6.4,"height_label":"assumed"}},{"type":"Feature","geometry":{"type":"Polygon","coordinates":[[[78.458834,17.406312],[78.458899,17.406314],[78.458897,17.4064],[78.458832,17.406399],[78.458834,17.406312]]]},"properties":{"id":"ab14fa25ed76","height":null,"num_floors":null,"render_height_m":6.4,"height_label":"assumed"}},{"type":"Feature","geometry":{"type":"Polygon","coordinates":[[[78.458719,17.406183],[78.458848,17.406189],[78.458843,17.406285],[78.458752,17.406281],[78.458753,17.406247],[78.458716,17.406245],[78.458719,17.406183]]]},"properties":{"id":"0d184e46476b","height":null,"num_floors":null,"render_height_m":9.6,"height_label":"assumed"}},{"type":"Feature","geometry":{"type":"Polygon","coordinates":[[[78.458654,17.406072],[78.458638,17.405955],[78.458752,17.40594],[78.458768,17.406057],[78.458654,17.406072]]]},"properties":{"id":"0c076dfac841","height":null,"num_floors":null,"render_height_m":9.6,"height_label":"assumed"}},{"type":"Feature","geometry":{"type":"Polygon","coordinates":[[[78.458783,17.406174],[78.458664,17.406175],[78.458663,17.406105],[78.458782,17.406104],[78.458783,17.406174]]]},"properties":{"id":"b5a243f618b1","height":null,"num_floors":null,"render_height_m":9.6,"height_label":"assumed"}},{"type":"Feature","geometry":{"type":"Polygon","coordinates":[[[78.458541,17.406239],[78.458598,17.406237],[78.458599,17.406272],[78.458542,17.406274],[78.458541,17.406239]]]},"properties":{"id":"7d90568b71b6","height":null,"num_floors":null,"render_height_m":6.4,"height_label":"assumed"}},{"type":"Feature","geometry":{"type":"Polygon","coordinates":[[[78.458538,17.406175],[78.458602,17.406174],[78.458603,17.406209],[78.458539,17.406211],[78.458538,17.406175]]]},"properties":{"id":"862e9f70ac07","height":null,"num_floors":null,"render_height_m":6.4,"height_label":"assumed"}},{"type":"Feature","geometry":{"type":"Polygon","coordinates":[[[78.458698,17.406807],[78.458557,17.406846],[78.458531,17.406759],[78.458672,17.40672],[78.458698,17.406807]]]},"properties":{"id":"9a1d15dbbb43","height":null,"num_floors":null,"render_height_m":9.6,"height_label":"assumed"}},{"type":"Feature","geometry":{"type":"Polygon","coordinates":[[[78.458782,17.406777],[78.458711,17.406797],[78.458673,17.40667],[78.458744,17.40665],[78.458782,17.406777]]]},"properties":{"id":"6ba854f9eee5","height":null,"num_floors":null,"render_height_m":9.6,"height_label":"assumed"}},{"type":"Feature","geometry":{"type":"Polygon","coordinates":[[[78.458895,17.406734],[78.458792,17.406762],[78.458757,17.406645],[78.45886,17.406617],[78.458895,17.406734]]]},"properties":{"id":"679d56b86ed5","height":null,"num_floors":null,"render_height_m":9.6,"height_label":"assumed"}},{"type":"Feature","geometry":{"type":"Polygon","coordinates":[[[78.45896,17.406932],[78.458805,17.406975],[78.458771,17.406861],[78.458925,17.406818],[78.45896,17.406932]]]},"properties":{"id":"71afac314d88","height":null,"num_floors":null,"render_height_m":9.6,"height_label":"assumed"}},{"type":"Feature","geometry":{"type":"Polygon","coordinates":[[[78.458581,17.406967],[78.458577,17.406841],[78.458761,17.406834],[78.458766,17.406961],[78.458581,17.406967]]]},"properties":{"id":"676a1b0af7bc","height":null,"num_floors":null,"render_height_m":12.8,"height_label":"assumed"}},{"type":"Feature","geometry":{"type":"Polygon","coordinates":[[[78.458812,17.407178],[78.458608,17.407195],[78.458596,17.407064],[78.4588,17.407048],[78.458812,17.407178]]]},"properties":{"id":"9191faf270ad","height":null,"num_floors":null,"render_height_m":12.8,"height_label":"assumed"}},{"type":"Feature","geometry":{"type":"Polygon","coordinates":[[[78.458828,17.407322],[78.458577,17.407343],[78.458566,17.407212],[78.458816,17.407191],[78.458828,17.407322]]]},"properties":{"id":"b97aa7d470ea","height":null,"num_floors":null,"render_height_m":12.8,"height_label":"assumed"}},{"type":"Feature","geometry":{"type":"Polygon","coordinates":[[[78.45849,17.407003],[78.458491,17.407044],[78.458415,17.407046],[78.458413,17.407005],[78.45849,17.407003]]]},"properties":{"id":"d25eb1cc5b04","height":null,"num_floors":null,"render_height_m":6.4,"height_label":"assumed"}},{"type":"Feature","geometry":{"type":"Polygon","coordinates":[[[78.458397,17.407121],[78.458399,17.407195],[78.458354,17.407196],[78.458352,17.407122],[78.458397,17.407121]]]},"properties":{"id":"37fb28a5b422","height":null,"num_floors":null,"render_height_m":6.4,"height_label":"assumed"}},{"type":"Feature","geometry":{"type":"Polygon","coordinates":[[[78.458347,17.406931],[78.458388,17.40693],[78.458391,17.407047],[78.458351,17.407048],[78.458347,17.406931]]]},"properties":{"id":"dcabe9841c8a","height":null,"num_floors":null,"render_height_m":6.4,"height_label":"assumed"}},{"type":"Feature","geometry":{"type":"Polygon","coordinates":[[[78.458351,17.407073],[78.458396,17.407072],[78.458397,17.407121],[78.458352,17.407122],[78.458351,17.407073]]]},"properties":{"id":"006cd8fa177b","height":null,"num_floors":null,"render_height_m":6.4,"height_label":"assumed"}},{"type":"Feature","geometry":{"type":"Polygon","coordinates":[[[78.458388,17.40693],[78.458488,17.406927],[78.45849,17.407003],[78.45839,17.407006],[78.458388,17.40693]]]},"properties":{"id":"f25b1d8795c1","height":null,"num_floors":null,"render_height_m":9.6,"height_label":"assumed"}},{"type":"Feature","geometry":{"type":"Polygon","coordinates":[[[78.458263,17.406647],[78.458304,17.406645],[78.458306,17.406716],[78.458265,17.406717],[78.458263,17.406647]]]},"properties":{"id":"293aa2a3d07c","height":null,"num_floors":null,"render_height_m":6.4,"height_label":"assumed"}},{"type":"Feature","geometry":{"type":"Polygon","coordinates":[[[78.458196,17.406792],[78.458303,17.406789],[78.458307,17.406912],[78.458199,17.406914],[78.458196,17.406792]]]},"properties":{"id":"43b5730bccde","height":null,"num_floors":null,"render_height_m":9.6,"height_label":"assumed"}},{"type":"Feature","geometry":{"type":"Polygon","coordinates":[[[78.458243,17.406747],[78.458141,17.406748],[78.45814,17.406638],[78.458242,17.406637],[78.458243,17.406747]]]},"properties":{"id":"b69870e1c22b","height":null,"num_floors":null,"render_height_m":9.6,"height_label":"assumed"}},{"type":"Feature","geometry":{"type":"Polygon","coordinates":[[[78.45811,17.406751],[78.458022,17.406753],[78.45802,17.406632],[78.458108,17.406631],[78.45811,17.406751]]]},"properties":{"id":"f1b0e5f547ac","height":null,"num_floors":null,"render_height_m":9.6,"height_label":"assumed"}},{"type":"Feature","geometry":{"type":"Polygon","coordinates":[[[78.458129,17.406905],[78.45803,17.406906],[78.458028,17.406782],[78.458127,17.40678],[78.458129,17.406905]]]},"properties":{"id":"4942d0b2372d","height":null,"num_floors":null,"render_height_m":9.6,"height_label":"assumed"}},{"type":"Feature","geometry":{"type":"Polygon","coordinates":[[[78.458101,17.407189],[78.458032,17.40719],[78.458031,17.407071],[78.458099,17.407071],[78.458101,17.407189]]]},"properties":{"id":"c7d5fa6465a1","height":null,"num_floors":null,"render_height_m":9.6,"height_label":"assumed"}},{"type":"Feature","geometry":{"type":"Polygon","coordinates":[[[78.458078,17.406938],[78.458114,17.406937],[78.458118,17.407055],[78.458081,17.407056],[78.458078,17.406938]]]},"properties":{"id":"db239f0a3e2b","height":null,"num_floors":null,"render_height_m":6.4,"height_label":"assumed"}},{"type":"Feature","geometry":{"type":"Polygon","coordinates":[[[78.458114,17.406937],[78.458157,17.406936],[78.458159,17.406988],[78.458193,17.406987],[78.458195,17.407052],[78.458118,17.407055],[78.458114,17.406937]]]},"properties":{"id":"f9f822d2030a","height":null,"num_floors":null,"render_height_m":9.6,"height_label":"assumed"}},{"type":"Feature","geometry":{"type":"Polygon","coordinates":[[[78.458276,17.40703],[78.458223,17.407031],[78.458222,17.406926],[78.458274,17.406925],[78.458276,17.40703]]]},"properties":{"id":"c9d532cffdc0","height":null,"num_floors":null,"render_height_m":6.4,"height_label":"assumed"}},{"type":"Feature","geometry":{"type":"Polygon","coordinates":[[[78.458155,17.407077],[78.458199,17.407076],[78.458202,17.4072],[78.458158,17.407201],[78.458155,17.407077]]]},"properties":{"id":"01010f345b4f","height":null,"num_floors":null,"render_height_m":6.4,"height_label":"assumed"}},{"type":"Feature","geometry":{"type":"Polygon","coordinates":[[[78.458018,17.407195],[78.457952,17.407195],[78.45795,17.407084],[78.458017,17.407083],[78.458018,17.407195]]]},"properties":{"id":"9c1e051f713a","height":null,"num_floors":null,"render_height_m":9.6,"height_label":"assumed"}},{"type":"Feature","geometry":{"type":"Polygon","coordinates":[[[78.457905,17.407183],[78.457837,17.407183],[78.457836,17.407083],[78.457904,17.407082],[78.457905,17.407183]]]},"properties":{"id":"dd5405a4de06","height":null,"num_floors":null,"render_height_m":9.6,"height_label":"assumed"}},{"type":"Feature","geometry":{"type":"Polygon","coordinates":[[[78.457778,17.407089],[78.457819,17.407091],[78.457813,17.407217],[78.457772,17.407216],[78.457778,17.407089]]]},"properties":{"id":"0c0ec4c60a33","height":null,"num_floors":null,"render_height_m":6.4,"height_label":"assumed"}},{"type":"Feature","geometry":{"type":"Polygon","coordinates":[[[78.457659,17.407081],[78.457742,17.407078],[78.457748,17.407235],[78.457665,17.407238],[78.457659,17.407081]]]},"properties":{"id":"4f87e021414f","height":null,"num_floors":null,"render_height_m":9.6,"height_label":"assumed"}},{"type":"Feature","geometry":{"type":"Polygon","coordinates":[[[78.457667,17.407054],[78.457607,17.407054],[78.457606,17.406952],[78.457665,17.406951],[78.457667,17.407054]]]},"properties":{"id":"81c0c86323d5","height":null,"num_floors":null,"render_height_m":6.4,"height_label":"assumed"}},{"type":"Feature","geometry":{"type":"Polygon","coordinates":[[[78.45774,17.407057],[78.457676,17.407057],[78.457675,17.406959],[78.457739,17.406958],[78.45774,17.407057]]]},"properties":{"id":"57d61a8c3c44","height":null,"num_floors":null,"render_height_m":6.4,"height_label":"assumed"}},{"type":"Feature","geometry":{"type":"Polygon","coordinates":[[[78.457804,17.406802],[78.457844,17.4068],[78.457849,17.406925],[78.457809,17.406926],[78.457804,17.406802]]]},"properties":{"id":"f860aa4cabd3","height":null,"num_floors":null,"render_height_m":6.4,"height_label":"assumed"}},{"type":"Feature","geometry":{"type":"Polygon","coordinates":[[[78.457767,17.406803],[78.457804,17.406802],[78.457809,17.406926],[78.457771,17.406928],[78.457767,17.406803]]]},"properties":{"id":"98d621c3790b","height":null,"num_floors":null,"render_height_m":6.4,"height_label":"assumed"}},{"type":"Feature","geometry":{"type":"Polygon","coordinates":[[[78.45763,17.406808],[78.4577,17.406806],[78.457702,17.40686],[78.457632,17.406863],[78.45763,17.406808]]]},"properties":{"id":"361b27497571","height":null,"num_floors":null,"render_height_m":6.4,"height_label":"assumed"}},{"type":"Feature","geometry":{"type":"Polygon","coordinates":[[[78.4577,17.406806],[78.457767,17.406803],[78.457771,17.406928],[78.457705,17.40693],[78.4577,17.406806]]]},"properties":{"id":"492a8e01c8a4","height":null,"num_floors":null,"render_height_m":9.6,"height_label":"assumed"}},{"type":"Feature","geometry":{"type":"Polygon","coordinates":[[[78.457699,17.406641],[78.457701,17.406759],[78.457602,17.40676],[78.4576,17.406642],[78.457699,17.406641]]]},"properties":{"id":"c7644b4f0811","height":null,"num_floors":null,"render_height_m":9.6,"height_label":"assumed"}},{"type":"Feature","geometry":{"type":"Polygon","coordinates":[[[78.457841,17.406755],[78.457709,17.406757],[78.457708,17.406633],[78.457839,17.406631],[78.457841,17.406755]]]},"properties":{"id":"3bc6a9e1e9fc","height":null,"num_floors":null,"render_height_m":9.6,"height_label":"assumed"}},{"type":"Feature","geometry":{"type":"Polygon","coordinates":[[[78.457939,17.406746],[78.457865,17.406746],[78.457867,17.406638],[78.45794,17.406639],[78.457939,17.406746]]]},"properties":{"id":"21c2ead98211","height":null,"num_floors":null,"render_height_m":9.6,"height_label":"assumed"}},{"type":"Feature","geometry":{"type":"Polygon","coordinates":[[[78.457942,17.406887],[78.457872,17.406888],[78.457869,17.406768],[78.457939,17.406767],[78.457942,17.406887]]]},"properties":{"id":"dd6558026b3b","height":null,"num_floors":null,"render_height_m":9.6,"height_label":"assumed"}},{"type":"Feature","geometry":{"type":"Polygon","coordinates":[[[78.458014,17.406901],[78.45795,17.406902],[78.457948,17.406776],[78.458012,17.406776],[78.458014,17.406901]]]},"properties":{"id":"fb069a9b0422","height":null,"num_floors":null,"render_height_m":9.6,"height_label":"assumed"}},{"type":"Feature","geometry":{"type":"Polygon","coordinates":[[[78.457996,17.406633],[78.457993,17.406661],[78.457957,17.406658],[78.45796,17.40663],[78.457996,17.406633]]]},"properties":{"id":"0d452943348b","height":null,"num_floors":null,"render_height_m":6.4,"height_label":"assumed"}},{"type":"Feature","geometry":{"type":"Polygon","coordinates":[[[78.457965,17.406335],[78.457894,17.406336],[78.457892,17.406214],[78.457964,17.406213],[78.457965,17.406335]]]},"properties":{"id":"8f919c08d9b9","height":null,"num_floors":null,"render_height_m":9.6,"height_label":"assumed"}},{"type":"Feature","geometry":{"type":"Polygon","coordinates":[[[78.457853,17.406207],[78.457854,17.406321],[78.457787,17.406322],[78.457786,17.406208],[78.457853,17.406207]]]},"properties":{"id":"d0083e744c19","height":null,"num_floors":null,"render_height_m":9.6,"height_label":"assumed"}},{"type":"Feature","geometry":{"type":"Polygon","coordinates":[[[78.457588,17.405825],[78.457681,17.405823],[78.457686,17.40602],[78.457593,17.406022],[78.457588,17.405825]]]},"properties":{"id":"f05bc0040f2e","height":null,"num_floors":null,"render_height_m":9.6,"height_label":"assumed"}},{"type":"Feature","geometry":{"type":"Polygon","coordinates":[[[78.45813,17.405951],[78.458163,17.405946],[78.458169,17.405983],[78.458135,17.405988],[78.45813,17.405951]]]},"properties":{"id":"2ce645a87b85","height":null,"num_floors":null,"render_height_m":6.4,"height_label":"assumed"}},{"type":"Feature","geometry":{"type":"Polygon","coordinates":[[[78.458173,17.405949],[78.458217,17.405952],[78.458214,17.405989],[78.45817,17.405986],[78.458173,17.405949]]]},"properties":{"id":"a3507fb67372","height":null,"num_floors":null,"render_height_m":6.4,"height_label":"assumed"}},{"type":"Feature","geometry":{"type":"Polygon","coordinates":[[[78.458134,17.406004],[78.458202,17.405996],[78.458207,17.406034],[78.458139,17.406042],[78.458134,17.406004]]]},"properties":{"id":"a10672263c28","height":null,"num_floors":null,"render_height_m":6.4,"height_label":"assumed"}},{"type":"Feature","geometry":{"type":"Polygon","coordinates":[[[78.45806,17.406234],[78.458098,17.406233],[78.458102,17.406329],[78.458064,17.40633],[78.45806,17.406234]]]},"properties":{"id":"dabba28b4b5a","height":null,"num_floors":null,"render_height_m":6.4,"height_label":"assumed"}},{"type":"Feature","geometry":{"type":"Polygon","coordinates":[[[78.458128,17.406431],[78.458092,17.406431],[78.458091,17.406337],[78.458127,17.406336],[78.458128,17.406431]]]},"properties":{"id":"acf3eaccf3eb","height":null,"num_floors":null,"render_height_m":6.4,"height_label":"assumed"}},{"type":"Feature","geometry":{"type":"Polygon","coordinates":[[[78.458357,17.406503],[78.458415,17.406505],[78.458411,17.406594],[78.458353,17.406592],[78.458357,17.406503]]]},"properties":{"id":"b6d51f0df4d9","height":null,"num_floors":null,"render_height_m":6.4,"height_label":"assumed"}},{"type":"Feature","geometry":{"type":"Polygon","coordinates":[[[78.458214,17.406086],[78.45829,17.406084],[78.458291,17.406122],[78.458215,17.406124],[78.458214,17.406086]]]},"properties":{"id":"b6bd25b8cf54","height":null,"num_floors":null,"render_height_m":6.4,"height_label":"assumed"}},{"type":"Feature","geometry":{"type":"Polygon","coordinates":[[[78.45829,17.406084],[78.458329,17.406083],[78.45833,17.406121],[78.458291,17.406122],[78.45829,17.406084]]]},"properties":{"id":"4bef71016192","height":null,"num_floors":null,"render_height_m":6.4,"height_label":"assumed"}},{"type":"Feature","geometry":{"type":"Polygon","coordinates":[[[78.458304,17.405817],[78.458421,17.405814],[78.458424,17.405939],[78.458308,17.405942],[78.458304,17.405817]]]},"properties":{"id":"fbbaa181cce7","height":null,"num_floors":null,"render_height_m":9.6,"height_label":"assumed"}},{"type":"Feature","geometry":{"type":"Polygon","coordinates":[[[78.458325,17.405511],[78.458407,17.405508],[78.458411,17.405606],[78.458307,17.405609],[78.458305,17.405558],[78.458326,17.405558],[78.458325,17.405511]]]},"properties":{"id":"a1e16de1eaa1","height":null,"num_floors":null,"render_height_m":9.6,"height_label":"assumed"}},{"type":"Feature","geometry":{"type":"Polygon","coordinates":[[[78.458382,17.405349],[78.458383,17.405381],[78.458297,17.405384],[78.458296,17.405352],[78.458382,17.405349]]]},"properties":{"id":"4e1b62ed94aa","height":null,"num_floors":null,"render_height_m":6.4,"height_label":"assumed"}},{"type":"Feature","geometry":{"type":"Polygon","coordinates":[[[78.458341,17.405309],[78.458241,17.405311],[78.458239,17.405221],[78.458339,17.405218],[78.458341,17.405309]]]},"properties":{"id":"769bce7b189e","height":null,"num_floors":null,"render_height_m":9.6,"height_label":"assumed"}},{"type":"Feature","geometry":{"type":"Polygon","coordinates":[[[78.458252,17.405354],[78.458296,17.405352],[78.458297,17.405384],[78.458253,17.405385],[78.458252,17.405354]]]},"properties":{"id":"20159c5c1b29","height":null,"num_floors":null,"render_height_m":6.4,"height_label":"assumed"}},{"type":"Feature","geometry":{"type":"Polygon","coordinates":[[[78.458113,17.405359],[78.458171,17.405356],[78.458173,17.405418],[78.458116,17.405421],[78.458113,17.405359]]]},"properties":{"id":"030cabf9e80f","height":null,"num_floors":null,"render_height_m":6.4,"height_label":"assumed"}},{"type":"Feature","geometry":{"type":"Polygon","coordinates":[[[78.458111,17.405291],[78.458168,17.405289],[78.458171,17.405356],[78.458113,17.405359],[78.458111,17.405291]]]},"properties":{"id":"998fa8e74288","height":null,"num_floors":null,"render_height_m":6.4,"height_label":"assumed"}},{"type":"Feature","geometry":{"type":"Polygon","coordinates":[[[78.458043,17.405389],[78.458109,17.405392],[78.458105,17.405486],[78.458039,17.405484],[78.458043,17.405389]]]},"properties":{"id":"7b514751f106","height":null,"num_floors":null,"render_height_m":6.4,"height_label":"assumed"}},{"type":"Feature","geometry":{"type":"Polygon","coordinates":[[[78.458065,17.405516],[78.458109,17.405514],[78.458114,17.405639],[78.45807,17.40564],[78.458065,17.405516]]]},"properties":{"id":"a11db986568e","height":null,"num_floors":null,"render_height_m":6.4,"height_label":"assumed"}},{"type":"Feature","geometry":{"type":"Polygon","coordinates":[[[78.458147,17.405614],[78.458148,17.405653],[78.458109,17.405654],[78.458107,17.405616],[78.458147,17.405614]]]},"properties":{"id":"9bf075ffe2bf","height":null,"num_floors":null,"render_height_m":6.4,"height_label":"assumed"}},{"type":"Feature","geometry":{"type":"Polygon","coordinates":[[[78.458105,17.405533],[78.458144,17.405532],[78.458147,17.405614],[78.458107,17.405616],[78.458105,17.405533]]]},"properties":{"id":"f86940329e5c","height":null,"num_floors":null,"render_height_m":6.4,"height_label":"assumed"}},{"type":"Feature","geometry":{"type":"Polygon","coordinates":[[[78.458126,17.405823],[78.458202,17.405821],[78.458203,17.405876],[78.458179,17.405876],[78.458181,17.405946],[78.458129,17.405947],[78.458126,17.405823]]]},"properties":{"id":"9d51596a98ad","height":null,"num_floors":null,"render_height_m":9.6,"height_label":"assumed"}},{"type":"Feature","geometry":{"type":"Polygon","coordinates":[[[78.458084,17.405838],[78.45811,17.405839],[78.458106,17.405894],[78.458081,17.405892],[78.458084,17.405838]]]},"properties":{"id":"f9158a51cbf7","height":null,"num_floors":null,"render_height_m":6.4,"height_label":"assumed"}},{"type":"Feature","geometry":{"type":"Polygon","coordinates":[[[78.458044,17.405824],[78.458075,17.405823],[78.458079,17.405948],[78.458048,17.405949],[78.458044,17.405824]]]},"properties":{"id":"1f22a69fddf5","height":null,"num_floors":null,"render_height_m":6.4,"height_label":"assumed"}},{"type":"Feature","geometry":{"type":"Polygon","coordinates":[[[78.457972,17.405519],[78.458014,17.405517],[78.458019,17.405642],[78.457977,17.405644],[78.457972,17.405519]]]},"properties":{"id":"ad797302e693","height":null,"num_floors":null,"render_height_m":6.4,"height_label":"assumed"}},{"type":"Feature","geometry":{"type":"Polygon","coordinates":[[[78.457955,17.405537],[78.45796,17.405658],[78.457909,17.40566],[78.457905,17.405539],[78.457955,17.405537]]]},"properties":{"id":"04fb4f71ed1a","height":null,"num_floors":null,"render_height_m":6.4,"height_label":"assumed"}},{"type":"Feature","geometry":{"type":"Polygon","coordinates":[[[78.457906,17.405542],[78.457909,17.405603],[78.457861,17.405605],[78.457863,17.405659],[78.45782,17.405661],[78.457815,17.405545],[78.457906,17.405542]]]},"properties":{"id":"94f1d095d9d8","height":null,"num_floors":null,"render_height_m":9.6,"height_label":"assumed"}},{"type":"Feature","geometry":{"type":"Polygon","coordinates":[[[78.457735,17.40593],[78.457734,17.405815],[78.457788,17.405815],[78.45779,17.405929],[78.457735,17.40593]]]},"properties":{"id":"f3c73b106250","height":null,"num_floors":null,"render_height_m":6.4,"height_label":"assumed"}},{"type":"Feature","geometry":{"type":"Polygon","coordinates":[[[78.457617,17.405593],[78.457659,17.405595],[78.457656,17.405652],[78.457614,17.40565],[78.457617,17.405593]]]},"properties":{"id":"8d1c35178461","height":null,"num_floors":null,"render_height_m":6.4,"height_label":"assumed"}},{"type":"Feature","geometry":{"type":"Polygon","coordinates":[[[78.457679,17.405581],[78.457739,17.405579],[78.457743,17.405665],[78.457682,17.405667],[78.457679,17.405581]]]},"properties":{"id":"a8ccf2386674","height":null,"num_floors":null,"render_height_m":6.4,"height_label":"assumed"}},{"type":"Feature","geometry":{"type":"Polygon","coordinates":[[[78.457883,17.4053],[78.457885,17.405355],[78.45768,17.405362],[78.457678,17.405307],[78.457883,17.4053]]]},"properties":{"id":"47f97fa56f6d","height":null,"num_floors":null,"render_height_m":9.6,"height_label":"assumed"}},{"type":"Feature","geometry":{"type":"Polygon","coordinates":[[[78.457975,17.405266],[78.457979,17.405351],[78.457911,17.405354],[78.457908,17.405268],[78.457975,17.405266]]]},"properties":{"id":"860789a41c85","height":null,"num_floors":null,"render_height_m":6.4,"height_label":"assumed"}},{"type":"Feature","geometry":{"type":"Polygon","coordinates":[[[78.457795,17.405493],[78.45789,17.40549],[78.457892,17.405527],[78.457797,17.405531],[78.457795,17.405493]]]},"properties":{"id":"6d7e1b6ec4e0","height":null,"num_floors":null,"render_height_m":6.4,"height_label":"assumed"}},{"type":"Feature","geometry":{"type":"Polygon","coordinates":[[[78.457985,17.405386],[78.458037,17.405391],[78.458028,17.405474],[78.457977,17.405469],[78.457985,17.405386]]]},"properties":{"id":"ffe418fa921a","height":null,"num_floors":null,"render_height_m":6.4,"height_label":"assumed"}},{"type":"Feature","geometry":{"type":"Polygon","coordinates":[[[78.458011,17.405363],[78.458046,17.405356],[78.458053,17.405385],[78.458018,17.405393],[78.458011,17.405363]]]},"properties":{"id":"60ef791f49dd","height":null,"num_floors":null,"render_height_m":6.4,"height_label":"assumed"}},{"type":"Feature","geometry":{"type":"Polygon","coordinates":[[[78.458032,17.405272],[78.458036,17.405351],[78.457992,17.405353],[78.457988,17.405273],[78.458032,17.405272]]]},"properties":{"id":"2c52d5989deb","height":null,"num_floors":null,"render_height_m":6.4,"height_label":"assumed"}},{"type":"Feature","geometry":{"type":"Polygon","coordinates":[[[78.458107,17.405187],[78.45811,17.405261],[78.457975,17.405266],[78.457972,17.405192],[78.458107,17.405187]]]},"properties":{"id":"588f7ec69162","height":null,"num_floors":null,"render_height_m":9.6,"height_label":"assumed"}},{"type":"Feature","geometry":{"type":"Polygon","coordinates":[[[78.457934,17.405049],[78.45782,17.405051],[78.457818,17.404936],[78.457932,17.404934],[78.457934,17.405049]]]},"properties":{"id":"9e27894982f8","height":null,"num_floors":null,"render_height_m":9.6,"height_label":"assumed"}},{"type":"Feature","geometry":{"type":"Polygon","coordinates":[[[78.457901,17.405088],[78.457968,17.405086],[78.457975,17.405266],[78.457908,17.405268],[78.457901,17.405088]]]},"properties":{"id":"f36b586b278c","height":null,"num_floors":null,"render_height_m":9.6,"height_label":"assumed"}},{"type":"Feature","geometry":{"type":"Polygon","coordinates":[[[78.457782,17.405006],[78.457632,17.405006],[78.457632,17.404939],[78.457782,17.404939],[78.457782,17.405006]]]},"properties":{"id":"1a9dd0c8d1aa","height":null,"num_floors":null,"render_height_m":9.6,"height_label":"assumed"}},{"type":"Feature","geometry":{"type":"Polygon","coordinates":[[[78.457945,17.404923],[78.457581,17.404924],[78.457581,17.404823],[78.457944,17.404823],[78.457945,17.404923]]]},"properties":{"id":"4d5b1ec4256a","height":null,"num_floors":null,"render_height_m":12.8,"height_label":"assumed"}},{"type":"Feature","geometry":{"type":"Polygon","coordinates":[[[78.457976,17.404623],[78.458035,17.404626],[78.458031,17.40469],[78.457973,17.404687],[78.457976,17.404623]]]},"properties":{"id":"1fd5bb0055e3","height":null,"num_floors":null,"render_height_m":6.4,"height_label":"assumed"}},{"type":"Feature","geometry":{"type":"Polygon","coordinates":[[[78.45802,17.404763],[78.457945,17.404761],[78.457947,17.404691],[78.45821,17.404699],[78.458214,17.404583],[78.458291,17.404585],[78.458285,17.404772],[78.458165,17.404768],[78.458165,17.404757],[78.45802,17.404752],[78.45802,17.404763]]]},"properties":{"id":"69aea3f1a84b","height":null,"num_floors":null,"render_height_m":12.8,"height_label":"assumed"}},{"type":"Feature","geometry":{"type":"Polygon","coordinates":[[[78.458134,17.405109],[78.458055,17.405111],[78.458052,17.404997],[78.45813,17.404995],[78.458134,17.405109]]]},"properties":{"id":"372fd81ef487","height":null,"num_floors":null,"render_height_m":9.6,"height_label":"assumed"}},{"type":"Feature","geometry":{"type":"Polygon","coordinates":[[[78.458138,17.405136],[78.458181,17.405135],[78.458184,17.405213],[78.458141,17.405214],[78.458138,17.405136]]]},"properties":{"id":"b135508243bc","height":null,"num_floors":null,"render_height_m":6.4,"height_label":"assumed"}},{"type":"Feature","geometry":{"type":"Polygon","coordinates":[[[78.458179,17.405029],[78.458248,17.405027],[78.458249,17.405067],[78.458282,17.405065],[78.458284,17.405116],[78.458183,17.40512],[78.458179,17.405029]]]},"properties":{"id":"5c0ea0999a49","height":null,"num_floors":null,"render_height_m":9.6,"height_label":"assumed"}},{"type":"Feature","geometry":{"type":"Polygon","coordinates":[[[78.458237,17.404993],[78.4583,17.404991],[78.458303,17.405074],[78.458268,17.405075],[78.458266,17.40502],[78.458238,17.405022],[78.458237,17.404993]]]},"properties":{"id":"36936342e384","height":null,"num_floors":null,"render_height_m":6.4,"height_label":"assumed"}},{"type":"Feature","geometry":{"type":"Polygon","coordinates":[[[78.458372,17.405093],[78.458375,17.405157],[78.458306,17.405159],[78.458305,17.405121],[78.458333,17.40512],[78.458332,17.405094],[78.458372,17.405093]]]},"properties":{"id":"012ade6b2228","height":null,"num_floors":null,"render_height_m":6.4,"height_label":"assumed"}},{"type":"Feature","geometry":{"type":"Polygon","coordinates":[[[78.458428,17.404726],[78.458331,17.404729],[78.458327,17.404633],[78.458424,17.40463],[78.458428,17.404726]]]},"properties":{"id":"c59b8b18fa12","height":null,"num_floors":null,"render_height_m":9.6,"height_label":"assumed"}},{"type":"Feature","geometry":{"type":"Polygon","coordinates":[[[78.4587,17.404804],[78.458713,17.404841],[78.458638,17.404864],[78.458626,17.404828],[78.4587,17.404804]]]},"properties":{"id":"15ce5a396a95","height":null,"num_floors":null,"render_height_m":6.4,"height_label":"assumed"}},{"type":"Feature","geometry":{"type":"Polygon","coordinates":[[[78.458764,17.404995],[78.458801,17.405011],[78.458774,17.405072],[78.458736,17.405056],[78.458764,17.404995]]]},"properties":{"id":"6d0e8e30dce0","height":null,"num_floors":null,"render_height_m":6.4,"height_label":"assumed"}},{"type":"Feature","geometry":{"type":"Polygon","coordinates":[[[78.458754,17.405063],[78.458798,17.405079],[78.458782,17.405119],[78.458738,17.405103],[78.458754,17.405063]]]},"properties":{"id":"778478bd3e59","height":null,"num_floors":null,"render_height_m":6.4,"height_label":"assumed"}},{"type":"Feature","geometry":{"type":"Polygon","coordinates":[[[78.458636,17.404859],[78.458648,17.404901],[78.458608,17.404911],[78.458596,17.404869],[78.458636,17.404859]]]},"properties":{"id":"6acb856c44e8","height":null,"num_floors":null,"render_height_m":6.4,"height_label":"assumed"}},{"type":"Feature","geometry":{"type":"Polygon","coordinates":[[[78.458597,17.404941],[78.458628,17.404944],[78.458623,17.404989],[78.458592,17.404986],[78.458597,17.404941]]]},"properties":{"id":"b444d7aa72a0","height":null,"num_floors":null,"render_height_m":6.4,"height_label":"assumed"}},{"type":"Feature","geometry":{"type":"Polygon","coordinates":[[[78.458447,17.405105],[78.458453,17.405053],[78.458498,17.405058],[78.458492,17.405109],[78.458447,17.405105]]]},"properties":{"id":"90986a2e7f2c","height":null,"num_floors":null,"render_height_m":6.4,"height_label":"assumed"}},{"type":"Feature","geometry":{"type":"Polygon","coordinates":[[[78.458501,17.405219],[78.458608,17.405219],[78.458608,17.405329],[78.458501,17.405329],[78.458501,17.405219]]]},"properties":{"id":"68e1af951058","height":null,"num_floors":null,"render_height_m":9.6,"height_label":"assumed"}},{"type":"Feature","geometry":{"type":"Polygon","coordinates":[[[78.458546,17.405393],[78.458543,17.405358],[78.458615,17.405352],[78.458618,17.405388],[78.458546,17.405393]]]},"properties":{"id":"7bfa2c3057a0","height":null,"num_floors":null,"render_height_m":6.4,"height_label":"assumed"}},{"type":"Feature","geometry":{"type":"Polygon","coordinates":[[[78.458642,17.405604],[78.45848,17.405625],[78.458461,17.405492],[78.458624,17.405471],[78.458642,17.405604]]]},"properties":{"id":"0a48e9724551","height":null,"num_floors":null,"render_height_m":12.8,"height_label":"assumed"}},{"type":"Feature","geometry":{"type":"Polygon","coordinates":[[[78.458674,17.405893],[78.458501,17.405904],[78.458496,17.405839],[78.458669,17.405827],[78.458674,17.405893]]]},"properties":{"id":"1757f1a7ba42","height":null,"num_floors":null,"render_height_m":9.6,"height_label":"assumed"}},{"type":"Feature","geometry":{"type":"Polygon","coordinates":[[[78.45866,17.405814],[78.458476,17.40583],[78.458459,17.405649],[78.458644,17.405633],[78.45866,17.405814]]]},"properties":{"id":"7ad551b1ea5a","height":null,"num_floors":null,"render_height_m":12.8,"height_label":"assumed"}},{"type":"Feature","geometry":{"type":"Polygon","coordinates":[[[78.458891,17.405729],[78.458808,17.405729],[78.458804,17.405699],[78.458752,17.405706],[78.458748,17.40568],[78.458695,17.405687],[78.458657,17.405444],[78.458881,17.405412],[78.458879,17.405421],[78.458916,17.405624],[78.458925,17.405705],[78.458891,17.405729]]]},"properties":{"id":"bd32f75269d6","height":null,"num_floors":null,"render_height_m":12.8,"height_label":"assumed"}},{"type":"Feature","geometry":{"type":"Polygon","coordinates":[[[78.459037,17.405604],[78.458916,17.405624],[78.458879,17.405421],[78.458988,17.405403],[78.459006,17.405502],[78.459018,17.4055],[78.459037,17.405604]]]},"properties":{"id":"1df3104aec04","height":null,"num_floors":null,"render_height_m":12.8,"height_label":"assumed"}},{"type":"Feature","geometry":{"type":"Polygon","coordinates":[[[78.45882,17.405888],[78.458812,17.405889],[78.458805,17.40578],[78.458866,17.405776],[78.458865,17.405755],[78.458946,17.40575],[78.458954,17.405891],[78.458821,17.405898],[78.45882,17.405888]]]},"properties":{"id":"3fc416d4a981","height":null,"num_floors":null,"render_height_m":9.6,"height_label":"assumed"}},{"type":"Feature","geometry":{"type":"Polygon","coordinates":[[[78.459162,17.405674],[78.45918,17.405751],[78.459118,17.405765],[78.459099,17.405688],[78.459162,17.405674]]]},"properties":{"id":"51c148102d86","height":null,"num_floors":null,"render_height_m":6.4,"height_label":"assumed"}},{"type":"Feature","geometry":{"type":"Polygon","coordinates":[[[78.45909,17.405648],[78.459122,17.405641],[78.459131,17.405681],[78.459099,17.405688],[78.45909,17.405648]]]},"properties":{"id":"6e1e762d5502","height":null,"num_floors":null,"render_height_m":6.4,"height_label":"assumed"}},{"type":"Feature","geometry":{"type":"Polygon","coordinates":[[[78.459163,17.405914],[78.459018,17.405938],[78.458995,17.405815],[78.459141,17.40579],[78.459163,17.405914]]]},"properties":{"id":"052e09de7beb","height":null,"num_floors":null,"render_height_m":9.6,"height_label":"assumed"}},{"type":"Feature","geometry":{"type":"Polygon","coordinates":[[[78.459357,17.405884],[78.459236,17.405917],[78.459172,17.405702],[78.459294,17.405669],[78.459357,17.405884]]]},"properties":{"id":"c8390880f9c3","height":null,"num_floors":null,"render_height_m":12.8,"height_label":"assumed"}},{"type":"Feature","geometry":{"type":"Polygon","coordinates":[[[78.459198,17.405584],[78.459233,17.405577],[78.459246,17.405631],[78.459211,17.405638],[78.459198,17.405584]]]},"properties":{"id":"9c802f1ba4d5","height":null,"num_floors":null,"render_height_m":6.4,"height_label":"assumed"}},{"type":"Feature","geometry":{"type":"Polygon","coordinates":[[[78.459296,17.405563],[78.459309,17.405617],[78.459246,17.405631],[78.459233,17.405577],[78.459296,17.405563]]]},"properties":{"id":"6a69e382690b","height":null,"num_floors":null,"render_height_m":6.4,"height_label":"assumed"}},{"type":"Feature","geometry":{"type":"Polygon","coordinates":[[[78.459056,17.405549],[78.459028,17.405419],[78.459204,17.405385],[78.459212,17.405424],[78.459238,17.405419],[78.459257,17.40551],[78.459056,17.405549]]]},"properties":{"id":"d04520228993","height":null,"num_floors":null,"render_height_m":12.8,"height_label":"assumed"}},{"type":"Feature","geometry":{"type":"Polygon","coordinates":[[[78.459028,17.405419],[78.459002,17.405298],[78.459178,17.405264],[78.459204,17.405385],[78.459028,17.405419]]]},"properties":{"id":"cf67f28e2d4f","height":null,"num_floors":null,"render_height_m":12.8,"height_label":"assumed"}},{"type":"Feature","geometry":{"type":"Polygon","coordinates":[[[78.459292,17.405265],[78.459309,17.405341],[78.459252,17.405352],[78.459236,17.405276],[78.459292,17.405265]]]},"properties":{"id":"7dd5676965cc","height":null,"num_floors":null,"render_height_m":6.4,"height_label":"assumed"}},{"type":"Feature","geometry":{"type":"Polygon","coordinates":[[[78.459207,17.404898],[78.459249,17.405018],[78.459151,17.40505],[78.459109,17.40493],[78.459207,17.404898]]]},"properties":{"id":"f59ef0c7af23","height":null,"num_floors":null,"render_height_m":9.6,"height_label":"assumed"}},{"type":"Feature","geometry":{"type":"Polygon","coordinates":[[[78.459134,17.405247],[78.458975,17.405293],[78.45893,17.405153],[78.459089,17.405106],[78.459134,17.405247]]]},"properties":{"id":"851529b621dc","height":null,"num_floors":null,"render_height_m":12.8,"height_label":"assumed"}},{"type":"Feature","geometry":{"type":"Polygon","coordinates":[[[78.458964,17.405],[78.458923,17.405009],[78.458903,17.404927],[78.458943,17.404918],[78.458964,17.405]]]},"properties":{"id":"47a4c6ed2511","height":null,"num_floors":null,"render_height_m":6.4,"height_label":"assumed"}},{"type":"Feature","geometry":{"type":"Polygon","coordinates":[[[78.459258,17.404739],[78.459285,17.404816],[78.45916,17.404856],[78.459133,17.404779],[78.459258,17.404739]]]},"properties":{"id":"9545f9829f66","height":null,"num_floors":null,"render_height_m":9.6,"height_label":"assumed"}},{"type":"Feature","geometry":{"type":"Polygon","coordinates":[[[78.459283,17.404533],[78.45935,17.404677],[78.459243,17.404722],[78.459224,17.404682],[78.459271,17.404662],[78.45926,17.404639],[78.459214,17.404659],[78.459177,17.404579],[78.459283,17.404533]]]},"properties":{"id":"18868213dab5","height":null,"num_floors":null,"render_height_m":9.6,"height_label":"assumed"}},{"type":"Feature","geometry":{"type":"Polygon","coordinates":[[[78.459139,17.404596],[78.459177,17.404579],[78.459243,17.404722],[78.459174,17.404752],[78.459144,17.404689],[78.459176,17.404676],[78.459139,17.404596]]]},"properties":{"id":"dba12bc1545d","height":null,"num_floors":null,"render_height_m":9.6,"height_label":"assumed"}},{"type":"Feature","geometry":{"type":"Polygon","coordinates":[[[78.459455,17.404822],[78.459473,17.404875],[78.459384,17.404904],[78.459366,17.40485],[78.459455,17.404822]]]},"properties":{"id":"c8a9d5de2b4a","height":null,"num_floors":null,"render_height_m":6.4,"height_label":"assumed"}},{"type":"Feature","geometry":{"type":"Polygon","coordinates":[[[78.459389,17.404764],[78.45941,17.404824],[78.459297,17.40486],[78.459276,17.4048],[78.459389,17.404764]]]},"properties":{"id":"75aa911acaf7","height":null,"num_floors":null,"render_height_m":9.6,"height_label":"assumed"}},{"type":"Feature","geometry":{"type":"Polygon","coordinates":[[[78.459376,17.40486],[78.459418,17.40498],[78.45935,17.405002],[78.459308,17.404881],[78.459376,17.40486]]]},"properties":{"id":"da18d411bb94","height":null,"num_floors":null,"render_height_m":9.6,"height_label":"assumed"}},{"type":"Feature","geometry":{"type":"Polygon","coordinates":[[[78.459264,17.405196],[78.459233,17.405109],[78.459355,17.405069],[78.459387,17.405156],[78.459264,17.405196]]]},"properties":{"id":"6e50a86b2670","height":null,"num_floors":null,"render_height_m":9.6,"height_label":"assumed"}},{"type":"Feature","geometry":{"type":"Polygon","coordinates":[[[78.459508,17.405111],[78.4594,17.40515],[78.459361,17.405052],[78.459469,17.405013],[78.459508,17.405111]]]},"properties":{"id":"5ef10fcae950","height":null,"num_floors":null,"render_height_m":9.6,"height_label":"assumed"}},{"type":"Feature","geometry":{"type":"Polygon","coordinates":[[[78.459473,17.404875],[78.459496,17.404941],[78.459407,17.404969],[78.459384,17.404904],[78.459473,17.404875]]]},"properties":{"id":"0ab8465371e4","height":null,"num_floors":null,"render_height_m":6.4,"height_label":"assumed"}},{"type":"Feature","geometry":{"type":"Polygon","coordinates":[[[78.459658,17.405233],[78.459538,17.405263],[78.459508,17.405147],[78.459627,17.405118],[78.459658,17.405233]]]},"properties":{"id":"4fc254d6ce13","height":null,"num_floors":null,"render_height_m":9.6,"height_label":"assumed"}},{"type":"Feature","geometry":{"type":"Polygon","coordinates":[[[78.45959,17.404933],[78.459696,17.40488],[78.459778,17.405032],[78.459671,17.405084],[78.45959,17.404933]]]},"properties":{"id":"f8ad0f3ad21b","height":null,"num_floors":null,"render_height_m":9.6,"height_label":"assumed"}},{"type":"Feature","geometry":{"type":"Polygon","coordinates":[[[78.459543,17.404808],[78.459484,17.404692],[78.459573,17.404651],[78.459632,17.404767],[78.459543,17.404808]]]},"properties":{"id":"755a4c199ab1","height":null,"num_floors":null,"render_height_m":9.6,"height_label":"assumed"}},{"type":"Feature","geometry":{"type":"Polygon","coordinates":[[[78.459774,17.40472],[78.459666,17.404772],[78.45957,17.404591],[78.459661,17.404554],[78.459774,17.40472]]]},"properties":{"id":"d5da62fe66b4","height":null,"num_floors":null,"render_height_m":12.8,"height_label":"assumed"}},{"type":"Feature","geometry":{"type":"Polygon","coordinates":[[[78.459805,17.404749],[78.459727,17.40462],[78.459876,17.404537],[78.459954,17.404666],[78.459805,17.404749]]]},"properties":{"id":"00594d37f7e9","height":null,"num_floors":null,"render_height_m":12.8,"height_label":"assumed"}},{"type":"Feature","geometry":{"type":"Polygon","coordinates":[[[78.460163,17.404559],[78.460054,17.404612],[78.459985,17.404483],[78.460094,17.40443],[78.460163,17.404559]]]},"properties":{"id":"54a10a56a989","height":null,"num_floors":null,"render_height_m":9.6,"height_label":"assumed"}},{"type":"Feature","geometry":{"type":"Polygon","coordinates":[[[78.459962,17.404734],[78.460061,17.404681],[78.460163,17.404854],[78.460065,17.404908],[78.459962,17.404734]]]},"properties":{"id":"c987b995a487","height":null,"num_floors":null,"render_height_m":12.8,"height_label":"assumed"}},{"type":"Feature","geometry":{"type":"Polygon","coordinates":[[[78.459917,17.404957],[78.459837,17.404816],[78.459947,17.404759],[78.460027,17.404901],[78.459917,17.404957]]]},"properties":{"id":"a51ee6e26912","height":null,"num_floors":null,"render_height_m":9.6,"height_label":"assumed"}},{"type":"Feature","geometry":{"type":"Polygon","coordinates":[[[78.460159,17.405139],[78.46,17.405052],[78.460039,17.404988],[78.460198,17.405075],[78.460159,17.405139]]]},"properties":{"id":"bd1a98611616","height":null,"num_floors":null,"render_height_m":9.6,"height_label":"assumed"}},{"type":"Feature","geometry":{"type":"Polygon","coordinates":[[[78.460063,17.405335],[78.459809,17.405193],[78.459917,17.405017],[78.460171,17.405159],[78.460063,17.405335]]]},"properties":{"id":"fee5349eb203","height":null,"num_floors":null,"render_height_m":12.8,"height_label":"assumed"}},{"type":"Feature","geometry":{"type":"Polygon","coordinates":[[[78.459714,17.404858],[78.459815,17.404802],[78.459914,17.404967],[78.459812,17.405023],[78.459714,17.404858]]]},"properties":{"id":"c77ad5ebb282","height":null,"num_floors":null,"render_height_m":12.8,"height_label":"assumed"}},{"type":"Feature","geometry":{"type":"Polygon","coordinates":[[[78.459757,17.405431],[78.459762,17.405458],[78.459707,17.405469],[78.459701,17.405442],[78.459757,17.405431]]]},"properties":{"id":"f200835cfb7d","height":null,"num_floors":null,"render_height_m":6.4,"height_label":"assumed"}},{"type":"Feature","geometry":{"type":"Polygon","coordinates":[[[78.459795,17.405499],[78.459808,17.405558],[78.459761,17.405568],[78.459748,17.405508],[78.459795,17.405499]]]},"properties":{"id":"b33122155898","height":null,"num_floors":null,"render_height_m":6.4,"height_label":"assumed"}},{"type":"Feature","geometry":{"type":"Polygon","coordinates":[[[78.459941,17.405499],[78.459812,17.405434],[78.459872,17.405326],[78.459912,17.405346],[78.459925,17.405323],[78.45998,17.405351],[78.459965,17.405379],[78.459998,17.405396],[78.459941,17.405499]]]},"properties":{"id":"b4c5a93d1659","height":null,"num_floors":null,"render_height_m":9.6,"height_label":"assumed"}},{"type":"Feature","geometry":{"type":"Polygon","coordinates":[[[78.459845,17.405865],[78.459872,17.405859],[78.459884,17.405911],[78.459857,17.405917],[78.459845,17.405865]]]},"properties":{"id":"9074dd7d3d38","height":null,"num_floors":null,"render_height_m":6.4,"height_label":"assumed"}},{"type":"Feature","geometry":{"type":"Polygon","coordinates":[[[78.459774,17.405795],[78.459696,17.405813],[78.459667,17.405698],[78.459744,17.40568],[78.459774,17.405795]]]},"properties":{"id":"140a33067658","height":null,"num_floors":null,"render_height_m":9.6,"height_label":"assumed"}},{"type":"Feature","geometry":{"type":"Polygon","coordinates":[[[78.459835,17.405897],[78.459718,17.40592],[78.459698,17.405825],[78.459815,17.405802],[78.459835,17.405897]]]},"properties":{"id":"042bc49b5e70","height":null,"num_floors":null,"render_height_m":9.6,"height_label":"assumed"}},{"type":"Feature","geometry":{"type":"Polygon","coordinates":[[[78.459605,17.405935],[78.459594,17.405893],[78.459689,17.40587],[78.4597,17.405911],[78.459605,17.405935]]]},"properties":{"id":"d9fa76501e6a","height":null,"num_floors":null,"render_height_m":6.4,"height_label":"assumed"}},{"type":"Feature","geometry":{"type":"Polygon","coordinates":[[[78.459562,17.405759],[78.459576,17.405756],[78.459582,17.405778],[78.459632,17.405768],[78.459645,17.405825],[78.45958,17.405839],[78.459562,17.405759]]]},"properties":{"id":"93caf946b3f1","height":null,"num_floors":null,"render_height_m":6.4,"height_label":"assumed"}},{"type":"Feature","geometry":{"type":"Polygon","coordinates":[[[78.459543,17.405783],[78.459555,17.405835],[78.459485,17.40585],[78.459473,17.405799],[78.459543,17.405783]]]},"properties":{"id":"4804f9e8c527","height":null,"num_floors":null,"render_height_m":6.4,"height_label":"assumed"}},{"type":"Feature","geometry":{"type":"Polygon","coordinates":[[[78.459564,17.405767],[78.459469,17.405796],[78.459452,17.405744],[78.459547,17.405716],[78.459564,17.405767]]]},"properties":{"id":"6c8ceca6205f","height":null,"num_floors":null,"render_height_m":6.4,"height_label":"assumed"}},{"type":"Feature","geometry":{"type":"Polygon","coordinates":[[[78.459526,17.405618],[78.459566,17.405609],[78.459588,17.405704],[78.459548,17.405712],[78.459526,17.405618]]]},"properties":{"id":"f927640b08f5","height":null,"num_floors":null,"render_height_m":6.4,"height_label":"assumed"}},{"type":"Feature","geometry":{"type":"Polygon","coordinates":[[[78.459768,17.40561],[78.459647,17.405637],[78.459622,17.405537],[78.459743,17.40551],[78.459768,17.40561]]]},"properties":{"id":"c739faa5a3a5","height":null,"num_floors":null,"render_height_m":9.6,"height_label":"assumed"}},{"type":"Feature","geometry":{"type":"Polygon","coordinates":[[[78.459721,17.405427],[78.459586,17.40546],[78.459569,17.405393],[78.459703,17.405361],[78.459721,17.405427]]]},"properties":{"id":"ad42df03e799","height":null,"num_floors":null,"render_height_m":9.6,"height_label":"assumed"}},{"type":"Feature","geometry":{"type":"Polygon","coordinates":[[[78.459606,17.405281],[78.459664,17.40527],[78.459676,17.405325],[78.459618,17.405337],[78.459606,17.405281]]]},"properties":{"id":"b6fae3847991","height":null,"num_floors":null,"render_height_m":6.4,"height_label":"assumed"}},{"type":"Feature","geometry":{"type":"Polygon","coordinates":[[[78.459521,17.405298],[78.459585,17.405285],[78.459597,17.405341],[78.459534,17.405354],[78.459521,17.405298]]]},"properties":{"id":"64845d998dfa","height":null,"num_floors":null,"render_height_m":6.4,"height_label":"assumed"}},{"type":"Feature","geometry":{"type":"Polygon","coordinates":[[[78.459461,17.40531],[78.459521,17.405298],[78.459536,17.405363],[78.459475,17.405376],[78.459461,17.40531]]]},"properties":{"id":"7fa778d70692","height":null,"num_floors":null,"render_height_m":6.4,"height_label":"assumed"}},{"type":"Feature","geometry":{"type":"Polygon","coordinates":[[[78.459555,17.405359],[78.459564,17.405399],[78.459483,17.405415],[78.459475,17.405376],[78.459555,17.405359]]]},"properties":{"id":"8bee55a92d9e","height":null,"num_floors":null,"render_height_m":6.4,"height_label":"assumed"}},{"type":"Feature","geometry":{"type":"Polygon","coordinates":[[[78.459544,17.405403],[78.459565,17.405497],[78.459504,17.40551],[78.459483,17.405415],[78.459544,17.405403]]]},"properties":{"id":"c20ca5dfebba","height":null,"num_floors":null,"render_height_m":6.4,"height_label":"assumed"}},{"type":"Feature","geometry":{"type":"Polygon","coordinates":[[[78.459429,17.405218],[78.45948,17.405208],[78.459484,17.405226],[78.459505,17.405222],[78.459519,17.405287],[78.459447,17.405301],[78.459429,17.405218]]]},"properties":{"id":"ac0e54effae2","height":null,"num_floors":null,"render_height_m":6.4,"height_label":"assumed"}},{"type":"Feature","geometry":{"type":"Polygon","coordinates":[[[78.459309,17.405341],[78.459365,17.405329],[78.459379,17.405395],[78.459323,17.405406],[78.459309,17.405341]]]},"properties":{"id":"b8f59b732eec","height":null,"num_floors":null,"render_height_m":6.4,"height_label":"assumed"}},{"type":"Feature","geometry":{"type":"Polygon","coordinates":[[[78.459252,17.405352],[78.459309,17.405341],[78.459323,17.405406],[78.459266,17.405417],[78.459252,17.405352]]]},"properties":{"id":"918a1a5d340b","height":null,"num_floors":null,"render_height_m":6.4,"height_label":"assumed"}},{"type":"Feature","geometry":{"type":"Polygon","coordinates":[[[78.459344,17.405395],[78.45936,17.405455],[78.459312,17.405467],[78.459296,17.405406],[78.459344,17.405395]]]},"properties":{"id":"41b61a096b54","height":null,"num_floors":null,"render_height_m":6.4,"height_label":"assumed"}},{"type":"Feature","geometry":{"type":"Polygon","coordinates":[[[78.459407,17.405602],[78.459425,17.405684],[78.459363,17.405697],[78.459345,17.405615],[78.459407,17.405602]]]},"properties":{"id":"8de5bf584a99","height":null,"num_floors":null,"render_height_m":6.4,"height_label":"assumed"}},{"type":"Feature","geometry":{"type":"Polygon","coordinates":[[[78.459481,17.40566],[78.459423,17.405671],[78.459409,17.405603],[78.459467,17.405591],[78.459481,17.40566]]]},"properties":{"id":"518ea58c1bd7","height":null,"num_floors":null,"render_height_m":6.4,"height_label":"assumed"}},{"type":"Feature","geometry":{"type":"Polygon","coordinates":[[[78.459482,17.405686],[78.459491,17.405725],[78.459457,17.405732],[78.459448,17.405693],[78.459482,17.405686]]]},"properties":{"id":"8c2364d32cc2","height":null,"num_floors":null,"render_height_m":6.4,"height_label":"assumed"}},{"type":"Feature","geometry":{"type":"Polygon","coordinates":[[[78.459391,17.40575],[78.459438,17.40574],[78.459453,17.405806],[78.459406,17.405816],[78.459391,17.40575]]]},"properties":{"id":"49edef2007bd","height":null,"num_floors":null,"render_height_m":6.4,"height_label":"assumed"}},{"type":"Feature","geometry":{"type":"Polygon","coordinates":[[[78.459412,17.405812],[78.459456,17.405802],[78.459468,17.405854],[78.459424,17.405863],[78.459412,17.405812]]]},"properties":{"id":"aab2f0ece1ba","height":null,"num_floors":null,"render_height_m":6.4,"height_label":"assumed"}},{"type":"Feature","geometry":{"type":"Polygon","coordinates":[[[78.459388,17.406018],[78.459226,17.406062],[78.459196,17.405961],[78.459357,17.405917],[78.459388,17.406018]]]},"properties":{"id":"b853b32638df","height":null,"num_floors":null,"render_height_m":9.6,"height_label":"assumed"}},{"type":"Feature","geometry":{"type":"Polygon","coordinates":[[[78.459347,17.406186],[78.459391,17.406176],[78.459405,17.406232],[78.459361,17.406242],[78.459347,17.406186]]]},"properties":{"id":"ee6d0408f924","height":null,"num_floors":null,"render_height_m":6.4,"height_label":"assumed"}},{"type":"Feature","geometry":{"type":"Polygon","coordinates":[[[78.459459,17.406146],[78.459313,17.406187],[78.459278,17.406072],[78.459424,17.406032],[78.459459,17.406146]]]},"properties":{"id":"128b88918bba","height":null,"num_floors":null,"render_height_m":9.6,"height_label":"assumed"}},{"type":"Feature","geometry":{"type":"Polygon","coordinates":[[[78.459615,17.406051],[78.459498,17.406092],[78.459466,17.406006],[78.459583,17.405965],[78.459615,17.406051]]]},"properties":{"id":"cfe141baed3a","height":null,"num_floors":null,"render_height_m":9.6,"height_label":"assumed"}},{"type":"Feature","geometry":{"type":"Polygon","coordinates":[[[78.459702,17.406184],[78.459738,17.406327],[78.45964,17.40635],[78.459604,17.406207],[78.459702,17.406184]]]},"properties":{"id":"67381642f402","height":null,"num_floors":null,"render_height_m":9.6,"height_label":"assumed"}},{"type":"Feature","geometry":{"type":"Polygon","coordinates":[[[78.45964,17.406156],[78.459528,17.406186],[78.459503,17.406101],[78.459615,17.406071],[78.45964,17.406156]]]},"properties":{"id":"a50af95f851c","height":null,"num_floors":null,"render_height_m":9.6,"height_label":"assumed"}},{"type":"Feature","geometry":{"type":"Polygon","coordinates":[[[78.45956,17.406549],[78.459421,17.406587],[78.459386,17.406472],[78.459525,17.406434],[78.45956,17.406549]]]},"properties":{"id":"38130dcc884e","height":null,"num_floors":null,"render_height_m":9.6,"height_label":"assumed"}},{"type":"Feature","geometry":{"type":"Polygon","coordinates":[[[78.459531,17.406371],[78.459407,17.406405],[78.459374,17.406296],[78.459498,17.406262],[78.459531,17.406371]]]},"properties":{"id":"d64ea5c7d620","height":null,"num_floors":null,"render_height_m":9.6,"height_label":"assumed"}},{"type":"Feature","geometry":{"type":"Polygon","coordinates":[[[78.45939,17.406831],[78.459282,17.40686],[78.459232,17.406694],[78.45934,17.406664],[78.45939,17.406831]]]},"properties":{"id":"8e4fedca1a15","height":null,"num_floors":null,"render_height_m":9.6,"height_label":"assumed"}},{"type":"Feature","geometry":{"type":"Polygon","coordinates":[[[78.459505,17.406864],[78.459413,17.40689],[78.45934,17.406645],[78.459431,17.40662],[78.459505,17.406864]]]},"properties":{"id":"d6d7ec6f1336","height":null,"num_floors":null,"render_height_m":12.8,"height_label":"assumed"}},{"type":"Feature","geometry":{"type":"Polygon","coordinates":[[[78.459393,17.406967],[78.45941,17.407147],[78.459187,17.407165],[78.459171,17.406985],[78.459393,17.406967]]]},"properties":{"id":"ea28517ea307","height":null,"num_floors":null,"render_height_m":12.8,"height_label":"assumed"}},{"type":"Feature","geometry":{"type":"Polygon","coordinates":[[[78.459555,17.407421],[78.459374,17.407436],[78.459351,17.407177],[78.459532,17.407162],[78.459555,17.407421]]]},"properties":{"id":"173767f5127f","height":null,"num_floors":null,"render_height_m":12.8,"height_label":"assumed"}},{"type":"Feature","geometry":{"type":"Polygon","coordinates":[[[78.459505,17.406996],[78.459519,17.407144],[78.45943,17.407151],[78.459416,17.407003],[78.459505,17.406996]]]},"properties":{"id":"91425f4f8a7f","height":null,"num_floors":null,"render_height_m":9.6,"height_label":"assumed"}},{"type":"Feature","geometry":{"type":"Polygon","coordinates":[[[78.459744,17.407166],[78.459758,17.407319],[78.459565,17.407335],[78.459551,17.407181],[78.459744,17.407166]]]},"properties":{"id":"17cb2fedef22","height":null,"num_floors":null,"render_height_m":12.8,"height_label":"assumed"}},{"type":"Feature","geometry":{"type":"Polygon","coordinates":[[[78.459689,17.407169],[78.459549,17.40718],[78.459531,17.406978],[78.459671,17.406967],[78.459689,17.407169]]]},"properties":{"id":"1a72250579c1","height":null,"num_floors":null,"render_height_m":12.8,"height_label":"assumed"}},{"type":"Feature","geometry":{"type":"Polygon","coordinates":[[[78.459593,17.406878],[78.459521,17.406898],[78.459434,17.406609],[78.459523,17.406584],[78.459559,17.406705],[78.459641,17.406682],[78.459708,17.406904],[78.459646,17.406921],[78.45964,17.406901],[78.459603,17.406911],[78.459593,17.406878]]]},"properties":{"id":"1bd5f100ed62","height":null,"num_floors":null,"render_height_m":12.8,"height_label":"assumed"}},{"type":"Feature","geometry":{"type":"Polygon","coordinates":[[[78.459991,17.406783],[78.45973,17.406824],[78.459682,17.406546],[78.459943,17.406505],[78.459991,17.406783]]]},"properties":{"id":"b98d952545a3","height":null,"num_floors":null,"render_height_m":19.2,"height_label":"assumed"}},{"type":"Feature","geometry":{"type":"Polygon","coordinates":[[[78.46006,17.407104],[78.459824,17.407123],[78.459811,17.406977],[78.460047,17.406958],[78.46006,17.407104]]]},"properties":{"id":"ec13c22a1f20","height":null,"num_floors":null,"render_height_m":12.8,"height_label":"assumed"}},{"type":"Feature","geometry":{"type":"Polygon","coordinates":[[[78.459741,17.406072],[78.459762,17.406165],[78.459699,17.406179],[78.459678,17.406085],[78.459741,17.406072]]]},"properties":{"id":"b25bd76d25aa","height":null,"num_floors":null,"render_height_m":6.4,"height_label":"assumed"}},{"type":"Feature","geometry":{"type":"Polygon","coordinates":[[[78.459775,17.40595],[78.459795,17.406035],[78.459672,17.406061],[78.459652,17.405977],[78.459775,17.40595]]]},"properties":{"id":"1f74b7205692","height":null,"num_floors":null,"render_height_m":9.6,"height_label":"assumed"}},{"type":"Feature","geometry":{"type":"Polygon","coordinates":[[[78.459913,17.406025],[78.459939,17.406133],[78.45987,17.406148],[78.459844,17.40604],[78.459913,17.406025]]]},"properties":{"id":"0d29ce80615e","height":null,"num_floors":null,"render_height_m":9.6,"height_label":"assumed"}},{"type":"Feature","geometry":{"type":"Polygon","coordinates":[[[78.459924,17.405918],[78.459944,17.406002],[78.459795,17.406035],[78.459775,17.40595],[78.459924,17.405918]]]},"properties":{"id":"bb6994beaaf4","height":null,"num_floors":null,"render_height_m":9.6,"height_label":"assumed"}},{"type":"Feature","geometry":{"type":"Polygon","coordinates":[[[78.45992,17.406049],[78.459956,17.406041],[78.459984,17.406155],[78.459948,17.406163],[78.45992,17.406049]]]},"properties":{"id":"ec0efe09a8f1","height":null,"num_floors":null,"render_height_m":6.4,"height_label":"assumed"}},{"type":"Feature","geometry":{"type":"Polygon","coordinates":[[[78.460169,17.40631],[78.460036,17.406328],[78.460013,17.406174],[78.460146,17.406156],[78.460169,17.40631]]]},"properties":{"id":"d4f507a9ee8e","height":null,"num_floors":null,"render_height_m":9.6,"height_label":"assumed"}},{"type":"Feature","geometry":{"type":"Polygon","coordinates":[[[78.460004,17.406162],[78.459973,17.406038],[78.460099,17.406009],[78.46013,17.406133],[78.460004,17.406162]]]},"properties":{"id":"816c56f85dbf","height":null,"num_floors":null,"render_height_m":9.6,"height_label":"assumed"}},{"type":"Feature","geometry":{"type":"Polygon","coordinates":[[[78.460098,17.405992],[78.459968,17.406029],[78.459932,17.405911],[78.460061,17.405874],[78.460098,17.405992]]]},"properties":{"id":"074d2950d2ff","height":null,"num_floors":null,"render_height_m":9.6,"height_label":"assumed"}},{"type":"Feature","geometry":{"type":"Polygon","coordinates":[[[78.460365,17.406079],[78.460251,17.4061],[78.460198,17.405841],[78.460311,17.405819],[78.460365,17.406079]]]},"properties":{"id":"4e9cfdd0f6a5","height":null,"num_floors":null,"render_height_m":12.8,"height_label":"assumed"}},{"type":"Feature","geometry":{"type":"Polygon","coordinates":[[[78.460342,17.4062],[78.460356,17.40624],[78.460305,17.406256],[78.460291,17.406216],[78.460342,17.4062]]]},"properties":{"id":"f0c56bd49370","height":null,"num_floors":null,"render_height_m":6.4,"height_label":"assumed"}},{"type":"Feature","geometry":{"type":"Polygon","coordinates":[[[78.460323,17.40626],[78.460353,17.406247],[78.460384,17.406314],[78.460354,17.406327],[78.460323,17.40626]]]},"properties":{"id":"ba6a75c60fc2","height":null,"num_floors":null,"render_height_m":6.4,"height_label":"assumed"}},{"type":"Feature","geometry":{"type":"Polygon","coordinates":[[[78.460399,17.40638],[78.460401,17.40641],[78.460348,17.406413],[78.460346,17.406383],[78.460399,17.40638]]]},"properties":{"id":"0dc72d323d8d","height":null,"num_floors":null,"render_height_m":6.4,"height_label":"assumed"}},{"type":"Feature","geometry":{"type":"Polygon","coordinates":[[[78.460385,17.406328],[78.460392,17.406374],[78.460345,17.406381],[78.460338,17.406334],[78.460385,17.406328]]]},"properties":{"id":"f607f0cd4f76","height":null,"num_floors":null,"render_height_m":6.4,"height_label":"assumed"}},{"type":"Feature","geometry":{"type":"Polygon","coordinates":[[[78.460362,17.406492],[78.460401,17.406486],[78.460408,17.406534],[78.460369,17.406539],[78.460362,17.406492]]]},"properties":{"id":"27df7beacc36","height":null,"num_floors":null,"render_height_m":6.4,"height_label":"assumed"}},{"type":"Feature","geometry":{"type":"Polygon","coordinates":[[[78.460074,17.406408],[78.460069,17.406375],[78.460321,17.406338],[78.460325,17.406367],[78.46029,17.406372],[78.460296,17.406415],[78.460335,17.406409],[78.460341,17.406447],[78.460304,17.406453],[78.460315,17.406517],[78.460257,17.406525],[78.460254,17.40651],[78.460189,17.406519],[78.460191,17.406535],[78.460132,17.406544],[78.460123,17.406486],[78.460096,17.406491],[78.460086,17.40643],[78.460116,17.406426],[78.460113,17.406403],[78.460074,17.406408]]]},"properties":{"id":"a1c90c05b005","height":null,"num_floors":null,"render_height_m":12.8,"height_label":"assumed"}},{"type":"Feature","geometry":{"type":"Polygon","coordinates":[[[78.460153,17.40657],[78.460164,17.406643],[78.460133,17.406647],[78.460121,17.406574],[78.460153,17.40657]]]},"properties":{"id":"17e52cb84859","height":null,"num_floors":null,"render_height_m":6.4,"height_label":"assumed"}},{"type":"Feature","geometry":{"type":"Polygon","coordinates":[[[78.460187,17.406616],[78.460274,17.406624],[78.460269,17.406675],[78.460181,17.406666],[78.460187,17.406616]]]},"properties":{"id":"b8c69294cf0a","height":null,"num_floors":null,"render_height_m":6.4,"height_label":"assumed"}},{"type":"Feature","geometry":{"type":"Polygon","coordinates":[[[78.460273,17.407118],[78.460146,17.407141],[78.460114,17.406982],[78.46024,17.406958],[78.460273,17.407118]]]},"properties":{"id":"7621b7ffca17","height":null,"num_floors":null,"render_height_m":9.6,"height_label":"assumed"}},{"type":"Feature","geometry":{"type":"Polygon","coordinates":[[[78.460166,17.407148],[78.46017,17.407175],[78.460125,17.40718],[78.460121,17.407153],[78.460166,17.407148]]]},"properties":{"id":"1ac1fd609358","height":null,"num_floors":null,"render_height_m":6.4,"height_label":"assumed"}},{"type":"Feature","geometry":{"type":"Polygon","coordinates":[[[78.460336,17.407244],[78.460379,17.407255],[78.46036,17.407326],[78.460318,17.407316],[78.460336,17.407244]]]},"properties":{"id":"1cf98a4202af","height":null,"num_floors":null,"render_height_m":6.4,"height_label":"assumed"}},{"type":"Feature","geometry":{"type":"Polygon","coordinates":[[[78.460141,17.405607],[78.460077,17.405575],[78.460188,17.40537],[78.460252,17.405402],[78.460141,17.405607]]]},"properties":{"id":"9b79e3c92562","height":null,"num_floors":null,"render_height_m":9.6,"height_label":"assumed"}},{"type":"Feature","geometry":{"type":"Polygon","coordinates":[[[78.460322,17.405597],[78.46023,17.405549],[78.460356,17.40533],[78.460448,17.405378],[78.460322,17.405597]]]},"properties":{"id":"3b5df4af1580","height":null,"num_floors":null,"render_height_m":12.8,"height_label":"assumed"}},{"type":"Feature","geometry":{"type":"Polygon","coordinates":[[[78.460321,17.405272],[78.460254,17.405237],[78.460373,17.40503],[78.46044,17.405065],[78.460321,17.405272]]]},"properties":{"id":"7a1e57b8507f","height":null,"num_floors":null,"render_height_m":9.6,"height_label":"assumed"}},{"type":"Feature","geometry":{"type":"Polygon","coordinates":[[[78.460386,17.405002],[78.46022,17.405045],[78.460191,17.404944],[78.460357,17.404901],[78.460386,17.405002]]]},"properties":{"id":"1c48cf69d55a","height":null,"num_floors":null,"render_height_m":9.6,"height_label":"assumed"}},{"type":"Feature","geometry":{"type":"Polygon","coordinates":[[[78.4602,17.404864],[78.460151,17.404771],[78.460287,17.404706],[78.460335,17.404799],[78.4602,17.404864]]]},"properties":{"id":"8c08baeb2158","height":null,"num_floors":null,"render_height_m":9.6,"height_label":"assumed"}},{"type":"Feature","geometry":{"type":"Polygon","coordinates":[[[78.460134,17.404692],[78.46009,17.404614],[78.460167,17.404573],[78.460212,17.404651],[78.460134,17.404692]]]},"properties":{"id":"c1f6ecd22206","height":null,"num_floors":null,"render_height_m":9.6,"height_label":"assumed"}},{"type":"Feature","geometry":{"type":"Polygon","coordinates":[[[78.460529,17.403655],[78.460447,17.403641],[78.460464,17.40355],[78.460492,17.403555],[78.460497,17.403527],[78.460603,17.403552],[78.460529,17.403655]]]},"properties":{"id":"e9678eecdfef","height":null,"num_floors":null,"render_height_m":9.6,"height_label":"assumed"}},{"type":"Feature","geometry":{"type":"Polygon","coordinates":[[[78.460326,17.403575],[78.46033,17.403528],[78.460394,17.403534],[78.460389,17.403581],[78.460326,17.403575]]]},"properties":{"id":"31d64cc458e4","height":null,"num_floors":null,"render_height_m":6.4,"height_label":"assumed"}},{"type":"Feature","geometry":{"type":"Polygon","coordinates":[[[78.460485,17.403543],[78.460398,17.403532],[78.460425,17.403351],[78.46058,17.403372],[78.460556,17.403532],[78.460488,17.403523],[78.460485,17.403543]]]},"properties":{"id":"0ed7ec6d730c","height":null,"num_floors":null,"render_height_m":12.8,"height_label":"assumed"}},{"type":"Feature","geometry":{"type":"Polygon","coordinates":[[[78.460312,17.403337],[78.460385,17.403381],[78.46033,17.403463],[78.460258,17.40342],[78.460312,17.403337]]]},"properties":{"id":"b8e4161e7f63","height":null,"num_floors":null,"render_height_m":9.6,"height_label":"assumed"}},{"type":"Feature","geometry":{"type":"Polygon","coordinates":[[[78.460271,17.403318],[78.460307,17.403332],[78.460298,17.403354],[78.460262,17.40334],[78.460271,17.403318]]]},"properties":{"id":"f4b962626cc9","height":null,"num_floors":null,"render_height_m":6.4,"height_label":"assumed"}},{"type":"Feature","geometry":{"type":"Polygon","coordinates":[[[78.460314,17.403237],[78.460286,17.403295],[78.460251,17.40328],[78.460279,17.403221],[78.460314,17.403237]]]},"properties":{"id":"0987055df6df","height":null,"num_floors":null,"render_height_m":6.4,"height_label":"assumed"}},{"type":"Feature","geometry":{"type":"Polygon","coordinates":[[[78.460256,17.403221],[78.460202,17.40322],[78.460204,17.403174],[78.460257,17.403175],[78.460256,17.403221]]]},"properties":{"id":"6d2b40d85d7e","height":null,"num_floors":null,"render_height_m":6.4,"height_label":"assumed"}},{"type":"Feature","geometry":{"type":"Polygon","coordinates":[[[78.460249,17.403345],[78.460135,17.403505],[78.459995,17.403415],[78.460108,17.403254],[78.460249,17.403345]]]},"properties":{"id":"82d570d390db","height":null,"num_floors":null,"render_height_m":12.8,"height_label":"assumed"}},{"type":"Feature","geometry":{"type":"Polygon","coordinates":[[[78.460194,17.403509],[78.460217,17.403481],[78.460269,17.40352],[78.460245,17.403548],[78.460194,17.403509]]]},"properties":{"id":"4fbb924e824c","height":null,"num_floors":null,"render_height_m":6.4,"height_label":"assumed"}},{"type":"Feature","geometry":{"type":"Polygon","coordinates":[[[78.460207,17.403856],[78.460309,17.403983],[78.460197,17.404066],[78.460116,17.403964],[78.460148,17.40394],[78.460128,17.403914],[78.460207,17.403856]]]},"properties":{"id":"6dd2cfe02265","height":null,"num_floors":null,"render_height_m":12.8,"height_label":"assumed"}},{"type":"Feature","geometry":{"type":"Polygon","coordinates":[[[78.460248,17.403683],[78.460285,17.40373],[78.460304,17.403716],[78.460439,17.403887],[78.46032,17.403974],[78.460148,17.403756],[78.460248,17.403683]]]},"properties":{"id":"a6232e4b1db3","height":null,"num_floors":null,"render_height_m":12.8,"height_label":"assumed"}},{"type":"Feature","geometry":{"type":"Polygon","coordinates":[[[78.460447,17.404163],[78.460312,17.404001],[78.46046,17.403888],[78.460595,17.404051],[78.460447,17.404163]]]},"properties":{"id":"115826923d9b","height":null,"num_floors":null,"render_height_m":12.8,"height_label":"assumed"}},{"type":"Feature","geometry":{"type":"Polygon","coordinates":[[[78.460507,17.404524],[78.460381,17.404593],[78.460307,17.40447],[78.460433,17.404401],[78.460507,17.404524]]]},"properties":{"id":"834afff7ec2c","height":null,"num_floors":null,"render_height_m":9.6,"height_label":"assumed"}},{"type":"Feature","geometry":{"type":"Polygon","coordinates":[[[78.460094,17.404397],[78.460064,17.404356],[78.460171,17.404284],[78.460201,17.404325],[78.460094,17.404397]]]},"properties":{"id":"12699e194629","height":null,"num_floors":null,"render_height_m":6.4,"height_label":"assumed"}},{"type":"Feature","geometry":{"type":"Polygon","coordinates":[[[78.459937,17.404447],[78.459856,17.404295],[78.459972,17.404239],[78.460053,17.404391],[78.459937,17.404447]]]},"properties":{"id":"aa80b550d946","height":null,"num_floors":null,"render_height_m":12.8,"height_label":"assumed"}},{"type":"Feature","geometry":{"type":"Polygon","coordinates":[[[78.460066,17.404257],[78.460005,17.404173],[78.460106,17.404106],[78.460167,17.40419],[78.460066,17.404257]]]},"properties":{"id":"280efa8b8a2a","height":null,"num_floors":null,"render_height_m":9.6,"height_label":"assumed"}},{"type":"Feature","geometry":{"type":"Polygon","coordinates":[[[78.460095,17.404094],[78.46003,17.404143],[78.459977,17.40408],[78.460042,17.404031],[78.460095,17.404094]]]},"properties":{"id":"891c868e9bb1","height":null,"num_floors":null,"render_height_m":6.4,"height_label":"assumed"}},{"type":"Feature","geometry":{"type":"Polygon","coordinates":[[[78.459925,17.404048],[78.459986,17.404148],[78.459937,17.404176],[78.459876,17.404075],[78.459925,17.404048]]]},"properties":{"id":"01fb9f72a955","height":null,"num_floors":null,"render_height_m":6.4,"height_label":"assumed"}},{"type":"Feature","geometry":{"type":"Polygon","coordinates":[[[78.45981,17.404203],[78.459753,17.404113],[78.459823,17.404072],[78.45988,17.404162],[78.45981,17.404203]]]},"properties":{"id":"13b6d87480c6","height":null,"num_floors":null,"render_height_m":9.6,"height_label":"assumed"}},{"type":"Feature","geometry":{"type":"Polygon","coordinates":[[[78.459806,17.403854],[78.459828,17.403889],[78.459795,17.403908],[78.459772,17.403873],[78.459806,17.403854]]]},"properties":{"id":"9bc417f5ec74","height":null,"num_floors":null,"render_height_m":6.4,"height_label":"assumed"}},{"type":"Feature","geometry":{"type":"Polygon","coordinates":[[[78.459848,17.403999],[78.459754,17.404059],[78.45967,17.40394],[78.459765,17.40388],[78.459848,17.403999]]]},"properties":{"id":"df7def6bde67","height":null,"num_floors":null,"render_height_m":9.6,"height_label":"assumed"}},{"type":"Feature","geometry":{"type":"Polygon","coordinates":[[[78.459854,17.40449],[78.45971,17.404574],[78.459655,17.404481],[78.459794,17.404397],[78.459854,17.40449]]]},"properties":{"id":"d061fefc6ca9","height":null,"num_floors":null,"render_height_m":9.6,"height_label":"assumed"}},{"type":"Feature","geometry":{"type":"Polygon","coordinates":[[[78.459671,17.404443],[78.459605,17.404364],[78.459723,17.404274],[78.45979,17.404353],[78.459671,17.404443]]]},"properties":{"id":"b08d141aec16","height":null,"num_floors":null,"render_height_m":9.6,"height_label":"assumed"}},{"type":"Feature","geometry":{"type":"Polygon","coordinates":[[[78.459595,17.4043],[78.459523,17.404212],[78.459638,17.404125],[78.459711,17.404212],[78.459595,17.4043]]]},"properties":{"id":"cea15466d921","height":null,"num_floors":null,"render_height_m":9.6,"height_label":"assumed"}},{"type":"Feature","geometry":{"type":"Polygon","coordinates":[[[78.459445,17.404669],[78.45925,17.404412],[78.459456,17.40427],[78.45965,17.404528],[78.459445,17.404669]]]},"properties":{"id":"eafff7f685f9","height":null,"num_floors":null,"render_height_m":19.2,"height_label":"assumed"}},{"type":"Feature","geometry":{"type":"Polygon","coordinates":[[[78.459639,17.40411],[78.459509,17.404211],[78.459445,17.404137],[78.459576,17.404035],[78.459639,17.40411]]]},"properties":{"id":"50f983ebc1d6","height":null,"num_floors":null,"render_height_m":9.6,"height_label":"assumed"}},{"type":"Feature","geometry":{"type":"Polygon","coordinates":[[[78.459636,17.40359],[78.459668,17.403596],[78.459656,17.403648],[78.459625,17.403641],[78.459636,17.40359]]]},"properties":{"id":"9f789f66eae1","height":null,"num_floors":null,"render_height_m":6.4,"height_label":"assumed"}},{"type":"Feature","geometry":{"type":"Polygon","coordinates":[[[78.459487,17.403824],[78.459368,17.403817],[78.459376,17.403685],[78.459495,17.403692],[78.459487,17.403824]]]},"properties":{"id":"a09115b7eb1c","height":null,"num_floors":null,"render_height_m":9.6,"height_label":"assumed"}},{"type":"Feature","geometry":{"type":"Polygon","coordinates":[[[78.459536,17.403655],[78.459418,17.403648],[78.459425,17.403524],[78.459544,17.403531],[78.459536,17.403655]]]},"properties":{"id":"3b0dc4565740","height":null,"num_floors":null,"render_height_m":9.6,"height_label":"assumed"}},{"type":"Feature","geometry":{"type":"Polygon","coordinates":[[[78.459417,17.403419],[78.459296,17.403418],[78.459298,17.403124],[78.459419,17.403125],[78.459417,17.403419]]]},"properties":{"id":"668a7d386e79","height":null,"num_floors":null,"render_height_m":12.8,"height_label":"assumed"}},{"type":"Feature","geometry":{"type":"Polygon","coordinates":[[[78.459738,17.403427],[78.4596,17.403415],[78.459619,17.403222],[78.459757,17.403234],[78.459738,17.403427]]]},"properties":{"id":"69949445df3f","height":null,"num_floors":null,"render_height_m":12.8,"height_label":"assumed"}},{"type":"Feature","geometry":{"type":"Polygon","coordinates":[[[78.459682,17.403518],[78.459751,17.403526],[78.459742,17.403596],[78.459673,17.403588],[78.459682,17.403518]]]},"properties":{"id":"b0bb37472865","height":null,"num_floors":null,"render_height_m":6.4,"height_label":"assumed"}},{"type":"Feature","geometry":{"type":"Polygon","coordinates":[[[78.459746,17.403619],[78.459693,17.403704],[78.459674,17.403693],[78.459727,17.403608],[78.459746,17.403619]]]},"properties":{"id":"2d08b2df1c30","height":null,"num_floors":null,"render_height_m":6.4,"height_label":"assumed"}},{"type":"Feature","geometry":{"type":"Polygon","coordinates":[[[78.460006,17.403547],[78.45997,17.403594],[78.459948,17.403578],[78.459985,17.403531],[78.460006,17.403547]]]},"properties":{"id":"9d583aba9cfd","height":null,"num_floors":null,"render_height_m":6.4,"height_label":"assumed"}},{"type":"Feature","geometry":{"type":"Polygon","coordinates":[[[78.460016,17.403554],[78.460101,17.40368],[78.460013,17.403736],[78.459927,17.403609],[78.460016,17.403554]]]},"properties":{"id":"45c6ef4ed74e","height":null,"num_floors":null,"render_height_m":9.6,"height_label":"assumed"}},{"type":"Feature","geometry":{"type":"Polygon","coordinates":[[[78.460101,17.403681],[78.460123,17.403716],[78.460065,17.403751],[78.460042,17.403717],[78.460101,17.403681]]]},"properties":{"id":"bb876bcc5057","height":null,"num_floors":null,"render_height_m":6.4,"height_label":"assumed"}},{"type":"Feature","geometry":{"type":"Polygon","coordinates":[[[78.460018,17.402821],[78.460048,17.402818],[78.460052,17.402849],[78.460022,17.402852],[78.460018,17.402821]]]},"properties":{"id":"11195d4c6fb4","height":null,"num_floors":null,"render_height_m":6.4,"height_label":"assumed"}},{"type":"Feature","geometry":{"type":"Polygon","coordinates":[[[78.459474,17.401959],[78.459312,17.401951],[78.459317,17.401857],[78.459479,17.401865],[78.459474,17.401959]]]},"properties":{"id":"b2eb612e792b","height":null,"num_floors":null,"render_height_m":9.6,"height_label":"assumed"}},{"type":"Feature","geometry":{"type":"Polygon","coordinates":[[[78.459732,17.401943],[78.459514,17.401933],[78.459518,17.401855],[78.459619,17.40186],[78.459623,17.401792],[78.459739,17.401797],[78.459732,17.401943]]]},"properties":{"id":"45ba086e3e34","height":null,"num_floors":null,"render_height_m":12.8,"height_label":"assumed"}},{"type":"Feature","geometry":{"type":"Polygon","coordinates":[[[78.459911,17.402032],[78.460052,17.402037],[78.460045,17.402205],[78.459904,17.402199],[78.459911,17.402032]]]},"properties":{"id":"2e5fa25e6806","height":null,"num_floors":null,"render_height_m":12.8,"height_label":"assumed"}},{"type":"Feature","geometry":{"type":"Polygon","coordinates":[[[78.460016,17.402016],[78.459876,17.401997],[78.45993,17.401633],[78.46007,17.401652],[78.460016,17.402016]]]},"properties":{"id":"40169643e092","height":null,"num_floors":null,"render_height_m":12.8,"height_label":"assumed"}},{"type":"Feature","geometry":{"type":"Polygon","coordinates":[[[78.460478,17.401986],[78.460514,17.401983],[78.460518,17.402033],[78.46055,17.402031],[78.460559,17.402137],[78.460117,17.402156],[78.460116,17.40209],[78.460104,17.402091],[78.460092,17.401824],[78.460149,17.401823],[78.460142,17.401745],[78.460284,17.401734],[78.460287,17.401765],[78.460391,17.40187],[78.460478,17.401986]],[[78.46026,17.401859],[78.460207,17.401861],[78.460207,17.401976],[78.460256,17.401975],[78.46026,17.401951],[78.460324,17.40195],[78.460341,17.401923],[78.460312,17.401914],[78.46026,17.401859]]]},"properties":{"id":"b0951ba8db14","height":null,"num_floors":null,"render_height_m":19.2,"height_label":"assumed"}},{"type":"Feature","geometry":{"type":"Polygon","coordinates":[[[78.460469,17.402388],[78.460307,17.40242],[78.460269,17.402246],[78.460431,17.402214],[78.460469,17.402388]]]},"properties":{"id":"d2593d7e221f","height":null,"num_floors":null,"render_height_m":12.8,"height_label":"assumed"}},{"type":"Feature","geometry":{"type":"Polygon","coordinates":[[[78.460107,17.40224],[78.460154,17.402228],[78.460162,17.402256],[78.460115,17.402268],[78.460107,17.40224]]]},"properties":{"id":"c2b9ec0d894a","height":null,"num_floors":null,"render_height_m":6.4,"height_label":"assumed"}},{"type":"Feature","geometry":{"type":"Polygon","coordinates":[[[78.460284,17.402422],[78.460094,17.402444],[78.460073,17.402275],[78.460263,17.402254],[78.460284,17.402422]]]},"properties":{"id":"75998747e328","height":null,"num_floors":null,"render_height_m":12.8,"height_label":"assumed"}},{"type":"Feature","geometry":{"type":"Polygon","coordinates":[[[78.4603,17.402768],[78.459963,17.402803],[78.459929,17.4025],[78.460266,17.402466],[78.4603,17.402768]]]},"properties":{"id":"4cb8408e8260","height":null,"num_floors":null,"render_height_m":19.2,"height_label":"assumed"}},{"type":"Feature","geometry":{"type":"Polygon","coordinates":[[[78.460527,17.402799],[78.460347,17.402831],[78.460274,17.402462],[78.460454,17.40243],[78.460527,17.402799]]]},"properties":{"id":"379e221d4a8e","height":null,"num_floors":null,"render_height_m":19.2,"height_label":"assumed"}},{"type":"Feature","geometry":{"type":"Polygon","coordinates":[[[78.460705,17.40275],[78.460562,17.402776],[78.460498,17.402455],[78.46064,17.402429],[78.460705,17.40275]]]},"properties":{"id":"058a3f83e794","height":null,"num_floors":null,"render_height_m":12.8,"height_label":"assumed"}},{"type":"Feature","geometry":{"type":"Polygon","coordinates":[[[78.460619,17.402237],[78.460556,17.402173],[78.460578,17.402154],[78.46064,17.402218],[78.460619,17.402237]]]},"properties":{"id":"98ef4d7f8247","height":null,"num_floors":null,"render_height_m":6.4,"height_label":"assumed"}},{"type":"Feature","geometry":{"type":"Polygon","coordinates":[[[78.460515,17.401802],[78.460203,17.401522],[78.460296,17.401316],[78.460739,17.401517],[78.460515,17.401802]]]},"properties":{"id":"9f6888d81feb","height":null,"num_floors":null,"render_height_m":19.2,"height_label":"assumed"}},{"type":"Feature","geometry":{"type":"Polygon","coordinates":[[[78.460429,17.401137],[78.460398,17.401232],[78.460325,17.40121],[78.460356,17.401115],[78.460429,17.401137]]]},"properties":{"id":"84b18e9a9cb7","height":null,"num_floors":null,"render_height_m":9.6,"height_label":"assumed"}},{"type":"Feature","geometry":{"type":"Polygon","coordinates":[[[78.46045,17.400706],[78.460542,17.400709],[78.460539,17.400829],[78.460446,17.400827],[78.46045,17.400706]]]},"properties":{"id":"789ecd58814a","height":null,"num_floors":null,"render_height_m":9.6,"height_label":"assumed"}},{"type":"Feature","geometry":{"type":"Polygon","coordinates":[[[78.460109,17.400459],[78.460193,17.400472],[78.460327,17.400493],[78.460304,17.400628],[78.460086,17.400594],[78.460109,17.400459]]]},"properties":{"id":"ea64754b3f32","height":null,"num_floors":null,"render_height_m":12.8,"height_label":"assumed"}},{"type":"Feature","geometry":{"type":"Polygon","coordinates":[[[78.460133,17.40032],[78.460332,17.400351],[78.460308,17.40049],[78.460109,17.400459],[78.460133,17.40032]]]},"properties":{"id":"1dee4d1fc80f","height":null,"num_floors":null,"render_height_m":12.8,"height_label":"assumed"}},{"type":"Feature","geometry":{"type":"Polygon","coordinates":[[[78.460394,17.400675],[78.46038,17.400377],[78.460484,17.400373],[78.460497,17.400671],[78.460394,17.400675]]]},"properties":{"id":"2f1678d39b40","height":null,"num_floors":null,"render_height_m":12.8,"height_label":"assumed"}},{"type":"Feature","geometry":{"type":"Polygon","coordinates":[[[78.460672,17.400685],[78.460514,17.400688],[78.460506,17.400364],[78.460664,17.400361],[78.460672,17.400685]]]},"properties":{"id":"7515f3a1c035","height":null,"num_floors":null,"render_height_m":12.8,"height_label":"assumed"}},{"type":"Feature","geometry":{"type":"Polygon","coordinates":[[[78.460561,17.400895],[78.460696,17.400901],[78.460689,17.401041],[78.460554,17.401034],[78.460561,17.400895]]]},"properties":{"id":"cd57b065ae60","height":null,"num_floors":null,"render_height_m":9.6,"height_label":"assumed"}},{"type":"Feature","geometry":{"type":"Polygon","coordinates":[[[78.460558,17.400189],[78.460594,17.400193],[78.460588,17.40024],[78.460553,17.400236],[78.460558,17.400189]]]},"properties":{"id":"0a161be9ed36","height":null,"num_floors":null,"render_height_m":6.4,"height_label":"assumed"}},{"type":"Feature","geometry":{"type":"Polygon","coordinates":[[[78.460522,17.399941],[78.460556,17.399943],[78.460554,17.399991],[78.460519,17.399989],[78.460522,17.399941]]]},"properties":{"id":"89661e4f180b","height":null,"num_floors":null,"render_height_m":6.4,"height_label":"assumed"}},{"type":"Feature","geometry":{"type":"Polygon","coordinates":[[[78.460555,17.399962],[78.460616,17.399965],[78.460613,17.40001],[78.460553,17.400007],[78.460555,17.399962]]]},"properties":{"id":"0de1b09ef25f","height":null,"num_floors":null,"render_height_m":6.4,"height_label":"assumed"}},{"type":"Feature","geometry":{"type":"Polygon","coordinates":[[[78.46035,17.399819],[78.460352,17.399715],[78.460374,17.399716],[78.460374,17.399703],[78.460616,17.399708],[78.460617,17.399686],[78.460713,17.399688],[78.460708,17.399912],[78.460472,17.399907],[78.460474,17.399842],[78.460374,17.39984],[78.460374,17.399819],[78.46035,17.399819]]]},"properties":{"id":"d1ca3df87745","height":null,"num_floors":null,"render_height_m":12.8,"height_label":"assumed"}},{"type":"Feature","geometry":{"type":"Polygon","coordinates":[[[78.460501,17.399646],[78.460585,17.399647],[78.460585,17.399683],[78.4605,17.399682],[78.460501,17.399646]]]},"properties":{"id":"d03e30e2b388","height":null,"num_floors":null,"render_height_m":6.4,"height_label":"assumed"}},{"type":"Feature","geometry":{"type":"Polygon","coordinates":[[[78.460133,17.399529],[78.460202,17.399535],[78.4602,17.39956],[78.460131,17.399555],[78.460133,17.399529]]]},"properties":{"id":"c65e443ff0c9","height":null,"num_floors":null,"render_height_m":6.4,"height_label":"assumed"}},{"type":"Feature","geometry":{"type":"Polygon","coordinates":[[[78.460334,17.399801],[78.459925,17.399783],[78.459932,17.399645],[78.46034,17.399663],[78.460334,17.399801]]]},"properties":{"id":"64f0436a0283","height":null,"num_floors":null,"render_height_m":12.8,"height_label":"assumed"}},{"type":"Feature","geometry":{"type":"Polygon","coordinates":[[[78.460307,17.400032],[78.460526,17.400035],[78.460525,17.400161],[78.460306,17.400159],[78.460307,17.400032]]]},"properties":{"id":"ecb452d997ed","height":null,"num_floors":null,"render_height_m":12.8,"height_label":"assumed"}},{"type":"Feature","geometry":{"type":"Polygon","coordinates":[[[78.460547,17.400348],[78.460404,17.400359],[78.460392,17.400224],[78.460535,17.400213],[78.460547,17.400348]]]},"properties":{"id":"58fa63ef473c","height":null,"num_floors":null,"render_height_m":9.6,"height_label":"assumed"}},{"type":"Feature","geometry":{"type":"Polygon","coordinates":[[[78.459801,17.399988],[78.459691,17.399987],[78.459694,17.399834],[78.459803,17.399836],[78.459801,17.399988]]]},"properties":{"id":"b7fb8ce3be87","height":null,"num_floors":null,"render_height_m":9.6,"height_label":"assumed"}},{"type":"Feature","geometry":{"type":"Polygon","coordinates":[[[78.459828,17.399739],[78.459707,17.399738],[78.459709,17.39958],[78.45983,17.399582],[78.459828,17.399739]]]},"properties":{"id":"35c04cda1e54","height":null,"num_floors":null,"render_height_m":9.6,"height_label":"assumed"}},{"type":"Feature","geometry":{"type":"Polygon","coordinates":[[[78.460035,17.399991],[78.459949,17.399992],[78.459948,17.399874],[78.460033,17.399873],[78.460035,17.399991]]]},"properties":{"id":"aebaa207b8e1","height":null,"num_floors":null,"render_height_m":9.6,"height_label":"assumed"}},{"type":"Feature","geometry":{"type":"Polygon","coordinates":[[[78.460062,17.399528],[78.460117,17.399532],[78.460115,17.399561],[78.460059,17.399557],[78.460062,17.399528]]]},"properties":{"id":"aa501119f2c6","height":null,"num_floors":null,"render_height_m":6.4,"height_label":"assumed"}},{"type":"Feature","geometry":{"type":"Polygon","coordinates":[[[78.459324,17.399751],[78.459215,17.399718],[78.459265,17.399569],[78.459374,17.399603],[78.459324,17.399751]]]},"properties":{"id":"772ec4ec6ef3","height":null,"num_floors":null,"render_height_m":9.6,"height_label":"assumed"}},{"type":"Feature","geometry":{"type":"Polygon","coordinates":[[[78.459366,17.399648],[78.459401,17.399652],[78.459395,17.399692],[78.459361,17.399687],[78.459366,17.399648]]]},"properties":{"id":"b41e5e718548","height":null,"num_floors":null,"render_height_m":6.4,"height_label":"assumed"}},{"type":"Feature","geometry":{"type":"Polygon","coordinates":[[[78.459634,17.39968],[78.459442,17.39969],[78.459435,17.399576],[78.459627,17.399566],[78.459634,17.39968]]]},"properties":{"id":"e38a231aee94","height":null,"num_floors":null,"render_height_m":12.8,"height_label":"assumed"}},{"type":"Feature","geometry":{"type":"Polygon","coordinates":[[[78.459571,17.399703],[78.459616,17.399705],[78.459611,17.399773],[78.459567,17.39977],[78.459571,17.399703]]]},"properties":{"id":"f94f13b5123f","height":null,"num_floors":null,"render_height_m":6.4,"height_label":"assumed"}},{"type":"Feature","geometry":{"type":"Polygon","coordinates":[[[78.45965,17.399928],[78.4595,17.39993],[78.459499,17.399839],[78.459649,17.399837],[78.45965,17.399928]]]},"properties":{"id":"b0a413bcfe33","height":null,"num_floors":null,"render_height_m":9.6,"height_label":"assumed"}},{"type":"Feature","geometry":{"type":"Polygon","coordinates":[[[78.459442,17.400193],[78.459484,17.400039],[78.459764,17.400109],[78.459722,17.400263],[78.459442,17.400193]]]},"properties":{"id":"aefec506989b","height":null,"num_floors":null,"render_height_m":12.8,"height_label":"assumed"}},{"type":"Feature","geometry":{"type":"Polygon","coordinates":[[[78.45929,17.400111],[78.45933,17.399986],[78.459423,17.400013],[78.459383,17.400138],[78.45929,17.400111]]]},"properties":{"id":"a87d35c0a7aa","height":null,"num_floors":null,"render_height_m":9.6,"height_label":"assumed"}},{"type":"Feature","geometry":{"type":"Polygon","coordinates":[[[78.459016,17.400348],[78.459073,17.400161],[78.459691,17.400334],[78.459634,17.400522],[78.459016,17.400348]]]},"properties":{"id":"6a7cc5c7ae7d","height":null,"num_floors":null,"render_height_m":19.2,"height_label":"assumed"}},{"type":"Feature","geometry":{"type":"Polygon","coordinates":[[[78.459098,17.400894],[78.459149,17.400717],[78.459535,17.40082],[78.459483,17.400997],[78.459098,17.400894]]]},"properties":{"id":"ac5b24e974bc","height":null,"num_floors":null,"render_height_m":19.2,"height_label":"assumed"}},{"type":"Feature","geometry":{"type":"Polygon","coordinates":[[[78.45968,17.400838],[78.459774,17.400482],[78.460029,17.400543],[78.459953,17.400896],[78.45968,17.400838]]]},"properties":{"id":"827bdfe737ba","height":null,"num_floors":null,"render_height_m":19.2,"height_label":"assumed"}},{"type":"Feature","geometry":{"type":"Polygon","coordinates":[[[78.459849,17.401116],[78.459582,17.401099],[78.45959,17.400986],[78.459857,17.401003],[78.459849,17.401116]]]},"properties":{"id":"caa8441a309b","height":null,"num_floors":null,"render_height_m":12.8,"height_label":"assumed"}},{"type":"Feature","geometry":{"type":"Polygon","coordinates":[[[78.459844,17.401237],[78.459582,17.401221],[78.459589,17.401122],[78.459851,17.401138],[78.459844,17.401237]]]},"properties":{"id":"429b94ba5e6d","height":null,"num_floors":null,"render_height_m":12.8,"height_label":"assumed"}},{"type":"Feature","geometry":{"type":"Polygon","coordinates":[[[78.460163,17.40161],[78.459951,17.401577],[78.460039,17.401076],[78.460251,17.401109],[78.460163,17.40161]]]},"properties":{"id":"02a98d6b72e8","height":null,"num_floors":null,"render_height_m":19.2,"height_label":"assumed"}},{"type":"Feature","geometry":{"type":"Polygon","coordinates":[[[78.459628,17.401752],[78.459581,17.401753],[78.459577,17.401543],[78.459639,17.401542],[78.459638,17.401531],[78.459705,17.40153],[78.459705,17.40154],[78.459749,17.40154],[78.459753,17.40175],[78.459696,17.401751],[78.459696,17.401764],[78.459629,17.401765],[78.459628,17.401752]]]},"properties":{"id":"b747cabbaa06","height":null,"num_floors":null,"render_height_m":12.8,"height_label":"assumed"}},{"type":"Feature","geometry":{"type":"Polygon","coordinates":[[[78.45954,17.401463],[78.459596,17.401464],[78.459595,17.401509],[78.459539,17.401508],[78.45954,17.401463]]]},"properties":{"id":"9b71f0329045","height":null,"num_floors":null,"render_height_m":6.4,"height_label":"assumed"}},{"type":"Feature","geometry":{"type":"Polygon","coordinates":[[[78.459802,17.401473],[78.459556,17.401458],[78.459572,17.401232],[78.459818,17.401247],[78.459802,17.401473]]]},"properties":{"id":"54070a8dc2c1","height":null,"num_floors":null,"render_height_m":12.8,"height_label":"assumed"}},{"type":"Feature","geometry":{"type":"Polygon","coordinates":[[[78.459397,17.401267],[78.459295,17.401272],[78.459283,17.401046],[78.459385,17.401041],[78.459397,17.401267]]]},"properties":{"id":"fba01b5147ba","height":null,"num_floors":null,"render_height_m":12.8,"height_label":"assumed"}},{"type":"Feature","geometry":{"type":"Polygon","coordinates":[[[78.459414,17.401282],[78.459419,17.401449],[78.45931,17.401452],[78.459305,17.401285],[78.459414,17.401282]]]},"properties":{"id":"3ac9c5ec1115","height":null,"num_floors":null,"render_height_m":9.6,"height_label":"assumed"}},{"type":"Feature","geometry":{"type":"Polygon","coordinates":[[[78.459512,17.401532],[78.459505,17.401819],[78.459305,17.401815],[78.459311,17.401528],[78.459512,17.401532]]]},"properties":{"id":"ef65eaa33df2","height":null,"num_floors":null,"render_height_m":12.8,"height_label":"assumed"}},{"type":"Feature","geometry":{"type":"Polygon","coordinates":[[[78.459228,17.401724],[78.459089,17.401704],[78.459112,17.40156],[78.459251,17.40158],[78.459228,17.401724]]]},"properties":{"id":"c05db2220869","height":null,"num_floors":null,"render_height_m":9.6,"height_label":"assumed"}},{"type":"Feature","geometry":{"type":"Polygon","coordinates":[[[78.459075,17.401494],[78.459075,17.401365],[78.459266,17.401365],[78.459266,17.401494],[78.459075,17.401494]]]},"properties":{"id":"893039d8a04e","height":null,"num_floors":null,"render_height_m":12.8,"height_label":"assumed"}},{"type":"Feature","geometry":{"type":"Polygon","coordinates":[[[78.459213,17.401349],[78.459073,17.401353],[78.459063,17.401021],[78.459203,17.401017],[78.459213,17.401349]]]},"properties":{"id":"6b6dfc882c8e","height":null,"num_floors":null,"render_height_m":12.8,"height_label":"assumed"}},{"type":"Feature","geometry":{"type":"Polygon","coordinates":[[[78.459026,17.401111],[78.458934,17.401098],[78.458956,17.400956],[78.459049,17.400969],[78.459026,17.401111]]]},"properties":{"id":"2d193f333046","height":null,"num_floors":null,"render_height_m":9.6,"height_label":"assumed"}},{"type":"Feature","geometry":{"type":"Polygon","coordinates":[[[78.459057,17.40156],[78.459096,17.401558],[78.459098,17.401591],[78.45906,17.401593],[78.459057,17.40156]]]},"properties":{"id":"4779b360f8ef","height":null,"num_floors":null,"render_height_m":6.4,"height_label":"assumed"}},{"type":"Feature","geometry":{"type":"Polygon","coordinates":[[[78.458618,17.401746],[78.458625,17.401593],[78.459024,17.401609],[78.459017,17.401761],[78.458618,17.401746]]]},"properties":{"id":"7b6af42b479b","height":null,"num_floors":null,"render_height_m":12.8,"height_label":"assumed"}},{"type":"Feature","geometry":{"type":"Polygon","coordinates":[[[78.459016,17.401568],[78.458572,17.401573],[78.458709,17.401247],[78.45878,17.401249],[78.458787,17.401264],[78.459013,17.401281],[78.459016,17.401568]]]},"properties":{"id":"fb24eb624fb2","height":null,"num_floors":null,"render_height_m":19.2,"height_label":"assumed"}},{"type":"Feature","geometry":{"type":"Polygon","coordinates":[[[78.458541,17.401394],[78.458503,17.401496],[78.458472,17.401494],[78.458479,17.40139],[78.458541,17.401394]]]},"properties":{"id":"958501a247f1","height":null,"num_floors":null,"render_height_m":6.4,"height_label":"assumed"}},{"type":"Feature","geometry":{"type":"Polygon","coordinates":[[[78.459028,17.401242],[78.458617,17.401197],[78.45863,17.401089],[78.458721,17.401099],[78.458732,17.401006],[78.458927,17.401028],[78.458911,17.401161],[78.459036,17.401174],[78.459028,17.401242]]]},"properties":{"id":"607f7d135c8e","height":null,"num_floors":null,"render_height_m":12.8,"height_label":"assumed"}},{"type":"Feature","geometry":{"type":"Polygon","coordinates":[[[78.458843,17.40077],[78.458897,17.400783],[78.458886,17.400823],[78.458832,17.40081],[78.458843,17.40077]]]},"properties":{"id":"71e2f9a15430","height":null,"num_floors":null,"render_height_m":6.4,"height_label":"assumed"}},{"type":"Feature","geometry":{"type":"Polygon","coordinates":[[[78.458501,17.400418],[78.458411,17.400403],[78.458444,17.400231],[78.458533,17.400246],[78.458501,17.400418]]]},"properties":{"id":"ae8d29fa8881","height":null,"num_floors":null,"render_height_m":9.6,"height_label":"assumed"}},{"type":"Feature","geometry":{"type":"Polygon","coordinates":[[[78.458583,17.40028],[78.458673,17.400295],[78.458641,17.400471],[78.458552,17.400457],[78.458583,17.40028]]]},"properties":{"id":"74587d95351b","height":null,"num_floors":null,"render_height_m":9.6,"height_label":"assumed"}},{"type":"Feature","geometry":{"type":"Polygon","coordinates":[[[78.4591,17.400469],[78.458983,17.400436],[78.458999,17.400384],[78.459116,17.400417],[78.4591,17.400469]]]},"properties":{"id":"f41494ddaf11","height":null,"num_floors":null,"render_height_m":6.4,"height_label":"assumed"}},{"type":"Feature","geometry":{"type":"Polygon","coordinates":[[[78.458936,17.400754],[78.458787,17.40071],[78.458818,17.400617],[78.458966,17.400661],[78.458936,17.400754]]]},"properties":{"id":"5730715381d4","height":null,"num_floors":null,"render_height_m":9.6,"height_label":"assumed"}},{"type":"Feature","geometry":{"type":"Polygon","coordinates":[[[78.458845,17.400742],[78.458896,17.400746],[78.458894,17.400776],[78.458843,17.400772],[78.458845,17.400742]]]},"properties":{"id":"1e92da11f5b1","height":null,"num_floors":null,"render_height_m":6.4,"height_label":"assumed"}},{"type":"Feature","geometry":{"type":"Polygon","coordinates":[[[78.45908,17.400897],[78.458975,17.400865],[78.459037,17.400682],[78.459142,17.400714],[78.45908,17.400897]]]},"properties":{"id":"fd0280b11f70","height":null,"num_floors":null,"render_height_m":9.6,"height_label":"assumed"}},{"type":"Feature","geometry":{"type":"Polygon","coordinates":[[[78.459297,17.400688],[78.459103,17.40064],[78.45915,17.400468],[78.459344,17.400517],[78.459297,17.400688]]]},"properties":{"id":"4491c43a0cc7","height":null,"num_floors":null,"render_height_m":12.8,"height_label":"assumed"}},{"type":"Feature","geometry":{"type":"Polygon","coordinates":[[[78.459026,17.399705],[78.458826,17.399671],[78.458854,17.399517],[78.459054,17.399551],[78.459026,17.399705]]]},"properties":{"id":"5ab5b6d21026","height":null,"num_floors":null,"render_height_m":12.8,"height_label":"assumed"}},{"type":"Feature","geometry":{"type":"Polygon","coordinates":[[[78.459271,17.400092],[78.459074,17.400018],[78.459185,17.399747],[78.459383,17.399821],[78.459271,17.400092]]]},"properties":{"id":"72c83748784d","height":null,"num_floors":null,"render_height_m":12.8,"height_label":"assumed"}},{"type":"Feature","geometry":{"type":"Polygon","coordinates":[[[78.458785,17.399649],[78.458575,17.399597],[78.458604,17.39949],[78.458814,17.399542],[78.458785,17.399649]]]},"properties":{"id":"d887ad8718d9","height":null,"num_floors":null,"render_height_m":12.8,"height_label":"assumed"}},{"type":"Feature","geometry":{"type":"Polygon","coordinates":[[[78.458551,17.399601],[78.458464,17.39958],[78.458492,17.399474],[78.45858,17.399496],[78.458551,17.399601]]]},"properties":{"id":"cfa5b744175e","height":null,"num_floors":null,"render_height_m":9.6,"height_label":"assumed"}},{"type":"Feature","geometry":{"type":"Polygon","coordinates":[[[78.458443,17.399718],[78.458507,17.399726],[78.458501,17.39977],[78.458437,17.399762],[78.458443,17.399718]]]},"properties":{"id":"d3bea7107af2","height":null,"num_floors":null,"render_height_m":6.4,"height_label":"assumed"}},{"type":"Feature","geometry":{"type":"Polygon","coordinates":[[[78.458411,17.399791],[78.458528,17.399819],[78.45851,17.39989],[78.458393,17.399863],[78.458411,17.399791]]]},"properties":{"id":"41557b2e78bb","height":null,"num_floors":null,"render_height_m":9.6,"height_label":"assumed"}},{"type":"Feature","geometry":{"type":"Polygon","coordinates":[[[78.458521,17.399901],[78.458515,17.399965],[78.458385,17.399953],[78.458392,17.399888],[78.458521,17.399901]]]},"properties":{"id":"b3d73f0d74ce","height":null,"num_floors":null,"render_height_m":9.6,"height_label":"assumed"}},{"type":"Feature","geometry":{"type":"Polygon","coordinates":[[[78.458592,17.399766],[78.458607,17.39971],[78.458689,17.399731],[78.458692,17.399716],[78.458834,17.399751],[78.458831,17.399765],[78.458905,17.399783],[78.458891,17.399834],[78.458871,17.399829],[78.458822,17.400011],[78.45858,17.399951],[78.458605,17.399856],[78.458583,17.39985],[78.458605,17.399769],[78.458592,17.399766]]]},"properties":{"id":"d9b08f544d19","height":null,"num_floors":null,"render_height_m":12.8,"height_label":"assumed"}},{"type":"Feature","geometry":{"type":"Polygon","coordinates":[[[78.458488,17.400156],[78.458524,17.400021],[78.458823,17.400095],[78.458787,17.400229],[78.458488,17.400156]]]},"properties":{"id":"a003a4d330f1","height":null,"num_floors":null,"render_height_m":12.8,"height_label":"assumed"}},{"type":"Feature","geometry":{"type":"Polygon","coordinates":[[[78.45837,17.400104],[78.458256,17.400073],[78.458291,17.399958],[78.458405,17.399989],[78.45837,17.400104]]]},"properties":{"id":"aede72ae958f","height":null,"num_floors":null,"render_height_m":9.6,"height_label":"assumed"}},{"type":"Feature","geometry":{"type":"Polygon","coordinates":[[[78.458199,17.400384],[78.458096,17.400372],[78.458118,17.4002],[78.458221,17.400212],[78.458199,17.400384]]]},"properties":{"id":"f61af2e212b0","height":null,"num_floors":null,"render_height_m":9.6,"height_label":"assumed"}},{"type":"Feature","geometry":{"type":"Polygon","coordinates":[[[78.458132,17.400092],[78.458051,17.400075],[78.458084,17.399929],[78.458165,17.399946],[78.458132,17.400092]]]},"properties":{"id":"7ede85e9d654","height":null,"num_floors":null,"render_height_m":9.6,"height_label":"assumed"}},{"type":"Feature","geometry":{"type":"Polygon","coordinates":[[[78.458231,17.400112],[78.458148,17.400096],[78.458183,17.399934],[78.458266,17.39995],[78.458231,17.400112]]]},"properties":{"id":"ee728f51efb0","height":null,"num_floors":null,"render_height_m":9.6,"height_label":"assumed"}},{"type":"Feature","geometry":{"type":"Polygon","coordinates":[[[78.458168,17.399765],[78.45821,17.399775],[78.458199,17.399818],[78.458157,17.399808],[78.458168,17.399765]]]},"properties":{"id":"abdbeedde8d1","height":null,"num_floors":null,"render_height_m":6.4,"height_label":"assumed"}},{"type":"Feature","geometry":{"type":"Polygon","coordinates":[[[78.458325,17.399672],[78.458299,17.399788],[78.45818,17.399764],[78.4582,17.399673],[78.458295,17.399693],[78.458301,17.399667],[78.458325,17.399672]]]},"properties":{"id":"b23c0ca4569f","height":null,"num_floors":null,"render_height_m":9.6,"height_label":"assumed"}},{"type":"Feature","geometry":{"type":"Polygon","coordinates":[[[78.458294,17.399795],[78.458382,17.399815],[78.458359,17.399903],[78.458271,17.399883],[78.458294,17.399795]]]},"properties":{"id":"0fe75caaddb8","height":null,"num_floors":null,"render_height_m":9.6,"height_label":"assumed"}},{"type":"Feature","geometry":{"type":"Polygon","coordinates":[[[78.45842,17.399758],[78.458502,17.399777],[78.458494,17.399811],[78.458411,17.399791],[78.45842,17.399758]]]},"properties":{"id":"dfbebd7e7285","height":null,"num_floors":null,"render_height_m":6.4,"height_label":"assumed"}},{"type":"Feature","geometry":{"type":"Polygon","coordinates":[[[78.458393,17.399694],[78.458376,17.399746],[78.458321,17.39973],[78.458338,17.399678],[78.458393,17.399694]]]},"properties":{"id":"0dd30aa9443a","height":null,"num_floors":null,"render_height_m":6.4,"height_label":"assumed"}},{"type":"Feature","geometry":{"type":"Polygon","coordinates":[[[78.45852,17.399706],[78.458317,17.399655],[78.458341,17.399566],[78.458544,17.399617],[78.45852,17.399706]]]},"properties":{"id":"95ac17166257","height":null,"num_floors":null,"render_height_m":9.6,"height_label":"assumed"}},{"type":"Feature","geometry":{"type":"Polygon","coordinates":[[[78.458457,17.399582],[78.458342,17.399554],[78.458378,17.399421],[78.458493,17.399449],[78.458457,17.399582]]]},"properties":{"id":"2047ab1a4e9a","height":null,"num_floors":null,"render_height_m":9.6,"height_label":"assumed"}},{"type":"Feature","geometry":{"type":"Polygon","coordinates":[[[78.458121,17.39939],[78.458298,17.399441],[78.458272,17.399524],[78.45825,17.399517],[78.458244,17.399536],[78.458089,17.399492],[78.458121,17.39939]]]},"properties":{"id":"263218fd45f2","height":null,"num_floors":null,"render_height_m":9.6,"height_label":"assumed"}},{"type":"Feature","geometry":{"type":"Polygon","coordinates":[[[78.458092,17.399494],[78.458183,17.39953],[78.458154,17.399598],[78.458102,17.399578],[78.458121,17.399533],[78.458082,17.399518],[78.458092,17.399494]]]},"properties":{"id":"03b2e1b48ab3","height":null,"num_floors":null,"render_height_m":6.4,"height_label":"assumed"}},{"type":"Feature","geometry":{"type":"Polygon","coordinates":[[[78.457804,17.399615],[78.457671,17.399585],[78.4577,17.399465],[78.457833,17.399495],[78.457804,17.399615]]]},"properties":{"id":"9de3ed3aa22b","height":null,"num_floors":null,"render_height_m":9.6,"height_label":"assumed"}},{"type":"Feature","geometry":{"type":"Polygon","coordinates":[[[78.457684,17.399696],[78.45774,17.399705],[78.457735,17.399732],[78.457679,17.399723],[78.457684,17.399696]]]},"properties":{"id":"8a67066ed441","height":null,"num_floors":null,"render_height_m":6.4,"height_label":"assumed"}},{"type":"Feature","geometry":{"type":"Polygon","coordinates":[[[78.458015,17.399832],[78.457886,17.399773],[78.457924,17.399698],[78.458053,17.399758],[78.458015,17.399832]]]},"properties":{"id":"6ec0985af148","height":null,"num_floors":null,"render_height_m":9.6,"height_label":"assumed"}},{"type":"Feature","geometry":{"type":"Polygon","coordinates":[[[78.457801,17.399842],[78.457843,17.399765],[78.457988,17.399837],[78.457945,17.399915],[78.457801,17.399842]]]},"properties":{"id":"73534f9e8b08","height":null,"num_floors":null,"render_height_m":9.6,"height_label":"assumed"}},{"type":"Feature","geometry":{"type":"Polygon","coordinates":[[[78.457911,17.400046],[78.457756,17.399982],[78.457801,17.399881],[78.457957,17.399945],[78.457911,17.400046]]]},"properties":{"id":"ff98feea7043","height":null,"num_floors":null,"render_height_m":9.6,"height_label":"assumed"}},{"type":"Feature","geometry":{"type":"Polygon","coordinates":[[[78.458071,17.399885],[78.45803,17.400069],[78.457942,17.400052],[78.457983,17.399867],[78.458071,17.399885]]]},"properties":{"id":"142e8aca1f42","height":null,"num_floors":null,"render_height_m":9.6,"height_label":"assumed"}},{"type":"Feature","geometry":{"type":"Polygon","coordinates":[[[78.458072,17.40035],[78.457987,17.400336],[78.458012,17.400201],[78.458096,17.400216],[78.458072,17.40035]]]},"properties":{"id":"8f3d9265f24b","height":null,"num_floors":null,"render_height_m":9.6,"height_label":"assumed"}},{"type":"Feature","geometry":{"type":"Polygon","coordinates":[[[78.457974,17.400326],[78.457855,17.400308],[78.457885,17.40013],[78.458003,17.400148],[78.457974,17.400326]]]},"properties":{"id":"30e8235d5649","height":null,"num_floors":null,"render_height_m":12.8,"height_label":"assumed"}},{"type":"Feature","geometry":{"type":"Polygon","coordinates":[[[78.457712,17.400235],[78.457823,17.400271],[78.457785,17.400381],[78.457721,17.40036],[78.457731,17.40033],[78.457684,17.400315],[78.457712,17.400235]]]},"properties":{"id":"10eaf436c8bb","height":null,"num_floors":null,"render_height_m":9.6,"height_label":"assumed"}},{"type":"Feature","geometry":{"type":"Polygon","coordinates":[[[78.457672,17.400314],[78.457725,17.400332],[78.457717,17.400357],[78.457779,17.400378],[78.457765,17.400417],[78.457649,17.400378],[78.457672,17.400314]]]},"properties":{"id":"e357bc0763c0","height":null,"num_floors":null,"render_height_m":6.4,"height_label":"assumed"}},{"type":"Feature","geometry":{"type":"Polygon","coordinates":[[[78.457823,17.400433],[78.457859,17.400332],[78.458006,17.40038],[78.457969,17.400481],[78.457823,17.400433]]]},"properties":{"id":"a34f336c1d86","height":null,"num_floors":null,"render_height_m":9.6,"height_label":"assumed"}},{"type":"Feature","geometry":{"type":"Polygon","coordinates":[[[78.458154,17.400518],[78.45808,17.400544],[78.458053,17.400473],[78.458127,17.400447],[78.458154,17.400518]]]},"properties":{"id":"a29660853c7d","height":null,"num_floors":null,"render_height_m":6.4,"height_label":"assumed"}},{"type":"Feature","geometry":{"type":"Polygon","coordinates":[[[78.458308,17.400389],[78.458222,17.400378],[78.458243,17.400231],[78.458328,17.400242],[78.458308,17.400389]]]},"properties":{"id":"1818e88da51b","height":null,"num_floors":null,"render_height_m":9.6,"height_label":"assumed"}},{"type":"Feature","geometry":{"type":"Polygon","coordinates":[[[78.458401,17.400412],[78.458313,17.400397],[78.458345,17.400221],[78.458434,17.400236],[78.458401,17.400412]]]},"properties":{"id":"a6d69eb0da22","height":null,"num_floors":null,"render_height_m":9.6,"height_label":"assumed"}},{"type":"Feature","geometry":{"type":"Polygon","coordinates":[[[78.458457,17.40089],[78.458131,17.400723],[78.458309,17.400407],[78.458635,17.400574],[78.458457,17.40089]]]},"properties":{"id":"bcaf1bce1752","height":null,"num_floors":null,"render_height_m":19.2,"height_label":"assumed"}},{"type":"Feature","geometry":{"type":"Polygon","coordinates":[[[78.458421,17.401535],[78.45849,17.401537],[78.458486,17.401626],[78.458417,17.401624],[78.458421,17.401535]]]},"properties":{"id":"d6b4315d661f","height":null,"num_floors":null,"render_height_m":6.4,"height_label":"assumed"}},{"type":"Feature","geometry":{"type":"Polygon","coordinates":[[[78.458014,17.401841],[78.457771,17.401764],[78.45778,17.401738],[78.457768,17.401734],[78.457784,17.40169],[78.457793,17.401693],[78.457808,17.40165],[78.457793,17.401645],[78.4578,17.401625],[78.457787,17.401621],[78.457803,17.401576],[78.457813,17.401579],[78.45782,17.401558],[78.457871,17.401574],[78.457875,17.401563],[78.457923,17.401578],[78.457919,17.401589],[78.458011,17.401619],[78.458017,17.401604],[78.458054,17.401615],[78.45805,17.401627],[78.458085,17.401638],[78.458014,17.401841]]]},"properties":{"id":"d527697e4b08","height":null,"num_floors":null,"render_height_m":12.8,"height_label":"assumed"}},{"type":"Feature","geometry":{"type":"Polygon","coordinates":[[[78.457733,17.401253],[78.457701,17.401195],[78.457721,17.401156],[78.457753,17.401096],[78.457841,17.401091],[78.457854,17.401061],[78.457806,17.401041],[78.457798,17.401008],[78.45782,17.400993],[78.457856,17.400997],[78.45784,17.400929],[78.457874,17.400853],[78.457942,17.400819],[78.457993,17.400838],[78.458053,17.400868],[78.458059,17.400938],[78.458141,17.400977],[78.458209,17.400952],[78.458271,17.400981],[78.458327,17.401011],[78.458334,17.401063],[78.458319,17.401102],[78.458284,17.401163],[78.458222,17.401172],[78.458238,17.40119],[78.458228,17.401217],[78.458209,17.401227],[78.458158,17.40121],[78.458149,17.401241],[78.45817,17.401265],[78.4582,17.401327],[78.458147,17.401407],[78.458087,17.401429],[78.457991,17.401375],[78.457984,17.401304],[78.457888,17.401264],[78.457827,17.401301],[78.457733,17.401253]]]},"properties":{"id":"9cec75a31866","height":null,"num_floors":null,"render_height_m":19.2,"height_label":"assumed"}},{"type":"Feature","geometry":{"type":"Polygon","coordinates":[[[78.457731,17.401809],[78.457979,17.401872],[78.457971,17.401898],[78.457984,17.401901],[78.457971,17.401946],[78.457961,17.401944],[78.457949,17.401988],[78.457965,17.401992],[78.45796,17.402012],[78.457972,17.402015],[78.45796,17.402061],[78.45795,17.402058],[78.457944,17.40208],[78.457892,17.402067],[78.457888,17.402079],[78.45784,17.402066],[78.457843,17.402055],[78.457749,17.402031],[78.457744,17.402047],[78.457706,17.402037],[78.45771,17.402026],[78.457674,17.402016],[78.457731,17.401809]]]},"properties":{"id":"f7e0b7b93f7c","height":null,"num_floors":null,"render_height_m":12.8,"height_label":"assumed"}},{"type":"Feature","geometry":{"type":"Polygon","coordinates":[[[78.457687,17.402493],[78.457765,17.402513],[78.457747,17.40258],[78.457668,17.40256],[78.457687,17.402493]]]},"properties":{"id":"f9176f28a08a","height":null,"num_floors":null,"render_height_m":6.4,"height_label":"assumed"}},{"type":"Feature","geometry":{"type":"Polygon","coordinates":[[[78.457716,17.402387],[78.457795,17.402407],[78.457765,17.402513],[78.457687,17.402493],[78.457716,17.402387]]]},"properties":{"id":"b6c99b168abe","height":null,"num_floors":null,"render_height_m":9.6,"height_label":"assumed"}},{"type":"Feature","geometry":{"type":"Polygon","coordinates":[[[78.458068,17.40306],[78.457852,17.403059],[78.457852,17.402953],[78.458068,17.402954],[78.458068,17.40306]]]},"properties":{"id":"91eb84fce26e","height":null,"num_floors":null,"render_height_m":12.8,"height_label":"assumed"}},{"type":"Feature","geometry":{"type":"Polygon","coordinates":[[[78.458084,17.402499],[78.457956,17.402497],[78.457959,17.402329],[78.458088,17.402331],[78.458084,17.402499]]]},"properties":{"id":"9246ee699d1a","height":null,"num_floors":null,"render_height_m":12.8,"height_label":"assumed"}},{"type":"Feature","geometry":{"type":"Polygon","coordinates":[[[78.458421,17.402641],[78.458484,17.402647],[78.458482,17.402669],[78.458418,17.402663],[78.458421,17.402641]]]},"properties":{"id":"30237eb5aa17","height":null,"num_floors":null,"render_height_m":6.4,"height_label":"assumed"}},{"type":"Feature","geometry":{"type":"Polygon","coordinates":[[[78.458179,17.402028],[78.458184,17.401987],[78.458238,17.401993],[78.458234,17.402033],[78.458179,17.402028]]]},"properties":{"id":"d0b929f65097","height":null,"num_floors":null,"render_height_m":6.4,"height_label":"assumed"}},{"type":"Feature","geometry":{"type":"Polygon","coordinates":[[[78.458298,17.401885],[78.458339,17.401887],[78.458336,17.401941],[78.458295,17.401938],[78.458298,17.401885]]]},"properties":{"id":"e35d1a88ccd2","height":null,"num_floors":null,"render_height_m":6.4,"height_label":"assumed"}},{"type":"Feature","geometry":{"type":"Polygon","coordinates":[[[78.458562,17.401638],[78.458553,17.402097],[78.458394,17.402094],[78.458403,17.401635],[78.458562,17.401638]]]},"properties":{"id":"ea393f424c26","height":null,"num_floors":null,"render_height_m":19.2,"height_label":"assumed"}},{"type":"Feature","geometry":{"type":"Polygon","coordinates":[[[78.458478,17.402441],[78.458318,17.402436],[78.458332,17.402294],[78.458489,17.402315],[78.458489,17.402255],[78.45857,17.402248],[78.458565,17.402315],[78.458744,17.402315],[78.458747,17.402266],[78.458833,17.402268],[78.458858,17.402452],[78.458543,17.402452],[78.458538,17.402524],[78.458476,17.402514],[78.458478,17.402441]]]},"properties":{"id":"4c21cd41fb99","height":null,"num_floors":null,"render_height_m":19.2,"height_label":"assumed"}},{"type":"Feature","geometry":{"type":"Polygon","coordinates":[[[78.458763,17.402212],[78.458762,17.402254],[78.458643,17.402251],[78.458642,17.402294],[78.458574,17.402292],[78.458576,17.402207],[78.458763,17.402212]]]},"properties":{"id":"658eeffb0ef1","height":null,"num_floors":null,"render_height_m":9.6,"height_label":"assumed"}},{"type":"Feature","geometry":{"type":"Polygon","coordinates":[[[78.459183,17.402047],[78.45906,17.402035],[78.45909,17.401757],[78.459213,17.401769],[78.459183,17.402047]]]},"properties":{"id":"564c1cc9be93","height":null,"num_floors":null,"render_height_m":12.8,"height_label":"assumed"}},{"type":"Feature","geometry":{"type":"Polygon","coordinates":[[[78.459131,17.40239],[78.459035,17.402381],[78.459065,17.4021],[78.459161,17.402109],[78.459131,17.40239]]]},"properties":{"id":"f7b125629daa","height":null,"num_floors":null,"render_height_m":12.8,"height_label":"assumed"}},{"type":"Feature","geometry":{"type":"Polygon","coordinates":[[[78.458856,17.402249],[78.458928,17.402251],[78.458924,17.402389],[78.458852,17.402387],[78.458856,17.402249]]]},"properties":{"id":"c7f772b969f3","height":null,"num_floors":null,"render_height_m":9.6,"height_label":"assumed"}},{"type":"Feature","geometry":{"type":"Polygon","coordinates":[[[78.458569,17.402454],[78.458637,17.402455],[78.458636,17.402492],[78.458568,17.40249],[78.458569,17.402454]]]},"properties":{"id":"7a6a6922345c","height":null,"num_floors":null,"render_height_m":6.4,"height_label":"assumed"}},{"type":"Feature","geometry":{"type":"Polygon","coordinates":[[[78.458588,17.403454],[78.458435,17.403457],[78.458426,17.403061],[78.458579,17.403058],[78.458588,17.403454]]]},"properties":{"id":"c1863649b403","height":null,"num_floors":null,"render_height_m":12.8,"height_label":"assumed"}},{"type":"Feature","geometry":{"type":"Polygon","coordinates":[[[78.458611,17.403794],[78.458529,17.40379],[78.458539,17.403635],[78.458621,17.403639],[78.458611,17.403794]]]},"properties":{"id":"3d3c00257d09","height":null,"num_floors":null,"render_height_m":9.6,"height_label":"assumed"}},{"type":"Feature","geometry":{"type":"Polygon","coordinates":[[[78.458759,17.403754],[78.458801,17.403756],[78.458799,17.403809],[78.458757,17.403807],[78.458759,17.403754]]]},"properties":{"id":"4b5ae2cde210","height":null,"num_floors":null,"render_height_m":6.4,"height_label":"assumed"}},{"type":"Feature","geometry":{"type":"Polygon","coordinates":[[[78.458807,17.403709],[78.458901,17.403712],[78.458899,17.403765],[78.458805,17.403762],[78.458807,17.403709]]]},"properties":{"id":"ff12e8d24d4c","height":null,"num_floors":null,"render_height_m":6.4,"height_label":"assumed"}},{"type":"Feature","geometry":{"type":"Polygon","coordinates":[[[78.458834,17.403594],[78.458828,17.403687],[78.458754,17.403683],[78.45876,17.40359],[78.458834,17.403594]]]},"properties":{"id":"a5ced6aae864","height":null,"num_floors":null,"render_height_m":9.6,"height_label":"assumed"}},{"type":"Feature","geometry":{"type":"Polygon","coordinates":[[[78.458925,17.403437],[78.458712,17.403446],[78.458697,17.403128],[78.45891,17.403119],[78.458925,17.403437]]]},"properties":{"id":"45ffc66e12a3","height":null,"num_floors":null,"render_height_m":12.8,"height_label":"assumed"}},{"type":"Feature","geometry":{"type":"Polygon","coordinates":[[[78.459231,17.403385],[78.459003,17.403394],[78.458992,17.403132],[78.459219,17.403123],[78.459231,17.403385]]]},"properties":{"id":"70d68ef5a1cc","height":null,"num_floors":null,"render_height_m":12.8,"height_label":"assumed"}},{"type":"Feature","geometry":{"type":"Polygon","coordinates":[[[78.459067,17.403441],[78.459135,17.403439],[78.459136,17.403493],[78.459069,17.403495],[78.459067,17.403441]]]},"properties":{"id":"a66e2b9b52a7","height":null,"num_floors":null,"render_height_m":6.4,"height_label":"assumed"}},{"type":"Feature","geometry":{"type":"Polygon","coordinates":[[[78.459066,17.403648],[78.459073,17.403524],[78.45924,17.403533],[78.459232,17.403657],[78.459066,17.403648]]]},"properties":{"id":"bcd6c5fcbae4","height":null,"num_floors":null,"render_height_m":9.6,"height_label":"assumed"}},{"type":"Feature","geometry":{"type":"Polygon","coordinates":[[[78.458926,17.403698],[78.458844,17.403694],[78.45885,17.40359],[78.458933,17.403594],[78.458926,17.403698]]]},"properties":{"id":"c7eea022ae7b","height":null,"num_floors":null,"render_height_m":9.6,"height_label":"assumed"}},{"type":"Feature","geometry":{"type":"Polygon","coordinates":[[[78.458996,17.403712],[78.45899,17.403844],[78.458898,17.403841],[78.458904,17.403708],[78.458996,17.403712]]]},"properties":{"id":"fe2d584073f2","height":null,"num_floors":null,"render_height_m":9.6,"height_label":"assumed"}},{"type":"Feature","geometry":{"type":"Polygon","coordinates":[[[78.45892,17.403995],[78.458837,17.40399],[78.458842,17.403912],[78.458925,17.403917],[78.45892,17.403995]]]},"properties":{"id":"cd1d65701917","height":null,"num_floors":null,"render_height_m":6.4,"height_label":"assumed"}},{"type":"Feature","geometry":{"type":"Polygon","coordinates":[[[78.459023,17.403995],[78.45902,17.404055],[78.458973,17.404053],[78.458976,17.403993],[78.459023,17.403995]]]},"properties":{"id":"cec1e8b3fd04","height":null,"num_floors":null,"render_height_m":6.4,"height_label":"assumed"}},{"type":"Feature","geometry":{"type":"Polygon","coordinates":[[[78.459282,17.40395],[78.459103,17.40394],[78.459114,17.403762],[78.459293,17.403772],[78.459282,17.40395]]]},"properties":{"id":"f6307c0c1ba4","height":null,"num_floors":null,"render_height_m":12.8,"height_label":"assumed"}},{"type":"Feature","geometry":{"type":"Polygon","coordinates":[[[78.459064,17.404035],[78.459248,17.404042],[78.459247,17.404065],[78.459339,17.404069],[78.459339,17.404081],[78.45932,17.40408],[78.459317,17.404129],[78.459291,17.404128],[78.459289,17.404172],[78.459242,17.40417],[78.459241,17.404206],[78.459194,17.404204],[78.459195,17.404168],[78.459091,17.404164],[78.459093,17.404127],[78.45906,17.404125],[78.459064,17.404035]]]},"properties":{"id":"e271866bef58","height":null,"num_floors":null,"render_height_m":12.8,"height_label":"assumed"}},{"type":"Feature","geometry":{"type":"Polygon","coordinates":[[[78.459165,17.404251],[78.459061,17.404389],[78.458987,17.404338],[78.45909,17.404199],[78.459165,17.404251]]]},"properties":{"id":"2195b6a44507","height":null,"num_floors":null,"render_height_m":9.6,"height_label":"assumed"}},{"type":"Feature","geometry":{"type":"Polygon","coordinates":[[[78.45926,17.404488],[78.459277,17.404524],[78.459233,17.404544],[78.459215,17.404508],[78.45926,17.404488]]]},"properties":{"id":"d15e553ed751","height":null,"num_floors":null,"render_height_m":6.4,"height_label":"assumed"}},{"type":"Feature","geometry":{"type":"Polygon","coordinates":[[[78.458703,17.404089],[78.458605,17.404083],[78.458612,17.40398],[78.458709,17.403985],[78.458703,17.404089]]]},"properties":{"id":"b9f75c78704a","height":null,"num_floors":null,"render_height_m":9.6,"height_label":"assumed"}},{"type":"Feature","geometry":{"type":"Polygon","coordinates":[[[78.458579,17.403801],[78.458666,17.403804],[78.458664,17.403844],[78.458578,17.403841],[78.458579,17.403801]]]},"properties":{"id":"331c9a536b64","height":null,"num_floors":null,"render_height_m":6.4,"height_label":"assumed"}},{"type":"Feature","geometry":{"type":"Polygon","coordinates":[[[78.458601,17.404],[78.458596,17.404089],[78.458517,17.404085],[78.458523,17.403996],[78.458601,17.404]]]},"properties":{"id":"1a9cee137115","height":null,"num_floors":null,"render_height_m":9.6,"height_label":"assumed"}},{"type":"Feature","geometry":{"type":"Polygon","coordinates":[[[78.458395,17.404308],[78.458394,17.404192],[78.458929,17.404184],[78.458909,17.404544],[78.458482,17.404729],[78.458437,17.404629],[78.458806,17.404482],[78.458803,17.404303],[78.458395,17.404308]]]},"properties":{"id":"2ec97926bb84","height":null,"num_floors":null,"render_height_m":19.2,"height_label":"assumed"}},{"type":"Feature","geometry":{"type":"Polygon","coordinates":[[[78.458281,17.404394],[78.458321,17.404391],[78.458324,17.404417],[78.458283,17.40442],[78.458281,17.404394]]]},"properties":{"id":"ebbd2a604f3a","height":null,"num_floors":null,"render_height_m":6.4,"height_label":"assumed"}},{"type":"Feature","geometry":{"type":"Polygon","coordinates":[[[78.458337,17.404277],[78.45801,17.404276],[78.45801,17.404186],[78.458338,17.404187],[78.458337,17.404277]]]},"properties":{"id":"c1bd5f551778","height":null,"num_floors":null,"render_height_m":12.8,"height_label":"assumed"}},{"type":"Feature","geometry":{"type":"Polygon","coordinates":[[[78.458393,17.404084],[78.458313,17.404079],[78.458318,17.403994],[78.458398,17.403999],[78.458393,17.404084]]]},"properties":{"id":"d7f9a2c969b1","height":null,"num_floors":null,"render_height_m":6.4,"height_label":"assumed"}},{"type":"Feature","geometry":{"type":"Polygon","coordinates":[[[78.458416,17.403954],[78.458329,17.403949],[78.458333,17.403874],[78.45842,17.403879],[78.458416,17.403954]]]},"properties":{"id":"bded6b6565ae","height":null,"num_floors":null,"render_height_m":6.4,"height_label":"assumed"}},{"type":"Feature","geometry":{"type":"Polygon","coordinates":[[[78.458393,17.403846],[78.458314,17.403842],[78.45832,17.403741],[78.458399,17.403745],[78.458393,17.403846]]]},"properties":{"id":"bf5c0508dee3","height":null,"num_floors":null,"render_height_m":9.6,"height_label":"assumed"}},{"type":"Feature","geometry":{"type":"Polygon","coordinates":[[[78.458365,17.403487],[78.45812,17.403485],[78.45812,17.403373],[78.458366,17.403375],[78.458365,17.403487]]]},"properties":{"id":"fa33b3185756","height":null,"num_floors":null,"render_height_m":12.8,"height_label":"assumed"}},{"type":"Feature","geometry":{"type":"Polygon","coordinates":[[[78.458042,17.403784],[78.457944,17.403777],[78.457952,17.403679],[78.45805,17.403685],[78.458042,17.403784]]]},"properties":{"id":"f68a1c517dac","height":null,"num_floors":null,"render_height_m":9.6,"height_label":"assumed"}},{"type":"Feature","geometry":{"type":"Polygon","coordinates":[[[78.457922,17.403546],[78.458014,17.403551],[78.458011,17.403599],[78.457919,17.403593],[78.457922,17.403546]]]},"properties":{"id":"0521991d1d4f","height":null,"num_floors":null,"render_height_m":6.4,"height_label":"assumed"}},{"type":"Feature","geometry":{"type":"Polygon","coordinates":[[[78.458345,17.403301],[78.457597,17.403296],[78.457598,17.40313],[78.458346,17.403134],[78.458345,17.403301]]]},"properties":{"id":"90a7f6ed18a6","height":null,"num_floors":null,"render_height_m":19.2,"height_label":"assumed"}},{"type":"Feature","geometry":{"type":"Polygon","coordinates":[[[78.458092,17.403461],[78.457784,17.40346],[78.457785,17.403339],[78.458093,17.403341],[78.458092,17.403461]]]},"properties":{"id":"3a6f5dcedb80","height":null,"num_floors":null,"render_height_m":12.8,"height_label":"assumed"}},{"type":"Feature","geometry":{"type":"Polygon","coordinates":[[[78.45769,17.403745],[78.457775,17.40375],[78.457772,17.403792],[78.457688,17.403787],[78.45769,17.403745]]]},"properties":{"id":"f5709c22c1bd","height":null,"num_floors":null,"render_height_m":6.4,"height_label":"assumed"}},{"type":"Feature","geometry":{"type":"Polygon","coordinates":[[[78.457683,17.403644],[78.457742,17.403647],[78.457739,17.403689],[78.457681,17.403685],[78.457683,17.403644]]]},"properties":{"id":"8c1ee5d7bc74","height":null,"num_floors":null,"render_height_m":6.4,"height_label":"assumed"}},{"type":"Feature","geometry":{"type":"Polygon","coordinates":[[[78.457687,17.403798],[78.457732,17.4038],[78.457729,17.403844],[78.457684,17.403842],[78.457687,17.403798]]]},"properties":{"id":"ed7534dead4e","height":null,"num_floors":null,"render_height_m":6.4,"height_label":"assumed"}},{"type":"Feature","geometry":{"type":"Polygon","coordinates":[[[78.457802,17.403941],[78.457623,17.40394],[78.457624,17.403844],[78.457803,17.403845],[78.457802,17.403941]]]},"properties":{"id":"0ae83709b481","height":null,"num_floors":null,"render_height_m":9.6,"height_label":"assumed"}},{"type":"Feature","geometry":{"type":"Polygon","coordinates":[[[78.457639,17.403971],[78.457678,17.403973],[78.457673,17.404061],[78.457634,17.404059],[78.457639,17.403971]]]},"properties":{"id":"b2746a7d0125","height":null,"num_floors":null,"render_height_m":6.4,"height_label":"assumed"}},{"type":"Feature","geometry":{"type":"Polygon","coordinates":[[[78.457935,17.403896],[78.457852,17.403891],[78.457858,17.403794],[78.457941,17.403798],[78.457935,17.403896]]]},"properties":{"id":"a8256fa011ad","height":null,"num_floors":null,"render_height_m":9.6,"height_label":"assumed"}},{"type":"Feature","geometry":{"type":"Polygon","coordinates":[[[78.45802,17.404065],[78.45784,17.404064],[78.457841,17.403975],[78.458021,17.403976],[78.45802,17.404065]]]},"properties":{"id":"01ff58c6cdd4","height":null,"num_floors":null,"render_height_m":9.6,"height_label":"assumed"}},{"type":"Feature","geometry":{"type":"Polygon","coordinates":[[[78.457962,17.404266],[78.457569,17.404263],[78.45757,17.404164],[78.457963,17.404167],[78.457962,17.404266]]]},"properties":{"id":"aaea8aec0b8a","height":null,"num_floors":null,"render_height_m":12.8,"height_label":"assumed"}},{"type":"Feature","geometry":{"type":"Polygon","coordinates":[[[78.457537,17.404584],[78.45745,17.40458],[78.457467,17.404163],[78.457555,17.404166],[78.457537,17.404584]]]},"properties":{"id":"ac9b5c9f7a11","height":null,"num_floors":null,"render_height_m":12.8,"height_label":"assumed"}},{"type":"Feature","geometry":{"type":"Polygon","coordinates":[[[78.457589,17.403908],[78.457493,17.403907],[78.457493,17.403768],[78.457589,17.403769],[78.457589,17.403908]]]},"properties":{"id":"ab2b602b988a","height":null,"num_floors":null,"render_height_m":9.6,"height_label":"assumed"}},{"type":"Feature","geometry":{"type":"Polygon","coordinates":[[[78.457565,17.404078],[78.457478,17.404078],[78.457479,17.403961],[78.457566,17.403962],[78.457565,17.404078]]]},"properties":{"id":"3c757d0fc910","height":null,"num_floors":null,"render_height_m":9.6,"height_label":"assumed"}},{"type":"Feature","geometry":{"type":"Polygon","coordinates":[[[78.457356,17.404091],[78.457418,17.404098],[78.457411,17.40415],[78.457349,17.404143],[78.457356,17.404091]]]},"properties":{"id":"77a8b306c060","height":null,"num_floors":null,"render_height_m":6.4,"height_label":"assumed"}},{"type":"Feature","geometry":{"type":"Polygon","coordinates":[[[78.457371,17.403923],[78.457426,17.403925],[78.457424,17.403979],[78.457369,17.403976],[78.457371,17.403923]]]},"properties":{"id":"e51c7afc1679","height":null,"num_floors":null,"render_height_m":6.4,"height_label":"assumed"}},{"type":"Feature","geometry":{"type":"Polygon","coordinates":[[[78.457322,17.404303],[78.457327,17.404265],[78.457372,17.40427],[78.457367,17.404308],[78.457322,17.404303]]]},"properties":{"id":"8e48f4d8166f","height":null,"num_floors":null,"render_height_m":6.4,"height_label":"assumed"}},{"type":"Feature","geometry":{"type":"Polygon","coordinates":[[[78.457245,17.404557],[78.45709,17.404553],[78.457096,17.404306],[78.45725,17.40431],[78.457245,17.404557]]]},"properties":{"id":"b36647835a7b","height":null,"num_floors":null,"render_height_m":12.8,"height_label":"assumed"}},{"type":"Feature","geometry":{"type":"Polygon","coordinates":[[[78.456947,17.404433],[78.456995,17.404435],[78.456989,17.404572],[78.456941,17.40457],[78.456947,17.404433]]]},"properties":{"id":"47810de64b14","height":null,"num_floors":null,"render_height_m":6.4,"height_label":"assumed"}},{"type":"Feature","geometry":{"type":"Polygon","coordinates":[[[78.456952,17.404354],[78.457001,17.404356],[78.456999,17.404389],[78.456951,17.404387],[78.456952,17.404354]]]},"properties":{"id":"2f8de2e2ffc2","height":null,"num_floors":null,"render_height_m":6.4,"height_label":"assumed"}},{"type":"Feature","geometry":{"type":"Polygon","coordinates":[[[78.456886,17.404341],[78.456886,17.404382],[78.456828,17.404382],[78.456829,17.404341],[78.456886,17.404341]]]},"properties":{"id":"2f77ca6b60fe","height":null,"num_floors":null,"render_height_m":6.4,"height_label":"assumed"}},{"type":"Feature","geometry":{"type":"Polygon","coordinates":[[[78.456867,17.404072],[78.456922,17.404075],[78.456919,17.404131],[78.456864,17.404128],[78.456867,17.404072]]]},"properties":{"id":"68c3293c3f05","height":null,"num_floors":null,"render_height_m":6.4,"height_label":"assumed"}},{"type":"Feature","geometry":{"type":"Polygon","coordinates":[[[78.456828,17.404049],[78.456863,17.404045],[78.456872,17.404124],[78.456836,17.404128],[78.456828,17.404049]]]},"properties":{"id":"356a218139b7","height":null,"num_floors":null,"render_height_m":6.4,"height_label":"assumed"}},{"type":"Feature","geometry":{"type":"Polygon","coordinates":[[[78.456874,17.403965],[78.456963,17.403969],[78.456961,17.404006],[78.456871,17.404001],[78.456874,17.403965]]]},"properties":{"id":"7f8902ccff80","height":null,"num_floors":null,"render_height_m":6.4,"height_label":"assumed"}},{"type":"Feature","geometry":{"type":"Polygon","coordinates":[[[78.456795,17.403919],[78.456801,17.403743],[78.457199,17.403757],[78.457194,17.403868],[78.457075,17.403863],[78.457072,17.403929],[78.456795,17.403919]]]},"properties":{"id":"57cc99271b68","height":null,"num_floors":null,"render_height_m":12.8,"height_label":"assumed"}},{"type":"Feature","geometry":{"type":"Polygon","coordinates":[[[78.457186,17.404205],[78.457052,17.404199],[78.457064,17.403939],[78.457199,17.403945],[78.457186,17.404205]]]},"properties":{"id":"3d07e96ed6a0","height":null,"num_floors":null,"render_height_m":12.8,"height_label":"assumed"}},{"type":"Feature","geometry":{"type":"Polygon","coordinates":[[[78.456792,17.403708],[78.4568,17.403556],[78.457293,17.403579],[78.457285,17.403732],[78.457074,17.403722],[78.457073,17.403747],[78.45701,17.403744],[78.457011,17.403719],[78.456792,17.403708]]]},"properties":{"id":"dadc50d67be7","height":null,"num_floors":null,"render_height_m":19.2,"height_label":"assumed"}},{"type":"Feature","geometry":{"type":"Polygon","coordinates":[[[78.457395,17.403141],[78.45743,17.403145],[78.457426,17.403179],[78.457391,17.403175],[78.457395,17.403141]]]},"properties":{"id":"844d28999773","height":null,"num_floors":null,"render_height_m":6.4,"height_label":"assumed"}},{"type":"Feature","geometry":{"type":"Polygon","coordinates":[[[78.457355,17.4037],[78.457414,17.403702],[78.45741,17.403817],[78.457351,17.403815],[78.457355,17.4037]]]},"properties":{"id":"91e75977b38a","height":null,"num_floors":null,"render_height_m":6.4,"height_label":"assumed"}},{"type":"Feature","geometry":{"type":"Polygon","coordinates":[[[78.457599,17.403679],[78.457507,17.403678],[78.457508,17.403543],[78.4576,17.403543],[78.457599,17.403679]]]},"properties":{"id":"d67436ab3841","height":null,"num_floors":null,"render_height_m":9.6,"height_label":"assumed"}},{"type":"Feature","geometry":{"type":"Polygon","coordinates":[[[78.457444,17.403143],[78.45748,17.403138],[78.457486,17.403175],[78.45745,17.403181],[78.457444,17.403143]]]},"properties":{"id":"f9e2beae08e0","height":null,"num_floors":null,"render_height_m":6.4,"height_label":"assumed"}},{"type":"Feature","geometry":{"type":"Polygon","coordinates":[[[78.457597,17.403058],[78.457623,17.403053],[78.457633,17.403096],[78.457607,17.403101],[78.457597,17.403058]]]},"properties":{"id":"76f10ba5e890","height":null,"num_floors":null,"render_height_m":6.4,"height_label":"assumed"}},{"type":"Feature","geometry":{"type":"Polygon","coordinates":[[[78.45763,17.403002],[78.457647,17.403045],[78.457611,17.403059],[78.457594,17.403015],[78.45763,17.403002]]]},"properties":{"id":"0e4c66808e70","height":null,"num_floors":null,"render_height_m":6.4,"height_label":"assumed"}},{"type":"Feature","geometry":{"type":"Polygon","coordinates":[[[78.457618,17.402972],[78.45763,17.403002],[78.457594,17.403015],[78.457582,17.402985],[78.457618,17.402972]]]},"properties":{"id":"eb19a1fc0245","height":null,"num_floors":null,"render_height_m":6.4,"height_label":"assumed"}},{"type":"Feature","geometry":{"type":"Polygon","coordinates":[[[78.457492,17.402775],[78.457506,17.402817],[78.457442,17.402836],[78.457429,17.402794],[78.457492,17.402775]]]},"properties":{"id":"ed8312136f3e","height":null,"num_floors":null,"render_height_m":6.4,"height_label":"assumed"}},{"type":"Feature","geometry":{"type":"Polygon","coordinates":[[[78.457444,17.402775],[78.45726,17.402873],[78.457217,17.4028],[78.4574,17.402701],[78.457444,17.402775]]]},"properties":{"id":"37610369ef96","height":null,"num_floors":null,"render_height_m":9.6,"height_label":"assumed"}},{"type":"Feature","geometry":{"type":"Polygon","coordinates":[[[78.457439,17.402499],[78.45743,17.402555],[78.457409,17.402552],[78.457419,17.402496],[78.457439,17.402499]]]},"properties":{"id":"8effaa71be0a","height":null,"num_floors":null,"render_height_m":6.4,"height_label":"assumed"}},{"type":"Feature","geometry":{"type":"Polygon","coordinates":[[[78.457466,17.402474],[78.457534,17.402491],[78.457512,17.402569],[78.457444,17.402552],[78.457466,17.402474]]]},"properties":{"id":"0671153dcd69","height":null,"num_floors":null,"render_height_m":6.4,"height_label":"assumed"}},{"type":"Feature","geometry":{"type":"Polygon","coordinates":[[[78.457444,17.402552],[78.457512,17.402569],[78.457503,17.402604],[78.457435,17.402587],[78.457444,17.402552]]]},"properties":{"id":"b058973aed7a","height":null,"num_floors":null,"render_height_m":6.4,"height_label":"assumed"}},{"type":"Feature","geometry":{"type":"Polygon","coordinates":[[[78.457306,17.402633],[78.457143,17.402593],[78.457288,17.402051],[78.457808,17.402177],[78.457756,17.402369],[78.457607,17.402333],[78.457621,17.402283],[78.457413,17.402232],[78.457306,17.402633]]]},"properties":{"id":"072fac059b2d","height":null,"num_floors":null,"render_height_m":19.2,"height_label":"assumed"}},{"type":"Feature","geometry":{"type":"Polygon","coordinates":[[[78.457388,17.401722],[78.457635,17.401784],[78.457628,17.40181],[78.457641,17.401813],[78.457628,17.401858],[78.457618,17.401856],[78.457606,17.4019],[78.457622,17.401904],[78.457617,17.401924],[78.457629,17.401928],[78.457617,17.401973],[78.457606,17.40197],[78.4576,17.401992],[78.457549,17.401979],[78.457545,17.401991],[78.457497,17.401979],[78.4575,17.401967],[78.457406,17.401943],[78.457401,17.401959],[78.457363,17.40195],[78.457366,17.401938],[78.457331,17.401929],[78.457388,17.401722]]]},"properties":{"id":"a1e177c15eea","height":null,"num_floors":null,"render_height_m":12.8,"height_label":"assumed"}},{"type":"Feature","geometry":{"type":"Polygon","coordinates":[[[78.457189,17.402061],[78.457228,17.402064],[78.457222,17.402135],[78.457183,17.402132],[78.457189,17.402061]]]},"properties":{"id":"a0444f4fd342","height":null,"num_floors":null,"render_height_m":6.4,"height_label":"assumed"}},{"type":"Feature","geometry":{"type":"Polygon","coordinates":[[[78.456973,17.401809],[78.456785,17.401832],[78.45676,17.401643],[78.456947,17.40162],[78.456973,17.401809]]]},"properties":{"id":"98a028d3544b","height":null,"num_floors":null,"render_height_m":12.8,"height_label":"assumed"}},{"type":"Feature","geometry":{"type":"Polygon","coordinates":[[[78.456955,17.402125],[78.456802,17.402116],[78.456817,17.401905],[78.456969,17.401915],[78.456955,17.402125]]]},"properties":{"id":"bc341f6f614c","height":null,"num_floors":null,"render_height_m":12.8,"height_label":"assumed"}},{"type":"Feature","geometry":{"type":"Polygon","coordinates":[[[78.456918,17.402269],[78.456759,17.402259],[78.456766,17.402152],[78.456925,17.402162],[78.456918,17.402269]]]},"properties":{"id":"d9f5208344f7","height":null,"num_floors":null,"render_height_m":9.6,"height_label":"assumed"}},{"type":"Feature","geometry":{"type":"Polygon","coordinates":[[[78.456991,17.402111],[78.457021,17.402114],[78.457014,17.402187],[78.456984,17.402184],[78.456991,17.402111]]]},"properties":{"id":"f4af935946e9","height":null,"num_floors":null,"render_height_m":6.4,"height_label":"assumed"}},{"type":"Feature","geometry":{"type":"Polygon","coordinates":[[[78.456957,17.402462],[78.456746,17.402449],[78.456758,17.402275],[78.456969,17.402288],[78.456957,17.402462]]]},"properties":{"id":"70e2e47e4076","height":null,"num_floors":null,"render_height_m":12.8,"height_label":"assumed"}},{"type":"Feature","geometry":{"type":"Polygon","coordinates":[[[78.456794,17.402457],[78.456848,17.402462],[78.456846,17.402485],[78.456792,17.402481],[78.456794,17.402457]]]},"properties":{"id":"a88f1a3b40b5","height":null,"num_floors":null,"render_height_m":6.4,"height_label":"assumed"}},{"type":"Feature","geometry":{"type":"Polygon","coordinates":[[[78.456804,17.402603],[78.456853,17.402596],[78.456862,17.402657],[78.456813,17.402664],[78.456804,17.402603]]]},"properties":{"id":"faef0cda07a9","height":null,"num_floors":null,"render_height_m":6.4,"height_label":"assumed"}},{"type":"Feature","geometry":{"type":"Polygon","coordinates":[[[78.457112,17.40273],[78.457034,17.402727],[78.45704,17.402558],[78.457118,17.402561],[78.457112,17.40273]]]},"properties":{"id":"b3c6ee1f475b","height":null,"num_floors":null,"render_height_m":9.6,"height_label":"assumed"}},{"type":"Feature","geometry":{"type":"Polygon","coordinates":[[[78.457099,17.402851],[78.457032,17.402846],[78.45704,17.402739],[78.457107,17.402744],[78.457099,17.402851]]]},"properties":{"id":"e11a23a383f4","height":null,"num_floors":null,"render_height_m":9.6,"height_label":"assumed"}},{"type":"Feature","geometry":{"type":"Polygon","coordinates":[[[78.457146,17.40295],[78.457085,17.402945],[78.457038,17.402903],[78.457033,17.402855],[78.45711,17.402875],[78.457198,17.402826],[78.457235,17.402894],[78.457146,17.40295]]]},"properties":{"id":"dc96a94be0ab","height":null,"num_floors":null,"render_height_m":9.6,"height_label":"assumed"}},{"type":"Feature","geometry":{"type":"Polygon","coordinates":[[[78.456845,17.403008],[78.456855,17.403034],[78.456816,17.403047],[78.456806,17.403021],[78.456845,17.403008]]]},"properties":{"id":"89a7ca957c02","height":null,"num_floors":null,"render_height_m":6.4,"height_label":"assumed"}},{"type":"Feature","geometry":{"type":"Polygon","coordinates":[[[78.456741,17.402865],[78.456581,17.402944],[78.456503,17.4028],[78.456487,17.402808],[78.456464,17.402766],[78.456439,17.402779],[78.45639,17.402689],[78.456634,17.402568],[78.456683,17.402658],[78.456639,17.402679],[78.456741,17.402865]]]},"properties":{"id":"016756b544e2","height":null,"num_floors":null,"render_height_m":12.8,"height_label":"assumed"}},{"type":"Feature","geometry":{"type":"Polygon","coordinates":[[[78.45666,17.402569],[78.456695,17.402569],[78.456695,17.402596],[78.45666,17.402596],[78.45666,17.402569]]]},"properties":{"id":"1122ae9cd17e","height":null,"num_floors":null,"render_height_m":6.4,"height_label":"assumed"}},{"type":"Feature","geometry":{"type":"Polygon","coordinates":[[[78.456658,17.40254],[78.456696,17.402544],[78.456693,17.402577],[78.456655,17.402573],[78.456658,17.40254]]]},"properties":{"id":"167869afe9c0","height":null,"num_floors":null,"render_height_m":6.4,"height_label":"assumed"}},{"type":"Feature","geometry":{"type":"Polygon","coordinates":[[[78.456763,17.402674],[78.456793,17.402727],[78.456714,17.402769],[78.456683,17.402716],[78.456763,17.402674]]]},"properties":{"id":"605cf1813424","height":null,"num_floors":null,"render_height_m":6.4,"height_label":"assumed"}},{"type":"Feature","geometry":{"type":"Polygon","coordinates":[[[78.456717,17.402446],[78.456573,17.402437],[78.456589,17.402205],[78.456733,17.402214],[78.456717,17.402446]]]},"properties":{"id":"3e18144bf22d","height":null,"num_floors":null,"render_height_m":12.8,"height_label":"assumed"}},{"type":"Feature","geometry":{"type":"Polygon","coordinates":[[[78.456744,17.402121],[78.456592,17.402112],[78.456605,17.401913],[78.456757,17.401923],[78.456744,17.402121]]]},"properties":{"id":"eaf141446737","height":null,"num_floors":null,"render_height_m":12.8,"height_label":"assumed"}},{"type":"Feature","geometry":{"type":"Polygon","coordinates":[[[78.45663,17.401803],[78.456456,17.401802],[78.456457,17.401668],[78.456631,17.40167],[78.45663,17.401803]]]},"properties":{"id":"c316ab97f6c1","height":null,"num_floors":null,"render_height_m":12.8,"height_label":"assumed"}},{"type":"Feature","geometry":{"type":"Polygon","coordinates":[[[78.456553,17.402161],[78.456414,17.402153],[78.456429,17.401934],[78.456568,17.401943],[78.456553,17.402161]]]},"properties":{"id":"d7fe0800d0ca","height":null,"num_floors":null,"render_height_m":12.8,"height_label":"assumed"}},{"type":"Feature","geometry":{"type":"Polygon","coordinates":[[[78.45654,17.402373],[78.456368,17.402363],[78.456376,17.402242],[78.456548,17.402253],[78.45654,17.402373]]]},"properties":{"id":"b650dfb9e827","height":null,"num_floors":null,"render_height_m":9.6,"height_label":"assumed"}},{"type":"Feature","geometry":{"type":"Polygon","coordinates":[[[78.45625,17.402357],[78.456275,17.402358],[78.456273,17.402398],[78.456248,17.402396],[78.45625,17.402357]]]},"properties":{"id":"ea3b1ff8c44a","height":null,"num_floors":null,"render_height_m":6.4,"height_label":"assumed"}},{"type":"Feature","geometry":{"type":"Polygon","coordinates":[[[78.456331,17.402342],[78.456207,17.402334],[78.456216,17.402211],[78.456339,17.402218],[78.456331,17.402342]]]},"properties":{"id":"7562cb2b3d8a","height":null,"num_floors":null,"render_height_m":9.6,"height_label":"assumed"}},{"type":"Feature","geometry":{"type":"Polygon","coordinates":[[[78.456371,17.402207],[78.456215,17.402197],[78.456222,17.402097],[78.456378,17.402106],[78.456371,17.402207]]]},"properties":{"id":"c2688cdac416","height":null,"num_floors":null,"render_height_m":9.6,"height_label":"assumed"}},{"type":"Feature","geometry":{"type":"Polygon","coordinates":[[[78.456378,17.402098],[78.456233,17.402089],[78.456249,17.401845],[78.456395,17.401854],[78.456378,17.402098]]]},"properties":{"id":"92f80c2f768c","height":null,"num_floors":null,"render_height_m":12.8,"height_label":"assumed"}},{"type":"Feature","geometry":{"type":"Polygon","coordinates":[[[78.456323,17.401794],[78.456109,17.401789],[78.456112,17.401647],[78.456327,17.401652],[78.456323,17.401794]]]},"properties":{"id":"f389307c0375","height":null,"num_floors":null,"render_height_m":12.8,"height_label":"assumed"}},{"type":"Feature","geometry":{"type":"Polygon","coordinates":[[[78.456189,17.402144],[78.456043,17.402135],[78.456058,17.401922],[78.456203,17.401931],[78.456189,17.402144]]]},"properties":{"id":"3ca62584d4b4","height":null,"num_floors":null,"render_height_m":12.8,"height_label":"assumed"}},{"type":"Feature","geometry":{"type":"Polygon","coordinates":[[[78.456173,17.402431],[78.45601,17.402421],[78.456024,17.402214],[78.456187,17.402225],[78.456173,17.402431]]]},"properties":{"id":"d76b09db173b","height":null,"num_floors":null,"render_height_m":12.8,"height_label":"assumed"}},{"type":"Feature","geometry":{"type":"Polygon","coordinates":[[[78.456265,17.402672],[78.456004,17.40264],[78.455999,17.402521],[78.456277,17.402537],[78.456265,17.402672]]]},"properties":{"id":"f17fa18c519a","height":null,"num_floors":null,"render_height_m":12.8,"height_label":"assumed"}},{"type":"Feature","geometry":{"type":"Polygon","coordinates":[[[78.456393,17.403804],[78.456311,17.403808],[78.456308,17.403757],[78.45639,17.403752],[78.456393,17.403804]]]},"properties":{"id":"503c9f12d437","height":null,"num_floors":null,"render_height_m":6.4,"height_label":"assumed"}},{"type":"Feature","geometry":{"type":"Polygon","coordinates":[[[78.456703,17.403727],[78.456753,17.403721],[78.456756,17.403745],[78.456707,17.403752],[78.456703,17.403727]]]},"properties":{"id":"cf2a4384e5b3","height":null,"num_floors":null,"render_height_m":6.4,"height_label":"assumed"}},{"type":"Feature","geometry":{"type":"Polygon","coordinates":[[[78.45642,17.40379],[78.456418,17.403731],[78.456672,17.403722],[78.456675,17.403781],[78.45642,17.40379]]]},"properties":{"id":"bc594aa4951d","height":null,"num_floors":null,"render_height_m":9.6,"height_label":"assumed"}},{"type":"Feature","geometry":{"type":"Polygon","coordinates":[[[78.456543,17.403791],[78.456551,17.403841],[78.456447,17.403856],[78.456439,17.403805],[78.456543,17.403791]]]},"properties":{"id":"a853010a9951","height":null,"num_floors":null,"render_height_m":6.4,"height_label":"assumed"}},{"type":"Feature","geometry":{"type":"Polygon","coordinates":[[[78.456667,17.403862],[78.456712,17.403855],[78.45673,17.403974],[78.456685,17.40398],[78.456667,17.403862]]]},"properties":{"id":"72437c0103c5","height":null,"num_floors":null,"render_height_m":6.4,"height_label":"assumed"}},{"type":"Feature","geometry":{"type":"Polygon","coordinates":[[[78.456759,17.403769],[78.456785,17.403968],[78.456733,17.403975],[78.456707,17.403776],[78.456759,17.403769]]]},"properties":{"id":"15374a2b9069","height":null,"num_floors":null,"render_height_m":9.6,"height_label":"assumed"}},{"type":"Feature","geometry":{"type":"Polygon","coordinates":[[[78.456785,17.403974],[78.456805,17.404155],[78.456687,17.404166],[78.456668,17.403986],[78.456785,17.403974]]]},"properties":{"id":"7e0d5656eae5","height":null,"num_floors":null,"render_height_m":12.8,"height_label":"assumed"}},{"type":"Feature","geometry":{"type":"Polygon","coordinates":[[[78.45667,17.40424],[78.456857,17.404231],[78.45686,17.404286],[78.456673,17.404295],[78.45667,17.40424]]]},"properties":{"id":"eab4e2f5260e","height":null,"num_floors":null,"render_height_m":9.6,"height_label":"assumed"}},{"type":"Feature","geometry":{"type":"Polygon","coordinates":[[[78.456709,17.404363],[78.456785,17.404359],[78.456795,17.404521],[78.45672,17.404526],[78.456709,17.404363]]]},"properties":{"id":"cad0463b979a","height":null,"num_floors":null,"render_height_m":9.6,"height_label":"assumed"}},{"type":"Feature","geometry":{"type":"Polygon","coordinates":[[[78.456557,17.404498],[78.456233,17.404521],[78.456219,17.404332],[78.456542,17.404309],[78.456557,17.404498]]]},"properties":{"id":"2597f4ea5eca","height":null,"num_floors":null,"render_height_m":12.8,"height_label":"assumed"}},{"type":"Feature","geometry":{"type":"Polygon","coordinates":[[[78.456184,17.404288],[78.456216,17.404284],[78.456221,17.404327],[78.456189,17.40433],[78.456184,17.404288]]]},"properties":{"id":"e89a07e5183c","height":null,"num_floors":null,"render_height_m":6.4,"height_label":"assumed"}},{"type":"Feature","geometry":{"type":"Polygon","coordinates":[[[78.456365,17.403965],[78.45642,17.403956],[78.45643,17.404014],[78.456375,17.404022],[78.456365,17.403965]]]},"properties":{"id":"76f5ec865235","height":null,"num_floors":null,"render_height_m":6.4,"height_label":"assumed"}},{"type":"Feature","geometry":{"type":"Polygon","coordinates":[[[78.456058,17.404265],[78.455957,17.404272],[78.455945,17.404117],[78.456046,17.404109],[78.456058,17.404265]]]},"properties":{"id":"83e6a95fb7fc","height":null,"num_floors":null,"render_height_m":9.6,"height_label":"assumed"}},{"type":"Feature","geometry":{"type":"Polygon","coordinates":[[[78.456091,17.404383],[78.455971,17.404392],[78.455963,17.404289],[78.456083,17.404281],[78.456091,17.404383]]]},"properties":{"id":"f66c83e0d309","height":null,"num_floors":null,"render_height_m":9.6,"height_label":"assumed"}},{"type":"Feature","geometry":{"type":"Polygon","coordinates":[[[78.456143,17.404561],[78.456001,17.404571],[78.45599,17.404434],[78.456133,17.404424],[78.456143,17.404561]]]},"properties":{"id":"72b3046c9af1","height":null,"num_floors":null,"render_height_m":9.6,"height_label":"assumed"}},{"type":"Feature","geometry":{"type":"Polygon","coordinates":[[[78.455797,17.40447],[78.455782,17.404264],[78.455904,17.404256],[78.455919,17.404462],[78.455797,17.40447]]]},"properties":{"id":"6777e83068b6","height":null,"num_floors":null,"render_height_m":12.8,"height_label":"assumed"}},{"type":"Feature","geometry":{"type":"Polygon","coordinates":[[[78.455778,17.404454],[78.455671,17.404462],[78.455658,17.404297],[78.455765,17.40429],[78.455778,17.404454]]]},"properties":{"id":"ca8175740aeb","height":null,"num_floors":null,"render_height_m":9.6,"height_label":"assumed"}},{"type":"Feature","geometry":{"type":"Polygon","coordinates":[[[78.455727,17.404253],[78.455568,17.404264],[78.455555,17.404097],[78.455714,17.404086],[78.455727,17.404253]]]},"properties":{"id":"abd8423f768a","height":null,"num_floors":null,"render_height_m":12.8,"height_label":"assumed"}},{"type":"Feature","geometry":{"type":"Polygon","coordinates":[[[78.455872,17.404086],[78.455811,17.404],[78.455952,17.403908],[78.456044,17.404038],[78.455984,17.404077],[78.455953,17.404033],[78.455872,17.404086]]]},"properties":{"id":"5d92fa5e8aa6","height":null,"num_floors":null,"render_height_m":12.8,"height_label":"assumed"}},{"type":"Feature","geometry":{"type":"Polygon","coordinates":[[[78.456013,17.403338],[78.456057,17.403414],[78.455873,17.403511],[78.455829,17.403435],[78.456013,17.403338]]]},"properties":{"id":"dd9c69cc6458","height":null,"num_floors":null,"render_height_m":9.6,"height_label":"assumed"}},{"type":"Feature","geometry":{"type":"Polygon","coordinates":[[[78.455513,17.404442],[78.455385,17.404452],[78.455368,17.404227],[78.455496,17.404218],[78.455513,17.404442]]]},"properties":{"id":"d1abaa054539","height":null,"num_floors":null,"render_height_m":12.8,"height_label":"assumed"}},{"type":"Feature","geometry":{"type":"Polygon","coordinates":[[[78.455622,17.404455],[78.455546,17.404464],[78.455525,17.404304],[78.4556,17.404295],[78.455622,17.404455]]]},"properties":{"id":"af2d9ec2ea33","height":null,"num_floors":null,"render_height_m":9.6,"height_label":"assumed"}},{"type":"Feature","geometry":{"type":"Polygon","coordinates":[[[78.455307,17.404464],[78.455185,17.404473],[78.455181,17.404415],[78.455302,17.404407],[78.455307,17.404464]]]},"properties":{"id":"12fef74b7515","height":null,"num_floors":null,"render_height_m":9.6,"height_label":"assumed"}},{"type":"Feature","geometry":{"type":"Polygon","coordinates":[[[78.455316,17.404542],[78.455194,17.40455],[78.455189,17.404484],[78.45531,17.404475],[78.455316,17.404542]]]},"properties":{"id":"e839622ae612","height":null,"num_floors":null,"render_height_m":9.6,"height_label":"assumed"}},{"type":"Feature","geometry":{"type":"Polygon","coordinates":[[[78.455211,17.404673],[78.45512,17.404686],[78.455064,17.404342],[78.455156,17.404328],[78.455211,17.404673]]]},"properties":{"id":"bad42ae22a0f","height":null,"num_floors":null,"render_height_m":12.8,"height_label":"assumed"}},{"type":"Feature","geometry":{"type":"Polygon","coordinates":[[[78.454607,17.40412],[78.454457,17.404093],[78.454478,17.403987],[78.454628,17.404014],[78.454607,17.40412]]]},"properties":{"id":"ca62f5619a3e","height":null,"num_floors":null,"render_height_m":9.6,"height_label":"assumed"}},{"type":"Feature","geometry":{"type":"Polygon","coordinates":[[[78.454516,17.403941],[78.454568,17.403764],[78.454983,17.403873],[78.454944,17.40401],[78.454959,17.404014],[78.454946,17.40406],[78.454897,17.404047],[78.45489,17.404069],[78.454798,17.404046],[78.454789,17.404082],[78.45477,17.404099],[78.454729,17.404113],[78.45472,17.4041],[78.454686,17.404089],[78.454657,17.404095],[78.454633,17.404056],[78.454629,17.404034],[78.454643,17.404004],[78.454567,17.403984],[78.454575,17.403956],[78.454516,17.403941]]]},"properties":{"id":"e118f2d4adde","height":null,"num_floors":null,"render_height_m":19.2,"height_label":"assumed"}},{"type":"Feature","geometry":{"type":"Polygon","coordinates":[[[78.454649,17.403641],[78.454682,17.403649],[78.454667,17.403707],[78.454634,17.403699],[78.454649,17.403641]]]},"properties":{"id":"01e33a6faa60","height":null,"num_floors":null,"render_height_m":6.4,"height_label":"assumed"}},{"type":"Feature","geometry":{"type":"Polygon","coordinates":[[[78.454484,17.403968],[78.45437,17.403939],[78.454457,17.403623],[78.454572,17.403651],[78.454484,17.403968]]]},"properties":{"id":"7b25a6fa55c0","height":null,"num_floors":null,"render_height_m":12.8,"height_label":"assumed"}},{"type":"Feature","geometry":{"type":"Polygon","coordinates":[[[78.454972,17.403823],[78.454703,17.403754],[78.454728,17.403665],[78.454997,17.403734],[78.454972,17.403823]]]},"properties":{"id":"a3492c66a2b9","height":null,"num_floors":null,"render_height_m":12.8,"height_label":"assumed"}},{"type":"Feature","geometry":{"type":"Polygon","coordinates":[[[78.455085,17.403073],[78.45514,17.403076],[78.455138,17.403112],[78.455083,17.403109],[78.455085,17.403073]]]},"properties":{"id":"fd08f0399679","height":null,"num_floors":null,"render_height_m":6.4,"height_label":"assumed"}},{"type":"Feature","geometry":{"type":"Polygon","coordinates":[[[78.45529,17.402754],[78.454852,17.402727],[78.45488,17.402473],[78.455308,17.402534],[78.45529,17.402754]]]},"properties":{"id":"1c283643a8c8","height":null,"num_floors":null,"render_height_m":19.2,"height_label":"assumed"}},{"type":"Feature","geometry":{"type":"Polygon","coordinates":[[[78.454694,17.402293],[78.454762,17.402296],[78.454761,17.402324],[78.454692,17.402321],[78.454694,17.402293]]]},"properties":{"id":"7c26f15001bd","height":null,"num_floors":null,"render_height_m":6.4,"height_label":"assumed"}},{"type":"Feature","geometry":{"type":"Polygon","coordinates":[[[78.454818,17.4023],[78.454645,17.402287],[78.454662,17.402078],[78.454835,17.402091],[78.454818,17.4023]]]},"properties":{"id":"c44e5a573853","height":null,"num_floors":null,"render_height_m":12.8,"height_label":"assumed"}},{"type":"Feature","geometry":{"type":"Polygon","coordinates":[[[78.45501,17.402033],[78.454865,17.402024],[78.45488,17.40181],[78.455024,17.401819],[78.45501,17.402033]]]},"properties":{"id":"33f8ba9107c0","height":null,"num_floors":null,"render_height_m":12.8,"height_label":"assumed"}},{"type":"Feature","geometry":{"type":"Polygon","coordinates":[[[78.454826,17.402004],[78.454682,17.401996],[78.454694,17.401793],[78.454838,17.401801],[78.454826,17.402004]]]},"properties":{"id":"44d866ffa9c3","height":null,"num_floors":null,"render_height_m":12.8,"height_label":"assumed"}},{"type":"Feature","geometry":{"type":"Polygon","coordinates":[[[78.454993,17.402283],[78.454836,17.402273],[78.454848,17.402089],[78.455005,17.402098],[78.454993,17.402283]]]},"properties":{"id":"068939057bf5","height":null,"num_floors":null,"render_height_m":12.8,"height_label":"assumed"}},{"type":"Feature","geometry":{"type":"Polygon","coordinates":[[[78.454991,17.40206],[78.455035,17.402063],[78.455033,17.402083],[78.454989,17.40208],[78.454991,17.40206]]]},"properties":{"id":"2728ef3ddab5","height":null,"num_floors":null,"render_height_m":6.4,"height_label":"assumed"}},{"type":"Feature","geometry":{"type":"Polygon","coordinates":[[[78.455183,17.402338],[78.455031,17.402328],[78.455047,17.402094],[78.455199,17.402103],[78.455183,17.402338]]]},"properties":{"id":"d4681dac0fb0","height":null,"num_floors":null,"render_height_m":12.8,"height_label":"assumed"}},{"type":"Feature","geometry":{"type":"Polygon","coordinates":[[[78.455184,17.40201],[78.455039,17.402001],[78.455051,17.401819],[78.455197,17.401828],[78.455184,17.40201]]]},"properties":{"id":"b418710e61af","height":null,"num_floors":null,"render_height_m":12.8,"height_label":"assumed"}},{"type":"Feature","geometry":{"type":"Polygon","coordinates":[[[78.455374,17.402045],[78.455238,17.402037],[78.455253,17.401819],[78.455389,17.401827],[78.455374,17.402045]]]},"properties":{"id":"fbff95ad1bff","height":null,"num_floors":null,"render_height_m":12.8,"height_label":"assumed"}},{"type":"Feature","geometry":{"type":"Polygon","coordinates":[[[78.455559,17.402017],[78.455428,17.402009],[78.45544,17.401836],[78.455571,17.401844],[78.455559,17.402017]]]},"properties":{"id":"ea9a6fcc8d72","height":null,"num_floors":null,"render_height_m":12.8,"height_label":"assumed"}},{"type":"Feature","geometry":{"type":"Polygon","coordinates":[[[78.45556,17.402312],[78.455393,17.402301],[78.455408,17.402084],[78.455575,17.402094],[78.45556,17.402312]]]},"properties":{"id":"5ae0642101f8","height":null,"num_floors":null,"render_height_m":12.8,"height_label":"assumed"}},{"type":"Feature","geometry":{"type":"Polygon","coordinates":[[[78.455355,17.402349],[78.455212,17.402341],[78.455227,17.402118],[78.455371,17.402127],[78.455355,17.402349]]]},"properties":{"id":"a075b788caa6","height":null,"num_floors":null,"render_height_m":12.8,"height_label":"assumed"}},{"type":"Feature","geometry":{"type":"Polygon","coordinates":[[[78.45517,17.402886],[78.455272,17.40289],[78.455261,17.403127],[78.45514,17.403122],[78.455149,17.402929],[78.455168,17.402929],[78.45517,17.402886]]]},"properties":{"id":"02852c63c267","height":null,"num_floors":null,"render_height_m":12.8,"height_label":"assumed"}},{"type":"Feature","geometry":{"type":"Polygon","coordinates":[[[78.455501,17.402889],[78.455396,17.403175],[78.455342,17.403157],[78.455447,17.402871],[78.455501,17.402889]]]},"properties":{"id":"6f36acc601ec","height":null,"num_floors":null,"render_height_m":9.6,"height_label":"assumed"}},{"type":"Feature","geometry":{"type":"Polygon","coordinates":[[[78.455572,17.402715],[78.455504,17.4029],[78.455481,17.402892],[78.455489,17.402871],[78.455457,17.40286],[78.455517,17.402697],[78.455572,17.402715]]]},"properties":{"id":"529af6ddf1fa","height":null,"num_floors":null,"render_height_m":9.6,"height_label":"assumed"}},{"type":"Feature","geometry":{"type":"Polygon","coordinates":[[[78.455528,17.402662],[78.455583,17.402671],[78.455576,17.402706],[78.455522,17.402697],[78.455528,17.402662]]]},"properties":{"id":"14874cfafa4c","height":null,"num_floors":null,"render_height_m":6.4,"height_label":"assumed"}},{"type":"Feature","geometry":{"type":"Polygon","coordinates":[[[78.455528,17.402625],[78.455583,17.402628],[78.45558,17.402664],[78.455525,17.40266],[78.455528,17.402625]]]},"properties":{"id":"a1b26a107255","height":null,"num_floors":null,"render_height_m":6.4,"height_label":"assumed"}},{"type":"Feature","geometry":{"type":"Polygon","coordinates":[[[78.455633,17.402611],[78.45549,17.402597],[78.455503,17.402481],[78.455645,17.402495],[78.455633,17.402611]]]},"properties":{"id":"8c2bcfe9b96e","height":null,"num_floors":null,"render_height_m":9.6,"height_label":"assumed"}},{"type":"Feature","geometry":{"type":"Polygon","coordinates":[[[78.455947,17.403269],[78.455533,17.403478],[78.455496,17.403394],[78.455457,17.403402],[78.455417,17.403332],[78.455587,17.403247],[78.45555,17.40316],[78.455476,17.403097],[78.455651,17.402814],[78.45585,17.40272],[78.456182,17.40272],[78.456183,17.402814],[78.456268,17.402944],[78.456281,17.402892],[78.456411,17.402826],[78.456498,17.402981],[78.456055,17.403203],[78.456068,17.403238],[78.455958,17.403286],[78.455947,17.403269]]]},"properties":{"id":"df4f216e775e","height":null,"num_floors":null,"render_height_m":19.2,"height_label":"assumed"}},{"type":"Feature","geometry":{"type":"Polygon","coordinates":[[[78.455996,17.40236],[78.455847,17.402351],[78.455862,17.402139],[78.45601,17.402148],[78.455996,17.40236]]]},"properties":{"id":"40ca0f24915a","height":null,"num_floors":null,"render_height_m":12.8,"height_label":"assumed"}},{"type":"Feature","geometry":{"type":"Polygon","coordinates":[[[78.455827,17.402264],[78.455663,17.402254],[78.455671,17.402148],[78.455834,17.402158],[78.455827,17.402264]]]},"properties":{"id":"a72c81c71d43","height":null,"num_floors":null,"render_height_m":9.6,"height_label":"assumed"}},{"type":"Feature","geometry":{"type":"Polygon","coordinates":[[[78.455834,17.402145],[78.455688,17.402136],[78.455695,17.402038],[78.455841,17.402047],[78.455834,17.402145]]]},"properties":{"id":"460b92647166","height":null,"num_floors":null,"render_height_m":9.6,"height_label":"assumed"}},{"type":"Feature","geometry":{"type":"Polygon","coordinates":[[[78.455858,17.402031],[78.455669,17.402019],[78.455677,17.401903],[78.455866,17.401915],[78.455858,17.402031]]]},"properties":{"id":"c6fdba866d02","height":null,"num_floors":null,"render_height_m":12.8,"height_label":"assumed"}},{"type":"Feature","geometry":{"type":"Polygon","coordinates":[[[78.455737,17.401811],[78.455768,17.401814],[78.455763,17.401878],[78.455732,17.401876],[78.455737,17.401811]]]},"properties":{"id":"ca859e0e6250","height":null,"num_floors":null,"render_height_m":6.4,"height_label":"assumed"}},{"type":"Feature","geometry":{"type":"Polygon","coordinates":[[[78.455775,17.401826],[78.455796,17.401828],[78.45579,17.401885],[78.455769,17.401883],[78.455775,17.401826]]]},"properties":{"id":"f47e46e7644c","height":null,"num_floors":null,"render_height_m":6.4,"height_label":"assumed"}},{"type":"Feature","geometry":{"type":"Polygon","coordinates":[[[78.456023,17.402003],[78.455896,17.401996],[78.455904,17.401881],[78.456031,17.401888],[78.456023,17.402003]]]},"properties":{"id":"5b02eb6950e2","height":null,"num_floors":null,"render_height_m":9.6,"height_label":"assumed"}},{"type":"Feature","geometry":{"type":"Polygon","coordinates":[[[78.455974,17.401469],[78.455778,17.401456],[78.45579,17.401295],[78.455986,17.401308],[78.455974,17.401469]]]},"properties":{"id":"ffd1dcdb6740","height":null,"num_floors":null,"render_height_m":12.8,"height_label":"assumed"}},{"type":"Feature","geometry":{"type":"Polygon","coordinates":[[[78.455733,17.401557],[78.455738,17.401465],[78.455804,17.401469],[78.455798,17.40156],[78.455733,17.401557]]]},"properties":{"id":"4b862c8fc5de","height":null,"num_floors":null,"render_height_m":6.4,"height_label":"assumed"}},{"type":"Feature","geometry":{"type":"Polygon","coordinates":[[[78.455874,17.400672],[78.455723,17.400662],[78.455737,17.400457],[78.455888,17.400466],[78.455874,17.400672]]]},"properties":{"id":"bcd942ada308","height":null,"num_floors":null,"render_height_m":12.8,"height_label":"assumed"}},{"type":"Feature","geometry":{"type":"Polygon","coordinates":[[[78.455683,17.400438],[78.455737,17.400435],[78.455739,17.400454],[78.455685,17.400458],[78.455683,17.400438]]]},"properties":{"id":"1e23efe63473","height":null,"num_floors":null,"render_height_m":6.4,"height_label":"assumed"}},{"type":"Feature","geometry":{"type":"Polygon","coordinates":[[[78.455666,17.400649],[78.455504,17.400639],[78.455517,17.400451],[78.455679,17.400461],[78.455666,17.400649]]]},"properties":{"id":"11810a46c2a6","height":null,"num_floors":null,"render_height_m":12.8,"height_label":"assumed"}},{"type":"Feature","geometry":{"type":"Polygon","coordinates":[[[78.455484,17.400616],[78.455321,17.400606],[78.455333,17.400429],[78.455496,17.400439],[78.455484,17.400616]]]},"properties":{"id":"388f7b4b668a","height":null,"num_floors":null,"render_height_m":12.8,"height_label":"assumed"}},{"type":"Feature","geometry":{"type":"Polygon","coordinates":[[[78.455293,17.400605],[78.455136,17.400595],[78.455149,17.400411],[78.455306,17.400421],[78.455293,17.400605]]]},"properties":{"id":"8712ceab8d00","height":null,"num_floors":null,"render_height_m":12.8,"height_label":"assumed"}},{"type":"Feature","geometry":{"type":"Polygon","coordinates":[[[78.455414,17.401422],[78.455251,17.401413],[78.455263,17.401201],[78.455426,17.401209],[78.455414,17.401422]]]},"properties":{"id":"4f31bad98624","height":16.0,"num_floors":5,"render_height_m":16.0,"height_label":"estimated"}},{"type":"Feature","geometry":{"type":"Polygon","coordinates":[[[78.455437,17.401185],[78.455269,17.401174],[78.455283,17.400955],[78.455451,17.400966],[78.455437,17.401185]]]},"properties":{"id":"ce01085f0cbb","height":16.0,"num_floors":5,"render_height_m":16.0,"height_label":"estimated"}},{"type":"Feature","geometry":{"type":"Polygon","coordinates":[[[78.455637,17.401253],[78.455453,17.401242],[78.455471,17.400981],[78.455655,17.400993],[78.455637,17.401253]]]},"properties":{"id":"ce2519a2aa5d","height":null,"num_floors":null,"render_height_m":12.8,"height_label":"assumed"}},{"type":"Feature","geometry":{"type":"Polygon","coordinates":[[[78.455603,17.401463],[78.455436,17.401453],[78.455448,17.40128],[78.455615,17.401291],[78.455603,17.401463]]]},"properties":{"id":"3f9f0feff632","height":null,"num_floors":null,"render_height_m":12.8,"height_label":"assumed"}},{"type":"Feature","geometry":{"type":"Polygon","coordinates":[[[78.455212,17.401371],[78.455065,17.401362],[78.455076,17.401202],[78.455223,17.401211],[78.455212,17.401371]]]},"properties":{"id":"4d869c50955e","height":null,"num_floors":null,"render_height_m":12.8,"height_label":"assumed"}},{"type":"Feature","geometry":{"type":"Polygon","coordinates":[[[78.455234,17.401172],[78.455063,17.401162],[78.455077,17.400959],[78.455231,17.400968],[78.455248,17.400969],[78.455234,17.401172]]]},"properties":{"id":"ab190c4a75fb","height":16.0,"num_floors":5,"render_height_m":16.0,"height_label":"estimated"}},{"type":"Feature","geometry":{"type":"Polygon","coordinates":[[[78.455012,17.401386],[78.454831,17.401374],[78.454844,17.401181],[78.455025,17.401193],[78.455012,17.401386]]]},"properties":{"id":"cebae1a61689","height":null,"num_floors":null,"render_height_m":12.8,"height_label":"assumed"}},{"type":"Feature","geometry":{"type":"Polygon","coordinates":[[[78.455038,17.401158],[78.454871,17.401147],[78.454884,17.400952],[78.455051,17.400962],[78.455038,17.401158]]]},"properties":{"id":"1e9c8716d44b","height":16.0,"num_floors":5,"render_height_m":16.0,"height_label":"estimated"}},{"type":"Feature","geometry":{"type":"Polygon","coordinates":[[[78.454798,17.401409],[78.454676,17.401402],[78.454686,17.40126],[78.454808,17.401267],[78.454798,17.401409]]]},"properties":{"id":"6aeb67f4eba7","height":null,"num_floors":null,"render_height_m":9.6,"height_label":"assumed"}},{"type":"Feature","geometry":{"type":"Polygon","coordinates":[[[78.454826,17.401165],[78.45466,17.401165],[78.454679,17.400886],[78.454824,17.400896],[78.454826,17.401165]]]},"properties":{"id":"ed6fd213b851","height":16.0,"num_floors":5,"render_height_m":16.0,"height_label":"estimated"}},{"type":"Feature","geometry":{"type":"Polygon","coordinates":[[[78.454883,17.400577],[78.454738,17.400568],[78.454754,17.400341],[78.454898,17.40035],[78.454883,17.400577]]]},"properties":{"id":"7ff057a73b36","height":null,"num_floors":null,"render_height_m":12.8,"height_label":"assumed"}},{"type":"Feature","geometry":{"type":"Polygon","coordinates":[[[78.455089,17.400613],[78.454921,17.400602],[78.454934,17.400405],[78.455102,17.400415],[78.455089,17.400613]]]},"properties":{"id":"ad570f206533","height":null,"num_floors":null,"render_height_m":12.8,"height_label":"assumed"}},{"type":"Feature","geometry":{"type":"Polygon","coordinates":[[[78.455118,17.400352],[78.454936,17.400341],[78.454949,17.40016],[78.45513,17.400172],[78.455118,17.400352]]]},"properties":{"id":"75dab53935f2","height":null,"num_floors":null,"render_height_m":12.8,"height_label":"assumed"}},{"type":"Feature","geometry":{"type":"Polygon","coordinates":[[[78.454988,17.399988],[78.454871,17.399987],[78.454873,17.399781],[78.45499,17.399782],[78.454988,17.399988]]]},"properties":{"id":"264fd27aeaf5","height":null,"num_floors":null,"render_height_m":12.8,"height_label":"assumed"}},{"type":"Feature","geometry":{"type":"Polygon","coordinates":[[[78.454921,17.399717],[78.454967,17.399714],[78.454969,17.399745],[78.454923,17.399748],[78.454921,17.399717]]]},"properties":{"id":"2cb49a4d8d52","height":null,"num_floors":null,"render_height_m":6.4,"height_label":"assumed"}},{"type":"Feature","geometry":{"type":"Polygon","coordinates":[[[78.454891,17.400321],[78.454742,17.400312],[78.454757,17.400088],[78.454906,17.400097],[78.454891,17.400321]]]},"properties":{"id":"16031623db55","height":null,"num_floors":null,"render_height_m":12.8,"height_label":"assumed"}},{"type":"Feature","geometry":{"type":"Polygon","coordinates":[[[78.455193,17.399755],[78.455132,17.399752],[78.455145,17.399457],[78.455206,17.39946],[78.455193,17.399755]]]},"properties":{"id":"f8bcd04f7ef4","height":null,"num_floors":null,"render_height_m":9.6,"height_label":"assumed"}},{"type":"Feature","geometry":{"type":"Polygon","coordinates":[[[78.455119,17.399933],[78.455123,17.399797],[78.455343,17.399803],[78.455339,17.399939],[78.455119,17.399933]]]},"properties":{"id":"6bc2ece2be5b","height":null,"num_floors":null,"render_height_m":12.8,"height_label":"assumed"}},{"type":"Feature","geometry":{"type":"Polygon","coordinates":[[[78.455178,17.399944],[78.455208,17.399945],[78.455206,17.399978],[78.455177,17.399977],[78.455178,17.399944]]]},"properties":{"id":"782057df3f7c","height":null,"num_floors":null,"render_height_m":6.4,"height_label":"assumed"}},{"type":"Feature","geometry":{"type":"Polygon","coordinates":[[[78.455309,17.400383],[78.455184,17.400375],[78.455196,17.4002],[78.455321,17.400208],[78.455309,17.400383]]]},"properties":{"id":"27d52b888afa","height":null,"num_floors":null,"render_height_m":12.8,"height_label":"assumed"}},{"type":"Feature","geometry":{"type":"Polygon","coordinates":[[[78.455428,17.399963],[78.455465,17.399966],[78.455462,17.400006],[78.455426,17.400004],[78.455428,17.399963]]]},"properties":{"id":"88869b20f5b5","height":null,"num_floors":null,"render_height_m":6.4,"height_label":"assumed"}},{"type":"Feature","geometry":{"type":"Polygon","coordinates":[[[78.455477,17.400378],[78.455338,17.40037],[78.455349,17.400207],[78.455489,17.400215],[78.455477,17.400378]]]},"properties":{"id":"4a9552256a4e","height":null,"num_floors":null,"render_height_m":12.8,"height_label":"assumed"}},{"type":"Feature","geometry":{"type":"Polygon","coordinates":[[[78.455432,17.399927],[78.455464,17.399929],[78.455462,17.399967],[78.45543,17.399966],[78.455432,17.399927]]]},"properties":{"id":"48b8ed5610df","height":null,"num_floors":null,"render_height_m":6.4,"height_label":"assumed"}},{"type":"Feature","geometry":{"type":"Polygon","coordinates":[[[78.455731,17.400003],[78.455731,17.399912],[78.455832,17.399912],[78.455832,17.400003],[78.455731,17.400003]]]},"properties":{"id":"93b6aba214ba","height":null,"num_floors":null,"render_height_m":9.6,"height_label":"assumed"}},{"type":"Feature","geometry":{"type":"Polygon","coordinates":[[[78.455661,17.399988],[78.455553,17.399988],[78.455553,17.399898],[78.455661,17.399898],[78.455661,17.399988]]]},"properties":{"id":"e0546bbb6b70","height":null,"num_floors":null,"render_height_m":9.6,"height_label":"assumed"}},{"type":"Feature","geometry":{"type":"Polygon","coordinates":[[[78.455688,17.400416],[78.455536,17.400406],[78.455552,17.400179],[78.455704,17.400188],[78.455688,17.400416]]]},"properties":{"id":"b52801393a2a","height":null,"num_floors":null,"render_height_m":12.8,"height_label":"assumed"}},{"type":"Feature","geometry":{"type":"Polygon","coordinates":[[[78.455888,17.400401],[78.455742,17.400392],[78.455756,17.400186],[78.455902,17.400195],[78.455888,17.400401]]]},"properties":{"id":"d2b2222f8c74","height":null,"num_floors":null,"render_height_m":12.8,"height_label":"assumed"}},{"type":"Feature","geometry":{"type":"Polygon","coordinates":[[[78.456302,17.399541],[78.456348,17.399537],[78.456353,17.39959],[78.456307,17.399594],[78.456302,17.399541]]]},"properties":{"id":"5e9a90e42a5c","height":null,"num_floors":null,"render_height_m":6.4,"height_label":"assumed"}},{"type":"Feature","geometry":{"type":"Polygon","coordinates":[[[78.456353,17.39959],[78.456357,17.399621],[78.456311,17.399626],[78.456307,17.399594],[78.456353,17.39959]]]},"properties":{"id":"82fe8c9260b8","height":null,"num_floors":null,"render_height_m":6.4,"height_label":"assumed"}},{"type":"Feature","geometry":{"type":"Polygon","coordinates":[[[78.456557,17.399602],[78.456455,17.399617],[78.456417,17.399393],[78.456519,17.399377],[78.456557,17.399602]]]},"properties":{"id":"b125277d7c45","height":null,"num_floors":null,"render_height_m":12.8,"height_label":"assumed"}},{"type":"Feature","geometry":{"type":"Polygon","coordinates":[[[78.456494,17.399627],[78.456509,17.399732],[78.456402,17.399746],[78.456396,17.399702],[78.456328,17.399711],[78.456319,17.39965],[78.456494,17.399627]]]},"properties":{"id":"06c669510d1c","height":null,"num_floors":null,"render_height_m":9.6,"height_label":"assumed"}},{"type":"Feature","geometry":{"type":"Polygon","coordinates":[[[78.456614,17.40003],[78.456533,17.400027],[78.456539,17.399873],[78.45662,17.399877],[78.456614,17.40003]]]},"properties":{"id":"4febcab93164","height":null,"num_floors":null,"render_height_m":9.6,"height_label":"assumed"}},{"type":"Feature","geometry":{"type":"Polygon","coordinates":[[[78.456749,17.400344],[78.456485,17.400374],[78.456467,17.400233],[78.456731,17.400203],[78.456749,17.400344]]]},"properties":{"id":"7f2bffd89923","height":16.0,"num_floors":5,"render_height_m":16.0,"height_label":"estimated"}},{"type":"Feature","geometry":{"type":"Polygon","coordinates":[[[78.456355,17.400407],[78.456354,17.4004],[78.456281,17.40041],[78.456247,17.40019],[78.456444,17.400161],[78.456479,17.400389],[78.456355,17.400407]]]},"properties":{"id":"7b4ecc2bf2e6","height":null,"num_floors":null,"render_height_m":12.8,"height_label":"assumed"}},{"type":"Feature","geometry":{"type":"Polygon","coordinates":[[[78.456228,17.39994],[78.456261,17.39994],[78.456259,17.400018],[78.456226,17.400018],[78.456228,17.39994]]]},"properties":{"id":"a8c10ce63d11","height":null,"num_floors":null,"render_height_m":6.4,"height_label":"assumed"}},{"type":"Feature","geometry":{"type":"Polygon","coordinates":[[[78.456363,17.399947],[78.456413,17.399948],[78.456412,17.399984],[78.456362,17.399983],[78.456363,17.399947]]]},"properties":{"id":"213430e183fa","height":null,"num_floors":null,"render_height_m":6.4,"height_label":"assumed"}},{"type":"Feature","geometry":{"type":"Polygon","coordinates":[[[78.456398,17.399922],[78.45627,17.399924],[78.456268,17.399792],[78.456396,17.399791],[78.456398,17.399922]]]},"properties":{"id":"cc3002caec0a","height":null,"num_floors":null,"render_height_m":9.6,"height_label":"assumed"}},{"type":"Feature","geometry":{"type":"Polygon","coordinates":[[[78.456226,17.400029],[78.456048,17.400032],[78.456044,17.399838],[78.456222,17.399835],[78.456226,17.400029]]]},"properties":{"id":"7727a66fab59","height":null,"num_floors":null,"render_height_m":12.8,"height_label":"assumed"}},{"type":"Feature","geometry":{"type":"Polygon","coordinates":[[[78.456503,17.400535],[78.456265,17.400562],[78.456249,17.400434],[78.456487,17.400407],[78.456503,17.400535]]]},"properties":{"id":"15f9d3b981ab","height":null,"num_floors":null,"render_height_m":12.8,"height_label":"assumed"}},{"type":"Feature","geometry":{"type":"Polygon","coordinates":[[[78.456195,17.400987],[78.456062,17.401],[78.456048,17.400863],[78.45618,17.40085],[78.456195,17.400987]]]},"properties":{"id":"3db1de9f9fa7","height":null,"num_floors":null,"render_height_m":9.6,"height_label":"assumed"}},{"type":"Feature","geometry":{"type":"Polygon","coordinates":[[[78.456213,17.401168],[78.45608,17.401179],[78.456067,17.401035],[78.4562,17.401024],[78.456213,17.401168]]]},"properties":{"id":"621793869d16","height":null,"num_floors":null,"render_height_m":9.6,"height_label":"assumed"}},{"type":"Feature","geometry":{"type":"Polygon","coordinates":[[[78.456211,17.401315],[78.456094,17.401328],[78.456082,17.401229],[78.456199,17.401216],[78.456211,17.401315]]]},"properties":{"id":"36cc404482de","height":null,"num_floors":null,"render_height_m":9.6,"height_label":"assumed"}},{"type":"Feature","geometry":{"type":"Polygon","coordinates":[[[78.456263,17.401633],[78.456099,17.401643],[78.456092,17.401538],[78.456256,17.401528],[78.456263,17.401633]]]},"properties":{"id":"71de55a682c4","height":null,"num_floors":null,"render_height_m":9.6,"height_label":"assumed"}},{"type":"Feature","geometry":{"type":"Polygon","coordinates":[[[78.456269,17.401453],[78.456075,17.401479],[78.456056,17.401346],[78.456249,17.40132],[78.456269,17.401453]]]},"properties":{"id":"50b02fc44231","height":null,"num_floors":null,"render_height_m":12.8,"height_label":"assumed"}},{"type":"Feature","geometry":{"type":"Polygon","coordinates":[[[78.456289,17.401534],[78.456337,17.401532],[78.456339,17.401577],[78.456291,17.40158],[78.456289,17.401534]]]},"properties":{"id":"3ecc4ceaab1b","height":null,"num_floors":null,"render_height_m":6.4,"height_label":"assumed"}},{"type":"Feature","geometry":{"type":"Polygon","coordinates":[[[78.456582,17.401221],[78.456377,17.401245],[78.456362,17.401132],[78.456569,17.401108],[78.456582,17.401221]]]},"properties":{"id":"343863565661","height":null,"num_floors":null,"render_height_m":12.8,"height_label":"assumed"}},{"type":"Feature","geometry":{"type":"Polygon","coordinates":[[[78.456615,17.401414],[78.456395,17.401437],[78.456381,17.40131],[78.4566,17.401287],[78.456615,17.401414]]]},"properties":{"id":"e5807d3d9da7","height":null,"num_floors":null,"render_height_m":12.8,"height_label":"assumed"}},{"type":"Feature","geometry":{"type":"Polygon","coordinates":[[[78.456413,17.40161],[78.456397,17.401468],[78.456627,17.401445],[78.456643,17.401587],[78.456413,17.40161]]]},"properties":{"id":"aed74b551239","height":null,"num_floors":null,"render_height_m":12.8,"height_label":"assumed"}},{"type":"Feature","geometry":{"type":"Polygon","coordinates":[[[78.456948,17.401542],[78.45669,17.401572],[78.45667,17.401419],[78.456928,17.401388],[78.456948,17.401542]]]},"properties":{"id":"c0f95f473a36","height":null,"num_floors":null,"render_height_m":12.8,"height_label":"assumed"}},{"type":"Feature","geometry":{"type":"Polygon","coordinates":[[[78.456933,17.401353],[78.456666,17.401378],[78.456651,17.401227],[78.456918,17.401202],[78.456933,17.401353]]]},"properties":{"id":"6242bc627c4d","height":null,"num_floors":null,"render_height_m":12.8,"height_label":"assumed"}},{"type":"Feature","geometry":{"type":"Polygon","coordinates":[[[78.456893,17.401183],[78.456643,17.401205],[78.45663,17.401072],[78.456881,17.40105],[78.456893,17.401183]]]},"properties":{"id":"0eaae6e70925","height":null,"num_floors":null,"render_height_m":12.8,"height_label":"assumed"}},{"type":"Feature","geometry":{"type":"Polygon","coordinates":[[[78.456844,17.40075],[78.45686,17.400855],[78.456721,17.400875],[78.456705,17.40077],[78.456844,17.40075]]]},"properties":{"id":"5c0dfa5db250","height":null,"num_floors":null,"render_height_m":9.6,"height_label":"assumed"}},{"type":"Feature","geometry":{"type":"Polygon","coordinates":[[[78.456564,17.400739],[78.456547,17.400621],[78.456779,17.40059],[78.456796,17.400709],[78.456564,17.400739]]]},"properties":{"id":"f0a7ff22e4d9","height":null,"num_floors":null,"render_height_m":12.8,"height_label":"assumed"}},{"type":"Feature","geometry":{"type":"Polygon","coordinates":[[[78.456566,17.401022],[78.456348,17.401054],[78.456332,17.400952],[78.45655,17.40092],[78.456566,17.401022]]]},"properties":{"id":"a6e604f34ae4","height":null,"num_floors":null,"render_height_m":12.8,"height_label":"assumed"}},{"type":"Feature","geometry":{"type":"Polygon","coordinates":[[[78.456564,17.400863],[78.456327,17.400886],[78.456313,17.40076],[78.45655,17.400736],[78.456564,17.400863]]]},"properties":{"id":"977b96230ea4","height":null,"num_floors":null,"render_height_m":12.8,"height_label":"assumed"}},{"type":"Feature","geometry":{"type":"Polygon","coordinates":[[[78.456534,17.40069],[78.456307,17.400716],[78.45629,17.400573],[78.456516,17.400547],[78.456534,17.40069]]]},"properties":{"id":"361471cdd358","height":null,"num_floors":null,"render_height_m":12.8,"height_label":"assumed"}},{"type":"Feature","geometry":{"type":"Polygon","coordinates":[[[78.456773,17.400503],[78.456545,17.400534],[78.456522,17.400383],[78.456751,17.400352],[78.456773,17.400503]]]},"properties":{"id":"7492f7513c66","height":null,"num_floors":null,"render_height_m":12.8,"height_label":"assumed"}},{"type":"Feature","geometry":{"type":"Polygon","coordinates":[[[78.457109,17.400319],[78.457158,17.400253],[78.457304,17.40035],[78.457246,17.400429],[78.457123,17.400347],[78.457132,17.400334],[78.457109,17.400319]]]},"properties":{"id":"aa53fd3762a1","height":null,"num_floors":null,"render_height_m":9.6,"height_label":"assumed"}},{"type":"Feature","geometry":{"type":"Polygon","coordinates":[[[78.456952,17.40052],[78.456988,17.400375],[78.457258,17.400437],[78.457222,17.400582],[78.457155,17.400566],[78.457135,17.400646],[78.456986,17.400612],[78.457006,17.400532],[78.456952,17.40052]]]},"properties":{"id":"914afced3b2b","height":null,"num_floors":null,"render_height_m":12.8,"height_label":"assumed"}},{"type":"Feature","geometry":{"type":"Polygon","coordinates":[[[78.457031,17.400697],[78.457115,17.400687],[78.45712,17.400725],[78.457084,17.400729],[78.457094,17.400802],[78.457047,17.400808],[78.457031,17.400697]]]},"properties":{"id":"b3978d188d7c","height":null,"num_floors":null,"render_height_m":6.4,"height_label":"assumed"}},{"type":"Feature","geometry":{"type":"Polygon","coordinates":[[[78.457041,17.400641],[78.457178,17.400667],[78.457171,17.400703],[78.457034,17.400677],[78.457041,17.400641]]]},"properties":{"id":"495d79ad0117","height":null,"num_floors":null,"render_height_m":6.4,"height_label":"assumed"}},{"type":"Feature","geometry":{"type":"Polygon","coordinates":[[[78.456916,17.401602],[78.456913,17.401574],[78.456966,17.401569],[78.456969,17.401597],[78.456916,17.401602]]]},"properties":{"id":"a650c1c06b0d","height":null,"num_floors":null,"render_height_m":6.4,"height_label":"assumed"}},{"type":"Feature","geometry":{"type":"Polygon","coordinates":[[[78.457219,17.401167],[78.457269,17.401187],[78.457215,17.40131],[78.457165,17.40129],[78.457219,17.401167]]]},"properties":{"id":"829bc0d87fe3","height":null,"num_floors":null,"render_height_m":9.6,"height_label":"assumed"}},{"type":"Feature","geometry":{"type":"Polygon","coordinates":[[[78.457158,17.401034],[78.457166,17.401079],[78.45712,17.401086],[78.457138,17.401038],[78.457158,17.401034]]]},"properties":{"id":"5f7ac2a49a2f","height":null,"num_floors":null,"render_height_m":6.4,"height_label":"assumed"}},{"type":"Feature","geometry":{"type":"Polygon","coordinates":[[[78.457166,17.401086],[78.457228,17.400949],[78.457557,17.401085],[78.457496,17.401223],[78.457166,17.401086]]]},"properties":{"id":"c77805bfe8be","height":null,"num_floors":null,"render_height_m":12.8,"height_label":"assumed"}},{"type":"Feature","geometry":{"type":"Polygon","coordinates":[[[78.457269,17.401187],[78.457485,17.401275],[78.457413,17.401438],[78.457198,17.401349],[78.457269,17.401187]]]},"properties":{"id":"915527c15daa","height":null,"num_floors":null,"render_height_m":12.8,"height_label":"assumed"}},{"type":"Feature","geometry":{"type":"Polygon","coordinates":[[[78.457241,17.401559],[78.457361,17.401569],[78.457344,17.401754],[78.457224,17.401743],[78.457241,17.401559]]]},"properties":{"id":"68829b83b06a","height":null,"num_floors":null,"render_height_m":12.8,"height_label":"assumed"}},{"type":"Feature","geometry":{"type":"Polygon","coordinates":[[[78.457265,17.401477],[78.457406,17.401508],[78.457394,17.40156],[78.457252,17.401529],[78.457265,17.401477]]]},"properties":{"id":"9795eb9fbe66","height":null,"num_floors":null,"render_height_m":9.6,"height_label":"assumed"}},{"type":"Feature","geometry":{"type":"Polygon","coordinates":[[[78.457671,17.401743],[78.457428,17.401667],[78.457437,17.401641],[78.457425,17.401637],[78.45744,17.401593],[78.45745,17.401596],[78.457465,17.401553],[78.457449,17.401548],[78.457456,17.401528],[78.457443,17.401524],[78.457459,17.40148],[78.457469,17.401483],[78.457476,17.401461],[78.457527,17.401477],[78.457531,17.401466],[78.457579,17.401481],[78.457575,17.401492],[78.457667,17.401521],[78.457673,17.401505],[78.45771,17.401517],[78.457706,17.401529],[78.457741,17.40154],[78.457671,17.401743]]]},"properties":{"id":"55f0e8cb4be8","height":null,"num_floors":null,"render_height_m":12.8,"height_label":"assumed"}},{"type":"Feature","geometry":{"type":"Polygon","coordinates":[[[78.457422,17.400933],[78.457329,17.4009],[78.45738,17.400772],[78.457472,17.400805],[78.457422,17.400933]]]},"properties":{"id":"15aeba2f1650","height":null,"num_floors":null,"render_height_m":9.6,"height_label":"assumed"}},{"type":"Feature","geometry":{"type":"Polygon","coordinates":[[[78.457367,17.400745],[78.457308,17.400877],[78.457245,17.400852],[78.457304,17.400719],[78.457367,17.400745]]]},"properties":{"id":"f888b3618c16","height":null,"num_floors":null,"render_height_m":9.6,"height_label":"assumed"}},{"type":"Feature","geometry":{"type":"Polygon","coordinates":[[[78.457496,17.400468],[78.457548,17.400474],[78.457544,17.40051],[78.457492,17.400504],[78.457496,17.400468]]]},"properties":{"id":"d26f0954e026","height":null,"num_floors":null,"render_height_m":6.4,"height_label":"assumed"}},{"type":"Feature","geometry":{"type":"Polygon","coordinates":[[[78.457504,17.400525],[78.4576,17.400555],[78.457581,17.400612],[78.457617,17.400624],[78.4576,17.400673],[78.457677,17.400696],[78.457643,17.400796],[78.457434,17.400731],[78.457504,17.400525]]]},"properties":{"id":"aabbc8cf0670","height":null,"num_floors":null,"render_height_m":12.8,"height_label":"assumed"}},{"type":"Feature","geometry":{"type":"Polygon","coordinates":[[[78.457604,17.399818],[78.457491,17.399793],[78.457523,17.399661],[78.457636,17.399686],[78.457604,17.399818]]]},"properties":{"id":"534e300cd3e0","height":null,"num_floors":null,"render_height_m":9.6,"height_label":"assumed"}},{"type":"Feature","geometry":{"type":"Polygon","coordinates":[[[78.457491,17.399647],[78.457515,17.399651],[78.457508,17.399694],[78.457483,17.39969],[78.457491,17.399647]]]},"properties":{"id":"51c622929a2b","height":null,"num_floors":null,"render_height_m":6.4,"height_label":"assumed"}},{"type":"Feature","geometry":{"type":"Polygon","coordinates":[[[78.457556,17.399976],[78.457414,17.399945],[78.457446,17.399818],[78.457587,17.399849],[78.457556,17.399976]]]},"properties":{"id":"495ab1f52186","height":null,"num_floors":null,"render_height_m":9.6,"height_label":"assumed"}},{"type":"Feature","geometry":{"type":"Polygon","coordinates":[[[78.457378,17.399912],[78.457121,17.399851],[78.457151,17.399737],[78.457408,17.399798],[78.457378,17.399912]]]},"properties":{"id":"c3cda159ae9c","height":null,"num_floors":null,"render_height_m":12.8,"height_label":"assumed"}},{"type":"Feature","geometry":{"type":"Polygon","coordinates":[[[78.457087,17.400025],[78.457117,17.399891],[78.457369,17.399941],[78.45734,17.400075],[78.457087,17.400025]]]},"properties":{"id":"5a796c566e5d","height":null,"num_floors":null,"render_height_m":12.8,"height_label":"assumed"}},{"type":"Feature","geometry":{"type":"Polygon","coordinates":[[[78.457454,17.400233],[78.457344,17.400208],[78.45738,17.40006],[78.457491,17.400085],[78.457454,17.400233]]]},"properties":{"id":"c988853bd200","height":null,"num_floors":null,"render_height_m":9.6,"height_label":"assumed"}},{"type":"Feature","geometry":{"type":"Polygon","coordinates":[[[78.457054,17.400209],[78.457084,17.400085],[78.457335,17.400141],[78.457305,17.400264],[78.457054,17.400209]]]},"properties":{"id":"2a0a086adab0","height":null,"num_floors":null,"render_height_m":12.8,"height_label":"assumed"}},{"type":"Feature","geometry":{"type":"Polygon","coordinates":[[[78.457102,17.400353],[78.456973,17.400352],[78.456974,17.400242],[78.457103,17.400243],[78.457102,17.400353]]]},"properties":{"id":"15533f8e879d","height":null,"num_floors":null,"render_height_m":9.6,"height_label":"assumed"}},{"type":"Feature","geometry":{"type":"Polygon","coordinates":[[[78.456947,17.400228],[78.456919,17.400024],[78.457021,17.400011],[78.457048,17.400216],[78.456947,17.400228]]]},"properties":{"id":"999a51ece326","height":null,"num_floors":null,"render_height_m":9.6,"height_label":"assumed"}},{"type":"Feature","geometry":{"type":"Polygon","coordinates":[[[78.456939,17.399667],[78.456969,17.399544],[78.457123,17.399578],[78.457093,17.399701],[78.456939,17.399667]]]},"properties":{"id":"c56c1c3210b1","height":null,"num_floors":null,"render_height_m":9.6,"height_label":"assumed"}},{"type":"Feature","geometry":{"type":"Polygon","coordinates":[[[78.45707,17.399982],[78.45697,17.399977],[78.456981,17.399806],[78.457081,17.399811],[78.45707,17.399982]]]},"properties":{"id":"60e20374aeb9","height":null,"num_floors":null,"render_height_m":9.6,"height_label":"assumed"}},{"type":"Feature","geometry":{"type":"Polygon","coordinates":[[[78.45719,17.399587],[78.457231,17.399595],[78.457216,17.39967],[78.457175,17.399662],[78.45719,17.399587]]]},"properties":{"id":"005b9a56f253","height":null,"num_floors":null,"render_height_m":6.4,"height_label":"assumed"}},{"type":"Feature","geometry":{"type":"Polygon","coordinates":[[[78.457256,17.399599],[78.457136,17.399572],[78.457193,17.39934],[78.457313,17.399367],[78.457256,17.399599]]]},"properties":{"id":"d2b63dfb7fea","height":null,"num_floors":null,"render_height_m":12.8,"height_label":"assumed"}},{"type":"Feature","geometry":{"type":"Polygon","coordinates":[[[78.45754,17.399419],[78.457488,17.399631],[78.45731,17.399592],[78.457362,17.39938],[78.45754,17.399419]]]},"properties":{"id":"63070e847006","height":null,"num_floors":null,"render_height_m":12.8,"height_label":"assumed"}},{"type":"Feature","geometry":{"type":"Polygon","coordinates":[[[78.457621,17.399649],[78.457515,17.399626],[78.457556,17.399461],[78.457661,17.399484],[78.457621,17.399649]]]},"properties":{"id":"b4b0475db994","height":null,"num_floors":null,"render_height_m":9.6,"height_label":"assumed"}}]}