date,hour,time_ist,slot,openmeteo_time_ist,precipitation_A_lingampally,rain_A_lingampally,temperature_2m_A_lingampally,relative_humidity_2m_A_lingampally,wind_speed_10m_A_lingampally,weather_code_A_lingampally,cloud_cover_A_lingampally,precipitation_M_gachibowli,rain_M_gachibowli,temperature_2m_M_gachibowli,relative_humidity_2m_M_gachibowli,wind_speed_10m_M_gachibowli,weather_code_M_gachibowli,cloud_cover_M_gachibowli,precipitation_B_lakdikapul,rain_B_lakdikapul,temperature_2m_B_lakdikapul,relative_humidity_2m_B_lakdikapul,wind_speed_10m_B_lakdikapul,weather_code_B_lakdikapul,cloud_cover_B_lakdikapul,precipitation_mean,rain_mean,temperature_2m_mean,relative_humidity_2m_mean,wind_speed_10m_mean,weather_code_mean,cloud_cover_mean,rain_class,weather_text,source,label
2026-07-01,0,2026-07-01T00:00,00:00-01:00,2026-07-01T01:00,0.0,0.0,25.3,74,22.3,3,100,0.0,0.0,25.3,75,18.9,3,100,0.0,0.0,25.4,75,15.9,3,100,0.0,0.0,25.33,74.67,19.03,3,100.0,dry,Overcast,"Open-Meteo historical weather archive (ERA5-based reanalysis, ~9 km grid)",measured (Open-Meteo reanalysis)
2026-07-01,1,2026-07-01T01:00,01:00-02:00,2026-07-01T02:00,0.1,0.1,24.5,80,20.6,51,100,0.1,0.1,24.7,80,18.1,51,100,0.2,0.2,24.7,80,15.4,51,100,0.13,0.13,24.63,80.0,18.03,51,100.0,light,Light drizzle,"Open-Meteo historical weather archive (ERA5-based reanalysis, ~9 km grid)",measured (Open-Meteo reanalysis)
2026-07-01,2,2026-07-01T02:00,02:00-03:00,2026-07-01T03:00,0.5,0.5,23.5,89,20.2,53,100,0.4,0.4,24.1,84,17.6,51,100,0.5,0.5,24.3,83,15.3,53,100,0.47,0.47,23.97,85.33,17.7,53,100.0,light,Drizzle,"Open-Meteo historical weather archive (ERA5-based reanalysis, ~9 km grid)",measured (Open-Meteo reanalysis)
2026-07-01,3,2026-07-01T03:00,03:00-04:00,2026-07-01T04:00,0.3,0.3,23.2,91,20.2,51,100,0.5,0.5,23.5,88,18.4,53,100,0.6,0.6,23.8,86,16.0,53,100,0.47,0.47,23.5,88.33,18.2,53,100.0,light,Drizzle,"Open-Meteo historical weather archive (ERA5-based reanalysis, ~9 km grid)",measured (Open-Meteo reanalysis)
2026-07-01,4,2026-07-01T04:00,04:00-05:00,2026-07-01T05:00,0.1,0.1,23.8,86,17.4,51,100,0.1,0.1,24.1,84,16.1,51,100,0.2,0.2,24.3,83,14.6,51,100,0.13,0.13,24.07,84.33,16.03,51,100.0,light,Light drizzle,"Open-Meteo historical weather archive (ERA5-based reanalysis, ~9 km grid)",measured (Open-Meteo reanalysis)
2026-07-01,5,2026-07-01T05:00,05:00-06:00,2026-07-01T06:00,0.3,0.3,23.5,89,19.5,51,100,0.2,0.2,24.0,84,17.9,51,100,0.1,0.1,24.2,83,16.1,51,100,0.2,0.2,23.9,85.33,17.83,51,100.0,light,Light drizzle,"Open-Meteo historical weather archive (ERA5-based reanalysis, ~9 km grid)",measured (Open-Meteo reanalysis)
2026-07-01,6,2026-07-01T06:00,06:00-07:00,2026-07-01T07:00,0.7,0.7,23.2,93,21.4,53,100,1.0,1.0,23.3,92,19.1,55,100,0.8,0.8,23.7,89,17.2,53,100,0.83,0.83,23.4,91.33,19.23,55,100.0,light,Dense drizzle,"Open-Meteo historical weather archive (ERA5-based reanalysis, ~9 km grid)",measured (Open-Meteo reanalysis)
2026-07-01,7,2026-07-01T07:00,07:00-08:00,2026-07-01T08:00,0.9,0.9,23.5,94,17.7,53,100,0.9,0.9,23.6,93,15.7,53,100,0.5,0.5,23.9,90,14.8,53,100,0.77,0.77,23.67,92.33,16.07,53,100.0,light,Drizzle,"Open-Meteo historical weather archive (ERA5-based reanalysis, ~9 km grid)",measured (Open-Meteo reanalysis)
2026-07-01,8,2026-07-01T08:00,08:00-09:00,2026-07-01T09:00,0.3,0.3,24.1,93,17.8,51,100,0.5,0.5,24.2,91,17.0,53,100,0.5,0.5,24.5,88,13.2,53,100,0.43,0.43,24.27,90.67,16.0,53,100.0,light,Drizzle,"Open-Meteo historical weather archive (ERA5-based reanalysis, ~9 km grid)",measured (Open-Meteo reanalysis)
2026-07-01,9,2026-07-01T09:00,09:00-10:00,2026-07-01T10:00,0.1,0.1,25.2,85,20.7,51,100,0.3,0.3,25.6,84,19.8,51,100,0.2,0.2,26.2,78,17.8,51,100,0.2,0.2,25.67,82.33,19.43,51,100.0,light,Light drizzle,"Open-Meteo historical weather archive (ERA5-based reanalysis, ~9 km grid)",measured (Open-Meteo reanalysis)
2026-07-01,10,2026-07-01T10:00,10:00-11:00,2026-07-01T11:00,0.0,0.0,25.8,78,20.3,3,100,0.1,0.1,25.3,83,18.3,51,100,0.1,0.1,25.6,81,15.7,51,100,0.07,0.07,25.57,80.67,18.1,51,100.0,dry,Light drizzle,"Open-Meteo historical weather archive (ERA5-based reanalysis, ~9 km grid)",measured (Open-Meteo reanalysis)
2026-07-01,11,2026-07-01T11:00,11:00-12:00,2026-07-01T12:00,0.0,0.0,27.1,70,20.8,3,100,0.0,0.0,26.5,74,18.3,3,100,0.0,0.0,26.2,76,15.5,3,100,0.0,0.0,26.6,73.33,18.2,3,100.0,dry,Overcast,"Open-Meteo historical weather archive (ERA5-based reanalysis, ~9 km grid)",measured (Open-Meteo reanalysis)
2026-07-01,12,2026-07-01T12:00,12:00-13:00,2026-07-01T13:00,0.0,0.0,28.3,67,22.2,3,97,0.0,0.0,28.1,66,20.1,3,98,0.1,0.1,27.6,68,16.4,51,100,0.03,0.03,28.0,67.0,19.57,51,98.33,dry,Light drizzle,"Open-Meteo historical weather archive (ERA5-based reanalysis, ~9 km grid)",measured (Open-Meteo reanalysis)
2026-07-01,13,2026-07-01T13:00,13:00-14:00,2026-07-01T14:00,0.1,0.1,29.4,63,22.6,51,96,0.1,0.1,29.2,63,22.1,51,95,0.2,0.2,28.8,63,19.0,51,88,0.13,0.13,29.13,63.0,21.23,51,93.0,light,Light drizzle,"Open-Meteo historical weather archive (ERA5-based reanalysis, ~9 km grid)",measured (Open-Meteo reanalysis)
2026-07-01,14,2026-07-01T14:00,14:00-15:00,2026-07-01T15:00,0.0,0.0,29.3,61,24.3,3,98,0.0,0.0,29.1,62,21.9,3,90,0.0,0.0,29.1,63,18.6,2,73,0.0,0.0,29.17,62.0,21.6,3,87.0,dry,Overcast,"Open-Meteo historical weather archive (ERA5-based reanalysis, ~9 km grid)",measured (Open-Meteo reanalysis)
2026-07-01,15,2026-07-01T15:00,15:00-16:00,2026-07-01T16:00,0.0,0.0,28.7,62,21.2,3,99,0.0,0.0,28.9,62,19.5,3,98,0.0,0.0,28.9,63,17.2,3,93,0.0,0.0,28.83,62.33,19.3,3,96.67,dry,Overcast,"Open-Meteo historical weather archive (ERA5-based reanalysis, ~9 km grid)",measured (Open-Meteo reanalysis)
2026-07-01,16,2026-07-01T16:00,16:00-17:00,2026-07-01T17:00,0.0,0.0,28.9,60,22.1,2,77,0.0,0.0,29.0,60,20.5,2,75,0.0,0.0,29.0,61,16.9,3,84,0.0,0.0,28.97,60.33,19.83,3,78.67,dry,Overcast,"Open-Meteo historical weather archive (ERA5-based reanalysis, ~9 km grid)",measured (Open-Meteo reanalysis)
2026-07-01,17,2026-07-01T17:00,17:00-18:00,2026-07-01T18:00,0.0,0.0,27.6,64,24.5,3,98,0.0,0.0,27.7,65,20.5,3,96,0.0,0.0,27.9,65,16.2,3,97,0.0,0.0,27.73,64.67,20.4,3,97.0,dry,Overcast,"Open-Meteo historical weather archive (ERA5-based reanalysis, ~9 km grid)",measured (Open-Meteo reanalysis)
2026-07-01,18,2026-07-01T18:00,18:00-19:00,2026-07-01T19:00,0.0,0.0,26.4,70,23.4,3,100,0.0,0.0,26.3,71,18.9,3,100,0.0,0.0,26.4,71,16.1,3,100,0.0,0.0,26.37,70.67,19.47,3,100.0,dry,Overcast,"Open-Meteo historical weather archive (ERA5-based reanalysis, ~9 km grid)",measured (Open-Meteo reanalysis)
2026-07-01,19,2026-07-01T19:00,19:00-20:00,2026-07-01T20:00,0.0,0.0,26.2,74,21.2,3,91,0.0,0.0,26.2,74,18.6,3,97,0.0,0.0,26.3,74,15.9,3,98,0.0,0.0,26.23,74.0,18.57,3,95.33,dry,Overcast,"Open-Meteo historical weather archive (ERA5-based reanalysis, ~9 km grid)",measured (Open-Meteo reanalysis)
2026-07-01,20,2026-07-01T20:00,20:00-21:00,2026-07-01T21:00,0.0,0.0,25.7,76,19.8,3,100,0.0,0.0,25.7,77,17.8,3,99,0.0,0.0,25.9,76,15.8,3,99,0.0,0.0,25.77,76.33,17.8,3,99.33,dry,Overcast,"Open-Meteo historical weather archive (ERA5-based reanalysis, ~9 km grid)",measured (Open-Meteo reanalysis)
2026-07-01,21,2026-07-01T21:00,21:00-22:00,2026-07-01T22:00,0.0,0.0,25.3,77,20.4,3,100,0.0,0.0,25.3,78,18.4,3,100,0.0,0.0,25.5,78,15.9,3,100,0.0,0.0,25.37,77.67,18.23,3,100.0,dry,Overcast,"Open-Meteo historical weather archive (ERA5-based reanalysis, ~9 km grid)",measured (Open-Meteo reanalysis)
2026-07-01,22,2026-07-01T22:00,22:00-23:00,2026-07-01T23:00,0.0,0.0,24.4,87,20.3,3,100,0.0,0.0,24.7,83,18.6,3,100,0.0,0.0,25.1,80,17.2,3,100,0.0,0.0,24.73,83.33,18.7,3,100.0,dry,Overcast,"Open-Meteo historical weather archive (ERA5-based reanalysis, ~9 km grid)",measured (Open-Meteo reanalysis)
2026-07-01,23,2026-07-01T23:00,23:00-24:00,2026-07-02T00:00,0.5,0.5,23.6,93,21.2,53,100,0.5,0.5,24.0,89,19.8,53,100,0.5,0.5,24.3,86,18.2,53,100,0.5,0.5,23.97,89.33,19.73,53,100.0,light,Drizzle,"Open-Meteo historical weather archive (ERA5-based reanalysis, ~9 km grid)",measured (Open-Meteo reanalysis)
2026-07-02,0,2026-07-02T00:00,00:00-01:00,2026-07-02T01:00,0.8,0.8,23.5,94,19.9,53,100,0.7,0.7,23.5,93,19.6,53,100,0.6,0.6,23.9,90,17.3,53,100,0.7,0.7,23.63,92.33,18.93,53,100.0,light,Drizzle,"Open-Meteo historical weather archive (ERA5-based reanalysis, ~9 km grid)",measured (Open-Meteo reanalysis)
2026-07-02,1,2026-07-02T01:00,01:00-02:00,2026-07-02T02:00,1.0,1.0,23.2,95,20.0,55,100,0.7,0.7,23.3,94,18.9,53,100,0.6,0.6,23.7,91,17.8,53,100,0.77,0.77,23.4,93.33,18.9,55,100.0,light,Dense drizzle,"Open-Meteo historical weather archive (ERA5-based reanalysis, ~9 km grid)",measured (Open-Meteo reanalysis)
2026-07-02,2,2026-07-02T02:00,02:00-03:00,2026-07-02T03:00,0.4,0.4,23.0,95,21.2,51,100,0.5,0.5,23.1,94,19.8,53,100,0.5,0.5,23.5,91,17.8,53,100,0.47,0.47,23.2,93.33,19.6,53,100.0,light,Drizzle,"Open-Meteo historical weather archive (ERA5-based reanalysis, ~9 km grid)",measured (Open-Meteo reanalysis)
2026-07-02,3,2026-07-02T03:00,03:00-04:00,2026-07-02T04:00,0.2,0.2,23.0,95,19.8,51,100,0.3,0.3,23.1,94,19.3,51,100,0.5,0.5,23.5,90,17.5,53,100,0.33,0.33,23.2,93.0,18.87,53,100.0,light,Drizzle,"Open-Meteo historical weather archive (ERA5-based reanalysis, ~9 km grid)",measured (Open-Meteo reanalysis)
2026-07-02,4,2026-07-02T04:00,04:00-05:00,2026-07-02T05:00,0.5,0.5,23.3,92,23.1,53,100,0.4,0.4,23.4,92,21.2,51,100,0.2,0.2,23.8,89,19.1,51,100,0.37,0.37,23.5,91.0,21.13,53,100.0,light,Drizzle,"Open-Meteo historical weather archive (ERA5-based reanalysis, ~9 km grid)",measured (Open-Meteo reanalysis)
2026-07-02,5,2026-07-02T05:00,05:00-06:00,2026-07-02T06:00,0.1,0.1,23.5,90,21.4,51,100,0.2,0.2,23.5,91,20.3,51,100,0.4,0.4,23.7,89,18.0,51,100,0.23,0.23,23.57,90.0,19.9,51,100.0,light,Light drizzle,"Open-Meteo historical weather archive (ERA5-based reanalysis, ~9 km grid)",measured (Open-Meteo reanalysis)
2026-07-02,6,2026-07-02T06:00,06:00-07:00,2026-07-02T07:00,0.0,0.0,24.3,86,17.1,3,100,0.0,0.0,24.2,87,16.6,3,100,0.0,0.0,24.2,86,16.2,3,100,0.0,0.0,24.23,86.33,16.63,3,100.0,dry,Overcast,"Open-Meteo historical weather archive (ERA5-based reanalysis, ~9 km grid)",measured (Open-Meteo reanalysis)
2026-07-02,7,2026-07-02T07:00,07:00-08:00,2026-07-02T08:00,0.0,0.0,25.1,82,21.5,3,100,0.0,0.0,25.0,82,19.4,3,100,0.0,0.0,24.9,83,16.8,3,100,0.0,0.0,25.0,82.33,19.23,3,100.0,dry,Overcast,"Open-Meteo historical weather archive (ERA5-based reanalysis, ~9 km grid)",measured (Open-Meteo reanalysis)
2026-07-02,8,2026-07-02T08:00,08:00-09:00,2026-07-02T09:00,0.4,0.4,24.6,88,19.0,51,100,0.2,0.2,25.5,81,20.2,51,100,0.1,0.1,25.8,79,18.6,51,100,0.23,0.23,25.3,82.67,19.27,51,100.0,light,Light drizzle,"Open-Meteo historical weather archive (ERA5-based reanalysis, ~9 km grid)",measured (Open-Meteo reanalysis)
2026-07-02,9,2026-07-02T09:00,09:00-10:00,2026-07-02T10:00,0.6,0.6,24.6,91,17.7,53,100,0.5,0.5,25.3,84,18.2,53,100,0.5,0.5,25.6,82,15.5,53,100,0.53,0.53,25.17,85.67,17.13,53,100.0,light,Drizzle,"Open-Meteo historical weather archive (ERA5-based reanalysis, ~9 km grid)",measured (Open-Meteo reanalysis)
2026-07-02,10,2026-07-02T10:00,10:00-11:00,2026-07-02T11:00,0.0,0.0,25.7,81,18.9,3,100,0.1,0.1,25.3,84,17.2,51,100,0.2,0.2,25.4,82,14.8,51,100,0.1,0.1,25.47,82.33,16.97,51,100.0,light,Light drizzle,"Open-Meteo historical weather archive (ERA5-based reanalysis, ~9 km grid)",measured (Open-Meteo reanalysis)
2026-07-02,11,2026-07-02T11:00,11:00-12:00,2026-07-02T12:00,0.0,0.0,27.5,67,22.8,3,100,0.0,0.0,26.8,72,18.1,3,100,0.1,0.1,26.4,75,14.0,51,100,0.03,0.03,26.9,71.33,18.3,51,100.0,dry,Light drizzle,"Open-Meteo historical weather archive (ERA5-based reanalysis, ~9 km grid)",measured (Open-Meteo reanalysis)
2026-07-02,12,2026-07-02T12:00,12:00-13:00,2026-07-02T13:00,0.0,0.0,28.5,61,25.4,3,100,0.0,0.0,28.2,64,22.1,3,100,0.0,0.0,28.0,64,18.9,3,100,0.0,0.0,28.23,63.0,22.13,3,100.0,dry,Overcast,"Open-Meteo historical weather archive (ERA5-based reanalysis, ~9 km grid)",measured (Open-Meteo reanalysis)
2026-07-02,13,2026-07-02T13:00,13:00-14:00,2026-07-02T14:00,0.0,0.0,28.5,63,23.8,3,100,0.0,0.0,28.6,62,21.8,3,100,0.0,0.0,28.6,61,19.9,3,100,0.0,0.0,28.57,62.0,21.83,3,100.0,dry,Overcast,"Open-Meteo historical weather archive (ERA5-based reanalysis, ~9 km grid)",measured (Open-Meteo reanalysis)
2026-07-02,14,2026-07-02T14:00,14:00-15:00,2026-07-02T15:00,0.0,0.0,28.0,65,23.2,3,100,0.1,0.1,28.2,66,20.9,51,100,0.0,0.0,28.2,65,18.7,3,100,0.03,0.03,28.13,65.33,20.93,51,100.0,dry,Light drizzle,"Open-Meteo historical weather archive (ERA5-based reanalysis, ~9 km grid)",measured (Open-Meteo reanalysis)
2026-07-02,15,2026-07-02T15:00,15:00-16:00,2026-07-02T16:00,0.0,0.0,26.4,75,20.5,3,100,0.0,0.0,27.5,68,19.2,3,100,0.2,0.2,27.8,67,16.9,51,100,0.07,0.07,27.23,70.0,18.87,51,100.0,dry,Light drizzle,"Open-Meteo historical weather archive (ERA5-based reanalysis, ~9 km grid)",measured (Open-Meteo reanalysis)
2026-07-02,16,2026-07-02T16:00,16:00-17:00,2026-07-02T17:00,0.9,0.9,25.3,89,14.5,53,100,0.3,0.3,27.2,73,16.7,51,100,0.2,0.2,27.8,70,16.4,51,100,0.47,0.47,26.77,77.33,15.87,53,100.0,light,Drizzle,"Open-Meteo historical weather archive (ERA5-based reanalysis, ~9 km grid)",measured (Open-Meteo reanalysis)
2026-07-02,17,2026-07-02T17:00,17:00-18:00,2026-07-02T18:00,1.6,1.6,25.1,93,10.9,61,99,1.7,1.7,25.1,92,9.1,61,99,1.7,1.7,25.0,89,10.1,61,100,1.67,1.67,25.07,91.33,10.03,61,99.33,moderate,Light rain,"Open-Meteo historical weather archive (ERA5-based reanalysis, ~9 km grid)",measured (Open-Meteo reanalysis)
2026-07-02,18,2026-07-02T18:00,18:00-19:00,2026-07-02T19:00,0.2,0.2,24.8,91,14.7,51,100,0.2,0.2,25.2,87,13.6,51,100,0.3,0.3,25.6,86,11.9,51,100,0.23,0.23,25.2,88.0,13.4,51,100.0,light,Light drizzle,"Open-Meteo historical weather archive (ERA5-based reanalysis, ~9 km grid)",measured (Open-Meteo reanalysis)
2026-07-02,19,2026-07-02T19:00,19:00-20:00,2026-07-02T20:00,0.0,0.0,25.3,83,18.5,3,100,0.0,0.0,25.7,80,16.0,3,100,0.0,0.0,26.2,77,14.0,3,100,0.0,0.0,25.73,80.0,16.17,3,100.0,dry,Overcast,"Open-Meteo historical weather archive (ERA5-based reanalysis, ~9 km grid)",measured (Open-Meteo reanalysis)
2026-07-02,20,2026-07-02T20:00,20:00-21:00,2026-07-02T21:00,0.1,0.1,25.3,77,18.9,51,100,0.0,0.0,26.0,73,16.2,3,100,0.0,0.0,26.3,73,14.4,3,100,0.03,0.03,25.87,74.33,16.5,51,100.0,dry,Light drizzle,"Open-Meteo historical weather archive (ERA5-based reanalysis, ~9 km grid)",measured (Open-Meteo reanalysis)
2026-07-02,21,2026-07-02T21:00,21:00-22:00,2026-07-02T22:00,0.1,0.1,25.0,77,19.1,51,100,0.0,0.0,25.7,73,16.7,3,100,0.1,0.1,25.9,73,13.9,51,100,0.07,0.07,25.53,74.33,16.57,51,100.0,dry,Light drizzle,"Open-Meteo historical weather archive (ERA5-based reanalysis, ~9 km grid)",measured (Open-Meteo reanalysis)
2026-07-02,22,2026-07-02T22:00,22:00-23:00,2026-07-02T23:00,0.4,0.4,24.4,83,17.9,51,100,0.3,0.3,25.1,78,17.0,51,100,0.2,0.2,25.5,76,15.0,51,100,0.3,0.3,25.0,79.0,16.63,51,100.0,light,Light drizzle,"Open-Meteo historical weather archive (ERA5-based reanalysis, ~9 km grid)",measured (Open-Meteo reanalysis)
2026-07-02,23,2026-07-02T23:00,23:00-24:00,2026-07-03T00:00,0.6,0.6,23.2,92,20.2,53,100,0.3,0.3,24.0,85,20.0,51,100,0.3,0.3,24.6,81,17.1,51,100,0.4,0.4,23.93,86.0,19.1,53,100.0,light,Drizzle,"Open-Meteo historical weather archive (ERA5-based reanalysis, ~9 km grid)",measured (Open-Meteo reanalysis)
2026-07-03,0,2026-07-03T00:00,00:00-01:00,2026-07-03T01:00,0.6,0.6,23.0,93,19.2,53,100,0.6,0.6,23.4,90,18.8,53,100,0.6,0.6,23.9,86,16.9,53,100,0.6,0.6,23.43,89.67,18.3,53,100.0,light,Drizzle,"Open-Meteo historical weather archive (ERA5-based reanalysis, ~9 km grid)",measured (Open-Meteo reanalysis)
2026-07-03,1,2026-07-03T01:00,01:00-02:00,2026-07-03T02:00,0.4,0.4,23.0,94,18.7,51,100,0.6,0.6,23.2,92,17.9,53,100,0.6,0.6,23.7,88,16.5,53,100,0.53,0.53,23.3,91.33,17.7,53,100.0,light,Drizzle,"Open-Meteo historical weather archive (ERA5-based reanalysis, ~9 km grid)",measured (Open-Meteo reanalysis)
2026-07-03,2,2026-07-03T02:00,02:00-03:00,2026-07-03T03:00,0.5,0.5,22.9,94,20.5,53,100,0.4,0.4,23.1,93,19.4,51,100,0.4,0.4,23.6,89,17.5,51,100,0.43,0.43,23.2,92.0,19.13,53,100.0,light,Drizzle,"Open-Meteo historical weather archive (ERA5-based reanalysis, ~9 km grid)",measured (Open-Meteo reanalysis)
2026-07-03,3,2026-07-03T03:00,03:00-04:00,2026-07-03T04:00,0.4,0.4,22.7,95,20.8,51,100,0.5,0.5,22.9,93,20.0,53,100,0.3,0.3,23.5,90,17.8,51,100,0.4,0.4,23.03,92.67,19.53,53,100.0,light,Drizzle,"Open-Meteo historical weather archive (ERA5-based reanalysis, ~9 km grid)",measured (Open-Meteo reanalysis)
2026-07-03,4,2026-07-03T04:00,04:00-05:00,2026-07-03T05:00,0.0,0.0,22.7,95,22.6,3,98,0.2,0.2,23.0,94,20.2,51,98,0.2,0.2,23.5,90,18.4,51,98,0.13,0.13,23.07,93.0,20.4,51,98.0,light,Light drizzle,"Open-Meteo historical weather archive (ERA5-based reanalysis, ~9 km grid)",measured (Open-Meteo reanalysis)
2026-07-03,5,2026-07-03T05:00,05:00-06:00,2026-07-03T06:00,0.0,0.0,23.1,93,23.5,3,82,0.1,0.1,23.3,92,20.9,51,81,0.1,0.1,23.7,89,18.2,51,92,0.07,0.07,23.37,91.33,20.87,51,85.0,dry,Light drizzle,"Open-Meteo historical weather archive (ERA5-based reanalysis, ~9 km grid)",measured (Open-Meteo reanalysis)
2026-07-03,6,2026-07-03T06:00,06:00-07:00,2026-07-03T07:00,0.0,0.0,24.5,87,18.3,3,98,0.0,0.0,24.5,86,17.4,3,98,0.0,0.0,24.8,84,17.9,3,98,0.0,0.0,24.6,85.67,17.87,3,98.0,dry,Overcast,"Open-Meteo historical weather archive (ERA5-based reanalysis, ~9 km grid)",measured (Open-Meteo reanalysis)
2026-07-03,7,2026-07-03T07:00,07:00-08:00,2026-07-03T08:00,0.0,0.0,25.9,77,28.1,3,95,0.0,0.0,26.2,76,25.7,3,93,0.0,0.0,26.6,73,23.1,3,89,0.0,0.0,26.23,75.33,25.63,3,92.33,dry,Overcast,"Open-Meteo historical weather archive (ERA5-based reanalysis, ~9 km grid)",measured (Open-Meteo reanalysis)
2026-07-03,8,2026-07-03T08:00,08:00-09:00,2026-07-03T09:00,0.0,0.0,26.8,72,31.1,3,96,0.0,0.0,27.2,71,27.7,3,97,0.0,0.0,27.5,69,24.5,3,98,0.0,0.0,27.17,70.67,27.77,3,97.0,dry,Overcast,"Open-Meteo historical weather archive (ERA5-based reanalysis, ~9 km grid)",measured (Open-Meteo reanalysis)
2026-07-03,9,2026-07-03T09:00,09:00-10:00,2026-07-03T10:00,0.1,0.1,27.7,69,29.9,51,100,0.1,0.1,27.6,69,27.2,51,99,0.1,0.1,28.0,66,24.5,51,98,0.1,0.1,27.77,68.0,27.2,51,99.0,light,Light drizzle,"Open-Meteo historical weather archive (ERA5-based reanalysis, ~9 km grid)",measured (Open-Meteo reanalysis)
2026-07-03,10,2026-07-03T10:00,10:00-11:00,2026-07-03T11:00,0.6,0.6,27.6,66,31.2,53,100,0.1,0.1,28.0,64,28.6,51,100,0.1,0.1,28.3,64,25.4,51,100,0.27,0.27,27.97,64.67,28.4,53,100.0,light,Drizzle,"Open-Meteo historical weather archive (ERA5-based reanalysis, ~9 km grid)",measured (Open-Meteo reanalysis)
2026-07-03,11,2026-07-03T11:00,11:00-12:00,2026-07-03T12:00,0.2,0.2,26.3,77,24.6,51,100,0.2,0.2,26.4,75,22.7,51,100,0.2,0.2,27.1,71,21.4,51,100,0.2,0.2,26.6,74.33,22.9,51,100.0,light,Light drizzle,"Open-Meteo historical weather archive (ERA5-based reanalysis, ~9 km grid)",measured (Open-Meteo reanalysis)
2026-07-03,12,2026-07-03T12:00,12:00-13:00,2026-07-03T13:00,0.6,0.6,25.2,83,26.6,53,100,0.2,0.2,26.6,75,21.9,51,100,0.2,0.2,27.0,73,19.9,51,100,0.33,0.33,26.27,77.0,22.8,53,100.0,light,Drizzle,"Open-Meteo historical weather archive (ERA5-based reanalysis, ~9 km grid)",measured (Open-Meteo reanalysis)
2026-07-03,13,2026-07-03T13:00,13:00-14:00,2026-07-03T14:00,2.5,2.5,24.4,92,25.5,63,100,1.4,1.4,24.8,86,23.3,61,100,1.0,1.0,26.1,77,21.0,55,100,1.63,1.63,25.1,85.0,23.27,63,100.0,moderate,Rain,"Open-Meteo historical weather archive (ERA5-based reanalysis, ~9 km grid)",measured (Open-Meteo reanalysis)
2026-07-03,14,2026-07-03T14:00,14:00-15:00,2026-07-03T15:00,0.8,0.8,24.4,92,24.8,53,100,1.0,1.0,24.7,89,22.0,55,100,1.1,1.1,25.3,85,17.1,55,100,0.97,0.97,24.8,88.67,21.3,55,100.0,light,Dense drizzle,"Open-Meteo historical weather archive (ERA5-based reanalysis, ~9 km grid)",measured (Open-Meteo reanalysis)
2026-07-03,15,2026-07-03T15:00,15:00-16:00,2026-07-03T16:00,0.3,0.3,24.4,90,25.0,51,100,0.4,0.4,24.6,88,21.4,51,100,0.5,0.5,25.1,84,17.5,53,100,0.4,0.4,24.7,87.33,21.3,53,100.0,light,Drizzle,"Open-Meteo historical weather archive (ERA5-based reanalysis, ~9 km grid)",measured (Open-Meteo reanalysis)
2026-07-03,16,2026-07-03T16:00,16:00-17:00,2026-07-03T17:00,0.2,0.2,24.4,88,19.4,51,100,0.2,0.2,24.5,86,18.8,51,100,0.3,0.3,25.2,82,17.6,51,100,0.23,0.23,24.7,85.33,18.6,51,100.0,light,Light drizzle,"Open-Meteo historical weather archive (ERA5-based reanalysis, ~9 km grid)",measured (Open-Meteo reanalysis)
2026-07-03,17,2026-07-03T17:00,17:00-18:00,2026-07-03T18:00,0.2,0.2,24.6,85,20.7,51,100,0.2,0.2,24.9,83,19.2,51,100,0.2,0.2,25.4,81,15.9,51,100,0.2,0.2,24.97,83.0,18.6,51,100.0,light,Light drizzle,"Open-Meteo historical weather archive (ERA5-based reanalysis, ~9 km grid)",measured (Open-Meteo reanalysis)
2026-07-03,18,2026-07-03T18:00,18:00-19:00,2026-07-03T19:00,0.0,0.0,25.0,81,21.0,3,100,0.0,0.0,25.4,78,19.2,3,100,0.0,0.0,25.7,77,16.5,3,100,0.0,0.0,25.37,78.67,18.9,3,100.0,dry,Overcast,"Open-Meteo historical weather archive (ERA5-based reanalysis, ~9 km grid)",measured (Open-Meteo reanalysis)
2026-07-03,19,2026-07-03T19:00,19:00-20:00,2026-07-03T20:00,0.2,0.2,24.6,84,21.9,51,100,0.2,0.2,25.0,81,19.9,51,100,0.2,0.2,25.4,79,17.5,51,100,0.2,0.2,25.0,81.33,19.77,51,100.0,light,Light drizzle,"Open-Meteo historical weather archive (ERA5-based reanalysis, ~9 km grid)",measured (Open-Meteo reanalysis)
2026-07-03,20,2026-07-03T20:00,20:00-21:00,2026-07-03T21:00,0.2,0.2,24.3,87,22.3,51,100,0.2,0.2,24.6,85,18.9,51,100,0.2,0.2,25.0,82,16.5,51,100,0.2,0.2,24.63,84.67,19.23,51,100.0,light,Light drizzle,"Open-Meteo historical weather archive (ERA5-based reanalysis, ~9 km grid)",measured (Open-Meteo reanalysis)
2026-07-03,21,2026-07-03T21:00,21:00-22:00,2026-07-03T22:00,0.3,0.3,23.9,91,21.9,51,100,0.2,0.2,24.3,88,19.1,51,100,0.2,0.2,24.8,84,16.7,51,100,0.23,0.23,24.33,87.67,19.23,51,100.0,light,Light drizzle,"Open-Meteo historical weather archive (ERA5-based reanalysis, ~9 km grid)",measured (Open-Meteo reanalysis)
2026-07-03,22,2026-07-03T22:00,22:00-23:00,2026-07-03T23:00,0.5,0.5,23.2,92,22.0,53,100,0.4,0.4,23.6,89,20.7,51,100,0.3,0.3,24.2,84,18.8,51,100,0.4,0.4,23.67,88.33,20.5,53,100.0,light,Drizzle,"Open-Meteo historical weather archive (ERA5-based reanalysis, ~9 km grid)",measured (Open-Meteo reanalysis)
2026-07-03,23,2026-07-03T23:00,23:00-24:00,2026-07-04T00:00,0.2,0.2,22.9,92,24.6,51,100,0.2,0.2,23.3,89,22.4,51,100,0.1,0.1,23.9,86,19.5,51,100,0.17,0.17,23.37,89.0,22.17,51,100.0,light,Light drizzle,"Open-Meteo historical weather archive (ERA5-based reanalysis, ~9 km grid)",measured (Open-Meteo reanalysis)
2026-07-04,0,2026-07-04T00:00,00:00-01:00,2026-07-04T01:00,0.4,0.4,22.7,94,25.0,51,100,0.2,0.2,23.2,90,22.4,51,100,0.2,0.2,23.7,86,19.4,51,100,0.27,0.27,23.2,90.0,22.27,51,100.0,light,Light drizzle,"Open-Meteo historical weather archive (ERA5-based reanalysis, ~9 km grid)",measured (Open-Meteo reanalysis)
2026-07-04,1,2026-07-04T01:00,01:00-02:00,2026-07-04T02:00,0.4,0.4,22.7,94,24.0,51,100,0.3,0.3,23.0,91,22.1,51,100,0.2,0.2,23.5,88,18.8,51,100,0.3,0.3,23.07,91.0,21.63,51,100.0,light,Light drizzle,"Open-Meteo historical weather archive (ERA5-based reanalysis, ~9 km grid)",measured (Open-Meteo reanalysis)
2026-07-04,2,2026-07-04T02:00,02:00-03:00,2026-07-04T03:00,0.5,0.5,22.5,94,23.6,53,100,0.4,0.4,22.8,92,22.0,51,100,0.3,0.3,23.3,88,19.7,51,100,0.4,0.4,22.87,91.33,21.77,53,100.0,light,Drizzle,"Open-Meteo historical weather archive (ERA5-based reanalysis, ~9 km grid)",measured (Open-Meteo reanalysis)
2026-07-04,3,2026-07-04T03:00,03:00-04:00,2026-07-04T04:00,0.9,0.9,22.4,95,24.0,53,100,0.9,0.9,22.6,94,22.4,53,100,0.6,0.6,23.1,90,20.7,53,100,0.8,0.8,22.7,93.0,22.37,53,100.0,light,Drizzle,"Open-Meteo historical weather archive (ERA5-based reanalysis, ~9 km grid)",measured (Open-Meteo reanalysis)
2026-07-04,4,2026-07-04T04:00,04:00-05:00,2026-07-04T05:00,1.0,1.0,22.4,95,26.6,55,100,1.1,1.1,22.5,95,24.0,55,100,1.0,1.0,22.8,94,21.8,55,100,1.03,1.03,22.57,94.67,24.13,55,100.0,moderate,Dense drizzle,"Open-Meteo historical weather archive (ERA5-based reanalysis, ~9 km grid)",measured (Open-Meteo reanalysis)
2026-07-04,5,2026-07-04T05:00,05:00-06:00,2026-07-04T06:00,0.8,0.8,22.5,95,22.5,53,100,0.9,0.9,22.6,95,21.3,53,100,0.7,0.7,22.9,93,19.6,53,100,0.8,0.8,22.67,94.33,21.13,53,100.0,light,Drizzle,"Open-Meteo historical weather archive (ERA5-based reanalysis, ~9 km grid)",measured (Open-Meteo reanalysis)
2026-07-04,6,2026-07-04T06:00,06:00-07:00,2026-07-04T07:00,0.4,0.4,22.9,95,23.7,51,100,0.3,0.3,23.0,93,22.8,51,100,0.4,0.4,23.4,90,19.7,51,100,0.37,0.37,23.1,92.67,22.07,51,100.0,light,Light drizzle,"Open-Meteo historical weather archive (ERA5-based reanalysis, ~9 km grid)",measured (Open-Meteo reanalysis)
2026-07-04,7,2026-07-04T07:00,07:00-08:00,2026-07-04T08:00,0.3,0.3,23.8,89,23.8,51,100,0.2,0.2,23.9,88,20.8,51,100,0.2,0.2,24.3,85,19.0,51,100,0.23,0.23,24.0,87.33,21.2,51,100.0,light,Light drizzle,"Open-Meteo historical weather archive (ERA5-based reanalysis, ~9 km grid)",measured (Open-Meteo reanalysis)
2026-07-04,8,2026-07-04T08:00,08:00-09:00,2026-07-04T09:00,0.5,0.5,24.1,91,23.1,53,100,0.8,0.8,24.4,89,21.4,53,100,0.6,0.6,24.7,85,20.2,53,100,0.63,0.63,24.4,88.33,21.57,53,100.0,light,Drizzle,"Open-Meteo historical weather archive (ERA5-based reanalysis, ~9 km grid)",measured (Open-Meteo reanalysis)
2026-07-04,9,2026-07-04T09:00,09:00-10:00,2026-07-04T10:00,1.9,1.9,23.8,92,25.6,61,100,1.5,1.5,24.1,91,23.0,61,100,1.1,1.1,24.0,89,19.1,55,100,1.5,1.5,23.97,90.67,22.57,61,100.0,moderate,Light rain,"Open-Meteo historical weather archive (ERA5-based reanalysis, ~9 km grid)",measured (Open-Meteo reanalysis)
2026-07-04,10,2026-07-04T10:00,10:00-11:00,2026-07-04T11:00,0.1,0.1,24.6,88,18.4,51,100,0.4,0.4,24.0,91,17.1,51,100,0.3,0.3,24.2,85,15.4,51,100,0.27,0.27,24.27,88.0,16.97,51,100.0,light,Light drizzle,"Open-Meteo historical weather archive (ERA5-based reanalysis, ~9 km grid)",measured (Open-Meteo reanalysis)
2026-07-04,11,2026-07-04T11:00,11:00-12:00,2026-07-04T12:00,1.3,1.3,23.9,90,25.6,61,100,1.0,1.0,23.8,90,23.2,55,100,0.7,0.7,24.2,88,19.4,53,100,1.0,1.0,23.97,89.33,22.73,61,100.0,moderate,Light rain,"Open-Meteo historical weather archive (ERA5-based reanalysis, ~9 km grid)",measured (Open-Meteo reanalysis)
2026-07-04,12,2026-07-04T12:00,12:00-13:00,2026-07-04T13:00,1.1,1.1,24.2,94,16.2,55,100,0.8,0.8,24.2,94,16.5,53,100,0.8,0.8,24.4,90,15.8,53,100,0.9,0.9,24.27,92.67,16.17,55,100.0,light,Dense drizzle,"Open-Meteo historical weather archive (ERA5-based reanalysis, ~9 km grid)",measured (Open-Meteo reanalysis)
2026-07-04,13,2026-07-04T13:00,13:00-14:00,2026-07-04T14:00,1.1,1.1,23.9,88,25.9,55,100,0.4,0.4,24.3,91,24.3,51,100,0.4,0.4,24.7,88,20.9,51,100,0.63,0.63,24.3,89.0,23.7,55,100.0,light,Dense drizzle,"Open-Meteo historical weather archive (ERA5-based reanalysis, ~9 km grid)",measured (Open-Meteo reanalysis)
2026-07-04,14,2026-07-04T14:00,14:00-15:00,2026-07-04T15:00,0.7,0.7,24.1,91,24.1,53,100,0.5,0.5,24.4,89,21.1,53,100,0.7,0.7,24.6,88,18.4,53,100,0.63,0.63,24.37,89.33,21.2,53,100.0,light,Drizzle,"Open-Meteo historical weather archive (ERA5-based reanalysis, ~9 km grid)",measured (Open-Meteo reanalysis)
2026-07-04,15,2026-07-04T15:00,15:00-16:00,2026-07-04T16:00,0.9,0.9,24.0,95,22.9,53,100,0.8,0.8,24.1,92,21.8,53,100,0.7,0.7,24.4,89,19.7,53,100,0.8,0.8,24.17,92.0,21.47,53,100.0,light,Drizzle,"Open-Meteo historical weather archive (ERA5-based reanalysis, ~9 km grid)",measured (Open-Meteo reanalysis)
2026-07-04,16,2026-07-04T16:00,16:00-17:00,2026-07-04T17:00,0.5,0.5,24.1,91,23.6,53,98,0.3,0.3,24.7,87,20.8,51,100,0.3,0.3,25.2,84,17.8,51,100,0.37,0.37,24.67,87.33,20.73,53,99.33,light,Drizzle,"Open-Meteo historical weather archive (ERA5-based reanalysis, ~9 km grid)",measured (Open-Meteo reanalysis)
2026-07-04,17,2026-07-04T17:00,17:00-18:00,2026-07-04T18:00,0.3,0.3,23.6,92,22.7,51,100,0.4,0.4,23.9,90,20.8,51,100,0.4,0.4,24.3,87,19.0,51,100,0.37,0.37,23.93,89.67,20.83,51,100.0,light,Light drizzle,"Open-Meteo historical weather archive (ERA5-based reanalysis, ~9 km grid)",measured (Open-Meteo reanalysis)
2026-07-04,18,2026-07-04T18:00,18:00-19:00,2026-07-04T19:00,0.0,0.0,23.6,90,24.2,3,100,0.0,0.0,23.9,88,21.6,3,100,0.0,0.0,24.3,86,19.0,3,100,0.0,0.0,23.93,88.0,21.6,3,100.0,dry,Overcast,"Open-Meteo historical weather archive (ERA5-based reanalysis, ~9 km grid)",measured (Open-Meteo reanalysis)
2026-07-04,19,2026-07-04T19:00,19:00-20:00,2026-07-04T20:00,0.0,0.0,23.8,88,25.7,3,100,0.0,0.0,24.0,87,23.7,3,100,0.0,0.0,24.3,85,21.3,3,100,0.0,0.0,24.03,86.67,23.57,3,100.0,dry,Overcast,"Open-Meteo historical weather archive (ERA5-based reanalysis, ~9 km grid)",measured (Open-Meteo reanalysis)
2026-07-04,20,2026-07-04T20:00,20:00-21:00,2026-07-04T21:00,0.1,0.1,23.8,88,27.2,51,100,0.1,0.1,24.0,87,24.1,51,99,0.1,0.1,24.3,85,21.4,51,99,0.1,0.1,24.03,86.67,24.23,51,99.33,light,Light drizzle,"Open-Meteo historical weather archive (ERA5-based reanalysis, ~9 km grid)",measured (Open-Meteo reanalysis)
2026-07-04,21,2026-07-04T21:00,21:00-22:00,2026-07-04T22:00,0.9,0.9,23.4,90,27.3,53,100,0.3,0.3,23.6,89,24.7,51,100,0.6,0.6,23.9,87,22.2,53,99,0.6,0.6,23.63,88.67,24.73,53,99.67,light,Drizzle,"Open-Meteo historical weather archive (ERA5-based reanalysis, ~9 km grid)",measured (Open-Meteo reanalysis)
2026-07-04,22,2026-07-04T22:00,22:00-23:00,2026-07-04T23:00,0.1,0.1,23.3,88,27.8,51,100,0.2,0.2,23.4,87,25.3,51,100,0.3,0.3,23.6,86,22.8,51,100,0.2,0.2,23.43,87.0,25.3,51,100.0,light,Light drizzle,"Open-Meteo historical weather archive (ERA5-based reanalysis, ~9 km grid)",measured (Open-Meteo reanalysis)
2026-07-04,23,2026-07-04T23:00,23:00-24:00,2026-07-05T00:00,0.1,0.1,23.0,89,25.9,51,100,0.2,0.2,23.2,88,23.7,51,100,0.2,0.2,23.4,86,21.3,51,99,0.17,0.17,23.2,87.67,23.63,51,99.67,light,Light drizzle,"Open-Meteo historical weather archive (ERA5-based reanalysis, ~9 km grid)",measured (Open-Meteo reanalysis)
2026-07-05,0,2026-07-05T00:00,00:00-01:00,2026-07-05T01:00,0.1,0.1,23.0,89,26.3,51,100,0.1,0.1,23.2,88,23.5,51,100,2.0,2.0,23.2,89,20.9,61,97,0.73,0.73,23.13,88.67,23.57,61,99.0,light,Light rain,"Open-Meteo historical weather archive (ERA5-based reanalysis, ~9 km grid)",measured (Open-Meteo reanalysis)
2026-07-05,1,2026-07-05T01:00,01:00-02:00,2026-07-05T02:00,0.1,0.1,22.9,90,26.4,51,100,0.1,0.1,23.2,88,24.4,51,100,0.1,0.1,23.4,88,21.9,51,98,0.1,0.1,23.17,88.67,24.23,51,99.33,light,Light drizzle,"Open-Meteo historical weather archive (ERA5-based reanalysis, ~9 km grid)",measured (Open-Meteo reanalysis)
2026-07-05,2,2026-07-05T02:00,02:00-03:00,2026-07-05T03:00,0.1,0.1,22.9,90,25.7,51,100,0.2,0.2,23.1,89,23.8,51,99,0.1,0.1,23.4,87,20.9,51,94,0.13,0.13,23.13,88.67,23.47,51,97.67,light,Light drizzle,"Open-Meteo historical weather archive (ERA5-based reanalysis, ~9 km grid)",measured (Open-Meteo reanalysis)
2026-07-05,3,2026-07-05T03:00,03:00-04:00,2026-07-05T04:00,0.1,0.1,23.0,89,23.9,51,100,0.0,0.0,23.2,88,22.0,3,100,0.4,0.4,23.2,88,20.1,51,100,0.17,0.17,23.13,88.33,22.0,51,100.0,light,Light drizzle,"Open-Meteo historical weather archive (ERA5-based reanalysis, ~9 km grid)",measured (Open-Meteo reanalysis)
2026-07-05,4,2026-07-05T04:00,04:00-05:00,2026-07-05T05:00,0.2,0.2,23.2,88,26.2,51,100,0.1,0.1,23.6,86,23.3,51,100,0.1,0.1,23.8,85,20.5,51,100,0.13,0.13,23.53,86.33,23.33,51,100.0,light,Light drizzle,"Open-Meteo historical weather archive (ERA5-based reanalysis, ~9 km grid)",measured (Open-Meteo reanalysis)
2026-07-05,5,2026-07-05T05:00,05:00-06:00,2026-07-05T06:00,0.0,0.0,23.5,85,24.5,3,100,0.0,0.0,23.7,84,22.3,3,100,0.0,0.0,23.9,84,19.5,3,99,0.0,0.0,23.7,84.33,22.1,3,99.67,dry,Overcast,"Open-Meteo historical weather archive (ERA5-based reanalysis, ~9 km grid)",measured (Open-Meteo reanalysis)
2026-07-05,6,2026-07-05T06:00,06:00-07:00,2026-07-05T07:00,0.0,0.0,24.0,84,18.0,3,100,0.0,0.0,24.2,83,17.7,3,100,0.0,0.0,24.3,83,15.5,3,99,0.0,0.0,24.17,83.33,17.07,3,99.67,dry,Overcast,"Open-Meteo historical weather archive (ERA5-based reanalysis, ~9 km grid)",measured (Open-Meteo reanalysis)
2026-07-05,7,2026-07-05T07:00,07:00-08:00,2026-07-05T08:00,0.0,0.0,24.8,81,22.0,3,96,0.0,0.0,24.9,80,19.5,3,95,0.0,0.0,24.9,80,17.7,3,94,0.0,0.0,24.87,80.33,19.73,3,95.0,dry,Overcast,"Open-Meteo historical weather archive (ERA5-based reanalysis, ~9 km grid)",measured (Open-Meteo reanalysis)
2026-07-05,8,2026-07-05T08:00,08:00-09:00,2026-07-05T09:00,0.1,0.1,25.6,77,29.3,51,100,0.1,0.1,26.0,75,28.2,51,99,0.1,0.1,26.1,74,24.4,51,99,0.1,0.1,25.9,75.33,27.3,51,99.33,light,Light drizzle,"Open-Meteo historical weather archive (ERA5-based reanalysis, ~9 km grid)",measured (Open-Meteo reanalysis)
2026-07-05,9,2026-07-05T09:00,09:00-10:00,2026-07-05T10:00,0.1,0.1,26.1,77,23.9,51,100,0.1,0.1,26.1,76,22.7,51,100,0.1,0.1,26.3,75,21.1,51,99,0.1,0.1,26.17,76.0,22.57,51,99.67,light,Light drizzle,"Open-Meteo historical weather archive (ERA5-based reanalysis, ~9 km grid)",measured (Open-Meteo reanalysis)
2026-07-05,10,2026-07-05T10:00,10:00-11:00,2026-07-05T11:00,0.0,0.0,26.0,74,26.2,3,97,0.0,0.0,26.2,74,23.1,3,99,0.0,0.0,26.4,74,20.9,3,96,0.0,0.0,26.2,74.0,23.4,3,97.33,dry,Overcast,"Open-Meteo historical weather archive (ERA5-based reanalysis, ~9 km grid)",measured (Open-Meteo reanalysis)
2026-07-05,11,2026-07-05T11:00,11:00-12:00,2026-07-05T12:00,0.0,0.0,26.8,70,26.8,3,100,0.0,0.0,26.7,71,23.4,3,98,0.0,0.0,26.8,71,21.2,3,98,0.0,0.0,26.77,70.67,23.8,3,98.67,dry,Overcast,"Open-Meteo historical weather archive (ERA5-based reanalysis, ~9 km grid)",measured (Open-Meteo reanalysis)
2026-07-05,12,2026-07-05T12:00,12:00-13:00,2026-07-05T13:00,0.0,0.0,27.5,69,28.9,3,100,0.0,0.0,27.7,67,27.2,3,100,0.0,0.0,27.9,65,24.2,3,100,0.0,0.0,27.7,67.0,26.77,3,100.0,dry,Overcast,"Open-Meteo historical weather archive (ERA5-based reanalysis, ~9 km grid)",measured (Open-Meteo reanalysis)
2026-07-05,13,2026-07-05T13:00,13:00-14:00,2026-07-05T14:00,0.0,0.0,27.4,69,25.6,3,100,0.0,0.0,27.2,70,23.1,3,100,0.0,0.0,27.0,71,19.4,3,100,0.0,0.0,27.2,70.0,22.7,3,100.0,dry,Overcast,"Open-Meteo historical weather archive (ERA5-based reanalysis, ~9 km grid)",measured (Open-Meteo reanalysis)
2026-07-05,14,2026-07-05T14:00,14:00-15:00,2026-07-05T15:00,0.0,0.0,26.6,70,27.1,3,100,0.0,0.0,27.1,69,24.8,3,100,0.0,0.0,27.4,68,22.0,3,100,0.0,0.0,27.03,69.0,24.63,3,100.0,dry,Overcast,"Open-Meteo historical weather archive (ERA5-based reanalysis, ~9 km grid)",measured (Open-Meteo reanalysis)
2026-07-05,15,2026-07-05T15:00,15:00-16:00,2026-07-05T16:00,1.4,1.4,24.7,87,25.0,61,100,0.6,0.6,25.0,83,19.3,53,100,0.3,0.3,25.3,80,17.1,51,100,0.77,0.77,25.0,83.33,20.47,61,100.0,light,Light rain,"Open-Meteo historical weather archive (ERA5-based reanalysis, ~9 km grid)",measured (Open-Meteo reanalysis)
2026-07-05,16,2026-07-05T16:00,16:00-17:00,2026-07-05T17:00,0.5,0.5,27.3,69,23.3,53,98,1.2,1.2,27.3,69,20.8,55,98,1.0,1.0,27.2,73,14.3,55,99,0.9,0.9,27.27,70.33,19.47,55,98.33,light,Dense drizzle,"Open-Meteo historical weather archive (ERA5-based reanalysis, ~9 km grid)",measured (Open-Meteo reanalysis)
2026-07-05,17,2026-07-05T17:00,17:00-18:00,2026-07-05T18:00,0.0,0.0,26.1,73,23.4,3,88,0.0,0.0,26.5,70,21.9,3,85,0.0,0.0,26.7,70,19.5,3,91,0.0,0.0,26.43,71.0,21.6,3,88.0,dry,Overcast,"Open-Meteo historical weather archive (ERA5-based reanalysis, ~9 km grid)",measured (Open-Meteo reanalysis)
2026-07-05,18,2026-07-05T18:00,18:00-19:00,2026-07-05T19:00,0.0,0.0,25.8,73,24.9,3,100,0.0,0.0,26.0,71,22.2,3,100,0.0,0.0,26.3,71,19.1,3,99,0.0,0.0,26.03,71.67,22.07,3,99.67,dry,Overcast,"Open-Meteo historical weather archive (ERA5-based reanalysis, ~9 km grid)",measured (Open-Meteo reanalysis)
2026-07-05,19,2026-07-05T19:00,19:00-20:00,2026-07-05T20:00,0.0,0.0,25.4,74,20.6,3,100,0.0,0.0,25.7,72,19.8,3,100,0.0,0.0,25.9,71,18.2,3,100,0.0,0.0,25.67,72.33,19.53,3,100.0,dry,Overcast,"Open-Meteo historical weather archive (ERA5-based reanalysis, ~9 km grid)",measured (Open-Meteo reanalysis)
2026-07-05,20,2026-07-05T20:00,20:00-21:00,2026-07-05T21:00,0.0,0.0,25.5,74,24.0,3,100,0.0,0.0,25.3,75,20.6,3,100,0.1,0.1,25.3,75,18.4,51,100,0.03,0.03,25.37,74.67,21.0,51,100.0,dry,Light drizzle,"Open-Meteo historical weather archive (ERA5-based reanalysis, ~9 km grid)",measured (Open-Meteo reanalysis)
2026-07-05,21,2026-07-05T21:00,21:00-22:00,2026-07-05T22:00,0.0,0.0,25.5,73,27.1,3,100,0.0,0.0,25.6,72,23.8,3,100,0.0,0.0,25.7,73,21.1,3,100,0.0,0.0,25.6,72.67,24.0,3,100.0,dry,Overcast,"Open-Meteo historical weather archive (ERA5-based reanalysis, ~9 km grid)",measured (Open-Meteo reanalysis)
2026-07-05,22,2026-07-05T22:00,22:00-23:00,2026-07-05T23:00,0.0,0.0,25.5,71,25.0,3,100,0.0,0.0,25.4,71,23.0,3,100,0.0,0.0,25.4,72,20.4,3,100,0.0,0.0,25.43,71.33,22.8,3,100.0,dry,Overcast,"Open-Meteo historical weather archive (ERA5-based reanalysis, ~9 km grid)",measured (Open-Meteo reanalysis)
2026-07-05,23,2026-07-05T23:00,23:00-24:00,2026-07-06T00:00,0.0,0.0,25.0,74,25.4,3,100,0.0,0.0,25.0,74,23.3,3,100,0.0,0.0,25.1,74,20.6,3,100,0.0,0.0,25.03,74.0,23.1,3,100.0,dry,Overcast,"Open-Meteo historical weather archive (ERA5-based reanalysis, ~9 km grid)",measured (Open-Meteo reanalysis)
2026-07-06,0,2026-07-06T00:00,00:00-01:00,2026-07-06T01:00,0.0,0.0,24.6,76,23.7,3,100,0.0,0.0,24.6,77,22.0,3,100,0.0,0.0,24.7,77,19.2,3,100,0.0,0.0,24.63,76.67,21.63,3,100.0,dry,Overcast,"Open-Meteo historical weather archive (ERA5-based reanalysis, ~9 km grid)",measured (Open-Meteo reanalysis)
2026-07-06,1,2026-07-06T01:00,01:00-02:00,2026-07-06T02:00,0.0,0.0,24.3,78,23.5,3,100,0.0,0.0,24.3,78,21.4,3,100,0.0,0.0,24.4,78,18.8,3,100,0.0,0.0,24.33,78.0,21.23,3,100.0,dry,Overcast,"Open-Meteo historical weather archive (ERA5-based reanalysis, ~9 km grid)",measured (Open-Meteo reanalysis)
2026-07-06,2,2026-07-06T02:00,02:00-03:00,2026-07-06T03:00,0.1,0.1,23.7,84,22.7,51,100,0.1,0.1,24.0,82,20.4,51,100,0.0,0.0,24.1,81,17.6,3,100,0.07,0.07,23.93,82.33,20.23,51,100.0,dry,Light drizzle,"Open-Meteo historical weather archive (ERA5-based reanalysis, ~9 km grid)",measured (Open-Meteo reanalysis)
2026-07-06,3,2026-07-06T03:00,03:00-04:00,2026-07-06T04:00,0.3,0.3,23.4,89,22.4,51,100,0.2,0.2,23.7,86,20.7,51,100,0.2,0.2,24.0,83,18.8,51,100,0.23,0.23,23.7,86.0,20.63,51,100.0,light,Light drizzle,"Open-Meteo historical weather archive (ERA5-based reanalysis, ~9 km grid)",measured (Open-Meteo reanalysis)
2026-07-06,4,2026-07-06T04:00,04:00-05:00,2026-07-06T05:00,0.3,0.3,23.8,86,22.7,51,100,0.4,0.4,23.6,88,20.8,51,100,0.4,0.4,23.7,87,19.8,51,100,0.37,0.37,23.7,87.0,21.1,51,100.0,light,Light drizzle,"Open-Meteo historical weather archive (ERA5-based reanalysis, ~9 km grid)",measured (Open-Meteo reanalysis)
2026-07-06,5,2026-07-06T05:00,05:00-06:00,2026-07-06T06:00,0.0,0.0,23.9,84,22.2,3,100,0.0,0.0,23.7,86,20.0,3,100,0.0,0.0,23.9,85,18.8,3,100,0.0,0.0,23.83,85.0,20.33,3,100.0,dry,Overcast,"Open-Meteo historical weather archive (ERA5-based reanalysis, ~9 km grid)",measured (Open-Meteo reanalysis)
2026-07-06,6,2026-07-06T06:00,06:00-07:00,2026-07-06T07:00,0.0,0.0,24.5,82,15.9,3,100,0.0,0.0,24.4,83,16.5,3,100,0.0,0.0,24.4,83,14.7,3,100,0.0,0.0,24.43,82.67,15.7,3,100.0,dry,Overcast,"Open-Meteo historical weather archive (ERA5-based reanalysis, ~9 km grid)",measured (Open-Meteo reanalysis)
2026-07-06,7,2026-07-06T07:00,07:00-08:00,2026-07-06T08:00,0.0,0.0,25.0,80,17.7,3,100,0.0,0.0,24.7,83,17.1,3,100,0.0,0.0,24.6,83,15.7,3,100,0.0,0.0,24.77,82.0,16.83,3,100.0,dry,Overcast,"Open-Meteo historical weather archive (ERA5-based reanalysis, ~9 km grid)",measured (Open-Meteo reanalysis)
2026-07-06,8,2026-07-06T08:00,08:00-09:00,2026-07-06T09:00,0.3,0.3,25.2,82,18.7,51,100,0.2,0.2,25.2,82,16.6,51,100,0.1,0.1,25.2,82,15.4,51,100,0.2,0.2,25.2,82.0,16.9,51,100.0,light,Light drizzle,"Open-Meteo historical weather archive (ERA5-based reanalysis, ~9 km grid)",measured (Open-Meteo reanalysis)
2026-07-06,9,2026-07-06T09:00,09:00-10:00,2026-07-06T10:00,0.7,0.7,25.7,81,24.2,53,100,0.5,0.5,25.6,82,19.5,53,100,0.5,0.5,25.6,81,17.9,53,100,0.57,0.57,25.63,81.33,20.53,53,100.0,light,Drizzle,"Open-Meteo historical weather archive (ERA5-based reanalysis, ~9 km grid)",measured (Open-Meteo reanalysis)
2026-07-06,10,2026-07-06T10:00,10:00-11:00,2026-07-06T11:00,0.2,0.2,27.8,67,26.6,51,100,0.2,0.2,28.1,64,26.0,51,100,0.2,0.2,28.0,66,22.2,51,100,0.2,0.2,27.97,65.67,24.93,51,100.0,light,Light drizzle,"Open-Meteo historical weather archive (ERA5-based reanalysis, ~9 km grid)",measured (Open-Meteo reanalysis)
2026-07-06,11,2026-07-06T11:00,11:00-12:00,2026-07-06T12:00,0.0,0.0,28.6,64,27.5,3,100,0.0,0.0,28.8,62,26.1,3,99,0.0,0.0,28.9,61,23.1,3,99,0.0,0.0,28.77,62.33,25.57,3,99.33,dry,Overcast,"Open-Meteo historical weather archive (ERA5-based reanalysis, ~9 km grid)",measured (Open-Meteo reanalysis)
2026-07-06,12,2026-07-06T12:00,12:00-13:00,2026-07-06T13:00,0.0,0.0,29.7,59,27.9,3,100,0.0,0.0,29.5,59,24.9,3,99,0.0,0.0,29.5,59,21.6,3,96,0.0,0.0,29.57,59.0,24.8,3,98.33,dry,Overcast,"Open-Meteo historical weather archive (ERA5-based reanalysis, ~9 km grid)",measured (Open-Meteo reanalysis)
2026-07-06,13,2026-07-06T13:00,13:00-14:00,2026-07-06T14:00,0.0,0.0,30.7,54,29.3,3,100,0.0,0.0,30.5,55,25.5,3,98,0.0,0.0,30.5,55,23.2,3,96,0.0,0.0,30.57,54.67,26.0,3,98.0,dry,Overcast,"Open-Meteo historical weather archive (ERA5-based reanalysis, ~9 km grid)",measured (Open-Meteo reanalysis)
2026-07-06,14,2026-07-06T14:00,14:00-15:00,2026-07-06T15:00,0.1,0.1,30.8,53,28.9,51,100,0.2,0.2,31.0,53,27.4,51,100,0.1,0.1,31.1,53,22.9,51,100,0.13,0.13,30.97,53.0,26.4,51,100.0,light,Light drizzle,"Open-Meteo historical weather archive (ERA5-based reanalysis, ~9 km grid)",measured (Open-Meteo reanalysis)
2026-07-06,15,2026-07-06T15:00,15:00-16:00,2026-07-06T16:00,0.2,0.2,29.2,62,26.5,51,100,0.2,0.2,29.7,59,23.8,51,100,0.2,0.2,29.8,58,21.5,51,100,0.2,0.2,29.57,59.67,23.93,51,100.0,light,Light drizzle,"Open-Meteo historical weather archive (ERA5-based reanalysis, ~9 km grid)",measured (Open-Meteo reanalysis)
2026-07-06,16,2026-07-06T16:00,16:00-17:00,2026-07-06T17:00,0.0,0.0,28.2,65,26.3,3,99,0.0,0.0,28.4,65,22.7,3,100,0.1,0.1,28.6,65,18.9,51,100,0.03,0.03,28.4,65.0,22.63,51,99.67,dry,Light drizzle,"Open-Meteo historical weather archive (ERA5-based reanalysis, ~9 km grid)",measured (Open-Meteo reanalysis)
2026-07-06,17,2026-07-06T17:00,17:00-18:00,2026-07-06T18:00,0.0,0.0,27.9,68,23.0,3,98,0.0,0.0,27.7,69,20.0,3,98,0.0,0.0,27.8,69,17.4,3,99,0.0,0.0,27.8,68.67,20.13,3,98.33,dry,Overcast,"Open-Meteo historical weather archive (ERA5-based reanalysis, ~9 km grid)",measured (Open-Meteo reanalysis)
2026-07-06,18,2026-07-06T18:00,18:00-19:00,2026-07-06T19:00,0.0,0.0,27.6,64,24.2,3,100,0.0,0.0,27.5,66,21.4,3,100,0.0,0.0,27.6,66,19.1,3,100,0.0,0.0,27.57,65.33,21.57,3,100.0,dry,Overcast,"Open-Meteo historical weather archive (ERA5-based reanalysis, ~9 km grid)",measured (Open-Meteo reanalysis)
2026-07-06,19,2026-07-06T19:00,19:00-20:00,2026-07-06T20:00,0.0,0.0,27.5,63,27.0,3,100,0.0,0.0,27.3,65,22.9,3,100,0.0,0.0,27.4,66,19.4,3,100,0.0,0.0,27.4,64.67,23.1,3,100.0,dry,Overcast,"Open-Meteo historical weather archive (ERA5-based reanalysis, ~9 km grid)",measured (Open-Meteo reanalysis)
2026-07-06,20,2026-07-06T20:00,20:00-21:00,2026-07-06T21:00,0.0,0.0,27.0,66,24.4,3,100,0.0,0.0,27.0,66,21.5,3,100,0.0,0.0,27.0,67,18.6,3,100,0.0,0.0,27.0,66.33,21.5,3,100.0,dry,Overcast,"Open-Meteo historical weather archive (ERA5-based reanalysis, ~9 km grid)",measured (Open-Meteo reanalysis)
2026-07-06,21,2026-07-06T21:00,21:00-22:00,2026-07-06T22:00,0.0,0.0,26.7,68,25.3,3,100,0.0,0.0,26.6,68,22.6,3,100,0.0,0.0,26.7,69,19.2,3,99,0.0,0.0,26.67,68.33,22.37,3,99.67,dry,Overcast,"Open-Meteo historical weather archive (ERA5-based reanalysis, ~9 km grid)",measured (Open-Meteo reanalysis)
2026-07-06,22,2026-07-06T22:00,22:00-23:00,2026-07-06T23:00,0.0,0.0,25.6,73,28.6,3,99,0.0,0.0,25.5,74,25.2,3,100,0.0,0.0,25.6,73,22.4,3,92,0.0,0.0,25.57,73.33,25.4,3,97.0,dry,Overcast,"Open-Meteo historical weather archive (ERA5-based reanalysis, ~9 km grid)",measured (Open-Meteo reanalysis)
2026-07-06,23,2026-07-06T23:00,23:00-24:00,2026-07-07T00:00,0.0,0.0,25.0,76,27.1,3,98,0.0,0.0,25.0,76,24.1,3,98,0.0,0.0,25.1,76,20.5,3,95,0.0,0.0,25.03,76.0,23.9,3,97.0,dry,Overcast,"Open-Meteo historical weather archive (ERA5-based reanalysis, ~9 km grid)",measured (Open-Meteo reanalysis)
2026-07-07,0,2026-07-07T00:00,00:00-01:00,2026-07-07T01:00,0.0,0.0,24.7,79,25.5,3,100,0.1,0.1,24.5,81,23.7,51,100,0.1,0.1,24.6,80,19.7,51,99,0.07,0.07,24.6,80.0,22.97,51,99.67,dry,Light drizzle,"Open-Meteo historical weather archive (ERA5-based reanalysis, ~9 km grid)",measured (Open-Meteo reanalysis)
2026-07-07,1,2026-07-07T01:00,01:00-02:00,2026-07-07T02:00,0.0,0.0,24.8,78,24.1,3,100,0.0,0.0,24.7,80,22.1,3,100,0.0,0.0,24.7,80,18.3,3,100,0.0,0.0,24.73,79.33,21.5,3,100.0,dry,Overcast,"Open-Meteo historical weather archive (ERA5-based reanalysis, ~9 km grid)",measured (Open-Meteo reanalysis)
2026-07-07,2,2026-07-07T02:00,02:00-03:00,2026-07-07T03:00,0.0,0.0,24.8,78,26.0,3,100,0.0,0.0,24.8,78,24.3,3,100,0.0,0.0,24.9,78,19.7,3,100,0.0,0.0,24.83,78.0,23.33,3,100.0,dry,Overcast,"Open-Meteo historical weather archive (ERA5-based reanalysis, ~9 km grid)",measured (Open-Meteo reanalysis)
2026-07-07,3,2026-07-07T03:00,03:00-04:00,2026-07-07T04:00,0.0,0.0,24.7,80,25.0,3,100,0.0,0.0,24.7,80,22.5,3,100,0.0,0.0,24.8,79,18.7,3,100,0.0,0.0,24.73,79.67,22.07,3,100.0,dry,Overcast,"Open-Meteo historical weather archive (ERA5-based reanalysis, ~9 km grid)",measured (Open-Meteo reanalysis)
2026-07-07,4,2026-07-07T04:00,04:00-05:00,2026-07-07T05:00,0.0,0.0,24.8,79,25.9,3,100,0.0,0.0,24.5,81,23.2,3,99,0.0,0.0,24.6,81,20.6,3,97,0.0,0.0,24.63,80.33,23.23,3,98.67,dry,Overcast,"Open-Meteo historical weather archive (ERA5-based reanalysis, ~9 km grid)",measured (Open-Meteo reanalysis)
2026-07-07,5,2026-07-07T05:00,05:00-06:00,2026-07-07T06:00,0.0,0.0,24.9,79,25.3,3,100,0.0,0.0,24.8,80,23.2,3,100,0.0,0.0,24.9,79,19.7,3,100,0.0,0.0,24.87,79.33,22.73,3,100.0,dry,Overcast,"Open-Meteo historical weather archive (ERA5-based reanalysis, ~9 km grid)",measured (Open-Meteo reanalysis)
2026-07-07,6,2026-07-07T06:00,06:00-07:00,2026-07-07T07:00,0.2,0.2,24.7,82,24.5,51,80,0.1,0.1,24.9,80,22.6,51,98,0.1,0.1,25.0,79,19.1,51,99,0.13,0.13,24.87,80.33,22.07,51,92.33,light,Light drizzle,"Open-Meteo historical weather archive (ERA5-based reanalysis, ~9 km grid)",measured (Open-Meteo reanalysis)
2026-07-07,7,2026-07-07T07:00,07:00-08:00,2026-07-07T08:00,0.3,0.3,25.9,79,25.9,51,98,0.2,0.2,25.8,78,23.4,51,98,0.1,0.1,25.8,78,19.2,51,98,0.2,0.2,25.83,78.33,22.83,51,98.0,light,Light drizzle,"Open-Meteo historical weather archive (ERA5-based reanalysis, ~9 km grid)",measured (Open-Meteo reanalysis)
2026-07-07,8,2026-07-07T08:00,08:00-09:00,2026-07-07T09:00,0.2,0.2,26.5,76,30.1,51,98,0.1,0.1,26.7,74,26.7,51,99,0.1,0.1,27.1,72,24.0,51,97,0.13,0.13,26.77,74.0,26.93,51,98.0,light,Light drizzle,"Open-Meteo historical weather archive (ERA5-based reanalysis, ~9 km grid)",measured (Open-Meteo reanalysis)
2026-07-07,9,2026-07-07T09:00,09:00-10:00,2026-07-07T10:00,0.0,0.0,26.7,75,24.7,3,81,0.0,0.0,27.1,74,24.9,3,91,0.0,0.0,27.5,71,22.0,3,84,0.0,0.0,27.1,73.33,23.87,3,85.33,dry,Overcast,"Open-Meteo historical weather archive (ERA5-based reanalysis, ~9 km grid)",measured (Open-Meteo reanalysis)
2026-07-07,10,2026-07-07T10:00,10:00-11:00,2026-07-07T11:00,0.1,0.1,28.3,67,31.6,51,45,0.1,0.1,28.5,66,26.4,51,53,0.2,0.2,28.7,65,23.5,51,36,0.13,0.13,28.5,66.0,27.17,51,44.67,light,Light drizzle,"Open-Meteo historical weather archive (ERA5-based reanalysis, ~9 km grid)",measured (Open-Meteo reanalysis)
2026-07-07,11,2026-07-07T11:00,11:00-12:00,2026-07-07T12:00,0.1,0.1,29.4,62,30.0,51,38,0.1,0.1,29.8,59,27.2,51,41,0.1,0.1,29.9,58,24.3,51,39,0.1,0.1,29.7,59.67,27.17,51,39.33,light,Light drizzle,"Open-Meteo historical weather archive (ERA5-based reanalysis, ~9 km grid)",measured (Open-Meteo reanalysis)
2026-07-07,12,2026-07-07T12:00,12:00-13:00,2026-07-07T13:00,0.1,0.1,30.7,56,32.0,51,88,0.2,0.2,30.2,57,27.8,51,90,0.3,0.3,30.8,53,24.5,51,90,0.2,0.2,30.57,55.33,28.1,51,89.33,light,Light drizzle,"Open-Meteo historical weather archive (ERA5-based reanalysis, ~9 km grid)",measured (Open-Meteo reanalysis)
2026-07-07,13,2026-07-07T13:00,13:00-14:00,2026-07-07T14:00,0.3,0.3,30.9,56,30.9,51,95,0.5,0.5,30.9,56,26.7,53,92,0.6,0.6,30.8,58,22.4,53,92,0.47,0.47,30.87,56.67,26.67,53,93.0,light,Drizzle,"Open-Meteo historical weather archive (ERA5-based reanalysis, ~9 km grid)",measured (Open-Meteo reanalysis)
2026-07-07,14,2026-07-07T14:00,14:00-15:00,2026-07-07T15:00,0.1,0.1,31.6,52,30.4,51,92,0.1,0.1,31.7,51,27.3,51,88,0.1,0.1,31.6,51,23.0,51,86,0.1,0.1,31.63,51.33,26.9,51,88.67,light,Light drizzle,"Open-Meteo historical weather archive (ERA5-based reanalysis, ~9 km grid)",measured (Open-Meteo reanalysis)
2026-07-07,15,2026-07-07T15:00,15:00-16:00,2026-07-07T16:00,0.1,0.1,30.5,55,30.5,51,55,0.0,0.0,30.9,52,27.2,2,62,0.1,0.1,31.4,50,24.0,51,37,0.07,0.07,30.93,52.33,27.23,51,51.33,dry,Light drizzle,"Open-Meteo historical weather archive (ERA5-based reanalysis, ~9 km grid)",measured (Open-Meteo reanalysis)
2026-07-07,16,2026-07-07T16:00,16:00-17:00,2026-07-07T17:00,0.0,0.0,28.5,70,18.5,3,89,0.1,0.1,28.1,70,16.0,51,100,0.1,0.1,27.9,76,14.0,51,70,0.07,0.07,28.17,72.0,16.17,51,86.33,dry,Light drizzle,"Open-Meteo historical weather archive (ERA5-based reanalysis, ~9 km grid)",measured (Open-Meteo reanalysis)
2026-07-07,17,2026-07-07T17:00,17:00-18:00,2026-07-07T18:00,0.3,0.3,26.2,77,29.4,51,100,0.0,0.0,28.1,68,25.5,3,100,0.0,0.0,27.8,70,19.9,3,100,0.1,0.1,27.37,71.67,24.93,51,100.0,light,Light drizzle,"Open-Meteo historical weather archive (ERA5-based reanalysis, ~9 km grid)",measured (Open-Meteo reanalysis)
2026-07-07,18,2026-07-07T18:00,18:00-19:00,2026-07-07T19:00,0.3,0.3,25.4,83,21.0,51,100,0.2,0.2,25.7,80,20.3,51,100,0.3,0.3,26.4,76,18.3,51,100,0.27,0.27,25.83,79.67,19.87,51,100.0,light,Light drizzle,"Open-Meteo historical weather archive (ERA5-based reanalysis, ~9 km grid)",measured (Open-Meteo reanalysis)
2026-07-07,19,2026-07-07T19:00,19:00-20:00,2026-07-07T20:00,0.0,0.0,26.2,76,21.9,3,95,0.0,0.0,26.3,77,18.7,3,89,0.0,0.0,26.5,75,16.4,3,89,0.0,0.0,26.33,76.0,19.0,3,91.0,dry,Overcast,"Open-Meteo historical weather archive (ERA5-based reanalysis, ~9 km grid)",measured (Open-Meteo reanalysis)
2026-07-07,20,2026-07-07T20:00,20:00-21:00,2026-07-07T21:00,0.0,0.0,26.5,71,22.9,3,100,0.0,0.0,26.5,72,20.8,3,99,0.0,0.0,26.8,71,18.0,3,98,0.0,0.0,26.6,71.33,20.57,3,99.0,dry,Overcast,"Open-Meteo historical weather archive (ERA5-based reanalysis, ~9 km grid)",measured (Open-Meteo reanalysis)
2026-07-07,21,2026-07-07T21:00,21:00-22:00,2026-07-07T22:00,0.0,0.0,26.3,69,24.8,3,100,0.0,0.0,26.3,70,22.4,3,100,0.0,0.0,26.6,69,19.2,3,98,0.0,0.0,26.4,69.33,22.13,3,99.33,dry,Overcast,"Open-Meteo historical weather archive (ERA5-based reanalysis, ~9 km grid)",measured (Open-Meteo reanalysis)
2026-07-07,22,2026-07-07T22:00,22:00-23:00,2026-07-07T23:00,0.0,0.0,25.6,76,24.4,3,100,0.0,0.0,25.6,76,22.3,3,100,0.0,0.0,25.8,75,19.4,3,98,0.0,0.0,25.67,75.67,22.03,3,99.33,dry,Overcast,"Open-Meteo historical weather archive (ERA5-based reanalysis, ~9 km grid)",measured (Open-Meteo reanalysis)
2026-07-07,23,2026-07-07T23:00,23:00-24:00,2026-07-08T00:00,0.0,0.0,25.5,75,24.3,2,59,0.0,0.0,25.5,75,22.6,1,27,0.0,0.0,25.6,76,20.1,1,47,0.0,0.0,25.53,75.33,22.33,2,44.33,dry,Partly cloudy,"Open-Meteo historical weather archive (ERA5-based reanalysis, ~9 km grid)",measured (Open-Meteo reanalysis)
2026-07-08,0,2026-07-08T00:00,00:00-01:00,2026-07-08T01:00,0.0,0.0,25.0,78,23.1,3,89,0.0,0.0,25.0,79,21.7,3,98,0.0,0.0,25.1,78,19.6,3,99,0.0,0.0,25.03,78.33,21.47,3,95.33,dry,Overcast,"Open-Meteo historical weather archive (ERA5-based reanalysis, ~9 km grid)",measured (Open-Meteo reanalysis)
2026-07-08,1,2026-07-08T01:00,01:00-02:00,2026-07-08T02:00,0.0,0.0,24.8,79,22.1,3,98,0.0,0.0,24.8,80,21.0,3,94,0.0,0.0,24.9,79,18.7,3,92,0.0,0.0,24.83,79.33,20.6,3,94.67,dry,Overcast,"Open-Meteo historical weather archive (ERA5-based reanalysis, ~9 km grid)",measured (Open-Meteo reanalysis)
2026-07-08,2,2026-07-08T02:00,02:00-03:00,2026-07-08T03:00,0.0,0.0,24.6,79,21.7,2,70,0.0,0.0,24.6,80,20.4,3,81,0.0,0.0,24.7,80,18.2,2,77,0.0,0.0,24.63,79.67,20.1,3,76.0,dry,Overcast,"Open-Meteo historical weather archive (ERA5-based reanalysis, ~9 km grid)",measured (Open-Meteo reanalysis)
2026-07-08,3,2026-07-08T03:00,03:00-04:00,2026-07-08T04:00,0.0,0.0,24.3,80,21.5,3,91,0.0,0.0,24.4,81,20.6,2,77,0.0,0.0,24.6,80,18.4,3,80,0.0,0.0,24.43,80.33,20.17,3,82.67,dry,Overcast,"Open-Meteo historical weather archive (ERA5-based reanalysis, ~9 km grid)",measured (Open-Meteo reanalysis)
2026-07-08,4,2026-07-08T04:00,04:00-05:00,2026-07-08T05:00,0.0,0.0,24.3,81,22.0,3,100,0.0,0.0,24.3,82,20.9,3,100,0.0,0.0,24.4,81,18.7,3,100,0.0,0.0,24.33,81.33,20.53,3,100.0,dry,Overcast,"Open-Meteo historical weather archive (ERA5-based reanalysis, ~9 km grid)",measured (Open-Meteo reanalysis)
2026-07-08,5,2026-07-08T05:00,05:00-06:00,2026-07-08T06:00,0.0,0.0,24.7,81,20.4,3,100,0.0,0.0,24.7,80,22.4,3,100,0.0,0.0,24.8,80,19.8,3,100,0.0,0.0,24.73,80.33,20.87,3,100.0,dry,Overcast,"Open-Meteo historical weather archive (ERA5-based reanalysis, ~9 km grid)",measured (Open-Meteo reanalysis)
2026-07-08,6,2026-07-08T06:00,06:00-07:00,2026-07-08T07:00,0.0,0.0,25.1,80,18.6,3,100,0.0,0.0,25.0,80,19.0,3,100,0.0,0.0,25.3,79,17.5,3,100,0.0,0.0,25.13,79.67,18.37,3,100.0,dry,Overcast,"Open-Meteo historical weather archive (ERA5-based reanalysis, ~9 km grid)",measured (Open-Meteo reanalysis)
2026-07-08,7,2026-07-08T07:00,07:00-08:00,2026-07-08T08:00,0.0,0.0,26.2,76,27.0,3,98,0.0,0.0,25.9,77,22.0,3,99,0.0,0.0,25.9,76,19.3,3,100,0.0,0.0,26.0,76.33,22.77,3,99.0,dry,Overcast,"Open-Meteo historical weather archive (ERA5-based reanalysis, ~9 km grid)",measured (Open-Meteo reanalysis)
2026-07-08,8,2026-07-08T08:00,08:00-09:00,2026-07-08T09:00,0.0,0.0,27.7,68,32.5,3,99,0.0,0.0,27.8,68,27.7,3,100,0.0,0.0,27.8,68,24.4,3,100,0.0,0.0,27.77,68.0,28.2,3,99.67,dry,Overcast,"Open-Meteo historical weather archive (ERA5-based reanalysis, ~9 km grid)",measured (Open-Meteo reanalysis)
2026-07-08,9,2026-07-08T09:00,09:00-10:00,2026-07-08T10:00,0.0,0.0,29.8,61,32.4,3,100,0.0,0.0,29.5,60,29.1,3,100,0.0,0.0,29.4,60,24.6,3,100,0.0,0.0,29.57,60.33,28.7,3,100.0,dry,Overcast,"Open-Meteo historical weather archive (ERA5-based reanalysis, ~9 km grid)",measured (Open-Meteo reanalysis)
2026-07-08,10,2026-07-08T10:00,10:00-11:00,2026-07-08T11:00,0.0,0.0,29.2,62,33.0,3,98,0.0,0.0,29.2,61,29.4,3,93,0.0,0.0,29.3,60,25.7,3,89,0.0,0.0,29.23,61.0,29.37,3,93.33,dry,Overcast,"Open-Meteo historical weather archive (ERA5-based reanalysis, ~9 km grid)",measured (Open-Meteo reanalysis)
2026-07-08,11,2026-07-08T11:00,11:00-12:00,2026-07-08T12:00,0.0,0.0,30.5,57,32.6,3,98,0.0,0.0,30.2,57,29.3,3,99,0.1,0.1,30.5,55,25.6,51,100,0.03,0.03,30.4,56.33,29.17,51,99.0,dry,Light drizzle,"Open-Meteo historical weather archive (ERA5-based reanalysis, ~9 km grid)",measured (Open-Meteo reanalysis)
2026-07-08,12,2026-07-08T12:00,12:00-13:00,2026-07-08T13:00,0.0,0.0,31.3,55,29.5,3,100,0.0,0.0,31.0,55,26.5,3,99,0.1,0.1,30.9,54,23.1,51,99,0.03,0.03,31.07,54.67,26.37,51,99.33,dry,Light drizzle,"Open-Meteo historical weather archive (ERA5-based reanalysis, ~9 km grid)",measured (Open-Meteo reanalysis)
2026-07-08,13,2026-07-08T13:00,13:00-14:00,2026-07-08T14:00,0.0,0.0,32.1,50,27.5,3,99,0.0,0.0,32.2,50,24.8,3,99,0.0,0.0,32.4,49,21.5,3,99,0.0,0.0,32.23,49.67,24.6,3,99.0,dry,Overcast,"Open-Meteo historical weather archive (ERA5-based reanalysis, ~9 km grid)",measured (Open-Meteo reanalysis)
2026-07-08,14,2026-07-08T14:00,14:00-15:00,2026-07-08T15:00,0.1,0.1,30.6,58,24.5,51,99,0.0,0.0,31.3,53,23.4,3,96,0.0,0.0,32.0,49,20.8,3,99,0.03,0.03,31.3,53.33,22.9,51,98.0,dry,Light drizzle,"Open-Meteo historical weather archive (ERA5-based reanalysis, ~9 km grid)",measured (Open-Meteo reanalysis)
2026-07-08,15,2026-07-08T15:00,15:00-16:00,2026-07-08T16:00,0.0,0.0,31.0,56,20.6,3,97,0.3,0.3,31.3,54,18.8,51,99,0.2,0.2,31.4,53,16.6,51,98,0.17,0.17,31.23,54.33,18.67,51,98.0,light,Light drizzle,"Open-Meteo historical weather archive (ERA5-based reanalysis, ~9 km grid)",measured (Open-Meteo reanalysis)
2026-07-08,16,2026-07-08T16:00,16:00-17:00,2026-07-08T17:00,0.0,0.0,30.0,59,19.6,3,96,0.1,0.1,30.2,58,19.2,51,95,0.0,0.0,30.5,58,17.6,3,95,0.03,0.03,30.23,58.33,18.8,51,95.33,dry,Light drizzle,"Open-Meteo historical weather archive (ERA5-based reanalysis, ~9 km grid)",measured (Open-Meteo reanalysis)
2026-07-08,17,2026-07-08T17:00,17:00-18:00,2026-07-08T18:00,0.0,0.0,28.7,65,15.4,3,80,0.0,0.0,28.8,65,14.0,2,66,0.0,0.0,29.1,63,12.9,2,55,0.0,0.0,28.87,64.33,14.1,3,67.0,dry,Overcast,"Open-Meteo historical weather archive (ERA5-based reanalysis, ~9 km grid)",measured (Open-Meteo reanalysis)
2026-07-08,18,2026-07-08T18:00,18:00-19:00,2026-07-08T19:00,0.0,0.0,28.2,62,22.2,2,64,0.0,0.0,28.3,64,17.2,2,77,0.0,0.0,28.6,65,14.3,3,83,0.0,0.0,28.37,63.67,17.9,3,74.67,dry,Overcast,"Open-Meteo historical weather archive (ERA5-based reanalysis, ~9 km grid)",measured (Open-Meteo reanalysis)
2026-07-08,19,2026-07-08T19:00,19:00-20:00,2026-07-08T20:00,0.0,0.0,27.2,67,21.9,2,77,0.0,0.0,27.4,67,18.5,2,66,0.0,0.0,27.9,65,16.7,2,64,0.0,0.0,27.5,66.33,19.03,2,69.0,dry,Partly cloudy,"Open-Meteo historical weather archive (ERA5-based reanalysis, ~9 km grid)",measured (Open-Meteo reanalysis)
2026-07-08,20,2026-07-08T20:00,20:00-21:00,2026-07-08T21:00,0.0,0.0,26.4,72,23.1,3,96,0.0,0.0,26.8,71,17.4,3,85,0.0,0.0,27.2,69,14.7,3,97,0.0,0.0,26.8,70.67,18.4,3,92.67,dry,Overcast,"Open-Meteo historical weather archive (ERA5-based reanalysis, ~9 km grid)",measured (Open-Meteo reanalysis)
2026-07-08,21,2026-07-08T21:00,21:00-22:00,2026-07-08T22:00,0.3,0.3,24.3,87,22.9,51,100,0.1,0.1,25.4,78,20.9,51,100,0.0,0.0,26.2,73,18.9,3,100,0.13,0.13,25.3,79.33,20.9,51,100.0,light,Light drizzle,"Open-Meteo historical weather archive (ERA5-based reanalysis, ~9 km grid)",measured (Open-Meteo reanalysis)
2026-07-08,22,2026-07-08T22:00,22:00-23:00,2026-07-08T23:00,1.4,1.4,24.5,86,19.8,61,61,0.8,0.8,24.6,85,18.5,53,49,0.4,0.4,24.9,83,17.8,51,30,0.87,0.87,24.67,84.67,18.7,61,46.67,light,Light rain,"Open-Meteo historical weather archive (ERA5-based reanalysis, ~9 km grid)",measured (Open-Meteo reanalysis)
2026-07-08,23,2026-07-08T23:00,23:00-24:00,2026-07-09T00:00,0.0,0.0,24.0,86,21.0,1,47,0.0,0.0,24.2,85,18.6,1,25,0.0,0.0,24.5,84,16.5,1,27,0.0,0.0,24.23,85.0,18.7,1,33.0,dry,Mainly clear,"Open-Meteo historical weather archive (ERA5-based reanalysis, ~9 km grid)",measured (Open-Meteo reanalysis)
2026-07-09,0,2026-07-09T00:00,00:00-01:00,2026-07-09T01:00,0.0,0.0,23.9,84,19.3,3,82,0.0,0.0,24.0,84,17.1,2,70,0.0,0.0,24.2,83,15.5,3,80,0.0,0.0,24.03,83.67,17.3,3,77.33,dry,Overcast,"Open-Meteo historical weather archive (ERA5-based reanalysis, ~9 km grid)",measured (Open-Meteo reanalysis)
2026-07-09,1,2026-07-09T01:00,01:00-02:00,2026-07-09T02:00,0.0,0.0,24.2,83,18.1,3,100,0.0,0.0,24.1,83,15.2,3,100,0.0,0.0,24.3,82,13.4,3,100,0.0,0.0,24.2,82.67,15.57,3,100.0,dry,Overcast,"Open-Meteo historical weather archive (ERA5-based reanalysis, ~9 km grid)",measured (Open-Meteo reanalysis)
2026-07-09,2,2026-07-09T02:00,02:00-03:00,2026-07-09T03:00,0.0,0.0,24.4,84,13.5,3,100,0.0,0.0,24.4,84,13.3,3,100,0.0,0.0,24.6,83,11.9,3,100,0.0,0.0,24.47,83.67,12.9,3,100.0,dry,Overcast,"Open-Meteo historical weather archive (ERA5-based reanalysis, ~9 km grid)",measured (Open-Meteo reanalysis)
2026-07-09,3,2026-07-09T03:00,03:00-04:00,2026-07-09T04:00,0.0,0.0,24.3,86,14.6,3,100,0.0,0.0,24.4,86,13.0,3,100,0.0,0.0,24.6,85,12.4,3,100,0.0,0.0,24.43,85.67,13.33,3,100.0,dry,Overcast,"Open-Meteo historical weather archive (ERA5-based reanalysis, ~9 km grid)",measured (Open-Meteo reanalysis)
2026-07-09,4,2026-07-09T04:00,04:00-05:00,2026-07-09T05:00,0.0,0.0,23.9,85,15.8,3,100,0.0,0.0,23.9,85,14.5,3,100,0.0,0.0,24.1,84,12.4,3,100,0.0,0.0,23.97,84.67,14.23,3,100.0,dry,Overcast,"Open-Meteo historical weather archive (ERA5-based reanalysis, ~9 km grid)",measured (Open-Meteo reanalysis)
2026-07-09,5,2026-07-09T05:00,05:00-06:00,2026-07-09T06:00,0.2,0.2,23.9,88,15.9,51,100,0.1,0.1,24.0,86,14.5,51,100,0.0,0.0,24.2,85,13.0,3,100,0.1,0.1,24.03,86.33,14.47,51,100.0,light,Light drizzle,"Open-Meteo historical weather archive (ERA5-based reanalysis, ~9 km grid)",measured (Open-Meteo reanalysis)
2026-07-09,6,2026-07-09T06:00,06:00-07:00,2026-07-09T07:00,0.3,0.3,23.8,92,19.1,51,100,0.4,0.4,24.0,90,16.1,51,100,0.2,0.2,24.3,87,14.0,51,100,0.3,0.3,24.03,89.67,16.4,51,100.0,light,Light drizzle,"Open-Meteo historical weather archive (ERA5-based reanalysis, ~9 km grid)",measured (Open-Meteo reanalysis)
2026-07-09,7,2026-07-09T07:00,07:00-08:00,2026-07-09T08:00,0.1,0.1,24.3,89,15.6,51,95,0.1,0.1,24.5,89,14.2,51,100,0.1,0.1,24.7,86,13.1,51,100,0.1,0.1,24.5,88.0,14.3,51,98.33,light,Light drizzle,"Open-Meteo historical weather archive (ERA5-based reanalysis, ~9 km grid)",measured (Open-Meteo reanalysis)
2026-07-09,8,2026-07-09T08:00,08:00-09:00,2026-07-09T09:00,0.0,0.0,26.5,78,18.5,2,66,0.0,0.0,26.3,79,16.8,2,62,0.0,0.0,26.1,80,14.0,2,70,0.0,0.0,26.3,79.0,16.43,2,66.0,dry,Partly cloudy,"Open-Meteo historical weather archive (ERA5-based reanalysis, ~9 km grid)",measured (Open-Meteo reanalysis)
2026-07-09,9,2026-07-09T09:00,09:00-10:00,2026-07-09T10:00,0.0,0.0,27.9,69,21.9,3,88,0.1,0.1,28.0,69,20.2,51,77,0.1,0.1,28.0,68,17.4,51,57,0.07,0.07,27.97,68.67,19.83,51,74.0,dry,Light drizzle,"Open-Meteo historical weather archive (ERA5-based reanalysis, ~9 km grid)",measured (Open-Meteo reanalysis)
2026-07-09,10,2026-07-09T10:00,10:00-11:00,2026-07-09T11:00,0.0,0.0,29.1,63,24.2,3,93,0.0,0.0,29.1,62,21.8,2,68,0.0,0.0,29.4,62,19.1,2,57,0.0,0.0,29.2,62.33,21.7,3,72.67,dry,Overcast,"Open-Meteo historical weather archive (ERA5-based reanalysis, ~9 km grid)",measured (Open-Meteo reanalysis)
2026-07-09,11,2026-07-09T11:00,11:00-12:00,2026-07-09T12:00,0.1,0.1,29.8,59,24.9,51,91,0.0,0.0,30.1,57,22.2,3,100,0.0,0.0,30.3,56,19.1,3,88,0.03,0.03,30.07,57.33,22.07,51,93.0,dry,Light drizzle,"Open-Meteo historical weather archive (ERA5-based reanalysis, ~9 km grid)",measured (Open-Meteo reanalysis)
2026-07-09,12,2026-07-09T12:00,12:00-13:00,2026-07-09T13:00,0.1,0.1,30.3,59,23.8,51,92,0.1,0.1,29.9,59,22.0,51,95,0.0,0.0,30.4,55,19.3,3,95,0.07,0.07,30.2,57.67,21.7,51,94.0,dry,Light drizzle,"Open-Meteo historical weather archive (ERA5-based reanalysis, ~9 km grid)",measured (Open-Meteo reanalysis)
2026-07-09,13,2026-07-09T13:00,13:00-14:00,2026-07-09T14:00,0.1,0.1,31.0,56,22.2,51,96,0.1,0.1,30.7,57,19.5,51,98,0.1,0.1,30.9,55,16.6,51,99,0.1,0.1,30.87,56.0,19.43,51,97.67,light,Light drizzle,"Open-Meteo historical weather archive (ERA5-based reanalysis, ~9 km grid)",measured (Open-Meteo reanalysis)
2026-07-09,14,2026-07-09T14:00,14:00-15:00,2026-07-09T15:00,0.0,0.0,31.3,56,21.0,3,90,0.0,0.0,31.2,55,18.8,3,88,0.0,0.0,31.6,54,16.3,3,97,0.0,0.0,31.37,55.0,18.7,3,91.67,dry,Overcast,"Open-Meteo historical weather archive (ERA5-based reanalysis, ~9 km grid)",measured (Open-Meteo reanalysis)
2026-07-09,15,2026-07-09T15:00,15:00-16:00,2026-07-09T16:00,0.0,0.0,31.1,55,19.7,3,92,0.0,0.0,31.0,55,17.8,3,88,0.0,0.0,31.4,53,16.0,3,91,0.0,0.0,31.17,54.33,17.83,3,90.33,dry,Overcast,"Open-Meteo historical weather archive (ERA5-based reanalysis, ~9 km grid)",measured (Open-Meteo reanalysis)
2026-07-09,16,2026-07-09T16:00,16:00-17:00,2026-07-09T17:00,0.0,0.0,29.5,65,13.9,3,88,0.0,0.0,29.8,62,13.7,3,93,0.1,0.1,30.3,58,12.1,51,94,0.03,0.03,29.87,61.67,13.23,51,91.67,dry,Light drizzle,"Open-Meteo historical weather archive (ERA5-based reanalysis, ~9 km grid)",measured (Open-Meteo reanalysis)
2026-07-09,17,2026-07-09T17:00,17:00-18:00,2026-07-09T18:00,0.0,0.0,28.4,65,13.3,3,98,0.0,0.0,28.7,65,12.8,3,99,0.0,0.0,29.6,60,11.7,3,99,0.0,0.0,28.9,63.33,12.6,3,98.67,dry,Overcast,"Open-Meteo historical weather archive (ERA5-based reanalysis, ~9 km grid)",measured (Open-Meteo reanalysis)
2026-07-09,18,2026-07-09T18:00,18:00-19:00,2026-07-09T19:00,0.0,0.0,27.4,70,10.0,3,95,0.0,0.0,27.6,70,9.8,3,98,0.0,0.0,28.4,66,9.6,3,98,0.0,0.0,27.8,68.67,9.8,3,97.0,dry,Overcast,"Open-Meteo historical weather archive (ERA5-based reanalysis, ~9 km grid)",measured (Open-Meteo reanalysis)
2026-07-09,19,2026-07-09T19:00,19:00-20:00,2026-07-09T20:00,0.0,0.0,26.7,75,9.9,3,98,0.0,0.0,26.9,75,9.4,3,98,0.0,0.0,27.7,71,8.7,3,98,0.0,0.0,27.1,73.67,9.33,3,98.0,dry,Overcast,"Open-Meteo historical weather archive (ERA5-based reanalysis, ~9 km grid)",measured (Open-Meteo reanalysis)
2026-07-09,20,2026-07-09T20:00,20:00-21:00,2026-07-09T21:00,0.0,0.0,26.2,77,8.7,3,86,0.0,0.0,26.4,77,7.8,2,66,0.0,0.0,27.1,73,8.1,3,92,0.0,0.0,26.57,75.67,8.2,3,81.33,dry,Overcast,"Open-Meteo historical weather archive (ERA5-based reanalysis, ~9 km grid)",measured (Open-Meteo reanalysis)
2026-07-09,21,2026-07-09T21:00,21:00-22:00,2026-07-09T22:00,0.0,0.0,25.7,78,10.3,2,74,0.0,0.0,25.8,77,9.4,3,80,0.0,0.0,26.6,73,8.6,2,63,0.0,0.0,26.03,76.0,9.43,3,72.33,dry,Overcast,"Open-Meteo historical weather archive (ERA5-based reanalysis, ~9 km grid)",measured (Open-Meteo reanalysis)
2026-07-09,22,2026-07-09T22:00,22:00-23:00,2026-07-09T23:00,0.0,0.0,26.9,71,15.5,3,89,0.0,0.0,26.7,72,12.4,3,83,0.0,0.0,27.2,70,11.2,2,77,0.0,0.0,26.93,71.0,13.03,3,83.0,dry,Overcast,"Open-Meteo historical weather archive (ERA5-based reanalysis, ~9 km grid)",measured (Open-Meteo reanalysis)
2026-07-09,23,2026-07-09T23:00,23:00-24:00,2026-07-10T00:00,0.0,0.0,26.7,69,17.5,3,96,0.0,0.0,26.4,73,14.3,3,98,0.0,0.0,26.9,70,13.4,3,98,0.0,0.0,26.67,70.67,15.07,3,97.33,dry,Overcast,"Open-Meteo historical weather archive (ERA5-based reanalysis, ~9 km grid)",measured (Open-Meteo reanalysis)
2026-07-10,0,2026-07-10T00:00,00:00-01:00,2026-07-10T01:00,0.0,0.0,26.1,71,16.0,3,100,0.0,0.0,25.9,75,13.4,3,100,0.0,0.0,26.5,72,12.3,3,100,0.0,0.0,26.17,72.67,13.9,3,100.0,dry,Overcast,"Open-Meteo historical weather archive (ERA5-based reanalysis, ~9 km grid)",measured (Open-Meteo reanalysis)
2026-07-10,1,2026-07-10T01:00,01:00-02:00,2026-07-10T02:00,0.0,0.0,25.6,75,18.9,3,99,0.0,0.0,25.7,75,16.0,3,98,0.0,0.0,26.2,73,13.9,3,99,0.0,0.0,25.83,74.33,16.27,3,98.67,dry,Overcast,"Open-Meteo historical weather archive (ERA5-based reanalysis, ~9 km grid)",measured (Open-Meteo reanalysis)
2026-07-10,2,2026-07-10T02:00,02:00-03:00,2026-07-10T03:00,0.0,0.0,25.1,77,18.4,2,59,0.0,0.0,25.3,77,16.2,3,95,0.0,0.0,25.8,75,14.6,3,95,0.0,0.0,25.4,76.33,16.4,3,83.0,dry,Overcast,"Open-Meteo historical weather archive (ERA5-based reanalysis, ~9 km grid)",measured (Open-Meteo reanalysis)
2026-07-10,3,2026-07-10T03:00,03:00-04:00,2026-07-10T04:00,0.0,0.0,24.5,80,18.0,3,81,0.0,0.0,24.7,79,16.2,3,97,0.0,0.0,25.2,77,14.8,3,98,0.0,0.0,24.8,78.67,16.33,3,92.0,dry,Overcast,"Open-Meteo historical weather archive (ERA5-based reanalysis, ~9 km grid)",measured (Open-Meteo reanalysis)
2026-07-10,4,2026-07-10T04:00,04:00-05:00,2026-07-10T05:00,0.0,0.0,24.0,81,17.9,3,91,0.0,0.0,24.1,81,15.9,3,84,0.0,0.0,24.6,79,14.6,3,98,0.0,0.0,24.23,80.33,16.13,3,91.0,dry,Overcast,"Open-Meteo historical weather archive (ERA5-based reanalysis, ~9 km grid)",measured (Open-Meteo reanalysis)
2026-07-10,5,2026-07-10T05:00,05:00-06:00,2026-07-10T06:00,0.0,0.0,24.0,82,17.4,3,98,0.0,0.0,24.1,81,15.2,3,99,0.0,0.0,24.5,79,13.4,3,100,0.0,0.0,24.2,80.67,15.33,3,99.0,dry,Overcast,"Open-Meteo historical weather archive (ERA5-based reanalysis, ~9 km grid)",measured (Open-Meteo reanalysis)
2026-07-10,6,2026-07-10T06:00,06:00-07:00,2026-07-10T07:00,0.0,0.0,24.8,78,20.0,3,90,0.0,0.0,24.9,78,17.9,3,94,0.0,0.0,25.2,75,15.9,3,95,0.0,0.0,24.97,77.0,17.93,3,93.0,dry,Overcast,"Open-Meteo historical weather archive (ERA5-based reanalysis, ~9 km grid)",measured (Open-Meteo reanalysis)
2026-07-10,7,2026-07-10T07:00,07:00-08:00,2026-07-10T08:00,0.0,0.0,26.1,71,22.8,3,95,0.0,0.0,26.2,70,20.7,3,86,0.0,0.0,26.6,68,18.1,3,90,0.0,0.0,26.3,69.67,20.53,3,90.33,dry,Overcast,"Open-Meteo historical weather archive (ERA5-based reanalysis, ~9 km grid)",measured (Open-Meteo reanalysis)
2026-07-10,8,2026-07-10T08:00,08:00-09:00,2026-07-10T09:00,0.0,0.0,27.7,63,22.5,3,88,0.0,0.0,27.9,61,20.0,3,87,0.0,0.0,28.3,59,17.4,3,88,0.0,0.0,27.97,61.0,19.97,3,87.67,dry,Overcast,"Open-Meteo historical weather archive (ERA5-based reanalysis, ~9 km grid)",measured (Open-Meteo reanalysis)
2026-07-10,9,2026-07-10T09:00,09:00-10:00,2026-07-10T10:00,0.0,0.0,29.3,56,20.6,3,95,0.0,0.0,29.5,54,18.4,3,93,0.0,0.0,30.1,50,15.9,3,95,0.0,0.0,29.63,53.33,18.3,3,94.33,dry,Overcast,"Open-Meteo historical weather archive (ERA5-based reanalysis, ~9 km grid)",measured (Open-Meteo reanalysis)
2026-07-10,10,2026-07-10T10:00,10:00-11:00,2026-07-10T11:00,0.0,0.0,29.6,56,17.4,3,100,0.0,0.0,29.5,55,14.8,3,100,0.0,0.0,29.9,52,13.3,3,100,0.0,0.0,29.67,54.33,15.17,3,100.0,dry,Overcast,"Open-Meteo historical weather archive (ERA5-based reanalysis, ~9 km grid)",measured (Open-Meteo reanalysis)
2026-07-10,11,2026-07-10T11:00,11:00-12:00,2026-07-10T12:00,0.0,0.0,29.9,54,19.4,3,98,0.0,0.0,30.4,51,18.5,3,97,0.0,0.0,31.5,46,16.7,3,97,0.0,0.0,30.6,50.33,18.2,3,97.33,dry,Overcast,"Open-Meteo historical weather archive (ERA5-based reanalysis, ~9 km grid)",measured (Open-Meteo reanalysis)
2026-07-10,12,2026-07-10T12:00,12:00-13:00,2026-07-10T13:00,0.0,0.0,31.1,50,19.7,3,91,0.0,0.0,31.3,49,18.2,3,98,0.0,0.0,32.1,44,16.7,3,100,0.0,0.0,31.5,47.67,18.2,3,96.33,dry,Overcast,"Open-Meteo historical weather archive (ERA5-based reanalysis, ~9 km grid)",measured (Open-Meteo reanalysis)
2026-07-10,13,2026-07-10T13:00,13:00-14:00,2026-07-10T14:00,0.0,0.0,31.0,50,19.4,3,99,0.0,0.0,31.2,48,18.2,3,99,0.0,0.0,31.9,44,16.2,3,99,0.0,0.0,31.37,47.33,17.93,3,99.0,dry,Overcast,"Open-Meteo historical weather archive (ERA5-based reanalysis, ~9 km grid)",measured (Open-Meteo reanalysis)
2026-07-10,14,2026-07-10T14:00,14:00-15:00,2026-07-10T15:00,0.0,0.0,31.1,50,18.4,3,99,0.0,0.0,31.3,48,16.2,3,97,0.0,0.0,32.3,43,15.1,3,97,0.0,0.0,31.57,47.0,16.57,3,97.67,dry,Overcast,"Open-Meteo historical weather archive (ERA5-based reanalysis, ~9 km grid)",measured (Open-Meteo reanalysis)
2026-07-10,15,2026-07-10T15:00,15:00-16:00,2026-07-10T16:00,0.0,0.0,31.0,50,18.6,3,100,0.0,0.0,31.4,48,17.1,3,99,0.0,0.0,32.3,43,15.9,3,100,0.0,0.0,31.57,47.0,17.2,3,99.67,dry,Overcast,"Open-Meteo historical weather archive (ERA5-based reanalysis, ~9 km grid)",measured (Open-Meteo reanalysis)
2026-07-10,16,2026-07-10T16:00,16:00-17:00,2026-07-10T17:00,0.0,0.0,30.9,55,11.4,3,98,0.0,0.0,31.5,49,13.1,3,98,0.0,0.0,32.7,42,13.5,3,99,0.0,0.0,31.7,48.67,12.67,3,98.33,dry,Overcast,"Open-Meteo historical weather archive (ERA5-based reanalysis, ~9 km grid)",measured (Open-Meteo reanalysis)
2026-07-10,17,2026-07-10T17:00,17:00-18:00,2026-07-10T18:00,0.0,0.0,29.4,63,6.5,3,99,0.0,0.0,30.1,58,8.4,3,99,0.0,0.0,31.8,47,10.5,3,98,0.0,0.0,30.43,56.0,8.47,3,98.67,dry,Overcast,"Open-Meteo historical weather archive (ERA5-based reanalysis, ~9 km grid)",measured (Open-Meteo reanalysis)
2026-07-10,18,2026-07-10T18:00,18:00-19:00,2026-07-10T19:00,0.0,0.0,28.0,68,6.2,3,98,0.0,0.0,28.7,65,5.9,3,99,0.0,0.0,30.8,52,6.7,3,100,0.0,0.0,29.17,61.67,6.27,3,99.0,dry,Overcast,"Open-Meteo historical weather archive (ERA5-based reanalysis, ~9 km grid)",measured (Open-Meteo reanalysis)
2026-07-10,19,2026-07-10T19:00,19:00-20:00,2026-07-10T20:00,0.0,0.0,27.2,71,6.7,3,98,0.0,0.0,28.0,68,7.2,3,98,0.0,0.0,29.9,57,7.2,3,99,0.0,0.0,28.37,65.33,7.03,3,98.33,dry,Overcast,"Open-Meteo historical weather archive (ERA5-based reanalysis, ~9 km grid)",measured (Open-Meteo reanalysis)
2026-07-10,20,2026-07-10T20:00,20:00-21:00,2026-07-10T21:00,0.0,0.0,26.6,73,6.1,3,99,0.0,0.0,27.3,71,5.9,3,99,0.0,0.0,29.1,62,6.7,3,99,0.0,0.0,27.67,68.67,6.23,3,99.0,dry,Overcast,"Open-Meteo historical weather archive (ERA5-based reanalysis, ~9 km grid)",measured (Open-Meteo reanalysis)
2026-07-10,21,2026-07-10T21:00,21:00-22:00,2026-07-10T22:00,0.0,0.0,26.5,71,9.4,3,98,0.0,0.0,27.0,70,7.7,3,98,0.0,0.0,28.5,64,7.6,3,97,0.0,0.0,27.33,68.33,8.23,3,97.67,dry,Overcast,"Open-Meteo historical weather archive (ERA5-based reanalysis, ~9 km grid)",measured (Open-Meteo reanalysis)
2026-07-10,22,2026-07-10T22:00,22:00-23:00,2026-07-10T23:00,0.0,0.0,27.0,66,12.6,2,70,0.0,0.0,27.4,65,10.9,2,62,0.0,0.0,28.6,62,9.3,2,68,0.0,0.0,27.67,64.33,10.93,2,66.67,dry,Partly cloudy,"Open-Meteo historical weather archive (ERA5-based reanalysis, ~9 km grid)",measured (Open-Meteo reanalysis)
2026-07-10,23,2026-07-10T23:00,23:00-24:00,2026-07-11T00:00,0.0,0.0,27.4,65,17.3,3,96,0.0,0.0,27.5,65,14.0,3,91,0.0,0.0,28.3,61,12.3,3,95,0.0,0.0,27.73,63.67,14.53,3,94.0,dry,Overcast,"Open-Meteo historical weather archive (ERA5-based reanalysis, ~9 km grid)",measured (Open-Meteo reanalysis)
2026-07-11,0,2026-07-11T00:00,00:00-01:00,2026-07-11T01:00,0.0,0.0,26.9,68,17.6,2,60,0.0,0.0,27.2,67,16.2,2,59,0.0,0.0,28.1,63,14.4,2,63,0.0,0.0,27.4,66.0,16.07,2,60.67,dry,Partly cloudy,"Open-Meteo historical weather archive (ERA5-based reanalysis, ~9 km grid)",measured (Open-Meteo reanalysis)
2026-07-11,1,2026-07-11T01:00,01:00-02:00,2026-07-11T02:00,0.0,0.0,26.1,71,17.1,2,70,0.0,0.0,26.5,70,15.8,3,91,0.0,0.0,27.4,66,14.6,3,91,0.0,0.0,26.67,69.0,15.83,3,84.0,dry,Overcast,"Open-Meteo historical weather archive (ERA5-based reanalysis, ~9 km grid)",measured (Open-Meteo reanalysis)
2026-07-11,2,2026-07-11T02:00,02:00-03:00,2026-07-11T03:00,0.0,0.0,25.4,75,16.9,1,38,0.0,0.0,25.8,73,15.8,1,44,0.0,0.0,26.7,69,14.0,2,70,0.0,0.0,25.97,72.33,15.57,2,50.67,dry,Partly cloudy,"Open-Meteo historical weather archive (ERA5-based reanalysis, ~9 km grid)",measured (Open-Meteo reanalysis)
2026-07-11,3,2026-07-11T03:00,03:00-04:00,2026-07-11T04:00,0.0,0.0,24.9,76,17.1,3,100,0.0,0.0,25.1,76,15.4,3,100,0.0,0.0,25.9,72,13.7,3,100,0.0,0.0,25.3,74.67,15.4,3,100.0,dry,Overcast,"Open-Meteo historical weather archive (ERA5-based reanalysis, ~9 km grid)",measured (Open-Meteo reanalysis)
2026-07-11,4,2026-07-11T04:00,04:00-05:00,2026-07-11T05:00,0.0,0.0,24.6,79,18.3,3,99,0.0,0.0,24.7,79,15.5,3,98,0.0,0.0,25.4,76,14.1,3,98,0.0,0.0,24.9,78.0,15.97,3,98.33,dry,Overcast,"Open-Meteo historical weather archive (ERA5-based reanalysis, ~9 km grid)",measured (Open-Meteo reanalysis)
2026-07-11,5,2026-07-11T05:00,05:00-06:00,2026-07-11T06:00,0.0,0.0,24.4,80,17.6,2,73,0.0,0.0,24.6,79,15.4,2,69,0.0,0.0,25.2,76,14.4,3,80,0.0,0.0,24.73,78.33,15.8,3,74.0,dry,Overcast,"Open-Meteo historical weather archive (ERA5-based reanalysis, ~9 km grid)",measured (Open-Meteo reanalysis)
2026-07-11,6,2026-07-11T06:00,06:00-07:00,2026-07-11T07:00,0.0,0.0,25.2,77,20.0,3,98,0.0,0.0,25.3,76,18.1,3,96,0.0,0.0,25.8,73,16.1,3,98,0.0,0.0,25.43,75.33,18.07,3,97.33,dry,Overcast,"Open-Meteo historical weather archive (ERA5-based reanalysis, ~9 km grid)",measured (Open-Meteo reanalysis)
2026-07-11,7,2026-07-11T07:00,07:00-08:00,2026-07-11T08:00,0.0,0.0,26.2,72,21.6,3,95,0.0,0.0,26.6,70,19.5,3,95,0.0,0.0,27.1,66,17.3,3,90,0.0,0.0,26.63,69.33,19.47,3,93.33,dry,Overcast,"Open-Meteo historical weather archive (ERA5-based reanalysis, ~9 km grid)",measured (Open-Meteo reanalysis)
2026-07-11,8,2026-07-11T08:00,08:00-09:00,2026-07-11T09:00,0.0,0.0,27.6,64,22.0,3,94,0.0,0.0,27.9,63,19.8,3,81,0.0,0.0,28.5,59,17.1,3,84,0.0,0.0,28.0,62.0,19.63,3,86.33,dry,Overcast,"Open-Meteo historical weather archive (ERA5-based reanalysis, ~9 km grid)",measured (Open-Meteo reanalysis)
2026-07-11,9,2026-07-11T09:00,09:00-10:00,2026-07-11T10:00,0.0,0.0,28.9,60,20.7,2,79,0.0,0.0,29.4,56,18.8,3,81,0.0,0.0,30.0,52,16.4,3,81,0.0,0.0,29.43,56.0,18.63,3,80.33,dry,Overcast,"Open-Meteo historical weather archive (ERA5-based reanalysis, ~9 km grid)",measured (Open-Meteo reanalysis)
2026-07-11,10,2026-07-11T10:00,10:00-11:00,2026-07-11T11:00,0.0,0.0,29.9,57,19.1,3,95,0.0,0.0,30.5,54,17.3,3,95,0.0,0.0,31.4,49,14.9,3,98,0.0,0.0,30.6,53.33,17.1,3,96.0,dry,Overcast,"Open-Meteo historical weather archive (ERA5-based reanalysis, ~9 km grid)",measured (Open-Meteo reanalysis)
2026-07-11,11,2026-07-11T11:00,11:00-12:00,2026-07-11T12:00,0.0,0.0,30.5,55,19.7,3,99,0.0,0.0,31.3,50,18.2,3,99,0.0,0.0,32.1,46,15.5,3,99,0.0,0.0,31.3,50.33,17.8,3,99.0,dry,Overcast,"Open-Meteo historical weather archive (ERA5-based reanalysis, ~9 km grid)",measured (Open-Meteo reanalysis)
2026-07-11,12,2026-07-11T12:00,12:00-13:00,2026-07-11T13:00,0.0,0.0,30.9,54,20.8,3,89,0.0,0.0,31.5,49,19.4,3,97,0.0,0.0,32.4,45,16.9,3,98,0.0,0.0,31.6,49.33,19.03,3,94.67,dry,Overcast,"Open-Meteo historical weather archive (ERA5-based reanalysis, ~9 km grid)",measured (Open-Meteo reanalysis)
2026-07-11,13,2026-07-11T13:00,13:00-14:00,2026-07-11T14:00,0.0,0.0,31.4,50,21.5,2,62,0.0,0.0,31.8,47,20.1,3,98,0.0,0.0,32.6,44,17.8,3,95,0.0,0.0,31.93,47.0,19.8,3,85.0,dry,Overcast,"Open-Meteo historical weather archive (ERA5-based reanalysis, ~9 km grid)",measured (Open-Meteo reanalysis)
2026-07-11,14,2026-07-11T14:00,14:00-15:00,2026-07-11T15:00,0.0,0.0,31.7,49,22.3,3,84,0.0,0.0,32.2,45,20.5,3,88,0.0,0.0,32.9,42,18.6,3,91,0.0,0.0,32.27,45.33,20.47,3,87.67,dry,Overcast,"Open-Meteo historical weather archive (ERA5-based reanalysis, ~9 km grid)",measured (Open-Meteo reanalysis)
2026-07-11,15,2026-07-11T15:00,15:00-16:00,2026-07-11T16:00,0.0,0.0,31.3,49,22.0,3,98,0.0,0.0,31.8,45,20.4,3,95,0.0,0.0,32.7,41,19.2,3,95,0.0,0.0,31.93,45.0,20.53,3,96.0,dry,Overcast,"Open-Meteo historical weather archive (ERA5-based reanalysis, ~9 km grid)",measured (Open-Meteo reanalysis)
2026-07-11,16,2026-07-11T16:00,16:00-17:00,2026-07-11T17:00,0.0,0.0,31.1,52,16.2,3,90,0.0,0.0,31.7,46,16.2,3,95,0.0,0.0,33.3,39,15.5,3,97,0.0,0.0,32.03,45.67,15.97,3,94.0,dry,Overcast,"Open-Meteo historical weather archive (ERA5-based reanalysis, ~9 km grid)",measured (Open-Meteo reanalysis)
2026-07-11,17,2026-07-11T17:00,17:00-18:00,2026-07-11T18:00,0.0,0.0,29.5,58,12.7,3,89,0.0,0.0,30.7,51,14.7,3,94,0.8,0.8,31.9,44,15.6,53,93,0.27,0.27,30.7,51.0,14.33,53,92.0,light,Drizzle,"Open-Meteo historical weather archive (ERA5-based reanalysis, ~9 km grid)",measured (Open-Meteo reanalysis)
2026-07-11,18,2026-07-11T18:00,18:00-19:00,2026-07-11T19:00,0.0,0.0,28.3,62,9.6,3,93,0.0,0.0,29.4,57,9.4,3,86,0.0,0.0,30.8,51,10.6,3,81,0.0,0.0,29.5,56.67,9.87,3,86.67,dry,Overcast,"Open-Meteo historical weather archive (ERA5-based reanalysis, ~9 km grid)",measured (Open-Meteo reanalysis)
2026-07-11,19,2026-07-11T19:00,19:00-20:00,2026-07-11T20:00,0.0,0.0,28.0,64,9.5,3,91,0.0,0.0,28.6,61,7.5,3,95,0.0,0.0,30.0,55,7.4,3,92,0.0,0.0,28.87,60.0,8.13,3,92.67,dry,Overcast,"Open-Meteo historical weather archive (ERA5-based reanalysis, ~9 km grid)",measured (Open-Meteo reanalysis)
2026-07-11,20,2026-07-11T20:00,20:00-21:00,2026-07-11T21:00,0.0,0.0,27.3,66,8.3,3,94,0.0,0.0,27.9,64,6.4,3,98,0.0,0.0,29.4,58,6.9,3,98,0.0,0.0,28.2,62.67,7.2,3,96.67,dry,Overcast,"Open-Meteo historical weather archive (ERA5-based reanalysis, ~9 km grid)",measured (Open-Meteo reanalysis)
2026-07-11,21,2026-07-11T21:00,21:00-22:00,2026-07-11T22:00,0.0,0.0,26.9,67,10.2,3,98,0.0,0.0,27.4,66,8.6,3,99,0.0,0.0,28.8,60,8.7,3,98,0.0,0.0,27.7,64.33,9.17,3,98.33,dry,Overcast,"Open-Meteo historical weather archive (ERA5-based reanalysis, ~9 km grid)",measured (Open-Meteo reanalysis)
2026-07-11,22,2026-07-11T22:00,22:00-23:00,2026-07-11T23:00,0.0,0.0,27.4,62,13.5,3,89,0.0,0.0,27.8,63,11.2,3,96,0.0,0.0,29.0,58,10.4,3,94,0.0,0.0,28.07,61.0,11.7,3,93.0,dry,Overcast,"Open-Meteo historical weather archive (ERA5-based reanalysis, ~9 km grid)",measured (Open-Meteo reanalysis)
2026-07-11,23,2026-07-11T23:00,23:00-24:00,2026-07-12T00:00,0.0,0.0,26.9,61,15.5,3,91,0.0,0.0,27.4,61,13.2,3,93,0.0,0.0,28.4,57,12.8,3,90,0.0,0.0,27.57,59.67,13.83,3,91.33,dry,Overcast,"Open-Meteo historical weather archive (ERA5-based reanalysis, ~9 km grid)",measured (Open-Meteo reanalysis)
2026-07-12,0,2026-07-12T00:00,00:00-01:00,2026-07-12T01:00,0.0,0.0,26.3,64,17.1,3,93,0.0,0.0,26.8,63,15.3,3,93,0.0,0.0,27.7,59,13.7,3,93,0.0,0.0,26.93,62.0,15.37,3,93.0,dry,Overcast,"Open-Meteo historical weather archive (ERA5-based reanalysis, ~9 km grid)",measured (Open-Meteo reanalysis)
2026-07-12,1,2026-07-12T01:00,01:00-02:00,2026-07-12T02:00,0.0,0.0,25.7,68,18.0,3,95,0.0,0.0,26.3,65,16.9,3,95,0.0,0.0,27.1,62,15.1,3,95,0.0,0.0,26.37,65.0,16.67,3,95.0,dry,Overcast,"Open-Meteo historical weather archive (ERA5-based reanalysis, ~9 km grid)",measured (Open-Meteo reanalysis)
2026-07-12,2,2026-07-12T02:00,02:00-03:00,2026-07-12T03:00,0.0,0.0,25.1,72,18.7,3,98,0.0,0.0,25.6,69,16.7,3,99,0.0,0.0,26.3,66,15.3,3,98,0.0,0.0,25.67,69.0,16.9,3,98.33,dry,Overcast,"Open-Meteo historical weather archive (ERA5-based reanalysis, ~9 km grid)",measured (Open-Meteo reanalysis)
2026-07-12,3,2026-07-12T03:00,03:00-04:00,2026-07-12T04:00,0.0,0.0,24.5,75,17.7,3,91,0.0,0.0,24.9,73,15.3,3,96,0.0,0.0,25.6,70,13.5,3,99,0.0,0.0,25.0,72.67,15.5,3,95.33,dry,Overcast,"Open-Meteo historical weather archive (ERA5-based reanalysis, ~9 km grid)",measured (Open-Meteo reanalysis)
2026-07-12,4,2026-07-12T04:00,04:00-05:00,2026-07-12T05:00,0.0,0.0,24.0,78,17.6,3,99,0.0,0.0,24.4,76,16.2,3,100,0.0,0.0,25.1,74,14.0,3,99,0.0,0.0,24.5,76.0,15.93,3,99.33,dry,Overcast,"Open-Meteo historical weather archive (ERA5-based reanalysis, ~9 km grid)",measured (Open-Meteo reanalysis)
2026-07-12,5,2026-07-12T05:00,05:00-06:00,2026-07-12T06:00,0.0,0.0,23.9,79,18.4,3,98,0.0,0.0,24.3,76,16.2,3,100,0.0,0.0,24.8,74,15.0,3,100,0.0,0.0,24.33,76.33,16.53,3,99.33,dry,Overcast,"Open-Meteo historical weather archive (ERA5-based reanalysis, ~9 km grid)",measured (Open-Meteo reanalysis)
2026-07-12,6,2026-07-12T06:00,06:00-07:00,2026-07-12T07:00,0.0,0.0,24.7,75,22.5,3,100,0.0,0.0,25.1,73,19.1,3,100,0.0,0.0,25.5,71,16.5,3,100,0.0,0.0,25.1,73.0,19.37,3,100.0,dry,Overcast,"Open-Meteo historical weather archive (ERA5-based reanalysis, ~9 km grid)",measured (Open-Meteo reanalysis)
2026-07-12,7,2026-07-12T07:00,07:00-08:00,2026-07-12T08:00,0.0,0.0,26.1,68,22.8,3,100,0.0,0.0,26.5,66,20.3,3,100,0.0,0.0,26.8,64,18.1,3,100,0.0,0.0,26.47,66.0,20.4,3,100.0,dry,Overcast,"Open-Meteo historical weather archive (ERA5-based reanalysis, ~9 km grid)",measured (Open-Meteo reanalysis)
2026-07-12,8,2026-07-12T08:00,08:00-09:00,2026-07-12T09:00,0.0,0.0,27.4,63,22.0,3,99,0.0,0.0,27.9,59,20.0,3,99,0.0,0.0,28.3,56,17.4,3,98,0.0,0.0,27.87,59.33,19.8,3,98.67,dry,Overcast,"Open-Meteo historical weather archive (ERA5-based reanalysis, ~9 km grid)",measured (Open-Meteo reanalysis)
2026-07-12,9,2026-07-12T09:00,09:00-10:00,2026-07-12T10:00,0.0,0.0,28.8,58,21.6,3,99,0.0,0.0,29.4,54,19.2,3,97,0.0,0.0,29.9,51,16.8,3,99,0.0,0.0,29.37,54.33,19.2,3,98.33,dry,Overcast,"Open-Meteo historical weather archive (ERA5-based reanalysis, ~9 km grid)",measured (Open-Meteo reanalysis)
2026-07-12,10,2026-07-12T10:00,10:00-11:00,2026-07-12T11:00,0.0,0.0,29.4,55,21.2,3,100,0.0,0.0,30.4,49,20.1,3,100,0.0,0.0,31.4,45,18.1,3,100,0.0,0.0,30.4,49.67,19.8,3,100.0,dry,Overcast,"Open-Meteo historical weather archive (ERA5-based reanalysis, ~9 km grid)",measured (Open-Meteo reanalysis)
2026-07-12,11,2026-07-12T11:00,11:00-12:00,2026-07-12T12:00,0.0,0.0,30.3,52,22.0,3,100,0.0,0.0,30.7,48,20.2,3,100,0.0,0.0,31.5,44,18.6,3,100,0.0,0.0,30.83,48.0,20.27,3,100.0,dry,Overcast,"Open-Meteo historical weather archive (ERA5-based reanalysis, ~9 km grid)",measured (Open-Meteo reanalysis)
2026-07-12,12,2026-07-12T12:00,12:00-13:00,2026-07-12T13:00,0.0,0.0,30.7,51,23.0,3,100,0.0,0.0,31.5,46,21.1,3,100,0.0,0.0,32.2,42,19.0,3,100,0.0,0.0,31.47,46.33,21.03,3,100.0,dry,Overcast,"Open-Meteo historical weather archive (ERA5-based reanalysis, ~9 km grid)",measured (Open-Meteo reanalysis)
2026-07-12,13,2026-07-12T13:00,13:00-14:00,2026-07-12T14:00,0.0,0.0,30.8,51,22.8,3,83,0.0,0.0,31.4,47,20.8,2,73,0.0,0.0,31.9,44,19.0,2,66,0.0,0.0,31.37,47.33,20.87,3,74.0,dry,Overcast,"Open-Meteo historical weather archive (ERA5-based reanalysis, ~9 km grid)",measured (Open-Meteo reanalysis)
2026-07-12,14,2026-07-12T14:00,14:00-15:00,2026-07-12T15:00,0.0,0.0,31.5,48,24.0,3,84,0.0,0.0,32.1,45,22.0,3,100,0.0,0.0,32.7,42,19.7,3,100,0.0,0.0,32.1,45.0,21.9,3,94.67,dry,Overcast,"Open-Meteo historical weather archive (ERA5-based reanalysis, ~9 km grid)",measured (Open-Meteo reanalysis)
2026-07-12,15,2026-07-12T15:00,15:00-16:00,2026-07-12T16:00,0.0,0.0,30.9,51,22.7,2,66,0.0,0.0,31.4,47,21.3,2,71,0.0,0.0,32.0,44,20.1,3,90,0.0,0.0,31.43,47.33,21.37,3,75.67,dry,Overcast,"Open-Meteo historical weather archive (ERA5-based reanalysis, ~9 km grid)",measured (Open-Meteo reanalysis)
2026-07-12,16,2026-07-12T16:00,16:00-17:00,2026-07-12T17:00,0.0,0.0,31.4,51,14.8,3,99,0.0,0.0,32.4,43,17.5,3,98,0.0,0.0,33.2,40,17.5,3,99,0.0,0.0,32.33,44.67,16.6,3,98.67,dry,Overcast,"Open-Meteo historical weather archive (ERA5-based reanalysis, ~9 km grid)",measured (Open-Meteo reanalysis)
2026-07-12,17,2026-07-12T17:00,17:00-18:00,2026-07-12T18:00,0.0,0.0,29.9,59,8.7,2,59,0.0,0.0,31.3,48,12.4,2,77,0.0,0.0,32.7,42,13.4,2,75,0.0,0.0,31.3,49.67,11.5,2,70.33,dry,Partly cloudy,"Open-Meteo historical weather archive (ERA5-based reanalysis, ~9 km grid)",measured (Open-Meteo reanalysis)
2026-07-12,18,2026-07-12T18:00,18:00-19:00,2026-07-12T19:00,0.0,0.0,28.4,63,8.0,3,98,0.0,0.0,29.9,53,9.6,3,99,0.0,0.0,31.6,46,9.5,3,99,0.0,0.0,29.97,54.0,9.03,3,98.67,dry,Overcast,"Open-Meteo historical weather archive (ERA5-based reanalysis, ~9 km grid)",measured (Open-Meteo reanalysis)
2026-07-12,19,2026-07-12T19:00,19:00-20:00,2026-07-12T20:00,0.0,0.0,28.5,60,11.2,3,95,0.0,0.0,29.4,56,9.4,3,98,0.0,0.0,31.0,50,8.3,3,97,0.0,0.0,29.63,55.33,9.63,3,96.67,dry,Overcast,"Open-Meteo historical weather archive (ERA5-based reanalysis, ~9 km grid)",measured (Open-Meteo reanalysis)
2026-07-12,20,2026-07-12T20:00,20:00-21:00,2026-07-12T21:00,0.0,0.0,28.5,56,14.0,3,98,0.0,0.0,28.9,57,11.1,3,98,0.0,0.0,30.3,53,10.0,3,95,0.0,0.0,29.23,55.33,11.7,3,97.0,dry,Overcast,"Open-Meteo historical weather archive (ERA5-based reanalysis, ~9 km grid)",measured (Open-Meteo reanalysis)
2026-07-12,21,2026-07-12T21:00,21:00-22:00,2026-07-12T22:00,0.0,0.0,28.3,57,16.7,3,99,0.0,0.0,28.6,57,12.8,3,99,0.0,0.0,29.6,54,10.8,3,99,0.0,0.0,28.83,56.0,13.43,3,99.0,dry,Overcast,"Open-Meteo historical weather archive (ERA5-based reanalysis, ~9 km grid)",measured (Open-Meteo reanalysis)
2026-07-12,22,2026-07-12T22:00,22:00-23:00,2026-07-12T23:00,0.0,0.0,27.7,61,20.4,1,48,0.0,0.0,28.5,58,18.8,1,46,0.0,0.0,29.4,55,15.0,2,63,0.0,0.0,28.53,58.0,18.07,2,52.33,dry,Partly cloudy,"Open-Meteo historical weather archive (ERA5-based reanalysis, ~9 km grid)",measured (Open-Meteo reanalysis)
2026-07-12,23,2026-07-12T23:00,23:00-24:00,2026-07-13T00:00,0.0,0.0,26.7,63,21.9,2,71,0.0,0.0,27.4,60,18.9,3,80,0.0,0.0,28.2,57,15.7,2,61,0.0,0.0,27.43,60.0,18.83,3,70.67,dry,Overcast,"Open-Meteo historical weather archive (ERA5-based reanalysis, ~9 km grid)",measured (Open-Meteo reanalysis)
2026-07-13,0,2026-07-13T00:00,00:00-01:00,2026-07-13T01:00,0.0,0.0,25.9,66,21.6,3,97,0.0,0.0,26.5,64,17.7,3,88,0.0,0.0,27.3,61,15.1,3,82,0.0,0.0,26.57,63.67,18.13,3,89.0,dry,Overcast,"Open-Meteo historical weather archive (ERA5-based reanalysis, ~9 km grid)",measured (Open-Meteo reanalysis)
2026-07-13,1,2026-07-13T01:00,01:00-02:00,2026-07-13T02:00,0.0,0.0,25.3,69,20.2,2,70,0.0,0.0,25.7,66,16.9,2,79,0.0,0.0,26.5,64,14.6,3,84,0.0,0.0,25.83,66.33,17.23,3,77.67,dry,Overcast,"Open-Meteo historical weather archive (ERA5-based reanalysis, ~9 km grid)",measured (Open-Meteo reanalysis)
2026-07-13,2,2026-07-13T02:00,02:00-03:00,2026-07-13T03:00,0.0,0.0,24.6,71,18.9,1,45,0.0,0.0,25.1,69,16.2,1,43,0.0,0.0,25.8,66,14.2,1,44,0.0,0.0,25.17,68.67,16.43,1,44.0,dry,Mainly clear,"Open-Meteo historical weather archive (ERA5-based reanalysis, ~9 km grid)",measured (Open-Meteo reanalysis)
2026-07-13,3,2026-07-13T03:00,03:00-04:00,2026-07-13T04:00,0.0,0.0,24.0,75,17.9,0,17,0.0,0.0,24.5,72,15.7,1,21,0.0,0.0,25.2,69,13.9,0,16,0.0,0.0,24.57,72.0,15.83,1,18.0,dry,Mainly clear,"Open-Meteo historical weather archive (ERA5-based reanalysis, ~9 km grid)",measured (Open-Meteo reanalysis)
2026-07-13,4,2026-07-13T04:00,04:00-05:00,2026-07-13T05:00,0.0,0.0,23.5,80,19.1,1,30,0.0,0.0,24.0,77,16.6,1,30,0.0,0.0,24.7,74,14.2,1,45,0.0,0.0,24.07,77.0,16.63,1,35.0,dry,Mainly clear,"Open-Meteo historical weather archive (ERA5-based reanalysis, ~9 km grid)",measured (Open-Meteo reanalysis)
2026-07-13,5,2026-07-13T05:00,05:00-06:00,2026-07-13T06:00,0.0,0.0,23.6,82,19.9,3,89,0.0,0.0,23.9,80,15.9,3,93,0.0,0.0,24.4,77,13.9,3,92,0.0,0.0,23.97,79.67,16.57,3,91.33,dry,Overcast,"Open-Meteo historical weather archive (ERA5-based reanalysis, ~9 km grid)",measured (Open-Meteo reanalysis)
2026-07-13,6,2026-07-13T06:00,06:00-07:00,2026-07-13T07:00,0.0,0.0,24.6,78,21.9,3,88,0.0,0.0,25.0,75,19.0,3,88,0.0,0.0,25.3,72,16.6,3,86,0.0,0.0,24.97,75.0,19.17,3,87.33,dry,Overcast,"Open-Meteo historical weather archive (ERA5-based reanalysis, ~9 km grid)",measured (Open-Meteo reanalysis)
2026-07-13,7,2026-07-13T07:00,07:00-08:00,2026-07-13T08:00,0.0,0.0,26.0,71,23.1,2,77,0.0,0.0,26.5,67,20.4,2,66,0.0,0.0,26.8,65,18.3,2,66,0.0,0.0,26.43,67.67,20.6,2,69.67,dry,Partly cloudy,"Open-Meteo historical weather archive (ERA5-based reanalysis, ~9 km grid)",measured (Open-Meteo reanalysis)
2026-07-13,8,2026-07-13T08:00,08:00-09:00,2026-07-13T09:00,0.0,0.0,27.5,64,22.3,2,65,0.0,0.0,28.0,60,19.9,2,67,0.0,0.0,28.3,57,17.8,2,61,0.0,0.0,27.93,60.33,20.0,2,64.33,dry,Partly cloudy,"Open-Meteo historical weather archive (ERA5-based reanalysis, ~9 km grid)",measured (Open-Meteo reanalysis)
2026-07-13,9,2026-07-13T09:00,09:00-10:00,2026-07-13T10:00,0.0,0.0,28.7,60,21.2,2,55,0.0,0.0,29.4,55,19.7,2,75,0.0,0.0,29.8,52,17.6,2,76,0.0,0.0,29.3,55.67,19.5,2,68.67,dry,Partly cloudy,"Open-Meteo historical weather archive (ERA5-based reanalysis, ~9 km grid)",measured (Open-Meteo reanalysis)
2026-07-13,10,2026-07-13T10:00,10:00-11:00,2026-07-13T11:00,0.0,0.0,30.1,54,19.4,1,45,0.0,0.0,31.0,49,18.1,1,30,0.0,0.0,31.5,46,15.9,1,32,0.0,0.0,30.87,49.67,17.8,1,35.67,dry,Mainly clear,"Open-Meteo historical weather archive (ERA5-based reanalysis, ~9 km grid)",measured (Open-Meteo reanalysis)
2026-07-13,11,2026-07-13T11:00,11:00-12:00,2026-07-13T12:00,0.0,0.0,31.0,52,19.7,3,81,0.0,0.0,32.1,45,18.2,3,83,0.0,0.0,32.7,42,16.0,2,75,0.0,0.0,31.93,46.33,17.97,3,79.67,dry,Overcast,"Open-Meteo historical weather archive (ERA5-based reanalysis, ~9 km grid)",measured (Open-Meteo reanalysis)
2026-07-13,12,2026-07-13T12:00,12:00-13:00,2026-07-13T13:00,0.0,0.0,31.8,50,20.4,1,20,0.0,0.0,32.8,44,18.6,1,34,0.0,0.0,33.5,41,16.3,1,33,0.0,0.0,32.7,45.0,18.43,1,29.0,dry,Mainly clear,"Open-Meteo historical weather archive (ERA5-based reanalysis, ~9 km grid)",measured (Open-Meteo reanalysis)
2026-07-13,13,2026-07-13T13:00,13:00-14:00,2026-07-13T14:00,0.0,0.0,32.2,49,20.6,1,30,0.0,0.0,33.3,43,19.1,1,36,0.0,0.0,33.9,40,16.8,1,34,0.0,0.0,33.13,44.0,18.83,1,33.33,dry,Mainly clear,"Open-Meteo historical weather archive (ERA5-based reanalysis, ~9 km grid)",measured (Open-Meteo reanalysis)
2026-07-13,14,2026-07-13T14:00,14:00-15:00,2026-07-13T15:00,0.0,0.0,32.4,49,20.6,1,40,0.0,0.0,33.3,44,18.9,1,41,0.0,0.0,33.9,41,16.5,1,37,0.0,0.0,33.2,44.67,18.67,1,39.33,dry,Mainly clear,"Open-Meteo historical weather archive (ERA5-based reanalysis, ~9 km grid)",measured (Open-Meteo reanalysis)
2026-07-13,15,2026-07-13T15:00,15:00-16:00,2026-07-13T16:00,0.0,0.0,31.9,50,20.2,2,75,0.1,0.1,32.8,46,19.1,51,85,0.0,0.0,33.8,42,17.1,3,84,0.03,0.03,32.83,46.0,18.8,51,81.33,dry,Light drizzle,"Open-Meteo historical weather archive (ERA5-based reanalysis, ~9 km grid)",measured (Open-Meteo reanalysis)
2026-07-13,16,2026-07-13T16:00,16:00-17:00,2026-07-13T17:00,0.0,0.0,31.6,54,17.4,2,76,0.0,0.0,32.2,49,17.6,3,95,0.2,0.2,33.7,37,16.1,51,96,0.07,0.07,32.5,46.67,17.03,51,89.0,dry,Light drizzle,"Open-Meteo historical weather archive (ERA5-based reanalysis, ~9 km grid)",measured (Open-Meteo reanalysis)
2026-07-13,17,2026-07-13T17:00,17:00-18:00,2026-07-13T18:00,0.0,0.0,30.4,59,14.4,3,85,0.0,0.0,31.6,52,14.5,3,91,0.7,0.7,32.7,46,14.2,53,89,0.23,0.23,31.57,52.33,14.37,53,88.33,light,Drizzle,"Open-Meteo historical weather archive (ERA5-based reanalysis, ~9 km grid)",measured (Open-Meteo reanalysis)
2026-07-13,18,2026-07-13T18:00,18:00-19:00,2026-07-13T19:00,0.0,0.0,29.9,59,14.3,3,97,0.0,0.0,30.9,55,14.1,3,98,0.0,0.0,32.0,50,14.1,3,99,0.0,0.0,30.93,54.67,14.17,3,98.0,dry,Overcast,"Open-Meteo historical weather archive (ERA5-based reanalysis, ~9 km grid)",measured (Open-Meteo reanalysis)
2026-07-13,19,2026-07-13T19:00,19:00-20:00,2026-07-13T20:00,0.0,0.0,29.4,60,14.5,3,91,0.0,0.0,30.4,56,13.0,2,73,0.0,0.0,31.5,52,11.9,3,85,0.0,0.0,30.43,56.0,13.13,3,83.0,dry,Overcast,"Open-Meteo historical weather archive (ERA5-based reanalysis, ~9 km grid)",measured (Open-Meteo reanalysis)
2026-07-13,20,2026-07-13T20:00,20:00-21:00,2026-07-13T21:00,0.0,0.0,28.7,62,14.7,3,91,0.0,0.0,29.8,56,13.2,2,77,0.0,0.0,30.8,54,11.3,3,80,0.0,0.0,29.77,57.33,13.07,3,82.67,dry,Overcast,"Open-Meteo historical weather archive (ERA5-based reanalysis, ~9 km grid)",measured (Open-Meteo reanalysis)
2026-07-13,21,2026-07-13T21:00,21:00-22:00,2026-07-13T22:00,0.0,0.0,28.3,62,15.5,2,79,0.0,0.0,29.1,58,13.0,2,62,0.0,0.0,30.1,55,11.0,2,70,0.0,0.0,29.17,58.33,13.17,2,70.33,dry,Partly cloudy,"Open-Meteo historical weather archive (ERA5-based reanalysis, ~9 km grid)",measured (Open-Meteo reanalysis)
2026-07-13,22,2026-07-13T22:00,22:00-23:00,2026-07-13T23:00,0.0,0.0,28.3,62,16.4,2,70,0.0,0.0,29.0,58,14.4,2,63,0.0,0.0,30.0,55,11.7,2,78,0.0,0.0,29.1,58.33,14.17,2,70.33,dry,Partly cloudy,"Open-Meteo historical weather archive (ERA5-based reanalysis, ~9 km grid)",measured (Open-Meteo reanalysis)
2026-07-13,23,2026-07-13T23:00,23:00-24:00,2026-07-14T00:00,0.0,0.0,27.6,63,18.9,3,92,0.0,0.0,28.3,60,17.2,3,100,0.0,0.0,29.2,57,14.5,3,99,0.0,0.0,28.37,60.0,16.87,3,97.0,dry,Overcast,"Open-Meteo historical weather archive (ERA5-based reanalysis, ~9 km grid)",measured (Open-Meteo reanalysis)
2026-07-14,0,2026-07-14T00:00,00:00-01:00,2026-07-14T01:00,0.0,0.0,27.0,61,21.0,3,81,0.0,0.0,27.7,59,18.3,3,88,0.0,0.0,28.5,58,14.9,3,91,0.0,0.0,27.73,59.33,18.07,3,86.67,dry,Overcast,"Open-Meteo historical weather archive (ERA5-based reanalysis, ~9 km grid)",measured (Open-Meteo reanalysis)
2026-07-14,1,2026-07-14T01:00,01:00-02:00,2026-07-14T02:00,0.0,0.0,26.2,61,21.3,2,72,0.0,0.0,26.8,59,18.2,1,40,0.0,0.0,27.7,57,15.4,1,36,0.0,0.0,26.9,59.0,18.3,2,49.33,dry,Partly cloudy,"Open-Meteo historical weather archive (ERA5-based reanalysis, ~9 km grid)",measured (Open-Meteo reanalysis)
2026-07-14,2,2026-07-14T02:00,02:00-03:00,2026-07-14T03:00,0.0,0.0,25.3,64,20.4,2,50,0.0,0.0,26.0,61,17.5,2,73,0.0,0.0,26.7,59,15.3,3,85,0.0,0.0,26.0,61.33,17.73,3,69.33,dry,Overcast,"Open-Meteo historical weather archive (ERA5-based reanalysis, ~9 km grid)",measured (Open-Meteo reanalysis)
2026-07-14,3,2026-07-14T03:00,03:00-04:00,2026-07-14T04:00,0.0,0.0,24.6,68,19.3,3,95,0.0,0.0,25.3,65,16.5,3,95,0.0,0.0,26.0,61,14.3,3,95,0.0,0.0,25.3,64.67,16.7,3,95.0,dry,Overcast,"Open-Meteo historical weather archive (ERA5-based reanalysis, ~9 km grid)",measured (Open-Meteo reanalysis)
2026-07-14,4,2026-07-14T04:00,04:00-05:00,2026-07-14T05:00,0.0,0.0,23.8,73,17.3,2,52,0.0,0.0,24.6,70,15.5,2,50,0.0,0.0,25.3,66,13.7,2,61,0.0,0.0,24.57,69.67,15.5,2,54.33,dry,Partly cloudy,"Open-Meteo historical weather archive (ERA5-based reanalysis, ~9 km grid)",measured (Open-Meteo reanalysis)
2026-07-14,5,2026-07-14T05:00,05:00-06:00,2026-07-14T06:00,0.0,0.0,23.7,75,16.8,2,52,0.0,0.0,24.3,72,14.0,1,48,0.0,0.0,24.9,68,12.9,1,47,0.0,0.0,24.3,71.67,14.57,2,49.0,dry,Partly cloudy,"Open-Meteo historical weather archive (ERA5-based reanalysis, ~9 km grid)",measured (Open-Meteo reanalysis)
2026-07-14,6,2026-07-14T06:00,06:00-07:00,2026-07-14T07:00,0.0,0.0,24.8,73,18.4,2,53,0.0,0.0,25.3,69,16.5,2,59,0.0,0.0,25.7,65,15.6,2,72,0.0,0.0,25.27,69.0,16.83,2,61.33,dry,Partly cloudy,"Open-Meteo historical weather archive (ERA5-based reanalysis, ~9 km grid)",measured (Open-Meteo reanalysis)
2026-07-14,7,2026-07-14T07:00,07:00-08:00,2026-07-14T08:00,0.0,0.0,26.0,68,21.4,3,91,0.0,0.0,26.6,64,19.2,2,76,0.0,0.0,27.1,60,17.4,3,88,0.0,0.0,26.57,64.0,19.33,3,85.0,dry,Overcast,"Open-Meteo historical weather archive (ERA5-based reanalysis, ~9 km grid)",measured (Open-Meteo reanalysis)
2026-07-14,8,2026-07-14T08:00,08:00-09:00,2026-07-14T09:00,0.0,0.0,27.6,62,22.3,3,99,0.0,0.0,28.3,56,20.2,3,99,0.0,0.0,28.7,53,18.2,3,98,0.0,0.0,28.2,57.0,20.23,3,98.67,dry,Overcast,"Open-Meteo historical weather archive (ERA5-based reanalysis, ~9 km grid)",measured (Open-Meteo reanalysis)
2026-07-14,9,2026-07-14T09:00,09:00-10:00,2026-07-14T10:00,0.0,0.0,28.9,57,22.3,3,99,0.0,0.0,29.7,51,20.3,3,98,0.0,0.0,30.2,47,18.2,3,97,0.0,0.0,29.6,51.67,20.27,3,98.0,dry,Overcast,"Open-Meteo historical weather archive (ERA5-based reanalysis, ~9 km grid)",measured (Open-Meteo reanalysis)
2026-07-14,10,2026-07-14T10:00,10:00-11:00,2026-07-14T11:00,0.0,0.0,29.8,54,21.1,3,100,0.0,0.0,30.8,47,19.3,3,100,0.0,0.0,31.4,44,17.0,3,100,0.0,0.0,30.67,48.33,19.13,3,100.0,dry,Overcast,"Open-Meteo historical weather archive (ERA5-based reanalysis, ~9 km grid)",measured (Open-Meteo reanalysis)
2026-07-14,11,2026-07-14T11:00,11:00-12:00,2026-07-14T12:00,0.0,0.0,30.5,52,20.7,3,100,0.0,0.0,31.3,46,18.7,3,100,0.0,0.0,31.8,43,16.6,3,99,0.0,0.0,31.2,47.0,18.67,3,99.67,dry,Overcast,"Open-Meteo historical weather archive (ERA5-based reanalysis, ~9 km grid)",measured (Open-Meteo reanalysis)
2026-07-14,12,2026-07-14T12:00,12:00-13:00,2026-07-14T13:00,0.0,0.0,31.0,50,20.4,3,100,0.0,0.0,32.0,43,18.5,3,100,0.0,0.0,32.5,41,16.6,3,100,0.0,0.0,31.83,44.67,18.5,3,100.0,dry,Overcast,"Open-Meteo historical weather archive (ERA5-based reanalysis, ~9 km grid)",measured (Open-Meteo reanalysis)
2026-07-14,13,2026-07-14T13:00,13:00-14:00,2026-07-14T14:00,0.0,0.0,31.4,49,19.7,3,100,0.0,0.0,32.3,44,18.1,3,100,0.0,0.0,32.8,41,16.2,3,100,0.0,0.0,32.17,44.67,18.0,3,100.0,dry,Overcast,"Open-Meteo historical weather archive (ERA5-based reanalysis, ~9 km grid)",measured (Open-Meteo reanalysis)
2026-07-14,14,2026-07-14T14:00,14:00-15:00,2026-07-14T15:00,0.0,0.0,31.3,50,18.4,3,100,0.0,0.0,32.2,45,17.1,3,100,0.0,0.0,32.7,42,15.7,3,100,0.0,0.0,32.07,45.67,17.07,3,100.0,dry,Overcast,"Open-Meteo historical weather archive (ERA5-based reanalysis, ~9 km grid)",measured (Open-Meteo reanalysis)
2026-07-14,15,2026-07-14T15:00,15:00-16:00,2026-07-14T16:00,0.0,0.0,31.2,50,17.7,3,100,0.0,0.0,32.2,45,16.6,3,100,0.0,0.0,32.6,43,15.2,3,100,0.0,0.0,32.0,46.0,16.5,3,100.0,dry,Overcast,"Open-Meteo historical weather archive (ERA5-based reanalysis, ~9 km grid)",measured (Open-Meteo reanalysis)
2026-07-14,16,2026-07-14T16:00,16:00-17:00,2026-07-14T17:00,0.0,0.0,31.1,52,14.1,3,96,0.0,0.0,32.2,45,14.7,3,88,0.0,0.0,32.8,43,13.4,3,80,0.0,0.0,32.03,46.67,14.07,3,88.0,dry,Overcast,"Open-Meteo historical weather archive (ERA5-based reanalysis, ~9 km grid)",measured (Open-Meteo reanalysis)
2026-07-14,17,2026-07-14T17:00,17:00-18:00,2026-07-14T18:00,0.0,0.0,29.6,61,10.0,2,55,0.0,0.0,31.0,50,12.2,1,33,0.0,0.0,31.8,47,12.0,1,27,0.0,0.0,30.8,52.67,11.4,2,38.33,dry,Partly cloudy,"Open-Meteo historical weather archive (ERA5-based reanalysis, ~9 km grid)",measured (Open-Meteo reanalysis)
2026-07-14,18,2026-07-14T18:00,18:00-19:00,2026-07-14T19:00,0.0,0.0,27.8,68,7.6,3,97,0.0,0.0,29.7,57,9.6,3,92,0.0,0.0,30.9,52,9.0,3,100,0.0,0.0,29.47,59.0,8.73,3,96.33,dry,Overcast,"Open-Meteo historical weather archive (ERA5-based reanalysis, ~9 km grid)",measured (Open-Meteo reanalysis)
2026-07-14,19,2026-07-14T19:00,19:00-20:00,2026-07-14T20:00,0.0,0.0,27.0,70,6.7,3,100,0.0,0.0,28.9,60,8.1,3,100,0.0,0.0,30.3,53,7.8,3,100,0.0,0.0,28.73,61.0,7.53,3,100.0,dry,Overcast,"Open-Meteo historical weather archive (ERA5-based reanalysis, ~9 km grid)",measured (Open-Meteo reanalysis)
2026-07-14,20,2026-07-14T20:00,20:00-21:00,2026-07-14T21:00,0.0,0.0,26.6,71,5.3,3,99,0.0,0.0,28.3,61,6.2,3,99,0.0,0.0,29.9,54,6.4,3,100,0.0,0.0,28.27,62.0,5.97,3,99.33,dry,Overcast,"Open-Meteo historical weather archive (ERA5-based reanalysis, ~9 km grid)",measured (Open-Meteo reanalysis)
2026-07-14,21,2026-07-14T21:00,21:00-22:00,2026-07-14T22:00,0.0,0.0,26.2,74,4.1,3,97,0.0,0.0,27.5,65,5.5,3,96,0.0,0.0,29.3,56,5.2,3,92,0.0,0.0,27.67,65.0,4.93,3,95.0,dry,Overcast,"Open-Meteo historical weather archive (ERA5-based reanalysis, ~9 km grid)",measured (Open-Meteo reanalysis)
2026-07-14,22,2026-07-14T22:00,22:00-23:00,2026-07-14T23:00,0.0,0.0,26.1,76,6.6,2,56,0.0,0.0,27.1,70,7.7,3,84,0.0,0.0,29.0,59,6.7,2,76,0.0,0.0,27.4,68.33,7.0,3,72.0,dry,Overcast,"Open-Meteo historical weather archive (ERA5-based reanalysis, ~9 km grid)",measured (Open-Meteo reanalysis)
2026-07-14,23,2026-07-14T23:00,23:00-24:00,2026-07-15T00:00,0.0,0.0,26.3,69,10.5,3,92,0.0,0.0,26.8,69,8.9,3,94,0.0,0.0,28.1,65,7.1,3,98,0.0,0.0,27.07,67.67,8.83,3,94.67,dry,Overcast,"Open-Meteo historical weather archive (ERA5-based reanalysis, ~9 km grid)",measured (Open-Meteo reanalysis)
2026-07-15,0,2026-07-15T00:00,00:00-01:00,2026-07-15T01:00,0.0,0.0,26.8,59,14.7,3,90,0.0,0.0,27.2,58,12.5,3,91,0.0,0.0,27.9,62,10.4,3,88,0.0,0.0,27.3,59.67,12.53,3,89.67,dry,Overcast,"Open-Meteo historical weather archive (ERA5-based reanalysis, ~9 km grid)",measured (Open-Meteo reanalysis)
2026-07-15,1,2026-07-15T01:00,01:00-02:00,2026-07-15T02:00,0.0,0.0,26.2,61,14.6,2,75,0.0,0.0,27.0,56,13.8,2,78,0.0,0.0,28.1,53,12.5,3,84,0.0,0.0,27.1,56.67,13.63,3,79.0,dry,Overcast,"Open-Meteo historical weather archive (ERA5-based reanalysis, ~9 km grid)",measured (Open-Meteo reanalysis)
2026-07-15,2,2026-07-15T02:00,02:00-03:00,2026-07-15T03:00,0.0,0.0,25.4,63,15.8,2,62,0.0,0.0,26.1,60,14.0,2,53,0.0,0.0,27.2,56,12.5,1,48,0.0,0.0,26.23,59.67,14.1,2,54.33,dry,Partly cloudy,"Open-Meteo historical weather archive (ERA5-based reanalysis, ~9 km grid)",measured (Open-Meteo reanalysis)
2026-07-15,3,2026-07-15T03:00,03:00-04:00,2026-07-15T04:00,0.0,0.0,24.9,65,17.4,0,13,0.0,0.0,25.5,62,15.4,0,13,0.0,0.0,26.5,59,13.6,0,13,0.0,0.0,25.63,62.0,15.47,0,13.0,dry,Clear sky,"Open-Meteo historical weather archive (ERA5-based reanalysis, ~9 km grid)",measured (Open-Meteo reanalysis)
2026-07-15,4,2026-07-15T04:00,04:00-05:00,2026-07-15T05:00,0.0,0.0,24.6,68,17.5,2,54,0.0,0.0,25.3,64,16.6,2,79,0.0,0.0,26.2,61,14.6,1,48,0.0,0.0,25.37,64.33,16.23,2,60.33,dry,Partly cloudy,"Open-Meteo historical weather archive (ERA5-based reanalysis, ~9 km grid)",measured (Open-Meteo reanalysis)
2026-07-15,5,2026-07-15T05:00,05:00-06:00,2026-07-15T06:00,0.0,0.0,24.4,71,16.7,2,69,0.0,0.0,25.0,67,14.5,2,66,0.0,0.0,25.7,64,12.6,2,65,0.0,0.0,25.03,67.33,14.6,2,66.67,dry,Partly cloudy,"Open-Meteo historical weather archive (ERA5-based reanalysis, ~9 km grid)",measured (Open-Meteo reanalysis)
2026-07-15,6,2026-07-15T06:00,06:00-07:00,2026-07-15T07:00,0.0,0.0,25.3,70,18.4,3,88,0.0,0.0,25.9,66,17.0,3,83,0.0,0.0,26.4,63,15.5,3,82,0.0,0.0,25.87,66.33,16.97,3,84.33,dry,Overcast,"Open-Meteo historical weather archive (ERA5-based reanalysis, ~9 km grid)",measured (Open-Meteo reanalysis)
2026-07-15,7,2026-07-15T07:00,07:00-08:00,2026-07-15T08:00,0.0,0.0,26.3,68,17.6,2,57,0.0,0.0,26.9,63,16.5,2,70,0.0,0.0,27.4,60,14.6,2,77,0.0,0.0,26.87,63.67,16.23,2,68.0,dry,Partly cloudy,"Open-Meteo historical weather archive (ERA5-based reanalysis, ~9 km grid)",measured (Open-Meteo reanalysis)
2026-07-15,8,2026-07-15T08:00,08:00-09:00,2026-07-15T09:00,0.0,0.0,28.0,61,18.5,2,73,0.0,0.0,28.6,56,16.6,2,63,0.0,0.0,28.9,55,14.6,2,61,0.0,0.0,28.5,57.33,16.57,2,65.67,dry,Partly cloudy,"Open-Meteo historical weather archive (ERA5-based reanalysis, ~9 km grid)",measured (Open-Meteo reanalysis)
2026-07-15,9,2026-07-15T09:00,09:00-10:00,2026-07-15T10:00,0.0,0.0,29.0,55,19.1,1,41,0.0,0.0,29.7,50,17.0,1,23,0.0,0.0,30.2,48,14.7,1,30,0.0,0.0,29.63,51.0,16.93,1,31.33,dry,Mainly clear,"Open-Meteo historical weather archive (ERA5-based reanalysis, ~9 km grid)",measured (Open-Meteo reanalysis)
2026-07-15,10,2026-07-15T10:00,10:00-11:00,2026-07-15T11:00,0.1,0.1,29.9,49,18.7,51,23,0.0,0.0,30.8,44,17.1,0,18,0.0,0.0,31.2,42,14.9,1,24,0.03,0.03,30.63,45.0,16.9,51,21.67,dry,Light drizzle,"Open-Meteo historical weather archive (ERA5-based reanalysis, ~9 km grid)",measured (Open-Meteo reanalysis)
2026-07-15,11,2026-07-15T11:00,11:00-12:00,2026-07-15T12:00,0.1,0.1,30.4,47,19.6,51,24,0.1,0.1,31.3,42,17.5,51,23,0.0,0.0,32.0,39,14.7,1,27,0.07,0.07,31.23,42.67,17.27,51,24.67,dry,Light drizzle,"Open-Meteo historical weather archive (ERA5-based reanalysis, ~9 km grid)",measured (Open-Meteo reanalysis)
2026-07-15,12,2026-07-15T12:00,12:00-13:00,2026-07-15T13:00,0.2,0.2,31.0,46,18.6,51,21,0.2,0.2,31.8,41,16.2,51,27,0.1,0.1,32.4,39,14.2,51,31,0.17,0.17,31.73,42.0,16.33,51,26.33,light,Light drizzle,"Open-Meteo historical weather archive (ERA5-based reanalysis, ~9 km grid)",measured (Open-Meteo reanalysis)
2026-07-15,13,2026-07-15T13:00,13:00-14:00,2026-07-15T14:00,0.1,0.1,31.1,45,19.2,51,23,0.1,0.1,32.3,40,17.6,51,17,0.0,0.0,32.9,38,15.9,0,16,0.07,0.07,32.1,41.0,17.57,51,18.67,dry,Light drizzle,"Open-Meteo historical weather archive (ERA5-based reanalysis, ~9 km grid)",measured (Open-Meteo reanalysis)
2026-07-15,14,2026-07-15T14:00,14:00-15:00,2026-07-15T15:00,0.2,0.2,31.0,46,17.7,51,41,0.1,0.1,32.1,41,16.7,51,48,0.0,0.0,32.9,38,15.2,1,42,0.1,0.1,32.0,41.67,16.53,51,43.67,light,Light drizzle,"Open-Meteo historical weather archive (ERA5-based reanalysis, ~9 km grid)",measured (Open-Meteo reanalysis)
2026-07-15,15,2026-07-15T15:00,15:00-16:00,2026-07-15T16:00,0.4,0.4,30.4,49,19.2,51,73,0.1,0.1,31.6,43,16.7,51,70,0.1,0.1,32.4,39,15.2,51,61,0.2,0.2,31.47,43.67,17.03,51,68.0,light,Light drizzle,"Open-Meteo historical weather archive (ERA5-based reanalysis, ~9 km grid)",measured (Open-Meteo reanalysis)
2026-07-15,16,2026-07-15T16:00,16:00-17:00,2026-07-15T17:00,0.6,0.6,29.8,50,13.9,53,82,0.8,0.8,31.0,44,15.1,53,83,0.5,0.5,32.1,40,13.6,53,80,0.63,0.63,30.97,44.67,14.2,53,81.67,light,Drizzle,"Open-Meteo historical weather archive (ERA5-based reanalysis, ~9 km grid)",measured (Open-Meteo reanalysis)
2026-07-15,17,2026-07-15T17:00,17:00-18:00,2026-07-15T18:00,0.2,0.2,28.0,63,13.8,51,70,0.1,0.1,29.4,52,13.4,51,57,0.0,0.0,30.6,45,13.5,2,66,0.1,0.1,29.33,53.33,13.57,51,64.33,light,Light drizzle,"Open-Meteo historical weather archive (ERA5-based reanalysis, ~9 km grid)",measured (Open-Meteo reanalysis)
2026-07-15,18,2026-07-15T18:00,18:00-19:00,2026-07-15T19:00,0.0,0.0,27.0,63,11.7,3,84,0.0,0.0,28.4,55,10.4,3,97,0.0,0.0,29.8,49,9.7,3,96,0.0,0.0,28.4,55.67,10.6,3,92.33,dry,Overcast,"Open-Meteo historical weather archive (ERA5-based reanalysis, ~9 km grid)",measured (Open-Meteo reanalysis)
2026-07-15,19,2026-07-15T19:00,19:00-20:00,2026-07-15T20:00,0.0,0.0,26.6,63,20.9,1,35,0.0,0.0,27.8,57,18.5,2,53,0.0,0.0,29.2,51,13.4,2,78,0.0,0.0,27.87,57.0,17.6,2,55.33,dry,Partly cloudy,"Open-Meteo historical weather archive (ERA5-based reanalysis, ~9 km grid)",measured (Open-Meteo reanalysis)
2026-07-15,20,2026-07-15T20:00,20:00-21:00,2026-07-15T21:00,0.0,0.0,25.1,69,18.1,1,36,0.0,0.0,25.9,65,15.7,1,37,0.0,0.0,27.1,60,13.8,1,26,0.0,0.0,26.03,64.67,15.87,1,33.0,dry,Mainly clear,"Open-Meteo historical weather archive (ERA5-based reanalysis, ~9 km grid)",measured (Open-Meteo reanalysis)
2026-07-15,21,2026-07-15T21:00,21:00-22:00,2026-07-15T22:00,0.0,0.0,24.9,73,16.3,0,13,0.0,0.0,25.4,70,13.1,0,16,0.0,0.0,26.3,65,10.7,1,22,0.0,0.0,25.53,69.33,13.37,1,17.0,dry,Mainly clear,"Open-Meteo historical weather archive (ERA5-based reanalysis, ~9 km grid)",measured (Open-Meteo reanalysis)
2026-07-15,22,2026-07-15T22:00,22:00-23:00,2026-07-15T23:00,0.0,0.0,25.2,72,17.2,1,38,0.0,0.0,25.7,69,14.6,1,38,0.0,0.0,26.4,67,11.2,1,43,0.0,0.0,25.77,69.33,14.33,1,39.67,dry,Mainly clear,"Open-Meteo historical weather archive (ERA5-based reanalysis, ~9 km grid)",measured (Open-Meteo reanalysis)
2026-07-15,23,2026-07-15T23:00,23:00-24:00,2026-07-16T00:00,0.0,0.0,24.9,75,16.6,1,26,0.0,0.0,25.5,71,13.9,1,49,0.0,0.0,26.2,68,11.7,2,59,0.0,0.0,25.53,71.33,14.07,2,44.67,dry,Partly cloudy,"Open-Meteo historical weather archive (ERA5-based reanalysis, ~9 km grid)",measured (Open-Meteo reanalysis)
2026-07-16,0,2026-07-16T00:00,00:00-01:00,2026-07-16T01:00,0.0,0.0,24.8,78,15.1,3,100,0.0,0.0,25.3,75,12.6,3,100,0.0,0.0,26.0,71,10.9,3,99,0.0,0.0,25.37,74.67,12.87,3,99.67,dry,Overcast,"Open-Meteo historical weather archive (ERA5-based reanalysis, ~9 km grid)",measured (Open-Meteo reanalysis)
2026-07-16,1,2026-07-16T01:00,01:00-02:00,2026-07-16T02:00,0.0,0.0,25.0,76,15.5,3,96,0.0,0.0,25.3,75,13.1,3,98,0.0,0.0,25.9,72,11.4,3,99,0.0,0.0,25.4,74.33,13.33,3,97.67,dry,Overcast,"Open-Meteo historical weather archive (ERA5-based reanalysis, ~9 km grid)",measured (Open-Meteo reanalysis)
2026-07-16,2,2026-07-16T02:00,02:00-03:00,2026-07-16T03:00,0.0,0.0,24.9,75,16.5,3,100,0.0,0.0,25.3,73,14.1,3,95,0.0,0.0,25.8,72,12.1,3,90,0.0,0.0,25.33,73.33,14.23,3,95.0,dry,Overcast,"Open-Meteo historical weather archive (ERA5-based reanalysis, ~9 km grid)",measured (Open-Meteo reanalysis)
2026-07-16,3,2026-07-16T03:00,03:00-04:00,2026-07-16T04:00,0.0,0.0,24.9,74,17.6,3,87,0.0,0.0,25.2,73,14.7,3,89,0.0,0.0,25.7,71,12.0,3,85,0.0,0.0,25.27,72.67,14.77,3,87.0,dry,Overcast,"Open-Meteo historical weather archive (ERA5-based reanalysis, ~9 km grid)",measured (Open-Meteo reanalysis)
2026-07-16,4,2026-07-16T04:00,04:00-05:00,2026-07-16T05:00,0.0,0.0,25.0,74,18.8,1,45,0.0,0.0,25.5,72,17.4,2,51,0.0,0.0,26.1,69,15.7,2,50,0.0,0.0,25.53,71.67,17.3,2,48.67,dry,Partly cloudy,"Open-Meteo historical weather archive (ERA5-based reanalysis, ~9 km grid)",measured (Open-Meteo reanalysis)
2026-07-16,5,2026-07-16T05:00,05:00-06:00,2026-07-16T06:00,0.0,0.0,24.9,75,16.9,2,67,0.0,0.0,25.3,72,15.7,2,61,0.0,0.0,25.9,69,14.8,2,66,0.0,0.0,25.37,72.0,15.8,2,64.67,dry,Partly cloudy,"Open-Meteo historical weather archive (ERA5-based reanalysis, ~9 km grid)",measured (Open-Meteo reanalysis)
2026-07-16,6,2026-07-16T06:00,06:00-07:00,2026-07-16T07:00,0.0,0.0,25.8,73,20.7,3,95,0.0,0.0,26.2,69,19.1,3,96,0.0,0.0,26.7,67,17.2,3,95,0.0,0.0,26.23,69.67,19.0,3,95.33,dry,Overcast,"Open-Meteo historical weather archive (ERA5-based reanalysis, ~9 km grid)",measured (Open-Meteo reanalysis)
2026-07-16,7,2026-07-16T07:00,07:00-08:00,2026-07-16T08:00,0.0,0.0,27.0,68,22.7,3,83,0.0,0.0,27.6,63,20.7,3,89,0.0,0.0,28.1,60,18.8,3,94,0.0,0.0,27.57,63.67,20.73,3,88.67,dry,Overcast,"Open-Meteo historical weather archive (ERA5-based reanalysis, ~9 km grid)",measured (Open-Meteo reanalysis)
2026-07-16,8,2026-07-16T08:00,08:00-09:00,2026-07-16T09:00,0.0,0.0,28.2,63,21.0,3,95,0.0,0.0,29.1,57,20.2,3,97,0.0,0.0,29.6,53,19.0,3,98,0.0,0.0,28.97,57.67,20.07,3,96.67,dry,Overcast,"Open-Meteo historical weather archive (ERA5-based reanalysis, ~9 km grid)",measured (Open-Meteo reanalysis)
2026-07-16,9,2026-07-16T09:00,09:00-10:00,2026-07-16T10:00,0.0,0.0,29.5,58,20.3,2,64,0.0,0.0,30.2,53,18.3,2,64,0.0,0.0,30.8,51,15.8,2,69,0.0,0.0,30.17,54.0,18.13,2,65.67,dry,Partly cloudy,"Open-Meteo historical weather archive (ERA5-based reanalysis, ~9 km grid)",measured (Open-Meteo reanalysis)
2026-07-16,10,2026-07-16T10:00,10:00-11:00,2026-07-16T11:00,0.0,0.0,30.3,56,17.4,3,81,0.0,0.0,30.1,53,16.1,3,83,0.0,0.0,31.8,47,14.0,3,91,0.0,0.0,30.73,52.0,15.83,3,85.0,dry,Overcast,"Open-Meteo historical weather archive (ERA5-based reanalysis, ~9 km grid)",measured (Open-Meteo reanalysis)
2026-07-16,11,2026-07-16T11:00,11:00-12:00,2026-07-16T12:00,0.0,0.0,31.1,53,17.6,3,97,0.8,0.8,31.4,51,15.0,53,98,0.7,0.7,31.4,49,13.1,53,96,0.5,0.5,31.3,51.0,15.23,53,97.0,light,Drizzle,"Open-Meteo historical weather archive (ERA5-based reanalysis, ~9 km grid)",measured (Open-Meteo reanalysis)
2026-07-16,12,2026-07-16T12:00,12:00-13:00,2026-07-16T13:00,0.0,0.0,31.2,52,16.7,3,100,0.0,0.0,32.1,47,16.3,3,100,0.1,0.1,32.6,45,14.1,51,100,0.03,0.03,31.97,48.0,15.7,51,100.0,dry,Light drizzle,"Open-Meteo historical weather archive (ERA5-based reanalysis, ~9 km grid)",measured (Open-Meteo reanalysis)
2026-07-16,13,2026-07-16T13:00,13:00-14:00,2026-07-16T14:00,0.0,0.0,30.3,54,16.0,3,100,0.0,0.0,31.0,49,13.6,3,100,0.0,0.0,31.5,47,12.0,3,100,0.0,0.0,30.93,50.0,13.87,3,100.0,dry,Overcast,"Open-Meteo historical weather archive (ERA5-based reanalysis, ~9 km grid)",measured (Open-Meteo reanalysis)
2026-07-16,14,2026-07-16T14:00,14:00-15:00,2026-07-16T15:00,0.3,0.3,30.1,56,15.6,51,100,0.0,0.0,30.6,51,11.6,3,100,0.0,0.0,30.7,50,10.3,3,100,0.1,0.1,30.47,52.33,12.5,51,100.0,light,Light drizzle,"Open-Meteo historical weather archive (ERA5-based reanalysis, ~9 km grid)",measured (Open-Meteo reanalysis)
2026-07-16,15,2026-07-16T15:00,15:00-16:00,2026-07-16T16:00,0.0,0.0,29.9,54,13.4,3,100,0.0,0.0,30.6,52,8.0,3,100,0.0,0.0,30.0,54,5.7,3,100,0.0,0.0,30.17,53.33,9.03,3,100.0,dry,Overcast,"Open-Meteo historical weather archive (ERA5-based reanalysis, ~9 km grid)",measured (Open-Meteo reanalysis)
2026-07-16,16,2026-07-16T16:00,16:00-17:00,2026-07-16T17:00,0.0,0.0,27.1,80,10.3,3,100,0.0,0.0,28.7,61,12.5,3,100,0.0,0.0,28.9,60,12.8,3,100,0.0,0.0,28.23,67.0,11.87,3,100.0,dry,Overcast,"Open-Meteo historical weather archive (ERA5-based reanalysis, ~9 km grid)",measured (Open-Meteo reanalysis)
2026-07-16,17,2026-07-16T17:00,17:00-18:00,2026-07-16T18:00,0.1,0.1,27.1,76,7.9,51,100,0.0,0.0,28.5,60,9.6,3,100,0.1,0.1,29.3,55,11.9,51,100,0.07,0.07,28.3,63.67,9.8,51,100.0,dry,Light drizzle,"Open-Meteo historical weather archive (ERA5-based reanalysis, ~9 km grid)",measured (Open-Meteo reanalysis)
2026-07-16,18,2026-07-16T18:00,18:00-19:00,2026-07-16T19:00,0.0,0.0,27.1,76,4.7,3,100,0.0,0.0,28.3,62,6.2,3,99,0.0,0.0,29.3,56,7.7,3,100,0.0,0.0,28.23,64.67,6.2,3,99.67,dry,Overcast,"Open-Meteo historical weather archive (ERA5-based reanalysis, ~9 km grid)",measured (Open-Meteo reanalysis)
2026-07-16,19,2026-07-16T19:00,19:00-20:00,2026-07-16T20:00,0.0,0.0,27.0,76,4.1,3,100,0.0,0.0,27.7,67,5.9,3,100,0.0,0.0,28.8,60,7.8,3,100,0.0,0.0,27.83,67.67,5.93,3,100.0,dry,Overcast,"Open-Meteo historical weather archive (ERA5-based reanalysis, ~9 km grid)",measured (Open-Meteo reanalysis)
2026-07-16,20,2026-07-16T20:00,20:00-21:00,2026-07-16T21:00,0.0,0.0,26.8,76,6.9,3,100,0.0,0.0,27.8,67,6.8,3,100,0.0,0.0,28.7,62,6.3,3,100,0.0,0.0,27.77,68.33,6.67,3,100.0,dry,Overcast,"Open-Meteo historical weather archive (ERA5-based reanalysis, ~9 km grid)",measured (Open-Meteo reanalysis)
2026-07-16,21,2026-07-16T21:00,21:00-22:00,2026-07-16T22:00,0.0,0.0,26.8,72,8.9,3,100,0.0,0.0,27.6,66,9.3,3,100,0.0,0.0,28.3,63,8.3,3,100,0.0,0.0,27.57,67.0,8.83,3,100.0,dry,Overcast,"Open-Meteo historical weather archive (ERA5-based reanalysis, ~9 km grid)",measured (Open-Meteo reanalysis)
2026-07-16,22,2026-07-16T22:00,22:00-23:00,2026-07-16T23:00,0.0,0.0,23.1,90,10.5,3,100,0.0,0.0,24.5,82,8.5,3,100,0.1,0.1,25.4,78,9.6,51,100,0.03,0.03,24.33,83.33,9.53,51,100.0,dry,Light drizzle,"Open-Meteo historical weather archive (ERA5-based reanalysis, ~9 km grid)",measured (Open-Meteo reanalysis)
2026-07-16,23,2026-07-16T23:00,23:00-24:00,2026-07-17T00:00,1.9,1.9,22.6,96,16.9,61,100,2.2,2.2,22.6,97,11.8,61,100,1.3,1.3,23.3,90,12.9,61,100,1.8,1.8,22.83,94.33,13.87,61,100.0,moderate,Light rain,"Open-Meteo historical weather archive (ERA5-based reanalysis, ~9 km grid)",measured (Open-Meteo reanalysis)
2026-07-17,0,2026-07-17T00:00,00:00-01:00,2026-07-17T01:00,1.5,1.5,22.8,96,11.9,61,100,0.6,0.6,23.3,95,9.7,53,100,0.4,0.4,24.0,88,10.1,51,99,0.83,0.83,23.37,93.0,10.57,61,99.67,light,Light rain,"Open-Meteo historical weather archive (ERA5-based reanalysis, ~9 km grid)",measured (Open-Meteo reanalysis)
2026-07-17,1,2026-07-17T01:00,01:00-02:00,2026-07-17T02:00,0.6,0.6,23.4,97,12.3,53,100,0.3,0.3,23.6,96,8.6,51,100,0.1,0.1,24.2,86,6.3,51,100,0.33,0.33,23.73,93.0,9.07,53,100.0,light,Drizzle,"Open-Meteo historical weather archive (ERA5-based reanalysis, ~9 km grid)",measured (Open-Meteo reanalysis)
2026-07-17,2,2026-07-17T02:00,02:00-03:00,2026-07-17T03:00,0.0,0.0,23.3,92,14.7,3,100,0.0,0.0,23.7,92,11.9,3,100,0.2,0.2,24.4,86,10.2,51,100,0.07,0.07,23.8,90.0,12.27,51,100.0,dry,Light drizzle,"Open-Meteo historical weather archive (ERA5-based reanalysis, ~9 km grid)",measured (Open-Meteo reanalysis)
2026-07-17,3,2026-07-17T03:00,03:00-04:00,2026-07-17T04:00,0.0,0.0,23.3,90,14.4,3,100,0.0,0.0,23.6,88,11.4,3,100,0.0,0.0,24.3,85,9.0,3,100,0.0,0.0,23.73,87.67,11.6,3,100.0,dry,Overcast,"Open-Meteo historical weather archive (ERA5-based reanalysis, ~9 km grid)",measured (Open-Meteo reanalysis)
2026-07-17,4,2026-07-17T04:00,04:00-05:00,2026-07-17T05:00,0.1,0.1,23.3,88,13.7,51,100,0.1,0.1,23.8,84,12.8,51,100,0.1,0.1,24.7,78,11.0,51,100,0.1,0.1,23.93,83.33,12.5,51,100.0,light,Light drizzle,"Open-Meteo historical weather archive (ERA5-based reanalysis, ~9 km grid)",measured (Open-Meteo reanalysis)
2026-07-17,5,2026-07-17T05:00,05:00-06:00,2026-07-17T06:00,0.0,0.0,23.6,88,13.7,3,100,0.1,0.1,23.8,83,12.3,51,100,0.1,0.1,24.5,80,10.4,51,100,0.07,0.07,23.97,83.67,12.13,51,100.0,dry,Light drizzle,"Open-Meteo historical weather archive (ERA5-based reanalysis, ~9 km grid)",measured (Open-Meteo reanalysis)
2026-07-17,6,2026-07-17T06:00,06:00-07:00,2026-07-17T07:00,0.1,0.1,24.3,86,15.7,51,100,0.2,0.2,24.4,83,13.2,51,100,0.2,0.2,25.0,79,11.6,51,100,0.17,0.17,24.57,82.67,13.5,51,100.0,light,Light drizzle,"Open-Meteo historical weather archive (ERA5-based reanalysis, ~9 km grid)",measured (Open-Meteo reanalysis)
2026-07-17,7,2026-07-17T07:00,07:00-08:00,2026-07-17T08:00,0.3,0.3,24.2,89,14.2,51,100,0.2,0.2,24.8,84,13.7,51,100,0.2,0.2,25.4,79,13.1,51,100,0.23,0.23,24.8,84.0,13.67,51,100.0,light,Light drizzle,"Open-Meteo historical weather archive (ERA5-based reanalysis, ~9 km grid)",measured (Open-Meteo reanalysis)
2026-07-17,8,2026-07-17T08:00,08:00-09:00,2026-07-17T09:00,0.6,0.6,24.4,92,12.3,53,100,0.5,0.5,24.7,87,11.5,53,100,0.4,0.4,25.4,81,11.4,51,100,0.5,0.5,24.83,86.67,11.73,53,100.0,light,Drizzle,"Open-Meteo historical weather archive (ERA5-based reanalysis, ~9 km grid)",measured (Open-Meteo reanalysis)
2026-07-17,9,2026-07-17T09:00,09:00-10:00,2026-07-17T10:00,0.7,0.7,24.8,91,13.0,53,100,0.7,0.7,25.1,87,12.6,53,100,0.6,0.6,25.9,79,12.6,53,100,0.67,0.67,25.27,85.67,12.73,53,100.0,light,Drizzle,"Open-Meteo historical weather archive (ERA5-based reanalysis, ~9 km grid)",measured (Open-Meteo reanalysis)
2026-07-17,10,2026-07-17T10:00,10:00-11:00,2026-07-17T11:00,0.3,0.3,25.0,90,13.3,51,100,0.5,0.5,24.8,89,12.1,53,100,0.4,0.4,25.9,80,11.9,51,100,0.4,0.4,25.23,86.33,12.43,53,100.0,light,Drizzle,"Open-Meteo historical weather archive (ERA5-based reanalysis, ~9 km grid)",measured (Open-Meteo reanalysis)
2026-07-17,11,2026-07-17T11:00,11:00-12:00,2026-07-17T12:00,0.6,0.6,25.1,89,13.9,53,100,0.6,0.6,26.1,84,12.4,53,100,0.5,0.5,26.8,76,11.2,53,100,0.57,0.57,26.0,83.0,12.5,53,100.0,light,Drizzle,"Open-Meteo historical weather archive (ERA5-based reanalysis, ~9 km grid)",measured (Open-Meteo reanalysis)
2026-07-17,12,2026-07-17T12:00,12:00-13:00,2026-07-17T13:00,3.2,3.2,24.2,94,7.1,63,100,2.0,2.0,24.7,91,9.9,61,100,1.3,1.3,25.8,80,13.0,61,100,2.17,2.17,24.9,88.33,10.0,63,100.0,moderate,Rain,"Open-Meteo historical weather archive (ERA5-based reanalysis, ~9 km grid)",measured (Open-Meteo reanalysis)
2026-07-17,13,2026-07-17T13:00,13:00-14:00,2026-07-17T14:00,2.6,2.6,25.2,91,2.2,63,100,1.5,1.5,24.8,92,5.7,61,100,1.5,1.5,25.0,87,8.8,61,100,1.87,1.87,25.0,90.0,5.57,63,100.0,moderate,Rain,"Open-Meteo historical weather archive (ERA5-based reanalysis, ~9 km grid)",measured (Open-Meteo reanalysis)
2026-07-17,14,2026-07-17T14:00,14:00-15:00,2026-07-17T15:00,1.1,1.1,26.3,87,8.8,55,100,1.1,1.1,26.2,88,6.3,55,100,1.6,1.6,26.1,85,5.8,61,100,1.27,1.27,26.2,86.67,6.97,61,100.0,moderate,Light rain,"Open-Meteo historical weather archive (ERA5-based reanalysis, ~9 km grid)",measured (Open-Meteo reanalysis)
2026-07-17,15,2026-07-17T15:00,15:00-16:00,2026-07-17T16:00,3.8,3.8,25.2,91,7.3,63,100,2.7,2.7,25.0,90,9.6,63,99,2.2,2.2,25.1,90,8.6,61,100,2.9,2.9,25.1,90.33,8.5,63,99.67,moderate,Rain,"Open-Meteo historical weather archive (ERA5-based reanalysis, ~9 km grid)",measured (Open-Meteo reanalysis)
2026-07-17,16,2026-07-17T16:00,16:00-17:00,2026-07-17T17:00,1.6,1.6,26.7,73,13.4,61,100,2.2,2.2,28.1,62,9.3,61,100,2.2,2.2,29.3,55,9.6,61,100,2.0,2.0,28.03,63.33,10.77,61,100.0,moderate,Light rain,"Open-Meteo historical weather archive (ERA5-based reanalysis, ~9 km grid)",measured (Open-Meteo reanalysis)
2026-07-17,17,2026-07-17T17:00,17:00-18:00,2026-07-17T18:00,0.4,0.4,25.0,88,5.3,51,100,0.5,0.5,26.0,78,8.0,53,100,0.2,0.2,27.3,67,9.6,51,100,0.37,0.37,26.1,77.67,7.63,53,100.0,light,Drizzle,"Open-Meteo historical weather archive (ERA5-based reanalysis, ~9 km grid)",measured (Open-Meteo reanalysis)
2026-07-17,18,2026-07-17T18:00,18:00-19:00,2026-07-17T19:00,0.2,0.2,24.7,92,4.8,51,99,0.2,0.2,25.4,83,5.1,51,98,0.1,0.1,26.3,74,4.7,51,99,0.17,0.17,25.47,83.0,4.87,51,98.67,light,Light drizzle,"Open-Meteo historical weather archive (ERA5-based reanalysis, ~9 km grid)",measured (Open-Meteo reanalysis)
2026-07-17,19,2026-07-17T19:00,19:00-20:00,2026-07-17T20:00,0.3,0.3,24.5,93,2.5,51,99,0.0,0.0,25.0,86,5.4,3,99,0.0,0.0,26.1,76,5.8,3,100,0.1,0.1,25.2,85.0,4.57,51,99.33,light,Light drizzle,"Open-Meteo historical weather archive (ERA5-based reanalysis, ~9 km grid)",measured (Open-Meteo reanalysis)
2026-07-17,20,2026-07-17T20:00,20:00-21:00,2026-07-17T21:00,0.1,0.1,24.4,94,4.1,51,100,0.0,0.0,25.0,86,5.2,3,100,0.0,0.0,25.9,77,5.6,3,99,0.03,0.03,25.1,85.67,4.97,51,99.67,dry,Light drizzle,"Open-Meteo historical weather archive (ERA5-based reanalysis, ~9 km grid)",measured (Open-Meteo reanalysis)
2026-07-17,21,2026-07-17T21:00,21:00-22:00,2026-07-17T22:00,0.1,0.1,24.5,95,5.2,51,99,0.0,0.0,25.1,87,6.3,3,100,0.0,0.0,25.9,78,5.7,3,100,0.03,0.03,25.17,86.67,5.73,51,99.67,dry,Light drizzle,"Open-Meteo historical weather archive (ERA5-based reanalysis, ~9 km grid)",measured (Open-Meteo reanalysis)
2026-07-17,22,2026-07-17T22:00,22:00-23:00,2026-07-17T23:00,0.1,0.1,23.7,86,14.6,51,100,0.2,0.2,24.7,79,13.2,51,98,0.0,0.0,25.6,73,12.1,3,98,0.1,0.1,24.67,79.33,13.3,51,98.67,light,Light drizzle,"Open-Meteo historical weather archive (ERA5-based reanalysis, ~9 km grid)",measured (Open-Meteo reanalysis)
2026-07-17,23,2026-07-17T23:00,23:00-24:00,2026-07-18T00:00,0.0,0.0,23.6,87,16.0,3,93,0.0,0.0,24.2,82,13.9,3,97,0.0,0.0,25.0,77,13.4,3,99,0.0,0.0,24.27,82.0,14.43,3,96.33,dry,Overcast,"Open-Meteo historical weather archive (ERA5-based reanalysis, ~9 km grid)",measured (Open-Meteo reanalysis)
2026-07-18,0,2026-07-18T00:00,00:00-01:00,2026-07-18T01:00,0.0,0.0,23.3,89,16.7,3,99,0.0,0.0,23.9,84,15.1,3,98,0.0,0.0,24.6,79,14.6,3,98,0.0,0.0,23.93,84.0,15.47,3,98.33,dry,Overcast,"Open-Meteo historical weather archive (ERA5-based reanalysis, ~9 km grid)",measured (Open-Meteo reanalysis)
2026-07-18,1,2026-07-18T01:00,01:00-02:00,2026-07-18T02:00,0.7,0.7,22.6,95,17.5,53,100,0.3,0.3,23.2,89,15.1,51,100,0.0,0.0,24.1,82,13.5,3,100,0.33,0.33,23.3,88.67,15.37,53,100.0,light,Drizzle,"Open-Meteo historical weather archive (ERA5-based reanalysis, ~9 km grid)",measured (Open-Meteo reanalysis)
2026-07-18,2,2026-07-18T02:00,02:00-03:00,2026-07-18T03:00,0.3,0.3,22.7,95,15.5,51,100,1.5,1.5,22.7,95,14.7,61,100,1.0,1.0,23.2,91,13.6,55,100,0.93,0.93,22.87,93.67,14.6,61,100.0,light,Light rain,"Open-Meteo historical weather archive (ERA5-based reanalysis, ~9 km grid)",measured (Open-Meteo reanalysis)
2026-07-18,3,2026-07-18T03:00,03:00-04:00,2026-07-18T04:00,0.2,0.2,22.7,95,15.7,51,100,0.6,0.6,22.9,94,15.4,53,100,0.8,0.8,23.4,91,13.4,53,100,0.53,0.53,23.0,93.33,14.83,53,100.0,light,Drizzle,"Open-Meteo historical weather archive (ERA5-based reanalysis, ~9 km grid)",measured (Open-Meteo reanalysis)
2026-07-18,4,2026-07-18T04:00,04:00-05:00,2026-07-18T05:00,0.1,0.1,23.0,95,17.5,51,91,0.3,0.3,23.4,92,15.5,51,98,0.2,0.2,24.0,89,13.2,51,100,0.2,0.2,23.47,92.0,15.4,51,96.33,light,Light drizzle,"Open-Meteo historical weather archive (ERA5-based reanalysis, ~9 km grid)",measured (Open-Meteo reanalysis)
2026-07-18,5,2026-07-18T05:00,05:00-06:00,2026-07-18T06:00,0.0,0.0,23.3,93,17.6,3,94,0.0,0.0,23.7,90,15.3,3,98,0.0,0.0,24.2,86,12.9,3,99,0.0,0.0,23.73,89.67,15.27,3,97.0,dry,Overcast,"Open-Meteo historical weather archive (ERA5-based reanalysis, ~9 km grid)",measured (Open-Meteo reanalysis)
2026-07-18,6,2026-07-18T06:00,06:00-07:00,2026-07-18T07:00,0.0,0.0,24.1,88,17.8,3,100,0.0,0.0,24.4,86,15.8,3,97,0.0,0.0,24.9,82,14.5,3,98,0.0,0.0,24.47,85.33,16.03,3,98.33,dry,Overcast,"Open-Meteo historical weather archive (ERA5-based reanalysis, ~9 km grid)",measured (Open-Meteo reanalysis)
2026-07-18,7,2026-07-18T07:00,07:00-08:00,2026-07-18T08:00,0.0,0.0,25.1,82,19.0,3,100,0.0,0.0,25.8,77,18.0,3,97,0.0,0.0,26.4,73,16.8,3,98,0.0,0.0,25.77,77.33,17.93,3,98.33,dry,Overcast,"Open-Meteo historical weather archive (ERA5-based reanalysis, ~9 km grid)",measured (Open-Meteo reanalysis)
2026-07-18,8,2026-07-18T08:00,08:00-09:00,2026-07-18T09:00,0.0,0.0,26.1,75,21.1,3,99,0.1,0.1,26.9,71,18.8,51,99,0.0,0.0,27.4,67,16.8,3,99,0.03,0.03,26.8,71.0,18.9,51,99.0,dry,Light drizzle,"Open-Meteo historical weather archive (ERA5-based reanalysis, ~9 km grid)",measured (Open-Meteo reanalysis)
2026-07-18,9,2026-07-18T09:00,09:00-10:00,2026-07-18T10:00,1.0,1.0,25.7,79,18.1,55,100,0.5,0.5,26.0,77,16.4,53,99,0.1,0.1,27.4,67,14.8,51,100,0.53,0.53,26.37,74.33,16.43,55,99.67,light,Dense drizzle,"Open-Meteo historical weather archive (ERA5-based reanalysis, ~9 km grid)",measured (Open-Meteo reanalysis)
2026-07-18,10,2026-07-18T10:00,10:00-11:00,2026-07-18T11:00,1.0,1.0,27.9,64,18.3,55,100,0.4,0.4,28.1,62,15.7,51,100,0.7,0.7,28.2,62,13.4,53,100,0.7,0.7,28.07,62.67,15.8,55,100.0,light,Dense drizzle,"Open-Meteo historical weather archive (ERA5-based reanalysis, ~9 km grid)",measured (Open-Meteo reanalysis)
2026-07-18,11,2026-07-18T11:00,11:00-12:00,2026-07-18T12:00,0.0,0.0,27.9,62,17.8,3,98,0.1,0.1,27.9,60,14.5,51,100,0.8,0.8,27.2,66,12.0,53,100,0.3,0.3,27.67,62.67,14.77,53,99.33,light,Drizzle,"Open-Meteo historical weather archive (ERA5-based reanalysis, ~9 km grid)",measured (Open-Meteo reanalysis)
2026-07-18,12,2026-07-18T12:00,12:00-13:00,2026-07-18T13:00,0.0,0.0,27.9,63,17.9,3,93,0.0,0.0,28.2,58,15.2,3,100,0.0,0.0,28.4,58,13.4,3,100,0.0,0.0,28.17,59.67,15.5,3,97.67,dry,Overcast,"Open-Meteo historical weather archive (ERA5-based reanalysis, ~9 km grid)",measured (Open-Meteo reanalysis)
2026-07-18,13,2026-07-18T13:00,13:00-14:00,2026-07-18T14:00,0.0,0.0,28.3,62,18.1,3,100,0.0,0.0,28.6,58,16.1,3,100,0.0,0.0,28.5,58,12.8,3,100,0.0,0.0,28.47,59.33,15.67,3,100.0,dry,Overcast,"Open-Meteo historical weather archive (ERA5-based reanalysis, ~9 km grid)",measured (Open-Meteo reanalysis)
2026-07-18,14,2026-07-18T14:00,14:00-15:00,2026-07-18T15:00,0.5,0.5,27.3,72,15.7,53,99,0.0,0.0,28.6,58,15.2,3,100,0.1,0.1,28.6,58,12.6,51,100,0.2,0.2,28.17,62.67,14.5,53,99.67,light,Drizzle,"Open-Meteo historical weather archive (ERA5-based reanalysis, ~9 km grid)",measured (Open-Meteo reanalysis)
2026-07-18,15,2026-07-18T15:00,15:00-16:00,2026-07-18T16:00,1.6,1.6,24.5,88,20.1,61,100,0.6,0.6,26.2,74,13.6,53,100,1.6,1.6,26.1,79,8.7,61,100,1.27,1.27,25.6,80.33,14.13,61,100.0,moderate,Light rain,"Open-Meteo historical weather archive (ERA5-based reanalysis, ~9 km grid)",measured (Open-Meteo reanalysis)
2026-07-18,16,2026-07-18T16:00,16:00-17:00,2026-07-18T17:00,2.7,2.7,26.2,74,15.5,63,98,2.0,2.0,27.2,67,13.9,61,93,1.3,1.3,27.5,66,12.4,61,94,2.0,2.0,26.97,69.0,13.93,63,95.0,moderate,Rain,"Open-Meteo historical weather archive (ERA5-based reanalysis, ~9 km grid)",measured (Open-Meteo reanalysis)
2026-07-18,17,2026-07-18T17:00,17:00-18:00,2026-07-18T18:00,0.1,0.1,24.8,84,13.8,51,100,0.0,0.0,25.8,76,13.8,3,99,0.0,0.0,26.1,75,11.9,3,100,0.03,0.03,25.57,78.33,13.17,51,99.67,dry,Light drizzle,"Open-Meteo historical weather archive (ERA5-based reanalysis, ~9 km grid)",measured (Open-Meteo reanalysis)
2026-07-18,18,2026-07-18T18:00,18:00-19:00,2026-07-18T19:00,0.3,0.3,23.9,91,11.2,51,100,0.5,0.5,24.6,86,10.6,53,99,0.4,0.4,25.1,82,10.1,51,100,0.4,0.4,24.53,86.33,10.63,53,99.67,light,Drizzle,"Open-Meteo historical weather archive (ERA5-based reanalysis, ~9 km grid)",measured (Open-Meteo reanalysis)
2026-07-18,19,2026-07-18T19:00,19:00-20:00,2026-07-18T20:00,0.5,0.5,23.8,94,11.6,53,100,0.8,0.8,24.0,93,10.5,53,100,0.5,0.5,24.5,88,9.8,53,100,0.6,0.6,24.1,91.67,10.63,53,100.0,light,Drizzle,"Open-Meteo historical weather archive (ERA5-based reanalysis, ~9 km grid)",measured (Open-Meteo reanalysis)
2026-07-18,20,2026-07-18T20:00,20:00-21:00,2026-07-18T21:00,0.0,0.0,23.9,93,12.8,3,100,0.2,0.2,24.2,92,10.5,51,100,0.5,0.5,24.4,91,9.0,53,100,0.23,0.23,24.17,92.0,10.77,53,100.0,light,Drizzle,"Open-Meteo historical weather archive (ERA5-based reanalysis, ~9 km grid)",measured (Open-Meteo reanalysis)
2026-07-18,21,2026-07-18T21:00,21:00-22:00,2026-07-18T22:00,0.2,0.2,23.9,93,13.9,51,96,0.0,0.0,24.3,90,12.1,3,100,0.1,0.1,24.6,90,10.6,51,100,0.1,0.1,24.27,91.0,12.2,51,98.67,light,Light drizzle,"Open-Meteo historical weather archive (ERA5-based reanalysis, ~9 km grid)",measured (Open-Meteo reanalysis)
2026-07-18,22,2026-07-18T22:00,22:00-23:00,2026-07-18T23:00,0.0,0.0,23.6,90,18.2,3,100,0.0,0.0,24.0,88,15.1,3,100,0.1,0.1,24.4,87,13.4,51,100,0.03,0.03,24.0,88.33,15.57,51,100.0,dry,Light drizzle,"Open-Meteo historical weather archive (ERA5-based reanalysis, ~9 km grid)",measured (Open-Meteo reanalysis)
2026-07-18,23,2026-07-18T23:00,23:00-24:00,2026-07-19T00:00,0.0,0.0,23.4,89,17.1,3,100,0.1,0.1,23.7,87,14.7,51,100,0.2,0.2,24.0,86,12.8,51,100,0.1,0.1,23.7,87.33,14.87,51,100.0,light,Light drizzle,"Open-Meteo historical weather archive (ERA5-based reanalysis, ~9 km grid)",measured (Open-Meteo reanalysis)
2026-07-19,0,2026-07-19T00:00,00:00-01:00,2026-07-19T01:00,0.0,0.0,23.3,89,15.5,3,100,0.0,0.0,23.6,87,13.1,3,100,0.0,0.0,23.9,86,11.6,3,100,0.0,0.0,23.6,87.33,13.4,3,100.0,dry,Overcast,"Open-Meteo historical weather archive (ERA5-based reanalysis, ~9 km grid)",measured (Open-Meteo reanalysis)
2026-07-19,1,2026-07-19T01:00,01:00-02:00,2026-07-19T02:00,0.0,0.0,23.3,90,14.3,3,100,0.0,0.0,23.5,88,12.3,3,100,0.0,0.0,23.8,87,11.4,3,100,0.0,0.0,23.53,88.33,12.67,3,100.0,dry,Overcast,"Open-Meteo historical weather archive (ERA5-based reanalysis, ~9 km grid)",measured (Open-Meteo reanalysis)
2026-07-19,2,2026-07-19T02:00,02:00-03:00,2026-07-19T03:00,0.0,0.0,23.2,90,13.7,3,100,0.0,0.0,23.5,89,11.7,3,100,0.0,0.0,23.7,87,10.4,3,100,0.0,0.0,23.47,88.67,11.93,3,100.0,dry,Overcast,"Open-Meteo historical weather archive (ERA5-based reanalysis, ~9 km grid)",measured (Open-Meteo reanalysis)
2026-07-19,3,2026-07-19T03:00,03:00-04:00,2026-07-19T04:00,0.0,0.0,23.3,90,13.5,3,100,0.0,0.0,23.6,88,11.6,3,100,0.0,0.0,23.8,87,10.3,3,100,0.0,0.0,23.57,88.33,11.8,3,100.0,dry,Overcast,"Open-Meteo historical weather archive (ERA5-based reanalysis, ~9 km grid)",measured (Open-Meteo reanalysis)
2026-07-19,4,2026-07-19T04:00,04:00-05:00,2026-07-19T05:00,0.0,0.0,23.5,90,12.6,3,98,0.0,0.0,23.7,89,11.9,3,98,0.0,0.0,23.9,89,10.4,3,98,0.0,0.0,23.7,89.33,11.63,3,98.0,dry,Overcast,"Open-Meteo historical weather archive (ERA5-based reanalysis, ~9 km grid)",measured (Open-Meteo reanalysis)
2026-07-19,5,2026-07-19T05:00,05:00-06:00,2026-07-19T06:00,0.0,0.0,23.6,90,12.1,3,97,0.0,0.0,23.8,89,10.4,3,97,0.0,0.0,23.9,89,9.0,3,97,0.0,0.0,23.77,89.33,10.5,3,97.0,dry,Overcast,"Open-Meteo historical weather archive (ERA5-based reanalysis, ~9 km grid)",measured (Open-Meteo reanalysis)
2026-07-19,6,2026-07-19T06:00,06:00-07:00,2026-07-19T07:00,0.0,0.0,24.7,85,15.7,3,99,0.0,0.0,24.6,85,13.0,3,98,0.0,0.0,24.6,85,11.2,3,98,0.0,0.0,24.63,85.0,13.3,3,98.33,dry,Overcast,"Open-Meteo historical weather archive (ERA5-based reanalysis, ~9 km grid)",measured (Open-Meteo reanalysis)
2026-07-19,7,2026-07-19T07:00,07:00-08:00,2026-07-19T08:00,0.1,0.1,25.6,81,18.0,51,98,0.0,0.0,26.0,77,17.8,3,99,0.0,0.0,26.1,76,15.7,3,100,0.03,0.03,25.9,78.0,17.17,51,99.0,dry,Light drizzle,"Open-Meteo historical weather archive (ERA5-based reanalysis, ~9 km grid)",measured (Open-Meteo reanalysis)
2026-07-19,8,2026-07-19T08:00,08:00-09:00,2026-07-19T09:00,0.0,0.0,26.5,74,17.2,3,97,0.4,0.4,25.9,77,14.9,51,91,0.3,0.3,25.8,77,13.9,51,88,0.23,0.23,26.07,76.0,15.33,51,92.0,light,Light drizzle,"Open-Meteo historical weather archive (ERA5-based reanalysis, ~9 km grid)",measured (Open-Meteo reanalysis)
2026-07-19,9,2026-07-19T09:00,09:00-10:00,2026-07-19T10:00,0.0,0.0,27.5,69,18.2,2,76,0.0,0.0,27.9,66,17.5,2,79,0.1,0.1,28.2,66,15.2,51,83,0.03,0.03,27.87,67.0,16.97,51,79.33,dry,Light drizzle,"Open-Meteo historical weather archive (ERA5-based reanalysis, ~9 km grid)",measured (Open-Meteo reanalysis)
2026-07-19,10,2026-07-19T10:00,10:00-11:00,2026-07-19T11:00,0.1,0.1,28.2,63,17.4,51,90,0.1,0.1,28.2,63,15.6,51,90,0.0,0.0,28.4,63,13.5,2,74,0.07,0.07,28.27,63.0,15.5,51,84.67,dry,Light drizzle,"Open-Meteo historical weather archive (ERA5-based reanalysis, ~9 km grid)",measured (Open-Meteo reanalysis)
2026-07-19,11,2026-07-19T11:00,11:00-12:00,2026-07-19T12:00,0.0,0.0,29.7,55,18.1,1,37,0.0,0.0,29.5,56,15.1,2,51,0.0,0.0,29.1,58,13.2,2,54,0.0,0.0,29.43,56.33,15.47,2,47.33,dry,Partly cloudy,"Open-Meteo historical weather archive (ERA5-based reanalysis, ~9 km grid)",measured (Open-Meteo reanalysis)
2026-07-19,12,2026-07-19T12:00,12:00-13:00,2026-07-19T13:00,0.0,0.0,30.6,51,17.6,2,64,0.0,0.0,30.7,50,15.9,2,56,0.0,0.0,30.5,51,13.2,2,66,0.0,0.0,30.6,50.67,15.57,2,62.0,dry,Partly cloudy,"Open-Meteo historical weather archive (ERA5-based reanalysis, ~9 km grid)",measured (Open-Meteo reanalysis)
2026-07-19,13,2026-07-19T13:00,13:00-14:00,2026-07-19T14:00,0.0,0.0,30.1,52,17.4,3,84,0.0,0.0,30.4,50,15.9,3,85,0.0,0.0,30.6,50,12.9,3,80,0.0,0.0,30.37,50.67,15.4,3,83.0,dry,Overcast,"Open-Meteo historical weather archive (ERA5-based reanalysis, ~9 km grid)",measured (Open-Meteo reanalysis)
2026-07-19,14,2026-07-19T14:00,14:00-15:00,2026-07-19T15:00,0.0,0.0,29.4,60,16.7,3,93,0.0,0.0,29.1,60,17.1,3,91,0.0,0.0,29.9,54,15.4,3,88,0.0,0.0,29.47,58.0,16.4,3,90.67,dry,Overcast,"Open-Meteo historical weather archive (ERA5-based reanalysis, ~9 km grid)",measured (Open-Meteo reanalysis)
2026-07-19,15,2026-07-19T15:00,15:00-16:00,2026-07-19T16:00,0.1,0.1,28.4,66,15.5,51,98,0.2,0.2,28.1,68,12.9,51,97,0.0,0.0,28.6,65,12.6,3,95,0.1,0.1,28.37,66.33,13.67,51,96.67,light,Light drizzle,"Open-Meteo historical weather archive (ERA5-based reanalysis, ~9 km grid)",measured (Open-Meteo reanalysis)
2026-07-19,16,2026-07-19T16:00,16:00-17:00,2026-07-19T17:00,0.1,0.1,26.8,76,13.9,51,98,0.1,0.1,26.9,75,13.5,51,97,0.0,0.0,27.7,69,15.4,3,98,0.07,0.07,27.13,73.33,14.27,51,97.67,dry,Light drizzle,"Open-Meteo historical weather archive (ERA5-based reanalysis, ~9 km grid)",measured (Open-Meteo reanalysis)
2026-07-19,17,2026-07-19T17:00,17:00-18:00,2026-07-19T18:00,0.0,0.0,26.7,77,12.1,3,98,0.2,0.2,26.7,79,10.1,51,98,0.1,0.1,26.8,77,9.1,51,99,0.1,0.1,26.73,77.67,10.43,51,98.33,light,Light drizzle,"Open-Meteo historical weather archive (ERA5-based reanalysis, ~9 km grid)",measured (Open-Meteo reanalysis)
2026-07-19,18,2026-07-19T18:00,18:00-19:00,2026-07-19T19:00,0.2,0.2,25.7,81,16.0,51,100,0.6,0.6,26.0,83,12.6,53,99,1.1,1.1,26.1,84,10.5,55,97,0.63,0.63,25.93,82.67,13.03,55,98.67,light,Dense drizzle,"Open-Meteo historical weather archive (ERA5-based reanalysis, ~9 km grid)",measured (Open-Meteo reanalysis)
2026-07-19,19,2026-07-19T19:00,19:00-20:00,2026-07-19T20:00,0.2,0.2,24.6,85,15.0,51,98,0.1,0.1,25.1,82,13.7,51,94,0.3,0.3,25.4,84,11.9,51,93,0.2,0.2,25.03,83.67,13.53,51,95.0,light,Light drizzle,"Open-Meteo historical weather archive (ERA5-based reanalysis, ~9 km grid)",measured (Open-Meteo reanalysis)
2026-07-19,20,2026-07-19T20:00,20:00-21:00,2026-07-19T21:00,0.1,0.1,24.1,89,14.1,51,93,0.5,0.5,24.1,89,12.5,53,96,0.1,0.1,24.7,85,11.4,51,91,0.23,0.23,24.3,87.67,12.67,53,93.33,light,Drizzle,"Open-Meteo historical weather archive (ERA5-based reanalysis, ~9 km grid)",measured (Open-Meteo reanalysis)
2026-07-19,21,2026-07-19T21:00,21:00-22:00,2026-07-19T22:00,0.2,0.2,23.8,91,16.8,51,98,0.2,0.2,24.0,91,14.9,51,96,0.2,0.2,24.4,87,12.6,51,97,0.2,0.2,24.07,89.67,14.77,51,97.0,light,Light drizzle,"Open-Meteo historical weather archive (ERA5-based reanalysis, ~9 km grid)",measured (Open-Meteo reanalysis)
2026-07-19,22,2026-07-19T22:00,22:00-23:00,2026-07-19T23:00,0.0,0.0,22.7,93,19.9,3,100,0.1,0.1,23.1,91,17.3,51,100,0.0,0.0,23.7,87,15.7,3,100,0.03,0.03,23.17,90.33,17.63,51,100.0,dry,Light drizzle,"Open-Meteo historical weather archive (ERA5-based reanalysis, ~9 km grid)",measured (Open-Meteo reanalysis)
2026-07-19,23,2026-07-19T23:00,23:00-24:00,2026-07-20T00:00,0.0,0.0,22.8,91,17.3,3,100,0.0,0.0,22.9,90,14.4,3,100,0.0,0.0,23.4,88,12.6,3,100,0.0,0.0,23.03,89.67,14.77,3,100.0,dry,Overcast,"Open-Meteo historical weather archive (ERA5-based reanalysis, ~9 km grid)",measured (Open-Meteo reanalysis)
2026-07-20,0,2026-07-20T00:00,00:00-01:00,2026-07-20T01:00,0.0,0.0,22.9,89,16.9,3,100,0.0,0.0,23.0,89,14.4,3,100,0.0,0.0,23.3,88,13.3,3,100,0.0,0.0,23.07,88.67,14.87,3,100.0,dry,Overcast,"Open-Meteo historical weather archive (ERA5-based reanalysis, ~9 km grid)",measured (Open-Meteo reanalysis)
2026-07-20,1,2026-07-20T01:00,01:00-02:00,2026-07-20T02:00,0.0,0.0,23.0,89,15.9,3,99,0.0,0.0,23.1,88,14.5,3,100,0.0,0.0,23.4,87,13.0,3,100,0.0,0.0,23.17,88.0,14.47,3,99.67,dry,Overcast,"Open-Meteo historical weather archive (ERA5-based reanalysis, ~9 km grid)",measured (Open-Meteo reanalysis)
2026-07-20,2,2026-07-20T02:00,02:00-03:00,2026-07-20T03:00,0.0,0.0,23.2,88,17.6,3,93,0.0,0.0,23.2,88,15.1,3,99,0.0,0.0,23.4,88,12.8,3,99,0.0,0.0,23.27,88.0,15.17,3,97.0,dry,Overcast,"Open-Meteo historical weather archive (ERA5-based reanalysis, ~9 km grid)",measured (Open-Meteo reanalysis)
2026-07-20,3,2026-07-20T03:00,03:00-04:00,2026-07-20T04:00,0.0,0.0,23.2,88,17.0,3,95,0.0,0.0,23.3,88,15.2,3,99,0.0,0.0,23.6,87,13.1,3,100,0.0,0.0,23.37,87.67,15.1,3,98.0,dry,Overcast,"Open-Meteo historical weather archive (ERA5-based reanalysis, ~9 km grid)",measured (Open-Meteo reanalysis)
2026-07-20,4,2026-07-20T04:00,04:00-05:00,2026-07-20T05:00,0.0,0.0,22.9,94,16.8,3,99,0.0,0.0,23.0,93,15.3,3,99,0.0,0.0,23.4,90,14.2,3,99,0.0,0.0,23.1,92.33,15.43,3,99.0,dry,Overcast,"Open-Meteo historical weather archive (ERA5-based reanalysis, ~9 km grid)",measured (Open-Meteo reanalysis)
2026-07-20,5,2026-07-20T05:00,05:00-06:00,2026-07-20T06:00,0.3,0.3,23.0,93,16.9,51,96,0.4,0.4,23.2,92,15.5,51,97,0.3,0.3,23.6,89,13.9,51,95,0.33,0.33,23.27,91.33,15.43,51,96.0,light,Light drizzle,"Open-Meteo historical weather archive (ERA5-based reanalysis, ~9 km grid)",measured (Open-Meteo reanalysis)
2026-07-20,6,2026-07-20T06:00,06:00-07:00,2026-07-20T07:00,0.1,0.1,23.8,91,17.3,51,98,0.0,0.0,24.0,89,16.4,3,91,0.3,0.3,24.2,86,14.8,51,95,0.13,0.13,24.0,88.67,16.17,51,94.67,light,Light drizzle,"Open-Meteo historical weather archive (ERA5-based reanalysis, ~9 km grid)",measured (Open-Meteo reanalysis)
2026-07-20,7,2026-07-20T07:00,07:00-08:00,2026-07-20T08:00,0.6,0.6,24.8,86,20.2,53,98,0.4,0.4,25.0,83,18.6,51,100,0.6,0.6,25.0,83,15.3,53,98,0.53,0.53,24.93,84.0,18.03,53,98.67,light,Drizzle,"Open-Meteo historical weather archive (ERA5-based reanalysis, ~9 km grid)",measured (Open-Meteo reanalysis)
2026-07-20,8,2026-07-20T08:00,08:00-09:00,2026-07-20T09:00,0.2,0.2,25.7,83,17.5,51,100,0.5,0.5,25.6,82,16.2,53,98,0.2,0.2,25.8,79,14.4,51,100,0.3,0.3,25.7,81.33,16.03,53,99.33,light,Drizzle,"Open-Meteo historical weather archive (ERA5-based reanalysis, ~9 km grid)",measured (Open-Meteo reanalysis)
2026-07-20,9,2026-07-20T09:00,09:00-10:00,2026-07-20T10:00,0.1,0.1,26.9,76,18.6,51,100,0.2,0.2,26.7,76,17.3,51,100,0.2,0.2,26.9,72,15.5,51,100,0.17,0.17,26.83,74.67,17.13,51,100.0,light,Light drizzle,"Open-Meteo historical weather archive (ERA5-based reanalysis, ~9 km grid)",measured (Open-Meteo reanalysis)
2026-07-20,10,2026-07-20T10:00,10:00-11:00,2026-07-20T11:00,0.0,0.0,27.9,65,22.1,3,98,0.0,0.0,28.4,62,21.1,3,94,0.1,0.1,28.6,60,18.3,51,92,0.03,0.03,28.3,62.33,20.5,51,94.67,dry,Light drizzle,"Open-Meteo historical weather archive (ERA5-based reanalysis, ~9 km grid)",measured (Open-Meteo reanalysis)
2026-07-20,11,2026-07-20T11:00,11:00-12:00,2026-07-20T12:00,0.1,0.1,28.7,63,19.6,51,99,0.2,0.2,28.9,61,18.9,51,92,0.2,0.2,28.8,58,16.9,51,92,0.17,0.17,28.8,60.67,18.47,51,94.33,light,Light drizzle,"Open-Meteo historical weather archive (ERA5-based reanalysis, ~9 km grid)",measured (Open-Meteo reanalysis)
2026-07-20,12,2026-07-20T12:00,12:00-13:00,2026-07-20T13:00,0.1,0.1,28.4,62,18.7,51,94,0.1,0.1,28.3,67,17.3,51,83,0.5,0.5,28.6,60,15.6,53,82,0.23,0.23,28.43,63.0,17.2,53,86.33,light,Drizzle,"Open-Meteo historical weather archive (ERA5-based reanalysis, ~9 km grid)",measured (Open-Meteo reanalysis)
2026-07-20,13,2026-07-20T13:00,13:00-14:00,2026-07-20T14:00,0.2,0.2,29.1,64,20.7,51,92,0.1,0.1,29.5,63,17.8,51,91,0.0,0.0,29.4,64,15.1,3,92,0.1,0.1,29.33,63.67,17.87,51,91.67,light,Light drizzle,"Open-Meteo historical weather archive (ERA5-based reanalysis, ~9 km grid)",measured (Open-Meteo reanalysis)
2026-07-20,14,2026-07-20T14:00,14:00-15:00,2026-07-20T15:00,0.0,0.0,29.7,61,18.4,3,99,0.0,0.0,29.8,59,17.8,3,99,0.0,0.0,29.8,61,15.1,3,98,0.0,0.0,29.77,60.33,17.1,3,98.67,dry,Overcast,"Open-Meteo historical weather archive (ERA5-based reanalysis, ~9 km grid)",measured (Open-Meteo reanalysis)
2026-07-20,15,2026-07-20T15:00,15:00-16:00,2026-07-20T16:00,0.2,0.2,28.0,71,17.2,51,97,0.2,0.2,28.4,67,15.5,51,98,0.2,0.2,28.8,63,14.2,51,99,0.2,0.2,28.4,67.0,15.63,51,98.0,light,Light drizzle,"Open-Meteo historical weather archive (ERA5-based reanalysis, ~9 km grid)",measured (Open-Meteo reanalysis)
2026-07-20,16,2026-07-20T16:00,16:00-17:00,2026-07-20T17:00,0.7,0.7,25.4,87,14.8,53,100,0.5,0.5,26.4,79,14.8,53,100,0.6,0.6,27.0,73,13.7,53,100,0.6,0.6,26.27,79.67,14.43,53,100.0,light,Drizzle,"Open-Meteo historical weather archive (ERA5-based reanalysis, ~9 km grid)",measured (Open-Meteo reanalysis)
2026-07-20,17,2026-07-20T17:00,17:00-18:00,2026-07-20T18:00,0.1,0.1,24.8,89,13.1,51,100,0.2,0.2,25.7,83,12.6,51,99,0.2,0.2,26.3,78,11.1,51,98,0.17,0.17,25.6,83.33,12.27,51,99.0,light,Light drizzle,"Open-Meteo historical weather archive (ERA5-based reanalysis, ~9 km grid)",measured (Open-Meteo reanalysis)
2026-07-20,18,2026-07-20T18:00,18:00-19:00,2026-07-20T19:00,0.3,0.3,24.2,91,14.1,51,98,0.0,0.0,25.1,86,12.5,3,98,0.0,0.0,25.7,82,11.4,3,99,0.1,0.1,25.0,86.33,12.67,51,98.33,light,Light drizzle,"Open-Meteo historical weather archive (ERA5-based reanalysis, ~9 km grid)",measured (Open-Meteo reanalysis)
2026-07-20,19,2026-07-20T19:00,19:00-20:00,2026-07-20T20:00,0.3,0.3,24.1,93,13.4,51,99,0.3,0.3,24.5,90,12.6,51,99,0.2,0.2,25.1,86,10.8,51,100,0.27,0.27,24.57,89.67,12.27,51,99.33,light,Light drizzle,"Open-Meteo historical weather archive (ERA5-based reanalysis, ~9 km grid)",measured (Open-Meteo reanalysis)
2026-07-20,20,2026-07-20T20:00,20:00-21:00,2026-07-20T21:00,0.2,0.2,23.5,92,19.0,51,100,0.4,0.4,23.9,91,16.3,51,100,0.2,0.2,24.6,88,14.4,51,99,0.27,0.27,24.0,90.33,16.57,51,99.67,light,Light drizzle,"Open-Meteo historical weather archive (ERA5-based reanalysis, ~9 km grid)",measured (Open-Meteo reanalysis)
2026-07-20,21,2026-07-20T21:00,21:00-22:00,2026-07-20T22:00,0.4,0.4,22.6,95,19.7,51,100,0.2,0.2,23.3,92,17.8,51,99,0.1,0.1,24.0,88,15.5,51,98,0.23,0.23,23.3,91.67,17.67,51,99.0,light,Light drizzle,"Open-Meteo historical weather archive (ERA5-based reanalysis, ~9 km grid)",measured (Open-Meteo reanalysis)
2026-07-20,22,2026-07-20T22:00,22:00-23:00,2026-07-20T23:00,4.3,4.3,22.5,94,19.7,63,100,2.2,2.2,22.7,94,17.7,61,100,1.1,1.1,22.9,93,16.4,55,100,2.53,2.53,22.7,93.67,17.93,63,100.0,moderate,Rain,"Open-Meteo historical weather archive (ERA5-based reanalysis, ~9 km grid)",measured (Open-Meteo reanalysis)
2026-07-20,23,2026-07-20T23:00,23:00-24:00,2026-07-21T00:00,2.0,2.0,22.6,94,17.1,61,100,2.1,2.1,22.7,93,17.5,61,100,1.7,1.7,22.8,93,18.4,61,100,1.93,1.93,22.7,93.33,17.67,61,100.0,moderate,Light rain,"Open-Meteo historical weather archive (ERA5-based reanalysis, ~9 km grid)",measured (Open-Meteo reanalysis)
2026-07-21,0,2026-07-21T00:00,00:00-01:00,2026-07-21T01:00,0.9,0.9,22.6,94,17.6,53,100,1.4,1.4,22.7,94,16.7,61,100,2.7,2.7,22.8,93,17.3,63,100,1.67,1.67,22.7,93.67,17.2,63,100.0,moderate,Rain,"Open-Meteo historical weather archive (ERA5-based reanalysis, ~9 km grid)",measured (Open-Meteo reanalysis)
2026-07-21,1,2026-07-21T01:00,01:00-02:00,2026-07-21T02:00,0.5,0.5,22.7,94,18.3,53,100,0.4,0.4,22.8,94,17.3,51,100,0.6,0.6,23.0,92,15.9,53,100,0.5,0.5,22.83,93.33,17.17,53,100.0,light,Drizzle,"Open-Meteo historical weather archive (ERA5-based reanalysis, ~9 km grid)",measured (Open-Meteo reanalysis)
2026-07-21,2,2026-07-21T02:00,02:00-03:00,2026-07-21T03:00,0.3,0.3,22.7,94,17.1,51,100,0.3,0.3,22.8,94,16.9,51,100,0.3,0.3,23.1,92,15.0,51,100,0.3,0.3,22.87,93.33,16.33,51,100.0,light,Light drizzle,"Open-Meteo historical weather archive (ERA5-based reanalysis, ~9 km grid)",measured (Open-Meteo reanalysis)
2026-07-21,3,2026-07-21T03:00,03:00-04:00,2026-07-21T04:00,0.3,0.3,22.7,95,15.7,51,100,0.3,0.3,22.8,94,15.5,51,100,0.2,0.2,23.1,92,14.1,51,100,0.27,0.27,22.87,93.67,15.1,51,100.0,light,Light drizzle,"Open-Meteo historical weather archive (ERA5-based reanalysis, ~9 km grid)",measured (Open-Meteo reanalysis)
2026-07-21,4,2026-07-21T04:00,04:00-05:00,2026-07-21T05:00,0.3,0.3,22.9,95,18.5,51,100,0.3,0.3,23.2,94,17.1,51,100,0.2,0.2,23.6,90,16.0,51,100,0.27,0.27,23.23,93.0,17.2,51,100.0,light,Light drizzle,"Open-Meteo historical weather archive (ERA5-based reanalysis, ~9 km grid)",measured (Open-Meteo reanalysis)
2026-07-21,5,2026-07-21T05:00,05:00-06:00,2026-07-21T06:00,0.6,0.6,22.8,95,19.3,53,100,0.2,0.2,23.1,93,18.2,51,100,0.1,0.1,23.6,90,16.4,51,100,0.3,0.3,23.17,92.67,17.97,53,100.0,light,Drizzle,"Open-Meteo historical weather archive (ERA5-based reanalysis, ~9 km grid)",measured (Open-Meteo reanalysis)
2026-07-21,6,2026-07-21T06:00,06:00-07:00,2026-07-21T07:00,0.7,0.7,22.9,94,18.9,53,100,0.3,0.3,23.2,92,18.0,51,100,0.2,0.2,23.7,89,15.7,51,100,0.4,0.4,23.27,91.67,17.53,53,100.0,light,Drizzle,"Open-Meteo historical weather archive (ERA5-based reanalysis, ~9 km grid)",measured (Open-Meteo reanalysis)
2026-07-21,7,2026-07-21T07:00,07:00-08:00,2026-07-21T08:00,0.3,0.3,23.1,92,20.0,51,100,0.3,0.3,23.3,90,17.8,51,100,0.2,0.2,23.8,87,14.8,51,100,0.27,0.27,23.4,89.67,17.53,51,100.0,light,Light drizzle,"Open-Meteo historical weather archive (ERA5-based reanalysis, ~9 km grid)",measured (Open-Meteo reanalysis)
2026-07-21,8,2026-07-21T08:00,08:00-09:00,2026-07-21T09:00,0.5,0.5,23.5,92,16.9,53,100,0.2,0.2,24.3,85,15.7,51,100,0.1,0.1,24.7,81,14.8,51,100,0.27,0.27,24.17,86.0,15.8,53,100.0,light,Drizzle,"Open-Meteo historical weather archive (ERA5-based reanalysis, ~9 km grid)",measured (Open-Meteo reanalysis)
2026-07-21,9,2026-07-21T09:00,09:00-10:00,2026-07-21T10:00,0.8,0.8,23.6,93,14.3,53,100,0.5,0.5,24.2,86,15.8,53,100,0.4,0.4,24.6,82,15.1,51,100,0.57,0.57,24.13,87.0,15.07,53,100.0,light,Drizzle,"Open-Meteo historical weather archive (ERA5-based reanalysis, ~9 km grid)",measured (Open-Meteo reanalysis)
2026-07-21,10,2026-07-21T10:00,10:00-11:00,2026-07-21T11:00,0.2,0.2,24.0,92,15.4,51,100,0.6,0.6,23.9,92,13.8,53,100,0.6,0.6,24.5,86,14.0,53,100,0.47,0.47,24.13,90.0,14.4,53,100.0,light,Drizzle,"Open-Meteo historical weather archive (ERA5-based reanalysis, ~9 km grid)",measured (Open-Meteo reanalysis)
2026-07-21,11,2026-07-21T11:00,11:00-12:00,2026-07-21T12:00,0.1,0.1,25.2,83,14.8,51,100,0.5,0.5,24.7,87,13.5,53,100,0.6,0.6,24.9,84,13.0,53,100,0.4,0.4,24.93,84.67,13.77,53,100.0,light,Drizzle,"Open-Meteo historical weather archive (ERA5-based reanalysis, ~9 km grid)",measured (Open-Meteo reanalysis)
2026-07-21,12,2026-07-21T12:00,12:00-13:00,2026-07-21T13:00,0.1,0.1,25.6,82,10.2,51,100,0.3,0.3,25.2,86,11.9,51,100,0.3,0.3,25.3,85,10.7,51,100,0.23,0.23,25.37,84.33,10.93,51,100.0,light,Light drizzle,"Open-Meteo historical weather archive (ERA5-based reanalysis, ~9 km grid)",measured (Open-Meteo reanalysis)
2026-07-21,13,2026-07-21T13:00,13:00-14:00,2026-07-21T14:00,0.2,0.2,26.2,80,7.3,51,100,0.1,0.1,25.7,84,7.2,51,100,0.2,0.2,25.6,84,7.4,51,100,0.17,0.17,25.83,82.67,7.3,51,100.0,light,Light drizzle,"Open-Meteo historical weather archive (ERA5-based reanalysis, ~9 km grid)",measured (Open-Meteo reanalysis)
2026-07-21,14,2026-07-21T14:00,14:00-15:00,2026-07-21T15:00,0.1,0.1,26.1,78,12.0,51,100,0.1,0.1,26.2,80,8.8,51,100,0.1,0.1,26.1,82,7.1,51,100,0.1,0.1,26.13,80.0,9.3,51,100.0,light,Light drizzle,"Open-Meteo historical weather archive (ERA5-based reanalysis, ~9 km grid)",measured (Open-Meteo reanalysis)
2026-07-21,15,2026-07-21T15:00,15:00-16:00,2026-07-21T16:00,0.0,0.0,26.3,75,10.6,3,100,0.0,0.0,26.4,77,7.7,3,100,0.0,0.0,26.4,78,6.8,3,100,0.0,0.0,26.37,76.67,8.37,3,100.0,dry,Overcast,"Open-Meteo historical weather archive (ERA5-based reanalysis, ~9 km grid)",measured (Open-Meteo reanalysis)
2026-07-21,16,2026-07-21T16:00,16:00-17:00,2026-07-21T17:00,0.2,0.2,26.7,69,16.9,51,100,0.1,0.1,26.8,69,14.9,51,100,0.1,0.1,26.7,72,11.6,51,100,0.13,0.13,26.73,70.0,14.47,51,100.0,light,Light drizzle,"Open-Meteo historical weather archive (ERA5-based reanalysis, ~9 km grid)",measured (Open-Meteo reanalysis)
2026-07-21,17,2026-07-21T17:00,17:00-18:00,2026-07-21T18:00,0.0,0.0,25.9,71,17.0,3,100,0.0,0.0,25.9,72,14.3,3,100,0.0,0.0,26.0,72,12.8,3,100,0.0,0.0,25.93,71.67,14.7,3,100.0,dry,Overcast,"Open-Meteo historical weather archive (ERA5-based reanalysis, ~9 km grid)",measured (Open-Meteo reanalysis)
2026-07-21,18,2026-07-21T18:00,18:00-19:00,2026-07-21T19:00,2.0,2.0,22.7,94,16.5,61,100,1.3,1.3,23.5,89,15.7,61,100,0.6,0.6,24.7,80,15.7,53,100,1.3,1.3,23.63,87.67,15.97,61,100.0,moderate,Light rain,"Open-Meteo historical weather archive (ERA5-based reanalysis, ~9 km grid)",measured (Open-Meteo reanalysis)
2026-07-21,19,2026-07-21T19:00,19:00-20:00,2026-07-21T20:00,1.6,1.6,23.0,92,16.4,61,100,2.9,2.9,23.1,91,17.8,63,100,3.0,3.0,23.1,91,16.7,63,100,2.5,2.5,23.07,91.33,16.97,63,100.0,moderate,Rain,"Open-Meteo historical weather archive (ERA5-based reanalysis, ~9 km grid)",measured (Open-Meteo reanalysis)
2026-07-21,20,2026-07-21T20:00,20:00-21:00,2026-07-21T21:00,0.6,0.6,23.0,92,18.5,53,100,0.8,0.8,23.1,91,18.6,53,100,1.0,1.0,23.2,90,17.9,55,100,0.8,0.8,23.1,91.0,18.33,55,100.0,light,Dense drizzle,"Open-Meteo historical weather archive (ERA5-based reanalysis, ~9 km grid)",measured (Open-Meteo reanalysis)
2026-07-21,21,2026-07-21T21:00,21:00-22:00,2026-07-21T22:00,0.6,0.6,23.0,93,18.5,53,100,0.4,0.4,23.1,92,18.0,51,100,0.4,0.4,23.4,90,16.9,51,100,0.47,0.47,23.17,91.67,17.8,53,100.0,light,Drizzle,"Open-Meteo historical weather archive (ERA5-based reanalysis, ~9 km grid)",measured (Open-Meteo reanalysis)
2026-07-21,22,2026-07-21T22:00,22:00-23:00,2026-07-21T23:00,0.3,0.3,22.6,94,19.0,51,100,0.3,0.3,22.8,93,17.0,51,100,0.3,0.3,23.2,90,16.3,51,100,0.3,0.3,22.87,92.33,17.43,51,100.0,light,Light drizzle,"Open-Meteo historical weather archive (ERA5-based reanalysis, ~9 km grid)",measured (Open-Meteo reanalysis)
2026-07-21,23,2026-07-21T23:00,23:00-24:00,2026-07-22T00:00,0.6,0.6,22.6,94,19.8,53,100,0.5,0.5,22.7,94,18.2,53,100,0.5,0.5,23.1,91,17.5,53,100,0.53,0.53,22.8,93.0,18.5,53,100.0,light,Drizzle,"Open-Meteo historical weather archive (ERA5-based reanalysis, ~9 km grid)",measured (Open-Meteo reanalysis)
2026-07-22,0,2026-07-22T00:00,00:00-01:00,2026-07-22T01:00,0.8,0.8,22.4,94,21.1,53,100,0.8,0.8,22.5,92,19.2,53,100,0.7,0.7,22.8,90,19.1,53,100,0.77,0.77,22.57,92.0,19.8,53,100.0,light,Drizzle,"Open-Meteo historical weather archive (ERA5-based reanalysis, ~9 km grid)",measured (Open-Meteo reanalysis)
2026-07-22,1,2026-07-22T01:00,01:00-02:00,2026-07-22T02:00,0.8,0.8,22.2,93,19.8,53,100,0.9,0.9,22.3,92,18.7,53,100,0.9,0.9,22.5,90,19.1,53,100,0.87,0.87,22.33,91.67,19.2,53,100.0,light,Drizzle,"Open-Meteo historical weather archive (ERA5-based reanalysis, ~9 km grid)",measured (Open-Meteo reanalysis)
2026-07-22,2,2026-07-22T02:00,02:00-03:00,2026-07-22T03:00,0.7,0.7,22.2,93,18.8,53,100,0.8,0.8,22.3,93,17.8,53,100,0.9,0.9,22.5,91,18.3,53,100,0.8,0.8,22.33,92.33,18.3,53,100.0,light,Drizzle,"Open-Meteo historical weather archive (ERA5-based reanalysis, ~9 km grid)",measured (Open-Meteo reanalysis)
2026-07-22,3,2026-07-22T03:00,03:00-04:00,2026-07-22T04:00,0.7,0.7,22.3,94,18.5,53,100,0.7,0.7,22.5,93,16.8,53,100,0.6,0.6,22.6,92,17.4,53,100,0.67,0.67,22.47,93.0,17.57,53,100.0,light,Drizzle,"Open-Meteo historical weather archive (ERA5-based reanalysis, ~9 km grid)",measured (Open-Meteo reanalysis)
2026-07-22,4,2026-07-22T04:00,04:00-05:00,2026-07-22T05:00,0.8,0.8,22.4,95,19.7,53,100,0.7,0.7,22.5,94,19.3,53,100,0.6,0.6,22.6,94,19.6,53,100,0.7,0.7,22.5,94.33,19.53,53,100.0,light,Drizzle,"Open-Meteo historical weather archive (ERA5-based reanalysis, ~9 km grid)",measured (Open-Meteo reanalysis)
2026-07-22,5,2026-07-22T05:00,05:00-06:00,2026-07-22T06:00,2.2,2.2,22.4,95,18.8,61,100,2.1,2.1,22.6,94,18.8,61,100,1.4,1.4,22.7,93,19.1,61,100,1.9,1.9,22.57,94.0,18.9,61,100.0,moderate,Light rain,"Open-Meteo historical weather archive (ERA5-based reanalysis, ~9 km grid)",measured (Open-Meteo reanalysis)
2026-07-22,6,2026-07-22T06:00,06:00-07:00,2026-07-22T07:00,1.3,1.3,22.7,94,19.6,61,100,1.3,1.3,22.7,94,18.6,61,100,2.1,2.1,22.8,93,19.4,61,100,1.57,1.57,22.73,93.67,19.2,61,100.0,moderate,Light rain,"Open-Meteo historical weather archive (ERA5-based reanalysis, ~9 km grid)",measured (Open-Meteo reanalysis)
2026-07-22,7,2026-07-22T07:00,07:00-08:00,2026-07-22T08:00,0.4,0.4,23.0,94,21.0,51,100,0.3,0.3,23.0,93,20.1,51,100,0.5,0.5,23.1,92,19.5,53,100,0.4,0.4,23.03,93.0,20.2,53,100.0,light,Drizzle,"Open-Meteo historical weather archive (ERA5-based reanalysis, ~9 km grid)",measured (Open-Meteo reanalysis)
2026-07-22,8,2026-07-22T08:00,08:00-09:00,2026-07-22T09:00,0.1,0.1,24.0,89,18.9,51,100,0.0,0.0,23.9,88,18.5,3,100,0.0,0.0,23.9,88,17.8,3,100,0.03,0.03,23.93,88.33,18.4,51,100.0,dry,Light drizzle,"Open-Meteo historical weather archive (ERA5-based reanalysis, ~9 km grid)",measured (Open-Meteo reanalysis)
2026-07-22,9,2026-07-22T09:00,09:00-10:00,2026-07-22T10:00,0.1,0.1,25.4,79,19.4,51,98,0.0,0.0,25.3,80,17.8,3,99,0.0,0.0,25.2,81,16.6,3,98,0.03,0.03,25.3,80.0,17.93,51,98.33,dry,Light drizzle,"Open-Meteo historical weather archive (ERA5-based reanalysis, ~9 km grid)",measured (Open-Meteo reanalysis)
2026-07-22,10,2026-07-22T10:00,10:00-11:00,2026-07-22T11:00,0.3,0.3,25.2,81,19.2,51,100,0.2,0.2,25.6,76,20.0,51,100,0.1,0.1,25.8,75,18.1,51,100,0.2,0.2,25.53,77.33,19.1,51,100.0,light,Light drizzle,"Open-Meteo historical weather archive (ERA5-based reanalysis, ~9 km grid)",measured (Open-Meteo reanalysis)
2026-07-22,11,2026-07-22T11:00,11:00-12:00,2026-07-22T12:00,0.2,0.2,26.4,72,24.3,51,100,0.3,0.3,26.3,71,21.4,51,100,0.3,0.3,26.2,73,18.1,51,100,0.27,0.27,26.3,72.0,21.27,51,100.0,light,Light drizzle,"Open-Meteo historical weather archive (ERA5-based reanalysis, ~9 km grid)",measured (Open-Meteo reanalysis)
2026-07-22,12,2026-07-22T12:00,12:00-13:00,2026-07-22T13:00,0.3,0.3,25.7,77,18.7,51,100,0.0,0.0,26.3,72,20.3,3,100,0.0,0.0,26.3,72,18.4,3,100,0.1,0.1,26.1,73.67,19.13,51,100.0,light,Light drizzle,"Open-Meteo historical weather archive (ERA5-based reanalysis, ~9 km grid)",measured (Open-Meteo reanalysis)
2026-07-22,13,2026-07-22T13:00,13:00-14:00,2026-07-22T14:00,0.3,0.3,26.0,76,15.5,51,100,0.4,0.4,25.8,76,15.1,51,100,0.3,0.3,25.8,76,13.4,51,100,0.33,0.33,25.87,76.0,14.67,51,100.0,light,Light drizzle,"Open-Meteo historical weather archive (ERA5-based reanalysis, ~9 km grid)",measured (Open-Meteo reanalysis)
2026-07-22,14,2026-07-22T14:00,14:00-15:00,2026-07-22T15:00,0.4,0.4,25.5,80,14.1,51,100,0.6,0.6,25.3,80,13.9,53,100,0.6,0.6,25.4,79,13.3,53,100,0.53,0.53,25.4,79.67,13.77,53,100.0,light,Drizzle,"Open-Meteo historical weather archive (ERA5-based reanalysis, ~9 km grid)",measured (Open-Meteo reanalysis)
2026-07-22,15,2026-07-22T15:00,15:00-16:00,2026-07-22T16:00,0.9,0.9,24.2,91,13.9,53,100,1.3,1.3,24.2,90,14.8,61,100,1.1,1.1,24.7,85,14.4,55,100,1.1,1.1,24.37,88.67,14.37,61,100.0,moderate,Light rain,"Open-Meteo historical weather archive (ERA5-based reanalysis, ~9 km grid)",measured (Open-Meteo reanalysis)
2026-07-22,16,2026-07-22T16:00,16:00-17:00,2026-07-22T17:00,0.3,0.3,24.8,84,18.1,51,100,0.5,0.5,25.0,82,17.1,53,100,0.6,0.6,25.2,80,14.9,53,100,0.47,0.47,25.0,82.0,16.7,53,100.0,light,Drizzle,"Open-Meteo historical weather archive (ERA5-based reanalysis, ~9 km grid)",measured (Open-Meteo reanalysis)
2026-07-22,17,2026-07-22T17:00,17:00-18:00,2026-07-22T18:00,0.1,0.1,24.3,83,18.8,51,100,0.1,0.1,24.7,80,17.1,51,100,0.1,0.1,24.8,80,15.1,51,100,0.1,0.1,24.6,81.0,17.0,51,100.0,light,Light drizzle,"Open-Meteo historical weather archive (ERA5-based reanalysis, ~9 km grid)",measured (Open-Meteo reanalysis)
2026-07-22,18,2026-07-22T18:00,18:00-19:00,2026-07-22T19:00,0.2,0.2,23.9,84,17.7,51,100,0.1,0.1,24.2,81,16.5,51,100,0.1,0.1,24.5,80,14.8,51,100,0.13,0.13,24.2,81.67,16.33,51,100.0,light,Light drizzle,"Open-Meteo historical weather archive (ERA5-based reanalysis, ~9 km grid)",measured (Open-Meteo reanalysis)
2026-07-22,19,2026-07-22T19:00,19:00-20:00,2026-07-22T20:00,0.0,0.0,23.9,83,24.0,3,100,0.1,0.1,23.9,83,21.3,51,100,0.1,0.1,24.1,82,18.3,51,100,0.07,0.07,23.97,82.67,21.2,51,100.0,dry,Light drizzle,"Open-Meteo historical weather archive (ERA5-based reanalysis, ~9 km grid)",measured (Open-Meteo reanalysis)
2026-07-22,20,2026-07-22T20:00,20:00-21:00,2026-07-22T21:00,0.1,0.1,23.6,84,22.1,51,100,0.1,0.1,23.6,84,20.0,51,100,0.2,0.2,23.8,83,18.1,51,100,0.13,0.13,23.67,83.67,20.07,51,100.0,light,Light drizzle,"Open-Meteo historical weather archive (ERA5-based reanalysis, ~9 km grid)",measured (Open-Meteo reanalysis)
2026-07-22,21,2026-07-22T21:00,21:00-22:00,2026-07-22T22:00,0.1,0.1,23.4,86,21.1,51,100,0.0,0.0,23.5,85,19.2,3,100,0.1,0.1,23.7,84,17.4,51,100,0.07,0.07,23.53,85.0,19.23,51,100.0,dry,Light drizzle,"Open-Meteo historical weather archive (ERA5-based reanalysis, ~9 km grid)",measured (Open-Meteo reanalysis)
2026-07-22,22,2026-07-22T22:00,22:00-23:00,2026-07-22T23:00,0.0,0.0,22.9,87,24.5,3,100,0.0,0.0,22.9,88,20.7,3,100,0.5,0.5,23.1,87,18.5,53,100,0.17,0.17,22.97,87.33,21.23,53,100.0,light,Drizzle,"Open-Meteo historical weather archive (ERA5-based reanalysis, ~9 km grid)",measured (Open-Meteo reanalysis)
2026-07-22,23,2026-07-22T23:00,23:00-24:00,2026-07-23T00:00,0.0,0.0,22.8,88,22.8,3,100,0.0,0.0,22.9,88,19.8,3,100,0.0,0.0,23.0,87,17.5,3,100,0.0,0.0,22.9,87.67,20.03,3,100.0,dry,Overcast,"Open-Meteo historical weather archive (ERA5-based reanalysis, ~9 km grid)",measured (Open-Meteo reanalysis)
2026-07-23,0,2026-07-23T00:00,00:00-01:00,2026-07-23T01:00,0.0,0.0,22.8,87,21.0,3,100,0.0,0.0,22.9,87,17.8,3,100,0.0,0.0,23.0,87,15.5,3,99,0.0,0.0,22.9,87.0,18.1,3,99.67,dry,Overcast,"Open-Meteo historical weather archive (ERA5-based reanalysis, ~9 km grid)",measured (Open-Meteo reanalysis)
2026-07-23,1,2026-07-23T01:00,01:00-02:00,2026-07-23T02:00,0.0,0.0,22.7,86,20.0,3,100,0.0,0.0,22.7,86,17.0,3,100,0.0,0.0,22.8,86,14.8,3,100,0.0,0.0,22.73,86.0,17.27,3,100.0,dry,Overcast,"Open-Meteo historical weather archive (ERA5-based reanalysis, ~9 km grid)",measured (Open-Meteo reanalysis)
2026-07-23,2,2026-07-23T02:00,02:00-03:00,2026-07-23T03:00,0.0,0.0,22.8,84,19.2,3,100,0.0,0.0,22.8,85,16.2,3,99,0.0,0.0,22.8,86,14.5,3,99,0.0,0.0,22.8,85.0,16.63,3,99.33,dry,Overcast,"Open-Meteo historical weather archive (ERA5-based reanalysis, ~9 km grid)",measured (Open-Meteo reanalysis)
2026-07-23,3,2026-07-23T03:00,03:00-04:00,2026-07-23T04:00,0.0,0.0,22.6,86,16.0,3,99,0.0,0.0,22.6,87,14.6,3,99,0.0,0.0,22.7,87,13.6,3,99,0.0,0.0,22.63,86.67,14.73,3,99.0,dry,Overcast,"Open-Meteo historical weather archive (ERA5-based reanalysis, ~9 km grid)",measured (Open-Meteo reanalysis)
2026-07-23,4,2026-07-23T04:00,04:00-05:00,2026-07-23T05:00,0.0,0.0,22.6,88,19.8,3,99,0.0,0.0,22.7,89,18.2,3,99,0.0,0.0,22.9,88,16.0,3,100,0.0,0.0,22.73,88.33,18.0,3,99.33,dry,Overcast,"Open-Meteo historical weather archive (ERA5-based reanalysis, ~9 km grid)",measured (Open-Meteo reanalysis)
2026-07-23,5,2026-07-23T05:00,05:00-06:00,2026-07-23T06:00,0.0,0.0,22.9,86,19.0,3,94,0.0,0.0,23.0,86,16.9,3,96,0.0,0.0,23.1,86,15.2,3,98,0.0,0.0,23.0,86.0,17.03,3,96.0,dry,Overcast,"Open-Meteo historical weather archive (ERA5-based reanalysis, ~9 km grid)",measured (Open-Meteo reanalysis)
2026-07-23,6,2026-07-23T06:00,06:00-07:00,2026-07-23T07:00,0.0,0.0,23.5,86,14.7,3,95,0.0,0.0,23.5,86,12.6,3,97,0.0,0.0,23.6,86,12.0,3,98,0.0,0.0,23.53,86.0,13.1,3,96.67,dry,Overcast,"Open-Meteo historical weather archive (ERA5-based reanalysis, ~9 km grid)",measured (Open-Meteo reanalysis)
2026-07-23,7,2026-07-23T07:00,07:00-08:00,2026-07-23T08:00,0.0,0.0,25.0,78,23.5,3,88,0.0,0.0,25.0,78,20.3,2,77,0.0,0.0,24.8,78,17.2,2,59,0.0,0.0,24.93,78.0,20.33,3,74.67,dry,Overcast,"Open-Meteo historical weather archive (ERA5-based reanalysis, ~9 km grid)",measured (Open-Meteo reanalysis)
2026-07-23,8,2026-07-23T08:00,08:00-09:00,2026-07-23T09:00,0.0,0.0,26.2,73,25.4,3,88,0.1,0.1,26.5,70,24.7,51,69,0.1,0.1,26.4,71,20.6,51,78,0.07,0.07,26.37,71.33,23.57,51,78.33,dry,Light drizzle,"Open-Meteo historical weather archive (ERA5-based reanalysis, ~9 km grid)",measured (Open-Meteo reanalysis)
2026-07-23,9,2026-07-23T09:00,09:00-10:00,2026-07-23T10:00,0.0,0.0,27.3,69,25.0,3,93,0.2,0.2,27.1,69,23.2,51,63,0.2,0.2,27.0,68,21.5,51,54,0.13,0.13,27.13,68.67,23.23,51,70.0,light,Light drizzle,"Open-Meteo historical weather archive (ERA5-based reanalysis, ~9 km grid)",measured (Open-Meteo reanalysis)
2026-07-23,10,2026-07-23T10:00,10:00-11:00,2026-07-23T11:00,0.0,0.0,27.3,67,25.6,3,91,0.0,0.0,27.1,69,21.1,2,77,0.0,0.0,27.0,69,17.8,3,81,0.0,0.0,27.13,68.33,21.5,3,83.0,dry,Overcast,"Open-Meteo historical weather archive (ERA5-based reanalysis, ~9 km grid)",measured (Open-Meteo reanalysis)
2026-07-23,11,2026-07-23T11:00,11:00-12:00,2026-07-23T12:00,0.0,0.0,27.8,65,25.8,3,98,0.0,0.0,28.1,62,22.9,3,96,0.0,0.0,28.0,63,19.3,3,89,0.0,0.0,27.97,63.33,22.67,3,94.33,dry,Overcast,"Open-Meteo historical weather archive (ERA5-based reanalysis, ~9 km grid)",measured (Open-Meteo reanalysis)
2026-07-23,12,2026-07-23T12:00,12:00-13:00,2026-07-23T13:00,0.9,0.9,26.0,79,22.4,53,99,0.2,0.2,27.6,66,22.1,51,92,0.0,0.0,27.4,65,19.6,3,92,0.37,0.37,27.0,70.0,21.37,53,94.33,light,Drizzle,"Open-Meteo historical weather archive (ERA5-based reanalysis, ~9 km grid)",measured (Open-Meteo reanalysis)
2026-07-23,13,2026-07-23T13:00,13:00-14:00,2026-07-23T14:00,0.1,0.1,27.1,68,25.0,51,100,0.1,0.1,27.6,63,26.1,51,68,0.9,0.9,28.1,61,24.2,53,81,0.37,0.37,27.6,64.0,25.1,53,83.0,light,Drizzle,"Open-Meteo historical weather archive (ERA5-based reanalysis, ~9 km grid)",measured (Open-Meteo reanalysis)
2026-07-23,14,2026-07-23T14:00,14:00-15:00,2026-07-23T15:00,0.0,0.0,28.2,59,23.1,2,73,0.0,0.0,28.6,57,21.5,1,47,0.0,0.0,28.4,60,17.9,2,74,0.0,0.0,28.4,58.67,20.83,2,64.67,dry,Partly cloudy,"Open-Meteo historical weather archive (ERA5-based reanalysis, ~9 km grid)",measured (Open-Meteo reanalysis)
2026-07-23,15,2026-07-23T15:00,15:00-16:00,2026-07-23T16:00,0.0,0.0,28.2,58,21.5,2,66,0.0,0.0,28.5,56,18.3,3,100,0.0,0.0,28.6,56,15.4,3,99,0.0,0.0,28.43,56.67,18.4,3,88.33,dry,Overcast,"Open-Meteo historical weather archive (ERA5-based reanalysis, ~9 km grid)",measured (Open-Meteo reanalysis)
2026-07-23,16,2026-07-23T16:00,16:00-17:00,2026-07-23T17:00,0.0,0.0,26.2,73,15.8,1,49,0.0,0.0,26.0,72,14.3,2,67,0.0,0.0,25.8,72,13.1,3,81,0.0,0.0,26.0,72.33,14.4,3,65.67,dry,Overcast,"Open-Meteo historical weather archive (ERA5-based reanalysis, ~9 km grid)",measured (Open-Meteo reanalysis)
2026-07-23,17,2026-07-23T17:00,17:00-18:00,2026-07-23T18:00,0.0,0.0,25.9,73,16.1,2,56,0.0,0.0,25.9,72,14.8,2,63,0.0,0.0,26.0,72,13.4,1,42,0.0,0.0,25.93,72.33,14.77,2,53.67,dry,Partly cloudy,"Open-Meteo historical weather archive (ERA5-based reanalysis, ~9 km grid)",measured (Open-Meteo reanalysis)
2026-07-23,18,2026-07-23T18:00,18:00-19:00,2026-07-23T19:00,0.0,0.0,25.7,72,16.2,3,98,0.0,0.0,25.6,71,15.5,3,86,0.0,0.0,25.7,72,13.7,2,65,0.0,0.0,25.67,71.67,15.13,3,83.0,dry,Overcast,"Open-Meteo historical weather archive (ERA5-based reanalysis, ~9 km grid)",measured (Open-Meteo reanalysis)
2026-07-23,19,2026-07-23T19:00,19:00-20:00,2026-07-23T20:00,0.0,0.0,25.8,65,20.3,2,78,0.0,0.0,25.7,66,18.4,3,100,0.0,0.0,25.6,68,16.1,3,90,0.0,0.0,25.7,66.33,18.27,3,89.33,dry,Overcast,"Open-Meteo historical weather archive (ERA5-based reanalysis, ~9 km grid)",measured (Open-Meteo reanalysis)
2026-07-23,20,2026-07-23T20:00,20:00-21:00,2026-07-23T21:00,0.0,0.0,25.4,68,18.6,1,34,0.0,0.0,25.3,68,17.1,1,41,0.0,0.0,25.3,69,15.8,1,38,0.0,0.0,25.33,68.33,17.17,1,37.67,dry,Mainly clear,"Open-Meteo historical weather archive (ERA5-based reanalysis, ~9 km grid)",measured (Open-Meteo reanalysis)
2026-07-23,21,2026-07-23T21:00,21:00-22:00,2026-07-23T22:00,0.0,0.0,25.2,67,17.6,3,100,0.0,0.0,25.1,68,17.0,3,100,0.0,0.0,25.1,69,15.8,2,63,0.0,0.0,25.13,68.0,16.8,3,87.67,dry,Overcast,"Open-Meteo historical weather archive (ERA5-based reanalysis, ~9 km grid)",measured (Open-Meteo reanalysis)
2026-07-23,22,2026-07-23T22:00,22:00-23:00,2026-07-23T23:00,0.0,0.0,25.2,69,22.2,3,100,0.0,0.0,25.1,70,19.9,3,95,0.0,0.0,25.0,71,17.7,2,77,0.0,0.0,25.1,70.0,19.93,3,90.67,dry,Overcast,"Open-Meteo historical weather archive (ERA5-based reanalysis, ~9 km grid)",measured (Open-Meteo reanalysis)
2026-07-23,23,2026-07-23T23:00,23:00-24:00,2026-07-24T00:00,0.0,0.0,24.9,71,20.8,2,64,0.0,0.0,24.7,73,19.4,3,100,0.0,0.0,24.6,74,17.9,3,98,0.0,0.0,24.73,72.67,19.37,3,87.33,dry,Overcast,"Open-Meteo historical weather archive (ERA5-based reanalysis, ~9 km grid)",measured (Open-Meteo reanalysis)
2026-07-24,0,2026-07-24T00:00,00:00-01:00,2026-07-24T01:00,0.0,0.0,24.5,73,18.9,3,100,0.0,0.0,24.3,76,18.2,3,95,0.0,0.0,24.3,77,17.4,2,70,0.0,0.0,24.37,75.33,18.17,3,88.33,dry,Overcast,"Open-Meteo historical weather archive (ERA5-based reanalysis, ~9 km grid)",measured (Open-Meteo reanalysis)
2026-07-24,1,2026-07-24T01:00,01:00-02:00,2026-07-24T02:00,0.1,0.1,23.9,77,19.7,51,100,0.0,0.0,24.0,78,19.4,3,100,0.0,0.0,24.0,79,18.9,3,100,0.03,0.03,23.97,78.0,19.33,51,100.0,dry,Light drizzle,"Open-Meteo historical weather archive (ERA5-based reanalysis, ~9 km grid)",measured (Open-Meteo reanalysis)
2026-07-24,2,2026-07-24T02:00,02:00-03:00,2026-07-24T03:00,0.0,0.0,23.8,79,19.7,3,100,0.1,0.1,23.9,79,19.2,51,98,0.0,0.0,23.9,80,18.4,3,99,0.03,0.03,23.87,79.33,19.1,51,99.0,dry,Light drizzle,"Open-Meteo historical weather archive (ERA5-based reanalysis, ~9 km grid)",measured (Open-Meteo reanalysis)
2026-07-24,3,2026-07-24T03:00,03:00-04:00,2026-07-24T04:00,0.0,0.0,23.7,80,19.8,3,91,0.0,0.0,23.8,79,19.5,3,90,0.0,0.0,23.8,80,19.0,3,90,0.0,0.0,23.77,79.67,19.43,3,90.33,dry,Overcast,"Open-Meteo historical weather archive (ERA5-based reanalysis, ~9 km grid)",measured (Open-Meteo reanalysis)
2026-07-24,4,2026-07-24T04:00,04:00-05:00,2026-07-24T05:00,0.0,0.0,23.8,82,21.2,3,89,0.0,0.0,23.8,83,20.5,3,92,0.0,0.0,23.8,83,20.5,3,92,0.0,0.0,23.8,82.67,20.73,3,91.0,dry,Overcast,"Open-Meteo historical weather archive (ERA5-based reanalysis, ~9 km grid)",measured (Open-Meteo reanalysis)
2026-07-24,5,2026-07-24T05:00,05:00-06:00,2026-07-24T06:00,0.8,0.8,23.2,87,19.7,53,94,0.2,0.2,23.6,83,19.6,51,94,0.1,0.1,23.7,83,20.0,51,88,0.37,0.37,23.5,84.33,19.77,53,92.0,light,Drizzle,"Open-Meteo historical weather archive (ERA5-based reanalysis, ~9 km grid)",measured (Open-Meteo reanalysis)
2026-07-24,6,2026-07-24T06:00,06:00-07:00,2026-07-24T07:00,0.0,0.0,24.3,81,18.0,1,39,0.0,0.0,24.4,79,18.0,2,55,0.0,0.0,24.4,79,18.4,2,63,0.0,0.0,24.37,79.67,18.13,2,52.33,dry,Partly cloudy,"Open-Meteo historical weather archive (ERA5-based reanalysis, ~9 km grid)",measured (Open-Meteo reanalysis)
2026-07-24,7,2026-07-24T07:00,07:00-08:00,2026-07-24T08:00,0.0,0.0,25.8,73,31.1,3,87,0.0,0.0,25.8,72,28.1,3,90,0.0,0.0,25.6,73,24.9,3,92,0.0,0.0,25.73,72.67,28.03,3,89.67,dry,Overcast,"Open-Meteo historical weather archive (ERA5-based reanalysis, ~9 km grid)",measured (Open-Meteo reanalysis)
2026-07-24,8,2026-07-24T08:00,08:00-09:00,2026-07-24T09:00,0.0,0.0,27.2,67,28.8,3,90,0.0,0.0,27.1,66,27.3,3,90,0.0,0.0,26.9,67,24.4,3,94,0.0,0.0,27.07,66.67,26.83,3,91.33,dry,Overcast,"Open-Meteo historical weather archive (ERA5-based reanalysis, ~9 km grid)",measured (Open-Meteo reanalysis)
2026-07-24,9,2026-07-24T09:00,09:00-10:00,2026-07-24T10:00,0.0,0.0,28.8,59,31.8,3,96,0.0,0.0,28.5,60,26.9,3,88,0.0,0.0,28.2,62,22.3,3,82,0.0,0.0,28.5,60.33,27.0,3,88.67,dry,Overcast,"Open-Meteo historical weather archive (ERA5-based reanalysis, ~9 km grid)",measured (Open-Meteo reanalysis)
2026-07-24,10,2026-07-24T10:00,10:00-11:00,2026-07-24T11:00,0.0,0.0,27.6,62,31.9,3,85,0.0,0.0,27.7,61,29.1,3,91,0.0,0.0,27.7,61,25.3,3,98,0.0,0.0,27.67,61.33,28.77,3,91.33,dry,Overcast,"Open-Meteo historical weather archive (ERA5-based reanalysis, ~9 km grid)",measured (Open-Meteo reanalysis)
2026-07-24,11,2026-07-24T11:00,11:00-12:00,2026-07-24T12:00,0.0,0.0,27.3,66,23.9,3,96,0.1,0.1,27.2,66,24.0,51,98,0.0,0.0,27.4,64,23.1,3,100,0.03,0.03,27.3,65.33,23.67,51,98.0,dry,Light drizzle,"Open-Meteo historical weather archive (ERA5-based reanalysis, ~9 km grid)",measured (Open-Meteo reanalysis)
2026-07-24,12,2026-07-24T12:00,12:00-13:00,2026-07-24T13:00,0.0,0.0,28.1,63,24.8,3,98,0.1,0.1,27.6,65,20.9,51,100,0.0,0.0,27.3,66,18.1,3,100,0.03,0.03,27.67,64.67,21.27,51,99.33,dry,Light drizzle,"Open-Meteo historical weather archive (ERA5-based reanalysis, ~9 km grid)",measured (Open-Meteo reanalysis)
2026-07-24,13,2026-07-24T13:00,13:00-14:00,2026-07-24T14:00,0.1,0.1,27.4,69,16.6,51,98,0.1,0.1,27.5,68,16.2,51,98,0.0,0.0,27.6,67,15.0,3,98,0.07,0.07,27.5,68.0,15.93,51,98.0,dry,Light drizzle,"Open-Meteo historical weather archive (ERA5-based reanalysis, ~9 km grid)",measured (Open-Meteo reanalysis)
2026-07-24,14,2026-07-24T14:00,14:00-15:00,2026-07-24T15:00,0.0,0.0,28.5,66,10.7,3,95,0.2,0.2,27.7,70,10.3,51,100,0.1,0.1,27.4,70,9.6,51,98,0.1,0.1,27.87,68.67,10.2,51,97.67,light,Light drizzle,"Open-Meteo historical weather archive (ERA5-based reanalysis, ~9 km grid)",measured (Open-Meteo reanalysis)
2026-07-24,15,2026-07-24T15:00,15:00-16:00,2026-07-24T16:00,0.0,0.0,29.3,57,19.9,1,38,0.0,0.0,28.9,60,17.8,2,66,0.0,0.0,28.7,64,12.7,1,48,0.0,0.0,28.97,60.33,16.8,2,50.67,dry,Partly cloudy,"Open-Meteo historical weather archive (ERA5-based reanalysis, ~9 km grid)",measured (Open-Meteo reanalysis)
2026-07-24,16,2026-07-24T16:00,16:00-17:00,2026-07-24T17:00,0.0,0.0,29.4,57,18.6,1,41,0.0,0.0,29.3,58,16.2,1,38,0.0,0.0,29.2,58,13.3,1,27,0.0,0.0,29.3,57.67,16.03,1,35.33,dry,Mainly clear,"Open-Meteo historical weather archive (ERA5-based reanalysis, ~9 km grid)",measured (Open-Meteo reanalysis)
2026-07-24,17,2026-07-24T17:00,17:00-18:00,2026-07-24T18:00,0.0,0.0,28.2,60,16.6,2,52,0.0,0.0,28.2,61,16.5,2,58,0.0,0.0,28.3,61,14.0,2,66,0.0,0.0,28.23,60.67,15.7,2,58.67,dry,Partly cloudy,"Open-Meteo historical weather archive (ERA5-based reanalysis, ~9 km grid)",measured (Open-Meteo reanalysis)
2026-07-24,18,2026-07-24T18:00,18:00-19:00,2026-07-24T19:00,0.0,0.0,27.5,62,15.9,2,69,0.0,0.0,27.3,65,15.3,3,84,0.0,0.0,27.2,67,12.9,3,84,0.0,0.0,27.33,64.67,14.7,3,79.0,dry,Overcast,"Open-Meteo historical weather archive (ERA5-based reanalysis, ~9 km grid)",measured (Open-Meteo reanalysis)
2026-07-24,19,2026-07-24T19:00,19:00-20:00,2026-07-24T20:00,0.0,0.0,27.2,62,17.6,2,77,0.0,0.0,27.1,64,15.0,3,89,0.0,0.0,27.1,67,12.8,3,93,0.0,0.0,27.13,64.33,15.13,3,86.33,dry,Overcast,"Open-Meteo historical weather archive (ERA5-based reanalysis, ~9 km grid)",measured (Open-Meteo reanalysis)
2026-07-24,20,2026-07-24T20:00,20:00-21:00,2026-07-24T21:00,0.0,0.0,26.8,64,17.7,2,57,0.0,0.0,26.5,66,14.3,2,64,0.0,0.0,26.4,68,11.4,2,69,0.0,0.0,26.57,66.0,14.47,2,63.33,dry,Partly cloudy,"Open-Meteo historical weather archive (ERA5-based reanalysis, ~9 km grid)",measured (Open-Meteo reanalysis)
2026-07-24,21,2026-07-24T21:00,21:00-22:00,2026-07-24T22:00,0.0,0.0,26.3,65,17.9,2,59,0.0,0.0,26.1,67,15.2,2,62,0.0,0.0,26.0,69,12.6,2,72,0.0,0.0,26.13,67.0,15.23,2,64.33,dry,Partly cloudy,"Open-Meteo historical weather archive (ERA5-based reanalysis, ~9 km grid)",measured (Open-Meteo reanalysis)
2026-07-24,22,2026-07-24T22:00,22:00-23:00,2026-07-24T23:00,0.0,0.0,25.5,66,19.6,1,28,0.0,0.0,25.6,67,16.9,1,24,0.0,0.0,25.7,68,15.3,1,37,0.0,0.0,25.6,67.0,17.27,1,29.67,dry,Mainly clear,"Open-Meteo historical weather archive (ERA5-based reanalysis, ~9 km grid)",measured (Open-Meteo reanalysis)
2026-07-24,23,2026-07-24T23:00,23:00-24:00,2026-07-25T00:00,0.0,0.0,24.8,70,18.6,1,33,0.0,0.0,24.9,70,16.5,1,38,0.0,0.0,25.0,71,14.4,2,62,0.0,0.0,24.9,70.33,16.5,2,44.33,dry,Partly cloudy,"Open-Meteo historical weather archive (ERA5-based reanalysis, ~9 km grid)",measured (Open-Meteo reanalysis)
2026-07-25,0,2026-07-25T00:00,00:00-01:00,2026-07-25T01:00,0.0,0.0,24.2,73,17.6,0,5,0.0,0.0,24.3,73,15.6,1,25,0.0,0.0,24.4,74,14.0,1,36,0.0,0.0,24.3,73.33,15.73,1,22.0,dry,Mainly clear,"Open-Meteo historical weather archive (ERA5-based reanalysis, ~9 km grid)",measured (Open-Meteo reanalysis)
2026-07-25,1,2026-07-25T01:00,01:00-02:00,2026-07-25T02:00,0.0,0.0,23.7,76,16.9,0,9,0.0,0.0,23.8,76,15.4,0,5,0.0,0.0,23.9,76,14.1,1,33,0.0,0.0,23.8,76.0,15.47,1,15.67,dry,Mainly clear,"Open-Meteo historical weather archive (ERA5-based reanalysis, ~9 km grid)",measured (Open-Meteo reanalysis)
2026-07-25,2,2026-07-25T02:00,02:00-03:00,2026-07-25T03:00,0.0,0.0,23.4,78,17.4,0,10,0.0,0.0,23.4,78,16.1,0,6,0.0,0.0,23.5,78,14.6,0,13,0.0,0.0,23.43,78.0,16.03,0,9.67,dry,Clear sky,"Open-Meteo historical weather archive (ERA5-based reanalysis, ~9 km grid)",measured (Open-Meteo reanalysis)
2026-07-25,3,2026-07-25T03:00,03:00-04:00,2026-07-25T04:00,0.0,0.0,23.1,80,16.9,0,8,0.0,0.0,23.2,80,15.6,0,7,0.0,0.0,23.3,80,14.1,1,20,0.0,0.0,23.2,80.0,15.53,1,11.67,dry,Mainly clear,"Open-Meteo historical weather archive (ERA5-based reanalysis, ~9 km grid)",measured (Open-Meteo reanalysis)
2026-07-25,4,2026-07-25T04:00,04:00-05:00,2026-07-25T05:00,0.0,0.0,22.9,82,16.3,0,14,0.0,0.0,23.0,82,14.3,0,9,0.0,0.0,23.1,82,13.2,0,14,0.0,0.0,23.0,82.0,14.6,0,12.33,dry,Clear sky,"Open-Meteo historical weather archive (ERA5-based reanalysis, ~9 km grid)",measured (Open-Meteo reanalysis)
2026-07-25,5,2026-07-25T05:00,05:00-06:00,2026-07-25T06:00,0.0,0.0,23.0,82,16.4,3,87,0.0,0.0,23.1,82,15.0,2,52,0.0,0.0,23.2,82,13.7,2,52,0.0,0.0,23.1,82.0,15.03,3,63.67,dry,Overcast,"Open-Meteo historical weather archive (ERA5-based reanalysis, ~9 km grid)",measured (Open-Meteo reanalysis)
2026-07-25,6,2026-07-25T06:00,06:00-07:00,2026-07-25T07:00,0.0,0.0,24.1,79,18.3,3,89,0.0,0.0,24.1,79,16.3,3,87,0.0,0.0,24.0,79,14.3,3,86,0.0,0.0,24.07,79.0,16.3,3,87.33,dry,Overcast,"Open-Meteo historical weather archive (ERA5-based reanalysis, ~9 km grid)",measured (Open-Meteo reanalysis)
2026-07-25,7,2026-07-25T07:00,07:00-08:00,2026-07-25T08:00,0.0,0.0,25.4,72,24.5,3,100,0.0,0.0,25.4,72,21.9,3,100,0.0,0.0,25.2,72,19.3,3,99,0.0,0.0,25.33,72.0,21.9,3,99.67,dry,Overcast,"Open-Meteo historical weather archive (ERA5-based reanalysis, ~9 km grid)",measured (Open-Meteo reanalysis)
2026-07-25,8,2026-07-25T08:00,08:00-09:00,2026-07-25T09:00,0.0,0.0,26.7,67,23.8,3,100,0.0,0.0,26.7,66,20.9,3,100,0.0,0.0,26.5,66,18.7,3,100,0.0,0.0,26.63,66.33,21.13,3,100.0,dry,Overcast,"Open-Meteo historical weather archive (ERA5-based reanalysis, ~9 km grid)",measured (Open-Meteo reanalysis)
2026-07-25,9,2026-07-25T09:00,09:00-10:00,2026-07-25T10:00,0.0,0.0,27.3,65,23.0,3,100,0.0,0.0,27.5,63,21.1,3,100,0.0,0.0,27.5,63,18.6,3,95,0.0,0.0,27.43,63.67,20.9,3,98.33,dry,Overcast,"Open-Meteo historical weather archive (ERA5-based reanalysis, ~9 km grid)",measured (Open-Meteo reanalysis)
2026-07-25,10,2026-07-25T10:00,10:00-11:00,2026-07-25T11:00,0.0,0.0,27.4,65,22.0,3,100,0.0,0.0,27.5,64,20.0,3,100,0.0,0.0,27.6,63,17.5,3,100,0.0,0.0,27.5,64.0,19.83,3,100.0,dry,Overcast,"Open-Meteo historical weather archive (ERA5-based reanalysis, ~9 km grid)",measured (Open-Meteo reanalysis)
2026-07-25,11,2026-07-25T11:00,11:00-12:00,2026-07-25T12:00,0.0,0.0,28.2,62,22.6,3,100,0.0,0.0,28.1,61,20.2,3,100,0.0,0.0,27.9,62,17.3,3,100,0.0,0.0,28.07,61.67,20.03,3,100.0,dry,Overcast,"Open-Meteo historical weather archive (ERA5-based reanalysis, ~9 km grid)",measured (Open-Meteo reanalysis)
2026-07-25,12,2026-07-25T12:00,12:00-13:00,2026-07-25T13:00,0.0,0.0,28.6,60,21.0,3,99,0.0,0.0,28.4,60,18.0,3,98,0.0,0.0,28.4,60,15.5,3,99,0.0,0.0,28.47,60.0,18.17,3,98.67,dry,Overcast,"Open-Meteo historical weather archive (ERA5-based reanalysis, ~9 km grid)",measured (Open-Meteo reanalysis)
2026-07-25,13,2026-07-25T13:00,13:00-14:00,2026-07-25T14:00,0.0,0.0,29.3,60,19.4,3,95,0.0,0.0,29.4,58,17.7,3,100,0.0,0.0,29.3,58,14.5,3,99,0.0,0.0,29.33,58.67,17.2,3,98.0,dry,Overcast,"Open-Meteo historical weather archive (ERA5-based reanalysis, ~9 km grid)",measured (Open-Meteo reanalysis)
2026-07-25,14,2026-07-25T14:00,14:00-15:00,2026-07-25T15:00,0.0,0.0,29.8,58,17.7,3,100,0.0,0.0,29.8,56,15.1,3,89,0.0,0.0,29.7,57,13.7,2,76,0.0,0.0,29.77,57.0,15.5,3,88.33,dry,Overcast,"Open-Meteo historical weather archive (ERA5-based reanalysis, ~9 km grid)",measured (Open-Meteo reanalysis)
2026-07-25,15,2026-07-25T15:00,15:00-16:00,2026-07-25T16:00,0.0,0.0,29.2,60,16.7,2,67,0.0,0.0,29.6,57,14.9,3,84,0.0,0.0,29.7,57,12.1,3,95,0.0,0.0,29.5,58.0,14.57,3,82.0,dry,Overcast,"Open-Meteo historical weather archive (ERA5-based reanalysis, ~9 km grid)",measured (Open-Meteo reanalysis)
2026-07-25,16,2026-07-25T16:00,16:00-17:00,2026-07-25T17:00,0.0,0.0,28.7,63,14.4,2,64,0.0,0.0,28.9,61,12.9,2,66,0.0,0.0,29.1,60,11.5,2,71,0.0,0.0,28.9,61.33,12.93,2,67.0,dry,Partly cloudy,"Open-Meteo historical weather archive (ERA5-based reanalysis, ~9 km grid)",measured (Open-Meteo reanalysis)
2026-07-25,17,2026-07-25T17:00,17:00-18:00,2026-07-25T18:00,0.0,0.0,27.7,69,9.0,3,88,0.0,0.0,27.9,67,9.6,3,92,0.0,0.0,28.2,66,9.0,3,95,0.0,0.0,27.93,67.33,9.2,3,91.67,dry,Overcast,"Open-Meteo historical weather archive (ERA5-based reanalysis, ~9 km grid)",measured (Open-Meteo reanalysis)
2026-07-25,18,2026-07-25T18:00,18:00-19:00,2026-07-25T19:00,0.0,0.0,26.5,73,7.4,3,98,0.0,0.0,26.9,72,8.2,3,98,0.0,0.0,27.2,71,8.8,3,99,0.0,0.0,26.87,72.0,8.13,3,98.33,dry,Overcast,"Open-Meteo historical weather archive (ERA5-based reanalysis, ~9 km grid)",measured (Open-Meteo reanalysis)
2026-07-25,19,2026-07-25T19:00,19:00-20:00,2026-07-25T20:00,0.0,0.0,26.1,76,9.1,3,100,0.0,0.0,26.3,74,9.1,3,99,0.0,0.0,26.7,74,9.3,3,99,0.0,0.0,26.37,74.67,9.17,3,99.33,dry,Overcast,"Open-Meteo historical weather archive (ERA5-based reanalysis, ~9 km grid)",measured (Open-Meteo reanalysis)
2026-07-25,20,2026-07-25T20:00,20:00-21:00,2026-07-25T21:00,0.0,0.0,26.1,75,12.9,3,99,0.0,0.0,26.1,76,11.1,3,97,0.0,0.0,26.4,75,10.3,3,98,0.0,0.0,26.2,75.33,11.43,3,98.0,dry,Overcast,"Open-Meteo historical weather archive (ERA5-based reanalysis, ~9 km grid)",measured (Open-Meteo reanalysis)
2026-07-25,21,2026-07-25T21:00,21:00-22:00,2026-07-25T22:00,0.0,0.0,25.9,74,12.6,3,94,0.0,0.0,25.9,75,12.0,3,96,0.0,0.0,26.0,76,10.4,3,98,0.0,0.0,25.93,75.0,11.67,3,96.0,dry,Overcast,"Open-Meteo historical weather archive (ERA5-based reanalysis, ~9 km grid)",measured (Open-Meteo reanalysis)
2026-07-25,22,2026-07-25T22:00,22:00-23:00,2026-07-25T23:00,0.0,0.0,25.9,71,16.2,3,99,0.0,0.0,26.1,71,15.6,3,94,0.0,0.0,26.4,70,14.1,3,93,0.0,0.0,26.13,70.67,15.3,3,95.33,dry,Overcast,"Open-Meteo historical weather archive (ERA5-based reanalysis, ~9 km grid)",measured (Open-Meteo reanalysis)
2026-07-25,23,2026-07-25T23:00,23:00-24:00,2026-07-26T00:00,0.0,0.0,25.5,73,18.3,3,100,0.0,0.0,25.7,73,17.0,3,100,0.0,0.0,25.8,73,15.0,3,99,0.0,0.0,25.67,73.0,16.77,3,99.67,dry,Overcast,"Open-Meteo historical weather archive (ERA5-based reanalysis, ~9 km grid)",measured (Open-Meteo reanalysis)
2026-07-26,0,2026-07-26T00:00,00:00-01:00,2026-07-26T01:00,0.0,0.0,25.0,76,18.4,3,99,0.0,0.0,25.2,75,16.4,3,99,0.0,0.0,25.3,75,14.2,3,98,0.0,0.0,25.17,75.33,16.33,3,98.67,dry,Overcast,"Open-Meteo historical weather archive (ERA5-based reanalysis, ~9 km grid)",measured (Open-Meteo reanalysis)
2026-07-26,1,2026-07-26T01:00,01:00-02:00,2026-07-26T02:00,0.0,0.0,24.5,78,18.0,3,95,0.0,0.0,24.6,79,16.4,3,96,0.0,0.0,24.8,78,14.4,3,94,0.0,0.0,24.63,78.33,16.27,3,95.0,dry,Overcast,"Open-Meteo historical weather archive (ERA5-based reanalysis, ~9 km grid)",measured (Open-Meteo reanalysis)
2026-07-26,2,2026-07-26T02:00,02:00-03:00,2026-07-26T03:00,0.0,0.0,24.1,80,17.5,2,71,0.0,0.0,24.1,81,15.8,3,80,0.0,0.0,24.3,80,14.2,2,79,0.0,0.0,24.17,80.33,15.83,3,76.67,dry,Overcast,"Open-Meteo historical weather archive (ERA5-based reanalysis, ~9 km grid)",measured (Open-Meteo reanalysis)
2026-07-26,3,2026-07-26T03:00,03:00-04:00,2026-07-26T04:00,0.0,0.0,23.8,82,16.9,3,92,0.0,0.0,23.8,82,15.7,3,89,0.0,0.0,24.0,81,14.4,3,88,0.0,0.0,23.87,81.67,15.67,3,89.67,dry,Overcast,"Open-Meteo historical weather archive (ERA5-based reanalysis, ~9 km grid)",measured (Open-Meteo reanalysis)
2026-07-26,4,2026-07-26T04:00,04:00-05:00,2026-07-26T05:00,0.0,0.0,23.5,83,18.2,2,79,0.0,0.0,23.6,83,17.1,2,76,0.0,0.0,23.9,82,15.9,3,87,0.0,0.0,23.67,82.67,17.07,3,80.67,dry,Overcast,"Open-Meteo historical weather archive (ERA5-based reanalysis, ~9 km grid)",measured (Open-Meteo reanalysis)
2026-07-26,5,2026-07-26T05:00,05:00-06:00,2026-07-26T06:00,0.0,0.0,23.6,84,15.8,3,86,0.0,0.0,23.7,83,14.8,3,87,0.0,0.0,23.8,83,13.9,3,83,0.0,0.0,23.7,83.33,14.83,3,85.33,dry,Overcast,"Open-Meteo historical weather archive (ERA5-based reanalysis, ~9 km grid)",measured (Open-Meteo reanalysis)
2026-07-26,6,2026-07-26T06:00,06:00-07:00,2026-07-26T07:00,0.0,0.0,24.6,81,15.7,3,80,0.0,0.0,24.6,81,13.7,2,78,0.0,0.0,24.5,81,12.6,3,81,0.0,0.0,24.57,81.0,14.0,3,79.67,dry,Overcast,"Open-Meteo historical weather archive (ERA5-based reanalysis, ~9 km grid)",measured (Open-Meteo reanalysis)
2026-07-26,7,2026-07-26T07:00,07:00-08:00,2026-07-26T08:00,0.0,0.0,25.9,76,20.5,3,91,0.0,0.0,26.0,74,20.0,3,92,0.0,0.0,26.0,74,18.7,3,95,0.0,0.0,25.97,74.67,19.73,3,92.67,dry,Overcast,"Open-Meteo historical weather archive (ERA5-based reanalysis, ~9 km grid)",measured (Open-Meteo reanalysis)
2026-07-26,8,2026-07-26T08:00,08:00-09:00,2026-07-26T09:00,0.0,0.0,27.5,68,23.1,3,87,0.0,0.0,27.6,67,21.2,3,93,0.0,0.0,27.5,67,19.1,3,98,0.0,0.0,27.53,67.33,21.13,3,92.67,dry,Overcast,"Open-Meteo historical weather archive (ERA5-based reanalysis, ~9 km grid)",measured (Open-Meteo reanalysis)
2026-07-26,9,2026-07-26T09:00,09:00-10:00,2026-07-26T10:00,0.1,0.1,28.3,65,23.8,51,80,0.1,0.1,28.5,62,21.2,51,89,0.0,0.0,28.5,62,17.7,3,85,0.07,0.07,28.43,63.0,20.9,51,84.67,dry,Light drizzle,"Open-Meteo historical weather archive (ERA5-based reanalysis, ~9 km grid)",measured (Open-Meteo reanalysis)
2026-07-26,10,2026-07-26T10:00,10:00-11:00,2026-07-26T11:00,0.3,0.3,28.9,61,22.6,51,91,0.5,0.5,28.5,63,19.8,53,100,0.4,0.4,29.0,60,17.1,51,100,0.4,0.4,28.8,61.33,19.83,53,97.0,light,Drizzle,"Open-Meteo historical weather archive (ERA5-based reanalysis, ~9 km grid)",measured (Open-Meteo reanalysis)
2026-07-26,11,2026-07-26T11:00,11:00-12:00,2026-07-26T12:00,0.3,0.3,29.4,62,20.4,51,56,0.3,0.3,29.1,61,19.1,51,70,0.4,0.4,29.4,57,16.9,51,96,0.33,0.33,29.3,60.0,18.8,51,74.0,light,Light drizzle,"Open-Meteo historical weather archive (ERA5-based reanalysis, ~9 km grid)",measured (Open-Meteo reanalysis)
2026-07-26,12,2026-07-26T12:00,12:00-13:00,2026-07-26T13:00,0.2,0.2,27.5,72,20.1,51,94,0.1,0.1,30.1,61,18.0,51,91,0.7,0.7,30.0,60,15.2,53,92,0.33,0.33,29.2,64.33,17.77,53,92.33,light,Drizzle,"Open-Meteo historical weather archive (ERA5-based reanalysis, ~9 km grid)",measured (Open-Meteo reanalysis)
2026-07-26,13,2026-07-26T13:00,13:00-14:00,2026-07-26T14:00,1.4,1.4,29.9,65,16.4,61,90,0.7,0.7,29.3,67,14.4,53,91,2.0,2.0,28.1,71,12.9,61,98,1.37,1.37,29.1,67.67,14.57,61,93.0,moderate,Light rain,"Open-Meteo historical weather archive (ERA5-based reanalysis, ~9 km grid)",measured (Open-Meteo reanalysis)
2026-07-26,14,2026-07-26T14:00,14:00-15:00,2026-07-26T15:00,0.0,0.0,30.0,61,18.4,3,98,0.0,0.0,29.8,61,16.9,3,99,0.2,0.2,29.6,64,12.5,51,99,0.07,0.07,29.8,62.0,15.93,51,98.67,dry,Light drizzle,"Open-Meteo historical weather archive (ERA5-based reanalysis, ~9 km grid)",measured (Open-Meteo reanalysis)
2026-07-26,15,2026-07-26T15:00,15:00-16:00,2026-07-26T16:00,1.4,1.4,26.5,85,15.7,61,99,0.5,0.5,27.6,73,17.1,53,100,1.6,1.6,28.0,71,16.1,61,100,1.17,1.17,27.37,76.33,16.3,61,99.67,moderate,Light rain,"Open-Meteo historical weather archive (ERA5-based reanalysis, ~9 km grid)",measured (Open-Meteo reanalysis)
2026-07-26,16,2026-07-26T16:00,16:00-17:00,2026-07-26T17:00,0.2,0.2,28.2,72,8.5,51,96,0.2,0.2,28.6,70,9.2,51,92,0.2,0.2,28.5,71,7.8,51,90,0.2,0.2,28.43,71.0,8.5,51,92.67,light,Light drizzle,"Open-Meteo historical weather archive (ERA5-based reanalysis, ~9 km grid)",measured (Open-Meteo reanalysis)
2026-07-26,17,2026-07-26T17:00,17:00-18:00,2026-07-26T18:00,0.1,0.1,27.0,79,11.8,51,98,0.1,0.1,27.8,72,11.6,51,92,0.1,0.1,28.0,73,8.9,51,95,0.1,0.1,27.6,74.67,10.77,51,95.0,light,Light drizzle,"Open-Meteo historical weather archive (ERA5-based reanalysis, ~9 km grid)",measured (Open-Meteo reanalysis)
2026-07-26,18,2026-07-26T18:00,18:00-19:00,2026-07-26T19:00,0.7,0.7,24.8,94,9.5,53,98,0.2,0.2,25.8,84,12.3,51,90,0.1,0.1,26.5,80,11.3,51,92,0.33,0.33,25.7,86.0,11.03,53,93.33,light,Drizzle,"Open-Meteo historical weather archive (ERA5-based reanalysis, ~9 km grid)",measured (Open-Meteo reanalysis)
2026-07-26,19,2026-07-26T19:00,19:00-20:00,2026-07-26T20:00,0.3,0.3,24.6,95,10.8,51,100,0.3,0.3,25.0,91,10.5,51,100,0.4,0.4,25.3,89,9.7,51,100,0.33,0.33,24.97,91.67,10.33,51,100.0,light,Light drizzle,"Open-Meteo historical weather archive (ERA5-based reanalysis, ~9 km grid)",measured (Open-Meteo reanalysis)
2026-07-26,20,2026-07-26T20:00,20:00-21:00,2026-07-26T21:00,0.1,0.1,24.5,91,13.2,51,100,0.0,0.0,25.1,88,11.0,3,100,0.1,0.1,25.3,88,10.1,51,100,0.07,0.07,24.97,89.0,11.43,51,100.0,dry,Light drizzle,"Open-Meteo historical weather archive (ERA5-based reanalysis, ~9 km grid)",measured (Open-Meteo reanalysis)
2026-07-26,21,2026-07-26T21:00,21:00-22:00,2026-07-26T22:00,0.0,0.0,24.0,92,10.7,3,100,0.0,0.0,24.8,88,10.7,3,100,0.0,0.0,25.2,86,10.1,3,100,0.0,0.0,24.67,88.67,10.5,3,100.0,dry,Overcast,"Open-Meteo historical weather archive (ERA5-based reanalysis, ~9 km grid)",measured (Open-Meteo reanalysis)
2026-07-26,22,2026-07-26T22:00,22:00-23:00,2026-07-26T23:00,0.0,0.0,23.8,94,13.5,3,100,0.0,0.0,23.8,93,14.7,3,100,0.0,0.0,24.0,93,13.9,3,100,0.0,0.0,23.87,93.33,14.03,3,100.0,dry,Overcast,"Open-Meteo historical weather archive (ERA5-based reanalysis, ~9 km grid)",measured (Open-Meteo reanalysis)
2026-07-26,23,2026-07-26T23:00,23:00-24:00,2026-07-27T00:00,4.0,4.0,23.6,94,16.6,63,100,4.5,4.5,23.6,93,16.7,63,100,5.1,5.1,23.7,93,15.1,63,100,4.53,4.53,23.63,93.33,16.13,63,100.0,moderate,Rain,"Open-Meteo historical weather archive (ERA5-based reanalysis, ~9 km grid)",measured (Open-Meteo reanalysis)
2026-07-27,0,2026-07-27T00:00,00:00-01:00,2026-07-27T01:00,2.4,2.4,23.3,94,17.5,61,100,2.4,2.4,23.3,93,17.6,61,100,3.0,3.0,23.5,92,17.5,63,100,2.6,2.6,23.37,93.0,17.53,63,100.0,moderate,Rain,"Open-Meteo historical weather archive (ERA5-based reanalysis, ~9 km grid)",measured (Open-Meteo reanalysis)
2026-07-27,1,2026-07-27T01:00,01:00-02:00,2026-07-27T02:00,2.2,2.2,23.2,94,17.9,61,100,2.0,2.0,23.2,93,17.6,61,100,2.1,2.1,23.3,92,18.4,61,100,2.1,2.1,23.23,93.0,17.97,61,100.0,moderate,Light rain,"Open-Meteo historical weather archive (ERA5-based reanalysis, ~9 km grid)",measured (Open-Meteo reanalysis)
2026-07-27,2,2026-07-27T02:00,02:00-03:00,2026-07-27T03:00,1.6,1.6,23.0,93,19.1,61,100,1.8,1.8,23.1,93,19.0,61,100,1.7,1.7,23.2,92,18.0,61,100,1.7,1.7,23.1,92.67,18.7,61,100.0,moderate,Light rain,"Open-Meteo historical weather archive (ERA5-based reanalysis, ~9 km grid)",measured (Open-Meteo reanalysis)
2026-07-27,3,2026-07-27T03:00,03:00-04:00,2026-07-27T04:00,0.7,0.7,22.8,93,18.9,53,100,1.3,1.3,22.9,92,19.1,61,100,1.4,1.4,23.0,92,17.6,61,100,1.13,1.13,22.9,92.33,18.53,61,100.0,moderate,Light rain,"Open-Meteo historical weather archive (ERA5-based reanalysis, ~9 km grid)",measured (Open-Meteo reanalysis)
2026-07-27,4,2026-07-27T04:00,04:00-05:00,2026-07-27T05:00,0.8,0.8,23.2,90,20.9,53,98,0.6,0.6,23.4,88,19.3,53,99,1.3,1.3,23.8,86,17.3,61,100,0.9,0.9,23.47,88.0,19.17,61,99.0,light,Light rain,"Open-Meteo historical weather archive (ERA5-based reanalysis, ~9 km grid)",measured (Open-Meteo reanalysis)
2026-07-27,5,2026-07-27T05:00,05:00-06:00,2026-07-27T06:00,0.0,0.0,23.3,89,20.3,3,99,0.0,0.0,23.6,87,18.7,3,100,0.0,0.0,23.8,86,16.8,3,100,0.0,0.0,23.57,87.33,18.6,3,99.67,dry,Overcast,"Open-Meteo historical weather archive (ERA5-based reanalysis, ~9 km grid)",measured (Open-Meteo reanalysis)
2026-07-27,6,2026-07-27T06:00,06:00-07:00,2026-07-27T07:00,0.0,0.0,24.0,87,18.3,3,100,0.0,0.0,24.1,86,16.8,3,100,0.0,0.0,24.3,85,14.3,3,98,0.0,0.0,24.13,86.0,16.47,3,99.33,dry,Overcast,"Open-Meteo historical weather archive (ERA5-based reanalysis, ~9 km grid)",measured (Open-Meteo reanalysis)
2026-07-27,7,2026-07-27T07:00,07:00-08:00,2026-07-27T08:00,0.0,0.0,24.6,84,17.8,3,100,0.0,0.0,24.8,83,16.8,3,100,0.0,0.0,25.0,81,15.2,3,100,0.0,0.0,24.8,82.67,16.6,3,100.0,dry,Overcast,"Open-Meteo historical weather archive (ERA5-based reanalysis, ~9 km grid)",measured (Open-Meteo reanalysis)
2026-07-27,8,2026-07-27T08:00,08:00-09:00,2026-07-27T09:00,0.0,0.0,25.0,83,14.9,3,100,0.0,0.0,24.9,83,13.1,3,100,0.0,0.0,25.1,82,13.5,3,100,0.0,0.0,25.0,82.67,13.83,3,100.0,dry,Overcast,"Open-Meteo historical weather archive (ERA5-based reanalysis, ~9 km grid)",measured (Open-Meteo reanalysis)
2026-07-27,9,2026-07-27T09:00,09:00-10:00,2026-07-27T10:00,0.0,0.0,26.2,75,21.0,3,100,0.0,0.0,26.0,77,17.7,3,100,0.0,0.0,25.7,79,15.2,3,100,0.0,0.0,25.97,77.0,17.97,3,100.0,dry,Overcast,"Open-Meteo historical weather archive (ERA5-based reanalysis, ~9 km grid)",measured (Open-Meteo reanalysis)
2026-07-27,10,2026-07-27T10:00,10:00-11:00,2026-07-27T11:00,0.5,0.5,25.8,81,16.5,53,100,0.3,0.3,25.5,82,13.4,51,100,0.2,0.2,25.7,80,10.7,51,100,0.33,0.33,25.67,81.0,13.53,53,100.0,light,Drizzle,"Open-Meteo historical weather archive (ERA5-based reanalysis, ~9 km grid)",measured (Open-Meteo reanalysis)
2026-07-27,11,2026-07-27T11:00,11:00-12:00,2026-07-27T12:00,0.4,0.4,26.2,81,15.8,51,100,0.2,0.2,26.2,79,14.2,51,99,0.1,0.1,26.3,77,12.4,51,100,0.23,0.23,26.23,79.0,14.13,51,99.67,light,Light drizzle,"Open-Meteo historical weather archive (ERA5-based reanalysis, ~9 km grid)",measured (Open-Meteo reanalysis)
2026-07-27,12,2026-07-27T12:00,12:00-13:00,2026-07-27T13:00,0.3,0.3,27.6,72,19.4,51,74,0.2,0.2,27.5,72,17.1,51,76,0.1,0.1,27.5,71,13.9,51,82,0.2,0.2,27.53,71.67,16.8,51,77.33,light,Light drizzle,"Open-Meteo historical weather archive (ERA5-based reanalysis, ~9 km grid)",measured (Open-Meteo reanalysis)
2026-07-27,13,2026-07-27T13:00,13:00-14:00,2026-07-27T14:00,0.5,0.5,27.9,71,20.7,53,84,0.2,0.2,28.7,67,17.6,51,79,0.2,0.2,29.0,65,15.9,51,77,0.3,0.3,28.53,67.67,18.07,53,80.0,light,Drizzle,"Open-Meteo historical weather archive (ERA5-based reanalysis, ~9 km grid)",measured (Open-Meteo reanalysis)
2026-07-27,14,2026-07-27T14:00,14:00-15:00,2026-07-27T15:00,0.1,0.1,28.9,71,19.7,51,90,0.4,0.4,28.8,68,17.5,51,95,0.3,0.3,28.8,67,15.5,51,97,0.27,0.27,28.83,68.67,17.57,51,94.0,light,Light drizzle,"Open-Meteo historical weather archive (ERA5-based reanalysis, ~9 km grid)",measured (Open-Meteo reanalysis)
2026-07-27,15,2026-07-27T15:00,15:00-16:00,2026-07-27T16:00,0.0,0.0,28.7,67,20.5,3,95,0.1,0.1,28.7,67,19.1,51,86,0.1,0.1,28.9,66,16.6,51,87,0.07,0.07,28.77,66.67,18.73,51,89.33,dry,Light drizzle,"Open-Meteo historical weather archive (ERA5-based reanalysis, ~9 km grid)",measured (Open-Meteo reanalysis)
2026-07-27,16,2026-07-27T16:00,16:00-17:00,2026-07-27T17:00,0.0,0.0,26.1,89,9.7,1,45,0.0,0.0,26.4,86,11.1,1,49,0.0,0.0,26.8,80,11.4,2,60,0.0,0.0,26.43,85.0,10.73,2,51.33,dry,Partly cloudy,"Open-Meteo historical weather archive (ERA5-based reanalysis, ~9 km grid)",measured (Open-Meteo reanalysis)
2026-07-27,17,2026-07-27T17:00,17:00-18:00,2026-07-27T18:00,0.3,0.3,25.7,90,12.2,51,38,0.5,0.5,25.9,89,12.3,53,30,0.7,0.7,26.2,85,11.2,53,40,0.5,0.5,25.93,88.0,11.9,53,36.0,light,Drizzle,"Open-Meteo historical weather archive (ERA5-based reanalysis, ~9 km grid)",measured (Open-Meteo reanalysis)
2026-07-27,18,2026-07-27T18:00,18:00-19:00,2026-07-27T19:00,0.2,0.2,25.0,93,9.0,51,30,0.2,0.2,25.4,91,9.6,51,34,0.1,0.1,25.9,88,9.4,51,49,0.17,0.17,25.43,90.67,9.33,51,37.67,light,Light drizzle,"Open-Meteo historical weather archive (ERA5-based reanalysis, ~9 km grid)",measured (Open-Meteo reanalysis)
2026-07-27,19,2026-07-27T19:00,19:00-20:00,2026-07-27T20:00,0.1,0.1,24.6,94,13.3,51,72,0.1,0.1,25.1,91,13.0,51,77,0.1,0.1,25.6,87,12.1,51,84,0.1,0.1,25.1,90.67,12.8,51,77.67,light,Light drizzle,"Open-Meteo historical weather archive (ERA5-based reanalysis, ~9 km grid)",measured (Open-Meteo reanalysis)
2026-07-27,20,2026-07-27T20:00,20:00-21:00,2026-07-27T21:00,0.0,0.0,24.2,93,12.1,3,80,0.0,0.0,24.7,90,11.8,3,82,0.0,0.0,25.2,87,11.3,3,88,0.0,0.0,24.7,90.0,11.73,3,83.33,dry,Overcast,"Open-Meteo historical weather archive (ERA5-based reanalysis, ~9 km grid)",measured (Open-Meteo reanalysis)
2026-07-27,21,2026-07-27T21:00,21:00-22:00,2026-07-27T22:00,0.0,0.0,24.0,92,17.6,3,83,0.0,0.0,24.4,89,16.0,3,96,0.0,0.0,24.9,87,13.6,3,98,0.0,0.0,24.43,89.33,15.73,3,92.33,dry,Overcast,"Open-Meteo historical weather archive (ERA5-based reanalysis, ~9 km grid)",measured (Open-Meteo reanalysis)
2026-07-27,22,2026-07-27T22:00,22:00-23:00,2026-07-27T23:00,0.0,0.0,23.4,91,17.1,3,100,0.0,0.0,24.2,88,15.9,3,100,0.0,0.0,25.1,84,14.6,3,100,0.0,0.0,24.23,87.67,15.87,3,100.0,dry,Overcast,"Open-Meteo historical weather archive (ERA5-based reanalysis, ~9 km grid)",measured (Open-Meteo reanalysis)
2026-07-27,23,2026-07-27T23:00,23:00-24:00,2026-07-28T00:00,0.2,0.2,22.9,94,16.8,51,100,0.3,0.3,23.0,93,15.2,51,100,0.2,0.2,23.5,89,13.4,51,100,0.23,0.23,23.13,92.0,15.13,51,100.0,light,Light drizzle,"Open-Meteo historical weather archive (ERA5-based reanalysis, ~9 km grid)",measured (Open-Meteo reanalysis)
2026-07-28,0,2026-07-28T00:00,00:00-01:00,2026-07-28T01:00,0.1,0.1,23.0,94,16.6,51,53,0.1,0.1,23.0,93,14.5,51,92,0.3,0.3,23.4,91,13.3,51,99,0.17,0.17,23.13,92.67,14.8,51,81.33,light,Light drizzle,"Open-Meteo historical weather archive (ERA5-based reanalysis, ~9 km grid)",measured (Open-Meteo reanalysis)
2026-07-28,1,2026-07-28T01:00,01:00-02:00,2026-07-28T02:00,0.1,0.1,22.6,96,15.9,51,92,0.2,0.2,22.8,94,14.7,51,69,0.2,0.2,23.2,92,13.5,51,84,0.17,0.17,22.87,94.0,14.7,51,81.67,light,Light drizzle,"Open-Meteo historical weather archive (ERA5-based reanalysis, ~9 km grid)",measured (Open-Meteo reanalysis)
2026-07-28,2,2026-07-28T02:00,02:00-03:00,2026-07-28T03:00,0.0,0.0,22.7,95,16.8,2,77,0.0,0.0,23.0,93,15.6,3,80,0.1,0.1,23.3,91,13.9,51,77,0.03,0.03,23.0,93.0,15.43,51,78.0,dry,Light drizzle,"Open-Meteo historical weather archive (ERA5-based reanalysis, ~9 km grid)",measured (Open-Meteo reanalysis)
2026-07-28,3,2026-07-28T03:00,03:00-04:00,2026-07-28T04:00,0.0,0.0,22.9,94,19.0,2,70,0.0,0.0,23.2,92,17.2,2,67,0.0,0.0,23.5,90,15.4,2,68,0.0,0.0,23.2,92.0,17.2,2,68.33,dry,Partly cloudy,"Open-Meteo historical weather archive (ERA5-based reanalysis, ~9 km grid)",measured (Open-Meteo reanalysis)
2026-07-28,4,2026-07-28T04:00,04:00-05:00,2026-07-28T05:00,0.0,0.0,23.7,89,20.3,3,99,0.0,0.0,23.7,89,18.6,3,98,0.1,0.1,24.0,88,16.8,51,98,0.03,0.03,23.8,88.67,18.57,51,98.33,dry,Light drizzle,"Open-Meteo historical weather archive (ERA5-based reanalysis, ~9 km grid)",measured (Open-Meteo reanalysis)
2026-07-28,5,2026-07-28T05:00,05:00-06:00,2026-07-28T06:00,0.0,0.0,23.7,87,20.1,3,99,0.0,0.0,23.9,87,18.3,3,99,0.0,0.0,24.0,86,16.1,3,100,0.0,0.0,23.87,86.67,18.17,3,99.33,dry,Overcast,"Open-Meteo historical weather archive (ERA5-based reanalysis, ~9 km grid)",measured (Open-Meteo reanalysis)
2026-07-28,6,2026-07-28T06:00,06:00-07:00,2026-07-28T07:00,0.0,0.0,24.7,83,18.1,3,89,0.0,0.0,24.7,84,15.2,3,91,0.0,0.0,24.6,84,12.7,3,94,0.0,0.0,24.67,83.67,15.33,3,91.33,dry,Overcast,"Open-Meteo historical weather archive (ERA5-based reanalysis, ~9 km grid)",measured (Open-Meteo reanalysis)
2026-07-28,7,2026-07-28T07:00,07:00-08:00,2026-07-28T08:00,0.0,0.0,26.0,77,26.6,3,88,0.0,0.0,26.1,76,23.1,3,89,0.0,0.0,26.1,76,20.1,3,91,0.0,0.0,26.07,76.33,23.27,3,89.33,dry,Overcast,"Open-Meteo historical weather archive (ERA5-based reanalysis, ~9 km grid)",measured (Open-Meteo reanalysis)
2026-07-28,8,2026-07-28T08:00,08:00-09:00,2026-07-28T09:00,0.0,0.0,27.3,71,26.7,3,98,0.0,0.0,27.2,71,22.7,3,99,0.0,0.0,27.2,72,18.4,3,100,0.0,0.0,27.23,71.33,22.6,3,99.0,dry,Overcast,"Open-Meteo historical weather archive (ERA5-based reanalysis, ~9 km grid)",measured (Open-Meteo reanalysis)
2026-07-28,9,2026-07-28T09:00,09:00-10:00,2026-07-28T10:00,0.1,0.1,28.1,70,23.9,51,62,0.1,0.1,28.0,68,22.5,51,86,0.2,0.2,27.9,68,18.9,51,88,0.13,0.13,28.0,68.67,21.77,51,78.67,light,Light drizzle,"Open-Meteo historical weather archive (ERA5-based reanalysis, ~9 km grid)",measured (Open-Meteo reanalysis)
2026-07-28,10,2026-07-28T10:00,10:00-11:00,2026-07-28T11:00,0.0,0.0,28.7,64,24.9,3,93,0.0,0.0,28.6,64,22.9,3,91,0.1,0.1,28.6,63,20.0,51,91,0.03,0.03,28.63,63.67,22.6,51,91.67,dry,Light drizzle,"Open-Meteo historical weather archive (ERA5-based reanalysis, ~9 km grid)",measured (Open-Meteo reanalysis)
2026-07-28,11,2026-07-28T11:00,11:00-12:00,2026-07-28T12:00,0.1,0.1,29.6,63,24.0,51,42,0.2,0.2,29.5,61,22.7,51,45,0.2,0.2,29.5,59,20.2,51,52,0.17,0.17,29.53,61.0,22.3,51,46.33,light,Light drizzle,"Open-Meteo historical weather archive (ERA5-based reanalysis, ~9 km grid)",measured (Open-Meteo reanalysis)
2026-07-28,12,2026-07-28T12:00,12:00-13:00,2026-07-28T13:00,0.9,0.9,28.7,71,23.2,53,95,0.0,0.0,29.9,63,21.6,3,99,0.1,0.1,30.3,60,17.9,51,97,0.33,0.33,29.63,64.67,20.9,53,97.0,light,Drizzle,"Open-Meteo historical weather archive (ERA5-based reanalysis, ~9 km grid)",measured (Open-Meteo reanalysis)
2026-07-28,13,2026-07-28T13:00,13:00-14:00,2026-07-28T14:00,0.3,0.3,27.7,72,25.2,51,98,0.3,0.3,28.7,66,22.0,51,98,0.3,0.3,29.7,63,17.6,51,100,0.3,0.3,28.7,67.0,21.6,51,98.67,light,Light drizzle,"Open-Meteo historical weather archive (ERA5-based reanalysis, ~9 km grid)",measured (Open-Meteo reanalysis)
2026-07-28,14,2026-07-28T14:00,14:00-15:00,2026-07-28T15:00,0.4,0.4,28.4,71,18.6,51,91,0.7,0.7,28.3,70,15.8,53,98,0.6,0.6,28.7,68,13.1,53,99,0.57,0.57,28.47,69.67,15.83,53,96.0,light,Drizzle,"Open-Meteo historical weather archive (ERA5-based reanalysis, ~9 km grid)",measured (Open-Meteo reanalysis)
2026-07-28,15,2026-07-28T15:00,15:00-16:00,2026-07-28T16:00,1.3,1.3,26.5,81,22.2,61,92,0.5,0.5,27.9,72,19.1,53,96,0.4,0.4,28.7,71,13.0,51,99,0.73,0.73,27.7,74.67,18.1,61,95.67,light,Light rain,"Open-Meteo historical weather archive (ERA5-based reanalysis, ~9 km grid)",measured (Open-Meteo reanalysis)
2026-07-28,16,2026-07-28T16:00,16:00-17:00,2026-07-28T17:00,1.6,1.6,24.9,91,12.3,61,100,0.9,0.9,24.9,89,13.5,53,100,2.3,2.3,25.4,86,16.0,61,100,1.6,1.6,25.07,88.67,13.93,61,100.0,moderate,Light rain,"Open-Meteo historical weather archive (ERA5-based reanalysis, ~9 km grid)",measured (Open-Meteo reanalysis)
2026-07-28,17,2026-07-28T17:00,17:00-18:00,2026-07-28T18:00,0.6,0.6,24.5,94,14.0,53,100,0.7,0.7,24.7,93,11.7,53,100,0.9,0.9,24.9,90,12.4,53,100,0.73,0.73,24.7,92.33,12.7,53,100.0,light,Drizzle,"Open-Meteo historical weather archive (ERA5-based reanalysis, ~9 km grid)",measured (Open-Meteo reanalysis)
2026-07-28,18,2026-07-28T18:00,18:00-19:00,2026-07-28T19:00,0.7,0.7,23.0,94,17.6,53,100,0.3,0.3,23.5,92,17.5,51,100,0.3,0.3,24.3,89,16.6,51,100,0.43,0.43,23.6,91.67,17.23,53,100.0,light,Drizzle,"Open-Meteo historical weather archive (ERA5-based reanalysis, ~9 km grid)",measured (Open-Meteo reanalysis)
2026-07-28,19,2026-07-28T19:00,19:00-20:00,2026-07-28T20:00,0.4,0.4,22.9,95,18.4,51,100,0.4,0.4,23.1,94,17.6,51,100,0.3,0.3,23.6,90,16.7,51,100,0.37,0.37,23.2,93.0,17.57,51,100.0,light,Light drizzle,"Open-Meteo historical weather archive (ERA5-based reanalysis, ~9 km grid)",measured (Open-Meteo reanalysis)
2026-07-28,20,2026-07-28T20:00,20:00-21:00,2026-07-28T21:00,0.4,0.4,23.5,94,20.5,51,100,0.3,0.3,23.6,93,18.7,51,100,0.2,0.2,24.0,90,16.4,51,100,0.3,0.3,23.7,92.33,18.53,51,100.0,light,Light drizzle,"Open-Meteo historical weather archive (ERA5-based reanalysis, ~9 km grid)",measured (Open-Meteo reanalysis)
2026-07-28,21,2026-07-28T21:00,21:00-22:00,2026-07-28T22:00,0.6,0.6,23.6,94,20.9,53,100,0.6,0.6,23.8,93,19.8,53,100,0.6,0.6,24.1,91,18.0,53,100,0.6,0.6,23.83,92.67,19.57,53,100.0,light,Drizzle,"Open-Meteo historical weather archive (ERA5-based reanalysis, ~9 km grid)",measured (Open-Meteo reanalysis)
2026-07-28,22,2026-07-28T22:00,22:00-23:00,2026-07-28T23:00,0.6,0.6,23.7,94,20.2,53,100,0.6,0.6,23.7,94,18.9,53,100,0.6,0.6,23.8,94,17.6,53,100,0.6,0.6,23.73,94.0,18.9,53,100.0,light,Drizzle,"Open-Meteo historical weather archive (ERA5-based reanalysis, ~9 km grid)",measured (Open-Meteo reanalysis)
2026-07-28,23,2026-07-28T23:00,23:00-24:00,2026-07-29T00:00,1.0,1.0,23.5,96,19.5,55,100,1.3,1.3,23.5,95,18.9,61,100,1.6,1.6,23.6,94,18.2,61,100,1.3,1.3,23.53,95.0,18.87,61,100.0,moderate,Light rain,"Open-Meteo historical weather archive (ERA5-based reanalysis, ~9 km grid)",measured (Open-Meteo reanalysis)
2026-07-29,0,2026-07-29T00:00,00:00-01:00,2026-07-29T01:00,1.1,1.1,23.4,95,21.3,55,100,1.2,1.2,23.5,94,20.4,55,100,1.2,1.2,23.6,95,19.1,55,100,1.17,1.17,23.5,94.67,20.27,55,100.0,moderate,Dense drizzle,"Open-Meteo historical weather archive (ERA5-based reanalysis, ~9 km grid)",measured (Open-Meteo reanalysis)
2026-07-29,1,2026-07-29T01:00,01:00-02:00,2026-07-29T02:00,0.6,0.6,23.1,95,19.3,53,100,0.7,0.7,23.1,95,18.3,53,100,0.7,0.7,23.3,94,17.6,53,100,0.67,0.67,23.17,94.67,18.4,53,100.0,light,Drizzle,"Open-Meteo historical weather archive (ERA5-based reanalysis, ~9 km grid)",measured (Open-Meteo reanalysis)
2026-07-29,2,2026-07-29T02:00,02:00-03:00,2026-07-29T03:00,0.6,0.6,23.1,94,17.9,53,100,0.5,0.5,23.1,94,17.6,53,100,0.5,0.5,23.2,94,16.5,53,100,0.53,0.53,23.13,94.0,17.33,53,100.0,light,Drizzle,"Open-Meteo historical weather archive (ERA5-based reanalysis, ~9 km grid)",measured (Open-Meteo reanalysis)
2026-07-29,3,2026-07-29T03:00,03:00-04:00,2026-07-29T04:00,0.6,0.6,23.0,96,19.1,53,100,0.5,0.5,22.9,96,18.1,53,100,0.5,0.5,23.1,95,17.0,53,100,0.53,0.53,23.0,95.67,18.07,53,100.0,light,Drizzle,"Open-Meteo historical weather archive (ERA5-based reanalysis, ~9 km grid)",measured (Open-Meteo reanalysis)
2026-07-29,4,2026-07-29T04:00,04:00-05:00,2026-07-29T05:00,0.5,0.5,22.7,96,22.3,53,100,0.4,0.4,22.8,95,21.4,51,100,0.4,0.4,23.0,94,19.5,51,100,0.43,0.43,22.83,95.0,21.07,53,100.0,light,Drizzle,"Open-Meteo historical weather archive (ERA5-based reanalysis, ~9 km grid)",measured (Open-Meteo reanalysis)
2026-07-29,5,2026-07-29T05:00,05:00-06:00,2026-07-29T06:00,0.7,0.7,22.7,96,20.9,53,100,0.7,0.7,22.8,95,19.5,53,100,0.7,0.7,22.9,94,18.4,53,100,0.7,0.7,22.8,95.0,19.6,53,100.0,light,Drizzle,"Open-Meteo historical weather archive (ERA5-based reanalysis, ~9 km grid)",measured (Open-Meteo reanalysis)
2026-07-29,6,2026-07-29T06:00,06:00-07:00,2026-07-29T07:00,0.5,0.5,22.9,95,20.5,53,100,0.6,0.6,23.0,94,19.6,53,100,0.6,0.6,23.1,93,18.5,53,100,0.57,0.57,23.0,94.0,19.53,53,100.0,light,Drizzle,"Open-Meteo historical weather archive (ERA5-based reanalysis, ~9 km grid)",measured (Open-Meteo reanalysis)
2026-07-29,7,2026-07-29T07:00,07:00-08:00,2026-07-29T08:00,0.8,0.8,23.2,95,22.0,53,100,0.8,0.8,23.2,94,20.9,53,100,0.8,0.8,23.4,93,19.8,53,100,0.8,0.8,23.27,94.0,20.9,53,100.0,light,Drizzle,"Open-Meteo historical weather archive (ERA5-based reanalysis, ~9 km grid)",measured (Open-Meteo reanalysis)
2026-07-29,8,2026-07-29T08:00,08:00-09:00,2026-07-29T09:00,0.8,0.8,23.2,94,22.3,53,100,0.8,0.8,23.4,94,20.7,53,100,0.9,0.9,23.6,92,19.3,53,100,0.83,0.83,23.4,93.33,20.77,53,100.0,light,Drizzle,"Open-Meteo historical weather archive (ERA5-based reanalysis, ~9 km grid)",measured (Open-Meteo reanalysis)
2026-07-29,9,2026-07-29T09:00,09:00-10:00,2026-07-29T10:00,0.5,0.5,23.8,93,20.9,53,100,1.0,1.0,23.8,93,19.3,55,100,1.3,1.3,23.9,91,18.0,61,100,0.93,0.93,23.83,92.33,19.4,61,100.0,light,Light rain,"Open-Meteo historical weather archive (ERA5-based reanalysis, ~9 km grid)",measured (Open-Meteo reanalysis)
2026-07-29,10,2026-07-29T10:00,10:00-11:00,2026-07-29T11:00,0.4,0.4,24.1,90,18.9,51,100,0.5,0.5,23.8,91,17.8,53,100,0.8,0.8,24.0,91,16.6,53,100,0.57,0.57,23.97,90.67,17.77,53,100.0,light,Drizzle,"Open-Meteo historical weather archive (ERA5-based reanalysis, ~9 km grid)",measured (Open-Meteo reanalysis)
2026-07-29,11,2026-07-29T11:00,11:00-12:00,2026-07-29T12:00,1.1,1.1,24.3,89,19.3,55,100,1.0,1.0,24.2,91,18.0,55,100,1.0,1.0,24.5,88,17.3,55,100,1.03,1.03,24.33,89.33,18.2,55,100.0,moderate,Dense drizzle,"Open-Meteo historical weather archive (ERA5-based reanalysis, ~9 km grid)",measured (Open-Meteo reanalysis)
2026-07-29,12,2026-07-29T12:00,12:00-13:00,2026-07-29T13:00,0.9,0.9,24.7,91,21.3,53,100,0.9,0.9,24.9,89,18.8,53,100,1.1,1.1,25.2,87,15.4,55,100,0.97,0.97,24.93,89.0,18.5,55,100.0,light,Dense drizzle,"Open-Meteo historical weather archive (ERA5-based reanalysis, ~9 km grid)",measured (Open-Meteo reanalysis)
2026-07-29,13,2026-07-29T13:00,13:00-14:00,2026-07-29T14:00,0.7,0.7,24.5,92,22.2,53,100,0.6,0.6,24.9,89,17.6,53,100,0.8,0.8,25.1,86,15.8,53,100,0.7,0.7,24.83,89.0,18.53,53,100.0,light,Drizzle,"Open-Meteo historical weather archive (ERA5-based reanalysis, ~9 km grid)",measured (Open-Meteo reanalysis)
2026-07-29,14,2026-07-29T14:00,14:00-15:00,2026-07-29T15:00,0.7,0.7,24.9,91,21.3,53,100,0.5,0.5,25.4,85,19.8,53,100,0.5,0.5,25.5,83,16.9,53,100,0.57,0.57,25.27,86.33,19.33,53,100.0,light,Drizzle,"Open-Meteo historical weather archive (ERA5-based reanalysis, ~9 km grid)",measured (Open-Meteo reanalysis)
2026-07-29,15,2026-07-29T15:00,15:00-16:00,2026-07-29T16:00,0.4,0.4,24.9,91,20.2,51,100,0.4,0.4,25.2,87,18.2,51,100,0.5,0.5,25.4,84,15.8,53,100,0.43,0.43,25.17,87.33,18.07,53,100.0,light,Drizzle,"Open-Meteo historical weather archive (ERA5-based reanalysis, ~9 km grid)",measured (Open-Meteo reanalysis)
2026-07-29,16,2026-07-29T16:00,16:00-17:00,2026-07-29T17:00,0.4,0.4,24.1,94,18.2,51,100,0.3,0.3,24.4,93,17.5,51,100,0.3,0.3,24.9,89,15.7,51,100,0.33,0.33,24.47,92.0,17.13,51,100.0,light,Light drizzle,"Open-Meteo historical weather archive (ERA5-based reanalysis, ~9 km grid)",measured (Open-Meteo reanalysis)
2026-07-29,17,2026-07-29T17:00,17:00-18:00,2026-07-29T18:00,1.3,1.3,23.6,94,20.1,61,100,1.6,1.6,23.7,94,19.7,61,100,0.5,0.5,24.1,91,16.1,53,100,1.13,1.13,23.8,93.0,18.63,61,100.0,moderate,Light rain,"Open-Meteo historical weather archive (ERA5-based reanalysis, ~9 km grid)",measured (Open-Meteo reanalysis)
2026-07-29,18,2026-07-29T18:00,18:00-19:00,2026-07-29T19:00,2.1,2.1,22.6,96,19.2,61,100,1.7,1.7,22.4,95,19.6,61,100,1.5,1.5,22.7,94,18.0,61,100,1.77,1.77,22.57,95.0,18.93,61,100.0,moderate,Light rain,"Open-Meteo historical weather archive (ERA5-based reanalysis, ~9 km grid)",measured (Open-Meteo reanalysis)
2026-07-29,19,2026-07-29T19:00,19:00-20:00,2026-07-29T20:00,1.5,1.5,23.2,94,21.1,61,100,1.9,1.9,23.1,94,18.6,61,100,1.1,1.1,23.2,94,17.3,55,100,1.5,1.5,23.17,94.0,19.0,61,100.0,moderate,Light rain,"Open-Meteo historical weather archive (ERA5-based reanalysis, ~9 km grid)",measured (Open-Meteo reanalysis)
2026-07-29,20,2026-07-29T20:00,20:00-21:00,2026-07-29T21:00,1.7,1.7,23.3,95,21.8,61,100,1.6,1.6,23.4,95,20.0,61,100,1.2,1.2,23.5,94,18.4,55,100,1.5,1.5,23.4,94.67,20.07,61,100.0,moderate,Light rain,"Open-Meteo historical weather archive (ERA5-based reanalysis, ~9 km grid)",measured (Open-Meteo reanalysis)
2026-07-29,21,2026-07-29T21:00,21:00-22:00,2026-07-29T22:00,0.4,0.4,23.4,94,23.0,51,100,0.8,0.8,23.5,94,21.8,53,100,0.7,0.7,23.7,93,20.2,53,100,0.63,0.63,23.53,93.67,21.67,53,100.0,light,Drizzle,"Open-Meteo historical weather archive (ERA5-based reanalysis, ~9 km grid)",measured (Open-Meteo reanalysis)
2026-07-29,22,2026-07-29T22:00,22:00-23:00,2026-07-29T23:00,0.1,0.1,23.3,95,21.6,51,100,0.1,0.1,23.3,95,20.9,51,100,0.1,0.1,23.5,94,19.8,51,100,0.1,0.1,23.37,94.67,20.77,51,100.0,light,Light drizzle,"Open-Meteo historical weather archive (ERA5-based reanalysis, ~9 km grid)",measured (Open-Meteo reanalysis)
2026-07-29,23,2026-07-29T23:00,23:00-24:00,2026-07-30T00:00,0.2,0.2,23.2,94,23.6,51,100,0.2,0.2,23.3,94,21.1,51,100,0.2,0.2,23.6,92,19.4,51,100,0.2,0.2,23.37,93.33,21.37,51,100.0,light,Light drizzle,"Open-Meteo historical weather archive (ERA5-based reanalysis, ~9 km grid)",measured (Open-Meteo reanalysis)
2026-07-30,0,2026-07-30T00:00,00:00-01:00,2026-07-30T01:00,0.4,0.4,23.0,94,22.7,51,100,0.3,0.3,23.2,94,21.6,51,100,0.3,0.3,23.5,91,20.3,51,100,0.33,0.33,23.23,93.0,21.53,51,100.0,light,Light drizzle,"Open-Meteo historical weather archive (ERA5-based reanalysis, ~9 km grid)",measured (Open-Meteo reanalysis)
2026-07-30,1,2026-07-30T01:00,01:00-02:00,2026-07-30T02:00,0.2,0.2,22.9,94,23.8,51,100,0.3,0.3,23.0,94,22.5,51,100,0.3,0.3,23.4,92,20.7,51,100,0.27,0.27,23.1,93.33,22.33,51,100.0,light,Light drizzle,"Open-Meteo historical weather archive (ERA5-based reanalysis, ~9 km grid)",measured (Open-Meteo reanalysis)
2026-07-30,2,2026-07-30T02:00,02:00-03:00,2026-07-30T03:00,0.1,0.1,22.8,94,25.2,51,100,0.1,0.1,23.0,92,23.2,51,100,0.1,0.1,23.3,90,20.5,51,100,0.1,0.1,23.03,92.0,22.97,51,100.0,light,Light drizzle,"Open-Meteo historical weather archive (ERA5-based reanalysis, ~9 km grid)",measured (Open-Meteo reanalysis)
2026-07-30,3,2026-07-30T03:00,03:00-04:00,2026-07-30T04:00,0.0,0.0,22.8,92,26.1,3,100,0.0,0.0,23.0,92,23.6,3,100,0.0,0.0,23.3,89,20.5,3,100,0.0,0.0,23.03,91.0,23.4,3,100.0,dry,Overcast,"Open-Meteo historical weather archive (ERA5-based reanalysis, ~9 km grid)",measured (Open-Meteo reanalysis)
2026-07-30,4,2026-07-30T04:00,04:00-05:00,2026-07-30T05:00,0.0,0.0,23.0,93,25.1,3,100,0.0,0.0,23.2,91,22.8,3,100,0.0,0.0,23.6,89,20.2,3,100,0.0,0.0,23.27,91.0,22.7,3,100.0,dry,Overcast,"Open-Meteo historical weather archive (ERA5-based reanalysis, ~9 km grid)",measured (Open-Meteo reanalysis)
2026-07-30,5,2026-07-30T05:00,05:00-06:00,2026-07-30T06:00,0.2,0.2,22.8,94,24.8,51,100,0.2,0.2,23.1,92,22.5,51,100,0.2,0.2,23.4,90,19.9,51,100,0.2,0.2,23.1,92.0,22.4,51,100.0,light,Light drizzle,"Open-Meteo historical weather archive (ERA5-based reanalysis, ~9 km grid)",measured (Open-Meteo reanalysis)
2026-07-30,6,2026-07-30T06:00,06:00-07:00,2026-07-30T07:00,0.2,0.2,23.0,94,24.7,51,100,0.1,0.1,23.2,92,21.9,51,100,0.1,0.1,23.5,90,19.4,51,100,0.13,0.13,23.23,92.0,22.0,51,100.0,light,Light drizzle,"Open-Meteo historical weather archive (ERA5-based reanalysis, ~9 km grid)",measured (Open-Meteo reanalysis)
2026-07-30,7,2026-07-30T07:00,07:00-08:00,2026-07-30T08:00,0.8,0.8,23.1,94,26.1,53,100,0.3,0.3,23.5,91,24.4,51,100,0.3,0.3,23.7,89,22.0,51,100,0.47,0.47,23.43,91.33,24.17,53,100.0,light,Drizzle,"Open-Meteo historical weather archive (ERA5-based reanalysis, ~9 km grid)",measured (Open-Meteo reanalysis)
2026-07-30,8,2026-07-30T08:00,08:00-09:00,2026-07-30T09:00,2.3,2.3,23.3,94,25.4,61,100,2.4,2.4,23.4,93,25.0,61,100,3.7,3.7,23.4,93,24.3,63,100,2.8,2.8,23.37,93.33,24.9,63,100.0,moderate,Rain,"Open-Meteo historical weather archive (ERA5-based reanalysis, ~9 km grid)",measured (Open-Meteo reanalysis)
2026-07-30,9,2026-07-30T09:00,09:00-10:00,2026-07-30T10:00,1.3,1.3,23.6,94,26.5,61,100,1.2,1.2,23.7,93,24.4,55,100,1.2,1.2,23.8,92,23.6,55,100,1.23,1.23,23.7,93.0,24.83,61,100.0,moderate,Light rain,"Open-Meteo historical weather archive (ERA5-based reanalysis, ~9 km grid)",measured (Open-Meteo reanalysis)
2026-07-30,10,2026-07-30T10:00,10:00-11:00,2026-07-30T11:00,0.8,0.8,23.5,93,27.4,53,100,0.6,0.6,23.6,92,23.5,53,100,0.5,0.5,24.0,90,21.0,53,100,0.63,0.63,23.7,91.67,23.97,53,100.0,light,Drizzle,"Open-Meteo historical weather archive (ERA5-based reanalysis, ~9 km grid)",measured (Open-Meteo reanalysis)
2026-07-30,11,2026-07-30T11:00,11:00-12:00,2026-07-30T12:00,0.7,0.7,23.7,93,26.3,53,100,0.8,0.8,24.0,89,23.2,53,100,0.9,0.9,24.4,87,19.2,53,100,0.8,0.8,24.03,89.67,22.9,53,100.0,light,Drizzle,"Open-Meteo historical weather archive (ERA5-based reanalysis, ~9 km grid)",measured (Open-Meteo reanalysis)
2026-07-30,12,2026-07-30T12:00,12:00-13:00,2026-07-30T13:00,0.8,0.8,24.2,91,25.6,53,100,1.2,1.2,24.3,88,22.5,55,100,1.0,1.0,25.0,83,19.4,55,100,1.0,1.0,24.5,87.33,22.5,55,100.0,moderate,Dense drizzle,"Open-Meteo historical weather archive (ERA5-based reanalysis, ~9 km grid)",measured (Open-Meteo reanalysis)
2026-07-30,13,2026-07-30T13:00,13:00-14:00,2026-07-30T14:00,1.2,1.2,24.1,92,24.3,55,100,1.4,1.4,24.3,88,20.9,61,100,1.5,1.5,24.9,83,17.3,61,100,1.37,1.37,24.43,87.67,20.83,61,100.0,moderate,Light rain,"Open-Meteo historical weather archive (ERA5-based reanalysis, ~9 km grid)",measured (Open-Meteo reanalysis)
2026-07-30,14,2026-07-30T14:00,14:00-15:00,2026-07-30T15:00,1.1,1.1,24.3,92,21.7,55,100,1.1,1.1,24.2,91,21.5,55,100,1.1,1.1,24.6,87,18.5,55,100,1.1,1.1,24.37,90.0,20.57,55,100.0,moderate,Dense drizzle,"Open-Meteo historical weather archive (ERA5-based reanalysis, ~9 km grid)",measured (Open-Meteo reanalysis)
2026-07-30,15,2026-07-30T15:00,15:00-16:00,2026-07-30T16:00,1.0,1.0,24.3,92,22.0,55,100,0.6,0.6,24.5,90,21.2,53,100,0.6,0.6,24.8,87,18.3,53,100,0.73,0.73,24.53,89.67,20.5,55,100.0,light,Dense drizzle,"Open-Meteo historical weather archive (ERA5-based reanalysis, ~9 km grid)",measured (Open-Meteo reanalysis)
2026-07-30,16,2026-07-30T16:00,16:00-17:00,2026-07-30T17:00,0.9,0.9,24.0,93,20.5,53,100,0.6,0.6,24.5,90,18.5,53,100,0.5,0.5,24.9,86,17.1,53,100,0.67,0.67,24.47,89.67,18.7,53,100.0,light,Drizzle,"Open-Meteo historical weather archive (ERA5-based reanalysis, ~9 km grid)",measured (Open-Meteo reanalysis)
2026-07-30,17,2026-07-30T17:00,17:00-18:00,2026-07-30T18:00,1.6,1.6,23.8,92,21.1,61,100,0.8,0.8,24.1,91,18.9,53,100,0.7,0.7,24.5,88,17.6,53,100,1.03,1.03,24.13,90.33,19.2,61,100.0,moderate,Light rain,"Open-Meteo historical weather archive (ERA5-based reanalysis, ~9 km grid)",measured (Open-Meteo reanalysis)
2026-07-30,18,2026-07-30T18:00,18:00-19:00,2026-07-30T19:00,1.1,1.1,23.4,93,19.7,55,100,0.7,0.7,23.7,91,18.9,53,100,0.7,0.7,24.2,89,17.5,53,100,0.83,0.83,23.77,91.0,18.7,55,100.0,light,Dense drizzle,"Open-Meteo historical weather archive (ERA5-based reanalysis, ~9 km grid)",measured (Open-Meteo reanalysis)
2026-07-30,19,2026-07-30T19:00,19:00-20:00,2026-07-30T20:00,1.0,1.0,23.3,93,19.8,55,100,0.3,0.3,23.3,92,18.0,51,100,0.3,0.3,23.8,89,16.9,51,100,0.53,0.53,23.47,91.33,18.23,55,100.0,light,Dense drizzle,"Open-Meteo historical weather archive (ERA5-based reanalysis, ~9 km grid)",measured (Open-Meteo reanalysis)
2026-07-30,20,2026-07-30T20:00,20:00-21:00,2026-07-30T21:00,0.7,0.7,23.3,93,20.4,53,99,0.3,0.3,23.5,92,19.4,51,100,0.3,0.3,24.0,89,16.2,51,100,0.43,0.43,23.6,91.33,18.67,53,99.67,light,Drizzle,"Open-Meteo historical weather archive (ERA5-based reanalysis, ~9 km grid)",measured (Open-Meteo reanalysis)
2026-07-30,21,2026-07-30T21:00,21:00-22:00,2026-07-30T22:00,0.3,0.3,23.4,93,21.5,51,100,0.1,0.1,23.6,91,19.3,51,99,0.1,0.1,24.1,88,16.2,51,100,0.17,0.17,23.7,90.67,19.0,51,99.67,light,Light drizzle,"Open-Meteo historical weather archive (ERA5-based reanalysis, ~9 km grid)",measured (Open-Meteo reanalysis)
2026-07-30,22,2026-07-30T22:00,22:00-23:00,2026-07-30T23:00,0.7,0.7,23.0,94,20.0,53,100,0.5,0.5,23.3,93,17.7,53,100,0.5,0.5,23.7,90,16.8,53,100,0.57,0.57,23.33,92.33,18.17,53,100.0,light,Drizzle,"Open-Meteo historical weather archive (ERA5-based reanalysis, ~9 km grid)",measured (Open-Meteo reanalysis)
2026-07-30,23,2026-07-30T23:00,23:00-24:00,2026-07-31T00:00,0.6,0.6,23.0,95,21.6,53,100,0.3,0.3,23.2,94,20.5,51,100,0.4,0.4,23.6,90,18.6,51,100,0.43,0.43,23.27,93.0,20.23,53,100.0,light,Drizzle,"Open-Meteo historical weather archive (ERA5-based reanalysis, ~9 km grid)",measured (Open-Meteo reanalysis)
2026-07-31,0,2026-07-31T00:00,00:00-01:00,2026-07-31T01:00,0.3,0.3,22.8,94,24.0,51,100,0.4,0.4,23.0,93,21.6,51,100,0.4,0.4,23.4,90,19.3,51,100,0.37,0.37,23.07,92.33,21.63,51,100.0,light,Light drizzle,"Open-Meteo historical weather archive (ERA5-based reanalysis, ~9 km grid)",measured (Open-Meteo reanalysis)
2026-07-31,1,2026-07-31T01:00,01:00-02:00,2026-07-31T02:00,0.2,0.2,22.8,94,23.4,51,100,0.1,0.1,23.1,92,20.9,51,100,0.1,0.1,23.4,90,18.0,51,100,0.13,0.13,23.1,92.0,20.77,51,100.0,light,Light drizzle,"Open-Meteo historical weather archive (ERA5-based reanalysis, ~9 km grid)",measured (Open-Meteo reanalysis)
2026-07-31,2,2026-07-31T02:00,02:00-03:00,2026-07-31T03:00,0.1,0.1,22.9,93,25.3,51,100,0.1,0.1,23.1,91,22.3,51,100,0.1,0.1,23.5,89,18.7,51,100,0.1,0.1,23.17,91.0,22.1,51,100.0,light,Light drizzle,"Open-Meteo historical weather archive (ERA5-based reanalysis, ~9 km grid)",measured (Open-Meteo reanalysis)
2026-07-31,3,2026-07-31T03:00,03:00-04:00,2026-07-31T04:00,0.4,0.4,22.7,94,25.8,51,100,0.4,0.4,22.9,93,22.8,51,100,0.3,0.3,23.3,90,19.7,51,100,0.37,0.37,22.97,92.33,22.77,51,100.0,light,Light drizzle,"Open-Meteo historical weather archive (ERA5-based reanalysis, ~9 km grid)",measured (Open-Meteo reanalysis)
2026-07-31,4,2026-07-31T04:00,04:00-05:00,2026-07-31T05:00,0.1,0.1,23.2,89,24.8,51,100,0.2,0.2,23.5,87,22.0,51,100,0.2,0.2,23.8,85,19.7,51,100,0.17,0.17,23.5,87.0,22.17,51,100.0,light,Light drizzle,"Open-Meteo historical weather archive (ERA5-based reanalysis, ~9 km grid)",measured (Open-Meteo reanalysis)
2026-07-31,5,2026-07-31T05:00,05:00-06:00,2026-07-31T06:00,0.0,0.0,23.4,87,24.3,3,100,0.0,0.0,23.6,85,21.6,3,99,0.0,0.0,23.8,85,19.1,3,100,0.0,0.0,23.6,85.67,21.67,3,99.67,dry,Overcast,"Open-Meteo historical weather archive (ERA5-based reanalysis, ~9 km grid)",measured (Open-Meteo reanalysis)
2026-07-31,6,2026-07-31T06:00,06:00-07:00,2026-07-31T07:00,0.0,0.0,24.0,85,22.1,3,98,0.0,0.0,24.3,83,19.9,3,96,0.0,0.0,24.4,83,18.8,3,98,0.0,0.0,24.23,83.67,20.27,3,97.33,dry,Overcast,"Open-Meteo historical weather archive (ERA5-based reanalysis, ~9 km grid)",measured (Open-Meteo reanalysis)
2026-07-31,7,2026-07-31T07:00,07:00-08:00,2026-07-31T08:00,0.0,0.0,26.1,76,28.5,3,89,0.0,0.0,25.8,77,23.3,3,86,0.0,0.0,25.5,79,18.9,3,89,0.0,0.0,25.8,77.33,23.57,3,88.0,dry,Overcast,"Open-Meteo historical weather archive (ERA5-based reanalysis, ~9 km grid)",measured (Open-Meteo reanalysis)
2026-07-31,8,2026-07-31T08:00,08:00-09:00,2026-07-31T09:00,0.0,0.0,27.8,68,30.8,3,95,0.0,0.0,27.7,67,28.4,3,80,0.0,0.0,27.5,68,24.2,2,78,0.0,0.0,27.67,67.67,27.8,3,84.33,dry,Overcast,"Open-Meteo historical weather archive (ERA5-based reanalysis, ~9 km grid)",measured (Open-Meteo reanalysis)
2026-07-31,9,2026-07-31T09:00,09:00-10:00,2026-07-31T10:00,0.0,0.0,28.9,64,27.9,3,88,0.0,0.0,28.8,63,26.8,2,71,0.0,0.0,28.7,62,24.1,2,67,0.0,0.0,28.8,63.0,26.27,3,75.33,dry,Overcast,"Open-Meteo historical weather archive (ERA5-based reanalysis, ~9 km grid)",measured (Open-Meteo reanalysis)
2026-07-31,10,2026-07-31T10:00,10:00-11:00,2026-07-31T11:00,0.0,0.0,28.4,63,31.2,3,100,0.0,0.0,28.4,63,27.3,3,100,0.0,0.0,28.6,63,23.7,3,100,0.0,0.0,28.47,63.0,27.4,3,100.0,dry,Overcast,"Open-Meteo historical weather archive (ERA5-based reanalysis, ~9 km grid)",measured (Open-Meteo reanalysis)
2026-07-31,11,2026-07-31T11:00,11:00-12:00,2026-07-31T12:00,0.0,0.0,28.4,63,30.4,1,44,0.0,0.0,27.7,67,26.4,2,70,0.1,0.1,27.6,67,21.8,51,85,0.03,0.03,27.9,65.67,26.2,51,66.33,dry,Light drizzle,"Open-Meteo historical weather archive (ERA5-based reanalysis, ~9 km grid)",measured (Open-Meteo reanalysis)
2026-07-31,12,2026-07-31T12:00,12:00-13:00,2026-07-31T13:00,0.1,0.1,29.2,62,28.2,51,71,0.1,0.1,28.8,62,24.9,51,74,0.1,0.1,28.6,63,20.9,51,80,0.1,0.1,28.87,62.33,24.67,51,75.0,light,Light drizzle,"Open-Meteo historical weather archive (ERA5-based reanalysis, ~9 km grid)",measured (Open-Meteo reanalysis)
2026-07-31,13,2026-07-31T13:00,13:00-14:00,2026-07-31T14:00,0.2,0.2,29.3,61,26.4,51,88,0.3,0.3,29.3,60,23.1,51,93,0.3,0.3,29.2,61,19.9,51,95,0.27,0.27,29.27,60.67,23.13,51,92.0,light,Light drizzle,"Open-Meteo historical weather archive (ERA5-based reanalysis, ~9 km grid)",measured (Open-Meteo reanalysis)
2026-07-31,14,2026-07-31T14:00,14:00-15:00,2026-07-31T15:00,0.2,0.2,29.4,62,24.3,51,95,0.3,0.3,29.4,61,21.5,51,94,0.4,0.4,29.4,61,18.2,51,97,0.3,0.3,29.4,61.33,21.33,51,95.33,light,Light drizzle,"Open-Meteo historical weather archive (ERA5-based reanalysis, ~9 km grid)",measured (Open-Meteo reanalysis)
2026-07-31,15,2026-07-31T15:00,15:00-16:00,2026-07-31T16:00,0.1,0.1,29.1,65,21.2,51,88,0.1,0.1,28.8,66,18.2,51,94,0.2,0.2,28.7,66,15.1,51,97,0.13,0.13,28.87,65.67,18.17,51,93.0,light,Light drizzle,"Open-Meteo historical weather archive (ERA5-based reanalysis, ~9 km grid)",measured (Open-Meteo reanalysis)
2026-07-31,16,2026-07-31T16:00,16:00-17:00,2026-07-31T17:00,0.0,0.0,27.5,74,19.8,1,29,0.0,0.0,27.4,74,17.1,1,41,0.0,0.0,27.2,75,13.7,3,81,0.0,0.0,27.37,74.33,16.87,3,50.33,dry,Overcast,"Open-Meteo historical weather archive (ERA5-based reanalysis, ~9 km grid)",measured (Open-Meteo reanalysis)
2026-07-31,17,2026-07-31T17:00,17:00-18:00,2026-07-31T18:00,0.1,0.1,25.7,80,18.7,51,52,0.1,0.1,25.7,79,15.9,51,60,0.1,0.1,26.2,77,14.6,51,65,0.1,0.1,25.87,78.67,16.4,51,59.0,light,Light drizzle,"Open-Meteo historical weather archive (ERA5-based reanalysis, ~9 km grid)",measured (Open-Meteo reanalysis)
2026-07-31,18,2026-07-31T18:00,18:00-19:00,2026-07-31T19:00,0.0,0.0,25.4,82,19.1,2,77,0.0,0.0,25.5,81,18.1,3,83,0.0,0.0,25.6,82,15.2,3,89,0.0,0.0,25.5,81.67,17.47,3,83.0,dry,Overcast,"Open-Meteo historical weather archive (ERA5-based reanalysis, ~9 km grid)",measured (Open-Meteo reanalysis)
2026-07-31,19,2026-07-31T19:00,19:00-20:00,2026-07-31T20:00,0.0,0.0,25.0,82,16.1,3,92,0.0,0.0,25.0,83,13.8,3,93,0.0,0.0,25.2,82,12.6,3,90,0.0,0.0,25.07,82.33,14.17,3,91.67,dry,Overcast,"Open-Meteo historical weather archive (ERA5-based reanalysis, ~9 km grid)",measured (Open-Meteo reanalysis)
2026-07-31,20,2026-07-31T20:00,20:00-21:00,2026-07-31T21:00,0.0,0.0,24.8,83,12.9,3,91,0.0,0.0,24.7,85,11.5,3,92,0.0,0.0,24.9,85,10.8,3,85,0.0,0.0,24.8,84.33,11.73,3,89.33,dry,Overcast,"Open-Meteo historical weather archive (ERA5-based reanalysis, ~9 km grid)",measured (Open-Meteo reanalysis)
2026-07-31,21,2026-07-31T21:00,21:00-22:00,2026-07-31T22:00,0.0,0.0,24.4,86,12.6,2,67,0.0,0.0,24.4,88,12.0,2,68,0.0,0.0,24.6,87,11.1,2,64,0.0,0.0,24.47,87.0,11.9,2,66.33,dry,Partly cloudy,"Open-Meteo historical weather archive (ERA5-based reanalysis, ~9 km grid)",measured (Open-Meteo reanalysis)
2026-07-31,22,2026-07-31T22:00,22:00-23:00,2026-07-31T23:00,0.0,0.0,24.4,86,16.0,3,100,0.0,0.0,24.4,87,14.4,3,100,0.0,0.0,24.6,87,13.5,3,95,0.0,0.0,24.47,86.67,14.63,3,98.33,dry,Overcast,"Open-Meteo historical weather archive (ERA5-based reanalysis, ~9 km grid)",measured (Open-Meteo reanalysis)
2026-07-31,23,2026-07-31T23:00,23:00-24:00,2026-08-01T00:00,0.0,0.0,24.5,85,16.6,3,100,0.0,0.0,24.5,86,15.0,3,100,0.0,0.0,24.5,86,13.4,3,100,0.0,0.0,24.5,85.67,15.0,3,100.0,dry,Overcast,"Open-Meteo historical weather archive (ERA5-based reanalysis, ~9 km grid)",measured (Open-Meteo reanalysis)
